{
  "limits": {},
  "params": {
    "dvq_max": 1280.1456160421824,
    "integrator_limit": 2.464917239650494,
    "k_age": 0.3838751542487009,
    "ki": 0.9745312021380641,
    "kp": 2.685108337821312,
    "tau_action": 0.02472913351876434,
    "vq_max": 210.65817207104192
  },
  "policy_id": "mic_rule_search_30_s1",
  "policy_type": "mic_rule",
  "testsuite_overrides": {
    "controller": "foc",
    "dt": 0.001,
    "duration": 0.2,
    "log_root": "logs",
    "run_prefix": "iter_30_s1",
    "seed": 1
  },
  "with_identification": true
}
