{
  "limits": {},
  "params": {
    "dvq_max": 2735.9994455364363,
    "integrator_limit": 2.9485835190271645,
    "k_age": -0.19809688378064405,
    "ki": 0.9581730383039722,
    "kp": 1.7838928089230623,
    "tau_action": 0.03673754956093076,
    "vq_max": 171.1842388252834
  },
  "policy_id": "mic_rule_search_43_s0",
  "policy_type": "mic_rule",
  "testsuite_overrides": {
    "controller": "foc",
    "dt": 0.001,
    "duration": 0.2,
    "log_root": "logs",
    "run_prefix": "iter_43_s0",
    "seed": 0
  },
  "with_identification": true
}
