{
  "limits": {},
  "params": {
    "dvq_max": 1225.823756006895,
    "integrator_limit": 2.057461591964307,
    "k_age": -0.11509885402733955,
    "ki": 1.1752341283508727,
    "kp": 3.055609577010777,
    "tau_action": 0.028782550708244425,
    "vq_max": 191.55442338997275
  },
  "policy_id": "mic_rule_search_10_s2",
  "policy_type": "mic_rule",
  "testsuite_overrides": {
    "controller": "foc",
    "dt": 0.001,
    "duration": 0.2,
    "log_root": "logs",
    "run_prefix": "iter_10_s2",
    "seed": 2
  },
  "with_identification": true
}
