{
  "limits": {},
  "params": {
    "dvq_max": 711.6739228002779,
    "integrator_limit": 1.8144997121499085,
    "k_age": 0.1388785175004733,
    "ki": 1.2534840936137346,
    "kp": 4.6064753377148895,
    "tau_action": 0.0032917338638650488,
    "vq_max": 236.9472625775633
  },
  "policy_id": "mic_rule_search_44_s2",
  "policy_type": "mic_rule",
  "testsuite_overrides": {
    "controller": "foc",
    "dt": 0.001,
    "duration": 0.2,
    "log_root": "logs",
    "run_prefix": "iter_44_s2",
    "seed": 2
  },
  "with_identification": true
}
