{
  "limits": {},
  "params": {
    "dvq_max": 2082.7218997957507,
    "integrator_limit": 3.562557160180949,
    "k_age": -0.311998705949172,
    "ki": 1.6180917147207248,
    "kp": 2.387771953227366,
    "tau_action": 0.04997101797276652,
    "vq_max": 217.4897918836511
  },
  "policy_id": "mic_rule_search_31_s2",
  "policy_type": "mic_rule",
  "testsuite_overrides": {
    "controller": "foc",
    "dt": 0.001,
    "duration": 0.2,
    "log_root": "logs",
    "run_prefix": "iter_31_s2",
    "seed": 2
  },
  "with_identification": true
}
