{
  "limits": {},
  "params": {
    "dvq_max": 2138.4046616868236,
    "integrator_limit": 3.6844791209178585,
    "k_age": 0.24913482339086312,
    "ki": 1.8768775994698372,
    "kp": 4.7378625154329805,
    "tau_action": 0.035066240879742985,
    "vq_max": 125.04054383608094
  },
  "policy_id": "mic_rule_search_37_s1",
  "policy_type": "mic_rule",
  "testsuite_overrides": {
    "controller": "foc",
    "dt": 0.001,
    "duration": 0.2,
    "log_root": "logs",
    "run_prefix": "iter_37_s1",
    "seed": 1
  },
  "with_identification": true
}
