{
  "limits": {},
  "params": {
    "dvq_max": 2832.084560567267,
    "integrator_limit": 2.0678935000244962,
    "k_age": -0.17994539532745424,
    "ki": 1.60635893855974,
    "kp": 4.840947226421703,
    "tau_action": 0.025397032126028698,
    "vq_max": 129.65349822630424
  },
  "policy_id": "mic_rule_search_8_s2",
  "policy_type": "mic_rule",
  "testsuite_overrides": {
    "controller": "foc",
    "dt": 0.001,
    "duration": 0.2,
    "log_root": "logs",
    "run_prefix": "iter_8_s2",
    "seed": 2
  },
  "with_identification": true
}
