{
  "limits": {},
  "params": {
    "dvq_max": 901.7251506568015,
    "integrator_limit": 0.6422120932606532,
    "k_age": 0.34395468569240784,
    "ki": 0.4501813073529921,
    "kp": 0.2931375639523411,
    "tau_action": 0.016529718362504015,
    "vq_max": 121.83421679636722
  },
  "policy_id": "mic_rule_search_54_s0",
  "policy_type": "mic_rule",
  "testsuite_overrides": {
    "controller": "foc",
    "dt": 0.001,
    "duration": 0.2,
    "log_root": "logs",
    "run_prefix": "iter_54_s0",
    "seed": 0
  },
  "with_identification": true
}
