{
  "limits": {},
  "params": {
    "dvq_max": 2442.750386271274,
    "integrator_limit": 1.9806332572759788,
    "k_age": 0.48845905809928947,
    "ki": 1.3586051347442498,
    "kp": 2.9659546397670447,
    "tau_action": 0.013045826772312814,
    "vq_max": 164.1997747601311
  },
  "policy_id": "mic_rule_search_46_s1",
  "policy_type": "mic_rule",
  "testsuite_overrides": {
    "controller": "foc",
    "dt": 0.001,
    "duration": 0.2,
    "log_root": "logs",
    "run_prefix": "iter_46_s1",
    "seed": 1
  },
  "with_identification": true
}
