{
  "limits": {},
  "params": {
    "dvq_max": 2087.4997747786456,
    "integrator_limit": 3.685056051446639,
    "k_age": 0.1805891325622565,
    "ki": 1.1477320735783338,
    "kp": 0.32164693254150056,
    "tau_action": 0.0013348397331102602,
    "vq_max": 184.1037561912869
  },
  "policy_id": "mic_rule_search_17_s0",
  "policy_type": "mic_rule",
  "testsuite_overrides": {
    "controller": "foc",
    "dt": 0.001,
    "duration": 0.2,
    "log_root": "logs",
    "run_prefix": "iter_17_s0",
    "seed": 0
  },
  "with_identification": true
}
