{
  "limits": {},
  "params": {
    "dvq_max": 2328.9957655634016,
    "integrator_limit": 0.8532243441613832,
    "k_age": -0.300644209532937,
    "ki": 0.07875741416938475,
    "kp": 2.567818875528448,
    "tau_action": 0.01792776506558009,
    "vq_max": 238.58821784670013
  },
  "policy_id": "mic_rule_search_21_s0",
  "policy_type": "mic_rule",
  "testsuite_overrides": {
    "controller": "foc",
    "dt": 0.001,
    "duration": 0.2,
    "log_root": "logs",
    "run_prefix": "iter_21_s0",
    "seed": 0
  },
  "with_identification": true
}
