{
  "limits": {},
  "params": {
    "dvq_max": 1895.8893402426172,
    "integrator_limit": 1.474434353257262,
    "k_age": -0.4593367263247391,
    "ki": 1.7437276714211722,
    "kp": 1.8005597715380475,
    "tau_action": 0.03404983850556217,
    "vq_max": 122.22891930547142
  },
  "policy_id": "mic_rule_search_36_s1",
  "policy_type": "mic_rule",
  "testsuite_overrides": {
    "controller": "foc",
    "dt": 0.001,
    "duration": 0.2,
    "log_root": "logs",
    "run_prefix": "iter_36_s1",
    "seed": 1
  },
  "with_identification": true
}
