{
  "limits": {},
  "params": {
    "dvq_max": 1871.7482595889733,
    "integrator_limit": 2.1695342179345096,
    "k_age": -0.23950768960804059,
    "ki": 1.9332127355415176,
    "kp": 4.573754160865701,
    "tau_action": 0.04025139135065112,
    "vq_max": 223.8371913325968
  },
  "policy_id": "mic_rule_search_5_s0",
  "policy_type": "mic_rule",
  "testsuite_overrides": {
    "controller": "foc",
    "dt": 0.001,
    "duration": 0.2,
    "log_root": "logs",
    "run_prefix": "iter_5_s0",
    "seed": 0
  },
  "with_identification": true
}
