{
  "limits": {},
  "params": {
    "dvq_max": 1733.9446661633117,
    "integrator_limit": 1.8958823977849406,
    "k_age": 0.16815320123185085,
    "ki": 1.4394093728079083,
    "kp": 0.1688043308036929,
    "tau_action": 5.714096572141392e-05,
    "vq_max": 218.98139725778796
  },
  "policy_id": "mic_rule_search_6_s2",
  "policy_type": "mic_rule",
  "testsuite_overrides": {
    "controller": "foc",
    "dt": 0.001,
    "duration": 0.2,
    "log_root": "logs",
    "run_prefix": "iter_6_s2",
    "seed": 2
  },
  "with_identification": true
}
