{
  "limits": {},
  "params": {
    "dvq_max": 1629.0294817171691,
    "integrator_limit": 0.7235028213034004,
    "k_age": 0.20200414976193715,
    "ki": 0.7170407640190779,
    "kp": 2.2129830206970165,
    "tau_action": 0.04515053537704636,
    "vq_max": 223.62947331624508
  },
  "policy_id": "mic_rule_search_47_s2",
  "policy_type": "mic_rule",
  "testsuite_overrides": {
    "controller": "foc",
    "dt": 0.001,
    "duration": 0.2,
    "log_root": "logs",
    "run_prefix": "iter_47_s2",
    "seed": 2
  },
  "with_identification": true
}
