{
  "limits": {},
  "params": {
    "dvq_max": 950.7947538242197,
    "integrator_limit": 1.409719614274912,
    "k_age": 0.14692571983532254,
    "ki": 0.2030004387483395,
    "kp": 2.1855322766374043,
    "tau_action": 0.017514698369826616,
    "vq_max": 146.4995125579581
  },
  "policy_id": "mic_rule_search_20_s0",
  "policy_type": "mic_rule",
  "testsuite_overrides": {
    "controller": "foc",
    "dt": 0.001,
    "duration": 0.2,
    "log_root": "logs",
    "run_prefix": "iter_20_s0",
    "seed": 0
  },
  "with_identification": true
}
