{
  "limits": {},
  "params": {
    "dvq_max": 2957.4730263632055,
    "integrator_limit": 1.8231118751000412,
    "k_age": -0.34866563152710894,
    "ki": 0.39594008711588446,
    "kp": 0.817137000059228,
    "tau_action": 0.049434494449287825,
    "vq_max": 185.56695147781363
  },
  "policy_id": "mic_rule_search_49_s0",
  "policy_type": "mic_rule",
  "testsuite_overrides": {
    "controller": "foc",
    "dt": 0.001,
    "duration": 0.2,
    "log_root": "logs",
    "run_prefix": "iter_49_s0",
    "seed": 0
  },
  "with_identification": true
}
