{
  "limits": {},
  "params": {
    "dvq_max": 894.2164303057771,
    "integrator_limit": 2.817685611408361,
    "k_age": -0.05464781028117016,
    "ki": 0.8364531065849321,
    "kp": 3.53896515727501,
    "tau_action": 0.012961346172361138,
    "vq_max": 125.6135623148158
  },
  "policy_id": "mic_rule_search_29_s0",
  "policy_type": "mic_rule",
  "testsuite_overrides": {
    "controller": "foc",
    "dt": 0.001,
    "duration": 0.2,
    "log_root": "logs",
    "run_prefix": "iter_29_s0",
    "seed": 0
  },
  "with_identification": true
}
