{
  "limits": {},
  "params": {
    "dvq_max": 1100.326019565885,
    "integrator_limit": 3.0955103209373225,
    "k_age": -0.45430350643158335,
    "ki": 0.024872637658628793,
    "kp": 2.8469410723822675,
    "tau_action": 0.014044158210917413,
    "vq_max": 160.30998653681527
  },
  "policy_id": "mic_rule_search_25_s2",
  "policy_type": "mic_rule",
  "testsuite_overrides": {
    "controller": "foc",
    "dt": 0.001,
    "duration": 0.2,
    "log_root": "logs",
    "run_prefix": "iter_25_s2",
    "seed": 2
  },
  "with_identification": true
}
