{
  "limits": {},
  "params": {
    "dvq_max": 1306.1507872032653,
    "integrator_limit": 2.879753190885008,
    "k_age": -0.004594075088811267,
    "ki": 0.8118137663358977,
    "kp": 0.8271698837215463,
    "tau_action": 0.04585233363799076,
    "vq_max": 225.31878994813144
  },
  "policy_id": "mic_rule_search_50_s1",
  "policy_type": "mic_rule",
  "testsuite_overrides": {
    "controller": "foc",
    "dt": 0.001,
    "duration": 0.2,
    "log_root": "logs",
    "run_prefix": "iter_50_s1",
    "seed": 1
  },
  "with_identification": true
}
