{
  "limits": {},
  "params": {
    "dvq_max": 2940.5736441226427,
    "integrator_limit": 0.8479011838354538,
    "k_age": -0.025995348862703604,
    "ki": 0.8294432179428848,
    "kp": 1.7097514790758859,
    "tau_action": 0.04204241663138358,
    "vq_max": 229.03890652761368
  },
  "policy_id": "mic_rule_search_42_s1",
  "policy_type": "mic_rule",
  "testsuite_overrides": {
    "controller": "foc",
    "dt": 0.001,
    "duration": 0.2,
    "log_root": "logs",
    "run_prefix": "iter_42_s1",
    "seed": 1
  },
  "with_identification": true
}
