{
  "limits": {},
  "params": {
    "dvq_max": 1544.6651119907362,
    "integrator_limit": 1.5048091899832883,
    "k_age": -0.4444729541103386,
    "ki": 0.25464162586557415,
    "kp": 3.2408258265560064,
    "tau_action": 0.0017966916715094483,
    "vq_max": 219.5928823954087
  },
  "policy_id": "mic_rule_search_60_s2",
  "policy_type": "mic_rule",
  "testsuite_overrides": {
    "controller": "foc",
    "dt": 0.001,
    "duration": 0.2,
    "log_root": "logs",
    "run_prefix": "iter_60_s2",
    "seed": 2
  },
  "with_identification": true
}
