{
  "limits": {},
  "params": {
    "dvq_max": 2394.009804916092,
    "integrator_limit": 2.6447061295401233,
    "k_age": -0.02346900799061924,
    "ki": 0.3734590565111102,
    "kp": 1.028017509916345,
    "tau_action": 0.004491218059779684,
    "vq_max": 198.79912667875544
  },
  "policy_id": "mic_rule_search_11_s0",
  "policy_type": "mic_rule",
  "testsuite_overrides": {
    "controller": "foc",
    "dt": 0.001,
    "duration": 0.2,
    "log_root": "logs",
    "run_prefix": "iter_11_s0",
    "seed": 0
  },
  "with_identification": true
}
