{
  "limits": {},
  "params": {
    "dvq_max": 1336.004226656254,
    "integrator_limit": 1.9504629589703655,
    "k_age": -0.4984757781432798,
    "ki": 0.7760344706250113,
    "kp": 3.606534816477136,
    "tau_action": 0.009615477062233792,
    "vq_max": 198.09994347160142
  },
  "policy_id": "mic_rule_search_27_s2",
  "policy_type": "mic_rule",
  "testsuite_overrides": {
    "controller": "foc",
    "dt": 0.001,
    "duration": 0.2,
    "log_root": "logs",
    "run_prefix": "iter_27_s2",
    "seed": 2
  },
  "with_identification": true
}
