{
  "limits": {},
  "params": {
    "dvq_max": 1039.735921163393,
    "integrator_limit": 1.8928376056080969,
    "k_age": -0.45789857210933804,
    "ki": 0.23782057310771143,
    "kp": 3.4169127374013577,
    "tau_action": 0.047398067562816004,
    "vq_max": 144.86783681004994
  },
  "policy_id": "mic_rule_search_48_s2",
  "policy_type": "mic_rule",
  "testsuite_overrides": {
    "controller": "foc",
    "dt": 0.001,
    "duration": 0.2,
    "log_root": "logs",
    "run_prefix": "iter_48_s2",
    "seed": 2
  },
  "with_identification": true
}
