{
  "limits": {},
  "params": {
    "dvq_max": 2244.176600478097,
    "integrator_limit": 1.6638765222687941,
    "k_age": -0.3993924797839038,
    "ki": 1.5891659434211518,
    "kp": 1.1802566306523599,
    "tau_action": 0.007317924445615193,
    "vq_max": 217.90957158403916
  },
  "policy_id": "mic_rule_search_16_s0",
  "policy_type": "mic_rule",
  "testsuite_overrides": {
    "controller": "foc",
    "dt": 0.001,
    "duration": 0.2,
    "log_root": "logs",
    "run_prefix": "iter_16_s0",
    "seed": 0
  },
  "with_identification": true
}
