{
  "limits": {},
  "params": {
    "dvq_max": 1507.9228661127336,
    "integrator_limit": 0.6688972680090306,
    "k_age": 0.023050231700098123,
    "ki": 0.4794121672772478,
    "kp": 2.442516878840003,
    "tau_action": 0.003543144204717375,
    "vq_max": 141.5504218849867
  },
  "policy_id": "mic_rule_search_41_s1",
  "policy_type": "mic_rule",
  "testsuite_overrides": {
    "controller": "foc",
    "dt": 0.001,
    "duration": 0.2,
    "log_root": "logs",
    "run_prefix": "iter_41_s1",
    "seed": 1
  },
  "with_identification": true
}
