{
  "limits": {},
  "params": {
    "dvq_max": 2052.6921140466684,
    "integrator_limit": 1.5075727019974001,
    "k_age": 0.4469058356578911,
    "ki": 0.7044511230310149,
    "kp": 4.770333765156215,
    "tau_action": 0.03168739261246263,
    "vq_max": 163.10414367044956
  },
  "policy_id": "mic_rule_search_26_s1",
  "policy_type": "mic_rule",
  "testsuite_overrides": {
    "controller": "foc",
    "dt": 0.001,
    "duration": 0.2,
    "log_root": "logs",
    "run_prefix": "iter_26_s1",
    "seed": 1
  },
  "with_identification": true
}
