{
  "limits": {},
  "params": {
    "dvq_max": 2123.1635622403837,
    "integrator_limit": 3.379559936859955,
    "k_age": -0.4022156581993407,
    "ki": 0.004715129438707777,
    "kp": 3.6148883022240828,
    "tau_action": 0.005945194739237292,
    "vq_max": 183.40151722317512
  },
  "policy_id": "mic_rule_search_33_s0",
  "policy_type": "mic_rule",
  "testsuite_overrides": {
    "controller": "foc",
    "dt": 0.001,
    "duration": 0.2,
    "log_root": "logs",
    "run_prefix": "iter_33_s0",
    "seed": 0
  },
  "with_identification": true
}
