{
  "limits": {},
  "params": {
    "dvq_max": 2126.9580953743434,
    "integrator_limit": 3.2731953591497827,
    "k_age": -0.36657944579745094,
    "ki": 0.9059563696358286,
    "kp": 1.4460978327543843,
    "tau_action": 0.026043276420709943,
    "vq_max": 223.36318843646833
  },
  "policy_id": "mic_rule_search_35_s2",
  "policy_type": "mic_rule",
  "testsuite_overrides": {
    "controller": "foc",
    "dt": 0.001,
    "duration": 0.2,
    "log_root": "logs",
    "run_prefix": "iter_35_s2",
    "seed": 2
  },
  "with_identification": true
}
