{
  "limits": {},
  "params": {
    "dvq_max": 705.9324704916185,
    "integrator_limit": 2.8108588251783613,
    "k_age": 0.4169412179474561,
    "ki": 0.9011262132623103,
    "kp": 2.940505552653469,
    "tau_action": 0.03966625420651121,
    "vq_max": 239.55094072242872
  },
  "policy_id": "mic_rule_search_14_s2",
  "policy_type": "mic_rule",
  "testsuite_overrides": {
    "controller": "foc",
    "dt": 0.001,
    "duration": 0.2,
    "log_root": "logs",
    "run_prefix": "iter_14_s2",
    "seed": 2
  },
  "with_identification": true
}
