t,omega,omega_ref,i_rms,p_el,p_mech
0.0005,-0.021624313667416573,125.66370391845703,0.0,0.3465271643130821,-0.0
0.001,-0.04324733093380928,125.66370391845703,0.0012608680233011926,0.3479677730120807,-0.0
0.0015,-0.06486905366182327,125.66370391845703,0.003478452469912443,0.23943770178305757,9.137253865528912e-11
0.002,-0.08648989349603653,125.66370391845703,0.05085723691083793,1.9414943790628856,7.093439917713426e-07
0.0025,-0.10811006277799606,125.66370391845703,0.08787014377498494,-2.9150350202934856,2.227164407991028e-06
0.003,-0.12972533702850342,125.66370391845703,0.00352528786791202,0.4350366239883833,-6.647237203858549e-06
0.0035,-0.15133535861968994,125.66370391845703,0.06671594003023822,-0.41582291920850156,-1.9772200937365067e-05
0.004,-0.17296631634235382,125.66370391845703,0.05335622810784046,-0.323338046465311,5.433586044526211e-05
0.0045000000000000005,-0.19458147883415222,125.66370391845703,0.042018671039894685,-0.18421550977025464,4.6710845210334495e-06
0.005000000000000001,-0.21616901457309723,125.66370391845703,0.04552530326722838,0.38710330952996186,-0.00010865020852293683
0.005500000000000001,-0.2377423346042633,125.66370391845703,0.06967611991093539,-1.1630973097807231,-0.00018098049449820672
0.006000000000000002,-0.25934380292892456,125.66370391845703,0.05070182097618812,0.052584180108454115,-4.459619402471784e-05
0.006500000000000002,-0.2809593081474304,125.66370391845703,0.05499788248729383,-0.013045285964297215,3.7644098762336777e-05
0.007000000000000003,-0.302565336227417,125.66370391845703,0.04760928247512523,-0.3277748795111886,-8.931908211233681e-06
0.007500000000000003,-0.3241523206233978,125.66370391845703,0.04256731970364115,0.2010694581780846,-0.00012452157468740313
0.008000000000000004,-0.3457302451133728,125.66370391845703,0.06632888461522453,-0.9968872965259209,-0.0001866179365316354
0.008500000000000004,-0.3673267662525177,125.66370391845703,0.05513411305649916,0.20824246812955932,-5.2212581391607235e-05
0.009000000000000005,-0.3889276087284088,125.66370391845703,0.06045659033067104,-0.07616465472555611,-1.1447231461551949e-05
0.009500000000000005,-0.4105187654495239,125.66370391845703,0.047248439485093205,-0.4969567887901092,-8.113287749948491e-05
0.010000000000000005,-0.43210431933403015,125.66370391845703,0.03514260617462008,0.1945925769625217,-0.00012262230251999746
0.010500000000000006,-0.45369791984558105,125.66370391845703,0.06481839320022657,-0.7237161104988332,-4.390037809687607e-05
0.011000000000000006,-0.47529366612434387,125.66370391845703,0.06255643580016482,0.36535857224746404,-1.3582449382661277e-05
0.011500000000000007,-0.49687179923057556,125.66370391845703,0.06726630674403397,-0.15656725433384128,-0.00017596065295872015
0.012000000000000007,-0.5184370875358582,125.66370391845703,0.04790718553955087,-0.6597338990876864,-0.00030394113927690187
0.012500000000000008,-0.5400211811065674,125.66370391845703,0.026671395714139692,0.21599654511732905,-9.923828971423793e-05
0.013000000000000008,-0.5616451501846313,125.66370391845703,0.06385618016720232,-0.3995025511830529,0.00035961379617861674
0.013500000000000009,-0.583245038986206,125.66370391845703,0.07056862058822565,0.5680377975126623,0.00010734841940405943
0.014000000000000009,-0.6047913432121277,125.66370391845703,0.07512787876051709,-0.20566875169244953,-0.0005215341143641622
0.01450000000000001,-0.6263179183006287,125.66370391845703,0.05078567812409184,-0.8108825120124021,-0.0007712014287369985
0.01500000000000001,-0.6478988528251648,125.66370391845703,0.01778079849983996,0.23945371318949848,-7.593980123428895e-05
0.01550000000000001,-0.6695671677589417,125.66370391845703,0.06328218222745985,-0.03393225473901473,0.0011082905479201104
0.01600000000000001,-0.6911762356758118,125.66370391845703,0.07878673795218917,0.8243877521858975,0.00034346648563301574
0.01650000000000001,-0.7126811146736145,125.66370391845703,0.08379273322931245,-0.21333141728918747,-0.0011124090528441327
0.01700000000000001,-0.7341545820236206,125.66370391845703,0.055842121834817536,-0.9474748295434481,-0.0015893478997204575
0.017500000000000012,-0.7557282447814941,125.66370391845703,0.008811336468207103,0.2612502253768983,-0.00010111089194644118
0.018000000000000013,-0.7774527072906494,125.66370391845703,0.06316360824655577,2.4295105963749917,0.00226041862417048
0.018500000000000013,-0.7992111444473267,125.66370391845703,0.11414367581008646,-0.5930168438936869,0.0028879217560156293
0.019000000000000013,-0.8207517862319946,125.66370391845703,0.08421733624134835,-0.7853016136203382,-0.0005881314146076763
0.019500000000000014,-0.8422309756278992,125.66370391845703,0.041981294463609334,0.28058523079534703,-0.0016174632355949671
0.020000000000000014,-0.8636579513549805,125.66370391845703,0.04118797247963568,-0.34688867976431387,-0.0025373619605681234
0.020500000000000015,-0.8852434754371643,125.66370391845703,0.02346198988897745,0.20327017651858328,0.00022867549599645491
0.021000000000000015,-0.9070259928703308,125.66370391845703,0.06373329001683041,0.010238692099265534,0.0038310427062471283
0.021500000000000016,-0.9286220669746399,125.66370391845703,0.0856193890062372,1.2327709614440112,0.00048348351429192143
0.022000000000000016,-0.9499824047088623,125.66370391845703,0.09543110130809439,-0.0052057025352762465,-0.003959140001309908
0.022500000000000017,-0.9712986350059509,125.66370391845703,0.06708685569916362,-1.0603440807016222,-0.004881075214300022
0.023000000000000017,-0.9928325414657593,125.66370391845703,0.009916863745013854,0.2047073117038658,-0.0006398285324075922
0.023500000000000017,-1.014517068862915,125.66370391845703,0.030283407239848188,1.0996454605543087,0.002426028849436801
0.024000000000000018,-1.0363037586212158,125.66370391845703,0.05776645592316002,-1.7431547675514598,0.004624726385435355
0.02450000000000002,-1.0578726530075073,125.66370391845703,0.058064440544070596,3.060712882418323,0.00013975819334071675
0.02500000000000002,-1.0792747735977173,125.66370391845703,0.12289662638322296,-0.44992802835890316,-0.0034299043302694295
0.02550000000000002,-1.100585699081421,125.66370391845703,0.07956113556815073,-1.0491215181061597,-0.0054752966687402265
0.02600000000000002,-1.1221377849578857,125.66370391845703,0.029361977121649778,0.0826635496779779,-0.0001413702004523183
0.02650000000000002,-1.1438608169555664,125.66370391845703,0.028834277320959226,0.8798067216353933,0.0037948287939498886
0.02700000000000002,-1.1657025814056396,125.66370391845703,0.050949540951456464,-1.488717168169676,0.006663600806391384
0.02750000000000002,-1.1871141195297241,125.66370391845703,0.03228750346179017,1.662730130711426,-0.0033929905259581787
0.02800000000000002,-1.2082197666168213,125.66370391845703,0.08939280128529749,-1.2172675636150452,-0.010818542920270138
0.028500000000000022,-1.2296229600906372,125.66370391845703,0.03195646628883638,-0.17755953633260557,-0.0036568065189690455
0.029000000000000022,-1.251233458518982,125.66370391845703,0.00987699061715935,0.5849691154684222,0.001494564014503707
0.029500000000000023,-1.2729846239089966,125.66370391845703,0.03692916369681531,-1.0556384386589912,0.00513587833802715
0.030000000000000023,-1.294319987297058,125.66370391845703,0.04328896956855545,2.209246054710011,-0.005508136934735268
0.030500000000000024,-1.3153612613677979,125.66370391845703,0.10050369796305257,-1.2493024848120582,-0.013299667063259768
0.031000000000000024,-1.3367050886154175,125.66370391845703,0.042612831882074924,-0.30748977955295453,-0.005394155465119965
0.03150000000000002,-1.3582590818405151,125.66370391845703,0.0049281396417744615,0.3896795747153621,0.00026508859537863384
0.03200000000000002,-1.3799558877944946,125.66370391845703,0.02676976630826209,0.0018116115023688595,0.0042440201106383095
0.03250000000000002,-1.401390552520752,125.66370391845703,0.02377847792869111,0.5745624478667021,-0.003001791580132792
0.03300000000000002,-1.4225016832351685,125.66370391845703,0.07724626930007572,0.7044290244046788,-0.012212902825803076
0.03350000000000002,-1.443983793258667,125.66370391845703,0.1097049811052601,1.966957137668866,-0.0016476777588223927
0.03400000000000002,-1.4658852815628052,125.66370391845703,0.1181051797301633,0.1462930177112547,0.01066164379204163
0.034500000000000024,-1.4878342151641846,125.66370391845703,0.08303895423697667,-0.9312839030153042,0.012267569181887348
0.035000000000000024,-1.5093722343444824,125.66370391845703,0.039323825025889755,0.2517596070978222,8.646049935296883e-05
0.035500000000000025,-1.5306100845336914,125.66370391845703,0.04276620443523828,-0.1726774556978004,-0.009065225316976224
0.036000000000000025,-1.552092432975769,125.66370391845703,0.007902284924594528,0.3073020722174693,-0.0015643660663090296
0.036500000000000025,-1.5740247964859009,125.66370391845703,0.062152858722591575,0.7183354092305111,0.012623006251691885
0.037000000000000026,-1.5959936380386353,125.66370391845703,0.055830227590918664,-0.8228125439593025,0.014004857703253607
0.037500000000000026,-1.6175086498260498,125.66370391845703,0.008549139532148767,0.6956196218523967,-0.0004471061464136443
0.03800000000000003,-1.6384831666946411,125.66370391845703,0.08380532791618275,-0.5298309188857437,-0.01812066013529
0.03850000000000003,-1.6597708463668823,125.66370391845703,0.04092387980193384,-0.05066896152800404,-0.007919820915483704
0.03900000000000003,-1.6812763214111328,125.66370391845703,0.01322657220640105,0.30863302154442285,-0.0006536572100639701
0.03950000000000003,-1.7029283046722412,125.66370391845703,0.014680816451328543,0.5449836350356838,0.004369111565383672
0.04000000000000003,-1.7246770858764648,125.66370391845703,0.02686038143207571,-0.7699533844630404,0.0078072716582189595
0.04050000000000003,-1.7457894086837769,125.66370391845703,0.06548616118178704,3.609709974419318,-0.01426992561444017
0.04100000000000003,-1.7664496898651123,125.66370391845703,0.12942410702070695,-0.7135812435415825,-0.03036791699677882
0.04150000000000003,-1.787493348121643,125.66370391845703,0.0767357031904376,-0.28103708482557005,-0.016979708961478764
0.04200000000000003,-1.8088032007217407,125.66370391845703,0.040314684445239925,0.06540876518949434,-0.007505120645875827
0.04250000000000003,-1.8302925825119019,125.66370391845703,0.017229033810146267,0.29713635244897907,-0.0009760223319225669
0.04300000000000003,-1.8519011735916138,125.66370391845703,0.010992310990018739,0.44608405378641236,0.0034767491655962246
0.04350000000000003,-1.8735871315002441,125.66370391845703,0.017930698030023843,-0.06915029549861179,0.006463434913335824
0.04400000000000003,-1.8947830200195312,125.66370391845703,0.03312756758683126,1.7936100009097489,-0.011987753578046365
0.04450000000000003,-1.915467619895935,125.66370391845703,0.10795956737965266,-0.6610981027644862,-0.03165550866683399
0.04500000000000003,-1.9368922710418701,125.66370391845703,0.08425980738295445,1.804591006345144,-0.0032907827690309213
0.045500000000000033,-1.9588568210601807,125.66370391845703,0.10366816547468174,0.3181587245691902,0.017869671594752702
0.046000000000000034,-1.9807733297348022,125.66370391845703,0.07286653962566104,-0.32311091475198706,0.016222867400156108
0.046500000000000034,-2.002028226852417,125.66370391845703,0.057759163693440224,1.3014120365395663,-0.0100423418310877
0.047000000000000035,-2.0228004455566406,125.66370391845703,0.07990461062956307,0.030315263812504933,-0.029632692543114927
0.047500000000000035,-2.0438621044158936,125.66370391845703,0.049609583726740236,-0.003877019237424173,-0.018045376148440782
0.048000000000000036,-2.0656068325042725,125.66370391845703,0.06293600539646375,2.211408927915775,0.010026691587254577
0.048500000000000036,-2.0878307819366455,125.66370391845703,0.09974908646846631,-0.7648128430264132,0.030207359917913276
0.04900000000000004,-2.109205722808838,125.66370391845703,0.06977540001793385,1.1426846965345299,-0.005251576213249431
0.04950000000000004,-2.129955768585205,125.66370391845703,0.08462332443688059,0.1735370950815767,-0.03186132990760278
0.05000000000000004,-2.1509690284729004,125.66370391845703,0.05679237955468557,0.24674361774266804,-0.020805161950881557
0.05050000000000004,-2.172161102294922,125.66370391845703,0.037707977934637184,0.3075863165806058,-0.013183209279392866
0.05100000000000004,-2.1934685707092285,125.66370391845703,0.025080729738285845,0.34545175587347215,-0.008203365724521234
0.05150000000000004,-2.2148468494415283,125.66370391845703,0.01694101434689322,0.36784749048497967,-0.005078947024179421
0.05200000000000004,-2.2362656593322754,125.66370391845703,0.01189489697798881,0.3804857145150097,-0.0032587914397852196
0.05250000000000004,-2.257704019546509,125.66370391845703,0.008959536974100651,0.38742557267123195,-0.002357853219507649
0.05300000000000004,-2.279146909713745,125.66370391845703,0.007474090483078748,0.39145119977011744,-0.0021070715404375704
0.05350000000000004,-2.300584554672241,125.66370391845703,0.007037266193469207,0.39442525352332547,-0.002318403368702246
0.05400000000000004,-2.322009563446045,125.66370391845703,0.007402575092773604,0.3975707711829725,-0.002860416136907659
0.05450000000000004,-2.343417167663574,125.66370391845703,0.008374672982486718,0.4016791780227313,-0.0036412445460662526
0.05500000000000004,-2.3648040294647217,125.66370391845703,0.009783615055685813,0.36371266772858546,-0.004596682224337673
0.05550000000000004,-2.3867104053497314,125.66370391845703,0.05614621528941615,2.2130976755839145,0.02022055603203172
0.05600000000000004,-2.4089717864990234,125.66370391845703,0.0954117297560016,-0.8744779956448866,0.03757463428727009
0.05650000000000004,-2.4301812648773193,125.66370391845703,0.07369118647046102,1.7808574617613218,-0.01315367949267802
0.057000000000000044,-2.450620412826538,125.66370391845703,0.10127265033220505,0.7439210591008043,-0.050960518950275445
0.057500000000000044,-2.4712750911712646,125.66370391845703,0.078805507341883,0.44936698155072097,-0.040664163507761676
0.058000000000000045,-2.4926838874816895,125.66370391845703,0.08088133306067628,2.2117792089179193,-0.0033778440581568652
0.058500000000000045,-2.5146241188049316,125.66370391845703,0.10440731952787949,0.41953987207030313,0.02338915677950596
0.059000000000000045,-2.5362915992736816,125.66370391845703,0.07604505959528475,0.42834218931853285,0.009826580186501689
0.059500000000000046,-2.557748556137085,125.66370391845703,0.05754514028711585,0.4709809561765073,-0.0007877253602820242
0.060000000000000046,-2.5790445804595947,125.66370391845703,0.04688117941097484,0.5165089861219789,-0.009043829241105935
0.06050000000000005,-2.6002142429351807,125.66370391845703,0.04190808079156197,0.5623899082437886,-0.015612293394990642
0.06100000000000005,-2.6212828159332275,125.66370391845703,0.04062874072223081,0.6080293776617847,-0.020976154743065738
0.06150000000000005,-2.642267942428589,125.66370391845703,0.04142788139320862,0.6535718182527135,-0.025482363545777847
0.06200000000000005,-2.663182497024536,125.66370391845703,0.04326827607543911,0.445999745689015,-0.02938042122726246
0.06250000000000004,-2.6847329139709473,125.66370391845703,0.06402213412420735,2.060079691396795,0.004590489898137679
0.06300000000000004,-2.70672345161438,125.66370391845703,0.09538264747239687,0.3792465044313781,0.028513338313683734
0.06350000000000004,-2.728292942047119,125.66370391845703,0.07079338627581816,1.0337463569205487,0.005859849760424289
0.06400000000000004,-2.7485997676849365,125.66370391845703,0.09908064688241576,1.2318459659597016,-0.06345855017015581
0.06450000000000004,-2.768949270248413,125.66370391845703,0.08717641108430717,1.1768071160721119,-0.0614830342285236
0.06500000000000004,-2.789318799972534,125.66370391845703,0.07975336415079531,0.7147886375326034,-0.06075969574344446
0.06550000000000004,-2.810481548309326,125.66370391845703,0.08379555259527341,2.1704087281294298,-0.01654774245616102
0.06600000000000004,-2.8321995735168457,125.66370391845703,0.10417740918246504,0.6251007928276597,0.014832208982281036
0.06650000000000005,-2.853463649749756,125.66370391845703,0.08239305069230715,0.7832687203082083,-0.010879720735450224
0.06700000000000005,-2.874382495880127,125.66370391845703,0.07225761887686004,0.9459476819805223,-0.0307453019628521
0.06750000000000005,-2.8950397968292236,125.66370391845703,0.06973438182075964,1.0904811561641137,-0.0460286365758329
0.06800000000000005,-2.9154958724975586,125.66370391845703,0.07109213568918374,1.2198166943321804,-0.05801232506438378
0.06850000000000005,-2.935793876647949,125.66370391845703,0.07405951789046669,0.748993792752317,-0.06762745179019475
0.06900000000000005,-2.9568769931793213,125.66370391845703,0.08105045501675824,2.098146385241332,-0.021613182609286675
0.06950000000000005,-2.978506326675415,125.66370391845703,0.10189574718645564,0.754159129345704,0.01083213024428287
0.07000000000000005,-2.999556064605713,125.66370391845703,0.0849845875578344,1.0338717445901173,-0.02377540015821382
0.07050000000000005,-3.0201687812805176,125.66370391845703,0.08007974871419225,1.2894741097646596,-0.050253413610831445
0.07100000000000005,-3.0404539108276367,125.66370391845703,0.0816515221449355,1.5066423549269896,-0.07044398656361134
0.07150000000000005,-3.0604891777038574,125.66370391845703,0.08573163473544775,1.0223633314989178,-0.08611858091415646
0.07200000000000005,-3.081352949142456,125.66370391845703,0.09035825395778742,2.2228170689391686,-0.03557841466889102
0.07250000000000005,-3.102792978286743,125.66370391845703,0.10719696744808697,1.0106388208730825,4.896436094776901e-06
0.07300000000000005,-3.123556613922119,125.66370391845703,0.0937684477692566,1.385490704594846,-0.04217298664091282
0.07350000000000005,-3.1438112258911133,125.66370391845703,0.09194024881434769,1.7145470064743282,-0.07436602831350105
0.07400000000000005,-3.163684844970703,125.66370391845703,0.09553094882741633,1.989676881707354,-0.09885773265448508
0.07450000000000005,-3.1832692623138428,125.66370391845703,0.100828544811928,1.1850960143624185,-0.11781651597713107
0.07500000000000005,-3.203782081604004,125.66370391845703,0.10001550404472156,2.2776228836862114,-0.059017608724479406
0.07550000000000005,-3.2249410152435303,125.66370391845703,0.11222678468734648,1.3890186342177302,-0.017644208870556847
0.07600000000000005,-3.2453346252441406,125.66370391845703,0.10358073063943544,1.8581910886075081,-0.06734750613434935
0.07650000000000005,-3.265153169631958,125.66370391845703,0.10507930137623733,2.258618630764908,-0.10524034457664244
0.07700000000000005,-3.2845418453216553,125.66370391845703,0.11055159305423684,1.5780866472766408,-0.13403107351965074
0.07750000000000005,-3.304879903793335,125.66370391845703,0.10980911977992255,2.5161501886425,-0.0720129078981947
0.07800000000000006,-3.325878143310547,125.66370391845703,0.11945354875920917,1.7003384470771665,-0.028488011004088987
0.07850000000000006,-3.34598970413208,125.66370391845703,0.11300721246133565,2.2706305576788326,-0.08790999365481805
0.07900000000000006,-3.3654370307922363,125.66370391845703,0.11631054325470105,2.7485736561282867,-0.13305676680177198
0.07950000000000006,-3.3843889236450195,125.66370391845703,0.12299788234537663,1.8048985922519252,-0.167247117198854
0.08000000000000006,-3.404378652572632,125.66370391845703,0.11902899950052251,2.644980529098323,-0.09751368466126198
0.08050000000000006,-3.425089120864868,125.66370391845703,0.12550395266011077,2.129989455320484,-0.04864381267713474
0.08100000000000006,-3.444812536239624,125.66370391845703,0.12274166613728078,2.7937415965923242,-0.11683950750929224
0.08150000000000006,-3.4637973308563232,125.66370391845703,0.12832759135008343,2.273862314917439,-0.16856546205898237
0.08200000000000006,-3.48376202583313,125.66370391845703,0.12687073323680276,2.9607213050289563,-0.10118400119812306
0.08250000000000006,-3.5044047832489014,125.66370391845703,0.13261607982018758,2.379896360516659,-0.054182523303673166
0.08300000000000006,-3.5239062309265137,125.66370391845703,0.13054946976583431,3.1568222634657266,-0.134842176845142
0.08350000000000006,-3.5425565242767334,125.66370391845703,0.1371631052577805,2.523899459759611,-0.19576246843913345
0.08400000000000006,-3.562229871749878,125.66370391845703,0.13426279730800542,3.1279040073477375,-0.12389213982649537
0.08450000000000006,-3.5826098918914795,125.66370391845703,0.13824786606754083,3.5600496484667365,-0.0738771976914999
0.08500000000000006,-3.6034576892852783,125.66370391845703,0.1437852408435587,2.506775042187423,-0.04051499332743236
0.08550000000000006,-3.622849225997925,125.66370391845703,0.13966809161956534,3.4918825266912226,-0.14614051028138816
0.08600000000000006,-3.641162872314453,125.66370391845703,0.14670889018904515,2.9271457431560055,-0.22530583954208389
0.08650000000000006,-3.6605005264282227,125.66370391845703,0.14352656790551074,3.4135293137758342,-0.15145222863214433
0.08700000000000006,-3.6805429458618164,125.66370391845703,0.1460643220567616,3.764273154702377,-0.10031071766758057
0.08750000000000006,-3.7010481357574463,125.66370391845703,0.1501211773592373,2.9912176335892307,-0.06654199773905731
0.08800000000000006,-3.719919443130493,125.66370391845703,0.1494199189020436,4.1180578566685755,-0.18833291084996326
0.08850000000000006,-3.7375833988189697,125.66370391845703,0.15869067649536775,3.2530313610350485,-0.2794015885122956
0.08900000000000007,-3.7563514709472656,125.66370391845703,0.15334751616395637,3.6564543992006704,-0.19778148692862713
0.08950000000000007,-3.775878429412842,125.66370391845703,0.15390213928615568,3.952286620726932,-0.14140669862964073
0.09000000000000007,-3.7959024906158447,125.66370391845703,0.15646990127851837,3.601580878546485,-0.10432515163905733
0.09050000000000007,-3.8141348361968994,125.66370391845703,0.15988949014787712,4.860126059236027,-0.24141907781896266
0.09100000000000007,-3.8310441970825195,125.66370391845703,0.17147332104682111,3.6130456457944984,-0.3437626740020478
0.09150000000000007,-3.849155902862549,125.66370391845703,0.16384924774799628,3.936155442689976,-0.25275602363214383
0.09200000000000007,-3.868093729019165,125.66370391845703,0.16243228422100364,4.179552462175092,-0.19002469837012478
0.09250000000000007,-3.8875718116760254,125.66370391845703,0.16354363435388813,4.352463370277847,-0.14886365964186524
0.09300000000000007,-3.9073867797851562,125.66370391845703,0.16541450977773056,4.109876452465052,-0.12320780026272819
0.09350000000000007,-3.9250664710998535,125.66370391845703,0.17101970121215052,5.614354252677203,-0.2913082891027845
0.09400000000000007,-3.9411752223968506,125.66370391845703,0.18476381344616327,4.1399376570848005,-0.41622367135718863
0.09450000000000007,-3.958536386489868,125.66370391845703,0.17603148719236342,4.358503254352,-0.3188536042518406
0.09500000000000007,-3.976754903793335,125.66370391845703,0.1731381333683303,4.532542423737321,-0.2520392525605191
0.09550000000000007,-3.9955310821533203,125.66370391845703,0.17293978155786485,4.660265718008825,-0.2085693238678163
0.09600000000000007,-4.014651298522949,125.66370391845703,0.17381274106715652,4.757357667678978,-0.1818499403601329
0.09650000000000007,-4.033963203430176,125.66370391845703,0.1750546101902361,4.8349891371557865,-0.1671748149085819
0.09700000000000007,-4.0533576011657715,125.66370391845703,0.17639128515371763,4.900802647440352,-0.16119023362159018
0.09750000000000007,-4.072756767272949,125.66370391845703,0.1777322969273606,4.8959015637199474,-0.16150517304705816
0.09800000000000007,-4.089423179626465,125.66370391845703,0.18704111366702497,6.825874079304175,-0.3855685293529154
0.09850000000000007,-4.104089736938477,125.66370391845703,0.20432877897721144,5.022841701099905,-0.5510036663076208
0.09900000000000007,-4.120058536529541,125.66370391845703,0.1945699408337637,5.10089669060569,-0.44578891421293665
0.09950000000000007,-4.136914253234863,125.66370391845703,0.1901111577501982,5.182984942334294,-0.37414338846182293
0.10000000000000007,-4.1543402671813965,125.66370391845703,0.18846117336433912,5.251879915089785,-0.32822872088506216
0.10050000000000008,-4.172111988067627,125.66370391845703,0.18820288003201832,5.313500822069863,-0.3007304757016161
0.10100000000000008,-4.19006872177124,125.66370391845703,0.1886472011979054,5.372072769362328,-0.28643755961342626
0.10150000000000008,-4.208095550537109,125.66370391845703,0.1894671164438602,5.430330959775299,-0.2816441703281857
0.10200000000000008,-4.22611141204834,125.66370391845703,0.19050748785209728,5.489930917270486,-0.2837138330223904
0.10250000000000008,-4.2440571784973145,125.66370391845703,0.19169271529643356,5.551800935496087,-0.2907701722038099
0.10300000000000008,-4.261890411376953,125.66370391845703,0.19298355444458284,5.616406378824637,-0.3014776097343388
0.10350000000000008,-4.279581069946289,125.66370391845703,0.194357458411598,5.683933512808953,-0.31488545142333496
0.10400000000000008,-4.297105312347412,125.66370391845703,0.19579982178332575,5.754410810338784,-0.33031674410379186
0.10450000000000008,-4.31444787979126,125.66370391845703,0.19730014151522995,5.8277855272268715,-0.3472896677402596
0.10500000000000008,-4.331595420837402,125.66370391845703,0.1988503326434476,5.9039699304121385,-0.3654609534343523
0.10550000000000008,-4.348538398742676,125.66370391845703,0.2004439582434857,5.9828677532366505,-0.38458609504492336
0.10600000000000008,-4.365269660949707,125.66370391845703,0.20207583439723353,6.064388224532331,-0.40449081912402696
0.10650000000000008,-4.381782054901123,125.66370391845703,0.20374178582401953,6.148452576412633,-0.4250506350088526
0.10700000000000008,-4.398071765899658,125.66370391845703,0.20543846442120467,6.23499620110015,-0.4461767472705031
0.10750000000000008,-4.4141340255737305,125.66370391845703,0.20716319931150257,6.32396844501725,-0.46780541047781243
0.10800000000000008,-4.429965019226074,125.66370391845703,0.20891386846520812,6.415331247544844,-0.4898908171030881
0.10850000000000008,-4.445560932159424,125.66370391845703,0.21068878904524524,6.509057329673693,-0.5123998166738041
0.10900000000000008,-4.460919380187988,125.66370391845703,0.2124866252629464,6.605128323010746,-0.5353083956374569
0.10950000000000008,-4.476036548614502,125.66370391845703,0.21430631244741807,6.703533037754919,-0.5585987306228487
0.11000000000000008,-4.490910530090332,125.66370391845703,0.21614699563275577,6.804265955224696,-0.5822577228064197
0.11050000000000008,-4.505537986755371,125.66370391845703,0.21800798070222446,6.907325966912056,-0.6062752711518171
0.11100000000000008,-4.51991605758667,125.66370391845703,0.21988869607225447,7.0127153486705875,-0.6306435635360091
0.11150000000000009,-4.534042835235596,125.66370391845703,0.2217886630066723,7.120438943235945,-0.6553564901442609
0.11200000000000009,-4.547915458679199,125.66370391845703,0.2237074728560811,7.230503519115311,-0.6804089088125987
0.11250000000000009,-4.561531066894531,125.66370391845703,0.22564476976290537,7.342917274232017,-0.7057964327825044
0.11300000000000009,-4.574887275695801,125.66370391845703,0.2276002376215601,7.457689455738267,-0.7315152687009064
0.11350000000000009,-4.587982177734375,125.66370391845703,0.22957359031364533,7.574830071477816,-0.7575620600902713
0.11400000000000009,-4.6008124351501465,125.66370391845703,0.23156456443952006,7.694349672792219,-0.7839334552972501
0.11450000000000009,-4.613375663757324,125.66370391845703,0.2335729139369852,7.8162591922650595,-0.8106264037672133
0.11500000000000009,-4.625669479370117,125.66370391845703,0.23559840611620397,7.940569823394004,-0.8376379482870462
0.11550000000000009,-4.637691497802734,125.66370391845703,0.23764081875067758,8.067292932020798,-0.8649651822105635
0.11600000000000009,-4.649439334869385,125.66370391845703,0.23969993795115876,8.196439991661277,-0.8926052189907812
0.11650000000000009,-4.660910129547119,125.66370391845703,0.24177555661690306,8.328022536719475,-0.9205550762129067
0.11700000000000009,-4.6721014976501465,125.66370391845703,0.24386747331051706,8.462052129017682,-0.9488118402923738
0.11750000000000009,-4.683010578155518,125.66370391845703,0.2459754914420573,8.5985403341952,-0.9773724692074258
0.11800000000000009,-4.6936354637146,125.66370391845703,0.2480994186777842,8.73749870539012,-1.0062340772313707
0.11850000000000009,-4.703973293304443,125.66370391845703,0.25023906651126215,8.87893877227357,-1.0353935358380297
0.11900000000000009,-4.714021682739258,125.66370391845703,0.25239424995111315,9.022872034001542,-1.0648477646169463
0.11950000000000009,-4.723777770996094,125.66370391845703,0.2545647872920434,9.169309955021346,-1.0945935200011583
0.12000000000000009,-4.73323917388916,125.66370391845703,0.2567504999448694,9.318263962948574,-1.124627604536273
0.1205000000000001,-4.742403507232666,125.66370391845703,0.2589512123079359,9.469745447936718,-1.1549467617632476
0.1210000000000001,-4.751267910003662,125.66370391845703,0.2611667516672372,9.62376576311592,-1.1855475545931524
0.1215000000000001,-4.759829521179199,125.66370391845703,0.26339694811611114,9.780336225789856,-1.2164264702597047
0.1220000000000001,-4.7680864334106445,125.66370391845703,0.2656416344879918,9.939468119163937,-1.2475801671383082
0.1225000000000001,-4.776035785675049,125.66370391845703,0.26790064629757526,10.101172694438327,-1.2790049905406249
0.1230000000000001,-4.783674240112305,125.66370391845703,0.27017382168714354,10.26546117314518,-1.3106970715473194
0.1235000000000001,-4.7910003662109375,125.66370391845703,0.2724610013757534,10.432344749641357,-1.3426529774083817
0.1240000000000001,-4.798010349273682,125.66370391845703,0.27476202860971555,10.601834593692107,-1.3748685387228388
0.1245000000000001,-4.804701805114746,125.66370391845703,0.2770767491132949,10.773941853098552,-1.4073398886945105
0.12500000000000008,-4.81107234954834,125.66370391845703,0.27940501103892273,10.948677656334372,-1.4400630771075371
0.12550000000000008,-4.817119121551514,125.66370391845703,0.2817466649164657,11.126053115165945,-1.4730339214436285
0.12600000000000008,-4.822839260101318,125.66370391845703,0.2841015636012817,11.306079327237208,-1.506248137044499
0.12650000000000008,-4.828230381011963,125.66370391845703,0.2864695622209182,11.488767378604965,-1.5397014855607953
0.12700000000000009,-4.83328914642334,125.66370391845703,0.2888505181203919,11.67412834621366,-1.5733893213383383
0.12750000000000009,-4.8380126953125,125.66370391845703,0.2912442908060551,11.862173300301496,-1.6073070311187838
0.12800000000000009,-4.8423991203308105,125.66370391845703,0.29365074188808826,12.052913306730986,-1.641450207442438
0.1285000000000001,-4.846444129943848,125.66370391845703,0.29606973502168593,12.24635942923852,-1.6758135227311917
0.1290000000000001,-4.850146293640137,125.66370391845703,0.29850113584702614,12.442522731598725,-1.710392493353246
0.1295000000000001,-4.853501319885254,125.66370391845703,0.30094481192811023,12.64141427969917,-1.7451815158490382
0.1300000000000001,-4.856507778167725,125.66370391845703,0.3034006326905704,12.843045143521971,-1.7801758606676261
0.1305000000000001,-4.859161376953125,125.66370391845703,0.30586846935854783,13.04742639902909,-1.8153696295202904
0.1310000000000001,-4.861459732055664,125.66370391845703,0.308348194890738,13.254569129948147,-1.850757464999867
0.1315000000000001,-4.863399982452393,125.66370391845703,0.3108396839156916,13.464484429455354,-1.886333688195996
0.1320000000000001,-4.864978790283203,125.66370391845703,0.3133428126664676,13.677183401752828,-1.9220922765146777
0.1325000000000001,-4.8661932945251465,125.66370391845703,0.31585745891472133,13.892677163536987,-1.9580272246505281
0.1330000000000001,-4.867040157318115,125.66370391845703,0.31838350190430953,14.110976845354937,-1.9941321655353665
0.1335000000000001,-4.86751651763916,125.66370391845703,0.3209208222844869,14.33209359284557,-2.030400744800365
0.1340000000000001,-4.867619037628174,125.66370391845703,0.3234693020427711,14.556038567862286,-2.066826227540054
0.1345000000000001,-4.867344856262207,125.66370391845703,0.3260288244375306,14.782822949473369,-2.103401886507696
0.1350000000000001,-4.866690635681152,125.66370391845703,0.3285992739303735,15.012457934837254,-2.14012059446379
0.1355000000000001,-4.865652561187744,125.66370391845703,0.3311805361183803,15.244954739948229,-2.176974799663865
0.1360000000000001,-4.864228248596191,125.66370391845703,0.333772497666242,15.48032460024933,-2.213957368875958
0.1365000000000001,-4.8624138832092285,125.66370391845703,0.3363750462383469,15.71857877110801,-2.2510603115339904
0.1370000000000001,-4.860206127166748,125.66370391845703,0.3389880704308679,15.959728528150976,-2.2882756151769525
0.1375000000000001,-4.857602119445801,125.66370391845703,0.3416114597038819,16.203785167453173,-2.3255952569793075
0.1380000000000001,-4.854597568511963,125.66370391845703,0.3442451043135719,16.450760005577408,-2.3630102872230028
0.1385000000000001,-4.851190090179443,125.66370391845703,0.3468888952445289,16.700664379458804,-2.4005124162438958
0.1390000000000001,-4.847375392913818,125.66370391845703,0.34954272414220655,16.953509646130506,-2.4380921653002785
0.1395000000000001,-4.8431501388549805,125.66370391845703,0.3522064832455385,17.209307182284636,-2.4757402438810656
0.1400000000000001,-4.8385114669799805,125.66370391845703,0.3548800653197523,17.468068383663677,-2.513447333168662
0.1405000000000001,-4.8334550857543945,125.66370391845703,0.3575633635894077,17.729804664276998,-2.5512030914482815
0.1410000000000001,-4.827977657318115,125.66370391845703,0.3602562716716718,17.820694341288075,-2.5889973648226117
0.1415000000000001,-4.826816082000732,125.66370391845703,0.36648008431294266,19.606685643387745,-2.1717571743686617
0.1420000000000001,-4.828590393066406,125.66370391845703,0.37588259538229807,17.98409492198414,-1.889062581710715
0.1425000000000001,-4.827391147613525,125.66370391845703,0.37216761517500435,18.344218115194025,-2.175651647135155
0.1430000000000001,-4.823904514312744,125.66370391845703,0.3720180066093165,18.726841195262875,-2.394753831881047
0.1435000000000001,-4.818658351898193,125.66370391845703,0.37367768648291966,19.098213513354516,-2.5617856542981854
0.1440000000000001,-4.812027931213379,125.66370391845703,0.3761780368363353,19.45644937407057,-2.6915095737137
0.1445000000000001,-4.8042802810668945,125.66370391845703,0.37904087452606133,19.37366821865852,-2.7945485695998946
0.1450000000000001,-4.800856113433838,125.66370391845703,0.38353789682345923,20.837665760686022,-2.3774541610625084
0.1455000000000001,-4.800362586975098,125.66370391845703,0.3907849772578412,19.538474239773198,-2.0958738019370506
0.1460000000000001,-4.79636287689209,125.66370391845703,0.3883583894200217,20.057456198336304,-2.4304703930939975
0.1465000000000001,-4.7896881103515625,125.66370391845703,0.3893533867599157,20.5598229463979,-2.6833958596922334
0.1470000000000001,-4.780971527099609,125.66370391845703,0.39192274245487047,21.023335350653177,-2.8737710351035477
0.1475000000000001,-4.770664215087891,125.66370391845703,0.39511523089680833,20.602914391730003,-3.019373029290201
0.1480000000000001,-4.764791488647461,125.66370391845703,0.397765157715925,21.837513495996028,-2.593167940951559
0.1485000000000001,-4.761919021606445,125.66370391845703,0.4032166789521057,20.96641162729035,-2.3058582368367766
0.1490000000000001,-4.755122661590576,125.66370391845703,0.40225673795524913,21.631991549429028,-2.6757851077308983
0.1495000000000001,-4.7453460693359375,125.66370391845703,0.4044009076486353,22.242908019430686,-2.9531423837011306
0.1500000000000001,-4.733306884765625,125.66370391845703,0.40781863698203846,21.731127220236488,-3.159886322658349
0.1505000000000001,-4.725606918334961,125.66370391845703,0.4095511942570338,22.7555968178454,-2.7447426660806804
0.1510000000000001,-4.7208333015441895,125.66370391845703,0.4137926828564556,22.167940880886817,-2.4657160504192026
0.1515000000000001,-4.71168327331543,125.66370391845703,0.4139020536174723,22.975854408000508,-2.873317874665005
0.1520000000000001,-4.6992268562316895,125.66370391845703,0.41696604516587465,23.692633052309542,-3.17655837310008
0.1525000000000001,-4.684272766113281,125.66370391845703,0.42109958769336137,22.68270379095214,-3.400532254419548
0.1530000000000001,-4.6738810539245605,125.66370391845703,0.4210436722289907,23.55919623384012,-2.9665557000990983
0.1535000000000001,-4.666569232940674,125.66370391845703,0.4238692981517833,24.20453253131934,-2.6745489836414404
0.1540000000000001,-4.661230564117432,125.66370391845703,0.4274074402224268,23.337784909322032,-2.4876058349466827
0.1545000000000001,-4.6503496170043945,125.66370391845703,0.42740778424409787,24.409985461125764,-2.9972530327773006
0.1550000000000001,-4.635327339172363,125.66370391845703,0.43117692402102414,23.99747946794414,-3.3715837762106196
0.1555000000000001,-4.62409782409668,125.66370391845703,0.4319578756569266,24.632126286050653,-3.0127127685369692
0.1560000000000001,-4.615396022796631,125.66370391845703,0.4344388310947953,25.10733722606841,-2.7737947580070172
0.1565000000000001,-4.608267307281494,125.66370391845703,0.4373053607880911,24.465542912696943,-2.624563262002202
0.1570000000000001,-4.5949015617370605,125.66370391845703,0.4384102571684536,25.751412008928874,-3.1901778195492128
0.1575000000000001,-4.5768961906433105,125.66370391845703,0.4432708252158301,24.979935627526345,-3.6024247491418033
0.1580000000000001,-4.5627360343933105,125.66370391845703,0.4429335792861426,25.48513651249571,-3.2405039026737255
0.1585000000000001,-4.551136493682861,125.66370391845703,0.4444457400699664,25.8720666794266,-2.9992794327117758
0.1590000000000001,-4.5411272048950195,125.66370391845703,0.4465567443061228,26.166753823516324,-2.848325330849873
0.15950000000000011,-4.532016754150391,125.66370391845703,0.4487534618139243,25.762900867996034,-2.7611477655095666
0.16000000000000011,-4.515692234039307,125.66370391845703,0.45111781611178997,27.346890502042978,-3.402814406520927
0.16050000000000011,-4.494030952453613,125.66370391845703,0.45733582659289834,26.188997713722262,-3.8662306481351933
0.16100000000000012,-4.476213455200195,125.66370391845703,0.4558782183838256,26.54331941161174,-3.506935099319825
0.16150000000000012,-4.460951805114746,125.66370391845703,0.45637186632869076,26.827367947262516,-3.267033149112468
0.16200000000000012,-4.447270393371582,125.66370391845703,0.45766762756139195,27.05160738518809,-3.116529977143404
0.16250000000000012,-4.434475421905518,125.66370391845703,0.459243851230172,27.238083697810374,-3.0290243924089175
0.16300000000000012,-4.4220733642578125,125.66370391845703,0.4608967058661322,27.40160115482332,-2.985861073517139
0.16350000000000012,-4.4097137451171875,125.66370391845703,0.4625567396067011,27.551773300012496,-2.973853459378186
0.16400000000000012,-4.397146701812744,125.66370391845703,0.46420687592633253,27.686012606110765,-2.983661576093138
0.16450000000000012,-4.375826835632324,125.66370391845703,0.46905638001623684,29.78242433467902,-3.7352794183798417
0.16500000000000012,-4.348077297210693,125.66370391845703,0.47767717896523954,28.025714314990314,-4.270847639455549
0.16550000000000012,-4.324146747589111,125.66370391845703,0.47479652894308344,28.17559862617075,-3.9172422762916494
0.16600000000000012,-4.3027520179748535,125.66370391845703,0.4739869402436043,28.320628824035445,-3.6797028848243043
0.16650000000000012,-4.2829179763793945,125.66370391845703,0.4742301238580992,28.449574972502287,-3.529229775364168
0.16700000000000012,-4.263949394226074,125.66370391845703,0.47499487649796895,28.571332306325154,-3.4398496600576824
0.16750000000000012,-4.245354175567627,125.66370391845703,0.47603381139010537,28.69142896170892,-3.393245122244754
0.16800000000000012,-4.22678279876709,125.66370391845703,0.4772302089635702,28.81296331294732,-3.376493973225961
0.16850000000000012,-4.207986831665039,125.66370391845703,0.4785263441024741,28.937454936406848,-3.380461956125764
0.16900000000000012,-4.188790321350098,125.66370391845703,0.4798909011230719,29.06545827557037,-3.3986819918098066
0.16950000000000012,-4.169068813323975,125.66370391845703,0.4813045330656269,29.196976940854917,-3.4265682257673107
0.17000000000000012,-4.148734092712402,125.66370391845703,0.48275363115512604,29.331729507898597,-3.4608630866408676
0.17050000000000012,-4.12772274017334,125.66370391845703,0.48422769842610847,29.469311978658208,-3.499247036757657
0.17100000000000012,-4.105991363525391,125.66370391845703,0.4857182443372813,29.609291710736034,-3.5400659100065957
0.17150000000000012,-4.0835089683532715,125.66370391845703,0.4872182882812733,29.75125769620308,-3.582134735388837
0.17200000000000013,-4.060253620147705,125.66370391845703,0.48872209079106604,29.89484412707091,-3.624600729769851
0.17250000000000013,-4.036210536956787,125.66370391845703,0.4902249642004936,30.039738353928335,-3.6668468413457616
0.17300000000000013,-4.011369705200195,125.66370391845703,0.4917231118447186,30.185680284078497,-3.7084226383444996
0.17350000000000013,-3.9857234954833984,125.66370391845703,0.49321348238745694,30.332457541457554,-3.7489947461059097
0.17400000000000013,-3.959268093109131,125.66370391845703,0.4946936382177859,30.47989893717982,-3.7883146896725526
0.17450000000000013,-3.9320008754730225,125.66370391845703,0.49616163947818637,30.62786767653695,-3.8261928241619434
0.17500000000000013,-3.9039206504821777,125.66370391845703,0.49761594470563464,30.776255037395316,-3.8624818368726817
0.17550000000000013,-3.8750269412994385,125.66370391845703,0.4990553278562855,30.924974844099136,-3.8970642603122196
0.17600000000000013,-3.845320224761963,125.66370391845703,0.5004788105039434,31.07395882739751,-3.929844386947569
0.17650000000000013,-3.8148014545440674,125.66370391845703,0.5018856074336883,31.22315283672077,-3.960741935894528
0.17700000000000013,-3.7834722995758057,125.66370391845703,0.5032750836382494,31.372513812491313,-3.989688172992737
0.17750000000000013,-3.7513341903686523,125.66370391845703,0.5046467207536675,31.52200740529921,-4.016622010367764
0.17800000000000013,-3.7183895111083984,125.66370391845703,0.5060000911400794,31.67160612851464,-4.041489215483964
0.17850000000000013,-3.6846399307250977,125.66370391845703,0.5073348380476973,31.821287940865112,-4.064239193849755
0.17900000000000013,-3.6500885486602783,125.66370391845703,0.50865066055864,31.9710351696315,-4.084826311900544
0.17950000000000013,-3.6147377490997314,125.66370391845703,0.5099473022337864,32.120833700037444,-4.103206860266037
0.18000000000000013,-3.5785903930664062,125.66370391845703,0.5112245426062672,32.270672370396504,-4.119339867120388
0.18050000000000013,-3.541649341583252,125.66370391845703,0.5124821908442309,32.42054252486003,-4.133186229214285
0.18100000000000013,-3.503917932510376,125.66370391845703,0.5137200810551098,32.57043768595052,-4.144709031191278
0.18150000000000013,-3.4653987884521484,125.66370391845703,0.5149380688244442,32.720353317531185,-4.153871983872506
0.18200000000000013,-3.426095962524414,125.66370391845703,0.5161360286781806,32.870286655646154,-4.160641855021465
0.18250000000000013,-3.386012315750122,125.66370391845703,0.5173138522324011,33.020236590018186,-4.164985273258843
0.18300000000000013,-3.345151662826538,125.66370391845703,0.5184714468524851,33.17020358315957,-4.166871250007717
0.18350000000000014,-3.3035178184509277,125.66370391845703,0.5196087346881935,33.32018961726412,-4.1662700108738795
0.18400000000000014,-3.2611141204833984,125.66370391845703,0.5207256519850441,33.47019816150759,-4.163152358168145
0.18450000000000014,-3.217944622039795,125.66370391845703,0.5218221485978775,33.62023415424569,-4.157491153610401
0.18500000000000014,-3.174013376235962,125.66370391845703,0.5228981876517537,33.770303996007904,-4.149260422772236
0.18550000000000014,-3.129324197769165,125.66370391845703,0.5239537453096713,33.92041555024028,-4.138435027341451
0.18600000000000014,-3.083881378173828,125.66370391845703,0.5249888106172856,34.07057814953901,-4.124991593365638
0.18650000000000014,-3.037688970565796,125.66370391845703,0.526003385402718,34.22080260570322,-4.108907570446597
0.18700000000000014,-2.990751266479492,125.66370391845703,0.5269974842154228,34.37110122237088,-4.0901618568540234
0.18750000000000014,-2.94307279586792,125.66370391845703,0.5279711342923579,34.521487809322025,-4.068734808240893
0.18800000000000014,-2.894657611846924,125.66370391845703,0.5289243755428983,34.67197769777089,-4.044607246296114
0.18850000000000014,-2.845510482788086,125.66370391845703,0.5298572605462241,34.822587756141274,-4.017762096543756
0.18900000000000014,-2.79563570022583,125.66370391845703,0.5307698545566161,34.973336405947265,-3.988182729348512
0.18950000000000014,-2.7450380325317383,125.66370391845703,0.5316622355133329,35.12424363749408,-3.9558542875609013
0.19000000000000014,-2.6937220096588135,125.66370391845703,0.5325344940526107,35.275331025180414,-3.9207626673454783
0.19050000000000014,-2.641692638397217,125.66370391845703,0.5333867335200039,35.42662174223384,-3.882895538587876
0.19100000000000014,-2.588954210281372,125.66370391845703,0.5342190699817363,35.57814057474545,-3.8422405951595966
0.19150000000000014,-2.5355119705200195,125.66370391845703,0.5350316322340587,35.729913934894654,-3.798787988917711
0.19200000000000014,-2.481370449066162,125.66370391845703,0.535824561809879,35.881969873275224,-3.75252785671523
0.19250000000000014,-2.426534652709961,125.66370391845703,0.5365980129820532,36.03433809024319,-3.703452072039467
0.19300000000000014,-2.371009588241577,125.66370391845703,0.5373521527628963,36.187049946219965,-3.6515535256201144
0.19350000000000014,-2.3148000240325928,125.66370391845703,0.5380871608995272,36.340138470888,-3.5968257356135296
0.19400000000000014,-2.257911205291748,125.66370391845703,0.5388032298647042,36.493638371220115,-3.539263932320341
0.19450000000000014,-2.200347661972046,125.66370391845703,0.5395005648428803,36.64758603828832,-3.4788631850412375
0.19500000000000015,-2.1421148777008057,125.66370391845703,0.5401793837112076,36.80201955279825,-3.415620993147928
0.19550000000000015,-2.0832176208496094,125.66370391845703,0.5408399170152282,36.956978689296456,-3.3495346444348018
0.19600000000000015,-2.0236611366271973,125.66370391845703,0.5414824079390211,37.11250491899908,-3.2806030766832968
0.19650000000000015,-1.9634504318237305,125.66370391845703,0.5421071122695325,37.26864141118843,-3.2088257166253533
0.19700000000000015,-1.9025905132293701,125.66370391845703,0.5427142983548676,37.42543303312718,-3.134202832579811
0.19750000000000015,-1.841086506843567,125.66370391845703,0.5433042470562705,37.58292634843598,-3.0567357074988766
0.19800000000000015,-1.778943419456482,125.66370391845703,0.543877251693528,37.74116961388194,-2.9764262223266855
0.19850000000000015,-1.7161664962768555,125.66370391845703,0.5444336179835255,37.900212774523666,-2.8932774253293254
0.19900000000000015,-1.6527607440948486,125.66370391845703,0.5449736639716852,38.06010745715984,-2.8072927109404464
0.19950000000000015,-1.5887311697006226,125.66370391845703,0.5454977199559615,38.22090696202419,-2.7184761858196693
0.20000000000000015,-1.524082899093628,125.66370391845703,0.5460061284031292,38.382666252673445,-2.6268328472727465
0.20050000000000015,-1.4588209390640259,125.66370391845703,0.5464992438570093,38.54544194401015,-2.5323681493982066
0.20100000000000015,-1.392950415611267,125.66370391845703,0.5469774328383332,38.70929228838438,-2.4350883848588762
0.20150000000000015,-1.3264762163162231,125.66370391845703,0.5474410737358956,38.87427715971676,-2.335000034784206
0.20200000000000015,-1.2594033479690552,125.66370391845703,0.5478905566886462,39.040458035584464,-2.2321103601602608
0.20250000000000015,-1.1917368173599243,125.66370391845703,0.548326283458369,39.20789797721191,-2.126427168285638
0.20300000000000015,-1.1234815120697021,125.66370391845703,0.5487486672925727,39.37666160730705,-2.0179585705067247
0.20350000000000015,-1.0546424388885498,125.66370391845703,0.5491581327772226,39.546815085684266,-1.906713378091563
0.20400000000000015,-0.9852242469787598,125.66370391845703,0.5495551156789189,39.71842608261357,-1.7927002135247576
0.20450000000000015,-0.9152320027351379,125.66370391845703,0.549940062776133,39.89156374983643,-1.6759288806721728
0.20500000000000015,-0.8446704149246216,125.66370391845703,0.550313431679104,40.06629868918867,-1.5564089333712798
0.20550000000000015,-0.773544192314148,125.66370391845703,0.5506756906379779,40.242702918768906,-1.434150290353921
0.20600000000000016,-0.7018581032752991,125.66370391845703,0.5510273183387866,40.420849836593185,-1.3091633192239447
0.20650000000000016,-0.6296167969703674,125.66370391845703,0.5513688036868505,40.60081418167516,-1.181458477336855
0.20700000000000016,-0.5568248629570007,125.66370391845703,0.5517006455771762,40.78267199247114,-1.0510463910601018
0.20750000000000016,-0.48348695039749146,125.66370391845703,0.5520233526514432,40.96650056263041,-0.9179380526882246
0.20800000000000016,-0.409607470035553,125.66370391845703,0.5523374430411493,41.152378393990716,-0.7821442289856179
0.20850000000000016,-0.33519092202186584,125.66370391845703,0.5526434440965028,41.34038514675931,-0.6436760526134908
0.20900000000000016,-0.2602417469024658,125.66370391845703,0.552941892100634,41.53060158682006,-0.502544714742554
0.20950000000000016,-0.18476425111293793,125.66370391845703,0.553233331968737,41.723109530109,-0.3587612932897837
0.21000000000000016,-0.10876273363828659,125.66370391845703,0.5535183169317179,41.917991783999135,-0.21233696989356476
0.21050000000000016,-0.03224144130945206,125.66370391845703,0.553797408203958,42.11533208563768,-0.06328291938371922
0.21100000000000016,0.04479547217488289,125.66370391845703,0.554071174634826,42.315215037179506,0.08838979542289818
0.21150000000000016,0.12234389781951904,125.66370391845703,0.5543401923435343,42.51772603786013,0.2426701532514569
0.21200000000000016,0.20039980113506317,125.66370391845703,0.5546050443370129,42.722951212854966,0.3995472559203312
0.21250000000000016,0.2789592146873474,125.66370391845703,0.5548663201104452,42.93097733887018,0.5590103360902148
0.21300000000000016,0.3580181896686554,125.66370391845703,0.5551246152301547,43.14189176641375,0.7210486809775344
0.21350000000000016,0.4375729560852051,125.66370391845703,0.5553805308985312,43.35578233869522,0.8856519743035903
0.21400000000000016,0.5176196694374084,125.66370391845703,0.5556346735007468,43.57273730710535,1.052809805647607
0.21450000000000016,0.5981547236442566,125.66370391845703,0.5558876541329837,43.79284524322705,1.2225123207805972
0.21500000000000016,0.6791743636131287,125.66370391845703,0.5561400881119942,44.016194947332906,1.394749451038502
0.21550000000000016,0.7606751322746277,125.66370391845703,0.55639259446578,44.242875353323726,1.5695118403817152
0.21600000000000016,0.8426534533500671,125.66370391845703,0.5566457954052633,44.47297543006742,1.7467900056163623
0.21650000000000016,0.9251059889793396,125.66370391845703,0.5569003157768219,44.706584079097055,1.9265750846692555
0.21700000000000016,1.0080293416976929,125.66370391845703,0.5571567824956388,44.94379002863162,2.108858232353334
0.21750000000000017,1.0914201736450195,125.66370391845703,0.5574158239598259,45.1846817238839,2.2936308743798772
0.21800000000000017,1.1752753257751465,125.66370391845703,0.5576780694453491,45.42934721362335,2.480884966653323
0.21850000000000017,1.259591817855835,125.66370391845703,0.5579441484818292,45.407289767180416,2.670613006886421
0.21900000000000017,1.3338432312011719,125.66370391845703,0.5603230305472797,45.23056859254469,2.5596753191892025
0.21950000000000017,1.401020884513855,125.66370391845703,0.564129106325772,42.41564455491247,2.490506654711449
0.22000000000000017,1.4741343259811401,125.66370391845703,0.559780548717634,43.62228552739739,2.7955961275038317
0.22050000000000017,1.5517072677612305,125.66370391845703,0.5581096131746113,44.63764404810146,3.0812408435185956
0.22100000000000017,1.632595419883728,125.66370391845703,0.5578012155763844,45.47028370749562,3.3502599266181394
0.22150000000000017,1.7159755229949951,125.66370391845703,0.558122207636609,45.21682275787119,3.6070535307693885
0.22200000000000017,1.7899534702301025,125.66370391845703,0.5580528115352358,44.59704160573764,3.4261495260321255
0.22250000000000017,1.85732901096344,125.66370391845703,0.5593916546884733,42.57798780393568,3.3100172821751648
0.22300000000000017,1.9317528009414673,125.66370391845703,0.5565715719860475,44.245906634881614,3.7151203055353723
0.22350000000000017,2.011420726776123,125.66370391845703,0.5563102167601471,45.59865901543014,4.079476352888164
0.22400000000000017,2.0949490070343018,125.66370391845703,0.5571540020169303,44.94045709373714,4.410829687779402
0.22450000000000017,2.169402837753296,125.66370391845703,0.5548878918595729,44.00130503144396,4.174083848106269
0.22500000000000017,2.237484931945801,125.66370391845703,0.5542671240565133,43.2121137799041,4.02014462295136
0.22550000000000017,2.3012194633483887,125.66370391845703,0.5538728829739916,41.63117143261817,3.9347609232492133
0.22600000000000017,2.3743720054626465,125.66370391845703,0.5517238906096574,44.10663346783222,4.50724474323972
0.22650000000000017,2.4544472694396973,125.66370391845703,0.5528326220544751,44.05689710377567,4.9993002258025765
0.22700000000000017,2.526998519897461,125.66370391845703,0.5498469060844907,42.98435262696099,4.7670548295181
0.22750000000000017,2.5942792892456055,125.66370391845703,0.5480074234032303,42.11178475478833,4.620747041350177
0.22800000000000017,2.6579959392547607,125.66370391845703,0.5464228243081837,41.395996104231884,4.5449701477090425
0.22850000000000018,2.7193663120269775,125.66370391845703,0.544764018419723,40.80200821268357,4.522511957570575
0.22900000000000018,2.7792584896087646,125.66370391845703,0.5429507303410848,40.14503389727363,4.5401523924259735
0.22950000000000018,2.851454973220825,125.66370391845703,0.542850496197537,43.75846996322585,5.359996606289445
0.23000000000000018,2.9326088428497314,125.66370391845703,0.5466099806355842,43.212742168699734,6.038185132452084
0.23050000000000018,3.006828784942627,125.66370391845703,0.541424807418099,41.90924554137154,5.774290763088583
0.23100000000000018,3.076185703277588,125.66370391845703,0.5376788731507773,40.88904076949089,5.60857546827735
0.23150000000000018,3.1422600746154785,125.66370391845703,0.5345887086507632,40.081670394448324,5.523022801590415
0.23200000000000018,3.20617938041687,125.66370391845703,0.531781764934633,39.43495730753565,5.497425819566989
0.23250000000000018,3.2687458992004395,125.66370391845703,0.5291063243730927,38.909816131568675,5.516502636975883
0.23300000000000018,3.330528974533081,125.66370391845703,0.5265041972266756,38.47690081945584,5.568855117521144
0.23350000000000018,3.391932964324951,125.66370391845703,0.5239539342819333,38.11417663591644,5.6460454708026635
0.23400000000000018,3.453242778778076,125.66370391845703,0.521446894045974,37.80513395514589,5.741855604625468
0.23450000000000018,3.5146591663360596,125.66370391845703,0.5189779830074733,37.53744720275497,5.851720027613201
0.23500000000000018,3.576322078704834,125.66370391845703,0.5165426170337297,37.30195731003901,5.9722930090862
0.23550000000000018,3.638328790664673,125.66370391845703,0.5141361023929477,37.09189654754479,6.101127128867586
0.23600000000000018,3.7007458209991455,125.66370391845703,0.5117538063822075,36.90229796319895,6.236433021817894
0.23650000000000018,3.763617753982544,125.66370391845703,0.5093914728697045,36.72954640785317,6.376902662568993
0.23700000000000018,3.8269736766815186,125.66370391845703,0.5070454664078805,36.57103829106207,6.521579765673232
0.23750000000000018,3.890831708908081,125.66370391845703,0.5047129017879851,36.424924672513846,6.669764739260575
0.23800000000000018,3.9552018642425537,125.66370391845703,0.5023916765834814,36.28991799818595,6.820944573800981
0.23850000000000018,4.020089626312256,125.66370391845703,0.5000804383072579,36.16514723605328,6.974744335467853
0.23900000000000018,4.085495471954346,125.66370391845703,0.4977785147891832,36.05004965453902,7.130886571759218
0.23950000000000018,4.1514177322387695,125.66370391845703,0.4954858287658121,35.94429022205845,7.289167325773875
0.24000000000000019,4.217853546142578,125.66370391845703,0.49320281025506235,35.8477017412384,7.449436817727232
0.24050000000000019,4.284797191619873,125.66370391845703,0.4909303145193101,35.760240488360374,7.611581248262729
0.2410000000000002,4.3522443771362305,125.66370391845703,0.4886695494256179,35.68195340620057,7.775519311266179
0.2415000000000002,4.420187950134277,125.66370391845703,0.48642201347183106,35.61295387738005,7.941186573947767
0.2420000000000002,4.488622665405273,125.66370391845703,0.48418944426378835,35.55340385102191,8.108538163055151
0.2425000000000002,4.5575408935546875,125.66370391845703,0.481973776454947,35.50350066042933,8.277536875817383
0.2430000000000002,4.626936912536621,125.66370391845703,0.479777107833509,35.46346729538184,8.448157867493219
0.2435000000000002,4.696804523468018,125.66370391845703,0.4776016721803254,35.433545212280855,8.620382174354246
0.2440000000000002,4.767136573791504,125.66370391845703,0.4754498176026446,35.413989004316385,8.794194224584917
0.2445000000000002,4.83792781829834,125.66370391845703,0.4733239891979278,35.405062431790014,8.969585951259091
0.2450000000000002,4.9091715812683105,125.66370391845703,0.47122671507348407,35.407035444857456,9.146549831788105
0.2455000000000002,4.980862617492676,125.66370391845703,0.4691605949160407,35.42018192875062,9.325083577566138
0.2460000000000002,5.052995204925537,125.66370391845703,0.4671282904580942,35.44477797373807,9.505186174103663
0.2465000000000002,5.125564098358154,125.66370391845703,0.46513251731976324,35.48110052524646,9.686859343357462
0.2470000000000002,5.198564052581787,125.66370391845703,0.46317603781528505,35.52942630863577,9.870106425287533
0.2475000000000002,5.2719902992248535,125.66370391845703,0.4612616544034811,35.590030951759566,10.054933113179517
0.2480000000000002,5.34583854675293,125.66370391845703,0.4593922035342819,35.66318824941098,10.241347342441445
0.2485000000000002,5.420104026794434,125.66370391845703,0.4575705497011863,35.74916952906631,10.429357373528294
0.2490000000000002,5.4947829246521,125.66370391845703,0.45579957955541356,35.84824308851313,10.618974454632358
0.2495000000000002,5.56987190246582,125.66370391845703,0.45408219597357863,35.96067368408476,10.810211868083108
0.25000000000000017,5.645366191864014,125.66370391845703,0.45242131199927965,36.08672205413978,11.003081173155634
0.25050000000000017,5.721263885498047,125.66370391845703,0.450819844601704,36.226644466727755,11.197600493237251
0.25100000000000017,5.797560691833496,125.66370391845703,0.44928070821245664,36.380692283495,11.393784273265856
0.25150000000000017,5.87425422668457,125.66370391845703,0.44780680801673484,36.549111534152864,11.591651602163312
0.25200000000000017,5.95134162902832,125.66370391845703,0.4464010329871302,36.732142497460835,11.791221516128651
0.25250000000000017,6.028820991516113,125.66370391845703,0.4450662486587502,36.9300192858655,11.992515774285076
0.25300000000000017,6.106689929962158,125.66370391845703,0.4438052896532949,37.14296943179231,12.1955559869791
0.25350000000000017,6.184946537017822,125.66370391845703,0.44262095196759976,37.371213474206485,12.400365454124797
0.25400000000000017,6.263588905334473,125.66370391845703,0.44151598504918455,37.61496454450546,12.606968166755111
0.25450000000000017,6.342615604400635,125.66370391845703,0.4404930836878172,37.8744279511358,12.81538971019947
0.25500000000000017,6.422025680541992,125.66370391845703,0.4395548797577773,38.14980076255143,13.02565721930092
0.25550000000000017,6.50181770324707,125.66370391845703,0.43870393385094036,38.44127138831301,13.237797388624656
0.25600000000000017,6.581991195678711,125.66370391845703,0.4379427268454455,38.74901915824433,13.451839307758158
0.2565000000000002,6.6625447273254395,125.66370391845703,0.43727365145897557,39.07321389965566,13.667810512095674
0.2570000000000002,6.743478298187256,125.66370391845703,0.43669900383926735,39.414015512713505,13.88574177880295
0.2575000000000002,6.82479190826416,125.66370391845703,0.43622097524745873,39.77157354408523,14.105664145091195
0.2580000000000002,6.906485080718994,125.66370391845703,0.43584164389209534,39.40529668313065,14.327607835252376
0.2585000000000002,6.979395866394043,125.66370391845703,0.436063122658576,37.56845978375848,13.253661130135614
0.2590000000000002,7.045974254608154,125.66370391845703,0.43798485055312397,34.232824458606046,12.488393149797627
0.2595000000000002,7.117569923400879,125.66370391845703,0.43258126445924994,36.39355285880815,13.33002981939433
0.2600000000000002,7.192958831787109,125.66370391845703,0.4306235134759498,38.16198315538097,14.01750917797627
0.2605000000000002,7.271183490753174,125.66370391845703,0.43041410635240634,38.13594118520213,14.583034584888798
0.2610000000000002,7.341541290283203,125.66370391845703,0.4273605811793388,36.08606671648667,13.569685049649905
0.2615000000000002,7.406246185302734,125.66370391845703,0.42588508856057267,34.461813514740456,12.852585422209371
0.2620000000000002,7.466969966888428,125.66370391845703,0.4242983566754527,32.240939583330324,12.364067773745077
0.2625000000000002,7.535415172576904,125.66370391845703,0.42041436965881945,35.8295727296522,13.641563463870462
0.2630000000000002,7.609583377838135,125.66370391845703,0.42128415903504945,36.48502038381984,14.647419032625065
0.2635000000000002,7.677148342132568,125.66370391845703,0.4160477046933251,34.46920123533355,13.764323026468439
0.2640000000000002,7.739983081817627,125.66370391845703,0.41217512766511477,32.914159105951185,13.145392005474083
0.2645000000000002,7.799515724182129,125.66370391845703,0.4085926572831892,31.719030116303074,12.731987162547993
0.2650000000000002,7.8567728996276855,125.66370391845703,0.40492395397716613,30.796894472465638,12.468426657396023
0.2655000000000002,7.912491321563721,125.66370391845703,0.4011007699572053,30.083209309013256,12.31387224926332
0.2660000000000002,7.967199325561523,125.66370391845703,0.3971626379629939,29.530029944332888,12.238556751544754
0.2665000000000002,8.021275520324707,125.66370391845703,0.3931742462171062,29.101746013020964,12.220848154876315
0.2670000000000002,8.074992179870605,125.66370391845703,0.3891952023711509,28.77195864844698,12.245066117303445
0.2675000000000002,8.12854290008545,125.66370391845703,0.3852718265508162,28.521158608104262,12.299864635368328
0.2680000000000002,8.18206787109375,125.66370391845703,0.3814373686523888,28.334986123673822,12.377053184576013
0.2685000000000002,8.235665321350098,125.66370391845703,0.3777148122022384,28.202922734837387,12.470724808117073
0.2690000000000002,8.289407730102539,125.66370391845703,0.37411994063167836,28.117307784627062,12.576633007794547
0.2695000000000002,8.343345642089844,125.66370391845703,0.370663878880213,28.072600187816327,12.69172694681776
0.2700000000000002,8.397518157958984,125.66370391845703,0.3673549570041215,28.06482568244881,12.813826092060694
0.2705000000000002,8.451949119567871,125.66370391845703,0.3641999739138916,28.091164152544778,12.941367267449378
0.2710000000000002,8.506660461425781,125.66370391845703,0.3612049998456407,28.149642444443117,13.07324627337203
0.2715000000000002,8.561665534973145,125.66370391845703,0.35837585042839437,28.238906374043136,13.208678588263162
0.2720000000000002,8.616974830627441,125.66370391845703,0.35571833892015187,28.358051972795117,13.347114917828351
0.2725000000000002,8.672597885131836,125.66370391845703,0.3532383848958529,28.506500893177897,13.488176960575426
0.2730000000000002,8.728541374206543,125.66370391845703,0.35094203382609745,28.683908622686012,13.631606036481646
0.2735000000000002,8.784810066223145,125.66370391845703,0.34883542393257244,28.890096996061402,13.777229659635822
0.2740000000000002,8.841407775878906,125.66370391845703,0.346924723869187,29.12500464989197,13.924937903909306
0.2745000000000002,8.898340225219727,125.66370391845703,0.34521605604266886,29.38865068995877,14.074669853617078
0.2750000000000002,8.955610275268555,125.66370391845703,0.34371541465070043,29.68110806377552,14.226393113308584
0.2755000000000002,9.013222694396973,125.66370391845703,0.34242858387171876,30.002484045197562,14.380101979593634
0.2760000000000002,9.071179389953613,125.66370391845703,0.34136105940284817,30.352905919565778,14.535803145376239
0.2765000000000002,9.129485130310059,125.66370391845703,0.3405179752185539,30.732510464035155,14.693519968900189
0.2770000000000002,9.188142776489258,125.66370391845703,0.33990403667157193,31.141436192437265,14.85328137487687
0.2775000000000002,9.247156143188477,125.66370391845703,0.33952346064912164,31.57981761054763,15.015123908927183
0.2780000000000002,9.30652904510498,125.66370391845703,0.33937992328018174,32.04778093113383,15.179088385728418
0.2785000000000002,9.366265296936035,125.66370391845703,0.339476515567168,32.54544084755376,15.345218554473497
0.2790000000000002,9.426368713378906,125.66370391845703,0.3398157072287137,33.07289807408231,15.513560118487716
0.2795000000000002,9.48684310913086,125.66370391845703,0.34039931895585784,33.63023744109989,15.684160007363904
0.2800000000000002,9.54769229888916,125.66370391845703,0.341228503185259,34.21752639159073,15.857065828702785
0.2805000000000002,9.608920097351074,125.66370391845703,0.34230373337508646,34.83481376785268,16.03232544717358
0.2810000000000002,9.6705322265625,125.66370391845703,0.3436248016338149,35.48212880817001,16.20998985055499
0.2815000000000002,9.732531547546387,125.66370391845703,0.3451908244060604,36.159480295591564,16.390104926061195
0.2820000000000002,9.794923782348633,125.66370391845703,0.3470002557711086,36.026794990672805,16.572720805875203
0.2825000000000002,9.853622436523438,125.66370391845703,0.348749684101779,34.729520781071066,15.944937012180068
0.2830000000000002,9.909479141235352,125.66370391845703,0.3524383912051371,32.04246570145228,15.472876534395875
0.2835000000000002,9.967707633972168,125.66370391845703,0.34854516456019724,34.39445237084232,16.037168548265498
0.2840000000000002,10.027841567993164,125.66370391845703,0.349009280645042,36.41703936382388,16.516885447374396
0.2845000000000002,10.089499473571777,125.66370391845703,0.3516879992600376,36.24001795275461,16.926623550289083
0.2850000000000002,10.147215843200684,125.66370391845703,0.3483494751141771,34.549022108390766,16.224397583600652
0.2855000000000002,10.201966285705566,125.66370391845703,0.3472447682970991,33.22365522301685,15.70731668015493
0.2860000000000002,10.254514694213867,125.66370391845703,0.3462675979341989,32.194017574497906,15.337261582347526
0.2865000000000002,10.305429458618164,125.66370391845703,0.3447656889672797,31.024577989213064,15.077546604002402
0.2870000000000002,10.3611421585083,125.66370391845703,0.34458605204069415,35.44806943342922,16.15376656635635
0.2875000000000002,10.420519828796387,125.66370391845703,0.3508676522151767,35.87480312657763,17.010856866445582
0.2880000000000002,10.476284980773926,125.66370391845703,0.34434109380708494,34.1472642918586,16.345769619492295
0.2885000000000002,10.529372215270996,125.66370391845703,0.3399203112705372,32.87657127874966,15.865327891862009
0.2890000000000002,10.580513954162598,125.66370391845703,0.3363961588708669,31.9628087570177,15.531500894529715
0.2895000000000002,10.630249977111816,125.66370391845703,0.3332629169194762,31.32346716999184,15.306153424973068
0.2900000000000002,10.678974151611328,125.66370391845703,0.3303687551421992,30.89706939879554,15.160982557890097
0.2905000000000002,10.726978302001953,125.66370391845703,0.3276974095750247,30.637822176825598,15.075128913463082
0.2910000000000002,10.77447509765625,125.66370391845703,0.3252747622714929,30.51164676975875,15.033268827979631
0.2915000000000002,10.821623802185059,125.66370391845703,0.3231324383386106,30.493242139912162,15.024186830388
0.2920000000000002,10.86854076385498,125.66370391845703,0.3212959554831505,30.56388440016988,15.039693952238324
0.2925000000000002,10.915314674377441,125.66370391845703,0.3197826525466701,30.709768480641664,15.073832424145767
0.2930000000000002,10.962013244628906,125.66370391845703,0.31860295230784474,30.920756820706497,15.122279532450309
0.2935000000000002,11.008687019348145,125.66370391845703,0.317762324817421,31.189436408302537,15.181905823316535
0.2940000000000002,11.055376052856445,125.66370391845703,0.3172630051081597,31.510410068372884,15.250455227531749
0.2945000000000002,11.1021146774292,125.66370391845703,0.317105227517695,31.879765557159615,15.326310094480815
0.2950000000000002,11.148927688598633,125.66370391845703,0.3172880070267895,32.294679241263914,15.408309100158712
0.2955000000000002,11.195838928222656,125.66370391845703,0.31780957665769166,32.75312126696095,15.495629930941387
0.2960000000000002,11.242867469787598,125.66370391845703,0.31866759344561624,33.25363695206783,15.587689871817476
0.2965000000000002,11.290029525756836,125.66370391845703,0.3198592041335062,33.79518518979676,15.684079934366478
0.2970000000000002,11.337343215942383,125.66370391845703,0.3213810363063436,34.37701932811095,15.784521728208247
0.2975000000000002,11.384820938110352,125.66370391845703,0.3232291586580805,34.99859957746441,15.888820785219929
0.2980000000000002,11.432476997375488,125.66370391845703,0.3253990373016327,35.659528740782456,15.99685102623146
0.2985000000000002,11.480325698852539,125.66370391845703,0.32788550315077725,36.35950514077127,16.108533228830435
0.2990000000000002,11.5283784866333,125.66370391845703,0.33068273743367815,37.09828819130047,16.223817354207075
0.2995000000000002,11.57664966583252,125.66370391845703,0.33378427731581817,37.8756732404151,16.342680708888746
0.3000000000000002,11.62514877319336,125.66370391845703,0.33718304055923976,38.69147319554034,16.465110086985707
0.3005000000000002,11.67388916015625,125.66370391845703,0.3408713664751153,39.545505098937554,16.591108718990245
0.3010000000000002,11.722883224487305,125.66370391845703,0.3448410696686986,40.437580309144344,16.720685848323576
0.3015000000000002,11.772140502929688,125.66370391845703,0.34908350290089823,40.73810775189815,16.853851288831294
0.3020000000000002,11.821706771850586,125.66370391845703,0.354276557407111,40.77381358332481,16.99853554303989
0.3025000000000002,11.871188163757324,125.66370391845703,0.3607923632999177,38.88330235550459,17.050078781746297
0.3030000000000002,11.920843124389648,125.66370391845703,0.35882589992411906,40.86558166446474,17.163678311968276
0.3035000000000002,11.970810890197754,125.66370391845703,0.36133089924019596,42.704660321299755,17.311190356621367
0.3040000000000002,12.021164894104004,125.66370391845703,0.3661405752269734,42.522127128509815,17.477448172018
0.3045000000000002,12.070696830749512,125.66370391845703,0.3654888497533476,41.81403248798979,17.351858555338104
0.3050000000000002,12.119406700134277,125.66370391845703,0.36670356319199776,41.190120576056216,17.223300186119356
0.3055000000000002,12.167348861694336,125.66370391845703,0.36783212048786357,40.660001353421215,17.10531981888466
0.3060000000000002,12.214597702026367,125.66370391845703,0.3683224638807168,39.979487073527,17.003088420861072
0.3065000000000002,12.263463973999023,125.66370391845703,0.3705384906531807,43.88383062459705,17.46826546874653
0.3070000000000002,12.31373119354248,125.66370391845703,0.3788759718825771,43.819067530350374,17.885890743515237
0.3075000000000002,12.362488746643066,125.66370391845703,0.37449581179424124,42.707958027329255,17.584179029788846
0.3080000000000002,12.410011291503906,125.66370391845703,0.37207309349187095,41.88753873458386,17.3458285151589
0.3085000000000002,12.45654296875,125.66370391845703,0.3704850707489378,41.30291269929343,17.164973392912017
0.3090000000000002,12.50228500366211,125.66370391845703,0.3692680050092612,40.909831895109576,17.031092865033397
0.3095000000000002,12.54739761352539,125.66370391845703,0.3682857131784826,40.673304259117856,16.935174510003215
0.3100000000000002,12.592008590698242,125.66370391845703,0.3675245085729009,40.56582711812064,16.869790530804377
0.3105000000000002,12.63621997833252,125.66370391845703,0.3670069359210367,40.56594949602362,16.828968849884813
0.3110000000000002,12.680116653442383,125.66370391845703,0.36675896394930535,40.65708559799386,16.808001112471842
0.3115000000000002,12.723764419555664,125.66370391845703,0.3667998292999349,40.8265236422905,16.803223394001577
0.3120000000000002,12.767218589782715,125.66370391845703,0.36714069530583376,41.064602879539436,16.81182412074695
0.3125000000000002,12.810524940490723,125.66370391845703,0.3677861831607986,41.364039131978345,16.83166677883082
0.3130000000000002,12.853721618652344,125.66370391845703,0.36873640167982535,41.719380071425654,16.861142344945772
0.3135000000000002,12.896844863891602,125.66370391845703,0.3699886580604769,42.12657137278393,16.89905424746335
0.3140000000000002,12.939922332763672,125.66370391845703,0.3715386706746201,42.58261547293134,16.944511661811173
0.3145000000000002,12.98298168182373,125.66370391845703,0.3733813371291505,43.08530608888024,16.99686374854125
0.3150000000000002,13.026047706604004,125.66370391845703,0.37551117192220823,43.63302361994151,17.05563610619105
0.3155000000000002,13.069143295288086,125.66370391845703,0.3779225237630726,44.224578749096196,17.120486084697067
0.3160000000000002,13.112290382385254,125.66370391845703,0.3806096586128518,44.8590937215228,17.19116904379417
0.3165000000000002,13.155509948730469,125.66370391845703,0.3835667689001378,45.535912762033966,17.26751189312039
0.3170000000000002,13.198821067810059,125.66370391845703,0.3867879482599786,46.25453482442966,17.349391949910054
0.3175000000000002,13.242244720458984,125.66370391845703,0.39026715564198666,47.01456332363514,17.436727077022617
0.3180000000000002,13.285798072814941,125.66370391845703,0.3939981820352689,47.81566869684394,17.52945709043416
0.3185000000000002,13.329501152038574,125.66370391845703,0.3979746262103897,48.657560600046,17.62754432918914
0.31900000000000023,13.373371124267578,125.66370391845703,0.402189881692554,49.53996730511716,17.730960042125993
0.31950000000000023,13.417425155639648,125.66370391845703,0.406637134787833,50.462620454479165,17.839683664682074
0.32000000000000023,13.461682319641113,125.66370391845703,0.4113093722500765,51.42524378696648,17.953702057019854
0.32050000000000023,13.506158828735352,125.66370391845703,0.41619939665897876,52.42754479769133,18.07300072816445
0.32100000000000023,13.550871849060059,125.66370391845703,0.4212998474845569,53.46920855962471,18.197567096178837
0.32150000000000023,13.595836639404297,125.66370391845703,0.42660322594936906,54.54989313432437,18.327385316853615
0.32200000000000023,13.641071319580078,125.66370391845703,0.4321019220476409,54.67487691020856,18.462441687739215
0.32250000000000023,13.68661117553711,125.66370391845703,0.43715035996640145,55.11560646104292,18.608468457717212
0.32300000000000023,13.73208999633789,125.66370391845703,0.44325609741283284,53.94407929722692,18.65431110108013
0.32350000000000023,13.777831077575684,125.66370391845703,0.443944736090668,55.9529347121196,18.789591194455692
0.32400000000000023,13.82396125793457,125.66370391845703,0.4481804550375839,56.4326878419867,18.960560079582873
0.32450000000000023,13.86948299407959,125.66370391845703,0.4501201551581578,56.11378764662494,18.855219568923033
0.32500000000000023,13.914373397827148,125.66370391845703,0.45257273312389673,55.74619259135759,18.741217362753975
0.32550000000000023,13.958667755126953,125.66370391845703,0.45447170746456195,55.38040302054438,18.635299565697004
0.32600000000000023,14.002427101135254,125.66370391845703,0.45562371501875054,54.89722154781927,18.544608461736747
0.32650000000000023,14.047832489013672,125.66370391845703,0.45833426041723485,58.71171041086353,19.06793852823561
0.32700000000000023,14.094681739807129,125.66370391845703,0.46638746651405116,58.396956301728764,19.539115460592768
0.32750000000000024,14.140154838562012,125.66370391845703,0.46357084775546337,57.4366235216628,19.213956508778775
0.32800000000000024,14.18452262878418,125.66370391845703,0.462192167743384,56.700437197788766,18.961452005369534
0.32850000000000024,14.228029251098633,125.66370391845703,0.46139960236438954,56.15304646559426,18.775439850518932
0.32900000000000024,14.270875930786133,125.66370391845703,0.4608505815634446,55.76554146407297,18.644199809172708
0.32950000000000024,14.313224792480469,125.66370391845703,0.46045170020199644,55.51316679268283,18.557610721691507
0.33000000000000024,14.355205535888672,125.66370391845703,0.46019973024362626,55.375239217212524,18.50728658696846
0.33050000000000024,14.39692497253418,125.66370391845703,0.46011609912912155,55.334849033279816,18.486462914093256
0.33100000000000024,14.438467979431152,125.66370391845703,0.4602227590888971,55.37843388933815,18.48978473292045
0.33150000000000024,14.479907035827637,125.66370391845703,0.46053528215513645,55.49529497872309,18.513082941687525
0.33200000000000024,14.5212984085083,125.66370391845703,0.46106246182630495,55.67711234407407,18.553144044050995
0.33250000000000024,14.562692642211914,125.66370391845703,0.4618078913740638,55.9174956841254,18.60752394824856
0.33300000000000024,14.604131698608398,125.66370391845703,0.4627717576356125,56.21158938467032,18.67437547080114
0.33350000000000024,14.64565372467041,125.66370391845703,0.4639522786454501,56.55573801372326,18.752316040753893
0.33400000000000024,14.68729019165039,125.66370391845703,0.46534668955668024,56.947210812253985,18.840313126683945
0.33450000000000024,14.729073524475098,125.66370391845703,0.466951845915058,57.383979572944725,18.93760662349317
0.33500000000000024,14.77103042602539,125.66370391845703,0.4687645498385721,57.864542541771215,19.043632368343896
0.33550000000000024,14.813187599182129,125.66370391845703,0.4707816943084456,58.387786669493934,19.157977232440942
0.33600000000000024,14.855568885803223,125.66370391845703,0.4730002978666479,58.95288103028354,19.280335606820717
0.33650000000000024,14.898199081420898,125.66370391845703,0.47541747967668135,59.55919508987641,19.410484190018277
0.33700000000000024,14.94110107421875,125.66370391845703,0.47803040716581396,60.20623648978337,19.54825561901239
0.33750000000000024,14.984295845031738,125.66370391845703,0.48083623572263917,60.89360397376898,19.693521472269307
0.33800000000000024,15.027806282043457,125.66370391845703,0.48383205134126017,61.62095194662691,19.846184622044706
0.33850000000000025,15.071653366088867,125.66370391845703,0.4870148216146758,62.387963895271305,20.006164856163785
0.33900000000000025,15.115856170654297,125.66370391845703,0.49038135714191927,63.19433251510547,20.173391872011017
0.33950000000000025,15.16043472290039,125.66370391845703,0.4939282835007047,64.03974488010805,20.347803909167453
0.34000000000000025,15.20541000366211,125.66370391845703,0.4976520229312841,64.9238713882537,20.52934398504892
0.34050000000000025,15.250800132751465,125.66370391845703,0.501548784425194,65.84635752139407,20.717951941416445
0.34100000000000025,15.296622276306152,125.66370391845703,0.5056145607834807,66.80681769644394,20.91356484402246
0.34150000000000025,15.342896461486816,125.66370391845703,0.5098451312562435,67.80483066672751,21.116120624249035
0.34200000000000025,15.389639854431152,125.66370391845703,0.5142360685092005,68.83993607058812,21.325549100837012
0.34250000000000025,15.436867713928223,125.66370391845703,0.5187827488306037,69.91163182866791,21.541772274717864
0.34300000000000025,15.484598159790039,125.66370391845703,0.5234803646635542,70.41679868350433,21.764710228559093
0.34350000000000025,15.529985427856445,125.66370391845703,0.5292107307628902,70.17513282623463,21.10174275682644
0.34400000000000025,15.573528289794922,125.66370391845703,0.5349532327331096,68.16106632821624,20.587052002270962
0.34450000000000025,15.619071960449219,125.66370391845703,0.5345981468919373,70.4202305518735,21.27330899746916
0.34500000000000025,15.666313171386719,125.66370391845703,0.537522399535015,71.24107380300573,21.870390081658073
0.34550000000000025,15.711030006408691,125.66370391845703,0.5394156412242357,70.26624119430952,21.140342758685293
0.34600000000000025,15.7538480758667,125.66370391845703,0.5412668635243857,69.3554863504757,20.600462289727457
0.34650000000000025,15.795281410217285,125.66370391845703,0.5423392363218686,68.37709544656423,20.218087438273585
0.34700000000000025,15.840486526489258,125.66370391845703,0.5437545966126057,72.2378478132351,21.471905097502784
0.34750000000000025,15.888693809509277,125.66370391845703,0.5494344061672397,72.09130718016368,22.491973794841996
0.34800000000000025,15.9340181350708,125.66370391845703,0.5468131630708593,70.51422949143506,21.63809805476146
0.34850000000000025,15.977248191833496,125.66370391845703,0.5451673452047505,69.25284672831351,21.028727615603625
0.34900000000000025,16.019018173217773,125.66370391845703,0.5437763031628324,68.25509315132742,20.616387669135364
0.34950000000000025,16.059799194335938,125.66370391845703,0.5423951059024745,67.47340133735639,20.352535510581525
0.35000000000000026,16.09994888305664,125.66370391845703,0.5409914193787079,66.86903684016605,20.20072397313777
0.35050000000000026,16.139734268188477,125.66370391845703,0.5396017412880431,66.410901498949,20.13379821424146
0.35100000000000026,16.179357528686523,125.66370391845703,0.5382744461754561,66.07434804921078,20.131620662919904
0.35150000000000026,16.21897315979004,125.66370391845703,0.5370504641462894,65.84008455880321,20.179315967297814
0.35200000000000026,16.258703231811523,125.66370391845703,0.5359591747792423,65.69318422452037,20.265936280967054
0.35250000000000026,16.298635482788086,125.66370391845703,0.535019715149407,65.62221779482924,20.383435442517754
0.35300000000000026,16.338850021362305,125.66370391845703,0.5342436484489373,65.61851557166838,20.525933541415082
0.35350000000000026,16.37940216064453,125.66370391845703,0.5336374831799192,65.67555531313894,20.68912124674576
0.35400000000000026,16.420347213745117,125.66370391845703,0.5332046080803738,65.78846508248095,20.869863947278578
0.35450000000000026,16.46172523498535,125.66370391845703,0.5329466253569157,65.95362635376877,21.0658664115765
0.35500000000000026,16.503572463989258,125.66370391845703,0.5328641984774996,66.16836162368327,21.275453887610208
0.35550000000000026,16.545923233032227,125.66370391845703,0.5329575502741112,66.43069141444114,21.497403018403094
0.35600000000000026,16.58880615234375,125.66370391845703,0.53322672690197,66.73914710291226,21.730811063031
0.35650000000000026,16.63224983215332,125.66370391845703,0.5336717142125794,67.09262793618481,21.97501119783179
0.35700000000000026,16.676280975341797,125.66370391845703,0.5342924667822776,67.49029256116226,22.229502849283985
0.35750000000000026,16.72092056274414,125.66370391845703,0.535088889365377,67.93147722118697,22.493897552223164
0.35800000000000026,16.766193389892578,125.66370391845703,0.5360607958488559,68.41563437074008,22.767895976655545
0.35850000000000026,16.812122344970703,125.66370391845703,0.5372078607821155,68.94228680477225,23.051254488037927
0.35900000000000026,16.85872459411621,125.66370391845703,0.5385295720154192,69.510993500859,23.343761002563152
0.35950000000000026,16.906023025512695,125.66370391845703,0.5400251888583161,70.12132425559074,23.645237008017492
0.36000000000000026,16.95403480529785,125.66370391845703,0.5416937076681192,70.77284089322244,23.95551193481834
0.36050000000000026,17.002779006958008,125.66370391845703,0.543533835329178,71.46508336693994,24.274426486280696
0.36100000000000027,17.052274703979492,125.66370391845703,0.5455439702959142,72.19755949082207,24.60182482205362
0.36150000000000027,17.102535247802734,125.66370391845703,0.5477221904879556,72.9697373595134,24.93754242121578
0.36200000000000027,17.15357780456543,125.66370391845703,0.5500662471769221,73.78103975430808,25.28141690679498
0.36250000000000027,17.205419540405273,125.66370391845703,0.5525735639868752,74.63084001634728,25.633280594287932
0.36300000000000027,17.258071899414062,125.66370391845703,0.5552412401800519,75.5184590039341,25.992950330963975
0.36350000000000027,17.31155014038086,125.66370391845703,0.5580660574788432,76.44316285258046,26.36024037062094
0.36400000000000027,17.365863800048828,125.66370391845703,0.5610444897626906,77.40416133181785,26.734947087267507
0.36450000000000027,17.42102813720703,125.66370391845703,0.5641727150640302,77.347561662604,27.116865571633674
0.36500000000000027,17.47024154663086,125.66370391845703,0.5669662687285483,75.23664968732741,25.11526968017148
0.36550000000000027,17.515155792236328,125.66370391845703,0.5698051666693804,72.38179381876361,23.67511227755784
0.36600000000000027,17.56440544128418,125.66370391845703,0.568654584126842,75.35951688834109,25.26549959336877
0.36650000000000027,17.61711311340332,125.66370391845703,0.5705357569266294,75.97987398279326,26.56037679567806
0.36700000000000027,17.664688110351562,125.66370391845703,0.569373787370742,73.49375145897139,24.820546029585177
0.36750000000000027,17.708621978759766,125.66370391845703,0.5683585524489583,71.4397117946882,23.59328748670928
0.36800000000000027,17.750064849853516,125.66370391845703,0.5667819958634455,69.75362685027962,22.764901564799203
0.36850000000000027,17.789859771728516,125.66370391845703,0.5645560510311367,68.36607693475722,22.23068698145129
0.36900000000000027,17.82862663269043,125.66370391845703,0.56180793815354,67.22135205313786,21.913711447426273
0.3695000000000003,17.866823196411133,125.66370391845703,0.558708462347899,66.27525340890818,21.75773133897819
0.3700000000000003,17.904788970947266,125.66370391845703,0.5554105922578332,65.49306078508907,21.7217294632442
0.3705000000000003,17.942773818969727,125.66370391845703,0.5520335783646908,64.84777756206779,21.775849485907877
0.3710000000000003,17.98097038269043,125.66370391845703,0.5486642369177216,64.31861774152031,21.89840385572252
0.3715000000000003,18.01951789855957,125.66370391845703,0.5453634137123116,63.88972202606589,22.073646637891212
0.3720000000000003,18.05853271484375,125.66370391845703,0.5421729088158492,63.549089330209576,22.290173254095922
0.3725000000000003,18.09809684753418,125.66370391845703,0.5391212748330855,63.28770412661394,22.53970858192127
0.3730000000000003,18.13828468322754,125.66370391845703,0.5362281801900072,63.09883552131666,22.816265583807628
0.3735000000000003,18.17915153503418,125.66370391845703,0.5335074947069924,62.97748228445817,23.115494579602938
0.3740000000000003,18.220746994018555,125.66370391845703,0.5309693780618218,62.91993877846542,23.434237149835372
0.3745000000000003,18.26310920715332,125.66370391845703,0.5286216426326377,62.92345895247855,23.770183082780378
0.3750000000000003,18.3062744140625,125.66370391845703,0.5264706114529595,62.98599853718135,24.121639239904912
0.3755000000000003,18.350276947021484,125.66370391845703,0.5245216363908087,63.106018730462495,24.48735373707588
0.3760000000000003,18.395143508911133,125.66370391845703,0.5227793940985598,63.28233767612756,24.86638114770761
0.3765000000000003,18.440902709960938,125.66370391845703,0.5212480406514178,63.51401872967953,25.258003316157186
0.3770000000000003,18.48757553100586,125.66370391845703,0.5199312791788225,63.80028680811669,25.661650260252404
0.3775000000000003,18.535188674926758,125.66370391845703,0.5188323761664582,64.1404660304007,26.076870687744513
0.3780000000000003,18.583763122558594,125.66370391845703,0.5179541494150265,64.53393340236816,26.50328197450758
0.3785000000000003,18.633317947387695,125.66370391845703,0.517298942173423,64.98008453079672,26.94055049599618
0.3790000000000003,18.68387222290039,125.66370391845703,0.5168685924119174,65.47830831676441,27.388376499227594
0.3795000000000003,18.735445022583008,125.66370391845703,0.5166644026177913,66.02796832687095,27.846481330234536
0.3800000000000003,18.78805160522461,125.66370391845703,0.5166871132165637,66.62838911552218,28.31459247663065
0.3805000000000003,18.84170913696289,125.66370391845703,0.5169368812918178,67.278846209144,28.79244525386503
0.3810000000000003,18.89643096923828,125.66370391845703,0.5174132653904904,67.97855879426102,29.279769300345787
0.3815000000000003,18.952232360839844,125.66370391845703,0.5181152166570153,68.72668440033624,29.776293620690396
0.3820000000000003,19.009124755859375,125.66370391845703,0.5190410762091238,69.52231505455966,30.281735062052967
0.3825000000000003,19.06711769104004,125.66370391845703,0.520188578467318,70.36447452453993,30.795799018961016
0.3830000000000003,19.126224517822266,125.66370391845703,0.5215548600280665,71.25211636784717,31.31818709328898
0.3835000000000003,19.186452865600586,125.66370391845703,0.5231364735961784,72.18412258352197,31.84858052177864
0.3840000000000003,19.247812271118164,125.66370391845703,0.5249294064467879,71.90280563629398,32.38665143154854
0.3845000000000003,19.301250457763672,125.66370391845703,0.5256168537283599,68.35810181153434,29.420695162244627
0.3850000000000003,19.349037170410156,125.66370391845703,0.5264471652477344,64.72949639234947,27.308170984039844
0.3855000000000003,19.402509689331055,125.66370391845703,0.5241001526557098,68.3933460492226,29.590940322577804
0.3860000000000003,19.460485458374023,125.66370391845703,0.525040790294302,69.18374554694351,31.4329021810366
0.3865000000000003,19.511899948120117,125.66370391845703,0.5214278715173088,65.61029718366852,28.95731239244856
0.3870000000000003,19.558712005615234,125.66370391845703,0.5181644364214365,62.78123276448336,27.226875338823096
0.3875000000000003,19.6024169921875,125.66370391845703,0.5144717339333448,60.55818624381613,26.071381280324065
0.3880000000000003,19.64410972595215,125.66370391845703,0.5102274162496397,58.80968561878028,25.336895360290306
0.3885000000000003,19.684585571289062,125.66370391845703,0.5055483890125244,57.4355875980545,24.911122106651792
0.3890000000000003,19.72442626953125,125.66370391845703,0.5006056081550668,56.359913756107495,24.712500086357355
0.3895000000000003,19.764062881469727,125.66370391845703,0.4955562126243727,55.52519701930787,24.68190540397187
0.3900000000000003,19.803810119628906,125.66370391845703,0.49052477842628656,54.888136170441896,24.776532142951304
0.3905000000000003,19.84390640258789,125.66370391845703,0.48560345303709596,54.41623104174272,24.965429218812247
0.3910000000000003,19.884525299072266,125.66370391845703,0.48085804710700797,54.08517548424632,25.226220548039965
0.3915000000000003,19.925806045532227,125.66370391845703,0.47633490632971187,53.87684396074883,25.542745715046372
0.3920000000000003,19.967851638793945,125.66370391845703,0.4720667603920812,53.77774436291165,25.90331636629416
0.3925000000000003,20.010746002197266,125.66370391845703,0.46807714614704277,53.77783579343345,26.29947589982362
0.3930000000000003,20.054553985595703,125.66370391845703,0.46438352720353354,53.86963035024751,26.725086105623877
0.3935000000000003,20.099332809448242,125.66370391845703,0.46099938300830656,54.04751439140912,27.175682162908053
0.3940000000000003,20.14512825012207,125.66370391845703,0.4579355430029523,54.30723824122992,27.647991339527945
0.3945000000000003,20.191978454589844,125.66370391845703,0.4552009945849166,54.64553431560057,28.13959455836231
0.3950000000000003,20.239917755126953,125.66370391845703,0.4528033383969116,55.05983255937421,28.64868431076107
0.3955000000000003,20.288976669311523,125.66370391845703,0.45074901593881295,55.54804921769547,29.17388679212299
0.3960000000000003,20.33918571472168,125.66370391845703,0.4490433965126055,56.108430597676936,29.714139506281057
0.3965000000000003,20.390565872192383,125.66370391845703,0.44769078256990685,56.73943788233121,30.26858550479716
0.3970000000000003,20.44314193725586,125.66370391845703,0.44669437274274776,57.439662470145166,30.836526629015484
0.3975000000000003,20.496932983398438,125.66370391845703,0.44605620816304015,58.20776393306295,31.417362128920438
0.3980000000000003,20.551958084106445,125.66370391845703,0.4457771183709457,59.04242468188725,32.0105629788084
0.3985000000000003,20.60823631286621,125.66370391845703,0.44585667683224,59.94231693956694,32.61564751532941
0.3990000000000003,20.665782928466797,125.66370391845703,0.4462931718520528,60.90607876067463,33.23215777599888
0.3995000000000003,20.724611282348633,125.66370391845703,0.447083595806486,61.93229668764193,33.85964948243764
0.4000000000000003,20.78473472595215,125.66370391845703,0.44822365365603,63.019493269842435,34.49768579150005
0.4005000000000003,20.84616470336914,125.66370391845703,0.44970779035549746,63.45304039555076,35.14582739309672
0.4010000000000003,20.900272369384766,125.66370391845703,0.4517312300104207,59.82858555234405,32.178022690107795
0.4015000000000003,20.949115753173828,125.66370391845703,0.4534100935647562,55.659696784562385,30.049159444143182
0.4020000000000003,21.003520965576172,125.66370391845703,0.44952418623521834,59.63320523623007,32.46439569053128
0.4025000000000003,21.062402725219727,125.66370391845703,0.4498246074839925,61.18157685087754,34.442721812189355
0.4030000000000003,21.115087509155273,125.66370391845703,0.446482441018943,57.552958185674875,31.913087604655708
0.4035000000000003,21.163400650024414,125.66370391845703,0.4432800500905653,54.72358268727495,30.137492723743257
0.4040000000000003,21.208755493164062,125.66370391845703,0.4394216912054543,52.55252229037977,28.94776343831974
0.4045000000000003,21.25218391418457,125.66370391845703,0.43484772840858016,50.901186185342475,28.18978308653934
0.4050000000000003,21.29444694519043,125.66370391845703,0.42975030542312076,49.66361404237392,27.75058431314704
0.4055000000000003,21.336103439331055,125.66370391845703,0.42436775962265993,48.75917592270266,27.54773808607896
0.4060000000000003,21.37757110595703,125.66370391845703,0.4189119625889688,48.126723972901345,27.52122913251235
0.4065000000000003,21.419160842895508,125.66370391845703,0.413550191278803,47.72006035678115,27.627425333472438
0.4070000000000003,21.461103439331055,125.66370391845703,0.4084073904750924,47.50440689869463,27.834636674231618
0.4075000000000003,21.503578186035156,125.66370391845703,0.40357448194426565,47.45365783713724,28.119867539771924
0.4080000000000003,21.546724319458008,125.66370391845703,0.3991170861041743,47.548251376043254,28.46642865522093
0.4085000000000003,21.59065055847168,125.66370391845703,0.3950827637397136,47.77353028005802,28.86219617243389
0.4090000000000003,21.63544273376465,125.66370391845703,0.3915064177479492,48.11848703141192,29.29834514609727
0.4095000000000003,21.68117332458496,125.66370391845703,0.38841405908266147,48.57480922606764,29.76843477919594
0.4100000000000003,21.727903366088867,125.66370391845703,0.38582529504464497,49.136157565965995,30.267738402876653
0.4105000000000003,21.77568244934082,125.66370391845703,0.3837548908357138,49.797622685775245,30.79275619710631
0.4110000000000003,21.824556350708008,125.66370391845703,0.3822136952740513,50.5553185131476,31.340873438612487
0.4115000000000003,21.87456512451172,125.66370391845703,0.3812091533787817,51.406079200842065,31.910103473160905
0.4120000000000003,21.925743103027344,125.66370391845703,0.3807455683600645,52.347234174831904,32.49890399013187
0.4125000000000003,21.97812271118164,125.66370391845703,0.3808242274521326,53.376441796208724,33.106050168524064
0.4130000000000003,22.0317325592041,125.66370391845703,0.3814434693569403,54.49156680219114,33.73053653155362
0.4135000000000003,22.086599349975586,125.66370391845703,0.3825987437616805,55.69059031319784,34.37151107887114
0.4140000000000003,22.142749786376953,125.66370391845703,0.3842826933137779,56.971543978004334,35.02822886645413
0.4145000000000003,22.200204849243164,125.66370391845703,0.38648527382051434,58.33246195408197,35.70000739438861
0.4150000000000003,22.25898551940918,125.66370391845703,0.3891939179754359,59.77134603073973,36.3862096876952
0.4155000000000003,22.319110870361328,125.66370391845703,0.3923937406615349,60.05975608611338,37.08622268509847
0.4160000000000003,22.373882293701172,125.66370391845703,0.3938345894922936,57.02073549584055,34.782969548815394
0.4165000000000003,22.42470932006836,125.66370391845703,0.39560304223831466,54.52366283177495,33.09487165872051
0.4170000000000003,22.47271156311035,125.66370391845703,0.39580036402880764,51.629122945005115,31.89665834181891
0.4175000000000003,22.526447296142578,125.66370391845703,0.39278817802119914,56.89624485449856,34.55803146553244
0.4180000000000003,22.58483123779297,125.66370391845703,0.3960830469141089,58.70992982982698,36.748328851447226
0.4185000000000003,22.638660430908203,125.66370391845703,0.3913244596097269,55.647882335908626,34.77583353946834
0.4190000000000003,22.689252853393555,125.66370391845703,0.3873249446922038,53.34295118493406,33.3857634615385
0.4195000000000003,22.737646102905273,125.66370391845703,0.38329382429342174,51.666060889844516,32.45816493328445
0.4200000000000003,22.78461265563965,125.66370391845703,0.3790958128764159,50.49041558112902,31.876419759725987
0.4205000000000003,22.83072853088379,125.66370391845703,0.37484989134354896,49.71856391338345,31.554098940664492
0.4210000000000003,22.876428604125977,125.66370391845703,0.37073363071835247,49.27603862144748,31.427516494015013
0.4215000000000003,22.922035217285156,125.66370391845703,0.36691091958610594,49.10615935095485,31.449858542127732
0.4220000000000003,22.967802047729492,125.66370391845703,0.36351149123592563,49.16594841659997,31.586798664770434
0.4225000000000003,23.0139217376709,125.66370391845703,0.360630386317264,49.422918288224714,31.813187738444856
0.4230000000000003,23.0605411529541,125.66370391845703,0.35833375095208997,49.85255504480833,32.11060699841769
0.4235000000000003,23.107786178588867,125.66370391845703,0.35666552717443134,50.436359814852835,32.46557618381555
0.4240000000000003,23.155750274658203,125.66370391845703,0.3556531456363824,51.16033556188305,32.86819135078498
0.4245000000000003,23.204517364501953,125.66370391845703,0.3553118084820957,52.01382640904282,33.31116747224155
0.4250000000000003,23.2541561126709,125.66370391845703,0.3556475058280013,52.98863345447352,33.789105532544205
0.4255000000000003,23.304725646972656,125.66370391845703,0.35665906714919543,54.07834545471368,34.297970678056075
0.4260000000000003,23.356279373168945,125.66370391845703,0.35833954653343697,55.27783506986317,34.83471133027057
0.4265000000000003,23.408863067626953,125.66370391845703,0.36067718369898916,56.58288169915099,35.39697510167067
0.4270000000000003,23.4625186920166,125.66370391845703,0.36365611578165846,57.98989044605748,35.98291002926024
0.4275000000000003,23.51728630065918,125.66370391845703,0.3672569556034552,59.495683638916994,36.5910193241094
0.4280000000000003,23.573200225830078,125.66370391845703,0.3714573057174603,61.09734682091663,37.22004811113748
0.4285000000000003,23.630292892456055,125.66370391845703,0.37623224413931255,62.79211543935494,37.8689114648883
0.4290000000000003,23.6885929107666,125.66370391845703,0.38155479552785415,63.20510579558734,38.536635109729346
0.4295000000000003,23.74403953552246,125.66370391845703,0.38441377604413646,61.380124542662344,37.27258850854371
0.4300000000000003,23.79721450805664,125.66370391845703,0.3877002300528384,59.751238387437084,36.2764822343346
0.4305000000000003,23.848636627197266,125.66370391845703,0.38943631829922776,57.69375350022792,35.520770573308624
0.4310000000000003,23.903945922851562,125.66370391845703,0.38895481843244695,62.6114194892838,37.46236628646752
0.4315000000000003,23.96257209777832,125.66370391845703,0.39478022180661304,64.01255975618227,39.14590258654023
0.43200000000000033,24.018125534057617,125.66370391845703,0.3912788753921508,61.675723891264575,37.762293825467175
0.43250000000000033,24.0714054107666,125.66370391845703,0.38868421030923844,59.90397702502808,36.75351166651261
0.43300000000000033,24.123075485229492,125.66370391845703,0.38617721158865403,58.62161384655792,36.056533790773756
0.43350000000000033,24.17364501953125,125.66370391845703,0.3836022530611888,57.74641787523561,35.601840293757455
0.43400000000000033,24.2235107421875,125.66370391845703,0.3810645635930105,57.21186694595362,35.335850357814444
0.43450000000000033,24.272981643676758,125.66370391845703,0.3787296626996692,56.96491314893254,35.21772354028504
0.43500000000000033,24.32229995727539,125.66370391845703,0.37674945682310373,56.96371143267626,35.21653473784841
0.43550000000000033,24.371658325195312,125.66370391845703,0.3752413992397034,57.17556042383935,35.30898610221875
0.43600000000000033,24.421213150024414,125.66370391845703,0.37428801685993923,57.575090388916166,35.477591067440244
0.43650000000000033,24.471088409423828,125.66370391845703,0.3739428955591994,58.14271471088401,35.70924558012438
0.43700000000000033,24.521392822265625,125.66370391845703,0.37423757996288926,58.86334012014444,35.994145470771386
0.43750000000000033,24.572216033935547,125.66370391845703,0.37518747165093613,59.72531532944479,36.324933923064606
0.43800000000000033,24.623634338378906,125.66370391845703,0.3767963094154936,60.719589161616135,36.69606713984419
0.43850000000000033,24.675718307495117,125.66370391845703,0.37905937279784324,61.83904633457556,37.103341373191085
0.43900000000000033,24.72852897644043,125.66370391845703,0.38196570465658725,63.07798986077962,37.54352447054598
0.43950000000000033,24.782119750976562,125.66370391845703,0.38549964322705566,64.43174189713838,38.014088093698774
0.44000000000000034,24.836545944213867,125.66370391845703,0.3896418963920477,65.8963386857672,38.51302152332839
0.44050000000000034,24.8918514251709,125.66370391845703,0.3943703256863098,67.46829921941254,39.038662779968654
0.44100000000000034,24.948081970214844,125.66370391845703,0.3996605516178329,69.14445102899924,39.589609702288946
0.44150000000000034,25.00527572631836,125.66370391845703,0.40548644953073054,70.92179982012688,40.16462466751893
0.44200000000000034,25.063472747802734,125.66370391845703,0.41182057573146036,71.92450976342779,40.76259065664801
0.44250000000000034,25.120515823364258,125.66370391845703,0.41803637200765537,71.26345103765173,40.27663405488983
0.44300000000000034,25.17641258239746,125.66370391845703,0.42375237870402765,69.50630178556418,39.7912633890266
0.44350000000000034,25.23426628112793,125.66370391845703,0.4247997393034591,73.02985775657882,40.872129007748214
0.44400000000000034,25.293989181518555,125.66370391845703,0.4303847235212125,74.08476607714452,41.915963391293026
0.44450000000000034,25.351694107055664,125.66370391845703,0.43033640632000997,72.44846310849522,40.990086343740955
0.44500000000000034,25.40777015686035,125.66370391845703,0.4305516393893166,71.07430384624156,40.25479240662479
0.44550000000000034,25.462581634521484,125.66370391845703,0.4302056640661714,69.97633868430356,39.699894244323055
0.44600000000000034,25.516441345214844,125.66370391845703,0.4292457810349946,69.14062434872862,39.29896567587975
0.44650000000000034,25.56960678100586,125.66370391845703,0.4278808222809046,68.54741769157016,39.02784427176185
0.44700000000000034,25.622295379638672,125.66370391845703,0.4263619126411744,68.17563386241245,38.86573209911319
0.44750000000000034,25.6746883392334,125.66370391845703,0.4249069353798407,68.00525505116201,38.79534953531941
0.44800000000000034,25.726940155029297,125.66370391845703,0.4236829304248678,68.0184978939177,38.802689970841975
0.44850000000000034,25.7791805267334,125.66370391845703,0.42280963428723106,68.200213809957,38.87658858163876
0.44900000000000034,25.831518173217773,125.66370391845703,0.42236898261736994,68.53785095052503,39.008248660418246
0.44950000000000034,25.884052276611328,125.66370391845703,0.422414754829887,69.0211919853185,39.19080102433717
0.45000000000000034,25.93686866760254,125.66370391845703,0.42298049285569195,69.64199955611204,39.41889270144567
0.45050000000000034,25.99004364013672,125.66370391845703,0.42408540970677566,70.39364555067425,39.6883495742452
0.45100000000000035,26.043651580810547,125.66370391845703,0.4257385638324174,71.2707645385238,39.995906687002936
0.45150000000000035,26.09775161743164,125.66370391845703,0.42794170959387473,72.26894971606043,40.33896227705891
0.45200000000000035,26.152408599853516,125.66370391845703,0.43069120599756994,73.38449688551772,40.715432193143144
0.45250000000000035,26.20767593383789,125.66370391845703,0.4339792883310448,74.61419502241762,41.12358533126833
0.45300000000000035,26.263607025146484,125.66370391845703,0.4377949263350086,75.95515861199972,41.561955018581045
0.45350000000000035,26.320253372192383,125.66370391845703,0.4421244240511498,77.40469567490884,42.02925518948859
0.45400000000000035,26.377660751342773,125.66370391845703,0.4469518639651743,78.96020531485834,42.524313067816635
0.45450000000000035,26.43587303161621,125.66370391845703,0.45225946014302143,80.6190991268667,43.04602911416432
0.45500000000000035,26.49493408203125,125.66370391845703,0.45802785891135495,82.37874156086485,43.593345793138674
0.45550000000000035,26.554882049560547,125.66370391845703,0.46423640836732116,84.23640514844995,44.16521265587133
0.45600000000000035,26.615755081176758,125.66370391845703,0.47086340713951863,85.08298750273927,44.7605766686802
0.45650000000000035,26.67510986328125,125.66370391845703,0.4767277581694234,84.28751567040051,44.052885871243895
0.45700000000000035,26.733057022094727,125.66370391845703,0.4819568364381631,82.70411643331498,43.397130197946744
0.45750000000000035,26.793066024780273,125.66370391845703,0.48388609394644533,86.33907305869644,44.60136154051622
0.45800000000000035,26.854995727539062,125.66370391845703,0.48979126007179524,87.08078714952524,45.73871019847715
0.45850000000000035,26.91461753845215,125.66370391845703,0.4894885298876484,85.20831521605048,44.598640690775596
0.45900000000000035,26.972396850585938,125.66370391845703,0.4893905290060784,83.61598088353875,43.703724782579755
0.45950000000000035,27.028762817382812,125.66370391845703,0.4887863497346185,82.31579771252424,43.03269863253362
0.46000000000000035,27.084070205688477,125.66370391845703,0.4876324967413838,81.2914480322248,42.548493795798066
0.46050000000000035,27.138608932495117,125.66370391845703,0.4861136642388177,80.52091026938167,42.21899878787099
0.46100000000000035,27.19261932373047,125.66370391845703,0.48445083638121117,79.98108475021314,42.017516834872644
0.46150000000000035,27.246299743652344,125.66370391845703,0.4828351856159411,79.65025418313373,41.9224078141387
0.46200000000000035,27.299816131591797,125.66370391845703,0.48141291285888704,79.50924376475095,41.91644651328688
0.46250000000000036,27.353303909301758,125.66370391845703,0.48028867923835733,79.54178614461122,41.98609060991426
0.46300000000000036,27.40688705444336,125.66370391845703,0.4795342165818541,79.73443755681458,42.12080410724211
0.46350000000000036,27.460664749145508,125.66370391845703,0.4791969717152663,80.07626889833787,42.312409725273895
0.46400000000000036,27.514726638793945,125.66370391845703,0.47930714808022196,80.55846833174763,42.554580874139354
0.46450000000000036,27.569154739379883,125.66370391845703,0.47988291355712603,81.17393353756805,42.842408374294116
0.46500000000000036,27.6240234375,125.66370391845703,0.48093403673952256,81.9168943964373,43.1720505260641
0.46550000000000036,27.67939567565918,125.66370391845703,0.4824643281800773,82.7825840995899,43.540451179811704
0.46600000000000036,27.73533821105957,125.66370391845703,0.4844732340246865,83.76696351122887,43.94514903166499
0.46650000000000036,27.79190444946289,125.66370391845703,0.4869568580091872,84.86649652935897,44.38408568565065
0.46700000000000036,27.849149703979492,125.66370391845703,0.48990861444546896,86.07797083928811,44.85550391863091
0.46750000000000036,27.907123565673828,125.66370391845703,0.49331965335150724,87.39835727659325,45.35784059045821
0.46800000000000036,27.96587562561035,125.66370391845703,0.497179151933024,88.82470103364712,45.889664495860224
0.46850000000000036,28.025447845458984,125.66370391845703,0.501474532693594,90.35403855571451,46.449610712345006
0.46900000000000036,28.08588218688965,125.66370391845703,0.5061916448748144,91.98333482569846,47.036353470564784
0.46950000000000036,28.147218704223633,125.66370391845703,0.5113149300936802,93.70943663311387,47.6485739868933
0.47000000000000036,28.209491729736328,125.66370391845703,0.5168275827755215,95.52903826071702,48.284932587541576
0.47050000000000036,28.272735595703125,125.66370391845703,0.5227117096019944,95.83848328449477,48.94406266924249
0.47100000000000036,28.332712173461914,125.66370391845703,0.5264476436165264,93.76735886770614,47.19738892935711
0.47150000000000036,28.390073776245117,125.66370391845703,0.5296499646341005,91.779654417116,45.811694258141735
0.47200000000000036,28.445404052734375,125.66370391845703,0.5311343615747555,89.96729006758486,44.74683652667172
0.47250000000000036,28.49917984008789,125.66370391845703,0.5309185092392424,88.49224621627067,43.947180883117476
0.47300000000000036,28.557634353637695,125.66370391845703,0.5317979397388876,92.01633146240347,46.71148050841676
0.47350000000000037,28.613719940185547,125.66370391845703,0.5299178881993292,89.80914435633473,45.44932745645951
0.47400000000000037,28.668041229248047,125.66370391845703,0.5275821151438849,88.01457376957043,44.52608698418077
0.47450000000000037,28.721115112304688,125.66370391845703,0.5248552880454019,86.60698503152251,43.89478212535165
0.47500000000000037,28.773351669311523,125.66370391845703,0.5219163995030319,85.53301121503414,43.4929135485213
0.47550000000000037,28.825063705444336,125.66370391845703,0.5189542720162392,84.7476356785297,43.27240862187799
0.47600000000000037,28.876510620117188,125.66370391845703,0.5161258513679585,84.21398494967103,43.196728790840645
0.47650000000000037,28.927892684936523,125.66370391845703,0.513549035276585,83.90238696777776,43.23822159550093
0.47700000000000037,28.9793758392334,125.66370391845703,0.5113075792291937,83.78926806899946,43.37604061483222
0.47750000000000037,29.031099319458008,125.66370391845703,0.5094588699123731,83.8560514045986,43.594489105020905
0.47800000000000037,29.083179473876953,125.66370391845703,0.5080411360517693,84.08814577584516,43.88172992037886
0.47850000000000037,29.13571548461914,125.66370391845703,0.5070791071346217,84.47406552582234,44.228798174197166
0.47900000000000037,29.188796997070312,125.66370391845703,0.5065880883236336,85.00469210245039,44.62885420554205
0.47950000000000037,29.24249839782715,125.66370391845703,0.5065767358810633,85.67267093562943,45.07660141795507
0.48000000000000037,29.296894073486328,125.66370391845703,0.507048870498298,86.47192890057434,45.56787891467877
0.48050000000000037,29.35204315185547,125.66370391845703,0.5080046235884674,87.39729456529865,46.099316399803975
0.48100000000000037,29.408008575439453,125.66370391845703,0.5094411448936783,88.44420337753108,46.668124767589276
0.48150000000000037,29.464841842651367,125.66370391845703,0.5113530362830816,89.6084714695033,47.271895620180274
0.4820000000000004,29.522592544555664,125.66370391845703,0.5137326250260308,90.88612394873333,47.90848602662503
0.4825000000000004,29.58130645751953,125.66370391845703,0.516570151034312,92.27326587895894,48.575920172456684
0.4830000000000004,29.641027450561523,125.66370391845703,0.5198539147667909,93.7659863603727,49.27232287330013
0.4835000000000004,29.701791763305664,125.66370391845703,0.5235704132556814,95.3602880637409,49.99585949196394
0.4840000000000004,29.763635635375977,125.66370391845703,0.5277044788194881,97.05203621719212,50.74471188858543
0.4845000000000004,29.826589584350586,125.66370391845703,0.5322394266790268,97.21340374591297,51.51704256502933
0.4850000000000004,29.884546279907227,125.66370391845703,0.5346105395438541,93.72660978567568,48.631860428524156
0.4855000000000004,29.938716888427734,125.66370391845703,0.5362439538577564,90.6661450442747,46.45476946549491
0.4860000000000004,29.990087509155273,125.66370391845703,0.5360767184514229,88.04262918687054,44.857332831572435
0.4865000000000004,30.039424896240234,125.66370391845703,0.5341817457465131,85.82294603154637,43.71156335159408
0.4870000000000004,30.087326049804688,125.66370391845703,0.530969949231715,83.96858701703287,42.918053804712386
0.4875000000000004,30.134252548217773,125.66370391845703,0.5268863455952782,82.44137014544886,42.400512908498946
0.4880000000000004,30.180574417114258,125.66370391845703,0.5223105543493617,81.20640105199311,42.10086101573848
0.4885000000000004,30.226577758789062,125.66370391845703,0.5175372851378827,80.233378636243,41.975127495821255
0.4890000000000004,30.272497177124023,125.66370391845703,0.5127850139692886,79.49687661601087,41.99017942391361
0.4895000000000004,30.318525314331055,125.66370391845703,0.5082119742649687,78.9760508903976,42.121110758857164
0.4900000000000004,30.36482048034668,125.66370391845703,0.5039316520715624,78.65406920878027,42.34920708455639
0.4905000000000004,30.411516189575195,125.66370391845703,0.5000253788183693,78.51744534626327,42.66038189469106
0.4910000000000004,30.45873260498047,125.66370391845703,0.4965517394447501,78.55538148529548,43.04398844220159
0.4915000000000004,30.506567001342773,125.66370391845703,0.49355324889647406,78.75917172259095,43.49189399046363
0.4920000000000004,30.55511474609375,125.66370391845703,0.4910609168073453,79.12168851883052,43.997822759110456
0.4925000000000004,30.604455947875977,125.66370391845703,0.48909727383405993,79.63695599613173,44.556823322386286
0.4930000000000004,30.654666900634766,125.66370391845703,0.48767832366817415,80.299804516591,45.1649025512513
0.4935000000000004,30.70581817626953,125.66370391845703,0.486814771814054,81.10559667091789,45.81873978180833
0.4940000000000004,30.757970809936523,125.66370391845703,0.4865127861310489,82.05001350853365,46.515472214669714
0.4945000000000004,30.811185836791992,125.66370391845703,0.48677446893627485,83.12889017513943,47.25255574685591
0.4950000000000004,30.86551856994629,125.66370391845703,0.48759816412320517,84.33809124832447,48.02764446395775
0.4955000000000004,30.9210205078125,125.66370391845703,0.48897868156533414,85.67341748168579,48.83851193862535
0.4960000000000004,30.977737426757812,125.66370391845703,0.49090749141167456,87.13053710908396,49.682989141668315
0.4965000000000004,31.03571128845215,125.66370391845703,0.49337291975492037,88.70493618434847,50.55892479519437
0.4970000000000004,31.094982147216797,125.66370391845703,0.4963603622994561,90.39188357947053,51.46415809792746
0.4975000000000004,31.15558433532715,125.66370391845703,0.49985252242436196,90.94669033974502,52.39649097212733
0.4980000000000004,31.21042823791504,125.66370391845703,0.5022416718325432,86.71403748138056,48.895178586267875
0.4985000000000004,31.260982513427734,125.66370391845703,0.5034687788449147,83.10881386955396,46.29614139291431
0.4990000000000004,31.308433532714844,125.66370391845703,0.5025581031164867,79.86435313068836,44.42474860912119
0.4995000000000004,31.361982345581055,125.66370391845703,0.5005115863476577,86.20199247842012,48.32611209570429
0.5000000000000003,31.420467376708984,125.66370391845703,0.503992210312181,87.90412683154524,51.52185110438599
0.5005000000000003,31.473974227905273,125.66370391845703,0.49820424317181905,83.45457787893923,48.476553073857666
0.5010000000000002,31.523944854736328,125.66370391845703,0.49278495839484426,80.02404655573947,46.32759448793823
0.5015000000000002,31.571533203125,125.66370391845703,0.4872760525944787,77.44824986098529,44.894453978870466
0.5020000000000001,31.617603302001953,125.66370391845703,0.4816648409126778,75.56192604075376,44.0010635298173
0.5025000000000001,31.662805557250977,125.66370391845703,0.47610489883645407,74.23717425761093,43.51673755313434
0.503,31.707637786865234,125.66370391845703,0.4707750127452815,73.37566029091163,43.344969650762714
0.5035,31.752479553222656,125.66370391845703,0.4658298572069431,72.90204371421612,43.4146002334904
0.5039999999999999,31.79762840270996,125.66370391845703,0.46138852972571553,72.75872235054864,43.673185860426585
0.5044999999999998,31.84331703186035,125.66370391845703,0.45753706368181196,72.90165589162969,44.08203114089595
0.5049999999999998,31.889734268188477,125.66370391845703,0.4543348418476966,73.29707515749948,44.61250771979715
0.5054999999999997,31.937034606933594,125.66370391845703,0.4518209998667985,73.91891312565687,45.24332280864337
0.5059999999999997,31.985342025756836,125.66370391845703,0.45001957827595385,74.74681759527878,45.95850159412717
0.5064999999999996,32.03476333618164,125.66370391845703,0.4489432677787949,75.76462690146484,46.74592041713101
0.5069999999999996,32.085391998291016,125.66370391845703,0.4485959770294518,76.95921002977349,47.59622489688733
0.5074999999999995,32.13731002807617,125.66370391845703,0.4489745389568035,78.31959051163619,48.50203898545376
0.5079999999999995,32.190582275390625,125.66370391845703,0.45006984317518034,79.83628928492124,49.4573782079066
0.5084999999999994,32.245269775390625,125.66370391845703,0.4518676183888621,81.50083515261568,50.45724979953303
0.5089999999999993,32.301429748535156,125.66370391845703,0.4543490230158404,83.30540263212055,51.4973493149185
0.5094999999999993,32.359107971191406,125.66370391845703,0.4574911465499215,85.24254605596185,52.57382915652777
0.5099999999999992,32.41834259033203,125.66370391845703,0.4612674813813142,85.58499591633206,53.68314594993548
0.5104999999999992,32.471675872802734,125.66370391845703,0.4619853336659797,80.95114779385032,49.93971324180122
0.5109999999999991,32.52065658569336,125.66370391845703,0.4620364847600751,77.13071878673985,47.1878062765218
0.5114999999999991,32.56653594970703,125.66370391845703,0.46023659794132743,74.05258050316583,45.234424591374754
0.511999999999999,32.610267639160156,125.66370391845703,0.45667288969138137,71.6142368406794,43.896041311659594
0.512499999999999,32.652584075927734,125.66370391845703,0.45181474118060233,69.72638107636794,43.032738671914224
0.5129999999999989,32.694061279296875,125.66370391845703,0.44617250432687566,68.31362247702971,42.538739586280826
0.5134999999999988,32.73514175415039,125.66370391845703,0.440185584695877,67.31371687644821,42.334440858792256
0.5139999999999988,32.776180267333984,125.66370391845703,0.4341997147926718,66.67614242149155,42.36014454069795
0.5144999999999987,32.81745529174805,125.66370391845703,0.42847558233081146,66.36038852352046,42.57114231928174
0.5149999999999987,32.859195709228516,125.66370391845703,0.42320566029939116,66.33421205649645,42.9339544524501
0.5154999999999986,32.90159606933594,125.66370391845703,0.4185305933945582,66.57201254278198,43.423455300589936
0.5159999999999986,32.9448127746582,125.66370391845703,0.4145524667356511,67.05340186106048,44.020678392456134
0.5164999999999985,32.988983154296875,125.66370391845703,0.4113446361510931,67.76199378097945,44.71119524862033
0.5169999999999985,33.03422546386719,125.66370391845703,0.4089586265685988,68.68440875926973,45.4838851666993
0.5174999999999984,33.080650329589844,125.66370391845703,0.4074288043203536,69.80947375225608,46.33003598847709
0.5179999999999984,33.12834930419922,125.66370391845703,0.4067754865041853,71.1275902321289,47.242651102397005
0.5184999999999983,33.177406311035156,125.66370391845703,0.4070070292750613,72.63024244939558,48.21596564667662
0.5189999999999982,33.22789764404297,125.66370391845703,0.4081213034069758,74.30961977831745,49.24507992280291
0.5194999999999982,33.2798957824707,125.66370391845703,0.41010684444883416,76.15833014253936,50.32569685245043
0.5199999999999981,33.333457946777344,125.66370391845703,0.41294386405419803,78.16918510553249,51.453909199069216
0.5204999999999981,33.388648986816406,125.66370391845703,0.4166052298365445,80.33504070430655,52.6260921688433
0.520999999999998,33.44551086425781,125.66370391845703,0.4210574622850673,81.47091027044868,53.838753726570665
0.521499999999998,33.497718811035156,125.66370391845703,0.42419754030063395,77.70820100529048,50.803623279333785
0.5219999999999979,33.54641342163086,125.66370391845703,0.4261054605455553,74.51800982386536,48.52481515512388
0.5224999999999979,33.59255599975586,125.66370391845703,0.4256679754618682,71.69277815343418,46.87902605201728
0.5229999999999978,33.64457702636719,125.66370391845703,0.42460749268333586,78.67687587442995,50.90795902676232
0.5234999999999977,33.701515197753906,125.66370391845703,0.4301952818654669,80.99816193993323,54.31061740730671
0.5239999999999977,33.7541389465332,125.66370391845703,0.42429894193331574,76.9425468226248,51.48580001991565
0.5244999999999976,33.80373001098633,125.66370391845703,0.4190811881105718,73.93972658115123,49.51216430179129
0.5249999999999976,33.851318359375,125.66370391845703,0.41402200112098975,71.83264391815172,48.2298490499788
0.5254999999999975,33.89769744873047,125.66370391845703,0.40910769714656076,70.45860664109954,47.47685417037085
0.5259999999999975,33.9434700012207,125.66370391845703,0.4045182584533792,69.69008651337646,47.13144212924464
0.5264999999999974,33.989105224609375,125.66370391845703,0.40046210408233823,69.42787729283626,47.10267669112295
0.5269999999999974,34.034969329833984,125.66370391845703,0.3971172753631476,69.5950903049979,47.32275186863214
0.5274999999999973,34.08134841918945,125.66370391845703,0.39461685212515346,70.1322276281214,47.741113570015884
0.5279999999999972,34.128475189208984,125.66370391845703,0.3930509917228867,70.99318753024751,48.320011407013354
0.5284999999999972,34.17654037475586,125.66370391845703,0.39247392742015075,72.14206749804515,49.03113631817353
0.5289999999999971,34.22570037841797,125.66370391845703,0.39291136962511436,73.55063783698367,49.85310238900714
0.5294999999999971,34.276084899902344,125.66370391845703,0.39436682381805915,75.19636841341953,50.769574663840295
0.529999999999997,34.32781219482422,125.66370391845703,0.396826583983708,77.06090366257264,51.76789624578849
0.530499999999997,34.38097381591797,125.66370391845703,0.4002635952553297,79.12889526977149,52.838035998218096
0.5309999999999969,34.43566131591797,125.66370391845703,0.4046404713896934,81.38711646418136,53.971871603392366
0.5314999999999969,34.491939544677734,125.66370391845703,0.40991191537870403,83.8237955428417,55.16259409571239
0.5319999999999968,34.54987716674805,125.66370391845703,0.4160267201636417,84.76044903698781,56.40435010906766
0.5324999999999968,34.604156494140625,125.66370391845703,0.41885036463072817,81.633997739204,53.962999130948496
0.5329999999999967,34.65559768676758,125.66370391845703,0.4209468119777519,78.92448741037632,52.07675576613634
0.5334999999999966,34.70491409301758,125.66370391845703,0.4210435948461032,76.68415394977025,50.681501080482924
0.5339999999999966,34.752708435058594,125.66370391845703,0.4192744582488146,74.90381038534784,49.692723141804514
0.5344999999999965,34.79946517944336,125.66370391845703,0.4161829909554447,73.55843043586513,49.039075280479075
0.5349999999999965,34.8455810546875,125.66370391845703,0.41234748352371037,72.61681448666992,48.662157892687844
0.5354999999999964,34.891395568847656,125.66370391845703,0.40826091529910036,72.04705644622659,48.5150961747519
0.5359999999999964,34.93717956542969,125.66370391845703,0.4043080316937465,71.81941881143028,48.56072804279507
0.5364999999999963,34.98316955566406,125.66370391845703,0.40077575032321094,71.90758167305265,48.76986236006741
0.5369999999999963,35.029563903808594,125.66370391845703,0.39787192775036906,72.28893452339886,49.119651537706616
0.5374999999999962,35.076534271240234,125.66370391845703,0.395743391985476,72.9443497327811,49.59221578619795
0.5379999999999961,35.12423324584961,125.66370391845703,0.39449055361587615,73.85771171113218,50.17350187499373
0.5384999999999961,35.172794342041016,125.66370391845703,0.3941783806998425,75.01536410114494,50.852353533813215
0.538999999999996,35.22234344482422,125.66370391845703,0.39484435751106584,76.40556495033056,51.61979191022748
0.539499999999996,35.27298355102539,125.66370391845703,0.39650421486918735,78.01799472600267,52.46841935984627
0.5399999999999959,35.32482147216797,125.66370391845703,0.3991561339113534,79.84333516392383,53.39201614751758
0.5404999999999959,35.37794494628906,125.66370391845703,0.40278396233023844,81.87292178911271,54.38516952289205
0.5409999999999958,35.43244171142578,125.66370391845703,0.40735981635521845,84.09846508981826,55.4430472723701
0.5414999999999958,35.48838806152344,125.66370391845703,0.412846302128794,86.51183184274633,56.56118939339969
0.5419999999999957,35.54584884643555,125.66370391845703,0.4191984854090066,89.1048771076357,57.73536528009304
0.5424999999999957,35.60490036010742,125.66370391845703,0.42636566798726044,90.33891207539494,58.961505839232395
0.5429999999999956,35.66133117675781,125.66370391845703,0.43090665504049036,88.06161150244074,57.19177243029467
0.5434999999999955,35.715599060058594,125.66370391845703,0.434389472752256,85.91789678792124,55.736999936350486
0.5439999999999955,35.768165588378906,125.66370391845703,0.4356745745522137,84.04260122524416,54.60258184651791
0.5444999999999954,35.81944274902344,125.66370391845703,0.43497280116504167,82.48905943894539,53.75768398000046
0.5449999999999954,35.86978530883789,125.66370391845703,0.43286797034394014,81.2757940982938,53.16825828476315
0.5454999999999953,35.91951370239258,125.66370391845703,0.42995850917917533,80.40193398902943,52.801807922441235
0.5459999999999953,35.96889877319336,125.66370391845703,0.4267465323986969,79.85671819058534,52.62941034202388
0.5464999999999952,36.0181770324707,125.66370391845703,0.4236198214267131,79.62517588764085,52.62638162522828
0.5469999999999952,36.06755447387695,125.66370391845703,0.42086497467201023,79.69132164617231,52.77218284036348
0.5474999999999951,36.11721420288086,125.66370391845703,0.4186878018637672,80.03979632497321,53.04998046389188
0.547999999999995,36.16731643676758,125.66370391845703,0.4172323892024294,80.65657467355294,53.44606551858851
0.548499999999995,36.2180061340332,125.66370391845703,0.41659640732063635,81.52914054042431,53.949273555912605
0.5489999999999949,36.269412994384766,125.66370391845703,0.41684257276445347,82.64638036046514,54.55044256267364
0.5494999999999949,36.32166290283203,125.66370391845703,0.4180069408740596,83.99834627943524,55.24196180728474
0.5499999999999948,36.3748664855957,125.66370391845703,0.4201048432012621,85.57597643734593,56.01736556303495
0.5504999999999948,36.42912292480469,125.66370391845703,0.42313518429800195,87.37082000336979,56.87102379387063
0.5509999999999947,36.484527587890625,125.66370391845703,0.42708364854042585,89.37479032196399,57.79790463682686
0.5514999999999947,36.54116439819336,125.66370391845703,0.4319252057576352,91.5799553624732,58.793368475221754
0.5519999999999946,36.599124908447266,125.66370391845703,0.4376261697248921,93.97836680126802,59.85304960317668
0.5524999999999946,36.658470153808594,125.66370391845703,0.4441459621750118,96.56192504777476,60.97268182471822
0.5529999999999945,36.71928024291992,125.66370391845703,0.4514386648888964,98.16165238247126,62.14809448335205
0.5534999999999944,36.77790832519531,125.66370391845703,0.4577367250284449,96.31584127125545,60.64874244784833
0.5539999999999944,36.83464050292969,125.66370391845703,0.4623496459981124,94.39884893086075,59.34443755256145
0.5544999999999943,36.88979721069336,125.66370391845703,0.46439984182354405,92.58931934324093,58.27735637080511
0.5549999999999943,36.94890213012695,125.66370391845703,0.4661673172631717,99.00079665139174,61.289039959423974
0.5554999999999942,37.01153564453125,125.66370391845703,0.47419532976904966,100.75920835730221,64.00572568217603
0.5559999999999942,37.07119369506836,125.66370391845703,0.4708445662201054,97.60642725455143,61.90731023392089
0.5564999999999941,37.12863540649414,125.66370391845703,0.4679749485854918,95.1853769617384,60.35991165054344
0.556999999999994,37.18451690673828,125.66370391845703,0.46516382762674946,93.43670917773444,59.2933185275169
0.557499999999994,37.2393684387207,125.66370391845703,0.4624347936542744,92.2745391217055,58.61659999196781
0.557999999999994,37.29362106323242,125.66370391845703,0.45997288264796005,91.62389711435351,58.256748209014596
0.5584999999999939,37.34762191772461,125.66370391845703,0.4579770009473317,91.42145604459817,58.156117582138975
0.5589999999999938,37.40166091918945,125.66370391845703,0.45661017435073487,91.61478042055529,58.26960782576355
0.5594999999999938,37.455970764160156,125.66370391845703,0.45598959927852417,92.16098938010752,58.56208612947111
0.5599999999999937,37.51075744628906,125.66370391845703,0.45619105117478614,93.02521125820886,59.00623327989485
0.5604999999999937,37.56618881225586,125.66370391845703,0.4572570681494687,94.17905519830934,59.58071061700201
0.5609999999999936,37.622413635253906,125.66370391845703,0.45920488948432286,95.59922006885529,60.268729906142994
0.5614999999999936,37.67955780029297,125.66370391845703,0.46203292821092334,97.26629280070672,61.0568947471925
0.5619999999999935,37.73773956298828,125.66370391845703,0.4657256705946193,99.16374735635131,61.934328488874876
0.5624999999999934,37.79705047607422,125.66370391845703,0.4702572704382199,101.27713311334418,62.89195405069342
0.5629999999999934,37.85758972167969,125.66370391845703,0.47559417415107624,103.59343079846282,63.92202586850739
0.5634999999999933,37.919429779052734,125.66370391845703,0.48169706756611713,106.1005505429592,65.01767789824011
0.5639999999999933,37.98264694213867,125.66370391845703,0.488522361727805,107.46860951720176,66.17267890155887
0.5644999999999932,38.04298782348633,125.66370391845703,0.4940327468981174,104.95170726449527,64.093496180265
0.5649999999999932,38.10092544555664,125.66370391845703,0.49778584931110426,102.48060933577143,62.36252864786919
0.5654999999999931,38.15693283081055,125.66370391845703,0.49903205425954034,100.22824598781287,60.98554106681782
0.5659999999999931,38.21144104003906,125.66370391845703,0.49813212859546124,98.27106949567774,59.928611091325656
0.566499999999993,38.264827728271484,125.66370391845703,0.4957163692891,96.64249722240358,59.15431557826636
0.566999999999993,38.317413330078125,125.66370391845703,0.49239077059317415,95.3512162760708,58.62692609119066
0.5674999999999929,38.36948776245117,125.66370391845703,0.48865207133132615,94.39256143260805,58.31469032536425
0.5679999999999928,38.42129135131836,125.66370391845703,0.48488008545198563,93.75541313419752,58.1904961822609
0.5684999999999928,38.47304916381836,125.66370391845703,0.48135488255626,93.42617897879195,58.23180335141254
0.5689999999999927,38.524940490722656,125.66370391845703,0.47827863219926914,93.3909377032909,58.42009095703808
0.5694999999999927,38.577144622802734,125.66370391845703,0.47579506148474177,93.63646548663861,58.74027951850055
0.5699999999999926,38.62981033325195,125.66370391845703,0.47400471671868,94.15061075694389,59.180027790182436
0.5704999999999926,38.68307876586914,125.66370391845703,0.47297618289831694,94.9223110665252,59.7291662478297
0.5709999999999925,38.7370719909668,125.66370391845703,0.47275402744878314,95.94143142191213,60.37916086727727
0.5714999999999925,38.79191207885742,125.66370391845703,0.4733643118613166,97.19852978079422,61.12271214750994
0.5719999999999924,38.84770584106445,125.66370391845703,0.4748184012542679,98.68460901964495,61.95338424674321
0.5724999999999923,38.90454864501953,125.66370391845703,0.4771156398703643,100.39088619957202,62.86533622652511
0.5729999999999923,38.96253967285156,125.66370391845703,0.4802453055839378,102.30859302943827,63.85313378870277
0.5734999999999922,39.02175521850586,125.66370391845703,0.4841881270844513,104.42881177859282,64.91154360532238
0.5739999999999922,39.082279205322266,125.66370391845703,0.48891754689089517,106.7423457317719,66.0354606153675
0.5744999999999921,39.1441764831543,125.66370391845703,0.4944008393966632,109.23962080770465,67.21977342474182
0.5749999999999921,39.20751190185547,125.66370391845703,0.5006001415873952,110.34879580432225,68.45932993972647
0.575499999999992,39.26704406738281,125.66370391845703,0.504722288845142,106.8259138930286,65.57677966702856
0.575999999999992,39.32353210449219,125.66370391845703,0.5071341922337032,103.60090057773404,63.28371776216465
0.5764999999999919,39.37767791748047,125.66370391845703,0.5071325296108915,100.78830847261537,61.52681625503141
0.5769999999999919,39.4300651550293,125.66370391845703,0.505076411537461,98.41627848754258,60.22302814273559
0.5774999999999918,39.481178283691406,125.66370391845703,0.5015852032646005,96.48320031625907,59.29961351169061
0.5779999999999917,39.531429290771484,125.66370391845703,0.49725475591860324,94.97235917966506,58.69549904065705
0.5784999999999917,39.5811653137207,125.66370391845703,0.4925747551446698,93.86060851008044,58.36068153746728
0.5789999999999916,39.63066864013672,125.66370391845703,0.48792096776048033,93.12330601210499,58.254874538187394
0.5794999999999916,39.68019104003906,125.66370391845703,0.4835717224522859,92.73687582454531,58.345969582049534
0.5799999999999915,39.729949951171875,125.66370391845703,0.479728996849803,92.67992805567144,58.608472928045785
0.5804999999999915,39.78013229370117,125.66370391845703,0.47653721540266863,92.93354739754932,59.022112423393935
0.5809999999999914,39.83090591430664,125.66370391845703,0.47409797490354594,93.48113809647697,59.57066139516753
0.5814999999999914,39.882423400878906,125.66370391845703,0.472480841904653,94.30806139568307,60.24096152716528
0.5819999999999913,39.934814453125,125.66370391845703,0.4717309736107564,95.4012031023193,61.022121458177956
0.5824999999999912,39.98820114135742,125.66370391845703,0.4718743939711511,96.74854672935155,61.90491689235248
0.5829999999999912,40.042701721191406,125.66370391845703,0.47292164651317564,98.33878961282413,62.88131366530303
0.5834999999999911,40.09841537475586,125.66370391845703,0.47487038517634217,100.16101700433583,63.94407411934808
0.5839999999999911,40.155433654785156,125.66370391845703,0.47770730926908145,102.20443661775299,65.08649451398006
0.584499999999991,40.213844299316406,125.66370391845703,0.48140971776831926,104.45816965440912,66.30220203777299
0.584999999999991,40.273719787597656,125.66370391845703,0.4859468557420538,106.91109147891385,67.58498155847431
0.5854999999999909,40.33512878417969,125.66370391845703,0.4912811501447318,108.22477616384552,68.92868138256095
0.5859999999999909,40.39218521118164,125.66370391845703,0.4952862533473949,104.06545750165941,65.5120534662478
0.5864999999999908,40.445838928222656,125.66370391845703,0.49724662193853625,100.35805288212973,62.847832885334974
0.5869999999999908,40.496917724609375,125.66370391845703,0.49656885491464053,97.18916855860553,60.845520653989254
0.5874999999999907,40.546104431152344,125.66370391845703,0.4936987288645038,94.56050903347163,59.39045685704554
0.5879999999999906,40.593971252441406,125.66370391845703,0.4893181525812497,92.45084449540954,58.38695582429861
0.5884999999999906,40.64097595214844,125.66370391845703,0.48406928792100673,90.82889447485127,57.757245378231865
0.5889999999999905,40.687503814697266,125.66370391845703,0.47847727859674705,89.66064203293772,57.439157861486436
0.5894999999999905,40.73387908935547,125.66370391845703,0.4729458425145516,88.91326047237862,57.38351292746722
0.5899999999999904,40.78038024902344,125.66370391845703,0.4677757793634059,88.55692897531061,57.55162431519111
0.5904999999999904,40.827239990234375,125.66370391845703,0.46318726252146514,88.56540226585622,57.91307467585189
0.5909999999999903,40.874664306640625,125.66370391845703,0.45933932891169355,88.91589588047101,58.4438629520473
0.5914999999999903,40.92283248901367,125.66370391845703,0.45634497843324123,89.58863658204416,59.12486617089176
0.5919999999999902,40.97190856933594,125.66370391845703,0.4542821580904711,90.56628575548275,59.94062561146809
0.5924999999999901,41.02203369140625,125.66370391845703,0.4532014768630435,91.83335233843161,60.878369197210894
0.5929999999999901,41.073341369628906,125.66370391845703,0.4531315536511104,93.3756550552902,61.92728516644953
0.59349999999999,41.125946044921875,125.66370391845703,0.4540827710285764,95.17985973723401,63.077932580614316
0.59399999999999,41.17995834350586,125.66370391845703,0.45605002876852896,97.23309814755893,64.32183099562565
0.5944999999999899,41.2354736328125,125.66370391845703,0.45901491789482285,99.52266447158733,65.65111886417333
0.5949999999999899,41.292579650878906,125.66370391845703,0.46294758858216645,102.03578085256359,67.05832485551007
0.5954999999999898,41.351356506347656,125.66370391845703,0.4678084694862779,104.75942174288545,68.536192125278
0.5959999999999898,41.411865234375,125.66370391845703,0.473549911864602,105.572790313916,70.0775319897033
0.5964999999999897,41.46757125854492,125.66370391845703,0.47507592919145053,100.73724912069336,66.18786935866213
0.5969999999999897,41.51960372924805,125.66370391845703,0.4752969768537756,96.63509741523845,63.22708709265428
0.5974999999999896,41.56894302368164,125.66370391845703,0.47340112803788625,93.28371277715414,61.06308398072073
0.5979999999999895,41.61637496948242,125.66370391845703,0.46969495855022153,90.63190702015638,59.54609762917999
0.5984999999999895,41.66252899169922,125.66370391845703,0.4647835649063331,88.6201062058627,58.55491986346939
0.5989999999999894,41.70793533325195,125.66370391845703,0.45926651674223695,87.1891245207349,57.99326694458688
0.5994999999999894,41.753013610839844,125.66370391845703,0.4536447929834887,86.28449714583786,57.785427153261786
0.5999999999999893,41.798118591308594,125.66370391845703,0.44830753920440486,85.85826260539181,57.87226959437994
0.6004999999999893,41.84354782104492,125.66370391845703,0.443545457036661,85.86923899124764,58.20771356867631
0.6009999999999892,41.889549255371094,125.66370391845703,0.43957000304427984,86.28249065561718,58.75577575511621
0.6014999999999892,41.936344146728516,125.66370391845703,0.4365309538262274,87.06842492135935,59.48819301836913
0.6019999999999891,41.98412322998047,125.66370391845703,0.4345303219070177,88.20178012265171,60.38250019917376
0.602499999999989,42.03304672241211,125.66370391845703,0.4336326860434558,89.66064913383606,61.42052904304584
0.602999999999989,42.08326721191406,125.66370391845703,0.4338726713822068,91.42560904243359,62.587281949178255
0.6034999999999889,42.134918212890625,125.66370391845703,0.43526040953584866,93.47898369927148,63.870030682395324
0.6039999999999889,42.1881103515625,125.66370391845703,0.43778568466778783,95.80424118289706,65.25764071485229
0.6044999999999888,42.242958068847656,125.66370391845703,0.44142128491564375,98.38551555196862,66.74011054217415
0.6049999999999888,42.2995491027832,125.66370391845703,0.44612589645655765,101.20723682482067,68.30815293101638
0.6054999999999887,42.357967376708984,125.66370391845703,0.4518467281415483,102.6353794345623,69.9529564721511
0.6059999999999887,42.41204071044922,125.66370391845703,0.45492489886661996,98.19896989661652,66.36263052151627
0.6064999999999886,42.4627685546875,125.66370391845703,0.45617066481951246,94.37137336851947,63.59905661015216
0.6069999999999885,42.51101303100586,125.66370391845703,0.45489742449294296,91.21710654027218,61.564620397188854
0.6074999999999885,42.5574951171875,125.66370391845703,0.4515452984075775,88.71719286859863,60.135023087430206
0.6079999999999884,42.60280990600586,125.66370391845703,0.4468245122863703,86.83392995112881,59.20638029103404
0.6084999999999884,42.6474494934082,125.66370391845703,0.44141385699429103,85.52291811486283,58.694100079097545
0.6089999999999883,42.69182205200195,125.66370391845703,0.4358736801564486,84.73962434439808,58.53034449277708
0.6094999999999883,42.73627471923828,125.66370391845703,0.43063772002429834,84.44268935731813,58.66121929139308
0.6099999999999882,42.781097412109375,125.66370391845703,0.4260300515407529,84.59524385699139,59.04406888500704
0.6104999999999882,42.8265495300293,125.66370391845703,0.4222866246787401,85.16508335495196,59.645117367347325
0.6109999999999881,42.87284469604492,125.66370391845703,0.4195743437536683,86.12424623505913,60.437425820495676
0.611499999999988,42.92018127441406,125.66370391845703,0.4180059973741624,87.44832855488046,61.399281573202956
0.611999999999988,42.96873092651367,125.66370391845703,0.4176513453868617,89.11572920829708,62.51286160914519
0.6124999999999879,43.018646240234375,125.66370391845703,0.4185452670372858,91.10692993501745,63.7632065213694
0.6129999999999879,43.070064544677734,125.66370391845703,0.4206939036823743,93.40385999679287,65.13742423226526
0.6134999999999878,43.123111724853516,125.66370391845703,0.4240795477565699,95.98936327807843,66.62408347724376
0.6139999999999878,43.17789840698242,125.66370391845703,0.4286647957475009,98.84676786450513,68.21274575020308
0.6144999999999877,43.234519958496094,125.66370391845703,0.4343962680560354,101.95954927577735,69.89361950143994
0.6149999999999877,43.29306411743164,125.66370391845703,0.4412080330313613,103.33401792209335,71.65731705892532
0.6154999999999876,43.34769821166992,125.66370391845703,0.44391336901394224,99.20165579887195,68.35743350520168
0.6159999999999876,43.3992805480957,125.66370391845703,0.44513070141184047,95.63539927951545,65.7950647633697
0.6164999999999875,43.4485969543457,125.66370391845703,0.4440670131224664,92.71744453704493,63.902316598453076
0.6169999999999874,43.49630355834961,125.66370391845703,0.44110560649519176,90.4426978291367,62.57663675819115
0.6174999999999874,43.54296112060547,125.66370391845703,0.4369300452165785,88.78246722452957,61.72883913038069
0.6179999999999873,43.589027404785156,125.66370391845703,0.4322057929705976,87.69807942699752,61.284178491497414
0.6184999999999873,43.6348991394043,125.66370391845703,0.4274850624459283,87.14852562054591,61.18138636671085
0.6189999999999872,43.680912017822266,125.66370391845703,0.4231946108229389,87.09449037929801,61.37087893710115
0.6194999999999872,43.727352142333984,125.66370391845703,0.4196506232500877,87.50014762505893,61.81277746475649
0.6199999999999871,43.774471282958984,125.66370391845703,0.41707922882238174,88.33365305371547,62.47501962342267
0.6204999999999871,43.822486877441406,125.66370391845703,0.4156351876363466,89.56693174241903,63.33166751173649
0.620999999999987,43.8715934753418,125.66370391845703,0.4154168690137711,91.17513080556621,64.36149443952613
0.621499999999987,43.921958923339844,125.66370391845703,0.41647771791018373,93.13595511906391,65.54681002356598
0.6219999999999869,43.9737434387207,125.66370391845703,0.41883502129603717,95.42900689824748,66.87255440107525
0.6224999999999868,44.02708053588867,125.66370391845703,0.4224768094650268,98.03518979418011,68.32553799221833
0.6229999999999868,44.08209991455078,125.66370391845703,0.42736753991668797,100.93620244845361,69.8939111490416
0.6234999999999867,44.1389045715332,125.66370391845703,0.4334529838556284,104.11412629237616,71.56669882178379
0.6239999999999867,44.197601318359375,125.66370391845703,0.44066454131408966,105.93632301957477,73.33352576321982
0.6244999999999866,44.25305938720703,125.66370391845703,0.4451812663661888,102.47757158821513,70.56322557520683
0.6249999999999866,44.30590057373047,125.66370391845703,0.44772262430171417,99.34234535078228,68.33300005037056
0.6254999999999865,44.35673522949219,125.66370391845703,0.4476430945938568,96.68752678720789,66.63394792975606
0.6259999999999865,44.406105041503906,125.66370391845703,0.4454381872464067,94.56304864333482,65.40873488701575
0.6264999999999864,44.4544792175293,125.66370391845703,0.44186495279395105,92.97850152965093,64.59950892650824
0.6269999999999863,44.50227355957031,125.66370391845703,0.43763696210540787,91.92184143028477,64.15324612381697
0.6274999999999863,44.549842834472656,125.66370391845703,0.43333838197561936,91.37059527376776,64.02368421000554
0.6279999999999862,44.597496032714844,125.66370391845703,0.4294175548848537,91.29835904863322,64.17161100710535
0.6284999999999862,44.645511627197266,125.66370391845703,0.42620547353624044,91.67830390145335,64.56431509909784
0.6289999999999861,44.69412612915039,125.66370391845703,0.4239385658509855,92.48485127134788,65.1746442748073
0.6294999999999861,44.74355697631836,125.66370391845703,0.42277885459418013,93.69427729510015,65.98002690418046
0.629999999999986,44.79399871826172,125.66370391845703,0.4228299166212473,95.28472882431862,66.96150668088468
0.630499999999986,44.84562301635742,125.66370391845703,0.42414901469469135,97.23594728261918,68.10289705342763
0.6309999999999859,44.898590087890625,125.66370391845703,0.42675631674518233,99.52887545299994,69.3900877212845
0.6314999999999859,44.95303726196289,125.66370391845703,0.4306421005386391,102.14524551259125,70.81044919114315
0.6319999999999858,45.009098052978516,125.66370391845703,0.43577263299444885,105.0671993227235,72.35240359922723
0.6324999999999857,45.06688690185547,125.66370391845703,0.44209517448578606,108.27696378007398,74.00504486722014
0.6329999999999857,45.126502990722656,125.66370391845703,0.44954235797790265,110.38458045307416,75.75787225310424
0.6334999999999856,45.183284759521484,125.66370391845703,0.45531310588088103,107.32878244966781,73.29147945055192
0.6339999999999856,45.23768997192383,125.66370391845703,0.45871630242761163,104.42156460507982,71.23643975351048
0.6344999999999855,45.29022216796875,125.66370391845703,0.45925006651080363,101.87497794158105,69.62383560985124
0.6349999999999855,45.34134292602539,125.66370391845703,0.4574961688961693,99.77907209364382,68.42646307074244
0.6354999999999854,45.391475677490234,125.66370391845703,0.4542598906318023,98.17123109455811,67.60721057452908
0.6359999999999854,45.44099807739258,125.66370391845703,0.45028259734919013,97.0586654640112,67.12728670053164
0.6364999999999853,45.49024200439453,125.66370391845703,0.4461651342997755,96.43224786727363,66.95019534543141
0.6369999999999852,45.53950500488281,125.66370391845703,0.44236640056814536,96.27482642140284,67.04341416196374
0.6374999999999852,45.589054107666016,125.66370391845703,0.4392246084375031,96.56598145160207,67.3787867088903
0.6379999999999851,45.639122009277344,125.66370391845703,0.43698168672552884,97.28456092660691,67.93224836518883
0.6384999999999851,45.6899299621582,125.66370391845703,0.4358044036678554,98.4098757392989,68.6832982701531
0.638999999999985,45.74166488647461,125.66370391845703,0.43580088880605755,99.92212101343966,69.61431302170288
0.639499999999985,45.79450607299805,125.66370391845703,0.43703305928174957,101.8023776973168,70.7099514345932
0.6399999999999849,45.84861373901367,125.66370391845703,0.4395259427480214,104.03240963835916,71.9565707992899
0.6404999999999849,45.90412902832031,125.66370391845703,0.44327484979881554,106.59438212243504,73.34174693605185
0.6409999999999848,45.96118927001953,125.66370391845703,0.44825113193503696,109.47057193782682,74.85390736835082
0.6414999999999847,46.01991271972656,125.66370391845703,0.4544070179156944,112.64310486454771,76.48199781494843
0.6419999999999847,46.08040237426758,125.66370391845703,0.4616798153695341,116.09373628499448,78.2152484241929
0.6424999999999846,46.14275360107422,125.66370391845703,0.4699956171536557,117.46260897125657,80.04300589828564
0.6429999999999846,46.20185852050781,125.66370391845703,0.4733027832103047,113.81167600104214,77.14799346063887
0.6434999999999845,46.25831604003906,125.66370391845703,0.4750903666556227,110.51176025515237,74.79779343694534
0.6439999999999845,46.31272506713867,125.66370391845703,0.47467105690960393,107.72200510586359,72.9921218037702
0.6444999999999844,46.365623474121094,125.66370391845703,0.47244558141131293,105.49306649767186,71.67688984093206
0.6449999999999844,46.417484283447266,125.66370391845703,0.4690860327479742,103.83358490628255,70.7952367343725
0.6454999999999843,46.46871566772461,125.66370391845703,0.46523762237796357,102.72972367411644,70.2938664904626
0.6459999999999843,46.519683837890625,125.66370391845703,0.46143061811913716,102.15684440782366,70.12561880505218
0.6464999999999842,46.57069778442383,125.66370391845703,0.4580705723988243,102.08625034472551,70.25004763801053
0.6469999999999841,46.62203598022461,125.66370391845703,0.4554540532059812,102.48880541118506,70.63307156658196
0.6474999999999841,46.673946380615234,125.66370391845703,0.4537895285286191,103.33664759003005,71.24613861591072
0.647999999999984,46.72664260864258,125.66370391845703,0.4532163119497865,104.6037920899368,72.06524658284054
0.648499999999984,46.78031921386719,125.66370391845703,0.4538197750388713,106.26612774368466,73.07001565826172
0.6489999999999839,46.83515548706055,125.66370391845703,0.4556430026082513,108.3011150523547,74.24284462208088
0.6494999999999839,46.89130401611328,125.66370391845703,0.4586956525174048,110.68736766008662,75.56817194909839
0.6499999999999838,46.94891357421875,125.66370391845703,0.46296081352057805,113.40421894947046,77.03192254218598
0.6504999999999838,47.00810241699219,125.66370391845703,0.4684004935530561,116.43132618891352,78.62099596874432
0.6509999999999837,47.06898880004883,125.66370391845703,0.47496017320475836,119.74833536505167,80.32295171616968
0.6514999999999836,47.13167190551758,125.66370391845703,0.4825726889682266,121.31060977982332,82.12570121638839
0.6519999999999836,47.19087600708008,125.66370391845703,0.48649064888367327,117.36181164562097,78.95050703669683
0.6524999999999835,47.247249603271484,125.66370391845703,0.48840326817951607,113.76483627320205,76.37414738990269
0.6529999999999835,47.301429748535156,125.66370391845703,0.48780417452395686,110.68971205643842,74.38793333010294
0.6534999999999834,47.353981018066406,125.66370391845703,0.4852002811499858,108.19108128785236,72.92923869137412
0.6539999999999834,47.405391693115234,125.66370391845703,0.48132406602069594,106.27964445376824,71.9345454389659
0.6544999999999833,47.45610046386719,125.66370391845703,0.47685806083700194,104.94247615952871,71.34543359108996
0.6549999999999833,47.5064811706543,125.66370391845703,0.47235807704028837,104.15516008727558,71.11075056909996
0.6554999999999832,47.556854248046875,125.66370391845703,0.46824906425818136,103.88880848468442,71.18695040256932
0.6559999999999832,47.60751724243164,125.66370391845703,0.4648436782570804,104.11384249657539,71.53752557654802
0.6564999999999831,47.65871810913086,125.66370391845703,0.4623645700581703,104.80179610498679,72.13195659262867
0.656999999999983,47.71068572998047,125.66370391845703,0.4609639659625951,105.92596740199056,72.94464853490544
0.657499999999983,47.76362228393555,125.66370391845703,0.46073908522892043,107.46143845424649,73.95386613452085
0.6579999999999829,47.817710876464844,125.66370391845703,0.4617437642918763,109.3847832647595,75.1408178265324
0.6584999999999829,47.873111724853516,125.66370391845703,0.4639971711960072,111.67365237196884,76.48887121529195
0.6589999999999828,47.92997360229492,125.66370391845703,0.46749048770720686,114.30633977903868,77.98293932790322
0.6594999999999828,47.988426208496094,125.66370391845703,0.4721922496562114,117.26138692298893,79.60896955261916
0.6599999999999827,48.048587799072266,125.66370391845703,0.4780528165359233,120.51724803370249,81.35357047404362
0.6604999999999827,48.110557556152344,125.66370391845703,0.4850082513537341,122.17695771295772,83.20370781698999
0.6609999999999826,48.16868591308594,125.66370391845703,0.48883177121249327,117.72768609520875,79.60446259198973
0.6614999999999825,48.223724365234375,125.66370391845703,0.49038216043092203,113.73107290695212,76.72273098389897
0.6619999999999825,48.27640151977539,125.66370391845703,0.4892600516205081,110.34208380979273,74.5247259872929
0.6624999999999824,48.327335357666016,125.66370391845703,0.48603960744243396,107.59965898678087,72.92583155327958
0.6629999999999824,48.3770751953125,125.66370391845703,0.4814959634240416,105.5024796175247,71.84634422593653
0.6634999999999823,48.42608642578125,125.66370391845703,0.4763412936381803,104.02840944389388,71.21586400012023
0.6639999999999823,48.474769592285156,125.66370391845703,0.47115378152572307,103.14591426286923,70.97435451407772
0.6644999999999822,48.52347946166992,125.66370391845703,0.46637628001735826,102.82052901054026,71.07163650826959
0.6649999999999822,48.57251739501953,125.66370391845703,0.462336202707947,103.01821625600292,71.46613548505927
0.6654999999999821,48.622154235839844,125.66370391845703,0.45926837906516793,103.7068511388877,72.12344674366153
0.665999999999982,48.67262649536133,125.66370391845703,0.4573348160049756,104.85663371185935,73.0148876081697
0.666499999999982,48.724143981933594,125.66370391845703,0.45664012221102507,106.43993165269934,74.116213966275
0.6669999999999819,48.77690124511719,125.66370391845703,0.45724309303423605,108.43085837889004,75.40653645992542
0.6674999999999819,48.8310661315918,125.66370391845703,0.45916542167929797,110.80476379641962,76.86740041284382
0.6679999999999818,48.88678741455078,125.66370391845703,0.4623984617716819,113.53773462735778,78.48207700847698
0.6684999999999818,48.9442024230957,125.66370391845703,0.46690875022083433,116.60615231341804,80.23501412490248
0.6689999999999817,49.0034294128418,125.66370391845703,0.4726427551162818,119.98632773050679,82.11139560196347
0.6694999999999817,49.064571380615234,125.66370391845703,0.4795311053374531,121.44393908521317,84.09682622457275
0.6699999999999816,49.12147521972656,125.66370391845703,0.4820616549793039,116.39943194497641,80.03310156876388
0.6704999999999816,49.175048828125,125.66370391845703,0.48258022453475974,112.0130067312102,76.84750310859049
0.6709999999999815,49.22611999511719,125.66370391845703,0.48063218033147204,108.39388724102685,74.4696565985223
0.6714999999999814,49.27540588378906,125.66370391845703,0.47675339253022025,105.54387227944383,72.7838245173595
0.6719999999999814,49.32350158691406,125.66370391845703,0.4716992569732978,103.43429309580593,71.6874898445
0.6724999999999813,49.37092590332031,125.66370391845703,0.4661728548708993,102.022761032848,71.09354729050797
0.6729999999999813,49.41810989379883,125.66370391845703,0.4607487839541643,101.26259422289527,70.92961198747463
0.6734999999999812,49.465431213378906,125.66370391845703,0.4558685510779059,101.10783449647698,71.13629587224749
0.6739999999999812,49.51321792602539,125.66370391845703,0.4518583333195836,101.51555410180055,71.66507504192124
0.6744999999999811,49.561744689941406,125.66370391845703,0.4489504288006613,102.44658047854941,72.47616866056596
0.6749999999999811,49.61126708984375,125.66370391845703,0.4473021355498389,103.86536138847295,73.53668120487481
0.675499999999981,49.66200256347656,125.66370391845703,0.4470107192114225,105.7394156003073,74.81894707173076
0.675999999999981,49.71414566040039,125.66370391845703,0.4481249140598301,108.03863184755615,76.29921375662877
0.6764999999999809,49.76786422729492,125.66370391845703,0.4506538717570248,110.73456236800556,77.95656412720541
0.6769999999999808,49.82331466674805,125.66370391845703,0.4545744146088385,113.79978542009812,79.7721005018955
0.6774999999999808,49.88063430786133,125.66370391845703,0.4598372146769434,117.2073683629424,81.72828845978951
0.6779999999999807,49.93993377685547,125.66370391845703,0.46637226647957475,119.06933195307974,83.80845705174465
0.6784999999999807,49.99509048461914,125.66370391845703,0.46967178759375694,114.07008973632091,79.76238136000964
0.6789999999999806,50.0469856262207,125.66370391845703,0.4705640953645516,109.70231838120148,76.58461303711175
0.6794999999999806,50.096439361572266,125.66370391845703,0.46870742380547514,106.09627023378467,74.21504593223163
0.6799999999999805,50.14414978027344,125.66370391845703,0.46474100097941123,103.26596416230994,72.54408311205292
0.6804999999999805,50.19072723388672,125.66370391845703,0.4594990304782135,101.19044983151399,71.47289176648613
0.6809999999999804,50.23667907714844,125.66370391845703,0.45374428786079035,99.83206240230567,70.91638223888047
0.6814999999999803,50.28245544433594,125.66370391845703,0.4480971184763415,99.14684089517415,70.80317151698944
0.6819999999999803,50.32843017578125,125.66370391845703,0.44303433063016207,99.09020059662866,71.07415324711219
0.6824999999999802,50.374942779541016,125.66370391845703,0.4389090633935223,99.61967110959664,71.68065784743457
0.6829999999999802,50.42227554321289,125.66370391845703,0.43597342656787325,100.69590376981459,72.58245752673227
0.6834999999999801,50.4706916809082,125.66370391845703,0.4343980586695302,102.28272142686028,73.74601041406888
0.6839999999999801,50.520416259765625,125.66370391845703,0.43428757137527824,104.34668968098448,75.14286733178493
0.68449999999998,50.57164764404297,125.66370391845703,0.4356925377794664,106.85649483691296,76.74838788333155
0.68499999999998,50.624568939208984,125.66370391845703,0.4386190614745973,109.78228978897673,78.54071070393032
0.6854999999999799,50.67933654785156,125.66370391845703,0.44303682164229397,113.0950920226764,80.49991300630647
0.6859999999999798,50.736087799072266,125.66370391845703,0.4488861845049586,116.7662717000048,82.60738745456202
0.6864999999999798,50.794944763183594,125.66370391845703,0.4560846728732858,118.58381313071943,84.84536908936632
0.6869999999999797,50.849761962890625,125.66370391845703,0.4587519788334403,113.59616281475307,80.83209405227824
0.6874999999999797,50.90140914916992,125.66370391845703,0.4593115322263638,109.2928841258763,77.69304110894504
0.6879999999999796,50.950706481933594,125.66370391845703,0.4573408440486191,105.7979173687853,75.37285545367506
0.6884999999999796,50.99835205078125,125.66370391845703,0.4534365477272607,103.11973085048488,73.7637198181736
0.6889999999999795,51.044952392578125,125.66370391845703,0.4484146911258822,101.23246334768429,72.76729130164648
0.6894999999999795,51.091026306152344,125.66370391845703,0.44303064998692065,100.09414020535924,72.29823644287006
0.6899999999999794,51.137020111083984,125.66370391845703,0.43790106389659494,99.65700917052602,72.28446881251601
0.6904999999999794,51.18332290649414,125.66370391845703,0.4334989195356272,99.87311489575082,72.6659574406559
0.6909999999999793,51.23026657104492,125.66370391845703,0.4301712936952833,100.69694079066403,73.39293787970182
0.6914999999999792,51.27814483642578,125.66370391845703,0.4281608870397012,102.0863303913814,74.42403849430558
0.6919999999999792,51.32721710205078,125.66370391845703,0.42762521631147044,104.00246463388943,75.72450917475199
0.6924999999999791,51.37771224975586,125.66370391845703,0.42865229355882517,106.40937468222174,77.26467729214541
0.6929999999999791,51.42983627319336,125.66370391845703,0.43127332777563004,109.27327466541263,79.01866655937258
0.693499999999979,51.483760833740234,125.66370391845703,0.43547333481632317,112.56187397228389,80.9633351925409
0.693999999999979,51.539649963378906,125.66370391845703,0.44120037058420714,116.24375152841532,83.07749408530654
0.6944999999999789,51.59764099121094,125.66370391845703,0.44837379595534693,118.61368647560528,85.34124359398267
0.6949999999999789,51.652099609375,125.66370391845703,0.45286480725066014,114.21209937176602,81.78730614207927
0.6954999999999788,51.70371627807617,125.66370391845703,0.4546566227290196,110.27562076701194,78.93471925211043
0.6959999999999787,51.75318145751953,125.66370391845703,0.4534941647608937,106.99956925865432,76.7817667361814
0.6964999999999787,51.80110168457031,125.66370391845703,0.4501122786404094,104.44405674841285,75.2615006544032
0.6969999999999786,51.8480339050293,125.66370391845703,0.44542375128734873,102.61914298906476,74.30391690664096
0.6974999999999786,51.89445114135742,125.66370391845703,0.44025200769669237,101.50781784688049,73.84325040354179
0.6979999999999785,51.9407844543457,125.66370391845703,0.43526265655038643,101.07966564677143,73.82092950668468
0.6984999999999785,51.987403869628906,125.66370391845703,0.43096472675405956,101.29874916834487,74.1861929886411
0.6989999999999784,52.03463363647461,125.66370391845703,0.4277321668567001,102.1278511575761,74.89560962853675
0.6994999999999784,52.08277130126953,125.66370391845703,0.42582764053485384,103.53050195973067,75.91209514059781
0.6999999999999783,52.132076263427734,125.66370391845703,0.42542310413613704,105.47172080411717,77.20373459902571
0.7004999999999783,52.18278121948242,125.66370391845703,0.4266163989009764,107.91805574820178,78.74267446782319
0.7009999999999782,52.23509216308594,125.66370391845703,0.42944464806664046,110.83727994101665,80.5041236827534
0.7014999999999781,52.2891960144043,125.66370391845703,0.4338954907205644,114.19795476618697,82.46552394419786
0.7019999999999781,52.34525680541992,125.66370391845703,0.4399169320266451,117.96897758041163,84.60586193776163
0.702499999999978,52.403419494628906,125.66370391845703,0.4474262261365732,120.62638658314678,86.90513864450769
0.702999999999978,52.45844268798828,125.66370391845703,0.4529483910488173,116.66595826612011,83.70738436621438
0.7034999999999779,52.5108757019043,125.66370391845703,0.4554972282829106,113.01071725295117,81.0748082185834
0.7039999999999779,52.56130599975586,125.66370391845703,0.4549076474498634,109.90794309963114,79.04844899955596
0.7044999999999778,52.61027908325195,125.66370391845703,0.4519810214487956,107.4558542969071,77.59364544052919
0.7049999999999778,52.65829849243164,125.66370391845703,0.44767394646175895,105.69089947985572,76.6626429947384
0.7054999999999777,52.705814361572266,125.66370391845703,0.4428388788436752,104.6143049049973,76.20499373947955
0.7059999999999776,52.75323486328125,125.66370391845703,0.43816087206262405,104.20822473365087,76.1726106715265
0.7064999999999776,52.8009147644043,125.66370391845703,0.4341619748341469,104.44534417245326,76.52187603751906
0.7069999999999775,52.84918212890625,125.66370391845703,0.4312246691149044,105.29430773931921,77.21419891444928
0.7074999999999775,52.89832305908203,125.66370391845703,0.4296169079368728,106.72256487004768,78.21568644995288
0.7079999999999774,52.94860076904297,125.66370391845703,0.429513547977267,108.69767431155535,79.49649472743471
0.7084999999999774,53.00025177001953,125.66370391845703,0.431013580244392,111.18773147923704,81.03003249641863
0.7089999999999773,53.05348205566406,125.66370391845703,0.43415403564543903,114.16133135518217,82.79218583782067
0.7094999999999773,53.108482360839844,125.66370391845703,0.43892163446713195,117.58731550463226,84.7606583533645
0.7099999999999772,53.16542053222656,125.66370391845703,0.4452629709707367,121.4344471890471,86.9143871510678
0.7104999999999771,53.22443771362305,125.66370391845703,0.45309365183015016,124.19815027717746,89.2330756324799
0.7109999999999771,53.28052520751953,125.66370391845703,0.45907867137009073,120.44604829894351,86.20356902943504
0.711499999999977,53.334144592285156,125.66370391845703,0.461972417282297,116.9048623827114,83.66130444744286
0.711999999999977,53.38582229614258,125.66370391845703,0.4616648770222979,113.8547278183504,81.67394604827743
0.7124999999999769,53.43606948852539,125.66370391845703,0.45898569073082796,111.41757889805722,80.2262913142653
0.7129999999999769,53.4853630065918,125.66370391845703,0.4549053989885912,109.64604103096417,79.28375518618695
0.7134999999999768,53.534141540527344,125.66370391845703,0.45028319166675557,108.55232052043,78.80476602907085
0.7139999999999768,53.582794189453125,125.66370391845703,0.44580702781601905,108.12596827286677,78.74714829594082
0.7144999999999767,53.63167953491211,125.66370391845703,0.4419997491416374,108.34458549636389,79.0712020218362
0.7149999999999767,53.68111801147461,125.66370391845703,0.4392434833869185,109.18000377645916,79.74083985695782
0.7154999999999766,53.73139572143555,125.66370391845703,0.4378052936978215,110.60164242041553,80.72371294451753
0.7159999999999765,53.782779693603516,125.66370391845703,0.4378590325163988,112.57816080822991,81.99084630361727
0.7164999999999765,53.83550262451172,125.66370391845703,0.4395028632147591,115.07812239433223,83.51602140866227
0.7169999999999764,53.88977813720703,125.66370391845703,0.4427733439682634,118.07011892571006,85.27516315061732
0.7174999999999764,53.9457893371582,125.66370391845703,0.44765715058488786,121.52262807168981,87.2457298684737
0.7179999999999763,54.00371551513672,125.66370391845703,0.454101242696557,125.40376523243644,89.40624580360584
0.7184999999999763,54.06370162963867,125.66370391845703,0.4620219149773751,128.17687293141873,91.73583574185761
0.7189999999999762,54.12074279785156,125.66370391845703,0.46807377480857476,124.36469435196976,88.65383955869558
0.7194999999999762,54.175296783447266,125.66370391845703,0.47095949915180657,120.74094325485706,86.05043591995079
0.7199999999999761,54.227882385253906,125.66370391845703,0.47061858997105344,117.59966090866004,84.0014321519784
0.720499999999976,54.27900695800781,125.66370391845703,0.4678980620173954,115.07149305040896,82.49628834567113
0.720999999999976,54.32914352416992,125.66370391845703,0.4637733051011686,113.2145273080467,81.50308248463104
0.7214999999999759,54.378726959228516,125.66370391845703,0.4591037919700379,112.04428350966796,80.98164193662326
0.7219999999999759,54.428157806396484,125.66370391845703,0.45457627448042176,111.5521968560579,80.89041245393632
0.7224999999999758,54.47779083251953,125.66370391845703,0.4507121221641685,111.7167921095962,81.18978359197546
0.7229999999999758,54.5279541015625,125.66370391845703,0.44789223403395895,112.510166745967,81.84344602227966
0.7234999999999757,54.57893371582031,125.66370391845703,0.4463829019280951,113.90154320009641,82.81859955123474
0.7239999999999757,54.63100051879883,125.66370391845703,0.44635773706352144,115.85904606685601,84.08567248842539
0.7244999999999756,54.684391021728516,125.66370391845703,0.4479151760896279,118.35044614512644,85.61773819165782
0.7249999999999756,54.73931884765625,125.66370391845703,0.4510924823076118,121.34333649495117,87.38991990949934
0.7254999999999755,54.79597473144531,125.66370391845703,0.4558773356952783,124.80502453619881,89.37881305353207
0.7259999999999754,54.85452651977539,125.66370391845703,0.46221783754696066,128.7023079553207,91.56198404776484
0.7264999999999754,54.915130615234375,125.66370391845703,0.4700313962481252,131.40925898221298,93.9175792315678
0.7269999999999753,54.97261047363281,125.66370391845703,0.4757431392482591,127.28765886388668,90.58251863913596
0.7274999999999753,55.027462005615234,125.66370391845703,0.47827235066782636,123.4115517507938,87.78684272175425
0.7279999999999752,55.08024597167969,125.66370391845703,0.4775930818349427,120.06852672851878,85.5963426762962
0.7284999999999752,55.13149642944336,125.66370391845703,0.4745598440875466,117.3818517350651,83.9905477214108
0.7289999999999751,55.18171310424805,125.66370391845703,0.4701478726616668,115.4035261071808,82.9298123040769
0.7294999999999751,55.231353759765625,125.66370391845703,0.46521488531228183,114.14405730415479,82.36795307595673
0.729999999999975,55.280826568603516,125.66370391845703,0.46044607735797644,113.5907182391593,82.25868654079927
0.730499999999975,55.33049774169922,125.66370391845703,0.4563618242280103,113.71851950954162,82.55865306466815
0.7309999999999749,55.38070297241211,125.66370391845703,0.45334249045884945,114.49652127288847,83.22850501316455
0.7314999999999748,55.43174362182617,125.66370391845703,0.45165406150913295,115.89124565841765,84.23293397155723
0.7319999999999748,55.48388671875,125.66370391845703,0.4514698311062627,117.86834331987038,85.54019985150431
0.7324999999999747,55.537376403808594,125.66370391845703,0.45288770595607075,120.39325244649052,87.12148107054125
0.7329999999999747,55.592430114746094,125.66370391845703,0.4559440615444179,123.43131147130464,88.9501738719935
0.7334999999999746,55.64924240112305,125.66370391845703,0.46062524851536263,126.94760572717492,91.00126064679542
0.7339999999999746,55.70798110961914,125.66370391845703,0.46687757333992175,130.90671243511383,93.25076023254682
0.7344999999999745,55.768802642822266,125.66370391845703,0.4746162113417152,133.43434058248832,95.67531378560864
0.7349999999999745,55.8261833190918,125.66370391845703,0.47943263971724087,128.81228257026925,91.94057406340148
0.7354999999999744,55.880733489990234,125.66370391845703,0.48122084149212413,124.57855116385564,88.86769657958284
0.7359999999999743,55.93308639526367,125.66370391845703,0.47993903438605034,120.99149931137744,86.49625286380153
0.7364999999999743,55.98383712768555,125.66370391845703,0.47641832329754197,118.149659568992,84.7828271599595
0.7369999999999742,56.03351974487305,125.66370391845703,0.4716169173470209,116.08644287789092,83.67070550515453
0.7374999999999742,56.0826301574707,125.66370391845703,0.46638128891882696,114.79828577922996,83.10099294305384
0.7379999999999741,56.13159942626953,125.66370391845703,0.4613892695095396,114.26167060068899,83.01783342821659
0.7384999999999741,56.18081283569336,125.66370391845703,0.45715600208936574,114.44318023233119,83.37057419205892
0.738999999999974,56.230621337890625,125.66370391845703,0.4540573985253993,115.30513375985223,84.11421057110195
0.739499999999974,56.28133010864258,125.66370391845703,0.45235481602058547,116.80850362024373,85.20893251524456
0.7399999999999739,56.33321762084961,125.66370391845703,0.4522161460727681,118.91422213329491,86.61934161846867
0.7404999999999738,56.386531829833984,125.66370391845703,0.4537328373749742,121.5835811758569,88.31353293064247
0.7409999999999738,56.44149398803711,125.66370391845703,0.4569337388733416,124.77816028039939,90.26223005012032
0.7414999999999737,56.49829864501953,125.66370391845703,0.4617968003411484,128.4595439910483,92.43802282346239
0.7419999999999737,56.55711364746094,125.66370391845703,0.4682593790076263,132.58897839194316,94.81473628190703
0.7424999999999736,56.61809158325195,125.66370391845703,0.47622753211636726,134.7581545682061,97.36695011055629
0.7429999999999736,56.67524337768555,125.66370391845703,0.47941643053877886,129.50348333270702,93.13653135340734
0.7434999999999735,56.72932434082031,125.66370391845703,0.480034254899084,124.86798649772375,89.74297420115039
0.7439999999999735,56.78107833862305,125.66370391845703,0.4779369206198077,121.05558036784696,87.1852776665343
0.7444999999999734,56.8311767578125,125.66370391845703,0.47387373362103935,118.12163227755526,85.38556088560748
0.7449999999999734,56.88022232055664,125.66370391845703,0.46875020940028944,116.0676939116337,84.26179856821284
0.7454999999999733,56.92873764038086,125.66370391845703,0.46337841694806986,114.86650283514973,83.73637907224328
0.7459999999999732,56.97719192504883,125.66370391845703,0.4584122363009206,114.47669158254133,83.73953951129923
0.7464999999999732,57.0259895324707,125.66370391845703,0.45434816356232194,114.85116774284988,84.21012935432219
0.7469999999999731,57.07550048828125,125.66370391845703,0.45154550798323767,115.94154071006496,85.09510318903735
0.7474999999999731,57.12603759765625,125.66370391845703,0.450249135057455,117.70016993185206,86.34834411559518
0.747999999999973,57.17788314819336,125.66370391845703,0.45060960248067117,120.08085012102728,87.92938492482236
0.748499999999973,57.231292724609375,125.66370391845703,0.4526999687205734,123.0387695481421,89.80213989618814
0.7489999999999729,57.28648376464844,125.66370391845703,0.456529948955079,126.53012728423576,91.9337595963742
0.7494999999999729,57.34364700317383,125.66370391845703,0.4620582460786538,130.51163421455425,94.2937047246039
0.7499999999999728,57.4029541015625,125.66370391845703,0.46920360463908484,133.16744806401115,96.85300176858912
0.7504999999999727,57.458534240722656,125.66370391845703,0.473664399248626,127.9983426020971,92.6678224420609
0.7509999999999727,57.51108932495117,125.66370391845703,0.47489705461028137,123.35701680863053,89.27883990758492
0.7514999999999726,57.561336517333984,125.66370391845703,0.472952174334923,119.48803913198145,86.70464080336676
0.7519999999999726,57.60993576049805,125.66370391845703,0.4687315567049421,116.47330014359216,84.88104999342036
0.7524999999999725,57.65747833251953,125.66370391845703,0.4632475819242421,114.33236404030131,83.73510255881895
0.7529999999999725,57.704490661621094,125.66370391845703,0.45739006703000445,113.0501176874115,83.19509932353243
0.7534999999999724,57.75143814086914,125.66370391845703,0.451872154896012,112.59328591802378,83.19501191227653
0.7539999999999724,57.798744201660156,125.66370391845703,0.44723723559651585,112.92004677851217,83.67597034840499
0.7544999999999723,57.846771240234375,125.66370391845703,0.4438823845672294,113.9853013706317,84.58614243533425
0.7549999999999722,57.89585494995117,125.66370391845703,0.44208263295784406,115.74329688992033,85.87995051875372
0.7554999999999722,57.9462776184082,125.66370391845703,0.44201171278006623,118.14870370024869,87.51692353217528
0.7559999999999721,57.99831008911133,125.66370391845703,0.4437591143388426,121.15684127809938,89.46062621422166
0.7564999999999721,58.05217742919922,125.66370391845703,0.44734450759384353,124.72347914790271,91.67757678097864
0.756999999999972,58.10807800292969,125.66370391845703,0.45273056741480805,128.80446513121075,94.13639777456518
0.757499999999972,58.16619110107422,125.66370391845703,0.4598348122717498,131.7208291062281,96.80711781364737
0.7579999999999719,58.220699310302734,125.66370391845703,0.4646887069618604,126.65132203740687,92.70203693251656
0.7584999999999719,58.27227020263672,125.66370391845703,0.46612269688108077,122.08571078787969,89.36913751434012
0.7589999999999718,58.32160949707031,125.66370391845703,0.46425267462441305,118.28730432786053,86.84127543067184
0.7594999999999718,58.369361877441406,125.66370391845703,0.46004108720579495,115.34969525069027,85.06360593820806
0.7599999999999717,58.416114807128906,125.66370391845703,0.45454834518860865,113.29981298745211,83.96905208281343
0.7604999999999716,58.462398529052734,125.66370391845703,0.4487017923757382,112.12697250231422,83.48948315500883
0.7609999999999716,58.50868225097656,125.66370391845703,0.44324365542413113,111.80032466618243,83.56086579076036
0.7614999999999715,58.55539321899414,125.66370391845703,0.4387391457916711,112.27909558823907,84.12525704281246
0.7619999999999715,58.60289764404297,125.66370391845703,0.4356004047489017,113.51827194742636,85.13102101584087
0.7624999999999714,58.65153121948242,125.66370391845703,0.43411097972847085,115.47150039098426,86.53226408626445
0.7629999999999714,58.70159912109375,125.66370391845703,0.43444681262055446,118.0923487935451,88.28787655164832
0.7634999999999713,58.75335693359375,125.66370391845703,0.43669381174619687,121.33465580394575,90.36047161086735
0.7639999999999713,58.80704879760742,125.66370391845703,0.44086315479766436,125.15241594959082,92.71547893175413
0.7644999999999712,58.86287307739258,125.66370391845703,0.4469053172711232,129.4994666941239,95.32026190682794
0.7649999999999711,58.9210090637207,125.66370391845703,0.4547232856241126,132.36335658644268,98.14348018211511
0.7654999999999711,58.975624084472656,125.66370391845703,0.45902767988111326,127.33170587226817,94.08489080048247
0.765999999999971,59.027381896972656,125.66370391845703,0.4602124438111145,122.84722729200698,90.80073117435023
0.766499999999971,59.07698440551758,125.66370391845703,0.4583208133081044,119.16902419268231,88.32964512766775
0.7669999999999709,59.12507247924805,125.66370391845703,0.4542711586087238,116.38678765414191,86.61935214197655
0.7674999999999709,59.172245025634766,125.66370391845703,0.44910075710528324,114.52362622984617,85.60377588437015
0.7679999999999708,59.21902847290039,125.66370391845703,0.4437233087836655,113.56521321510921,85.21478272312878
0.7684999999999708,59.26589584350586,125.66370391845703,0.4388704438558972,113.47725794792157,85.3877405910983
0.7689999999999707,59.31327438354492,125.66370391845703,0.43509616165214543,114.21572432992313,86.06372594235177
0.7694999999999707,59.361541748046875,125.66370391845703,0.4327988065528934,115.73247760307245,87.1899026009813
0.7699999999999706,59.41102981567383,125.66370391845703,0.4322447959080136,117.97814115778016,88.7190030396287
0.7704999999999705,59.462039947509766,125.66370391845703,0.43358982822481323,120.90331849978139,90.60844174768589
0.7709999999999705,59.514835357666016,125.66370391845703,0.4368974074365192,124.45891029015947,92.81930112555837
0.7714999999999704,59.56965255737305,125.66370391845703,0.4421555375149783,128.5959749712868,95.31540316521087
0.7719999999999704,59.62669372558594,125.66370391845703,0.44929225170152853,133.2653993732751,98.062478429946
0.7724999999999703,59.68613052368164,125.66370391845703,0.45819013671968006,135.80214542387307,101.0275012452566
0.7729999999999703,59.74201583862305,125.66370391845703,0.46122254843347193,130.63220820915078,96.87772607831943
0.7734999999999702,59.795040130615234,125.66370391845703,0.4617503646449324,126.11699058347831,93.54946154614396
0.7739999999999702,59.84592819213867,125.66370391845703,0.45966438697067225,122.49018587540492,91.0737451142827
0.7744999999999701,59.89534378051758,125.66370391845703,0.4557649744602853,119.82240644686959,89.39021426692217
0.77499999999997,59.94388961791992,125.66370391845703,0.45101009721226254,118.12210278209703,88.42614187564799
0.77549999999997,59.99211120605469,125.66370391845703,0.4462566261380798,117.36354332231234,88.1079649206283
0.7759999999999699,60.04048538208008,125.66370391845703,0.44219136764370204,117.50340808382009,88.36654415887625
0.7764999999999699,60.089439392089844,125.66370391845703,0.4393294368370444,118.49035077350123,89.13917032399236
0.7769999999999698,60.13935089111328,125.66370391845703,0.43803314300186125,120.2701585047289,90.3697689582333
0.7774999999999698,60.19055938720703,125.66370391845703,0.43853462377884345,122.78825035108382,92.00825069677254
0.7779999999999697,60.24335861206055,125.66370391845703,0.44095723966301875,125.99063852339066,94.00948009572839
0.7784999999999697,60.29800796508789,125.66370391845703,0.44533496421537794,129.8240580477809,96.3322057284646
0.7789999999999696,60.354736328125,125.66370391845703,0.4516301099005547,134.2356951469922,98.93805855068373
0.7794999999999696,60.41374588012695,125.66370391845703,0.4597496651436025,137.32999212720426,101.7906947763109
0.7799999999999695,60.46953201293945,125.66370391845703,0.4649333723822071,132.62137024523747,97.99552047855045
0.7804999999999694,60.52264404296875,125.66370391845703,0.4667274963690244,128.30102297007787,94.84420843622289
0.7809999999999694,60.57368850708008,125.66370391845703,0.46527812414465514,124.68858957074278,92.42341723360894
0.7814999999999693,60.62325668334961,125.66370391845703,0.46157057918801164,121.9167073128953,90.71556054738365
0.7819999999999693,60.67190933227539,125.66370391845703,0.4566837198244898,120.03754581313108,89.677840816391
0.7824999999999692,60.720149993896484,125.66370391845703,0.4515578863213186,119.05624899306204,89.25758895610913
0.7829999999999692,60.76845169067383,125.66370391845703,0.4469420917748784,118.95135843908892,89.40029632457747
0.7834999999999691,60.81722640991211,125.66370391845703,0.4434015991374855,119.68704701795856,90.05343750186971
0.783999999999969,60.866851806640625,125.66370391845703,0.44134173330913523,121.2201384099312,91.16802768488968
0.784499999999969,60.91767120361328,125.66370391845703,0.4410327832913113,123.50389815446378,92.69886771231789
0.784999999999969,60.9699821472168,125.66370391845703,0.44263204091012237,126.48989182577829,94.60413950940539
0.7854999999999689,61.0240592956543,125.66370391845703,0.446202959561226,130.12873677098852,96.84479263959092
0.7859999999999688,61.080135345458984,125.66370391845703,0.45173234714990507,134.37026200005752,99.3838119628106
0.7864999999999688,61.138423919677734,125.66370391845703,0.4591462787254977,139.16338768680274,102.18560211645769
0.7869999999999687,61.19910430908203,125.66370391845703,0.4683249003293786,141.72835485250627,105.21541135988039
0.7874999999999687,61.25625991821289,125.66370391845703,0.4714403829263876,136.47973088919423,101.00274088412075
0.7879999999999686,61.3105583190918,125.66370391845703,0.4719733230556748,131.8585768517278,97.59359049212797
0.7884999999999686,61.362701416015625,125.66370391845703,0.4698780073145445,128.1226160813285,95.03646452073326
0.7889999999999685,61.41334915161133,125.66370391845703,0.4659796754314878,125.35716269724878,93.28109293884523
0.7894999999999684,61.463104248046875,125.66370391845703,0.46124555195034755,123.57943603675747,92.26046443531962
0.7899999999999684,61.51250457763672,125.66370391845703,0.4565351673427462,122.76852531119142,91.90389104576222
0.7904999999999683,61.562034606933594,125.66370391845703,0.4525349202114131,122.88327984578967,92.14329410339019
0.7909999999999683,61.61212921142578,125.66370391845703,0.4497578883261878,123.87271497460677,92.91582011339875
0.7914999999999682,61.66317367553711,125.66370391845703,0.4485633805249303,125.6817184336642,94.16444623533708
0.7919999999999682,61.71549987792969,125.66370391845703,0.4491799626753097,128.25390255818706,95.83755964794844
0.7924999999999681,61.7694206237793,125.66370391845703,0.45172713795885044,131.53279522624112,97.88814930404355
0.7929999999999681,61.825191497802734,125.66370391845703,0.4562349562176333,135.46212106623184,100.27276104093981
0.793499999999968,61.88304901123047,125.66370391845703,0.46266189024035065,139.9856329996864,102.95061474207586
0.793999999999968,61.94318771362305,125.66370391845703,0.47091125127836414,142.92147185050976,105.88274876461506
0.7944999999999679,61.9998779296875,125.66370391845703,0.4753646578541415,137.7413444080733,101.70684313678161
0.7949999999999678,62.0537223815918,125.66370391845703,0.4765389254237357,133.05356295784262,98.26835259704265
0.7954999999999678,62.105384826660156,125.66370391845703,0.47459521822595024,129.16695602581348,95.64186570669504
0.7959999999999677,62.155494689941406,125.66370391845703,0.4705063203956229,126.20179445129746,93.79617916637572
0.7964999999999677,62.20464324951172,125.66370391845703,0.4653366643873165,124.19955678454976,92.67727572164668
0.7969999999999676,62.25336837768555,125.66370391845703,0.460014413583917,123.15614909792734,92.22326471446453
0.7974999999999676,62.30215072631836,125.66370391845703,0.4552786107965583,123.04204168146616,92.37194611231472
0.7979999999999675,62.35142517089844,125.66370391845703,0.45168581562724364,123.81422462789686,93.06432590929535
0.7984999999999675,62.40158462524414,125.66370391845703,0.44963302709560077,125.42298136272166,94.24583296095248
0.7989999999999674,62.45297622680664,125.66370391845703,0.44938199951411667,127.81547489095246,95.86631206509163
0.7994999999999673,62.50590896606445,125.66370391845703,0.45108102734678523,130.93744370503202,97.87945648535042
0.7999999999999673,62.56066131591797,125.66370391845703,0.4547841266374164,134.7338310235387,100.24202705836414
0.8004999999999672,62.61746597290039,125.66370391845703,0.4604684345041838,139.1488573348909,102.91301882551976
0.8009999999999672,62.67654037475586,125.66370391845703,0.468050411263263,142.43799955513242,105.85298341751928
0.8014999999999671,62.732208251953125,125.66370391845703,0.4734077634524615,137.2808089642496,101.6844145795503
0.8019999999999671,62.78505325317383,125.66370391845703,0.474967678287038,132.54384880028869,98.22202766088236
0.802499999999967,62.83570861816406,125.66370391845703,0.47305542444238063,128.5700672295903,95.55736343381398
0.802999999999967,62.88479995727539,125.66370391845703,0.46876355630706984,125.50197623179662,93.67085174235655
0.8034999999999669,62.93291473388672,125.66370391845703,0.46323812780632223,123.39611602705928,92.51611085091992
0.8039999999999669,62.9805908203125,125.66370391845703,0.45746640507125363,122.25848396828546,92.03615256384211
0.8044999999999668,63.028316497802734,125.66370391845703,0.45223300866723165,122.06617821040199,92.17180625831263
0.8049999999999667,63.076534271240234,125.66370391845703,0.44813127541276326,122.78038437939738,92.86580084218676
0.8054999999999667,63.125640869140625,125.66370391845703,0.44558837277257834,124.35385384951238,94.06436660317544
0.8059999999999666,63.17599105834961,125.66370391845703,0.44489037897528205,126.73497177410944,95.71750369773395
0.8064999999999666,63.227909088134766,125.66370391845703,0.4462041519665121,129.86978310638662,97.7786000272571
0.8069999999999665,63.281673431396484,125.66370391845703,0.4495964428807444,133.70284929148397,100.20373783359491
0.8074999999999665,63.33753204345703,125.66370391845703,0.455051418621296,138.17747918057705,102.95099210377717
0.8079999999999664,63.39570236206055,125.66370391845703,0.46248733669140735,143.23566335676605,105.97976427110666
0.8084999999999664,63.45636749267578,125.66370391845703,0.47177245035072496,145.6280870069014,109.25021706725525
0.8089999999999663,63.513099670410156,125.66370391845703,0.47343992027611714,139.54588751196792,104.35771138674804
0.8094999999999662,63.566715240478516,125.66370391845703,0.47277682042133956,134.3572816209641,100.48834029455166
0.8099999999999662,63.61803436279297,125.66370391845703,0.4697371440603126,130.27678986517793,97.65234376424978
0.8104999999999661,63.667808532714844,125.66370391845703,0.46513045140207093,127.34982635208968,95.76275054517478
0.8109999999999661,63.716705322265625,125.66370391845703,0.4599146617751924,125.56187528643868,94.72389140018036
0.811499999999966,63.76531982421875,125.66370391845703,0.45494448103718954,124.86647203623191,94.44255479805145
0.811999999999966,63.81418228149414,125.66370391845703,0.4509021544229052,125.20148610637645,94.83269652770146
0.8124999999999659,63.8637580871582,125.66370391845703,0.4482938510871067,126.49828124350215,95.81684074682278
0.8129999999999659,63.91444778442383,125.66370391845703,0.44746682111836616,128.68647189174033,97.32576712834354
0.8134999999999658,63.96661376953125,125.66370391845703,0.4486312833280232,131.6960630135954,99.29744873022146
0.8139999999999658,64.02056884765625,125.66370391845703,0.4518822351057914,135.4581168062158,101.67566633605253
0.8144999999999657,64.07658386230469,125.66370391845703,0.4572202631089393,139.9046570817063,104.4086643674597
0.8149999999999656,64.13489532470703,125.66370391845703,0.46457131801035323,143.27892625924292,107.44795717196878
0.8154999999999656,64.18971252441406,125.66370391845703,0.469734235272707,137.85458763889545,103.06223064653541
0.8159999999999655,64.24163818359375,125.66370391845703,0.4710019585260787,132.91665786318862,99.44096396909438
0.8164999999999655,64.29135131835938,125.66370391845703,0.46875543410167037,128.81282503393567,96.67553472479591
0.8169999999999654,64.33950805664062,125.66370391845703,0.4641339830306529,125.6843411187023,94.74224829419778
0.8174999999999654,64.38671112060547,125.66370391845703,0.45832217347510096,123.58475027406912,93.59011215599332
0.8179999999999653,64.43352508544922,125.66370391845703,0.4523391424285516,122.51608059097902,93.15747843801819
0.8184999999999653,64.48045349121094,125.66370391845703,0.4469951950055802,122.45090386876467,93.38060191460481
0.8189999999999652,64.52796173095703,125.66370391845703,0.442902791680878,123.34554200904726,94.19780245441513
0.8194999999999651,64.57645416259766,125.66370391845703,0.44050094220953445,125.14765113009105,95.55102788899593
0.8199999999999651,64.62631225585938,125.66370391845703,0.44007969940938524,127.80033327604488,97.38614156321307
0.820499999999965,64.6778564453125,125.66370391845703,0.4418019680334456,131.24417569754243,99.65242847816195
0.820999999999965,64.73138427734375,125.66370391845703,0.445723299450428,135.41810924468453,102.3019460645124
0.8214999999999649,64.78713989257812,125.66370391845703,0.45181081762267566,140.25964011358883,105.28872463146111
0.8219999999999649,64.84535217285156,125.66370391845703,0.4599617867604845,143.56587638094214,108.56814118994909
0.8224999999999648,64.90003967285156,125.66370391845703,0.4642129390484894,138.0157342184243,104.09069422978713
0.8229999999999648,64.95185089111328,125.66370391845703,0.4649671700467457,133.07299333598613,100.4433255110308
0.8234999999999647,65.00149536132812,125.66370391845703,0.4625207094588444,129.06016098213357,97.70632486699138
0.8239999999999646,65.04965209960938,125.66370391845703,0.45795372966113107,126.09809510538481,95.84479133509974
0.8244999999999646,65.0969467163086,125.66370391845703,0.4524157834439662,124.22451084696253,94.79879725746613
0.8249999999999645,65.14395904541016,125.66370391845703,0.446902748654592,123.42894155968789,94.4994823887099
0.8254999999999645,65.19120025634766,125.66370391845703,0.44220565689532754,123.6738730837602,94.87717249244997
0.8259999999999644,65.23915100097656,125.66370391845703,0.43891697830691395,124.90726574615833,95.86522494169968
0.8264999999999644,65.28821563720703,125.66370391845703,0.4374525104233295,127.06963718152379,97.40130088740398
0.8269999999999643,65.3387680053711,125.66370391845703,0.43807514181364565,130.09781083567913,99.42747120464901
0.8274999999999643,65.3911361694336,125.66370391845703,0.4409173738512033,133.9266956388024,101.88961514194288
0.8279999999999642,65.44561767578125,125.66370391845703,0.44600283446015393,138.48996218553066,104.7366359153585
0.8284999999999642,65.50245666503906,125.66370391845703,0.45326737107500675,143.72014988139838,107.919600274527
0.8289999999999641,65.56185913085938,125.66370391845703,0.4625796684418774,146.62934039265934,111.39102549566334
0.829499999999964,65.61759948730469,125.66370391845703,0.4651684877957673,140.7724613179048,106.67490456410628
0.829999999999964,65.67039489746094,125.66370391845703,0.4650188608466071,135.71640696964658,102.90414385533998
0.8304999999999639,65.72102355957031,125.66370391845703,0.46223857618573494,131.73453212029156,100.13292187637282
0.8309999999999639,65.77019500732422,125.66370391845703,0.45776504299100496,128.91016238089216,98.30325504612878
0.8314999999999638,65.8185806274414,125.66370391845703,0.452652355258607,127.25281655314461,97.33771593369852
0.8319999999999638,65.86676788330078,125.66370391845703,0.4478272729256226,126.73057437434,97.15400381838602
0.8324999999999637,65.91529083251953,125.66370391845703,0.4440248535021528,127.28931365897553,97.67203771636581
0.8329999999999637,65.9646224975586,125.66370391845703,0.441787331428161,128.8638559618835,98.81691471180343
0.8334999999999636,66.01518249511719,125.66370391845703,0.44148259254410327,131.38405631078206,100.51965632042449
0.8339999999999635,66.06734466552734,125.66370391845703,0.4433272533677246,134.77783984208824,102.71681869314426
0.8344999999999635,66.12142944335938,125.66370391845703,0.4474101937883361,138.97247545254777,105.34958259933985
0.8349999999999634,66.17771911621094,125.66370391845703,0.45371582430655877,143.89489628956716,108.36273994902257
0.8354999999999634,66.2364501953125,125.66370391845703,0.46214685798629046,147.2916627658794,111.70369517920454
0.8359999999999633,66.29179382324219,125.66370391845703,0.46662784826623044,141.8319116355041,107.30321944170284
0.8364999999999633,66.34434509277344,125.66370391845703,0.4675475692684063,136.9237544725841,103.67991578165585
0.8369999999999632,66.39476776123047,125.66370391845703,0.4652435861630161,132.92336991961824,100.94220050057446
0.8374999999999632,66.44371795654297,125.66370391845703,0.46082530024996166,129.973962380878,99.07383595992403
0.8379999999999631,66.49183654785156,125.66370391845703,0.45546307272874786,128.12733630894112,98.0266402811354
0.838499999999963,66.5396728515625,125.66370391845703,0.4501673553580149,127.38147658744931,97.73873666628732
0.838999999999963,66.58776092529297,125.66370391845703,0.4457384420033542,127.7034440663521,98.14433862674707
0.8394999999999629,66.63656616210938,125.66370391845703,0.44277312922208967,129.04307501323098,99.17846910835928
0.8399999999999629,66.68651580810547,125.66370391845703,0.4416868970323686,131.34084983142094,100.77901302590082
0.8404999999999628,66.73798370361328,125.66370391845703,0.4427381538417766,134.53216694707055,102.88717798067134
0.8409999999999628,66.79130554199219,125.66370391845703,0.4460515349980149,138.54947614759737,105.4472339230316
0.8414999999999627,66.84676361083984,125.66370391845703,0.45164044336644876,143.32319650976368,108.40588054731617
0.8419999999999627,66.90462493896484,125.66370391845703,0.45942926719746285,148.78199337512572,111.71162033323307
0.8424999999999626,66.96509552001953,125.66370391845703,0.4692750363551651,151.5949486085597,115.31404743804579
0.8429999999999626,67.0218505859375,125.66370391845703,0.4713297252460815,145.52936810359395,110.43078902246687
0.8434999999999625,67.07563018798828,125.66370391845703,0.4708386905208243,140.3282479058664,106.53383014260835
0.8439999999999624,67.12721252441406,125.66370391845703,0.4678958618024764,136.26371817767446,103.67916713680265
0.8444999999999624,67.1773452758789,125.66370391845703,0.4634131924283018,133.4148325597146,101.80626278876358
0.8449999999999623,67.22669982910156,125.66370391845703,0.45842341020655,131.78597692113055,100.83411560794463
0.8454999999999623,67.27587127685547,125.66370391845703,0.4538350894277131,131.3397064618268,100.67644334188168
0.8459999999999622,67.3254165649414,125.66370391845703,0.4503662702411024,132.01620915335465,101.2490571785105
0.8464999999999622,67.37580871582031,125.66370391845703,0.4485418722389137,133.74454555058574,102.47288843879204
0.8469999999999621,67.42747497558594,125.66370391845703,0.4487115679882867,136.44876298638067,104.27482713290107
0.8474999999999621,67.48078918457031,125.66370391845703,0.4510730486018738,140.05092473392105,106.58731570408001
0.847999999999962,67.53607940673828,125.66370391845703,0.45569628022256337,144.47236631613396,109.34745225974052
0.848499999999962,67.5936279296875,125.66370391845703,0.4625477097868722,149.63400101035683,112.49593982970177
0.8489999999999619,67.65367126464844,125.66370391845703,0.47151388858471516,152.71926555221884,115.97608825568228
0.8494999999999618,67.7100601196289,125.66370391845703,0.47468083176435844,146.70402241118572,111.12645902234196
0.8499999999999618,67.76347351074219,125.66370391845703,0.4747022682127471,141.42492934121248,107.1948702359679
0.8504999999999617,67.8146743774414,125.66370391845703,0.47184291938341744,137.20373852597027,104.26473694856132
0.8509999999999617,67.8643569946289,125.66370391845703,0.4671402397158155,134.15383011128196,102.29559892159455
0.8514999999999616,67.91319274902344,125.66370391845703,0.46171216108391394,132.30341314608756,101.22018450649493
0.8519999999999616,67.96177673339844,125.66370391845703,0.4565297822072563,131.63153019478227,100.96148077463891
0.8524999999999615,68.01066589355469,125.66370391845703,0.4523611839289851,132.08971172925123,101.44146886589452
0.8529999999999615,68.06033325195312,125.66370391845703,0.4497741136708142,133.61472887886748,102.58508202021399
0.8534999999999614,68.11122131347656,125.66370391845703,0.4491560438359752,136.13575075416352,104.32170331380875
0.8539999999999613,68.16370391845703,125.66370391845703,0.45073777370451124,139.57809253177723,106.58514936513228
0.8544999999999613,68.2181167602539,125.66370391845703,0.45461710964727803,143.864967936504,109.31310668500282
0.8549999999999612,68.2747573852539,125.66370391845703,0.4607823177219358,148.91813860579694,112.44628842235231
0.8554999999999612,68.33386993408203,125.66370391845703,0.46913532286476545,152.3159707115766,115.92755605960939
0.8559999999999611,68.3893814086914,125.66370391845703,0.4731058706594109,146.33703842498048,111.10265573848578
0.8564999999999611,68.44194793701172,125.66370391845703,0.4734634460471004,141.0189762343338,107.15773321246061
0.856999999999961,68.49229431152344,125.66370391845703,0.4706195109763289,136.71881058989885,104.1955525776
0.857499999999961,68.5411148071289,125.66370391845703,0.4657199016047017,133.57333136798005,102.18918361569456
0.8579999999999609,68.58907318115234,125.66370391845703,0.4599577378327017,131.62663487614986,101.08030112962193
0.8584999999999608,68.63677215576172,125.66370391845703,0.4543598194473463,130.86840239127247,100.79769563955402
0.8589999999999608,68.68476104736328,125.66370391845703,0.4497381340961697,131.2571157907048,101.26692604770977
0.8594999999999607,68.73352813720703,125.66370391845703,0.446696299606879,132.73388430048948,102.41499200421926
0.8599999999999607,68.78350830078125,125.66370391845703,0.4456510516291944,135.2303405264951,104.17221202143496
0.8604999999999606,68.8351058959961,125.66370391845703,0.4468560617798421,138.67289745461875,106.47260670360222
0.8609999999999606,68.88866424560547,125.66370391845703,0.4504254347981174,142.9848531031618,109.25345579039934
0.8614999999999605,68.94446563720703,125.66370391845703,0.4563571411485315,148.08728571596745,112.45459828606316
0.8619999999999605,69.0027847290039,125.66370391845703,0.46455665166492127,151.6830375318068,116.0177678171614
0.8624999999999604,69.05754852294922,125.66370391845703,0.4687919990623099,145.72393657138167,111.20830269823853
0.8629999999999604,69.1093978881836,125.66370391845703,0.4692396137137191,140.41340958377694,107.27087727127544
0.8634999999999603,69.1590576171875,125.66370391845703,0.46637771872655515,136.12465238231022,104.31892975677982
0.8639999999999602,69.20722961425781,125.66370391845703,0.46140617363511655,133.00409668032464,102.33197880270478
0.8644999999999602,69.25456237792969,125.66370391845703,0.45555897450268545,131.10166437956406,101.25542835412622
0.8649999999999601,69.30168151855469,125.66370391845703,0.4498944775000333,130.41024288954293,101.02004043432773
0.8654999999999601,69.34912872314453,125.66370391845703,0.44524893501031704,130.88969982303263,101.55206396707197
0.86599999999996,69.39739990234375,125.66370391845703,0.4422436402082181,132.48124533640976,102.77835786563955
0.86649999999996,69.44695281982422,125.66370391845703,0.4413064764624341,135.11568770009444,104.62852475858574
0.8669999999999599,69.49817657470703,125.66370391845703,0.4426957496134201,138.71793312129014,107.03538506229977
0.8674999999999599,69.55142211914062,125.66370391845703,0.4465240655648784,143.2092565868543,109.93473958468395
0.8679999999999598,69.60699462890625,125.66370391845703,0.4527826806381677,148.50831352776964,113.26474065099842
0.8684999999999597,69.66515350341797,125.66370391845703,0.46136651234948434,152.13267365449843,116.96519834973421
0.8689999999999597,69.71977996826172,125.66370391845703,0.46529150506448336,146.15227599798027,112.14014879981823
0.8694999999999596,69.77153015136719,125.66370391845703,0.4655774166821193,140.8668668578039,108.20832175202543
0.8699999999999596,69.82112884521484,125.66370391845703,0.46267975753696344,136.64647318815597,105.28471014864282
0.8704999999999595,69.86927795410156,125.66370391845703,0.4577863537006395,133.6334027603432,103.34790367671282
0.8709999999999595,69.91666412353516,125.66370391845703,0.45212705336617126,131.87338545599852,102.34172348647425
0.8714999999999594,69.9638900756836,125.66370391845703,0.44675821456706244,131.35516255378,102.1948714520318
0.8719999999999594,70.01151275634766,125.66370391845703,0.4425126702336208,132.03453348835308,102.8313833652478
0.8724999999999593,70.06004333496094,125.66370391845703,0.4400047189025498,133.8487109386952,104.17579237499548
0.8729999999999593,70.10993194580078,125.66370391845703,0.4396507016706793,136.7245529050966,106.15527940620912
0.8734999999999592,70.16158294677734,125.66370391845703,0.44169297806386837,140.5830360150957,108.70023960638731
0.8739999999999591,70.21532440185547,125.66370391845703,0.4462249084400425,145.34150392003684,111.74396391210165
0.8744999999999591,70.271484375,125.66370391845703,0.4532169284625891,150.91466394621918,115.22214593561726
0.874999999999959,70.33030700683594,125.66370391845703,0.46254343683846555,154.38177705046607,119.0720623521805
0.875499999999959,70.38555145263672,125.66370391845703,0.46564621908038806,148.26301967422117,114.13567226207068
0.8759999999999589,70.43790435791016,125.66370391845703,0.46551085587648167,142.94165344420492,110.15098599403822
0.8764999999999589,70.48812103271484,125.66370391845703,0.4625017627238306,138.7660065711159,107.22314511556893
0.8769999999999588,70.53693389892578,125.66370391845703,0.4577377012172943,135.86079017210346,105.32067100506355
0.8774999999999588,70.58502960205078,125.66370391845703,0.4524022575384108,134.25779684779187,104.3791006387374
0.8779999999999587,70.63302612304688,125.66370391845703,0.4475170613468096,133.93453287824863,104.32031709012833
0.8784999999999586,70.6814956665039,125.66370391845703,0.4438846913072217,134.83753424674032,105.06264002888203
0.8789999999999586,70.73094177246094,125.66370391845703,0.44208987181635107,136.89617378587252,106.52568166710435
0.8794999999999585,70.78182220458984,125.66370391845703,0.4425186790245055,140.03048776906738,108.6323388191997
0.8799999999999585,70.83453369140625,125.66370391845703,0.4453828959526078,144.155353829802,111.30915017247396
0.8804999999999584,70.88941955566406,125.66370391845703,0.4507464303997244,149.18252849150468,114.48591462608978
0.8809999999999584,70.94677734375,125.66370391845703,0.4585531513918562,155.02149746373692,118.09500340180796
0.8814999999999583,71.00686645507812,125.66370391845703,0.468655236631757,158.16725830806607,122.07062382324746
0.8819999999999583,71.0632095336914,125.66370391845703,0.470546730267782,151.71204544359392,116.85932416648075
0.8824999999999582,71.1165771484375,125.66370391845703,0.4697242119678126,146.21407921965562,112.7082206992295
0.8829999999999582,71.16776275634766,125.66370391845703,0.46643081016471655,141.98237604283136,109.69816084579134
0.8834999999999581,71.21754455566406,125.66370391845703,0.4616839963304113,139.1106988419929,107.7760843082727
0.883999999999958,71.26663208007812,125.66370391845703,0.4565947148779757,137.60727881401112,106.86099231976117
0.884499999999958,71.31566619873047,125.66370391845703,0.4521288670969726,137.43142157767682,106.86200305612653
0.8849999999999579,71.36521911621094,125.66370391845703,0.449042346641143,138.5153266650697,107.68739974015625
0.8854999999999579,71.41580963134766,125.66370391845703,0.4478780324517575,140.7768039724776,109.24879286864633
0.8859999999999578,71.4678955078125,125.66370391845703,0.44898349287208417,144.1263116467479,111.46251422374314
0.8864999999999578,71.52185821533203,125.66370391845703,0.4525355710421396,148.47056919200733,114.2495692630376
0.8869999999999577,71.57805633544922,125.66370391845703,0.4585678393143571,153.71419567167385,117.53503735848899
0.8874999999999577,71.63677978515625,125.66370391845703,0.4669994841999956,157.49471427772272,121.24709493681124
0.8879999999999576,71.69204711914062,125.66370391845703,0.4714460949329558,151.48752490783733,116.40171770177378
0.8884999999999575,71.74446105957031,125.66370391845703,0.4719495816722459,146.09110321451524,112.39218812984579
0.8889999999999575,71.79470825195312,125.66370391845703,0.46908488624397376,141.72935127867186,109.3715131567246
0.8894999999999574,71.84349822998047,125.66370391845703,0.46412075561499366,138.57957787575148,107.34294011063909
0.8899999999999574,71.8914794921875,125.66370391845703,0.45834158637510813,136.7096930120472,106.26538111011212
0.8904999999999573,71.93927764892578,125.66370391845703,0.452842832973697,136.1217825623602,106.07630143293542
0.8909999999999573,71.98745727539062,125.66370391845703,0.448486264385441,136.77884149877585,106.70410416391046
0.8914999999999572,72.03653717041016,125.66370391845703,0.44590731648184584,138.62093694465983,108.07467323667487
0.8919999999999572,72.08698272705078,125.66370391845703,0.44553662883229006,141.5746578030805,110.11443517446915
0.8924999999999571,72.13919067382812,125.66370391845703,0.44762447109861375,145.55841216639632,112.75147931364282
0.892999999999957,72.19352722167969,125.66370391845703,0.452266195202221,150.48524023928812,115.91574916504776
0.893499999999957,72.25030517578125,125.66370391845703,0.45942905249213095,156.26420632619863,119.53867438650396
0.8939999999999569,72.3097915649414,125.66370391845703,0.4689801227316539,159.73421234766346,123.55269105702831
0.8944999999999569,72.36558532714844,125.66370391845703,0.47163667478183025,153.24752863624124,118.31384497775365
0.8949999999999568,72.41841125488281,125.66370391845703,0.471090701565375,147.64433636213562,114.09874775309581
0.8954999999999568,72.46904754638672,125.66370391845703,0.4677527975064109,143.27852994783876,111.01482985563169
0.8959999999999567,72.51825714111328,125.66370391845703,0.4627600269953549,140.27257745572302,109.02618993279238
0.8964999999999567,72.5667495727539,125.66370391845703,0.45730590835245194,138.65331202807286,108.06249744470747
0.8969999999999566,72.61517333984375,125.66370391845703,0.4524174030113463,138.3916242755958,108.03909699002186
0.8974999999999566,72.66411590576172,125.66370391845703,0.4488979502607354,139.42637560993722,108.86744012409373
0.8979999999999565,72.71409606933594,125.66370391845703,0.4473279623002224,141.6785397765855,110.46014167143771
0.8984999999999564,72.76557922363281,125.66370391845703,0.4480836360658565,145.0592125559394,112.73303169050433
0.8989999999999564,72.81897735595703,125.66370391845703,0.4513616740823096,149.47389138689604,115.6055551194784
0.8994999999999563,72.87464141845703,125.66370391845703,0.4572068573887572,154.82457599201152,119.00036601930245
0.8999999999999563,72.93287658691406,125.66370391845703,0.4655415568880469,158.75366296615604,122.84264757083753
0.9004999999999562,72.98762512207031,125.66370391845703,0.4699470529723302,152.57645352411689,117.858564789224
0.9009999999999562,73.03949737548828,125.66370391845703,0.4702901771612067,147.04749339003868,113.74407857944803
0.9014999999999561,73.08920288085938,125.66370391845703,0.46721656336535106,142.60335293302072,110.65930814682538
0.9019999999999561,73.137451171875,125.66370391845703,0.4620456440898695,139.4261091964435,108.60892679263067
0.902499999999956,73.18492889404297,125.66370391845703,0.45609972710520935,137.5848207342789,107.551120580928
0.902999999999956,73.23226928710938,125.66370391845703,0.45050347904874716,137.08031048299716,107.42120430367905
0.9034999999999559,73.28004455566406,125.66370391845703,0.44614034698256894,137.872656433556,108.14454929546724
0.9039999999999558,73.32879638671875,125.66370391845703,0.4436596808396796,139.89783470410973,109.6434473343803
0.9044999999999558,73.37899017333984,125.66370391845703,0.44349772337667387,143.0774749267132,111.84029542957076
0.9049999999999557,73.43104553222656,125.66370391845703,0.4459019402831021,147.32435657283864,114.65889325830598
0.9054999999999557,73.48533630371094,125.66370391845703,0.45095725078642646,152.54535753051042,118.02464660017681
0.9059999999999556,73.54216766357422,125.66370391845703,0.45861451840260703,158.64294621258892,121.86424470267306
0.9064999999999556,73.601806640625,125.66370391845703,0.4687207183886375,162.03386556869592,126.10525389102858
0.9069999999999555,73.65763854980469,125.66370391845703,0.4704509210701022,155.21992769116702,120.59287659594058
0.9074999999999555,73.71044158935547,125.66370391845703,0.46931030322424694,149.4521911588729,116.2192061378294
0.9079999999999554,73.76105499267578,125.66370391845703,0.46566156458816865,145.05852294566353,113.07487682939778
0.9084999999999553,73.8102798461914,125.66370391845703,0.4606033341828933,142.1373952300606,111.10611122914152
0.9089999999999553,73.85885620117188,125.66370391845703,0.45530508567933986,140.6957099023377,110.2276878668748
0.9094999999999552,73.90746307373047,125.66370391845703,0.450775331641003,140.68750361446166,110.3424300879335
0.9099999999999552,73.95669555664062,125.66370391845703,0.4477983545000327,142.03705381511344,111.35104296000341
0.9104999999999551,74.00709533691406,125.66370391845703,0.44693098977332335,144.65239238574918,113.15677176098467
0.9109999999999551,74.05912780761719,125.66370391845703,0.4485201496287568,148.4328397712458,115.66704054771755
0.911499999999955,74.11321258544922,125.66370391845703,0.4527283671424241,153.27293498923146,118.79362755596586
0.911999999999955,74.1697006225586,125.66370391845703,0.4595636871068288,159.06428883418997,122.45203782381748
0.9124999999999549,74.22888946533203,125.66370391845703,0.4689121176638011,162.6543253541926,126.56068262584441
0.9129999999999548,74.28434753417969,125.66370391845703,0.47156339537274666,155.93005666191522,121.12331925140133
0.9134999999999548,74.33680725097656,125.66370391845703,0.47085594259276903,150.12577309316754,116.74634731562877
0.9139999999999547,74.38705444335938,125.66370391845703,0.4672844983367277,145.61899712721984,113.5513874967144
0.9144999999999547,74.43588256835938,125.66370391845703,0.46205143150839484,142.54320104044194,111.5077462769122
0.9149999999999546,74.4840087890625,125.66370391845703,0.45640061719325736,140.92957981776232,110.54594719567766
0.9154999999999546,74.53211212158203,125.66370391845703,0.4513979824807555,140.74893909011047,110.57948347621209
0.9159999999999545,74.5807876586914,125.66370391845703,0.4478754432633772,141.93701361209173,111.51615121613125
0.9164999999999545,74.63057708740234,125.66370391845703,0.44643104693580116,144.409512977704,113.26376078545482
0.9169999999999544,74.68196868896484,125.66370391845703,0.44744734958588117,148.07071544516603,115.73253541154317
0.9174999999999544,74.73538208007812,125.66370391845703,0.4511164573773891,152.81813132005024,118.83571726160527
0.9179999999999543,74.79117584228516,125.66370391845703,0.4574690526225268,158.54486530166673,122.48933207798304
0.9184999999999542,74.84964752197266,125.66370391845703,0.46640635733226954,162.41067714748596,126.61158559948389
0.9189999999999542,74.90449523925781,125.66370391845703,0.4697649044428943,155.80533742537511,121.27394212427224
0.9194999999999541,74.95639038085938,125.66370391845703,0.4693918835979017,150.032231363154,116.93760530047648
0.9199999999999541,75.00611114501953,125.66370391845703,0.46590009813022093,145.50705990665566,113.74954150757225
0.920499999999954,75.05440521240234,125.66370391845703,0.4605808626464154,142.38959418302656,111.69726401553376
0.920999999999954,75.10200500488281,125.66370391845703,0.45474114214698824,140.72899295918788,110.72364217931535
0.9214999999999539,75.14957427978516,125.66370391845703,0.44949446684664407,140.5081470992352,110.75028856093157
0.9219999999999539,75.19771575927734,125.66370391845703,0.4457104845519738,141.6707045329901,111.6902077008195
0.9224999999999538,75.24697875976562,125.66370391845703,0.4440175482020494,144.1373002726961,113.45432781144964
0.9229999999999537,75.29784393310547,125.66370391845703,0.44482174726820006,147.8149727181178,115.95446819600681
0.9234999999999537,75.35074615478516,125.66370391845703,0.4483318763050965,152.6023999448878,119.10441429088013
0.9239999999999536,75.40605163574219,125.66370391845703,0.4545884405243276,158.39266367211422,122.81992474101953
0.9244999999999536,75.46407318115234,125.66370391845703,0.46349609214557286,162.4386530945942,127.0183554763016
0.9249999999999535,75.51854705810547,125.66370391845703,0.46714408665909124,155.92138504655634,121.75414456083838
0.9254999999999535,75.57011413574219,125.66370391845703,0.4669214913204346,150.2028930261362,117.46226380350146
0.9259999999999534,75.61955261230469,125.66370391845703,0.46349713277610727,145.72008092925205,114.30601468899162
0.9264999999999534,75.66759490966797,125.66370391845703,0.4582066539454423,142.64660251448996,112.28384803212515
0.9269999999999533,75.71497344970703,125.66370391845703,0.45239008450215235,141.0404721726503,111.34558190269063
0.9274999999999533,75.76234436035156,125.66370391845703,0.447185851452054,140.88991550978784,111.41698502410229
0.9279999999999532,75.8103256225586,125.66370391845703,0.4434817846805445,142.14142593542613,112.41331136360455
0.9284999999999531,75.85946655273438,125.66370391845703,0.4419181325769666,144.71670161375636,114.24634953037942
0.9289999999999531,75.9102554321289,125.66370391845703,0.44290670702036816,148.52254782072038,116.82781671217938
0.929499999999953,75.96311950683594,125.66370391845703,0.4466562003701075,153.45645002161382,120.07066906505172
0.929999999999953,76.0184326171875,125.66370391845703,0.4532020533484309,159.40957454931296,123.88934344377324
0.9304999999999529,76.0765151977539,125.66370391845703,0.46244023743950774,163.50639607390076,128.1994928277673
0.9309999999999529,76.13108825683594,125.66370391845703,0.46595777106147923,157.00789541852217,122.9500651405634
0.9314999999999528,76.18279266357422,125.66370391845703,0.46569261434084863,151.3266497893632,118.6761439950444
0.9319999999999528,76.2323989868164,125.66370391845703,0.4623076549113392,146.90386270142972,115.54747258398392
0.9324999999999527,76.28064727783203,125.66370391845703,0.45713512017088376,143.91468865389592,113.56549093510294
0.9329999999999526,76.3282699584961,125.66370391845703,0.4515141102233197,142.41695193093153,112.68113080745546
0.9334999999999526,76.37593841552734,125.66370391845703,0.44658153468355577,142.3975519223996,112.82006908948367
0.9339999999999525,76.42425537109375,125.66370391845703,0.4432210447547837,143.80087337830827,113.89660194875238
0.9344999999999525,76.47378540039062,125.66370391845703,0.4420649297525282,146.54594952588283,115.82104677324394
0.9349999999999524,76.52500915527344,125.66370391845703,0.44351314255287577,150.53651082675248,118.50322726820589
0.9354999999999524,76.578369140625,125.66370391845703,0.4477594462972478,155.6666559113036,121.85396556566869
0.9359999999999523,76.63423156738281,125.66370391845703,0.45482278558248523,161.82392172654409,125.78533053631536
0.9364999999999523,76.69290924072266,125.66370391845703,0.46458278717516693,165.83479045752765,130.21046153966196
0.9369999999999522,76.74803924560547,125.66370391845703,0.46759684805142304,159.22454195017474,124.86637589100026
0.9374999999999521,76.80030059814453,125.66370391845703,0.46707950138701365,153.50152121051394,120.54027538810408
0.9379999999999521,76.85045623779297,125.66370391845703,0.4636430928379516,149.0949633026726,117.39669005170077
0.938499999999952,76.89928436279297,125.66370391845703,0.45857849686580976,146.1693231022626,115.4307157331577
0.938999999999952,76.94751739501953,125.66370391845703,0.45319535281532897,144.77335615469775,114.58759208976333
0.9394999999999519,76.99583435058594,125.66370391845703,0.4486066256484225,144.88613600693793,114.78794434225217
0.9399999999999519,77.04483795166016,125.66370391845703,0.4456734659305716,146.44514270721714,115.94151763316897
0.9404999999999518,77.09510803222656,125.66370391845703,0.44500518244645093,149.36317240478945,117.95450200067744
0.9409999999999518,77.1471176147461,125.66370391845703,0.44697807665796496,153.5381932537305,120.73286319517312
0.9414999999999517,77.20130157470703,125.66370391845703,0.45176259724360895,158.85887539805208,124.18379165702676
0.9419999999999517,77.2580337524414,125.66370391845703,0.4593562513738487,165.2075634238493,128.21591764758722
0.9424999999999516,77.317626953125,125.66370391845703,0.46962051700212243,169.01229858310327,132.73906085715814
0.9429999999999515,77.37354278564453,125.66370391845703,0.4718208152755913,162.11050951018342,127.15052594419087
0.9434999999999515,77.42650604248047,125.66370391845703,0.4708260775665253,156.22013423434095,122.67035780084774
0.9439999999999514,77.47732543945312,125.66370391845703,0.4671763624299567,151.7426111485651,119.44445028778608
0.9444999999999514,77.52681732177734,125.66370391845703,0.4620996707488837,148.81944500384034,117.45070467192245
0.9449999999999513,77.57571411132812,125.66370391845703,0.45685921121713835,147.4814100504271,116.620825180296
0.9454999999999513,77.62472534179688,125.66370391845703,0.45253089438045063,147.69323301454227,116.86473439709904
0.9459999999999512,77.6744613647461,125.66370391845703,0.4499434304506017,149.38067906409222,118.08349520768708
0.9464999999999512,77.72550201416016,125.66370391845703,0.44967600454059015,152.44672456714645,120.17610987438593
0.9469999999999511,77.7783203125,125.66370391845703,0.4520767106554705,156.7808786068831,123.04245319367874
0.947499999999951,77.83335876464844,125.66370391845703,0.45729046084697283,162.26433195196577,126.58443795713067
0.947999999999951,77.89097595214844,125.66370391845703,0.46529302119893395,166.78350227663302,130.70596859128722
0.9484999999999509,77.9452896118164,125.66370391845703,0.4705700361030685,160.48933332414327,125.63681382090256
0.9489999999999509,77.99679565429688,125.66370391845703,0.4711219310064453,154.74086055622502,121.36195092176199
0.9494999999999508,78.04618072509766,125.66370391845703,0.46789283672734633,150.092069889216,118.12671851770429
0.9499999999999508,78.09414672851562,125.66370391845703,0.46242009609338436,146.7973360796111,115.98773083779523
0.9504999999999507,78.14138793945312,125.66370391845703,0.45618510935071804,144.96896960180976,114.9332539803393
0.9509999999999507,78.1885757446289,125.66370391845703,0.45043264401002303,144.63088297942755,114.91384702404818
0.9514999999999506,78.23631286621094,125.66370391845703,0.4461351151905203,145.7520513094663,115.8598755996435
0.9519999999999506,78.28517150878906,125.66370391845703,0.44400133702973016,148.26717746736009,117.6914711768657
0.9524999999999505,78.33566284179688,125.66370391845703,0.44449712294065363,152.08917037346743,120.3237972549971
0.9529999999999504,78.38823699951172,125.66370391845703,0.4478701843646657,157.11650658844943,123.66969052583114
0.9534999999999504,78.44327545166016,125.66370391845703,0.4541795348147324,163.23748531290593,127.64080498494674
0.9539999999999503,78.50112915039062,125.66370391845703,0.4633298976375946,167.69587478819082,132.1480637641628
0.9544999999999503,78.55555725097656,125.66370391845703,0.46732823842198223,161.15526622181855,126.86913109210258
0.9549999999999502,78.60717010498047,125.66370391845703,0.46719730862167724,155.38047533498764,122.528293492224
0.9554999999999502,78.65670013427734,125.66370391845703,0.46376264483077906,150.8711042084146,119.33771726598582
0.9559999999999501,78.70490264892578,125.66370391845703,0.45846886966631223,147.8379345513676,117.32448383111695
0.9564999999999501,78.75250244140625,125.66370391845703,0.45273387809501253,146.35992082031146,116.45421655743064
0.95699999999995,78.80018615722656,125.66370391845703,0.44775189973978363,146.43497683162906,116.6598520057019
0.95749999999995,78.84857940673828,125.66370391845703,0.4444472418116827,148.01134119279416,117.8577869129216
0.9579999999999499,78.89825439453125,125.66370391845703,0.44347751222737436,151.00674354456572,119.95678227949205
0.9584999999999498,78.94972229003906,125.66370391845703,0.4452530003517232,155.31982068995686,122.86253950087978
0.9589999999999498,79.00341796875,125.66370391845703,0.449963772627698,160.8367346243163,126.47980440770516
0.9594999999999497,79.05973052978516,125.66370391845703,0.457613266931221,167.43491538995275,130.71321179345483
0.9599999999999497,79.11898803710938,125.66370391845703,0.4680571424946234,171.45896222417832,135.46740625115692
0.9604999999999496,79.17457580566406,125.66370391845703,0.47018681816107927,164.42241506288022,129.76373641656502
0.9609999999999496,79.22722625732422,125.66370391845703,0.46906091042577275,158.4458483477989,125.20291356825892
0.9614999999999495,79.27777099609375,125.66370391845703,0.4652923151940337,153.9501015979951,121.94556187455993
0.9619999999999495,79.32701873779297,125.66370391845703,0.4601612289801679,151.0844606983197,119.97472895929606
0.9624999999999494,79.37574768066406,125.66370391845703,0.45496973893880976,149.88141842683171,119.22280945563105
0.9629999999999493,79.42466735839844,125.66370391845703,0.45082110643322393,150.3032851309937,119.59737239065099
0.9634999999999493,79.47441101074219,125.66370391845703,0.4485594238242614,152.27051786306959,120.99517120884101
0.9639999999999492,79.52555847167969,125.66370391845703,0.44876648929418417,155.6787063965912,123.30950032303147
0.9644999999999492,79.57861328125,125.66370391845703,0.4517803951895583,160.40843532905626,126.43361437457442
0.9649999999999491,79.6340103149414,125.66370391845703,0.45772518594358536,166.33080456712344,130.26205602121743
0.9654999999999491,79.69212341308594,125.66370391845703,0.466548096254824,170.76973714076934,134.69089061680694
0.965999999999949,79.7468032836914,125.66370391845703,0.47071578608392123,164.09095925608923,129.29948437568459
0.966499999999949,79.79862213134766,125.66370391845703,0.47058410265010625,158.15050189489827,124.83468404285739
0.9669999999999489,79.84832000732422,125.66370391845703,0.4670362385052317,153.4784756206833,121.52867909150902
0.9674999999999488,79.89665222167969,125.66370391845703,0.46156260429922297,150.30468027142263,119.42067652763234
0.9679999999999488,79.94435119628906,125.66370391845703,0.4556160221739791,148.71946818718703,118.48308335317697
0.9684999999999487,79.99210357666016,125.66370391845703,0.45041863786394454,148.7268644024252,118.65199485219092
0.9689999999999487,80.04055786132812,125.66370391845703,0.4469173234612608,150.27749956023314,119.84452751736373
0.9694999999999486,80.09028625488281,125.66370391845703,0.44578722872867527,153.2888302915301,121.96840409301342
0.9699999999999486,80.14180755615234,125.66370391845703,0.44745087497785196,157.65726787319647,124.92706919325525
0.9704999999999485,80.1955795288086,125.66370391845703,0.4521049462750494,163.26528439118968,128.62213764954828
0.9709999999999485,80.25199127197266,125.66370391845703,0.459753987780834,169.98549858621797,132.95440769252284
0.9714999999999484,80.31137084960938,125.66370391845703,0.4702499306459016,174.04929183824194,137.82417852373533
0.9719999999999483,80.36701202392578,125.66370391845703,0.47213516178221754,166.77676536012547,131.92309134045402
0.9724999999999483,80.419677734375,125.66370391845703,0.4707650026117317,160.62860560221648,127.21931578051377
0.9729999999999482,80.47020721435547,125.66370391845703,0.46678868431501175,156.02911514249382,123.87445996211618
0.9734999999999482,80.51944732666016,125.66370391845703,0.46150705671263,153.12539589233273,121.8679884855713
0.9739999999999481,80.56816864013672,125.66370391845703,0.4562362513643834,151.94571439982263,121.12756320587954
0.9744999999999481,80.61711883544922,125.66370391845703,0.4520886186394724,152.4468209246009,121.55549770773057
0.974999999999948,80.66693115234375,125.66370391845703,0.4499120813795438,154.5426945130315,123.04289412150999
0.975499999999948,80.71820831298828,125.66370391845703,0.4502864151038989,158.12178045914263,125.47722545364553
0.9759999999999479,80.77144622802734,125.66370391845703,0.4535417923299191,163.05700972320489,128.7457419734541
0.9764999999999479,80.82710266113281,125.66370391845703,0.4597892751338325,169.21142675387327,132.73693154436023
0.9769999999999478,80.88553619384766,125.66370391845703,0.4689596470663827,173.54508294197626,137.34067227560533
0.9774999999999477,80.94036865234375,125.66370391845703,0.4722629011676489,166.45172385369702,131.60106296181155
0.9779999999999477,80.99224853515625,125.66370391845703,0.47153190464916817,160.26275433798966,126.91628509298059
0.9784999999999476,81.0419692993164,125.66370391845703,0.4676167349132857,155.48278219240083,123.49925957765359
0.9789999999999476,81.09033203125,125.66370391845703,0.46197845896359585,152.31727476552845,121.36908291994908
0.9794999999999475,81.13809967041016,125.66370391845703,0.45605087961199153,150.83604165832793,120.4813692282297
0.9799999999999475,81.18598937988281,125.66370391845703,0.45104087193472553,151.02541014393867,120.75801092095925
0.9804999999999474,81.23465728759766,125.66370391845703,0.4478785498944395,152.820387393368,122.10383270817366
0.9809999999999474,81.28470611572266,125.66370391845703,0.4472176452325657,156.12428917545557,124.4157368788985
0.9814999999999473,81.3366470336914,125.66370391845703,0.44945368429372523,160.8204295884673,127.5873404424116
0.9819999999999472,81.39094543457031,125.66370391845703,0.4547519434286545,166.7789151718103,131.51121889261532
0.9824999999999472,81.44798278808594,125.66370391845703,0.4630837300267412,171.57009718859646,136.07967153077897
0.9829999999999471,81.50162506103516,125.66370391845703,0.46769964529096536,164.8143787402043,130.63244904128976
0.9834999999999471,81.55243682861328,125.66370391845703,0.4676189879984535,158.7683523841113,126.09899034536961
0.983999999999947,81.60113525390625,125.66370391845703,0.46388891976065316,154.0082056511624,122.74200664876346
0.984499999999947,81.64849090576172,125.66370391845703,0.4581211482511413,150.79133103338214,120.61879826305362
0.9849999999999469,81.69525146484375,125.66370391845703,0.45185789809443017,149.22436904816777,119.71189864850899
0.9854999999999469,81.74211120605469,125.66370391845703,0.44639029465131647,149.31966720767628,119.96200488284629
0.9859999999999468,81.78974151611328,125.66370391845703,0.4427180594833987,151.03047640213921,121.28698682799137
0.9864999999999468,81.83872985839844,125.66370391845703,0.44155344411475855,154.2727189735183,123.5925480739603
0.9869999999999467,81.88961791992188,125.66370391845703,0.443339447762274,158.9381858035352,126.77812003110915
0.9874999999999466,81.94287109375,125.66370391845703,0.44827647889622474,164.90239327623755,130.73980003203803
0.9879999999999466,81.99888610839844,125.66370391845703,0.45635777468717115,172.02921204213402,135.3717601119695
0.9884999999999465,82.05799865722656,125.66370391845703,0.467412501442295,176.22796856366034,140.56684122452705
0.9889999999999465,82.11334991455078,125.66370391845703,0.46870652549190445,168.74064807298674,134.47535996170092
0.9894999999999464,82.16572570800781,125.66370391845703,0.4669608819837108,162.51994076818116,129.67907174056793
0.9899999999999464,82.21601104736328,125.66370391845703,0.46282973269809624,157.9821644912957,126.33653629288115
0.9904999999999463,82.26509094238281,125.66370391845703,0.457617600295915,155.26123003206283,124.41782398463091
0.9909999999999463,82.31376647949219,125.66370391845703,0.45264611499056473,154.37136530432073,123.84032305458643
0.9914999999999462,82.36279296875,125.66370391845703,0.4490277315083255,155.2548581990455,124.49569184162698
0.9919999999999461,82.412841796875,125.66370391845703,0.44759962339481474,157.8109797787745,126.26430999339664
0.9924999999999461,82.46451568603516,125.66370391845703,0.4489172537805354,161.91328934523546,129.02285743441337
0.992999999999946,82.51832580566406,125.66370391845703,0.45327352240473434,167.41967715385198,132.64783780278734
0.993499999999946,82.5747299194336,125.66370391845703,0.4607328994636887,174.17800922987618,137.01700590842228
0.9939999999999459,82.63409423828125,125.66370391845703,0.47117569347823707,178.31777356839902,142.00956884053335
0.9944999999999459,82.6896743774414,125.66370391845703,0.47288927643125683,170.75296769556192,135.86030957056624
0.9949999999999458,82.74224090576172,125.66370391845703,0.4712836657505773,164.37808629125686,130.96277745953802
0.9954999999999458,82.79265594482422,125.66370391845703,0.46707719914151963,159.64420996263553,127.49712530860594
0.9959999999999457,82.841796875,125.66370391845703,0.46162716176997304,156.70958678784564,125.44901812315153
0.9964999999999457,82.89045715332031,125.66370391845703,0.4562951084951495,155.60501780174894,124.74614570247465
0.9969999999999456,82.93939971923828,125.66370391845703,0.4522272535372373,156.28390295316743,125.28682241266921
0.9974999999999455,82.98930358886719,125.66370391845703,0.4502919867182616,158.65275348245666,126.95552137917994
0.9979999999999455,83.04076385498047,125.66370391845703,0.451074541832187,162.5895894916375,129.63117847072445
0.9984999999999454,83.09431457519531,125.66370391845703,0.4548954333360217,167.95473444882617,133.19129435867885
0.9989999999999454,83.15040588378906,125.66370391845703,0.4618429639088793,174.59698003707436,137.51361514908137
0.9994999999999453,83.20941925048828,125.66370391845703,0.4718158976456925,178.8717612111042,142.47665889142448
0.9999999999999453,83.26465606689453,125.66370391845703,0.47392413345129547,171.2579472086692,136.29328802332523
1.0004999999999453,83.31686401367188,125.66370391845703,0.4724181153819759,164.78539116023052,131.3375274652277
1.0009999999999453,83.36690521240234,125.66370391845703,0.4681101585476436,159.9328305380411,127.80592752011471
1.0014999999999452,83.41563415527344,125.66370391845703,0.4624253327084813,156.87677517997454,125.69518678931415
1.0019999999999452,83.4638671875,125.66370391845703,0.45677342443935304,155.6601454171738,124.94011915123247
1.002499999999945,83.5123519897461,125.66370391845703,0.45233849753791944,156.2440936851678,125.44330116785638
1.002999999999945,83.56177520751953,125.66370391845703,0.45002069043948384,158.53974484292752,127.09150788365989
1.003499999999945,83.61274719238281,125.66370391845703,0.45043212324974186,162.42744716715842,129.76455138447247
1.003999999999945,83.66580200195312,125.66370391845703,0.45391494791572895,167.76816336727575,133.33973476346497
1.0044999999999449,83.72140502929688,125.66370391845703,0.4605730012903193,174.41005687687348,137.69385184391655
1.0049999999999448,83.77993774414062,125.66370391845703,0.47031401884934465,178.80366326558322,142.7038601003651
1.0054999999999448,83.83468627929688,125.66370391845703,0.4725338540257291,171.12140873822028,136.46524876991538
1.0059999999999447,83.88640594482422,125.66370391845703,0.4709989452838125,164.58583115369717,131.464773715467
1.0064999999999447,83.93595123291016,125.66370391845703,0.4665794045093568,159.6878734531816,127.90570205344879
1.0069999999999446,83.98419189453125,125.66370391845703,0.46074437734376733,156.61047525254358,125.78789195223526
1.0074999999999446,84.03194427490234,125.66370391845703,0.4549368841565149,155.39982628831393,125.04733898161152
1.0079999999999445,84.07997131347656,125.66370391845703,0.4503669244189474,156.0181226737642,125.5864821155706
1.0084999999999444,84.12896728515625,125.66370391845703,0.44795438341371824,158.37593462551172,127.2910068322818
1.0089999999999444,84.17955017089844,125.66370391845703,0.44832478102225914,162.35188594966104,130.03896376914585
1.0094999999999443,84.23225402832031,125.66370391845703,0.4518269311027208,167.80434247002378,133.70539323281145
1.0099999999999443,84.28754425048828,125.66370391845703,0.45856472567588763,174.57821048603637,138.16446362047373
1.0104999999999442,84.34581756591797,125.66370391845703,0.4684403169242223,179.030614082049,143.29026392532418
1.0109999999999442,84.4002914428711,125.66370391845703,0.4704492859746275,171.26674613614503,136.9795024323206
1.011499999999944,84.45173645019531,125.66370391845703,0.46876743561538853,164.7059383351836,131.94730982798836
1.011999999999944,84.50102996826172,125.66370391845703,0.4642703005236902,159.8349949436525,128.39443354360176
1.012499999999944,84.5490493774414,125.66370391845703,0.4584330257825337,156.83109011595602,126.31628637353172
1.012999999999944,84.59662628173828,125.66370391845703,0.4527050562784437,155.73460325811928,125.64440982867106
1.013499999999944,84.64453125,125.66370391845703,0.44830037019784724,156.50193797777578,126.27684368159089
1.0139999999999438,84.69346618652344,125.66370391845703,0.44613810405963567,159.03789541376145,128.09495967715512
1.0144999999999438,84.7440414428711,125.66370391845703,0.44683698661102605,163.21534141872536,130.9725511207073
1.0149999999999437,84.79682159423828,125.66370391845703,0.45073302210267135,168.8868814394403,134.78052661585207
1.0154999999999437,84.85225677490234,125.66370391845703,0.4579126736525098,175.89165296397456,139.38890939963323
1.0159999999999436,84.9107437133789,125.66370391845703,0.4682583646111025,180.302419930608,144.66771858903778
1.0164999999999436,84.96538543701172,125.66370391845703,0.4697322794355605,172.40161709349113,138.23337226918937
1.0169999999999435,85.01698303222656,125.66370391845703,0.4677735706356592,165.80770011565485,133.14871793823963
1.0174999999999434,85.06644439697266,125.66370391845703,0.46321116815872154,160.98716688369282,129.60204424414238
1.0179999999999434,85.11466979980469,125.66370391845703,0.4574846545078833,158.09941349865792,127.57627434877163
1.0184999999999433,85.16251373291016,125.66370391845703,0.45201861049636444,157.17014244486128,126.99255501819478
1.0189999999999433,85.21074676513672,125.66370391845703,0.44800508288502494,158.14336727059737,127.74010683083912
1.0194999999999432,85.26007843017578,125.66370391845703,0.4463395150239654,160.9131651049148,129.6927035618099
1.0199999999999432,85.3111343383789,125.66370391845703,0.4476133811575687,165.34288700388294,132.7174556036495
1.0204999999999431,85.36446380615234,125.66370391845703,0.4521325642553474,171.27650534252786,136.6792177186596
1.020999999999943,85.42051696777344,125.66370391845703,0.45995292429788803,176.41767076403133,141.44249322229615
1.021499999999943,85.47320556640625,125.66370391845703,0.46484267620988895,169.38875614978667,135.77881545100072
1.021999999999943,85.52307891845703,125.66370391845703,0.46461515528327524,163.0718101673019,131.03438853490889
1.022499999999943,85.57085418701172,125.66370391845703,0.4605285851390501,158.12743343328205,127.53293131372803
1.0229999999999428,85.61731719970703,125.66370391845703,0.45436364269643414,154.86144599188194,125.36572113314897
1.0234999999999428,85.66325378417969,125.66370391845703,0.44779596843253716,153.4063106660661,124.53237259555561
1.0239999999999427,85.70941162109375,125.66370391845703,0.4422218945757444,153.78429399890246,124.97906675127747
1.0244999999999427,85.75648498535156,125.66370391845703,0.43871806576693195,155.9471758023731,126.62100528516446
1.0249999999999426,85.80510711669922,125.66370391845703,0.4380419518208148,159.80108334233614,129.35549280453088
1.0254999999999426,85.85584259033203,125.66370391845703,0.4406473866372627,165.2217993834376,133.06934706710624
1.0259999999999425,85.90918731689453,125.66370391845703,0.44671242493673624,172.06410896617743,137.64297798152234
1.0264999999999425,85.96556854248047,125.66370391845703,0.45618089360096176,177.38110232896068,142.95257228515294
1.0269999999999424,86.01863861083984,125.66370391845703,0.46017701867503424,170.45949250337333,137.36050989128154
1.0274999999999423,86.06900024414062,125.66370391845703,0.4596812609523304,164.41273877555938,132.77074694712246
1.0279999999999423,86.11740112304688,125.66370391845703,0.4558381137087217,159.85900651319054,129.48810533037067
1.0284999999999422,86.16465759277344,125.66370391845703,0.45033701820281646,157.06989179552141,127.58542593925618
1.0289999999999422,86.21156311035156,125.66370391845703,0.44478574063629245,156.15087245033342,127.04737116189484
1.0294999999999421,86.25886535644531,125.66370391845703,0.44051829502275247,157.10241497366218,127.8077436027477
1.029999999999942,86.3072509765625,125.66370391845703,0.4385440936070396,159.85820781326012,129.77124158975082
1.030499999999942,86.35736846923828,125.66370391845703,0.4395450759151411,164.30895475182612,132.8260893421826
1.030999999999942,86.4097671508789,125.66370391845703,0.44389418110434253,170.316961042696,136.8510183267732
1.031499999999942,86.46492004394531,125.66370391845703,0.45169039641137326,177.7249903706865,141.71913840512704
1.0319999999999419,86.52323913574219,125.66370391845703,0.46280849027442483,182.6964402630666,147.29998695254926
1.0324999999999418,86.578125,125.66370391845703,0.4653222419557131,175.4910138135947,141.44376274869734
1.0329999999999417,86.63024139404297,125.66370391845703,0.46421471837099143,169.39417633246867,136.74223203046736
1.0334999999999417,86.68041229248047,125.66370391845703,0.4604123815891684,164.9577495207141,133.46049860208413
1.0339999999999416,86.7294921875,125.66370391845703,0.45543237909881895,162.4014256613851,131.6365895308065
1.0344999999999416,86.77828979492188,125.66370391845703,0.4507538498710499,161.79077566596055,131.22821179293243
1.0349999999999415,86.82756805419922,125.66370391845703,0.44760261419928277,163.0950881596349,132.14808190671602
1.0354999999999415,86.8780288696289,125.66370391845703,0.4468886801612857,166.22322345306978,134.28414701220186
1.0359999999999414,86.9302978515625,125.66370391845703,0.44920088701889443,171.045697483046,137.51103035136933
1.0364999999999414,86.98491668701172,125.66370391845703,0.4548287420005886,177.40805258450254,141.6962718938739
1.0369999999999413,87.0423583984375,125.66370391845703,0.4638028936117635,182.72443901744384,146.70360390263792
1.0374999999999412,87.09664916992188,125.66370391845703,0.46889892455887977,176.0325575797532,141.31746011013385
1.0379999999999412,87.14826965332031,125.66370391845703,0.46903333395139035,169.95982518897392,136.74127851176974
1.0384999999999411,87.19789123535156,125.66370391845703,0.46545912315142013,165.21633302204282,133.34880991403503
1.038999999999941,87.24627685546875,125.66370391845703,0.45994578533469205,162.14169050003764,131.26516385818735
1.039499999999941,87.29418182373047,125.66370391845703,0.4541561482431199,160.88923321577937,130.51128206417218
1.039999999999941,87.34235382080078,125.66370391845703,0.44946815874164264,161.49287434760546,131.04595264473951
1.040499999999941,87.39147186279297,125.66370391845703,0.4469324147774043,163.9093828282594,132.79076045920544
1.0409999999999409,87.44217681884766,125.66370391845703,0.44727323041892214,168.04500424753823,135.64499368561994
1.0414999999999408,87.49504089355469,125.66370391845703,0.45090726855512914,173.7720245388179,139.49424717118094
1.0419999999999408,87.550537109375,125.66370391845703,0.45797598426740427,180.93901541565072,144.21531486377324
1.0424999999999407,87.60910034179688,125.66370391845703,0.46839159770397143,186.1157132208342,149.6790896883241
1.0429999999999406,87.66429901123047,125.66370391845703,0.47186528742608147,178.9708400714167,143.89376374863292
1.0434999999999406,87.71674346923828,125.66370391845703,0.4711500728773061,172.7538402256957,139.13970649428657
1.0439999999999405,87.7671890258789,125.66370391845703,0.4673414527410079,168.0909053553118,135.73347913934748
1.0444999999999405,87.81646728515625,125.66370391845703,0.4620709581971376,165.25442989385914,133.75069177226462
1.0449999999999404,87.86537170410156,125.66370391845703,0.4568952295885178,164.34647550620542,133.1746714079259
1.0454999999999404,87.91465759277344,125.66370391845703,0.4531007712910542,165.36117031746173,133.93521729524517
1.0459999999999403,87.96504211425781,125.66370391845703,0.4516512925881595,168.22377021489484,135.93124958345763
1.0464999999999403,88.01713562011719,125.66370391845703,0.45318563093881464,172.8149975171896,139.0438544450909
1.0469999999999402,88.0715103149414,125.66370391845703,0.45803877981229735,178.98600318180473,143.14382445775155
1.0474999999999401,88.1286392211914,125.66370391845703,0.4662796572450439,186.56750386424324,148.09565401228795
1.04799999999994,88.18891143798828,125.66370391845703,0.4777622894511304,191.17422882548217,153.75977358143504
1.04849999999994,88.24543762207031,125.66370391845703,0.47911981021221034,183.1800103667338,147.23870272530922
1.04899999999994,88.2989730834961,125.66370391845703,0.47717833800547066,176.50972472532604,142.0558818806338
1.04949999999994,88.35041046142578,125.66370391845703,0.47281809609553566,171.6809359191663,138.44723043153448
1.0499999999999399,88.4006576538086,125.66370391845703,0.4674940404994256,168.8798454585576,136.42035230805914
1.0504999999999398,88.45056915283203,125.66370391845703,0.46263145613158735,168.143202293266,135.90736542199366
1.0509999999999398,88.50093841552734,125.66370391845703,0.4594097207292289,169.41497573453782,136.79912643621302
1.0514999999999397,88.55248260498047,125.66370391845703,0.45869785732089075,172.5812563010634,138.96451527500417
1.0519999999999397,88.6058349609375,125.66370391845703,0.4610485539187992,177.49161943307178,142.26116091815533
1.0524999999999396,88.66155242919922,125.66370391845703,0.4667204640081746,183.97197947174294,146.54116020041056
1.0529999999999395,88.72008514404297,125.66370391845703,0.4757193272411018,188.84249812140553,151.6538898569284
1.0534999999999395,88.77496337890625,125.66370391845703,0.4790103374138495,180.95123426209665,145.26017510135384
1.0539999999999394,88.82682800292969,125.66370391845703,0.47775239577221906,174.05099122315346,139.9981861783726
1.0544999999999394,88.87650299072266,125.66370391845703,0.47313741618733207,168.78174465339885,136.17922674019178
1.0549999999999393,88.9248275756836,125.66370391845703,0.46687160996657157,165.42003752264563,133.87053875620484
1.0554999999999393,88.97264862060547,125.66370391845703,0.4605714810375946,164.06820866882552,133.04726129257668
1.0559999999999392,89.02075958251953,125.66370391845703,0.45557868035959803,164.7180130288554,133.63123227832844
1.0564999999999392,89.06987762451172,125.66370391845703,0.45291083984737046,167.2904414313176,135.51359199587034
1.056999999999939,89.12065887451172,125.66370391845703,0.4532583844071113,171.66054625264348,138.56789062848202
1.057499999999939,89.17369079589844,125.66370391845703,0.4570016780349155,177.67272611551306,142.65743940385204
1.057999999999939,89.22946166992188,125.66370391845703,0.46424431037341896,185.15009052750852,147.63929348395286
1.058499999999939,89.28837585449219,125.66370391845703,0.47486125902145476,189.84043315307926,153.36645081418666
1.0589999999999389,89.34333801269531,125.66370391845703,0.47584753044135686,181.2958741778729,146.3890458070209
1.0594999999999388,89.39517211914062,125.66370391845703,0.47332541358380986,174.2280980424414,140.90066309095687
1.0599999999999388,89.4448471069336,125.66370391845703,0.4682802453389973,169.1437631805332,137.11770906606645
1.0604999999999387,89.4933090209961,125.66370391845703,0.46224905520949916,166.21320887543405,135.02715137260049
1.0609999999999387,89.54145812988281,125.66370391845703,0.4567228992292092,165.4581464297875,134.54358446556938
1.0614999999999386,89.59011840820312,125.66370391845703,0.4529348733728279,166.80816299213907,135.5426393450745
1.0619999999999385,89.6400375366211,125.66370391845703,0.45179486416998077,170.13541784627742,137.87965812033752
1.0624999999999385,89.6918716430664,125.66370391845703,0.45388081640196654,175.27584031554875,141.39993483984324
1.0629999999999384,89.7461929321289,125.66370391845703,0.4594590600567549,182.04186977360962,145.94409350093437
1.0634999999999384,89.80345916748047,125.66370391845703,0.46852602265218657,186.9903614052278,151.35066813079254
1.0639999999999383,89.85691833496094,125.66370391845703,0.4708985534302278,178.68046034289236,144.59349427430408
1.0644999999999383,89.90731048583984,125.66370391845703,0.46895280215394036,171.61168219916894,139.16419901749677
1.0649999999999382,89.95552825927734,125.66370391845703,0.4638781556376895,166.38235632993639,135.3403982829544
1.0654999999999382,90.00249481201172,125.66370391845703,0.45739000804772917,163.23017548613308,133.15682538017586
1.065999999999938,90.04908752441406,125.66370391845703,0.4511212550601527,162.22497030033983,132.56185778646665
1.066499999999938,90.09613800048828,125.66370391845703,0.44642582172596595,163.33063750229027,133.4549231636169
1.066999999999938,90.14439392089844,125.66370391845703,0.4443204632901919,166.44366955543222,135.70792482639274
1.067499999999938,90.19452667236328,125.66370391845703,0.4454758757341416,171.41704371942689,139.17748891568655
1.0679999999999379,90.24713134765625,125.66370391845703,0.45023294956310567,178.0748485663827,143.7117179075729
1.0684999999999378,90.30268859863281,125.66370391845703,0.4586403361321669,183.57690574787995,149.15373734334588
1.0689999999999378,90.354736328125,125.66370391845703,0.462400415207104,175.85024554614188,142.90312046443435
1.0694999999999377,90.4039077758789,125.66370391845703,0.4612221241458584,169.12752492822875,137.78729332416876
1.0699999999999377,90.45103454589844,125.66370391845703,0.45648485009636175,164.09263655074142,134.14981469670073
1.0704999999999376,90.49696350097656,125.66370391845703,0.4500579421187423,161.04683985264924,132.0765943821998
1.0709999999999376,90.54257202148438,125.66370391845703,0.4436907311038432,160.10536223091103,131.55243525016775
1.0714999999999375,90.58866119384766,125.66370391845703,0.43882987050005956,161.26433490891475,132.50237931358566
1.0719999999999374,90.635986328125,125.66370391845703,0.43656720615159084,164.44290587424206,134.81619288088
1.0724999999999374,90.68522644042969,125.66370391845703,0.43763157286156873,169.50967513843207,138.3626681246394
1.0729999999999373,90.73696899414062,125.66370391845703,0.4424036060031895,176.2991294001126,142.9978569242079
1.0734999999999373,90.79173278808594,125.66370391845703,0.45095268984531606,182.2528248766581,148.56978690685295
1.0739999999999372,90.84333038330078,125.66370391845703,0.45579271835307666,175.20530376730656,142.89566583493468
1.0744999999999372,90.89227294921875,125.66370391845703,0.45539542273185124,168.95168747190328,138.16428692968037
1.0749999999999371,90.9393081665039,125.66370391845703,0.4512417995593675,164.24628925825155,134.78068943726274
1.075499999999937,90.98526763916016,125.66370391845703,0.4452856573898163,161.4437129766813,132.87852106972252
1.075999999999937,91.03096008300781,125.66370391845703,0.4393389023514454,160.69711085312804,132.47626878741053
1.076499999999937,91.07718658447266,125.66370391845703,0.4348939403987948,162.02935891463045,133.5226726008311
1.076999999999937,91.12469482421875,125.66370391845703,0.43307405865920384,165.37821577929319,135.92389702516138
1.0774999999999368,91.17414855957031,125.66370391845703,0.43462626958160955,170.62492507716567,139.55982382938203
1.0779999999999368,91.22615051269531,125.66370391845703,0.43993731130351954,177.6121914961204,144.2937603981357
1.0784999999999367,91.28121948242188,125.66370391845703,0.4490729100058289,183.84059264315712,149.97809798540132
1.0789999999999367,91.33340454101562,125.66370391845703,0.45469494168640173,177.3875051635513,144.8034142661439
1.0794999999999366,91.38313293457031,125.66370391845703,0.4549891397041005,171.54308994554904,140.39573396540362
1.0799999999999366,91.43107604980469,125.66370391845703,0.45147026273260493,167.11907682386737,137.21375648139875
1.0804999999999365,91.4780044555664,125.66370391845703,0.4461177029807345,164.51430854850304,135.43264351280982
1.0809999999999365,91.52470397949219,125.66370391845703,0.44075826768116294,163.91339903014324,135.10024471997792
1.0814999999999364,91.57196807861328,125.66370391845703,0.4368901376932447,165.3614172690358,136.18590180283394
1.0819999999999363,91.6205062866211,125.66370391845703,0.4356351844476395,168.81157044086427,138.61000608293895
1.0824999999999363,91.67098999023438,125.66370391845703,0.43773426706132146,174.1556020402496,142.2621429158184
1.0829999999999362,91.72401428222656,125.66370391845703,0.4435661195629848,181.24304553510535,147.01194374925566
1.0834999999999362,91.78009796142578,125.66370391845703,0.45318933827626534,187.5751996071144,152.71565543331621
1.0839999999999361,91.8334732055664,125.66370391845703,0.45935593243637896,181.47720058334176,147.84004223114914
1.084499999999936,91.88449096679688,125.66370391845703,0.46013542421142145,175.83319377935092,143.59296931703085
1.084999999999936,91.93376922607422,125.66370391845703,0.4570569366895459,171.50191686032912,140.47550257740642
1.085499999999936,91.9820327758789,125.66370391845703,0.4521018271449647,168.91836661466314,138.6953573134689
1.085999999999936,92.0300521850586,125.66370391845703,0.44709136986163694,168.292935214111,138.32339208727507
1.0864999999999359,92.0785903930664,125.66370391845703,0.4435147380590401,169.68893758943472,139.3450437917247
1.0869999999999358,92.12834930419922,125.66370391845703,0.4424848658088477,173.0723344568232,141.69186339055946
1.0874999999999357,92.18000793457031,125.66370391845703,0.44473699341713946,178.34357952718963,145.26100807669752
1.0879999999999357,92.23413848876953,125.66370391845703,0.45064982906102297,185.35790397320824,149.9269809208015
1.0884999999999356,92.29126739501953,125.66370391845703,0.4602880924033698,191.6856477341288,155.54897665243848
1.0889999999999356,92.3457260131836,125.66370391845703,0.4668212856569589,185.6489916632095,150.73141077884887
1.0894999999999355,92.3978271484375,125.66370391845703,0.467818772560337,179.9545138463093,146.4576805131053
1.0899999999999355,92.44815826416016,125.66370391845703,0.46484612688891874,175.49861663030956,143.25789748047077
1.0904999999999354,92.4974136352539,125.66370391845703,0.459898481365878,172.74433660310842,141.36161327284134
1.0909999999999354,92.54634857177734,125.66370391845703,0.4548002721880162,171.921985721552,140.85499114795547
1.0914999999999353,92.59571838378906,125.66370391845703,0.45104177409886476,173.10889396990487,141.73406424184955
1.0919999999999352,92.64623260498047,125.66370391845703,0.44974008330956244,176.2807090149811,143.93757934307038
1.0924999999999352,92.69855499267578,125.66370391845703,0.451640463464437,181.34436092895703,147.36734260427022
1.0929999999999351,92.75326538085938,125.66370391845703,0.45713793642474226,188.15914214547732,151.9006721263712
1.093499999999935,92.81088256835938,125.66370391845703,0.4663180089233724,196.55023450454476,157.3981442429089
1.093999999999935,92.87184143066406,125.66370391845703,0.47901529489196953,202.003790089237,163.70839522701164
1.094499999999935,92.92945098876953,125.66370391845703,0.4814068572853511,194.5016071010692,157.5892961811518
1.094999999999935,92.98433685302734,125.66370391845703,0.48024059765323185,188.15270064543935,152.62845330991865
1.0954999999999349,93.03731536865234,125.66370391845703,0.47659902303486895,183.61449844151852,149.18290264013322
1.0959999999999348,93.08926391601562,125.66370391845703,0.47207543852717315,181.1615145999851,147.33716405284483
1.0964999999999347,93.1410140991211,125.66370391845703,0.4681860805389374,180.8817477781375,147.06848651426978
1.0969999999999347,93.19337463378906,125.66370391845703,0.4661613811703424,182.74384208948743,148.29051285889778
1.0974999999999346,93.24707794189453,125.66370391845703,0.46688444840722787,186.63928579334626,150.87896741269395
1.0979999999999346,93.30276489257812,125.66370391845703,0.47088868801576594,192.4088939782308,154.68684889907848
1.0984999999999345,93.36100769042969,125.66370391845703,0.4783869437311089,199.8593108446033,159.55332055869602
1.0989999999999345,93.42227172851562,125.66370391845703,0.48932242739986004,204.79119803394215,165.3087660314268
1.0994999999999344,93.47981262207031,125.66370391845703,0.49148557160225564,196.39057910508612,158.4648022463385
1.0999999999999344,93.53431701660156,125.66370391845703,0.4896715473940722,189.19219609770428,152.88082923226895
1.1004999999999343,93.5866470336914,125.66370391845703,0.48504857350789654,183.86130274838325,148.90087627249042
1.1009999999999343,93.63770294189453,125.66370391845703,0.4792773660917109,180.67424334888898,146.59726961273122
1.1014999999999342,93.6883544921875,125.66370391845703,0.4739308472501358,179.71924440172566,145.93751086212376
1.1019999999999341,93.73944091796875,125.66370391845703,0.47029751192568414,180.96411465297248,146.82732392826915
1.102499999999934,93.79170989990234,125.66370391845703,0.46932390894643794,184.29874416267202,149.13583525611688
1.102999999999934,93.84583282470703,125.66370391845703,0.47161006728829613,189.56176248439607,152.71042134790807
1.103499999999934,93.90239715576172,125.66370391845703,0.477432469339368,196.5571473756148,157.38525125509364
1.103999999999934,93.96188354492188,125.66370391845703,0.48678785416595116,201.51156148640425,162.98614994264634
1.1044999999999339,94.01741027832031,125.66370391845703,0.4888646500882435,192.5054624325036,155.65834100347195
1.1049999999999338,94.06973266601562,125.66370391845703,0.4864993341269573,184.79406809530028,149.71152578225215
1.1054999999999338,94.11976623535156,125.66370391845703,0.4810124939806817,179.04405322421735,145.47407804479658
1.1059999999999337,94.1684341430664,125.66370391845703,0.47418351242594675,175.52709156605232,143.00321890332606
1.1064999999999336,94.21666717529297,125.66370391845703,0.46767987717587195,174.32620799571566,142.25430432351735
1.1069999999999336,94.26531982421875,125.66370391845703,0.4628726597228982,175.4035991775353,143.12288389037118
1.1074999999999335,94.31517028808594,125.66370391845703,0.4607817750274673,178.6431708432978,145.4693389407429
1.1079999999999335,94.3669204711914,125.66370391845703,0.46206848430547903,183.87722108799986,149.1332555590116
1.1084999999999334,94.4211654663086,125.66370391845703,0.4670534741175744,190.90307770603007,153.9416218178851
1.1089999999999334,94.4784164428711,125.66370391845703,0.47575724616133536,196.09064686717375,159.71356025891797
1.1094999999999333,94.53163146972656,125.66370391845703,0.47752900078330585,186.85293033468704,152.1895204355046
1.1099999999999333,94.58162689208984,125.66370391845703,0.47474587578562194,179.0617659756917,146.177861567847
1.1104999999999332,94.62936401367188,125.66370391845703,0.468807703239242,173.36539917165837,141.9865253961687
1.1109999999999332,94.67582702636719,125.66370391845703,0.4615701129947787,170.01596803199342,139.6532113865857
1.111499999999933,94.72196960449219,125.66370391845703,0.4547683295932294,169.07947172494607,139.1171014659958
1.111999999999933,94.7686767578125,125.66370391845703,0.449829536797975,170.5029038738738,140.2600524310843
1.112499999999933,94.8167495727539,125.66370391845703,0.4478128215724248,174.15626245106466,142.930514861786
1.112999999999933,94.86690521240234,125.66370391845703,0.44939630599584995,179.85886083137927,146.95741487312947
1.1134999999999329,94.91975402832031,125.66370391845703,0.45489290338689914,187.39571627110206,152.1580259825861
1.1139999999999328,94.9758071899414,125.66370391845703,0.46429339799454905,192.82790212486657,158.34245214073414
1.1144999999999328,95.02787780761719,125.66370391845703,0.46545519285033166,183.67440190583847,150.85774248021204
1.1149999999999327,95.07682037353516,125.66370391845703,0.4624410528960843,176.15232156880444,145.00552979177436
1.1154999999999327,95.1236572265625,125.66370391845703,0.4566044726680002,170.87083983111933,141.0699176295611
1.1159999999999326,95.16940307617188,125.66370391845703,0.4497841444423585,168.04837282154847,139.06599878295432
1.1164999999999325,95.21502685546875,125.66370391845703,0.4437106840456735,167.72306813697332,138.91413917166184
1.1169999999999325,95.26143646240234,125.66370391845703,0.4397996304448008,169.81837591966718,140.4802536853551
1.1174999999999324,95.3094482421875,125.66370391845703,0.4390795328538147,174.18391764272863,143.5989851741383
1.1179999999999324,95.3597640991211,125.66370391845703,0.44217500040462365,180.62098864604843,148.08703428624642
1.1184999999999323,95.41300201416016,125.66370391845703,0.44932666590961584,188.89838830931788,153.75074691508888
1.1189999999999323,95.46966552734375,125.66370391845703,0.4604447833143169,194.37425247241592,160.3902922388357
1.1194999999999322,95.52239227294922,125.66370391845703,0.4606708162438604,185.34013837612213,152.95695911202054
1.1199999999999322,95.57209777832031,125.66370391845703,0.45749265341783857,178.1385307115465,147.2720466987099
1.120499999999932,95.61983489990234,125.66370391845703,0.4520989111958417,173.32226469991792,143.5896814410929
1.120999999999932,95.6666488647461,125.66370391845703,0.44620647184881457,171.06451771941124,141.89757586508546
1.121499999999932,95.71353149414062,125.66370391845703,0.4414519287615669,171.3673193813931,142.09382688445916
1.121999999999932,95.7613754272461,125.66370391845703,0.4391588832452093,174.12470747130178,144.0259189647835
1.1224999999999319,95.81100463867188,125.66370391845703,0.44025504258231835,179.16185038257137,147.5130540753576
1.1229999999999318,95.86311340332031,125.66370391845703,0.4452568295512665,186.25930819309667,152.3587367567314
1.1234999999999318,95.91829681396484,125.66370391845703,0.45429948195001163,192.15908656329782,158.35786698933322
1.1239999999999317,95.97003173828125,125.66370391845703,0.4575918786491309,184.11549344076803,151.82479699308433
1.1244999999999317,96.01896667480469,125.66370391845703,0.4560352499673063,177.24231238672218,146.52660063349893
1.1249999999999316,96.06595611572266,125.66370391845703,0.45115028040232225,172.30778655395795,142.8794012946502
1.1254999999999316,96.1119384765625,125.66370391845703,0.44493706947692874,169.65149208305658,141.00153859285177
1.1259999999999315,96.1578140258789,125.66370391845703,0.4392560568583359,169.3981446081047,140.88650137431623
1.1264999999999314,96.20447540283203,125.66370391845703,0.4356278940676318,171.53272351330446,142.45171246207235
1.1269999999999314,96.2527084350586,125.66370391845703,0.4351653453996186,175.94815957026532,145.56763225970334
1.1274999999999313,96.30323791503906,125.66370391845703,0.4385567093705341,182.47565307353048,150.07544214466188
1.1279999999999313,96.35669708251953,125.66370391845703,0.44608518972988603,190.90390250590417,155.79754604872937
1.1284999999999312,96.4135971069336,125.66370391845703,0.45768340413936004,197.02457306600027,162.54387246882115
1.1289999999999312,96.46711730957031,125.66370391845703,0.4599391447021877,189.15478795731474,156.10951130757866
1.1294999999999311,96.51795196533203,125.66370391845703,0.4582685148653892,182.65848817382295,151.01711941215171
1.129999999999931,96.56700134277344,125.66370391845703,0.45400676666381784,178.23657746499,147.6488129670773
1.130499999999931,96.61520385742188,125.66370391845703,0.44898215917741496,176.17522589847553,146.09168955306157
1.130999999999931,96.6634750366211,125.66370391845703,0.4449065741278215,176.55745240018152,146.31451204989915
1.131499999999931,96.71269226074219,125.66370391845703,0.44315650730966366,179.334999951892,148.21471331379453
1.1319999999999308,96.76364135742188,125.66370391845703,0.4446993006274922,184.3737222143287,151.6463200655766
1.1324999999999308,96.8170166015625,125.66370391845703,0.45008314226541646,191.4823033755984,156.43669578385175
1.1329999999999307,96.8734130859375,125.66370391845703,0.45946978338260724,197.7407972819806,162.39647111041307
1.1334999999999307,96.9267578125,125.66370391845703,0.464411835889652,190.51924769038658,156.57683718078695
1.1339999999999306,96.9775161743164,125.66370391845703,0.46403481574397465,184.05169866367837,151.63718391303533
1.1344999999999306,97.02640533447266,125.66370391845703,0.45998060245353095,179.2368121439641,148.1037646493492
1.1349999999999305,97.07427215576172,125.66370391845703,0.4543250187962085,176.51437451442254,146.18078086492707
1.1354999999999305,97.12196350097656,125.66370391845703,0.4489719625976521,176.08156102074392,145.9231915397986
1.1359999999999304,97.1703109741211,125.66370391845703,0.44547159337796494,177.97553386021738,147.29213713312808
1.1364999999999303,97.2201156616211,125.66370391845703,0.4449641447433177,182.12651194945562,150.18898677416203
1.1369999999999303,97.2720718383789,125.66370391845703,0.4481700314712506,188.3919295368342,154.4762690773491
1.1374999999999302,97.32682037353516,125.66370391845703,0.45541076435316385,196.5784078114417,159.99074447281598
1.1379999999999302,97.38488006591797,125.66370391845703,0.466660620474749,202.85250159177411,166.55139956081948
1.1384999999999301,97.43975067138672,125.66370391845703,0.4701774673337974,195.3051901637925,160.41975287597418
1.13899999999993,97.49198150634766,125.66370391845703,0.46920448701622497,188.8129668745284,155.3808249742255
1.13949999999993,97.5423812866211,125.66370391845703,0.46521708931446804,184.18500580080845,151.90097551732578
1.13999999999993,97.59184265136719,125.66370391845703,0.46013210019726875,181.78880458593474,150.131972238153
1.14049999999993,97.6412353515625,125.66370391845703,0.4557186370471962,181.7657427683173,150.08843069668634
1.1409999999999298,97.69140625,125.66370391845703,0.4534015055016599,184.10914130694843,151.69999637341184
1.1414999999999298,97.7431411743164,125.66370391845703,0.4541992128482645,188.71408037001694,154.842977925004
1.1419999999999297,97.7971420288086,125.66370391845703,0.458717382652576,195.40927819778904,159.3596762350799
1.1424999999999297,97.85401153564453,125.66370391845703,0.46717834530968544,203.97748898983502,165.07017300595044
1.1429999999999296,97.91424560546875,125.66370391845703,0.47948133176775715,209.64598035772684,171.77960641252088
1.1434999999999296,97.97087860107422,125.66370391845703,0.48103333997066133,201.1506147596605,164.81373091670562
1.1439999999999295,98.02462768554688,125.66370391845703,0.4789380792967396,194.11264889031784,159.26462894192758
1.1444999999999295,98.076416015625,125.66370391845703,0.47445700593557344,189.22715650623428,155.51090817592183
1.1449999999999294,98.12720489501953,125.66370391845703,0.46932425110862014,186.76981995262312,153.6298495981922
1.1454999999999294,98.17791748046875,125.66370391845703,0.46516591532297363,186.81163859184434,153.579391894076
1.1459999999999293,98.22943878173828,125.66370391845703,0.46328650970605595,189.29127846318232,155.24565080658257
1.1464999999999292,98.28255462646484,125.66370391845703,0.46459965933347813,194.06073515994285,158.4710582834378
1.1469999999999292,98.33796691894531,125.66370391845703,0.469621723908076,200.91424765329867,163.07125216986933
1.1474999999999291,98.39624786376953,125.66370391845703,0.4785048792892344,206.61543003025267,168.84502664800326
1.147999999999929,98.45099639892578,125.66370391845703,0.4822185972796766,198.123116398209,161.96660545468012
1.148499999999929,98.50276947021484,125.66370391845703,0.4807019398318224,190.62577739190718,156.2084873456406
1.148999999999929,98.55239868164062,125.66370391845703,0.475590767319479,184.98851208531522,152.0575282718703
1.149499999999929,98.60077667236328,125.66370391845703,0.46892793630815266,181.61576642722275,149.67856819695857
1.1499999999999289,98.64881896972656,125.66370391845703,0.4625868470385385,180.6738913546898,149.09402573441164
1.1504999999999288,98.69739532470703,125.66370391845703,0.4580965509986845,182.17251946482529,150.2375057000821
1.1509999999999287,98.74732971191406,125.66370391845703,0.45658747425618235,186.0166588976688,152.9864938065538
1.1514999999999287,98.7993392944336,125.66370391845703,0.4587809590294635,192.04015158721106,157.18229438203176
1.1519999999999286,98.85406494140625,125.66370391845703,0.465007308214467,200.02718233529336,162.64234847470667
1.1524999999999286,98.91204071044922,125.66370391845703,0.4752528664416166,205.85391171445437,169.16780923727225
1.1529999999999285,98.96622467041016,125.66370391845703,0.4770625971704921,196.80434874366458,161.7768357115649
1.1534999999999285,99.01739501953125,125.66370391845703,0.4744953070302753,189.23946308241884,155.87645226517841
1.1539999999999284,99.06648254394531,125.66370391845703,0.46905363484612816,183.89158124828995,151.85534198333986
1.1544999999999284,99.11449432373047,125.66370391845703,0.4626629985250427,181.05654861932265,149.79418254440284
1.1549999999999283,99.16239929199219,125.66370391845703,0.45710299761049933,180.81673566239982,149.65089052470466
1.1554999999999283,99.21109008789062,125.66370391845703,0.45381051961146,183.1156929397828,151.30892073747253
1.1559999999999282,99.26140594482422,125.66370391845703,0.4538125279119345,187.80542119464042,154.60611752705222
1.1564999999999281,99.31407165527344,125.66370391845703,0.457713702972464,194.6764437022558,159.3519177622352
1.156999999999928,99.36969757080078,125.66370391845703,0.46572249948621247,200.74922758422943,165.33770731110204
1.157499999999928,99.4217529296875,125.66370391845703,0.46936895549471486,192.1012197504947,158.3376080489842
1.157999999999928,99.47086334228516,125.66370391845703,0.4675170236227796,184.5663050544444,152.55987651787072
1.158499999999928,99.51789093017578,125.66370391845703,0.4619478374186928,179.01695953393755,148.49119811399075
1.1589999999999279,99.56377410888672,125.66370391845703,0.45483230639608885,175.85520829519436,146.29066085905177
1.1594999999999278,99.60946655273438,125.66370391845703,0.448152226037996,175.24100580077535,145.97305952988626
1.1599999999999278,99.6558609008789,125.66370391845703,0.44352496221710624,177.17462939724817,147.46297487402992
1.1604999999999277,99.70381164550781,125.66370391845703,0.44214288512800903,181.54947062380705,150.62782404700212
1.1609999999999276,99.75405883789062,125.66370391845703,0.4447553741932376,188.1860102076897,155.29802333254597
1.1614999999999276,99.80725860595703,125.66370391845703,0.45168375493316787,196.85373488428513,161.27950664245134
1.1619999999999275,99.86396026611328,125.66370391845703,0.4628731127197303,203.09111757085955,168.3614942762679
1.1624999999999275,99.9169692993164,125.66370391845703,0.46417861472866023,194.23693867631803,161.09521571886947
1.1629999999999274,99.96710968017578,125.66370391845703,0.4615135824731208,187.0577781722022,155.4369408208215
1.1634999999999274,100.01537322998047,125.66370391845703,0.4563534776844995,182.25625772115984,151.76082805855515
1.1639999999999273,100.06277465820312,125.66370391845703,0.45061874959016807,180.0987429715448,150.1295512945057
1.1644999999999273,100.11032104492188,125.66370391845703,0.4460879254688349,180.64049289245324,150.48376542609475
1.1649999999999272,100.15892791748047,125.66370391845703,0.44417943256323783,183.79972635038152,152.69029647355515
1.1654999999999271,100.20943450927734,125.66370391845703,0.44587275937651144,189.40444893779454,156.57090497664413
1.165999999999927,100.26255798339844,125.66370391845703,0.4516953981520462,197.22222967497044,161.91945420073066
1.166499999999927,100.31892395019531,125.66370391845703,0.46175876343744343,203.4318065199287,168.5122920876985
1.166999999999927,100.37178039550781,125.66370391845703,0.4644107717296042,194.93258249873898,161.57912442874985
1.167499999999927,100.42182922363281,125.66370391845703,0.46242486199343913,187.78305685573648,156.00400516586362
1.1679999999999269,100.46995544433594,125.66370391845703,0.45741012985857255,182.79966591215262,152.2465365198602
1.1684999999999268,100.51715087890625,125.66370391845703,0.4514143680864802,180.33630547471816,150.43761967970502
1.1689999999999268,100.56436920166016,125.66370391845703,0.44632427021447674,180.51216968797561,150.56712161447075
1.1694999999999267,100.61253356933594,125.66370391845703,0.4436588003313088,183.29225136175478,152.53743614325046
1.1699999999999267,100.66246795654297,125.66370391845703,0.4444946251473169,188.53874934494567,156.19584926191735
1.1704999999999266,100.71492767333984,125.66370391845703,0.44944991908938736,196.0440699789659,161.35444723357628
1.1709999999999265,100.7705307006836,125.66370391845703,0.4587130199217213,202.64725570998763,167.80219218048867
1.1714999999999265,100.82292938232422,125.66370391845703,0.46292012212173794,194.75761282871287,161.42215643047905
1.1719999999999264,100.8726577758789,125.66370391845703,0.46176924494208776,187.86688358115853,156.11848811373017
1.1724999999999264,100.92051696777344,125.66370391845703,0.45706394974714415,182.90730883286645,152.44092409381258
1.1729999999999263,100.9674301147461,125.66370391845703,0.4510000596316964,180.32202904319553,150.59232066360855
1.1734999999999263,101.01431274414062,125.66370391845703,0.4455748890688048,180.29594524570211,150.61508304572357
1.1739999999999262,101.06206512451172,125.66370391845703,0.44240111715192715,182.84242125976874,152.4498492718346
1.1744999999999262,101.11151885986328,125.66370391845703,0.4426410269553035,187.85917495390157,155.9716275171833
1.174999999999926,101.16342163085938,125.66370391845703,0.4469903807609862,195.16449028254613,161.0123287070149
1.175499999999926,101.21842193603516,125.66370391845703,0.455702391444225,202.14823781052368,167.37486104431284
1.175999999999926,101.2705078125,125.66370391845703,0.4613132373212208,194.88011960328203,161.55101625644758
1.176499999999926,101.320068359375,125.66370391845703,0.4609632074182347,188.28950366986896,156.5398998633527
1.1769999999999259,101.36783599853516,125.66370391845703,0.4566235888743174,183.41300217284137,152.97435034952832
1.1774999999999258,101.4146499633789,125.66370391845703,0.45061509076786466,180.77455541833103,151.12356437546978
1.1779999999999258,101.46141052246094,125.66370391845703,0.4450263925511474,180.61856800669113,151.07844445605716
1.1784999999999257,101.50897979736328,125.66370391845703,0.4415459122941134,183.00218347255827,152.81487008026554
1.1789999999999257,101.55819702148438,125.66370391845703,0.44140411933709567,187.85521722472367,156.2333860429765
1.1794999999999256,101.60980987548828,125.66370391845703,0.44535828827787727,195.01927023185152,161.1841380784675
1.1799999999999256,101.66447448730469,125.66370391845703,0.45371326662730893,204.27336790626327,167.48277734760595
1.1804999999999255,101.72274780273438,125.66370391845703,0.4663824538421268,211.02165195039268,174.92074802502836
1.1809999999999254,101.77775573730469,125.66370391845703,0.46883418163652474,203.04383692422851,168.3829986261845
1.1814999999999254,101.83016204833984,125.66370391845703,0.4672872143212984,196.45568956347665,163.1718799558247
1.1819999999999253,101.88084411621094,125.66370391845703,0.4632583572901288,192.07105104644899,159.76629325157785
1.1824999999999253,101.93077850341797,125.66370391845703,0.45868488680714453,190.23639261501364,158.304500185386
1.1829999999999252,101.98089599609375,125.66370391845703,0.45534177203076315,191.0599165066201,158.7772603923462
1.1834999999999252,102.03211212158203,125.66370391845703,0.4546269674576067,194.49290550530606,161.08327451410003
1.1839999999999251,102.08522033691406,125.66370391845703,0.45748848951918597,200.3817858969691,165.06279515656996
1.184499999999925,102.14096069335938,125.66370391845703,0.4644194634757543,208.50166956261086,170.5185584394331
1.184999999999925,102.1999282836914,125.66370391845703,0.47550198271932304,214.7502023601385,177.22854997423846
1.185499999999925,102.25550842285156,125.66370391845703,0.4785235621380068,206.3856958287331,170.4067467914614
1.185999999999925,102.30831146240234,125.66370391845703,0.4769492882332684,199.22187982235786,164.80324961103852
1.1864999999999248,102.35917663574219,125.66370391845703,0.4723919045385744,194.1469612828216,160.94280976829484
1.1869999999999248,102.4090576171875,125.66370391845703,0.466875039591268,191.56358377899886,158.99996611439192
1.1874999999999247,102.45889282226562,125.66370391845703,0.4622511913597024,191.62113256085388,158.99168813165522
1.1879999999999247,102.50958251953125,125.66370391845703,0.46000191225786874,194.3011724648122,160.8355429228547
1.1884999999999246,102.56196594238281,125.66370391845703,0.4611697707024893,199.47238398618063,164.38539242008005
1.1889999999999246,102.61676788330078,125.66370391845703,0.46634853723177894,206.926111037123,169.45348295489327
1.1894999999999245,102.67462158203125,125.66370391845703,0.47571577335310866,213.26733730033436,175.82433174049606
1.1899999999999245,102.72907257080078,125.66370391845703,0.4795676095540386,204.76027737210322,168.93378638791074
1.1904999999999244,102.78067779541016,125.66370391845703,0.47804427386910237,197.27798187533065,163.15818747136495
1.1909999999999243,102.83024597167969,125.66370391845703,0.4729715152274796,191.784417595178,159.0687027286985
1.1914999999999243,102.87870788574219,125.66370391845703,0.46653384354269967,188.73790848094302,156.8761707471636
1.1919999999999242,102.92700958251953,125.66370391845703,0.4607095711907536,188.32847720620802,156.62390093445492
1.1924999999999242,102.97605895996094,125.66370391845703,0.45709399691686087,190.56715670939565,158.24830543756195
1.1929999999999241,103.0267105102539,125.66370391845703,0.45683871915965035,195.34371032035455,161.6164462770883
1.193499999999924,103.07970428466797,125.66370391845703,0.4606381240894569,202.46418054624846,166.54944909281036
1.193999999999924,103.13570404052734,125.66370391845703,0.46875293968574056,209.11473409436252,172.83738829428555
1.194499999999924,103.1883773803711,125.66370391845703,0.47333852779476626,200.72197763249054,166.07879122295435
1.194999999999924,103.23823547363281,125.66370391845703,0.47195364544040747,193.2318887324836,160.35267066937004
1.1954999999999238,103.28608703613281,125.66370391845703,0.4666136999405859,187.66933644221663,156.2709224726908
1.1959999999999238,103.33283233642578,125.66370391845703,0.4596540781311002,184.5365021034621,154.07542749503466
1.1964999999999237,103.37942504882812,125.66370391845703,0.45317316212297054,184.0544576733698,153.83135876575125
1.1969999999999237,103.4267807006836,125.66370391845703,0.4488696231082539,186.25575765151274,155.49008161246678
1.1974999999999236,103.47576141357422,125.66370391845703,0.44798429292495645,191.04452887016066,158.9284124323768
1.1979999999999236,103.52713775634766,125.66370391845703,0.45128210454840917,198.23573296181664,163.97332083174362
1.1984999999999235,103.58158111572266,125.66370391845703,0.45906958847815194,207.58099602774823,170.41766412737664
1.1989999999999235,103.63964080810547,125.66370391845703,0.4712537103423231,214.07475099971472,178.0304062722829
1.1994999999999234,103.69397735595703,125.66370391845703,0.47205583259064315,204.81631250747554,170.3985186390466
1.1999999999999234,103.74542236328125,125.66370391845703,0.46910570310446054,197.39981896708295,164.4915078898811
1.2004999999999233,103.79501342773438,125.66370391845703,0.4639410322684196,192.56394286970587,160.71744995140097
1.2009999999999232,103.84380340576172,125.66370391845703,0.4585054563198059,190.58173608655943,159.1456875836472
1.2014999999999232,103.892822265625,125.66370391845703,0.45457931500596294,191.4979720203485,159.70943588345355
1.2019999999999231,103.94303131103516,125.66370391845703,0.4535576880698633,195.2078457530605,162.2582057085116
1.202499999999923,103.99528503417969,125.66370391845703,0.456369637270966,201.5070644003609,166.58931936657856
1.202999999999923,104.05030822753906,125.66370391845703,0.46346977428477415,210.12403718660173,172.46712809434672
1.203499999999923,104.10873413085938,125.66370391845703,0.4748848726595368,216.1553074726583,179.63491734123195
1.203999999999923,104.16328430175781,125.66370391845703,0.4755803319827378,206.50565451579655,171.68139362715158
1.2044999999999229,104.2148208618164,125.66370391845703,0.47239351845667105,198.6972883730878,165.4736303561691
1.2049999999999228,104.26436614990234,125.66370391845703,0.4668600803579805,193.4883635162988,161.42867409884212
1.2054999999999227,104.3130111694336,125.66370391845703,0.46094361628579306,191.16449087826118,159.62120466509433
1.2059999999999227,104.3617935180664,125.66370391845703,0.4564530991081633,191.77785589767436,159.98670164774205
1.2064999999999226,104.41168212890625,125.66370391845703,0.4548183388947648,195.22743733900631,162.37491359573517
1.2069999999999226,104.46353912353516,125.66370391845703,0.4570061878452482,201.31011869397946,166.58200107637063
1.2074999999999225,104.51812744140625,125.66370391845703,0.4635074615330527,209.75356738017717,172.37020240820317
1.2079999999999225,104.57605743408203,125.66370391845703,0.4743784537619955,215.82817803803954,179.47985190600625
1.2084999999999224,104.63009643554688,125.66370391845703,0.4751922972252627,206.04834807013654,171.43036221573058
1.2089999999999224,104.68108367919922,125.66370391845703,0.4719087636532216,198.09952736678463,165.13007523843348
1.2094999999999223,104.73005676269531,125.66370391845703,0.4661365644441573,192.7606122170292,161.00800707721595
1.2099999999999222,104.77811431884766,125.66370391845703,0.4598973947538359,190.32997086901818,159.1460873317175
1.2104999999999222,104.82628631591797,125.66370391845703,0.45504718795983196,190.86738999679008,159.48368117884723
1.2109999999999221,104.87555694580078,125.66370391845703,0.45305607477152415,194.2756243412599,161.871988191901
1.211499999999922,104.92681121826172,125.66370391845703,0.4549245018684064,200.3524589812339,166.1067855996789
1.211999999999922,104.98080444335938,125.66370391845703,0.46116783687929785,208.8242829366451,171.94848870981954
1.212499999999922,105.03816986083984,125.66370391845703,0.47185584499761557,215.01928668863428,179.13460634825208
1.212999999999922,105.09163665771484,125.66370391845703,0.4726663472655379,205.1952846724668,171.04909451474214
1.2134999999999219,105.14205932617188,125.66370391845703,0.4693075329490445,197.23206735271518,164.73859771136412
1.2139999999999218,105.19049835205078,125.66370391845703,0.4634340901223149,191.91607801723748,160.63664762735752
1.2144999999999218,105.238037109375,125.66370391845703,0.4571063269474371,189.54802148010972,158.82597240488695
1.2149999999999217,105.2857437133789,125.66370391845703,0.45221110746011306,190.1871253215169,159.244841302539
1.2154999999999216,105.3345947265625,125.66370391845703,0.4502410711971692,193.7334388856105,161.74184850136027
1.2159999999999216,105.3854751586914,125.66370391845703,0.4522087614316321,199.98043254959228,166.1091162018568
1.2164999999999215,105.43915557861328,125.66370391845703,0.45862998377419073,208.64897439266048,172.10264862314554
1.2169999999999215,105.49626922607422,125.66370391845703,0.469564303484818,214.95925595579115,179.4549590174979
1.2174999999999214,105.54950714111328,125.66370391845703,0.47020907190314937,205.13734273929578,171.35907507012172
1.2179999999999214,105.5997314453125,125.66370391845703,0.4667919132992109,197.24168389569957,165.08324410979085
1.2184999999999213,105.64801025390625,125.66370391845703,0.4609682415684512,192.05187653737713,161.0574765060098
1.2189999999999213,105.69544219970703,125.66370391845703,0.4548007699006235,189.86002683401975,159.35865232124291
1.2194999999999212,105.74311065673828,125.66370391845703,0.45017706361250287,190.71644270700517,159.91875524053324
1.2199999999999211,105.79199981689453,125.66370391845703,0.44858323672167444,194.51202815103133,162.57981839659857
1.220499999999921,105.8429946899414,125.66370391845703,0.4510152231573533,201.0309508196735,167.1272354701805
1.220999999999921,105.89685821533203,125.66370391845703,0.45796287629070975,209.9846880120978,173.3101969564077
1.221499999999921,105.9542465209961,125.66370391845703,0.46945452704894275,216.33460418326,180.8544551661383
1.221999999999921,106.00773620605469,125.66370391845703,0.46975499778111734,206.47160991568362,172.70260789313437
1.2224999999999209,106.05823516845703,125.66370391845703,0.46624500444912403,198.6318617676882,166.4373687279119
1.2229999999999208,106.10681915283203,125.66370391845703,0.46053776188596285,193.5746362251771,162.47645660714068
1.2234999999999208,106.15462493896484,125.66370391845703,0.45466087603639815,191.57327009693773,160.88376677410085
1.2239999999999207,106.20272064208984,125.66370391845703,0.45047089040113125,192.66155648714923,161.5795932520269
1.2244999999999207,106.2520980834961,125.66370391845703,0.44941940051848617,196.71557778929886,164.3954199725605
1.2249999999999206,106.30365753173828,125.66370391845703,0.45246204600973317,203.50596847730836,169.10698642871213
1.2254999999999205,106.35814666748047,125.66370391845703,0.46004526874639073,210.13650952751533,175.45450726860508
1.2259999999999205,106.40923309326172,125.66370391845703,0.4640994261502663,201.26725600206694,168.2827448943843
1.2264999999999204,106.45746612548828,125.66370391845703,0.46215548326925343,193.50265759396453,162.30108508503255
1.2269999999999204,106.50372314453125,125.66370391845703,0.4563307027343233,187.91475649222258,158.15701114962735
1.2274999999999203,106.5489730834961,125.66370391845703,0.44908666019647947,185.02193192527398,156.10282195059682
1.2279999999999203,106.59424591064453,125.66370391845703,0.4426432481689899,185.0420246055014,156.19925623509144
1.2284999999999202,106.64049530029297,125.66370391845703,0.4387940140462563,187.99008021507944,158.38262091749175
1.2289999999999202,106.68865203857422,125.66370391845703,0.4388277663935502,193.7420477777663,162.50705758555353
1.22949999999992,106.73950958251953,125.66370391845703,0.4434975264226463,202.07666959600888,168.37118418560064
1.22999999999992,106.79377746582031,125.66370391845703,0.4530394803921372,209.59241139607678,175.73544345887348
1.23049999999992,106.84490203857422,125.66370391845703,0.45698413837652657,201.4264784173287,169.12160203089636
1.23099999999992,106.8934555053711,125.66370391845703,0.4554316178898215,194.45354283690358,163.70945976374637
1.2314999999999199,106.9403076171875,125.66370391845703,0.4504724622666765,189.71568456896136,160.1406173855443
1.2319999999999198,106.98643493652344,125.66370391845703,0.4445215254518468,187.70517454290655,158.6584993691015
1.2324999999999198,107.03282928466797,125.66370391845703,0.4397398276646157,188.61752332767674,159.31501444782705
1.2329999999999197,107.08045959472656,125.66370391845703,0.43783795784000984,192.44802739000744,162.03769650963164
1.2334999999999197,107.13021850585938,125.66370391845703,0.43999482107306576,199.05471176191466,166.67180134872802
1.2339999999999196,107.1828842163086,125.66370391845703,0.4468366656267811,208.19978160067552,173.00712997258572
1.2344999999999196,107.23914337158203,125.66370391845703,0.45847588183581695,215.67168276599585,180.79544891095625
1.2349999999999195,107.2922592163086,125.66370391845703,0.46163585576224003,207.54793788195275,174.15588869756402
1.2354999999999194,107.34284973144531,125.66370391845703,0.46010113211142734,200.7883574764996,168.81963432853237
1.2359999999999194,107.39180755615234,125.66370391845703,0.45575759506530433,196.37754257983116,165.39648353565607
1.2364999999999193,107.44012451171875,125.66370391845703,0.4508509528625678,194.7611010308984,164.1002607061567
1.2369999999999193,107.48880004882812,125.66370391845703,0.44739817734386944,196.09689250042072,164.95851793671136
1.2374999999999192,107.5387954711914,125.66370391845703,0.4469714304343896,200.34934033851795,167.87853565496744
1.2379999999999192,107.59098815917969,125.66370391845703,0.45061543476412014,207.35076008511646,172.6885482309378
1.238499999999919,107.6461410522461,125.66370391845703,0.45883754817838024,216.84167317775604,179.163927917241
1.238999999999919,107.70491027832031,125.66370391845703,0.47166060229127377,223.88501724815205,187.04411687076436
1.239499999999919,107.76031494140625,125.66370391845703,0.47374043208497635,215.2297869512146,179.91602772524365
1.239999999999919,107.81305694580078,125.66370391845703,0.4717469681110453,208.14904265375415,174.25634241922137
1.240499999999919,107.86407470703125,125.66370391845703,0.4673845790352593,203.56123984078275,170.6270846305518
1.2409999999999188,107.91438293457031,125.66370391845703,0.46273709938925484,201.85807911652458,169.20003459005153
1.2414999999999188,107.96501922607422,125.66370391845703,0.45968664923047897,203.1550457917328,169.96978359676095
1.2419999999999187,108.01692962646484,125.66370391845703,0.45968991384390234,207.38280286012474,172.81743825783883
1.2424999999999187,108.07098388671875,125.66370391845703,0.46369703867905376,214.3463950526742,177.5502830471303
1.2429999999999186,108.12793731689453,125.66370391845703,0.4721474396281953,221.16172493653426,183.92674461661855
1.2434999999999186,108.1817398071289,125.66370391845703,0.47726337160933335,212.78837782444822,177.18799068616755
1.2439999999999185,108.2327880859375,125.66370391845703,0.4761690036524166,205.17179265092508,171.33537052904813
1.2444999999999184,108.2818603515625,125.66370391845703,0.4710383843176855,199.51170311547386,167.12709461363622
1.2449999999999184,108.32986450195312,125.66370391845703,0.46434983029273824,196.42095709804445,164.89741151804247
1.2454999999999183,108.37776947021484,125.66370391845703,0.4583181333813131,196.182714442122,164.76323547419688
1.2459999999999183,108.42652893066406,125.66370391845703,0.45472395700077234,198.85559263729107,166.69817259514295
1.2464999999999182,108.47704315185547,125.66370391845703,0.4548470673043778,204.34275114684135,170.57955308382233
1.2469999999999182,108.53010559082031,125.66370391845703,0.45944417555209977,212.43770777194007,176.21869316297173
1.2474999999999181,108.58642578125,125.66370391845703,0.4687712362108381,219.7984489048052,183.38078248407976
1.247999999999918,108.6395492553711,125.66370391845703,0.47305624913862965,211.3127306824851,176.5261612061669
1.248499999999918,108.68997192382812,125.66370391845703,0.4715295033845687,203.86292390694192,170.76261748869058
1.248999999999918,108.73854064941406,125.66370391845703,0.4663631412626541,198.5760395355128,166.79591744411292
1.249499999999918,108.78620147705078,125.66370391845703,0.4600063352280933,196.00227993436297,164.91287843994266
1.2499999999999178,108.8339614868164,125.66370391845703,0.4546363845108457,196.37458986888868,165.19281532311803
1.2504999999999178,108.88277435302734,125.66370391845703,0.4519814769526991,199.71033502183514,167.57874984670872
1.2509999999999177,108.93354797363281,125.66370391845703,0.4532495614716504,205.87796691443097,171.92259106499154
1.2514999999999177,108.98706817626953,125.66370391845703,0.45910935348199433,214.6412179805387,178.01407510896016
1.2519999999999176,109.04402160644531,125.66370391845703,0.4697235005066842,221.88778182080668,185.59980800006474
1.2524999999999176,109.09758758544922,125.66370391845703,0.4726063003540588,212.93608641693626,178.29343743407048
1.2529999999999175,109.14839172363281,125.66370391845703,0.47044368395639274,205.40107024588954,172.37084823102228
1.2534999999999175,109.19737243652344,125.66370391845703,0.46524479800869634,200.3057877021882,168.46077424029536
1.2539999999999174,109.24554443359375,125.66370391845703,0.4593327677463132,198.11380479148067,166.78238680343742
1.2544999999999173,109.2939453125,125.66370391845703,0.45478369401831176,198.9891165120792,167.36150784658668
1.2549999999999173,109.34356689453125,125.66370391845703,0.4532253979688097,202.89336500455696,170.09839087597146
1.2554999999999172,109.39529418945312,125.66370391845703,0.45575725636370434,209.64926678261727,174.8101968439962
1.2559999999999172,109.4499282836914,125.66370391845703,0.4629354504242201,218.98252011510849,181.2582186125739
1.2564999999999171,109.50811767578125,125.66370391845703,0.4748185294333307,225.91355815942794,189.1654574647113
1.256999999999917,109.56265258789062,125.66370391845703,0.4760664268087429,216.2950509359671,181.23348470429647
1.257499999999917,109.61429595947266,125.66370391845703,0.47311432721103547,208.5113944262721,175.01493201558085
1.257999999999917,109.66410064697266,125.66370391845703,0.4677751780013553,203.46601005324268,171.0479320986586
1.258499999999917,109.71315002441406,125.66370391845703,0.462211520780007,201.524065693052,169.47340524464929
1.2589999999999169,109.76251220703125,125.66370391845703,0.4583682192943398,202.77214910642354,170.25604887004408
1.2594999999999168,109.81320190429688,125.66370391845703,0.45774973682901976,207.11018304951827,173.24790593310072
1.2599999999999167,109.86611938476562,125.66370391845703,0.4613338524434233,214.31100670452145,178.22768203967897
1.2604999999999167,109.92203521728516,125.66370391845703,0.46956280185494165,221.1114884719033,184.92563624293027
1.2609999999999166,109.97447967529297,125.66370391845703,0.473280546399239,211.82205624371892,177.39611415391977
1.2614999999999166,110.02403259277344,125.66370391845703,0.4710628086185071,203.7155162505681,171.10790072380922
1.2619999999999165,110.07157897949219,125.66370391845703,0.4651117475602516,197.932783232772,166.76711727100107
1.2624999999999165,110.11812591552734,125.66370391845703,0.4579354513553839,195.02468793770734,164.65279138998602
1.2629999999999164,110.16472625732422,125.66370391845703,0.4517792231499373,195.21749061738373,164.832754303541
1.2634999999999164,110.2123794555664,125.66370391845703,0.4484387608568629,198.51658784067098,167.2360755615211
1.2639999999999163,110.26201629638672,125.66370391845703,0.4491785948878288,204.77455113083892,171.6989394948452
1.2644999999999162,110.31446838378906,125.66370391845703,0.45470284146127016,213.73630555958528,177.99414231043608
1.2649999999999162,110.37043762207031,125.66370391845703,0.4651823611097758,221.161992387616,185.85041574125808
1.2654999999999161,110.42292785644531,125.66370391845703,0.4675284338299178,211.9039011999164,178.27365853122058
1.265999999999916,110.47264862060547,125.66370391845703,0.4649198087486619,204.26456966542204,172.24325275713477
1.266499999999916,110.52059173583984,125.66370391845703,0.4594213603760871,199.25350962333752,168.37565771816656
1.266999999999916,110.56781005859375,125.66370391845703,0.45340583507978366,197.31274150811907,166.87098589491006
1.267499999999916,110.61538696289062,125.66370391845703,0.44898895067410405,198.58244433125395,167.7349635446315
1.2679999999999159,110.6643295288086,125.66370391845703,0.44781791533692616,202.99869595445415,170.84697735248756
1.2684999999999158,110.71556854248047,125.66370391845703,0.4509827890442231,210.35729704605745,176.00285694050493
1.2689999999999158,110.7698974609375,125.66370391845703,0.45900008005177123,217.75134405030275,182.94216925376406
1.2694999999999157,110.821044921875,125.66370391845703,0.46365401053095645,209.13482664462094,175.99976646091037
1.2699999999999156,110.86951446533203,125.66370391845703,0.46201177546841643,201.52384805195385,170.13115524529184
1.2704999999999156,110.9161376953125,125.66370391845703,0.456431881881547,196.1413979286587,166.11259831486217
1.2709999999999155,110.96189880371094,125.66370391845703,0.44955332499488787,193.59796166260523,164.2755226197105
1.2714999999999155,111.00782775878906,125.66370391845703,0.44372417980454354,194.16036045774916,164.72342576176635
1.2719999999999154,111.054931640625,125.66370391845703,0.4408167834221271,197.86020616818413,167.40861841003377
1.2724999999999154,111.1041488647461,125.66370391845703,0.44214266425899856,204.5654278352538,172.18118997998158
1.2729999999999153,111.15631103515625,125.66370391845703,0.4484201066751143,214.02801534146448,178.82079337011288
1.2734999999999153,111.21212768554688,125.66370391845703,0.459803861150612,221.96289749555285,187.05769488753023
1.2739999999999152,111.26476287841797,125.66370391845703,0.4627943250798339,213.4111345457687,180.06297421280362
1.2744999999999151,111.31484985351562,125.66370391845703,0.46087643080946417,206.35297718933126,174.4742333073701
1.274999999999915,111.36332702636719,125.66370391845703,0.45614696367255825,201.85156078819344,170.96203165331545
1.275499999999915,111.41122436523438,125.66370391845703,0.4510044819515564,200.38696854089676,169.7652820158538
1.275999999999915,111.45960235595703,125.66370391845703,0.44757549880998165,202.12348337439298,170.91490101787588
1.276499999999915,111.50946044921875,125.66370391845703,0.4474974661091135,207.01087615770325,174.3054966417613
1.2769999999999149,111.56172180175781,125.66370391845703,0.45183022057203037,214.85084268307537,179.74075990225288
1.2774999999999148,111.61717224121094,125.66370391845703,0.46104600703417253,222.47464571559993,186.962676770234
1.2779999999999148,111.66962432861328,125.66370391845703,0.46599480188907144,214.29926118547283,180.3722568945837
1.2784999999999147,111.71952819824219,125.66370391845703,0.46485689767580385,207.03930325313902,174.74925609888365
1.2789999999999146,111.7676773071289,125.66370391845703,0.45995219383190583,201.95347430227952,170.9097960832814
1.2794999999999146,111.81502532958984,125.66370391845703,0.4538831428852029,199.67723957070714,169.2128248439058
1.2799999999999145,111.86259460449219,125.66370391845703,0.44895868232820396,200.4924042318509,169.77913111262768
1.2804999999999145,111.911376953125,125.66370391845703,0.4470036225177187,204.43807519191066,172.57080015076968
1.2809999999999144,111.96229553222656,125.66370391845703,0.4492752671415498,211.38404181661085,177.44217822748416
1.2814999999999144,112.01618194580078,125.66370391845703,0.4564387743918398,221.0799036740301,184.1731254720094
1.2819999999999143,112.07373046875,125.66370391845703,0.46860648790861,228.93402079764235,192.49108965360028
1.2824999999999143,112.12808227539062,125.66370391845703,0.4715141659521847,220.3168962252648,185.42625184496515
1.2829999999999142,112.17986297607422,125.66370391845703,0.46969399116206134,213.1779741483344,179.74483856001564
1.2834999999999142,112.22998809814453,125.66370391845703,0.46518941007832487,208.5950931194739,176.13421367537842
1.283999999999914,112.27951049804688,125.66370391845703,0.4603407491090562,207.055894440213,174.84197183481163
1.284499999999914,112.32946014404297,125.66370391845703,0.45721954525560626,208.7267129759846,175.90235136205604
1.284999999999914,112.38085174560547,125.66370391845703,0.4574133709867616,213.55525564121106,179.20954879669785
1.285499999999914,112.4345703125,125.66370391845703,0.46194213030412706,221.33806813144275,184.56399212016836
1.2859999999999139,112.49142456054688,125.66370391845703,0.47125316066778283,228.69715577397784,191.70249378710903
1.2864999999999138,112.54511260986328,125.66370391845703,0.4757600710387567,220.00481786225822,184.67392000271786
1.2869999999999138,112.59609985351562,125.66370391845703,0.47426097306624687,212.29654575377677,178.68213918567153
1.2874999999999137,112.64521026611328,125.66370391845703,0.4690514387643841,206.8306417204314,174.54022222581506
1.2879999999999137,112.69342041015625,125.66370391845703,0.4627004278747724,204.23669413609878,172.59936574728508
1.2884999999999136,112.74176788330078,125.66370391845703,0.4574865350394358,204.78841353081194,172.9716009491871
1.2889999999999135,112.7912368774414,125.66370391845703,0.45521080460922747,208.51507989864564,175.60949699186318
1.2894999999999135,112.84278106689453,125.66370391845703,0.4571161476434119,215.27528361018022,180.35738409452676
1.2899999999999134,112.89720916748047,125.66370391845703,0.4638641148636933,224.80636817813948,186.9846033026097
1.2904999999999134,112.95523834228516,125.66370391845703,0.47557280689933085,232.36158114051221,195.20788215574578
1.2909999999999133,113.00980377197266,125.66370391845703,0.47773302461286743,222.95823975240373,187.48210911853445
1.2914999999999133,113.06159973144531,125.66370391845703,0.47519218955882775,215.21737796924018,181.31515988090084
1.2919999999999132,113.11161041259766,125.66370391845703,0.4700058314740317,210.19120602929635,177.36639765628118
1.2924999999999132,113.16091918945312,125.66370391845703,0.4645150086092488,208.33961244755335,175.85464549672477
1.292999999999913,113.21060180664062,125.66370391845703,0.4607927499077801,209.80354117938987,176.78921872702824
1.293499999999913,113.26168060302734,125.66370391845703,0.4604304427753292,214.50701284088322,180.0421707443297
1.293999999999913,113.31507873535156,125.66370391845703,0.4644524122307377,222.22412568113066,185.39393687282836
1.294499999999913,113.37159729003906,125.66370391845703,0.47330819876098124,229.37750379211082,192.5628722074442
1.2949999999999129,113.42466735839844,125.66370391845703,0.47680898045809345,219.85891456889127,184.83108440709955
1.2954999999999128,113.47486114501953,125.66370391845703,0.47442873130484164,211.6117122798643,178.39137701534088
1.2959999999999128,113.52308654785156,125.66370391845703,0.4684743104657905,205.8464226647798,174.01116131159714
1.2964999999999127,113.57038879394531,125.66370391845703,0.4615239199328542,203.14580374941164,171.99752313600945
1.2969999999999127,113.61784362792969,125.66370391845703,0.45586776899070514,203.74273713641497,172.425290080166
1.2974999999999126,113.66649627685547,125.66370391845703,0.4533147752839329,207.63008546264476,175.21502482379202
1.2979999999999126,113.71729278564453,125.66370391845703,0.4551049884417461,214.63328876625462,180.18278338252279
1.2984999999999125,113.77107238769531,125.66370391845703,0.461881996528821,224.4590637882217,187.07261944158887
1.2989999999999124,113.82855224609375,125.66370391845703,0.4737314974369902,231.96007411215857,195.57826518865642
1.2994999999999124,113.88233184814453,125.66370391845703,0.47468135223021496,221.89714416795366,187.26013429999037
1.2999999999999123,113.93324279785156,125.66370391845703,0.4713200930393245,213.8757888682054,180.81567623374863
1.3004999999999123,113.98236846923828,125.66370391845703,0.4656699109089563,208.86766047389216,176.83705394510656
1.3009999999999122,114.03086853027344,125.66370391845703,0.4600470135401764,207.25964271149402,175.48084608292154
1.3014999999999122,114.07986450195312,125.66370391845703,0.4565029685691121,209.1312448524858,176.70491760387688
1.3019999999999121,114.13041687011719,125.66370391845703,0.45659539309524505,214.3537219981327,180.33802522660702
1.302499999999912,114.18346405029297,125.66370391845703,0.4612942813972249,222.65500008219854,186.12347214978536
1.302999999999912,114.23980712890625,125.66370391845703,0.47097607484539894,229.77719566488773,193.74728957099637
1.303499999999912,114.29247283935547,125.66370391845703,0.4730008857837181,219.67157028097654,185.460422731526
1.303999999999912,114.34220886230469,125.66370391845703,0.4698229526140073,211.2910139326116,178.8248036925241
1.3044999999999118,114.39002227783203,125.66370391845703,0.46364446255944847,205.74000415559124,174.5257800606551
1.3049999999999118,114.43704986572266,125.66370391845703,0.4569679067836729,203.50803378233283,172.79521528450914
1.3054999999999117,114.48441314697266,125.66370391845703,0.4520220275247411,204.7505409401858,173.64609268781822
1.3059999999999117,114.53318786621094,125.66370391845703,0.4505420647177213,209.39484337682958,176.94731562463318
1.3064999999999116,114.5843276977539,125.66370391845703,0.4536699131177017,217.20991409930298,182.47105554189153
1.3069999999999116,114.63867950439453,125.66370391845703,0.4619302920666591,224.80411030465035,189.92360400696973
1.3074999999999115,114.68965911865234,125.66370391845703,0.46546261921009174,215.3645631228567,182.26704872303188
1.3079999999999115,114.73784637451172,125.66370391845703,0.46292869709439516,207.28314726473744,175.96406972862803
1.3084999999999114,114.78419494628906,125.66370391845703,0.456783821691832,201.79976601427484,171.80481538934677
1.3089999999999113,114.82977294921875,125.66370391845703,0.44973888436757653,199.5092221462945,170.10587811009924
1.3094999999999113,114.87567901611328,125.66370391845703,0.4441942104322903,200.64526905259413,170.9428500846806
1.3099999999999112,114.92298126220703,125.66370391845703,0.4420373890515399,205.19311462680312,174.23047660489058
1.3104999999999112,114.97265625,125.66370391845703,0.4445431089295825,212.96400382043606,179.77403567940263
1.3109999999999111,115.02557373046875,125.66370391845703,0.45233885403930507,223.64547099559326,187.3030762816663
1.311499999999911,115.08243560791016,125.66370391845703,0.4654499963472934,231.71988855461973,196.49402272156547
1.311999999999911,115.13574981689453,125.66370391845703,0.466186866308916,222.0299361080173,188.43674430638904
1.312499999999911,115.18638610839844,125.66370391845703,0.46304131402529325,214.5457264031699,182.34756333055725
1.312999999999911,115.23545837402344,125.66370391845703,0.4580203386792423,210.2224114706973,178.81639934192953
1.3134999999999108,115.28413391113281,125.66370391845703,0.4534280631245853,209.42357197554352,177.98796931260748
1.3139999999999108,115.33355712890625,125.66370391845703,0.45128995511540515,212.20219665584696,179.80417200237207
1.3144999999999107,115.38479614257812,125.66370391845703,0.4531045108852316,218.40068601133746,184.0749250714438
1.3149999999999107,115.43878936767578,125.66370391845703,0.45974636480429965,227.71649514701087,190.52276451066834
1.3154999999999106,115.49632263183594,125.66370391845703,0.47147342214239063,235.09396200225217,198.81175040950097
1.3159999999999106,115.55024719238281,125.66370391845703,0.47281752872714305,225.13245043334453,190.5710245168822
1.3164999999999105,115.6013412475586,125.66370391845703,0.4697334320996411,217.1233549535841,184.12123805226773
1.3169999999999105,115.65067291259766,125.66370391845703,0.46428199031698825,212.12224213241058,180.12411456291704
1.3174999999999104,115.69938659667969,125.66370391845703,0.4588452747388869,210.5711162515832,178.78211078739974
1.3179999999999104,115.74862670898438,125.66370391845703,0.45553794536939507,212.5811494850585,180.07931401222427
1.3184999999999103,115.7994613647461,125.66370391845703,0.4559651722538348,218.03791642834983,183.856379973975
1.3189999999999102,115.85284423828125,125.66370391845703,0.4611214277767579,226.67073154102783,189.8580536347518
1.3194999999999102,115.90959167480469,125.66370391845703,0.47138270043841807,234.1079927651781,197.76408974596976
1.3199999999999101,115.96281433105469,125.66370391845703,0.4737108455991354,224.2532195039222,189.680716068514
1.32049999999991,116.01319885253906,125.66370391845703,0.4708480915103796,216.06741024273566,183.17856370991794
1.32099999999991,116.0617446899414,125.66370391845703,0.46504875249923683,210.71469599859765,178.99808398323646
1.32149999999991,116.10957336425781,125.66370391845703,0.4588505124680723,208.72095832226728,177.40518008953075
1.32199999999991,116.15779876708984,125.66370391845703,0.4545000757323546,210.25999026662333,178.43091175003178
1.3224999999999099,116.20751190185547,125.66370391845703,0.4537303115821392,215.26384838064035,181.95046945113134
1.3229999999999098,116.2596664428711,125.66370391845703,0.45766016947480886,223.4959247314997,187.73349518984878
1.3234999999999097,116.31511688232422,125.66370391845703,0.4667758268514078,231.2083746095433,195.47723560888173
1.3239999999999097,116.3671875,125.66370391845703,0.4700745964187409,221.67098572357722,187.71613041352848
1.3244999999999096,116.4164810180664,125.66370391845703,0.4675323363414597,213.5572162972692,181.34437654418096
1.3249999999999096,116.46395874023438,125.66370391845703,0.4615930991341086,208.1281352696166,177.17534101420085
1.3254999999999095,116.51068878173828,125.66370391845703,0.45494808330396125,205.9839661463785,175.53310497945762
1.3259999999999095,116.55780029296875,125.66370391845703,0.4499710630619407,207.35331970761163,176.49141758882743
1.3264999999999094,116.60636138916016,125.66370391845703,0.4485096691818804,212.20822207583748,179.9562322841585
1.3269999999999094,116.65736389160156,125.66370391845703,0.4517848894972519,220.34061934684317,185.71895429694348
1.3274999999999093,116.7116470336914,125.66370391845703,0.4603635445404864,228.44022437629766,193.49146069279965
1.3279999999999093,116.76277923583984,125.66370391845703,0.464575652978687,219.43297808654557,186.21215450441306
1.3284999999999092,116.81127166748047,125.66370391845703,0.462510756399166,211.63300551426522,180.13623040077607
1.3289999999999091,116.85801696777344,125.66370391845703,0.4567571633434462,206.383633237405,176.14395690118545
1.329499999999909,116.90408325195312,125.66370391845703,0.4501239145519592,204.3483645834237,174.61255777165255
1.329999999999909,116.9505615234375,125.66370391845703,0.44507933409920114,205.80193492180823,175.65421601597197
1.330499999999909,116.99851989746094,125.66370391845703,0.4435496235614732,210.74944960815913,179.20227935453028
1.330999999999909,117.0489501953125,125.66370391845703,0.4468172538070142,219.00592170806217,185.06709331942272
1.3314999999999089,117.10271453857422,125.66370391845703,0.45548906815381757,227.48821149624587,192.97300695917943
1.3319999999999088,117.153564453125,125.66370391845703,0.4605278249125972,219.11090312197655,186.24138075250238
1.3324999999999088,117.20194244384766,125.66370391845703,0.4590635803306595,211.73995523326155,180.52782280779647
1.3329999999999087,117.24868774414062,125.66370391845703,0.45376791278208095,206.78779314389968,176.7736552470009
1.3334999999999086,117.29481506347656,125.66370391845703,0.44751651928873226,204.97170078270838,175.4043456518252
1.3339999999999086,117.3414077758789,125.66370391845703,0.4428267795186349,206.60542624261637,176.5668958140519
1.3344999999999085,117.38951873779297,125.66370391845703,0.44165938525187204,211.72186495960347,180.219298547993
1.3349999999999085,117.44013977050781,125.66370391845703,0.4453173454030439,220.15522505924721,186.18887593312903
1.3354999999999084,117.49413299560547,125.66370391845703,0.4544149082580814,228.90620656635494,194.21107669104995
1.3359999999999084,117.54542541503906,125.66370391845703,0.460144360717761,221.07648474123351,187.94778083684858
1.3364999999999083,117.59437561035156,125.66370391845703,0.45926742549720073,214.06520981754127,182.52775065153412
1.3369999999999083,117.64176940917969,125.66370391845703,0.454489332830599,209.34363934932279,178.94624820369864
1.3374999999999082,117.68858337402344,125.66370391845703,0.4487081799253933,207.6753844972607,177.67134667948878
1.3379999999999082,117.73588562011719,125.66370391845703,0.4444524814492024,209.40792407984077,178.88082551714663
1.338499999999908,117.78470611572266,125.66370391845703,0.44368599102991907,214.59830601906904,182.55453591014845
1.338999999999908,117.83602905273438,125.66370391845703,0.4477103105836573,223.09755457811332,188.5349544558836
1.339499999999908,117.8907241821289,125.66370391845703,0.4571376235417369,234.6082786068269,196.56757914074942
1.339999999999908,117.94950866699219,125.66370391845703,0.471949988830183,243.3746080593995,206.32864486891617
1.3404999999999079,118.00511932373047,125.66370391845703,0.4738617066561309,234.51654493154848,198.95632938515374
1.3409999999999078,118.05828857421875,125.66370391845703,0.47186815803006266,227.58478674134935,193.2698302676825
1.3414999999999078,118.11003112792969,125.66370391845703,0.46803711597912184,223.6758480843934,189.99064539268878
1.3419999999999077,118.16146087646484,125.66370391845703,0.46469161581118273,223.24795889770587,189.35209089312508
1.3424999999999077,118.21369171142578,125.66370391845703,0.4638440536579002,226.41013672276455,191.34967222501774
1.3429999999999076,118.26778411865234,125.66370391845703,0.4669556466947275,233.03175913802198,195.821053830028
1.3434999999999075,118.32464599609375,125.66370391845703,0.4748514566568028,242.8153469777287,202.497270800373
1.3439999999999075,118.38507080078125,125.66370391845703,0.48774125907802357,250.22440059823205,211.03670783636156
1.3444999999999074,118.44188690185547,125.66370391845703,0.4891505359419679,240.04416251122706,202.59390560600764
1.3449999999999074,118.4958267211914,125.66370391845703,0.48624887828384394,231.76640933161232,195.88301503075044
1.3454999999999073,118.54793548583984,125.66370391845703,0.48109924329883513,226.52264975386254,191.63540138646587
1.3459999999999073,118.59935760498047,125.66370391845703,0.4760503506768449,224.7964405711567,190.09120624818476
1.3464999999999072,118.65122985839844,125.66370391845703,0.4731697864550102,226.7152326339714,191.25032005119408
1.3469999999999072,118.70462036132812,125.66370391845703,0.47400978142824074,232.16180013869044,194.953097813912
1.347499999999907,118.76048278808594,125.66370391845703,0.47951501882940206,240.84824910246326,200.93206430505825
1.347999999999907,118.81963348388672,125.66370391845703,0.4900233865093027,247.85187958185324,208.84601182891743
1.348499999999907,118.87490844726562,125.66370391845703,0.49131447496965036,236.78109413421052,199.7238701157229
1.348999999999907,118.92705535888672,125.66370391845703,0.48759274337693276,227.61728513256307,192.39696698724956
1.3494999999999069,118.97715759277344,125.66370391845703,0.4811111012429641,221.53182664550343,187.60798256493416
1.3499999999999068,119.02637481689453,125.66370391845703,0.4743760897731103,219.03441965064167,185.60436037184823
1.3504999999999068,119.07588958740234,125.66370391845703,0.46959849191883196,220.27066360307938,186.3905485181798
1.3509999999999067,119.1268081665039,125.66370391845703,0.4684738919455318,225.13521304263008,189.80902004742603
1.3514999999999067,119.18011474609375,125.66370391845703,0.4720849240607326,233.34705186919456,195.59228925681853
1.3519999999999066,119.23664855957031,125.66370391845703,0.4808850447443675,240.50945261350023,203.39728772088554
1.3524999999999066,119.28922271728516,125.66370391845703,0.4821528277497544,229.14002297850902,194.06509163493672
1.3529999999999065,119.3386459350586,125.66370391845703,0.4779225135216927,219.74911794373674,186.61434068901326
1.3534999999999064,119.38601684570312,125.66370391845703,0.47063622004532885,213.53024894464724,181.79283530581674
1.3539999999999064,119.43254089355469,125.66370391845703,0.4629669556103589,211.00376856940636,179.84883036624316
1.3544999999999063,119.47942352294922,125.66370391845703,0.4572714177670727,212.31970627938415,180.78485693969236
1.3549999999999063,119.52780151367188,125.66370391845703,0.45537179335774963,217.3722874260756,184.4392250227214
1.3554999999999062,119.57868957519531,125.66370391845703,0.4584466382824452,225.87623628399152,190.53841039541774
1.3559999999999062,119.63297271728516,125.66370391845703,0.46700132846554976,233.58452472994148,198.73180455874777
1.3564999999999061,119.68343353271484,125.66370391845703,0.46833252301083594,222.563954519405,189.68660226902713
1.356999999999906,119.73088836669922,125.66370391845703,0.46412291075653145,213.6156778323779,182.58401100400758
1.357499999999906,119.77647399902344,125.66370391845703,0.45691578330272736,207.93353153955587,178.17349149077518
1.357999999999906,119.82141876220703,125.66370391845703,0.44948317397238907,206.0321622633667,176.70031130530327
1.358499999999906,119.86693572998047,125.66370391845703,0.4442628089525692,208.0525829363363,178.16120817186112
1.3589999999999058,119.91419219970703,125.66370391845703,0.4431246780661857,213.87748647254193,182.3866373835383
1.3594999999999058,119.96420288085938,125.66370391845703,0.4472489239187029,223.2081817750347,189.09363098722977
1.3599999999999057,120.01785278320312,125.66370391845703,0.4570947529353598,231.51197928210232,197.92104701302253
1.3604999999999057,120.06790924072266,125.66370391845703,0.45850644003029695,221.16659293577135,189.39622861636622
1.3609999999999056,120.1152114868164,125.66370391845703,0.4547772624085391,212.9704252544782,182.83278934578036
1.3614999999999056,120.16087341308594,125.66370391845703,0.44841977140703654,208.1002243972549,178.97915620068366
1.3619999999999055,120.20612335205078,125.66370391845703,0.4421884612427233,207.05336372136549,178.07539813200145
1.3624999999999055,120.252197265625,125.66370391845703,0.4384917978355106,209.95333743649104,180.11078263362725
1.3629999999999054,120.30022430419922,125.66370391845703,0.4391372657739892,216.66524933856155,184.90668502437086
1.3634999999999053,120.35123443603516,125.66370391845703,0.4452058765063978,226.87293301216172,192.17020339644606
1.3639999999999053,120.40609741210938,125.66370391845703,0.45703690239257294,235.48285872258592,201.52973736661693
1.3644999999999052,120.45752716064453,125.66370391845703,0.45838664797778034,225.6398711541193,193.36515710020424
1.3649999999999052,120.50634765625,125.66370391845703,0.455203354666922,218.00219623917317,187.16364283219409
1.3654999999999051,120.5536880493164,125.66370391845703,0.4498603656123725,213.71942217075275,183.6673473252735
1.365999999999905,120.60076141357422,125.66370391845703,0.44498953352684945,213.26563447193232,183.10736037348914
1.366499999999905,120.6487808227539,125.66370391845703,0.4428779566063871,216.74340734869088,185.46331325916728
1.366999999999905,120.6988754272461,125.66370391845703,0.4452007446962546,223.9988792844087,190.54679656515654
1.367499999999905,120.75202941894531,125.66370391845703,0.4529047277594564,234.69861849345452,198.05518732746773
1.3679999999999048,120.8091049194336,125.66370391845703,0.46621465029801656,243.1705627477506,207.60759435403665
1.3684999999999048,120.86272430419922,125.66370391845703,0.4672166529289224,233.28319319021412,199.35765612808214
1.3689999999999047,120.9137191772461,125.66370391845703,0.46418647762138254,225.66636301210613,193.1045979015192
1.3694999999999047,120.96321105957031,125.66370391845703,0.45933760220006364,221.43784855515167,189.57438529461677
1.3699999999999046,121.01243591308594,125.66370391845703,0.455153130792986,221.04526088012204,188.98179594703464
1.3704999999999046,121.06256866455078,125.66370391845703,0.4537865239755182,224.56901508045678,191.29215699135943
1.3709999999999045,121.11474609375,125.66370391845703,0.45679462657719677,231.8364795211398,196.3046548253503
1.3714999999999045,121.16992950439453,125.66370391845703,0.46503232233006925,239.61985409048106,203.70580530363299
1.3719999999999044,121.22195434570312,125.66370391845703,0.46960641278161624,230.2818005083234,196.1557274870721
1.3724999999999044,121.27128601074219,125.66370391845703,0.4675802045154599,222.02445672750488,189.69748334944177
1.3729999999999043,121.31880187988281,125.66370391845703,0.4616837002395726,216.37834719885657,185.3652357074509
1.3734999999999042,121.36557006835938,125.66370391845703,0.45486946534897116,214.11664561228648,183.62674500155737
1.3739999999999042,121.41271209716797,125.66370391845703,0.44972474618121194,215.57019671609754,184.6243559350452
1.3744999999999041,121.46134185791016,125.66370391845703,0.44832232041911924,220.7656000333445,188.31417827536998
1.374999999999904,121.5124740600586,125.66370391845703,0.45200740019862173,229.49799006503795,194.49636721155454
1.375499999999904,121.5670166015625,125.66370391845703,0.46137229328690754,238.2830197856356,202.86118239814442
1.375999999999904,121.61853790283203,125.66370391845703,0.46620613680391276,229.39834066514692,195.62318344915982
1.376499999999904,121.66749572753906,125.66370391845703,0.4647575053577878,221.6172847473142,189.4548677093158
1.3769999999999039,121.71473693847656,125.66370391845703,0.4597634726617552,216.41397077314718,185.36806773228105
1.3774999999999038,121.76130676269531,125.66370391845703,0.45409278736730896,214.51442459953427,183.81085326234353
1.3779999999999037,121.80830383300781,125.66370391845703,0.45020281001546597,216.20853312204358,184.92292012546756
1.3784999999999037,121.8567886352539,125.66370391845703,0.44995140401323314,221.48295223431356,188.6332722350465
1.3789999999999036,121.90773010253906,125.66370391845703,0.45451441665056286,230.1104338946453,194.72440652745345
1.3794999999999036,121.96198272705078,125.66370391845703,0.46438101619119115,238.5819522540575,202.87554326467037
1.3799999999999035,122.01287841796875,125.66370391845703,0.46958976314734,228.85414319908048,194.7724566869186
1.3804999999999035,122.06088256835938,125.66370391845703,0.4685317479789769,220.25079767165394,187.8224139838264
1.3809999999999034,122.10688781738281,125.66370391845703,0.4637429297245804,214.1967264042387,183.00042600740926
1.3814999999999034,122.15193176269531,125.66370391845703,0.457944316118754,211.38327301661445,180.72371551683696
1.3819999999999033,122.19710540771484,125.66370391845703,0.4534942499923708,212.08029188836517,181.11035293798602
1.3824999999999033,122.24345397949219,125.66370391845703,0.45220887126081694,216.26528145254312,184.07461709667894
1.3829999999999032,122.29194641113281,125.66370391845703,0.4552875477609678,223.70996490244644,189.38947418344299
1.3834999999999031,122.3434066772461,125.66370391845703,0.46330322581662525,234.03950096782287,196.7284723888493
1.383999999999903,122.39848327636719,125.66370391845703,0.4762629438775134,241.69999363458388,205.69475263487698
1.384499999999903,122.44898223876953,125.66370391845703,0.4775655289664196,228.8495039750738,194.57102395961013
1.384999999999903,122.49588012695312,125.66370391845703,0.4746311917231491,218.50948708321278,185.82737520186822
1.385499999999903,122.54039001464844,125.66370391845703,0.46935710993566127,211.62268208990938,180.04875860152538
1.3859999999999029,122.58375549316406,125.66370391845703,0.4639378338329274,208.4927412092484,177.32434407939672
1.3864999999999028,122.62718200683594,125.66370391845703,0.4603138410335528,209.09767666369163,177.5228067106261
1.3869999999999028,122.6717300415039,125.66370391845703,0.45995513222581685,213.19576604141142,180.36872502467176
1.3874999999999027,122.71833801269531,125.66370391845703,0.46378236066192824,220.39520162050383,185.49114704341343
1.3879999999999026,122.76775360107422,125.66370391845703,0.4721689693147837,226.51086521687242,192.45541030900276
1.3884999999999026,122.81157684326172,125.66370391845703,0.4738607802210618,210.8745821299599,178.8092444260208
1.3889999999999025,122.85095977783203,125.66370391845703,0.47001695082528866,197.9919190103421,167.95433768419065
1.3894999999999025,122.88725280761719,125.66370391845703,0.46265723569847417,188.78225602335476,160.40965894060992
1.3899999999999024,122.92181396484375,125.66370391845703,0.4541489432201837,183.52880242673038,156.21131813725808
1.3904999999999024,122.95594024658203,125.66370391845703,0.44663672694274953,182.20009437255476,155.19015190964944
1.3909999999999023,122.99079895019531,125.66370391845703,0.4418455314929922,184.55259466691132,157.04393088539305
1.3914999999999023,123.02739715576172,125.66370391845703,0.4409935674973544,190.19773006360177,161.38262955679406
1.3919999999999022,123.06656646728516,125.66370391845703,0.4447585968800705,198.64700756264793,167.75795564673697
1.3924999999999021,123.10893249511719,125.66370391845703,0.4532996878997802,204.97303349405772,175.68343801098413
1.392999999999902,123.14476776123047,125.66370391845703,0.45204721176756246,186.93030045863188,159.66409493401588
1.393499999999902,123.1757583618164,125.66370391845703,0.44622156179842454,173.10340648807232,147.78471834140342
1.393999999999902,123.20364379882812,125.66370391845703,0.437615939178178,163.95591362992715,140.16372980123003
1.394499999999902,123.23003387451172,125.66370391845703,0.4284467327356712,159.40320157978437,136.5059458902494
1.3949999999999019,123.25636291503906,125.66370391845703,0.42076763497021796,159.13679121634266,136.39136544337333
1.3954999999999018,123.28386688232422,125.66370391845703,0.4162332114569296,162.70372573229804,139.32712816212467
1.3959999999999018,123.31356811523438,125.66370391845703,0.41598282538365,169.55694305512847,144.7781111149104
1.3964999999999017,123.34625244140625,125.66370391845703,0.42059252178919876,176.2455154312778,152.1860249776146
1.3969999999999017,123.37214660644531,125.66370391845703,0.4206167899111296,157.52199288225196,135.4627701805925
1.3974999999999016,123.39309692382812,125.66370391845703,0.4147049768936232,143.3272498308141,123.29352364948295
1.3979999999999015,123.41098022460938,125.66370391845703,0.4049126260557277,134.1023421871169,115.73828886714418
1.3984999999999015,123.42752075195312,125.66370391845703,0.393779400742806,129.73792415617342,112.45231886841118
1.3989999999999014,123.44426727294922,125.66370391845703,0.3836969739416778,129.90603759556186,112.97589387186964
1.3994999999999014,123.46255493164062,125.66370391845703,0.37667502156514954,134.13746776382595,116.78344637785082
1.3999999999999013,123.48346710205078,125.66370391845703,0.3741962393094632,141.87058822706197,123.31206091550307
1.4004999999999013,123.50788116455078,125.66370391845703,0.3771128367107661,152.4836694285688,131.97914382945166
1.4009999999999012,123.53641510009766,125.66370391845703,0.3856204502039406,161.12952746073356,142.1940560896547
1.4014999999999012,123.55823516845703,125.66370391845703,0.38267391581822624,142.86473812705583,125.63064985111927
1.401999999999901,123.57560729980469,125.66370391845703,0.3758609052728317,130.37494054955744,114.6555162405649
1.402499999999901,123.59066772460938,125.66370391845703,0.36688979712130504,123.64411512339055,108.9547800958055
1.402999999999901,123.60528564453125,125.66370391845703,0.35809863919173124,122.19973907569955,107.87781373260553
1.403499999999901,123.62104797363281,125.66370391845703,0.3517325307982573,125.43801853438951,110.73293154028349
1.4039999999999009,123.63926696777344,125.66370391845703,0.3495879529641301,132.67926819831894,116.8183179833281
1.4044999999999008,123.66095733642578,125.66370391845703,0.35280086865930016,143.20123318010013,125.43740996906287
1.4049999999999008,123.68687438964844,125.66370391845703,0.361759048282478,152.31673161564635,135.9072419347538
1.4054999999999007,123.70623779296875,125.66370391845703,0.35944253876171756,134.6180192068543,119.73243932269818
1.4059999999999007,123.72137451171875,125.66370391845703,0.35339118353617327,122.82545640811246,109.27136200108842
1.4064999999999006,123.73444366455078,125.66370391845703,0.3452292808741903,116.88844451632667,104.1806252153989
1.4069999999999006,123.74734497070312,125.66370391845703,0.3373503337367138,116.30648858898202,103.78434979726721
1.4074999999999005,123.76168823242188,125.66370391845703,0.33209169140512135,120.45308013257272,107.36922606796409
1.4079999999999004,123.77879333496094,125.66370391845703,0.3313185196471515,128.6297744949386,114.21482388668986
1.4084999999999004,123.7996826171875,125.66370391845703,0.3361727384907598,140.0985405223176,123.60842796820624
1.4089999999999003,123.82510375976562,125.66370391845703,0.34697755291003957,150.09153392655006,134.8528847696162
1.4094999999999003,123.84430694580078,125.66370391845703,0.34548321143521454,133.38772535627203,119.48712361868829
1.4099999999999002,123.85956573486328,125.66370391845703,0.3406289274485584,122.50563438678968,109.7295564986813
1.4104999999999002,123.87301635742188,125.66370391845703,0.3339306979626363,117.39688082206663,105.25358132637396
1.4109999999999001,123.88651275634766,125.66370391845703,0.3277420531633305,117.56388584948677,105.39516835104325
1.4114999999999,123.90164184570312,125.66370391845703,0.3243633238096722,122.38213254092967,109.4484426708199
1.4119999999999,123.91968536376953,125.66370391845703,0.3255891928948024,131.15450416054927,116.69727566370166
1.4124999999999,123.941650390625,125.66370391845703,0.3324546412092142,141.05718533467308,126.43110197821136
1.4129999999999,123.95790100097656,125.66370391845703,0.3362964718155067,125.62685527592147,112.29606588935184
1.4134999999998998,123.97030639648438,125.66370391845703,0.33411712831865487,114.81171523436745,102.76479234219867
1.4139999999998998,123.98074340820312,125.66370391845703,0.3278954496381624,109.01545363758329,97.89194041173052
1.4144999999998997,123.9909439086914,125.66370391845703,0.32044057711353474,108.09799151881029,97.32077897414668
1.4149999999998997,124.00244903564453,125.66370391845703,0.3144940051151863,111.70423854623807,100.57375520699941
1.4154999999998996,124.01658630371094,125.66370391845703,0.31235327865913143,119.34015836156455,107.10376955067814
1.4159999999998996,124.034423828125,125.66370391845703,0.31561068295926453,130.42084036270015,116.3241171714138
1.4164999999998995,124.05681610107422,125.66370391845703,0.3249912355727394,142.0265686473823,127.62711928202148
1.4169999999998995,124.07408905029297,125.66370391845703,0.3301170723225035,128.21912809669473,114.93712492623396
1.4174999999998994,124.08793640136719,125.66370391845703,0.3294660957621691,118.66883830555102,106.4673017909081
1.4179999999998993,124.1001205444336,125.66370391845703,0.3250329440993951,113.84107715313559,102.35236078215948
1.4184999999998993,124.1122817993164,125.66370391845703,0.3195885756456621,113.64633646763922,102.29804049503096
1.4189999999998992,124.1258773803711,125.66370391845703,0.3157874456457669,117.76890080590368,105.87371587178326
1.4194999999998992,124.14215850830078,125.66370391845703,0.31579072593240426,125.74554644111278,112.56745285948944
1.4199999999998991,124.16216278076172,125.66370391845703,0.32102884532426323,137.01574038655755,121.81891989951177
1.420499999999899,124.1866683959961,125.66370391845703,0.3320873414948038,148.4631443637803,133.04017634338274
1.420999999999899,124.20606231689453,125.66370391845703,0.3378874158520996,134.73221354030835,120.34764319237784
1.421499999999899,124.22195434570312,125.66370391845703,0.3381756149924339,125.05271747330397,111.68763285074198
1.421999999999899,124.23605346679688,125.66370391845703,0.3347730998364044,119.9211509832963,107.23308904504806
1.4224999999998988,124.24993896484375,125.66370391845703,0.33029108653349265,119.27659415895867,106.72080665420273
1.4229999999998988,124.2650375366211,125.66370391845703,0.3272340910847065,122.8276668167764,109.74446238602007
1.4234999999998987,124.28256225585938,125.66370391845703,0.3276372582618948,130.13239370127536,115.8114741547789
1.4239999999998987,124.30353546142578,125.66370391845703,0.3328608693002199,140.64924810850448,124.37724270615558
1.4244999999998986,124.32870483398438,125.66370391845703,0.3435004794623479,151.4981325584196,134.86681955550438
1.4249999999998986,124.3484878540039,125.66370391845703,0.3502441257640477,137.07539132892637,121.48592712099209
1.4254999999998985,124.36447143554688,125.66370391845703,0.3510645540789308,126.54138970149926,112.0450048315709
1.4259999999998985,124.37831115722656,125.66370391845703,0.3477737351144817,120.43309390527767,106.74608969254163
1.4264999999998984,124.39159393310547,125.66370391845703,0.34293598078866955,118.72438881578368,105.35067716292167
1.4269999999998983,124.40571594238281,125.66370391845703,0.33900895113996365,121.15405398028092,107.47290136737674
1.4274999999998983,124.42190551757812,125.66370391845703,0.3380247626106443,127.30665369026507,112.63739330757039
1.4279999999998982,124.44117736816406,125.66370391845703,0.34141459678637,136.66428207583698,120.31411474084966
1.4284999999998982,124.46430969238281,125.66370391845703,0.3499179817484316,148.6411048047347,129.9405448495742
1.4289999999998981,124.49183654785156,125.66370391845703,0.36360519086663756,158.8924040302606,140.93665949257232
1.429499999999898,124.51309204101562,125.66370391845703,0.36692939735068075,142.2334164900269,125.34372243591937
1.429999999999898,124.53004455566406,125.66370391845703,0.36616418332114087,130.51330864037965,114.64011531104907
1.430499999999898,124.54460144042969,125.66370391845703,0.3626464126239009,123.8724631711503,108.68190266109416
1.430999999999898,124.55845642089844,125.66370391845703,0.3584975206975247,121.97256353936417,106.95056498276178
1.4314999999998979,124.57306671142578,125.66370391845703,0.35579175774725186,124.32113109229431,108.85280049221252
1.4319999999998978,124.58963775634766,125.66370391845703,0.35620920742952045,130.3321997535646,113.76028742084488
1.4324999999998977,124.60912322998047,125.66370391845703,0.3608700794891272,139.3635691495155,121.03146062081913
1.4329999999998977,124.6322021484375,125.66370391845703,0.3702790617088441,148.18301015271524,130.02435884165033
1.4334999999998976,124.64826202392578,125.66370391845703,0.3750230896900223,129.51027806495307,112.54957182510215
1.4339999999998976,124.65937805175781,125.66370391845703,0.37409489168614246,115.87989639406437,100.22335941610125
1.4344999999998975,124.66754150390625,125.66370391845703,0.3690854178141938,107.46259085415167,92.884153541132
1.4349999999998975,124.67455291748047,125.66370391845703,0.36233397983257337,103.94179302230869,90.00067127866458
1.4354999999998974,124.68194580078125,125.66370391845703,0.3561243375820342,104.84423986852264,90.97118831163816
1.4359999999998974,124.6910171508789,125.66370391845703,0.352395187496439,109.60078688830258,95.16185670505263
1.4364999999998973,124.70279693603516,125.66370391845703,0.35258702855200963,117.58358109285604,101.92728150445758
1.4369999999998972,124.71806335449219,125.66370391845703,0.3575493957623751,128.13020174568257,110.62249849331945
1.4374999999998972,124.73731994628906,125.66370391845703,0.3675262249175175,137.31571883686502,120.61061906456845
1.4379999999998971,124.74901580810547,125.66370391845703,0.36950926973703563,117.22714523292517,101.75798065670772
1.438499999999897,124.75562286376953,125.66370391845703,0.36672351903606093,103.29247502770282,89.08617780001218
1.438999999999897,124.75942993164062,125.66370391845703,0.36061933496545406,95.30006821538501,82.08197587509903
1.439499999999897,124.76237487792969,125.66370391845703,0.3534144347081773,92.63032068364315,79.93167512278428
1.439999999999897,124.76607513427734,125.66370391845703,0.3473036288700663,94.58393539798267,81.82388860579587
1.4404999999998969,124.7718276977539,125.66370391845703,0.34413669218961707,100.42293012144344,86.96929762575122
1.4409999999998968,124.78064727783203,125.66370391845703,0.345240097735579,109.39376104785923,94.6079805885292
1.4414999999998968,124.79322814941406,125.66370391845703,0.3513184523246678,120.74165814919978,104.01194486183108
1.4419999999998967,124.80999755859375,125.66370391845703,0.36245679054200314,129.5682937071173,114.48616804683468
1.4424999999998966,124.8187026977539,125.66370391845703,0.36104475850652934,108.19597302418772,94.3511140543645
1.4429999999998966,124.82222747802734,125.66370391845703,0.35624424196309107,94.12402006008571,81.4479509329533
1.4434999999998965,124.82313537597656,125.66370391845703,0.3491988662920986,86.72884294736846,74.88803517065797
1.4439999999998965,124.82350158691406,125.66370391845703,0.3419227665149335,85.07103573298436,73.56198236211782
1.4444999999998964,124.82502746582031,125.66370391845703,0.33647359209335337,88.21401613099746,76.44046368850393
1.4449999999998964,124.8290023803711,125.66370391845703,0.33456335534421133,95.24396904183078,82.57428294049544
1.4454999999998963,124.83639526367188,125.66370391845703,0.33734204755411623,105.27800497643031,91.08754103900118
1.4459999999998963,124.84781646728516,125.66370391845703,0.34529914108717624,114.29240935911758,101.1700311152544
1.4464999999998962,124.85111236572266,125.66370391845703,0.34487020787485173,92.76052794056415,80.89859062988107
1.4469999999998961,124.84928894042969,125.66370391845703,0.33993563590680953,78.70545632965943,68.10328605891034
1.447499999999896,124.84497833251953,125.66370391845703,0.33186411732013826,71.51263661052423,61.87337694869889
1.447999999999896,124.84033966064453,125.66370391845703,0.3229549801813909,70.24350073699817,61.080084720318446
1.448499999999896,124.83715057373047,125.66370391845703,0.31556871644965484,73.9588175251646,64.67660754555477
1.448999999999896,124.8367691040039,125.66370391845703,0.311735090984632,81.7392294405418,71.69762671558297
1.4494999999998959,124.84021759033203,125.66370391845703,0.31289799903379834,92.69375006091451,81.25194393638463
1.4499999999998958,124.8481674194336,125.66370391845703,0.3197543197365472,103.35713914724829,92.51445858481713
1.4504999999998958,124.8485336303711,125.66370391845703,0.32028601939362933,83.20689834893692,73.55540951422056
1.4509999999998957,124.84426879882812,125.66370391845703,0.3157173546478871,70.48314340590895,62.01458948879682
1.4514999999998957,124.8380126953125,125.66370391845703,0.30765314749754763,64.61341105708443,57.01603872494867
1.4519999999998956,124.83192443847656,125.66370391845703,0.29866899104068384,64.68544243197195,57.454715677782346
1.4524999999998955,124.8277816772461,125.66370391845703,0.2913979344552884,69.77489550072629,62.29777326271087
1.4529999999998955,124.82696533203125,125.66370391845703,0.288105956554269,78.96877684217243,70.58661597320533
1.4534999999998954,124.83048248291016,125.66370391845703,0.2903775112631731,91.37605757386385,81.43136148277854
1.4539999999998954,124.83903503417969,125.66370391845703,0.29890529004336236,103.41240226537691,94.00420726094963
1.4544999999998953,124.84060668945312,125.66370391845703,0.2997255498253607,84.91579265494144,76.5711164057357
1.4549999999998953,124.83808135986328,125.66370391845703,0.29590233903399293,73.69404477314622,66.33914777353282
1.4554999999998952,124.83401489257812,125.66370391845703,0.28902636576756,69.21169512276049,62.48642420032709
1.4559999999998952,124.83052825927734,125.66370391845703,0.2817522038938676,70.58296508413848,63.94774477897903
1.456499999999895,124.82936096191406,125.66370391845703,0.27678832237268725,76.8993375421032,69.71683623715728
1.456999999999895,124.83184814453125,125.66370391845703,0.27638721994773513,87.25604442545404,78.85209724699101
1.457499999999895,124.8389892578125,125.66370391845703,0.28198027778610274,100.76491340421954,90.47374781673727
1.457999999999895,124.8514404296875,125.66370391845703,0.2939943794434065,113.25958880753275,103.75904675605899
1.4584999999998949,124.85730743408203,125.66370391845703,0.2946636539061085,95.86351246107859,87.30108700634511
1.4589999999998948,124.85934448242188,125.66370391845703,0.2918327087135451,85.5149938671849,77.74523466179383
1.4594999999998948,124.8600082397461,125.66370391845703,0.28682404544005013,81.71513438225838,74.33348149827586
1.4599999999998947,124.86136627197266,125.66370391845703,0.2820972078416903,83.60901551653807,76.04998060045035
1.4604999999998947,124.86507415771484,125.66370391845703,0.28015167598164276,90.30996755829487,81.92384860955718
1.4609999999998946,124.87242889404297,125.66370391845703,0.2829610891321714,100.92882413260693,91.03890270261209
1.4614999999998946,124.88438415527344,125.66370391845703,0.2916377424074904,114.58875612632949,102.533597331454
1.4619999999998945,124.90155792236328,125.66370391845703,0.30634228712757366,126.54955607325878,115.59823335971804
1.4624999999998944,124.91214752197266,125.66370391845703,0.3069948918129317,109.231432668404,99.15787241838811
1.4629999999998944,124.91880798339844,125.66370391845703,0.3049898850443871,98.70894152106563,89.34137370485426
1.4634999999998943,124.92391204833984,125.66370391845703,0.3013457393729841,94.52833205058165,85.45390696907904
1.4639999999998943,124.929443359375,125.66370391845703,0.29821866910775674,95.8748080711103,86.53006935266143
1.4644999999998942,124.93701171875,125.66370391845703,0.2978126366185738,101.8935694134712,91.63715974781438
1.4649999999998942,124.94788360595703,125.66370391845703,0.30183775800136226,111.72148895718476,99.8883059705954
1.465499999999894,124.96296691894531,125.66370391845703,0.3112357519111762,122.48485690462601,110.44478379834025
1.465999999999894,124.97151947021484,125.66370391845703,0.3173083331609859,105.20457646110471,94.11612867951733
1.466499999999894,124.97579956054688,125.66370391845703,0.3175950821157551,93.52161272137951,83.44120892990094
1.466999999999894,124.97795104980469,125.66370391845703,0.31365550893418526,87.46791121757053,78.13415831955909
1.467499999999894,124.97987365722656,125.66370391845703,0.30808671527458165,86.60882498653709,77.55547385054024
1.4679999999998938,124.9831771850586,125.66370391845703,0.30350252639581515,90.37481703876767,81.01361752922558
1.4684999999998938,124.98919677734375,125.66370391845703,0.30213180324348965,98.11676255004116,87.79932627301201
1.4689999999998937,124.99897766113281,125.66370391845703,0.3055668576786789,109.13914970173553,97.20312595816827
1.4694999999998937,125.01327514648438,125.66370391845703,0.31460838429502264,122.72143333561942,108.52498381989288
1.4699999999998936,125.03258514404297,125.66370391845703,0.32926984168128054,134.4123650493015,121.08027473209873
1.4704999999998936,125.04515838623047,125.66370391845703,0.3319518688185115,116.68605009737564,104.23931369499371
1.4709999999998935,125.05345916748047,125.66370391845703,0.33115573801180487,105.21334591562317,93.56099280778992
1.4714999999998934,125.05973052978516,125.66370391845703,0.3280320598116495,99.69918057687549,88.49452945118968
1.4719999999998934,125.06587982177734,125.66370391845703,0.32469353308611554,99.45518749046576,88.1882987478463
1.4724999999998933,125.0734634399414,125.66370391845703,0.32326255036135004,103.72575064255788,91.7965385680223
1.4729999999998933,125.08372497558594,125.66370391845703,0.32544124272506764,111.72639182189901,98.49905622530997
1.4734999999998932,125.09758758544922,125.66370391845703,0.3322971229456113,122.6651196948666,107.50840798245483
1.4739999999998932,125.11566162109375,125.66370391845703,0.3442014076762315,132.61250765903208,118.07234946932046
1.4744999999998931,125.12631225585938,125.66370391845703,0.34781133005057163,113.07681949978902,99.52007528903782
1.474999999999893,125.13207244873047,125.66370391845703,0.34692826011999317,99.8210250860203,87.26909906497333
1.475499999999893,125.1352310180664,125.66370391845703,0.34280023331381376,92.58585078223395,80.77184170598352
1.475999999999893,125.13775634765625,125.66370391845703,0.3376154929071375,90.71143729462729,79.18076193438793
1.476499999999893,125.14126586914062,125.66370391845703,0.3335857018881819,93.46612720282852,81.65422891995634
1.4769999999998928,125.14705657958984,125.66370391845703,0.3325685507702821,100.08574888661849,87.3760725341185
1.4774999999998928,125.15612030029297,125.66370391845703,0.3358669208145283,109.79542613354968,95.5625315261308
1.4779999999998927,125.16913604736328,125.66370391845703,0.3441316173370891,119.76120414217283,105.46443142868425
1.4784999999998927,125.17450714111328,125.66370391845703,0.34946697626767736,99.57738161883877,86.34496894018979
1.4789999999998926,125.17478942871094,125.66370391845703,0.3486849967811826,85.62576915054258,73.59288347623391
1.4794999999998926,125.17230987548828,125.66370391845703,0.3434359922513888,77.71885848667065,66.6920918638998
1.4799999999998925,125.1690902709961,125.66370391845703,0.3361940107398049,75.24808584540153,64.81910149625841
1.4804999999998925,125.16679382324219,125.66370391845703,0.3294057322933812,77.52037039218372,67.1498405940408
1.4809999999998924,125.16679382324219,125.66370391845703,0.3251843212124008,83.80009486929214,72.88041852970635
1.4814999999998923,125.17012786865234,125.66370391845703,0.3251264478495783,93.33281406111773,81.23494450889979
1.4819999999998923,125.17754364013672,125.66370391845703,0.33018066800882184,105.35996138898342,91.46841701645394
1.4824999999998922,125.18951416015625,125.66370391845703,0.3406078277040335,115.98461636968253,102.867922694478
1.4829999999998922,125.19364929199219,125.66370391845703,0.34252963510130274,95.32493946124426,83.26677880513142
1.4834999999998921,125.19283294677734,125.66370391845703,0.339878534020842,81.85034025461056,70.86117074504773
1.483999999999892,125.18960571289062,125.66370391845703,0.3340517543418473,75.00429186525479,64.80851042403016
1.484499999999892,125.1860580444336,125.66370391845703,0.327324968112883,73.88993132998827,64.02645058866024
1.484999999999892,125.18389892578125,125.66370391845703,0.32198779513640136,77.59943665913856,67.50024233416806
1.485499999999892,125.18445587158203,125.66370391845703,0.319968174760256,85.23735687132337,74.28622852300681
1.4859999999998919,125.18869018554688,125.66370391845703,0.3226100298277933,95.93117394592421,83.50736562652587
1.4864999999998918,125.19725036621094,125.66370391845703,0.3305531982449161,106.38004727174659,94.34739548716672
1.4869999999998917,125.1978988647461,125.66370391845703,0.33322896492156584,85.46954795211624,74.53272067256994
1.4874999999998917,125.19357299804688,125.66370391845703,0.33046543178181736,71.85484042235491,62.076142160189086
1.4879999999998916,125.18687438964844,125.66370391845703,0.32382277965893214,64.99918588319801,56.13097714217573
1.4884999999998916,125.17996978759766,125.66370391845703,0.3157797361020483,64.01676466185863,55.61025784190101
1.4889999999998915,125.17461395263672,125.66370391845703,0.30884311390787683,68.00523297433328,59.49323331340031
1.4894999999998915,125.17219543457031,125.66370391845703,0.3051782139918029,76.0703293392019,66.82923996934016
1.4899999999998914,125.1737289428711,125.66370391845703,0.3063623526840518,87.33724320717567,76.7333547848833
1.4904999999998914,125.17991638183594,125.66370391845703,0.3132149480288455,98.93685875632492,88.38059128470417
1.4909999999998913,125.1785888671875,125.66370391845703,0.3166734629772829,79.06020398610349,69.57601402696133
1.4914999999998912,125.17265319824219,125.66370391845703,0.31415282505467307,66.39219952005865,58.03834672478941
1.4919999999998912,125.1646957397461,125.66370391845703,0.30741678329449557,60.44857782403579,52.966542044637585
1.4924999999998911,125.15687561035156,125.66370391845703,0.299158404568525,60.37943177583727,53.306768014967524
1.492999999999891,125.15095520019531,125.66370391845703,0.2920901621986629,65.30542898520987,58.05996766797804
1.493499999999891,125.14833068847656,125.66370391845703,0.2885620810167559,74.34570475988889,66.28867021112607
1.493999999999891,125.1500244140625,125.66370391845703,0.2902773765412695,86.6316058183085,77.11478823300034
1.494499999999891,125.15674591064453,125.66370391845703,0.29808248504113294,99.242908065823,89.71535344234253
1.4949999999998909,125.15644073486328,125.66370391845703,0.30183157252880866,80.64862055822188,72.12155771610934
1.4954999999998908,125.15193176269531,125.66370391845703,0.29982254481816323,69.10076942674985,61.58519171529128
1.4959999999998908,125.14573669433594,125.66370391845703,0.2938349676764887,64.1638554453776,57.364838838806406
1.4964999999998907,125.13997650146484,125.66370391845703,0.28663841663740247,65.02387862544742,58.451409224393636
1.4969999999998906,125.13638305664062,125.66370391845703,0.28102143904881277,70.82500619002987,63.87658289482136
1.4974999999998906,125.1363296508789,125.66370391845703,0.27935676167681894,80.70088698257219,72.72341923437888
1.4979999999998905,125.14082336425781,125.66370391845703,0.28327733618995077,93.79086987715893,84.12689137722316
1.4984999999998905,125.15057373046875,125.66370391845703,0.2934700836531456,106.78284204670234,97.27158281272897
1.4989999999998904,125.15362548828125,125.66370391845703,0.29717912389744483,89.1050962099963,80.5115496102605
1.4994999999998904,125.1526870727539,125.66370391845703,0.29588049680344053,78.25534119092511,70.53712829815873
1.4999999999998903,125.15021514892578,125.66370391845703,0.29118113808326984,73.84555394271278,66.67317066501472
1.5004999999998903,125.14824676513672,125.66370391845703,0.28574211976617236,75.10007503367099,67.96187431598331
1.5009999999998902,125.14849090576172,125.66370391845703,0.28224054179692876,81.19035536065422,73.47184474679905
1.5014999999998901,125.15225982666016,125.66370391845703,0.2828868343049641,91.26945461103297,82.31261585075275
1.50199999999989,125.16055297851562,125.66370391845703,0.28910501375616776,104.49054017598714,93.63806997013678
1.50249999999989,125.17403411865234,125.66370391845703,0.30138160973188577,117.14688497997595,106.64608626071444
1.50299999999989,125.18087005615234,125.66370391845703,0.30513726863869084,99.6525219708505,90.0195980225939
1.50349999999989,125.18367767333984,125.66370391845703,0.304507722701502,88.74668471705652,79.9186602616355
1.5039999999998899,125.18480682373047,125.66370391845703,0.3008864544889023,84.09420634977569,75.73363587060072
1.5044999999998898,125.18627166748047,125.66370391845703,0.2967344592637045,84.9639705402923,76.5587696309159
1.5049999999998898,125.18970489501953,125.66370391845703,0.2945298621934141,90.56168430636279,81.50159939579203
1.5054999999998897,125.1964111328125,125.66370391845703,0.296288359224531,100.06726886438129,89.70108826054462
1.5059999999998896,125.20735931396484,125.66370391845703,0.3032833780697864,112.65539618971746,100.33351204759619
1.5064999999998896,125.22320556640625,125.66370391845703,0.3159394849896158,124.55381051801122,112.61391177896057
1.5069999999998895,125.23220825195312,125.66370391845703,0.3202073696890324,106.54321119888496,95.47462101288824
1.5074999999998895,125.23689270019531,125.66370391845703,0.32004213547990834,94.90430434843881,84.67566720860408
1.5079999999998894,125.23957824707031,125.66370391845703,0.3167654780945418,89.36420337819456,79.66622174316417
1.5084999999998894,125.24222564697266,125.66370391845703,0.3127209919295998,89.24327449715972,79.58789465558522
1.5089999999998893,125.24647521972656,125.66370391845703,0.31026839775274423,93.78813611200775,83.58470833356868
1.5094999999998893,125.25360870361328,125.66370391845703,0.3113480392677523,102.21177309687535,90.82395912004785
1.5099999999998892,125.26461029052734,125.66370391845703,0.3172398143530416,113.71596611804202,100.50413282170238
1.5104999999998892,125.2801284790039,125.66370391845703,0.328464031637786,124.93671648462534,111.85771650562732
1.510999999999889,125.28849792480469,125.66370391845703,0.3337966523761361,106.11627999197736,93.95294342983
1.511499999999889,125.29222106933594,125.66370391845703,0.3339246936871258,93.50235229997638,82.29893867925541
1.511999999999889,125.2935791015625,125.66370391845703,0.33030505253203174,86.89284739695084,76.39514195981246
1.512499999999889,125.2945556640625,125.66370391845703,0.32532842026690756,85.66382554282677,75.42359601051679
1.5129999999998889,125.29678344726562,125.66370391845703,0.3213802403037348,89.10585778486544,78.55956280246737
1.5134999999998888,125.30157470703125,125.66370391845703,0.3204667082731149,96.46690618865237,84.99455267923003
1.5139999999998888,125.3099365234375,125.66370391845703,0.3240036972184508,106.97667574915161,93.94574033720501
1.5144999999998887,125.32257080078125,125.66370391845703,0.3327046937300053,119.86178554482109,104.65990455444137
1.5149999999998887,125.33988189697266,125.66370391845703,0.34659916031686566,130.46587745211465,116.41536300290845
1.5154999999998886,125.34940338134766,125.66370391845703,0.3484484678758007,110.00709886246848,96.89102711080928
1.5159999999998885,125.35395050048828,125.66370391845703,0.3468146658971343,96.6501014068267,84.41864208297655
1.5164999999998885,125.35600280761719,125.66370391845703,0.3427823130391403,89.82703138752251,78.17300571652356
1.5169999999998884,125.35762023925781,125.66370391845703,0.33836351461275604,88.63257062094965,77.08113868224191
1.5174999999998884,125.3604507446289,125.66370391845703,0.3356021569863304,92.15175588783723,80.13318789861239
1.5179999999998883,125.36578369140625,125.66370391845703,0.336173433500675,99.48363768927251,86.38775049111676
1.5184999999998883,125.37452697753906,125.66370391845703,0.3411816555318925,109.75200319933307,94.96855016428749
1.5189999999998882,125.38729095458984,125.66370391845703,0.35108703724718354,119.2180329953048,105.05941793535938
1.5194999999998882,125.3917236328125,125.66370391845703,0.3541541965445228,97.26907929365923,84.15801883940404
1.519999999999888,125.3907241821289,125.66370391845703,0.3522699853724025,82.54737442464429,70.55942072609115
1.520499999999888,125.38689422607422,125.66370391845703,0.3467794677413878,74.519799310907,63.42947192571573
1.520999999999888,125.38236236572266,125.66370391845703,0.3399265467813172,72.30448319066058,61.68808391242802
1.521499999999888,125.3788833618164,125.66370391845703,0.33398087436292184,75.00407525479095,64.31945601407902
1.5219999999998879,125.37782287597656,125.66370391845703,0.33088724463412245,81.73042523986338,70.37679903417872
1.5224999999998878,125.38018798828125,125.66370391845703,0.3320664063240212,91.61588304609647,78.9785259666337
1.5229999999998878,125.38666534423828,125.66370391845703,0.3382960621280284,103.81922992784237,89.30275531192639
1.5234999999998877,125.39764404296875,125.66370391845703,0.3497000311678558,113.69356799095691,100.58250247258344
1.5239999999998877,125.40008544921875,125.66370391845703,0.34947535011345143,91.23575803289478,79.18310156643464
1.5244999999998876,125.39723205566406,125.66370391845703,0.3456159321959337,76.90681535940283,65.88653803069224
1.5249999999998876,125.39183807373047,125.66370391845703,0.3392740756338181,69.81385546185237,59.53417676637027
1.5254999999998875,125.38615417480469,125.66370391845703,0.3325198526798675,68.79762343890945,58.79290310861207
1.5259999999998874,125.3819351196289,125.66370391845703,0.32747746567034786,72.75642294653824,62.46276157745746
1.5264999999998874,125.38050842285156,125.66370391845703,0.32592393413457266,80.6520826672705,69.46408220332296
1.5269999999998873,125.38280487060547,125.66370391845703,0.3290619077214485,91.50811206877587,78.8210940487223
1.5274999999998873,125.3894271850586,125.66370391845703,0.3374126424158109,101.41339634591792,89.64756471898787
1.5279999999998872,125.38745880126953,125.66370391845703,0.33796037336276036,78.76650444158726,68.11051829128198
1.5284999999998872,125.38021850585938,125.66370391845703,0.33382948560402187,64.40082933918237,54.88912429214063
1.5289999999998871,125.37055969238281,125.66370391845703,0.3263875247414576,57.441620644630504,48.81365999544757
1.529499999999887,125.36078643798828,125.66370391845703,0.3179626929867827,56.73746714977479,48.540083996253024
1.529999999999887,125.35274505615234,125.66370391845703,0.3109511185932227,61.18874460947764,52.85711027625519
1.530499999999887,125.34781646728516,125.66370391845703,0.3074191560651377,69.75485192953758,60.673370150449884
1.530999999999887,125.34701538085938,125.66370391845703,0.30884333733818387,81.45317318377006,71.0009882266498
1.5314999999998868,125.35096740722656,125.66370391845703,0.31594444513845227,92.87439459464561,82.94104417164404
1.5319999999998868,125.34684753417969,125.66370391845703,0.31721969034312153,71.52836235965613,62.678636351340145
1.5324999999998867,125.33792114257812,125.66370391845703,0.31323751716602494,58.39127793338558,50.64959710887153
1.5329999999998867,125.32704162597656,125.66370391845703,0.3056001363230001,52.640995326021894,45.729282394382544
1.5334999999998866,125.31651306152344,125.66370391845703,0.2968951376643671,53.1600609073776,46.605165330926475
1.5339999999998866,125.30816650390625,125.66370391845703,0.2897717460006079,58.868981470459524,52.08552660122769
1.5344999999998865,125.30342102050781,125.66370391845703,0.28651828945866237,68.73706893951342,61.089766626765126
1.5349999999998865,125.30327606201172,125.66370391845703,0.28874898639070234,81.78400488530818,72.63419876131103
1.5354999999998864,125.30839538574219,125.66370391845703,0.2971905016532575,94.48978757992724,85.81917938411972
1.5359999999998863,125.30602264404297,125.66370391845703,0.29857428887774634,74.70675883410577,67.0309230304535
1.5364999999998863,125.2993392944336,125.66370391845703,0.2951081531584179,62.96694703442886,56.24447721889206
1.5369999999998862,125.29113006591797,125.66370391845703,0.28839446515503026,58.49509380145326,52.397712194376965
1.5374999999998862,125.28364562988281,125.66370391845703,0.28110357417039655,60.20712034341916,54.22420143221496
1.5379999999998861,125.27869415283203,125.66370391845703,0.27596543951712715,67.04403979132555,60.56328248643368
1.538499999999886,125.27764892578125,125.66370391845703,0.27526891092717803,77.9864934950077,70.35450170491994
1.538999999999886,125.28150177001953,125.66370391845703,0.28049752057884336,92.05897556687253,82.62641643540898
1.539499999999886,125.29088592529297,125.66370391845703,0.2921348498166239,105.18742571715879,96.48581708129743
1.539999999999886,125.29314422607422,125.66370391845703,0.2932409911975318,86.45434136270256,78.645590094984
1.5404999999998858,125.2913589477539,125.66370391845703,0.2905922923276796,75.52871284719677,68.49685127389142
1.5409999999998858,125.28819274902344,125.66370391845703,0.2855477623472568,71.6804644918216,65.04896123783745
1.5414999999998857,125.28584289550781,125.66370391845703,0.2806069568879686,73.86221023485442,67.09044864756649
1.5419999999998857,125.28605651855469,125.66370391845703,0.2783166138461442,81.04062689600431,73.49996104558124
1.5424999999998856,125.29015350341797,125.66370391845703,0.280710419534458,92.21432239730429,83.24509466443997
1.5429999999998856,125.29908752441406,125.66370391845703,0.2889656685583604,106.42043128097572,95.37432338261273
1.5434999999998855,125.31346130371094,125.66370391845703,0.30329636209991734,119.01098203622573,109.00842102266367
1.5439999999998855,125.32071685791016,125.66370391845703,0.30428254083748024,100.36417508486652,91.19932037640991
1.5444999999998854,125.3238296508789,125.66370391845703,0.30239469506727545,89.26585580567138,80.78887615459972
1.5449999999998854,125.32536315917969,125.66370391845703,0.2986971396438404,85.03814869571832,76.85740662327211
1.5454999999998853,125.32745361328125,125.66370391845703,0.29539867171110384,86.67858308220357,78.24960293175452
1.5459999999998852,125.33179473876953,125.66370391845703,0.2947585838066513,93.1886950397568,83.88619644781971
1.5464999999998852,125.33967590332031,125.66370391845703,0.2985429750043535,103.59482065986285,92.76666779208767
1.5469999999998851,125.35202026367188,125.66370391845703,0.30774064834475784,116.95673108154723,103.9639075295643
1.547499999999885,125.36940002441406,125.66370391845703,0.3225062116251174,128.46053397267332,116.61756617724646
1.547999999999885,125.37936401367188,125.66370391845703,0.32399439240269134,109.00986817281428,98.0198313437409
1.548499999999885,125.38478088378906,125.66370391845703,0.3225801462986979,96.88197668969676,86.62736167384824
1.548999999999885,125.38818359375,125.66370391845703,0.31922207142300196,91.46337741467751,81.58277916442137
1.5494999999998849,125.39166259765625,125.66370391845703,0.3159688185019009,91.80548864760372,81.78085412886598
1.5499999999998848,125.39689636230469,125.66370391845703,0.3149301513082353,96.953206935843,86.18105671868558
1.5504999999998847,125.40516662597656,125.66370391845703,0.3177915136743962,105.96841029130894,93.81317630997553
1.5509999999998847,125.41741180419922,125.66370391845703,0.32557069417223594,117.94045384313185,103.7740682707423
1.5514999999998846,125.43421173095703,125.66370391845703,0.33855509831493924,128.49590185948944,115.22244612810925
1.5519999999998846,125.44316101074219,125.66370391845703,0.34124827993417917,107.89893264103738,95.54312490807834
1.5524999999998845,125.44711303710938,125.66370391845703,0.34009481924854307,94.46801050987895,83.00202752953699
1.5529999999998845,125.4485855102539,125.66370391845703,0.33620881025635624,87.66498992295539,76.79260702779978
1.5534999999998844,125.4496841430664,125.66370391845703,0.3317024154999171,86.60037923576687,75.85026215697296
1.5539999999998844,125.45210266113281,125.66370391845703,0.32873376770080953,90.3660021781792,79.16601254966697
1.5544999999998843,125.45716094970703,125.66370391845703,0.3290909620504309,98.06129892653907,85.79420960813205
1.5549999999998843,125.46582794189453,125.66370391845703,0.33397412282929395,108.80574901237911,94.85075171966194
1.5554999999998842,125.4787368774414,125.66370391845703,0.34390658643227895,119.13728445140222,105.50896564568096
1.5559999999998841,125.48352813720703,125.66370391845703,0.3482025975063717,97.77000542127342,85.13767394204032
1.556499999999884,125.48304748535156,125.66370391845703,0.3472009290235602,83.47788576684417,71.92222533133382
1.556999999999884,125.47985076904297,125.66370391845703,0.3423575682806643,75.8023877280715,65.09905470918015
1.557499999999884,125.47607421875,125.66370391845703,0.3360152044504856,73.9123120313897,63.636595577805956
1.557999999999884,125.47345733642578,125.66370391845703,0.33051948603437187,76.9436775944067,66.55037723114418
1.5584999999998839,125.47338104248047,125.66370391845703,0.3278723851112344,84.02915358141371,72.91253115470093
1.5589999999998838,125.47686004638672,125.66370391845703,0.32953299296186767,94.31267784638067,81.85131231486083
1.5594999999998838,125.48460388183594,125.66370391845703,0.33629753268429774,106.95771534324908,92.54797650442279
1.5599999999998837,125.49700164794922,125.66370391845703,0.3482910048427292,117.44145995757906,104.23362074339386
1.5604999999998836,125.50096893310547,125.66370391845703,0.3492187242190743,95.29539643292439,83.09269451080982
1.5609999999998836,125.49967956542969,125.66370391845703,0.34634148093634365,81.11344670411914,69.89276642762586
1.5614999999998835,125.49585723876953,125.66370391845703,0.3408592752322038,74.07534818042315,63.54673363184475
1.5619999999998835,125.49172973632812,125.66370391845703,0.3348740968320892,73.07133782553673,62.77022220097231
1.5624999999998834,125.48905181884766,125.66370391845703,0.3305215156029463,77.03274928399954,66.3950241136289
1.5629999999998834,125.48914337158203,125.66370391845703,0.3295768986290017,84.94262201861811,73.36100749708348
1.5634999999998833,125.49296569824219,125.66370391845703,0.3332384792643125,95.83706598803724,82.70311539554739
1.5639999999998833,125.50109100341797,125.66370391845703,0.3420301839672442,105.94019157571853,93.53930253324226
1.5644999999998832,125.50059509277344,125.66370391845703,0.34382834490829056,83.20100883569738,71.87727261365136
1.5649999999998832,125.49471282958984,125.66370391845703,0.34069597710831556,68.5658357847167,58.373858961058424
1.565499999999883,125.48627471923828,125.66370391845703,0.3340480559693573,61.2385698834087,51.93361819335543
1.565999999999883,125.4775619506836,125.66370391845703,0.3262198412131359,60.12306366718341,51.26409381501831
1.566499999999883,125.47042083740234,125.66370391845703,0.31958733808273737,64.15823442938601,55.18861414095112
1.566999999999883,125.46624755859375,125.66370391845703,0.3161931129682768,72.329934086794,62.63818685543037
1.5674999999998829,125.466064453125,125.66370391845703,0.3175114961755335,83.67309555863986,72.6383784708222
1.5679999999998828,125.47052001953125,125.66370391845703,0.3242999346971185,95.08249887680607,84.2971079626338
1.5684999999998828,125.46674346923828,125.66370391845703,0.32705324270139474,73.31854378791296,63.618900915047575
1.5689999999998827,125.45795440673828,125.66370391845703,0.3239900547580785,59.59759855727587,51.055219639996956
1.5694999999998827,125.44697570800781,125.66370391845703,0.3168182533243361,53.18336664228097,45.554395510581124
1.5699999999998826,125.43611907958984,125.66370391845703,0.30815141973112736,53.019084917669474,45.85478227313959
1.5704999999998825,125.42723846435547,125.66370391845703,0.30062667883100735,58.0684964565817,50.799111970649236
1.5709999999998825,125.42176055908203,125.66370391845703,0.29653505631403104,67.33135800712112,59.32927754483631
1.5714999999998824,125.42072296142578,125.66370391845703,0.29755283676099337,79.84820435891457,70.47528182524758
1.5719999999998824,125.42481994628906,125.66370391845703,0.30454164469217654,92.63512106229618,83.34455724754612
1.5724999999998823,125.4212417602539,125.66370391845703,0.307667120751336,72.36680188888833,64.10522865680808
1.5729999999998823,125.41316223144531,125.66370391845703,0.3049463451978196,59.99953230698838,52.79296777585534
1.5734999999998822,125.40333557128906,125.66370391845703,0.29819315140741975,54.85012278924557,48.415966771285916
1.5739999999998822,125.39404296875,125.66370391845703,0.2901796601090488,55.898711773607495,49.75639114851502
1.574499999999882,125.38711547851562,125.66370391845703,0.28370096054805233,62.1318868773003,55.68611448320219
1.574999999999882,125.38397979736328,125.66370391845703,0.28115538044762534,72.56204440665185,65.16546565194572
1.575499999999882,125.3856430053711,125.66370391845703,0.2842210340981006,86.23493641434372,77.23500853767005
1.575999999999882,125.39280700683594,125.66370391845703,0.2936348540610325,99.77737782106763,91.00693332250769
1.5764999999998819,125.39276885986328,125.66370391845703,0.2966405613940948,80.79152913038425,72.95601790533875
1.5769999999998818,125.38858032226562,125.66370391845703,0.2945998364585413,69.49029310903431,62.54341057933063
1.5774999999998818,125.3829116821289,125.66370391845703,0.2891855022807223,65.23862565394656,58.8476827164074
1.5779999999998817,125.37799835205078,125.66370391845703,0.28311364162411495,67.05404702276478,60.7045714548788
1.5784999999998817,125.37559509277344,125.66370391845703,0.27911974249341515,73.94827653015574,67.02362064505029
1.5789999999998816,125.37709045410156,125.66370391845703,0.2794662026327001,84.95018335222251,76.79136360915383
1.5794999999998816,125.38347625732422,125.66370391845703,0.28560066102539744,99.11590896429792,89.06624664598036
1.5799999999998815,125.3954086303711,125.66370391845703,0.29798988972758783,112.5053128645465,102.97222620672065
1.5804999999998814,125.40030670166016,125.66370391845703,0.3008051582265737,94.01827658858124,85.34385886413332
1.5809999999998814,125.4011001586914,125.66370391845703,0.2995552445101414,82.95683263137363,75.04490906180625
1.5814999999998813,125.4003677368164,125.66370391845703,0.2956318733499205,78.7374056391494,71.22708325133482
1.5819999999998813,125.40026092529297,125.66370391845703,0.2915115102510828,80.42094568897322,72.78354911325829
1.5824999999998812,125.40249633789062,125.66370391845703,0.2896876980070247,87.05174643022562,78.66624250444059
1.5829999999998812,125.40840911865234,125.66370391845703,0.2921585630488867,97.6835890799836,87.89317652818909
1.5834999999998811,125.41896057128906,125.66370391845703,0.3001272810295413,111.39211688841496,99.5463353714262
1.583999999999881,125.43478393554688,125.66370391845703,0.313905409137381,123.91889423167417,112.76735059541808
1.584499999999881,125.44339752197266,125.66370391845703,0.3169652526619942,105.00328900062088,94.69248812509728
1.584999999999881,125.44762420654297,125.66370391845703,0.3163098456707966,93.26402377946424,83.70503682692556
1.585499999999881,125.44998931884766,125.66370391845703,0.31314417099259245,88.17912693648059,79.0242423781256
1.5859999999998808,125.45257568359375,125.66370391845703,0.30973094776691246,88.86165350160924,79.59741811621154
1.5864999999998808,125.45709228515625,125.66370391845703,0.30835780434694054,94.39730816677212,84.41795137059707
1.5869999999998807,125.46483612060547,125.66370391845703,0.31086337329192754,103.87347969242714,92.53591756705546
1.5874999999998807,125.47676849365234,125.66370391845703,0.3183857915977387,116.39361744303079,103.05840373085539
1.5879999999998806,125.4935073852539,125.66370391845703,0.3312857028437017,127.91497336601627,115.14683120561702
1.5884999999998806,125.5026626586914,125.66370391845703,0.33526615740312005,107.99785373960813,96.10969976742746
1.5889999999998805,125.50700378417969,125.66370391845703,0.33496640451904053,95.06234576180636,84.03369498885017
1.5894999999998805,125.50901794433594,125.66370391845703,0.3316437120230371,88.65960804795562,78.1953667726497
1.5899999999998804,125.51079559326172,125.66370391845703,0.3275337410067359,87.96161541343707,77.58822556760603
1.5904999999998803,125.5140151977539,125.66370391845703,0.32488905305543897,92.10116341595658,81.24156298073872
1.5909999999998803,125.52002716064453,125.66370391845703,0.32556873200658804,100.20374653647465,88.23361139988809
1.5914999999998802,125.5298080444336,125.66370391845703,0.33082049047716944,111.40389439045775,97.69355572255158
1.5919999999998802,125.54399871826172,125.66370391845703,0.3411909893435979,122.39916154156295,108.80013849503904
1.5924999999998801,125.5502700805664,125.66370391845703,0.3466109858195797,101.5617752587194,88.91132394940587
1.59299999999988,125.55137634277344,125.66370391845703,0.3465219824125448,87.57903718020535,75.95907020097613
1.59349999999988,125.5498275756836,125.66370391845703,0.3424507365504642,80.08225428844474,69.26824563306701
1.59399999999988,125.54771423339844,125.66370391845703,0.3367909889389953,78.30405145272833,67.87044985693102
1.59449999999988,125.54678344726562,125.66370391845703,0.33191629461518457,81.42423752000063,70.8240183856344
1.5949999999998798,125.54840087890625,125.66370391845703,0.3298400511592108,88.60475091389706,77.22907903762179
1.5954999999998798,125.55360412597656,125.66370391845703,0.332023457810598,99.00813518261523,86.23106108016741
1.5959999999998797,125.56309509277344,125.66370391845703,0.3392631949058105,111.80849213389156,97.02032118547332
1.5964999999998797,125.5772933959961,125.66370391845703,0.3516892179532669,122.60325620324149,108.83100744802685
1.5969999999998796,125.58307647705078,125.66370391845703,0.35377472219516665,100.53277591544858,87.73094513451353
1.5974999999998796,125.58355712890625,125.66370391845703,0.3518324607429753,86.2255954646763,74.3839355435014
1.5979999999998795,125.5813980102539,125.66370391845703,0.3471075637604475,78.94732579507563,67.78538984715175
1.5984999999998795,125.57881927490234,125.66370391845703,0.3417165945825627,77.64886500670123,66.70900609163532
1.5989999999998794,125.57756042480469,125.66370391845703,0.337788676481598,81.30365052937324,70.02581769015384
1.5994999999998794,125.57896423339844,125.66370391845703,0.33708996657525636,88.92340983268787,76.70134540914819
1.5999999999998793,125.58397674560547,125.66370391845703,0.3408236869412965,99.56307709585268,85.78621205781143
1.6004999999998792,125.59321594238281,125.66370391845703,0.34954259745731675,109.7044148348757,96.40670698869215
1.6009999999998792,125.59371185302734,125.66370391845703,0.35271132743512495,86.67554859657693,74.44336559760328
1.6014999999998791,125.5886459350586,125.66370391845703,0.3505017797602343,71.55261144418742,60.47862907586561
1.601999999999879,125.58080291748047,125.66370391845703,0.34441919568621415,63.63251075698192,53.49974809034022
1.602499999999879,125.57247924804688,125.66370391845703,0.33682781849358173,61.885486925852966,52.27290578414869
1.602999999999879,125.56550598144531,125.66370391845703,0.33010003675340466,65.29770874215839,55.66161990754338
1.603499999999879,125.5613021850586,125.66370391845703,0.32627811988358607,72.88831083159437,62.62368687370154
1.6039999999998789,125.5609130859375,125.66370391845703,0.32686905457760035,83.71509679912141,72.20156751724357
1.6044999999998788,125.56502532958984,125.66370391845703,0.3327092818210808,96.29184152270801,83.51266526750621
1.6049999999998787,125.57233428955078,125.66370391845703,0.3407298326856367,103.26325202315782,91.52725877394676
1.6054999999998787,125.57141876220703,125.66370391845703,0.3408122949946252,81.60568724000763,70.89816528200652
1.6059999999998786,125.56565856933594,125.66370391845703,0.33690302383622867,68.43405642628203,58.70295440278702
1.6064999999998786,125.55787658691406,125.66370391845703,0.33048162738450104,62.7142726526229,53.64308714522032
1.6069999999998785,125.55036163330078,125.66370391845703,0.3238156318073103,63.19290757742421,54.29643349361943
1.6074999999998785,125.54487609863281,125.66370391845703,0.31914389829603146,68.69235536065703,59.39184834950757
1.6079999999998784,125.54273986816406,125.66370391845703,0.31829341131685757,78.10660249427934,67.79180096086138
1.6084999999998784,125.54483032226562,125.66370391845703,0.3224160907353281,89.78643182534014,78.42322882612858
1.6089999999998783,125.54991912841797,125.66370391845703,0.32869053517789265,96.55331515856165,85.94423998831279
1.6094999999998783,125.54689025878906,125.66370391845703,0.3292159922590362,75.12294745876018,65.56052614878315
1.6099999999998782,125.53913879394531,125.66370391845703,0.3251960828186096,62.245104538191754,53.697986177335345
1.6104999999998781,125.529541015625,125.66370391845703,0.3182415693766853,56.90704002437709,49.06480546141515
1.610999999999878,125.52042388916016,125.66370391845703,0.31080114120861546,57.86941418422432,50.24426253450922
1.611499999999878,125.51358032226562,125.66370391845703,0.3053077438673399,63.96126753138684,55.96603470429596
1.611999999999878,125.51036834716797,125.66370391845703,0.3037784335843449,74.04396729677718,65.09006775277335
1.612499999999878,125.5115966796875,125.66370391845703,0.3072975418412586,86.19482906491409,76.21576010816892
1.6129999999998779,125.51607513427734,125.66370391845703,0.3132147716283317,93.8484533347105,84.39275695032563
1.6134999999998778,125.512939453125,125.66370391845703,0.3142905275129131,73.71226178455376,65.25994369728976
1.6139999999998778,125.50550079345703,125.66370391845703,0.3106420867250146,61.964607294687276,54.45842445555635
1.6144999999998777,125.49658203125,125.66370391845703,0.3040264318400879,57.65324086967477,50.75858074741204
1.6149999999998776,125.48847961425781,125.66370391845703,0.29704730194563034,59.58356279124909,52.79176124017095
1.6154999999998776,125.48298645019531,125.66370391845703,0.2922706462068422,66.6139533463247,59.320318798297166
1.6159999999998775,125.48143005371094,125.66370391845703,0.29179511803611413,77.58689023124836,69.22547544239706
1.6164999999998775,125.4844970703125,125.66370391845703,0.296450327359761,90.28253159248713,80.80498053190215
1.6169999999998774,125.49102783203125,125.66370391845703,0.30343380925546165,98.50310009100554,89.52343918133832
1.6174999999998774,125.49039459228516,125.66370391845703,0.304834959927164,79.58142972848435,71.52444534711503
1.6179999999998773,125.48579406738281,125.66370391845703,0.30191846996389216,68.81065888068744,61.57184246987788
1.6184999999998773,125.47996520996094,125.66370391845703,0.296409801211826,65.26954472366441,58.496831354618784
1.6189999999998772,125.4750747680664,125.66370391845703,0.2908117687612413,67.66833621062422,60.83977352614681
1.6194999999998771,125.47283172607422,125.66370391845703,0.2876536247150706,74.9791485063875,67.48626609596782
1.619999999999877,125.47454071044922,125.66370391845703,0.288944690428234,86.1448329491798,77.40327002255506
1.620499999999877,125.48094177246094,125.66370391845703,0.2955228569872461,99.1666934568557,89.17679216941535
1.620999999999877,125.49088287353516,125.66370391845703,0.3040991288607101,107.41435768086498,98.0817286583321
1.621499999999877,125.49369049072266,125.66370391845703,0.3054288924882552,88.62506766821656,80.16580012593542
1.6219999999998769,125.49247741699219,125.66370391845703,0.3030568875962598,77.79027550096741,70.08800157707577
1.6224999999998768,125.48988342285156,125.66370391845703,0.2983968849970933,73.93591859405919,66.61235204581871
1.6229999999998768,125.4880599975586,125.66370391845703,0.2939008877149433,76.02614684168768,68.55087057104082
1.6234999999998767,125.48873138427734,125.66370391845703,0.29196240873485485,83.0344243133788,74.79469274764415
1.6239999999998767,125.4931869506836,125.66370391845703,0.2944611576295581,93.96084586915725,84.31414234070661
1.6244999999998766,125.50235748291016,125.66370391845703,0.302491645649853,107.17288877404503,96.15369442175397
1.6249999999998765,125.51510620117188,125.66370391845703,0.31229506587290284,115.38486478626172,105.13865135807045
1.6254999999998765,125.52055358886719,125.66370391845703,0.3138292098032517,96.21254619989597,86.82077963190272
1.6259999999998764,125.52177429199219,125.66370391845703,0.3119535564259943,84.85166605548477,76.20327247345102
1.6264999999998764,125.52135467529297,125.66370391845703,0.3078965998857894,80.37350926904593,72.09729150958289
1.6269999999998763,125.52143096923828,125.66370391845703,0.30396565508924495,81.77653248260279,73.349960776255
1.6274999999998763,125.52371978759766,125.66370391845703,0.3024301585738937,88.06096062291043,78.87884592473921
1.6279999999998762,125.52950286865234,125.66370391845703,0.3050783578849467,98.2482056043047,87.67437945001858
1.6284999999998762,125.53971099853516,125.66370391845703,0.3129703995507997,110.79503755539955,98.79642980422486
1.628999999999876,125.55345153808594,125.66370391845703,0.32294742184800906,118.95141999099998,107.67824374612948
1.629499999999876,125.55963897705078,125.66370391845703,0.32512260217859684,99.09473908858557,88.69727992826586
1.629999999999876,125.561279296875,125.66370391845703,0.32359712376792527,86.90103617281432,77.31025398621652
1.630499999999876,125.56096649169922,125.66370391845703,0.31957417695036916,81.50223926810881,72.37893676520922
1.6309999999998759,125.5608139038086,125.66370391845703,0.3153172543055005,81.94274256167367,72.78856504516898
1.6314999999998758,125.5625228881836,125.66370391845703,0.31306267922440206,87.25890352279009,77.48586613968894
1.6319999999998758,125.56742858886719,125.66370391845703,0.31461147319772886,96.50091831043036,85.48375702640672
1.6324999999998757,125.57645416259766,125.66370391845703,0.32110179290886887,108.2573659095553,95.85938951156793
1.6329999999998757,125.58898162841797,125.66370391845703,0.33019252071378846,116.5649522837614,104.65831124587044
1.6334999999998756,125.59368133544922,125.66370391845703,0.3333292437840347,95.98383405679516,85.00112826390102
1.6339999999998756,125.59355926513672,125.66370391845703,0.3319944133394181,82.95932189315506,72.898468646356
1.6344999999998755,125.59119415283203,125.66370391845703,0.32751868455012634,76.68831360180215,67.25704233907128
1.6349999999998754,125.5887222290039,125.66370391845703,0.3222415133384671,76.26359699491857,66.99570698316495
1.6354999999998754,125.58788299560547,125.66370391845703,0.31847168440336177,80.75892934308725,71.08663967793215
1.6359999999998753,125.59001922607422,125.66370391845703,0.31812114928908053,89.25349755640872,78.56191351639337
1.6364999999998753,125.59611511230469,125.66370391845703,0.32248928200226795,100.48328790533144,88.51292686293866
1.6369999999998752,125.60582733154297,125.66370391845703,0.3301083909394374,109.44290688443353,97.60177910313936
1.6374999999998752,125.60758972167969,125.66370391845703,0.334327580286469,88.50147780776351,77.63525366485581
1.6379999999998751,125.60440826416016,125.66370391845703,0.33309422602205596,75.04487123646639,65.21760011283754
1.638499999999875,125.59886932373047,125.66370391845703,0.3279625964353608,68.33427336045679,59.29704467760039
1.638999999999875,125.59314727783203,125.66370391845703,0.32143423281029326,67.50912859855907,58.822731658734035
1.639499999999875,125.58900451660156,125.66370391845703,0.3159653022105325,71.67782899531709,62.78879919659299
1.639999999999875,125.58782958984375,125.66370391845703,0.3136388724212862,79.9449600902087,70.24287159028539
1.6404999999998748,125.59065246582031,125.66370391845703,0.3159531981620539,91.18028232048795,80.28682454998125
1.6409999999998748,125.59741973876953,125.66370391845703,0.32223445489778535,102.26108841106802,90.20279348820421
1.6414999999998747,125.60697937011719,125.66370391845703,0.33021355377648476,108.52962525700926,97.2271667746225
1.6419999999998747,125.60903930664062,125.66370391845703,0.3315025449034487,88.7700014274214,78.3808801325117
1.6424999999998746,125.60671997070312,125.66370391845703,0.328958826926759,76.94599681201629,67.3905228559352
1.6429999999998746,125.60264587402344,125.66370391845703,0.3240536001061394,72.0282370410367,62.96577719061456
1.6434999999998745,125.59893035888672,125.66370391845703,0.31908238581853393,72.94808988216089,63.88458104336939
1.6439999999998745,125.5972671508789,125.66370391845703,0.31624290406150424,78.66266864845247,69.0190962308364
1.6444999999998744,125.59890747070312,125.66370391845703,0.31727823450233417,88.00957418449484,77.3313324928703
1.6449999999998743,125.604248046875,125.66370391845703,0.3223457140681913,98.32221844480017,86.61620296114387
1.6454999999998743,125.61219787597656,125.66370391845703,0.32911371176792403,104.298946507932,93.19378510397793
1.6459999999998742,125.6123275756836,125.66370391845703,0.3307708764801728,83.65953676129159,73.52387908276876
1.6464999999998742,125.60781860351562,125.66370391845703,0.3280183004516425,71.0826519511614,61.88830333336365
1.6469999999998741,125.60136413574219,125.66370391845703,0.32236155231886554,65.5517130012768,56.99030588561184
1.647499999999874,125.59515380859375,125.66370391845703,0.3161885474195439,66.00519650870359,57.60091127202492
1.647999999999874,125.59092712402344,125.66370391845703,0.3118268333357621,71.40416374400196,62.58545588823132
1.648499999999874,125.59001159667969,125.66370391845703,0.31118596649772,80.67350652855123,70.89931494145148
1.648999999999874,125.59310150146484,125.66370391845703,0.31509219767295693,91.71508787262296,80.9549933212942
1.6494999999998738,125.59908294677734,125.66370391845703,0.32102748587363733,98.63908961160604,88.23632765946523
1.6499999999998738,125.59730529785156,125.66370391845703,0.32331291372213466,78.1452074437282,68.73258234351529
1.6504999999998737,125.5909652709961,125.66370391845703,0.32060049219748116,65.69381518914406,57.269380199145715
1.6509999999998737,125.58275604248047,125.66370391845703,0.3145334039642596,60.31238490105062,52.58112591650929
1.6514999999998736,125.57489776611328,125.66370391845703,0.30765027996781324,60.96938688255941,53.459988400894844
1.6519999999998736,125.56916809082031,125.66370391845703,0.3024351613644934,66.64593767775878,58.784960605427614
1.6524999999998735,125.56690979003906,125.66370391845703,0.30095905940133083,76.3512913743842,67.5194799931792
1.6529999999998735,125.5691146850586,125.66370391845703,0.3046302238678017,88.56314545215227,78.70215614371243
1.6534999999998734,125.5746078491211,125.66370391845703,0.31061075620328243,96.63300030865588,86.99795332313761
1.6539999999998733,125.57254791259766,125.66370391845703,0.3133197140766153,76.65742163495504,67.99499696265656
1.6544999999998733,125.56608581542969,125.66370391845703,0.3108348898011337,64.65938193738272,56.96354928277842
1.6549999999998732,125.55792236328125,125.66370391845703,0.3048527785241841,59.70964672358527,52.67830296414743
1.6554999999998732,125.55027770996094,125.66370391845703,0.29801324649973165,60.80613602094189,53.959270921983375
1.6559999999998731,125.54491424560547,125.66370391845703,0.2929096085560084,66.94924139495663,59.70391908627014
1.656499999999873,125.543212890625,125.66370391845703,0.29170788132731834,77.16030033451139,68.8873255543612
1.656999999999873,125.54615783691406,125.66370391845703,0.2958723588924478,89.9936779621023,80.5571132188767
1.657499999999873,125.55284881591797,125.66370391845703,0.30287384393337496,99.21005387390535,89.98748349129411
1.657999999999873,125.5522232055664,125.66370391845703,0.3058392780687946,79.89484935762367,71.6003802995884
1.6584999999998729,125.5473861694336,125.66370391845703,0.30380402843602805,68.41698060614662,61.020945780815524
1.6589999999998728,125.54098510742188,125.66370391845703,0.29841945932391434,63.896801234357504,57.07871461801675
1.6594999999998727,125.53520202636719,125.66370391845703,0.29234170446545765,65.36730823006776,58.63303176106545
1.6599999999998727,125.53179168701172,125.66370391845703,0.2881830143213565,71.85309214170037,64.60899872160631
1.6604999999998726,125.53213500976562,125.66370391845703,0.28809975312037567,82.39180429426796,74.0007777168364
1.6609999999998726,125.53719329833984,125.66370391845703,0.29350401639900847,95.5988281965044,85.86872029771894
1.6614999999998725,125.54633331298828,125.66370391845703,0.3020968031086836,105.53652657671005,96.10382611972283
1.6619999999998725,125.54826354980469,125.66370391845703,0.3052252674920852,86.5700433717027,78.0196433723934
1.6624999999998724,125.54602813720703,125.66370391845703,0.3037489394538058,75.26584650415221,67.54789104494174
1.6629999999998724,125.54220581054688,125.66370391845703,0.2991801894732468,70.79625685262911,63.57711477727571
1.6634999999998723,125.5389633178711,125.66370391845703,0.29409471162178613,72.23234485157828,65.00991552862769
1.6639999999998722,125.53802490234375,125.66370391845703,0.29102841957422126,78.62653282625942,70.80288209765784
1.6644999999998722,125.54073333740234,125.66370391845703,0.2920469221378169,89.03692827431739,79.97307640488627
1.6649999999998721,125.54808044433594,125.66370391845703,0.29846692575656375,102.15062912455551,91.59742954595062
1.665499999999872,125.55963134765625,125.66370391845703,0.30833828743859404,112.36378045890915,102.18245444748773
1.665999999999872,125.56391143798828,125.66370391845703,0.3117457566040898,93.2600211600111,83.93980225512632
1.666499999999872,125.56389617919922,125.66370391845703,0.3107699037967121,81.6377310070687,73.13268647457431
1.666999999999872,125.56211853027344,125.66370391845703,0.30678956747901476,76.72573785988904,68.707583700446
1.6674999999998719,125.56069946289062,125.66370391845703,0.30227275100781026,77.63756153445823,69.61029033593266
1.6679999999998718,125.56135559082031,125.66370391845703,0.2996555357910752,83.45815325968546,74.82980411445229
1.6684999999998718,125.5654296875,125.66370391845703,0.30092038978002805,93.27092090439427,83.40765028651644
1.6689999999998717,125.57389068603516,125.66370391845703,0.3073407899437813,105.860388336147,94.43924736697163
1.6694999999998716,125.5865707397461,125.66370391845703,0.31752133757654066,116.1383198053149,105.04666874107104
1.6699999999998716,125.59178924560547,125.66370391845703,0.3214941527965641,96.50924348108556,86.29137035475217
1.6704999999998715,125.59244537353516,125.66370391845703,0.32086924766290525,84.20338917681543,74.84910240124512
1.6709999999998715,125.59105682373047,125.66370391845703,0.31699645948664296,78.51122909158337,69.71951280368755
1.6714999999998714,125.58973693847656,125.66370391845703,0.31229810239243705,78.59282383198826,69.88842908159832
1.6719999999998714,125.5902099609375,125.66370391845703,0.3091690708037053,83.56943455636203,74.37537595531583
1.6724999999998713,125.59381103515625,125.66370391845703,0.3095853832877741,92.55314789911768,82.24527265123211
1.6729999999998713,125.6015396118164,125.66370391845703,0.314871010177746,104.44752969618088,92.61149455284607
1.6734999999998712,125.61347961425781,125.66370391845703,0.3243337296653421,114.92756144056295,103.2144604479912
1.6739999999998711,125.61772918701172,125.66370391845703,0.32916708946590423,94.6950270487549,83.89273041455952
1.674499999999871,125.61717224121094,125.66370391845703,0.3287595136454389,81.66487311104406,71.82158937586213
1.674999999999871,125.61431884765625,125.66370391845703,0.3245647224838564,75.19236610511162,66.04825722448491
1.675499999999871,125.61128234863281,125.66370391845703,0.3190587278552452,74.48592046562047,65.59425012074213
1.675999999999871,125.60980987548828,125.66370391845703,0.31468292999830766,78.70414108110477,69.50616874148585
1.6764999999998709,125.61126708984375,125.66370391845703,0.313492631913787,86.98808524662493,76.86942401562062
1.6769999999998708,125.6166763305664,125.66370391845703,0.31694070992425677,98.36415347426097,86.81271759771977
1.6774999999998708,125.62641906738281,125.66370391845703,0.3250779036458831,109.45218120180165,97.69911294771275
1.6779999999998707,125.62835693359375,125.66370391845703,0.3309062962609344,88.89357689100247,78.09363243039556
1.6784999999998707,125.6253662109375,125.66370391845703,0.3306369225992209,75.4476837042213,65.70834375405333
1.6789999999998706,125.61995697021484,125.66370391845703,0.3259174108030468,68.53415093871224,59.63481912256155
1.6794999999998705,125.61427307128906,125.66370391845703,0.3193559123931219,67.40848581464185,58.927274805724345
1.6799999999998705,125.61006927490234,125.66370391845703,0.3135094613347807,71.26454437438719,62.65635303760976
1.6804999999998704,125.6087646484375,125.66370391845703,0.31057121446001273,79.26957153452534,69.92487580380836
1.6809999999998704,125.61141204833984,125.66370391845703,0.3121637720583456,90.55925888611581,79.87370894430177
1.6814999999998703,125.61868286132812,125.66370391845703,0.3190377508675928,103.47269208791057,91.49070362925185
1.6819999999998703,125.6292724609375,125.66370391845703,0.32771823370985403,111.275077103965,99.8316548751528
1.6824999999998702,125.6323013305664,125.66370391845703,0.33031492575058086,91.37132385412994,80.82877025520652
1.6829999999998702,125.63080596923828,125.66370391845703,0.3286325786342368,79.15439981897595,69.4741437146109
1.68349999999987,125.62737274169922,125.66370391845703,0.3241255782404674,73.72526572056955,64.59278728265858
1.68399999999987,125.62411499023438,125.66370391845703,0.31914558783693325,74.10868623122515,65.04524463959834
1.68449999999987,125.62274169921875,125.66370391845703,0.31596937458095786,79.32930303150107,69.76236129175624
1.68499999999987,125.62454223632812,125.66370391845703,0.31644051917559934,88.43094786512742,77.74720891078313
1.6854999999998699,125.63044738769531,125.66370391845703,0.32175887656346314,99.90935589509063,88.0714814082707
1.6859999999998698,125.63945770263672,125.66370391845703,0.3291357649485895,107.3401162388394,95.8715861373908
1.6864999999998698,125.64053344726562,125.66370391845703,0.33219695274318356,86.45089343004291,75.94315109467314
1.6869999999998697,125.63679504394531,125.66370391845703,0.33034695459184465,73.34771157442202,63.82148842264851
1.6874999999998697,125.630859375,125.66370391845703,0.3250846847140076,67.15162156917658,58.331002228396386
1.6879999999998696,125.62493133544922,125.66370391845703,0.31884390145071684,66.90051803352095,58.330195453339016
1.6884999999998695,125.62076568603516,125.66370391845703,0.31401434542503315,71.62817973702865,62.747236118305445
1.6889999999998695,125.61971282958984,125.66370391845703,0.3125945543094506,80.3845115844619,70.58211782873272
1.6894999999998694,125.62277221679688,125.66370391845703,0.31597095601976255,91.7984525307575,80.9030176021335
1.6899999999998694,125.62923431396484,125.66370391845703,0.32217799413806786,100.28995866803002,89.45323727499678
1.6904999999998693,125.6278305053711,125.66370391845703,0.3260445447880653,79.55143003555939,69.70694105045477
1.6909999999998693,125.62167358398438,125.66370391845703,0.3242394823931272,66.54663147489222,57.75084848304453
1.6914999999998692,125.61341094970703,125.66370391845703,0.3184568624116978,60.45171934927411,52.448817317921545
1.6919999999998692,125.60523986816406,125.66370391845703,0.31130180865828616,60.34330124510437,52.6871625794369
1.692499999999869,125.59895324707031,125.66370391845703,0.30532920253689044,65.28221597781646,57.41309931593348
1.692999999999869,125.59593963623047,125.66370391845703,0.30271211737271014,74.33657897927067,65.63900686702384
1.693499999999869,125.59722900390625,125.66370391845703,0.3050080020977656,86.25051263678063,76.44028557318799
1.693999999999869,125.6023941040039,125.66370391845703,0.310881910583082,96.13203199309363,86.17731646601473
1.6944999999998689,125.5999526977539,125.66370391845703,0.31532680397739304,76.04758384827475,67.07865349815472
1.6949999999998688,125.59297943115234,125.66370391845703,0.31371151008748716,63.604310515917525,55.67843621844209
1.6954999999998688,125.58409881591797,125.66370391845703,0.30785478099405367,58.03207936465463,50.88903876578545
1.6959999999998687,125.57551574707031,125.66370391845703,0.30050226950903725,58.444916619544564,51.63106231672438
1.6964999999998687,125.56902313232422,125.66370391845703,0.29434879874250824,63.928953240941915,56.87511985770277
1.6969999999998686,125.56602478027344,125.66370391845703,0.29169743546373433,73.56857477247308,65.64890801079642
1.6974999999998686,125.56755828857422,125.66370391845703,0.29420045969097447,86.19264189052701,77.03703931985414
1.6979999999998685,125.5734634399414,125.66370391845703,0.30094544046610594,97.34761251047104,88.01564420618888
1.6984999999998684,125.57206726074219,125.66370391845703,0.3056543195691202,78.05580684303736,69.66926160770218
1.6989999999998684,125.56636047363281,125.66370391845703,0.30442108571658866,66.26698916609995,58.85707966134681
1.6994999999998683,125.55894470214844,125.66370391845703,0.2990501276698422,61.261619914954075,54.547137194263264
1.6999999999998683,125.55198669433594,125.66370391845703,0.292335119107895,62.18951036307223,55.69996348537339
1.7004999999998682,125.5472640991211,125.66370391845703,0.2870247428936481,68.16123442482554,61.31411744082435
1.7009999999998682,125.54618072509766,125.66370391845703,0.2854481323819879,78.27735801150405,70.43646228217742
1.7014999999998681,125.54975891113281,125.66370391845703,0.2892313067628663,91.43877084629572,82.16424678206101
1.701999999999868,125.55809020996094,125.66370391845703,0.29776678735011025,103.43359988186765,94.08472517073845
1.702499999999868,125.5593032836914,125.66370391845703,0.30254753361483366,84.67777560591146,76.22275709170113
1.702999999999868,125.55632019042969,125.66370391845703,0.3018449109839246,73.2463423911606,65.68729607703976
1.703499999999868,125.55167388916016,125.66370391845703,0.29732056793987127,68.4707202085974,61.50653999760701
1.7039999999998678,125.54750061035156,125.66370391845703,0.291701278264393,69.53803683262338,62.68511754938861
1.7044999999998678,125.54554748535156,125.66370391845703,0.28767580082598243,75.58581166328786,68.25358009178687
1.7049999999998677,125.54718780517578,125.66370391845703,0.2874882016798454,85.73409850333337,77.28195583852475
1.7054999999998677,125.5534439086914,125.66370391845703,0.2926532421509112,98.96519616095061,88.88414840702022
1.7059999999998676,125.56462097167969,125.66370391845703,0.3029143404197632,111.2863233292528,101.25429577960477
1.7064999999998676,125.56868743896484,125.66370391845703,0.307826298391864,92.5541094297969,83.3827116933214
1.7069999999998675,125.56846618652344,125.66370391845703,0.30764454536415314,80.95218114004422,72.63675605876671
1.7074999999998675,125.56644439697266,125.66370391845703,0.303859581211275,75.86700330620245,68.10455163817281
1.7079999999998674,125.5647201538086,125.66370391845703,0.29907155820322995,76.52723848532443,68.83552085218899
1.7084999999998673,125.56500244140625,125.66370391845703,0.29585079445727713,82.10215891711634,73.8938288128179
1.7089999999998673,125.56866455078125,125.66370391845703,0.2963274988909746,91.73649411966468,82.3749403607598
1.7094999999998672,125.57671356201172,125.66370391845703,0.3019293219921209,104.51391844731894,93.4120696345751
1.7099999999998672,125.5896987915039,125.66370391845703,0.31290191594111666,116.84526495485025,105.80605554754084
1.7104999999998671,125.59538269042969,125.66370391845703,0.31824699733830447,97.6448299384295,87.46764255605187
1.710999999999867,125.5965347290039,125.66370391845703,0.3184534547439398,85.39732153798319,76.10621939599496
1.711499999999867,125.5956039428711,125.66370391845703,0.3149366703376218,79.54995731810553,70.86517921589945
1.711999999999867,125.59466552734375,125.66370391845703,0.3102136637936658,79.37768219944851,70.83583565429062
1.712499999999867,125.59542846679688,125.66370391845703,0.30677595703160004,84.08616891254191,75.11455193564571
1.7129999999998669,125.59925079345703,125.66370391845703,0.3067052283268474,92.84922618111145,82.82173917773603
1.7134999999998668,125.607177734375,125.66370391845703,0.3114384754039613,104.8307481027467,93.11006287281101
1.7139999999998667,125.6198959350586,125.66370391845703,0.3216427959283057,117.0196701306153,105.16759394142765
1.7144999999998667,125.62508392333984,125.66370391845703,0.32783801192669565,97.21467145555732,86.25512794165272
1.7149999999998666,125.62548065185547,125.66370391845703,0.3283136081825972,84.20890050675914,74.22415405591434
1.7154999999998666,125.62350463867188,125.66370391845703,0.3245771889555236,77.51816077340206,68.27058602895596
1.7159999999998665,125.6212387084961,125.66370391845703,0.319174837286792,76.4693771233778,67.52585933841867
1.7164999999998665,125.62040710449219,125.66370391845703,0.31461408544658653,80.30890809970691,71.11725006409954
1.7169999999998664,125.62238311767578,125.66370391845703,0.3130241598480358,88.24266086672537,78.18902331763441
1.7174999999998664,125.62822723388672,125.66370391845703,0.3159461367139783,99.45990625581203,87.91216453263942
1.7179999999998663,125.63867950439453,125.66370391845703,0.32420016312542316,112.56180380229208,99.48864721677425
1.7184999999998662,125.65274047851562,125.66370391845703,0.3346251509293643,121.04808032724463,108.58125281471303
1.7189999999998662,125.6591796875,125.66370391845703,0.33776776785259377,101.03625277695511,89.43244500870547
1.7194999999998661,125.66093444824219,125.66370391845703,0.3368666212680533,88.43670618220278,77.66279308860038
1.719999999999866,125.66051483154297,125.66370391845703,0.3332129418271575,82.44245822485156,72.19041242929934
1.720499999999866,125.65999603271484,125.66370391845703,0.3290427694403247,82.14658671203009,71.94458585708914
1.720999999999866,125.66105651855469,125.66370391845703,0.3265329037013619,86.62523364605866,75.90707924421287
1.721499999999866,125.66497802734375,125.66370391845703,0.3274458059202471,94.9614385141791,83.11877392986769
1.7219999999998659,125.6727066040039,125.66370391845703,0.33293747733088597,105.80270822683778,92.67934372029794
1.7224999999998658,125.68365478515625,125.66370391845703,0.34101824344493614,113.61284988810554,100.7786384595385
1.7229999999998658,125.68641662597656,125.66370391845703,0.3449972071320479,92.07732432850753,80.20677310018785
1.7234999999998657,125.68401336669922,125.66370391845703,0.3438229533899397,78.06721000172888,67.22878637612799
1.7239999999998656,125.67903900146484,125.66370391845703,0.3389449026512054,70.80536017262418,60.75963160428986
1.7244999999998656,125.67365264892578,125.66370391845703,0.3327380048525541,69.40583100592885,59.72528795246434
1.7249999999998655,125.66961669921875,125.66370391845703,0.3275337412388084,72.9609730097268,63.10473334119086
1.7254999999998655,125.66828918457031,125.66370391845703,0.32530287733887137,80.56617521341309,69.93630441212149
1.7259999999998654,125.67070007324219,125.66370391845703,0.32746455610767394,91.02528269000916,79.3170193701256
1.7264999999998654,125.67658996582031,125.66370391845703,0.3330322733551695,100.81808940163015,88.04794648214
1.7269999999998653,125.6848373413086,125.66370391845703,0.34021459248686764,106.02395015530854,93.9950328419817
1.7274999999998653,125.68531036376953,125.66370391845703,0.3415286305835589,85.53362377281232,74.45959341089282
1.7279999999998652,125.6811752319336,125.66370391845703,0.33874487682865745,73.04910286384505,62.88364587540583
1.7284999999998651,125.67508697509766,125.66370391845703,0.3333807011316332,67.51173824115286,57.941384395707374
1.728999999999865,125.6691665649414,125.66370391845703,0.3277132174764182,67.83435408159188,58.38633427374162
1.729499999999865,125.66511535644531,125.66370391845703,0.3239200776032564,72.9632035792942,63.07465900836113
1.729999999999865,125.6642074584961,125.66370391845703,0.32375493760934804,81.6872269426829,70.95837371956779
1.730499999999865,125.66663360595703,125.66370391845703,0.3271952478323267,90.95139594265169,79.35135077493123
1.7309999999998649,125.67137908935547,125.66370391845703,0.33246768205095595,96.33229618683318,85.182231198581
1.7314999999998648,125.66814422607422,125.66370391845703,0.3342769948094083,75.25876950570402,65.1349842763101
1.7319999999998648,125.66019439697266,125.66370391845703,0.3310976717769042,62.36418874760198,53.277842224107765
1.7324999999998647,125.65026092529297,125.66370391845703,0.32460187243723077,56.601869053766094,48.272554304043844
1.7329999999998646,125.64056396484375,125.66370391845703,0.3172613594838206,56.88969913496583,48.860349523847766
1.7334999999998646,125.63286590576172,125.66370391845703,0.3114771826197149,62.1748056259964,53.88549252915074
1.7339999999998645,125.62850952148438,125.66370391845703,0.30925485545448356,71.33378342697544,62.2884494583575
1.7344999999998645,125.62802124023438,125.66370391845703,0.31128792652102144,81.8846436853588,71.99923840416011
1.7349999999998644,125.63035583496094,125.66370391845703,0.3156417132696258,88.80040874154196,79.094909572668
1.7354999999998644,125.62500762939453,125.66370391845703,0.31798199817499423,68.45723606960696,59.78092348237157
1.7359999999998643,125.615234375,125.66370391845703,0.31476851788933696,56.291058907523784,48.659041138482344
1.7364999999998643,125.60376739501953,125.66370391845703,0.30785467499550634,51.29433321946551,44.421068836036504
1.7369999999998642,125.5928726196289,125.66370391845703,0.2999249792619703,52.40977089851572,45.82749846907328
1.7374999999998642,125.5843276977539,125.66370391845703,0.2936010257819332,58.59879483423619,51.73360856174341
1.737999999999864,125.57950592041016,125.66370391845703,0.29109660910106205,68.80878888083322,61.084812744035396
1.738499999999864,125.57920837402344,125.66370391845703,0.2936337107003251,81.1189502841243,72.43109822903564
1.738999999999864,125.58232879638672,125.66370391845703,0.29881878818742796,89.57448450993598,81.03300209561652
1.739499999999864,125.57817077636719,125.66370391845703,0.3013036139711716,70.31517700774377,62.740047369387995
1.7399999999998639,125.56993865966797,125.66370391845703,0.298449932114053,59.14875944400839,52.512079171504276
1.7404999999998638,125.56034088134766,125.66370391845703,0.2921022224495508,55.10423723460717,49.085550926140016
1.7409999999998638,125.5516128540039,125.66370391845703,0.2850360401428991,57.14794825810462,51.25140944821972
1.7414999999998637,125.5455322265625,125.66370391845703,0.2799745500822636,64.25498189099012,57.884627384720964
1.7419999999998637,125.54344940185547,125.66370391845703,0.2791809070601427,75.42585660902,67.94254946380626
1.7424999999998636,125.54635620117188,125.66370391845703,0.2841429894516592,89.14003630340322,80.45867399489556
1.7429999999998635,125.55313873291016,125.66370391845703,0.29174417205648595,98.55948386286714,90.20975729936853
1.7434999999998635,125.55291748046875,125.66370391845703,0.2940691108330545,80.0888247624841,72.61569579316296
1.7439999999998634,125.54882049560547,125.66370391845703,0.29192124140784415,69.55053490793509,62.86948418303575
1.7444999999998634,125.5434799194336,125.66370391845703,0.2869135980545271,66.01181387588893,59.7632098810781
1.7449999999998633,125.5390853881836,125.66370391845703,0.2817139747957493,68.4658356107556,62.12769289338336
1.7454999999998633,125.5373764038086,125.66370391845703,0.2789409002426859,75.90576462048779,68.86598555065791
1.7459999999998632,125.53968811035156,125.66370391845703,0.28069405726169977,87.34413825803422,78.95509422784049
1.7464999999998632,125.54696655273438,125.66370391845703,0.2882394856756915,101.27589515466197,91.442059858638
1.746999999999863,125.55833435058594,125.66370391845703,0.2984129840033063,110.97259511140481,101.71626907173635
1.747499999999863,125.56270599365234,125.66370391845703,0.30065528683666937,92.60799354176469,84.16585130326317
1.747999999999863,125.56311798095703,125.66370391845703,0.2992604454153868,81.95824993841526,74.21586577870072
1.748499999999863,125.56214141845703,125.66370391845703,0.2955389454830871,78.14074975693433,70.72211382228319
1.7489999999998629,125.56189727783203,125.66370391845703,0.2919233818520931,80.18661047326802,72.56282712972856
1.7494999999998628,125.5640869140625,125.66370391845703,0.2908048553621521,87.11805769947235,78.67652764774768
1.7499999999998628,125.57001495361328,125.66370391845703,0.2940582658949963,97.97045116062016,88.067045291235
1.7504999999998627,125.58061218261719,125.66370391845703,0.3027708318657459,111.29618707320002,99.80190187124923
1.7509999999998627,125.59521484375,125.66370391845703,0.3141463921873598,120.66959428770892,109.8823856885317
1.7514999999998626,125.60254669189453,125.66370391845703,0.31670436971277105,101.59256136925906,91.61755052898289
1.7519999999998626,125.60556030273438,125.66370391845703,0.3158002427575499,90.03096841996992,80.776187088184
1.7524999999998625,125.60677337646484,125.66370391845703,0.3125677612960478,85.16191631504262,76.27237558484352
1.7529999999998624,125.6082992553711,125.66370391845703,0.30926148956650684,86.06269095481086,77.02873383509353
1.7534999999998624,125.61180114746094,125.66370391845703,0.3081138834128488,91.7926394113502,82.01821546640878
1.7539999999998623,125.61859130859375,125.66370391845703,0.31089869434639755,101.4176255976423,90.271772385442
1.7544999999998623,125.62959289550781,125.66370391845703,0.31869698780125144,113.60324723085343,100.87849485490366
1.7549999999998622,125.6444091796875,125.66370391845703,0.3294626004669725,122.60299695666158,110.45228581671385
1.7554999999998622,125.6515121459961,125.66370391845703,0.3328834008734265,102.38965943296192,91.10295537423666
1.7559999999998621,125.65384674072266,125.66370391845703,0.33219847876435904,89.55227047319468,79.11040574986725
1.756499999999862,125.65392303466797,125.66370391845703,0.32859900633056627,83.33515741610599,73.43697998689971
1.756999999999862,125.65384674072266,125.66370391845703,0.32433674662932527,82.86699354723591,73.04230520455019
1.757499999999862,125.65531158447266,125.66370391845703,0.32164548438214374,87.2483641655708,76.92846559782053
1.757999999999862,125.6596450805664,125.66370391845703,0.3223590859918928,95.57862266734135,84.14947023858159
1.7584999999998618,125.6678237915039,125.66370391845703,0.3277010406956215,106.6714968762692,93.8127024233326
1.7589999999998618,125.67971801757812,125.66370391845703,0.3365418348298198,115.83194218915747,103.14937308928867
1.7594999999998617,125.6835708618164,125.66370391845703,0.3412106978008876,94.69081599418519,82.94774945452616
1.7599999999998617,125.68231964111328,125.66370391845703,0.3405869360204435,80.8523568610484,70.12432662802198
1.7604999999998616,125.67850494384766,125.66370391845703,0.3361137594485961,73.63030499367055,63.68121347720885
1.7609999999998616,125.67427062988281,125.66370391845703,0.3301990102252321,72.20479217892297,62.60787394737894
1.7614999999998615,125.67135620117188,125.66370391845703,0.32521234458938586,75.7161660464056,65.92911312289534
1.7619999999998615,125.671142578125,125.66370391845703,0.32316134371191735,83.29443752096871,72.71602677156342
1.7624999999998614,125.67465209960938,125.66370391845703,0.32549722889870863,93.89766235920492,82.08849089425547
1.7629999999998613,125.68206787109375,125.66370391845703,0.3319830217492352,104.8908044021222,91.90063501603775
1.7634999999998613,125.69216918945312,125.66370391845703,0.34003153114784,110.97889226756992,98.67182948090542
1.7639999999998612,125.69446563720703,125.66370391845703,0.342012977967778,90.41919399633207,79.04231578480848
1.7644999999998612,125.69205474853516,125.66370391845703,0.33985410356493917,77.6951213025222,67.2146863395066
1.7649999999998611,125.68754577636719,125.66370391845703,0.3350006972853388,71.8261980180421,61.936801940217244
1.765499999999861,125.68307495117188,125.66370391845703,0.32971415770516477,71.78121799469724,62.01499421357441
1.765999999999861,125.6803207397461,125.66370391845703,0.32617161370556247,76.54691941122692,66.34305493550465
1.766499999999861,125.68057250976562,125.66370391845703,0.3261357032548276,85.05884943817814,73.89953606773834
1.766999999999861,125.68446350097656,125.66370391845703,0.33028702731067533,95.1715596389425,83.05548668303132
1.7674999999998608,125.69087982177734,125.66370391845703,0.3361886099467424,101.14235820133649,89.3967782998164
1.7679999999998608,125.68916320800781,125.66370391845703,0.33877974584127934,79.67514646609246,68.9455536319287
1.7684999999998607,125.68251037597656,125.66370391845703,0.3362302447195726,66.2168808928466,56.54334269750518
1.7689999999998607,125.67362213134766,125.66370391845703,0.3301475442968315,59.80214595711237,50.92481768648891
1.7694999999998606,125.66471862792969,125.66370391845703,0.3229775854644198,59.40779298310288,50.88395617834928
1.7699999999998606,125.65757751464844,125.66370391845703,0.31710781853452646,64.02458129098994,55.30322923461754
1.7704999999998605,125.653564453125,125.66370391845703,0.3145496906126849,72.66672414016813,63.15060599233363
1.7709999999998605,125.65363311767578,125.66370391845703,0.3166933376709585,83.80743569456509,73.41782388390376
1.7714999999998604,125.65665435791016,125.66370391845703,0.32113829501495933,91.19925451799269,80.8349011084442
1.7719999999998604,125.65174865722656,125.66370391845703,0.3244303365237111,70.24811625504901,60.92706103757253
1.7724999999998603,125.64215087890625,125.66370391845703,0.32176661795695216,57.31987041380608,49.10519416973135
1.7729999999998602,125.63056945800781,125.66370391845703,0.3149873138374421,51.49156315136758,44.13134856381528
1.7734999999998602,125.6192626953125,125.66370391845703,0.3067733897397458,51.76764138137218,44.81702922074006
1.7739999999998601,125.61004638671875,125.66370391845703,0.2997503856765227,57.1556578577399,50.05468944735829
1.77449999999986,125.60431671142578,125.66370391845703,0.296170810151427,66.68408516944186,58.81662709815839
1.77499999999986,125.60309600830078,125.66370391845703,0.2976689361832859,78.9716260205217,70.14909992237409
1.77549999999986,125.60550689697266,125.66370391845703,0.3022656695457154,88.19868073704878,79.26433553585503
1.77599999999986,125.6004638671875,125.66370391845703,0.3058887629657219,68.46909486734944,60.53657488275907
1.7764999999998599,125.59114074707031,125.66370391845703,0.30344709000129766,56.672139715835236,49.770650933480255
1.7769999999998598,125.5802230834961,125.66370391845703,0.2968749100271722,51.930331855190055,45.777743660117665
1.7774999999998597,125.56995391845703,125.66370391845703,0.2890124184985018,53.27823651779126,47.40318317576368
1.7779999999998597,125.56214904785156,125.66370391845703,0.28265289921897513,59.74164393600777,53.56146788286072
1.7784999999998596,125.55818939208984,125.66370391845703,0.28017972339572145,70.35859188088699,63.238314534614624
1.7789999999998596,125.55911254882812,125.66370391845703,0.2832668277677202,83.79437933385131,75.48703487664513
1.7794999999998595,125.56427001953125,125.66370391845703,0.2900061425432345,94.4246445012606,86.1302618435743
1.7799999999998595,125.56239318847656,125.66370391845703,0.29354556379749175,75.84763978659588,68.46671625257324
1.7804999999998594,125.55655670166016,125.66370391845703,0.2917222778003163,65.03087961109031,58.529828969100656
1.7809999999998594,125.54940032958984,125.66370391845703,0.28632413881464697,61.14094524525134,55.19220132752922
1.7814999999998593,125.54309844970703,125.66370391845703,0.2801671264368,63.24313112682898,57.34309681191405
1.7819999999998593,125.53942108154297,125.66370391845703,0.2760246015880632,70.38338918517329,63.92766824195618
1.7824999999998592,125.53973388671875,125.66370391845703,0.27618966715971,81.61246448239771,73.95271101045066
1.7829999999998591,125.5450439453125,125.66370391845703,0.2821477511280603,95.62582861072279,86.48562730707927
1.783499999999859,125.55491638183594,125.66370391845703,0.2919409070270266,106.80936710866045,97.95649168272404
1.783999999999859,125.55789947509766,125.66370391845703,0.2952572629933576,88.69877776848665,80.67790897723854
1.784499999999859,125.55697631835938,125.66370391845703,0.2942208684250823,78.12499904840475,70.85500839194992
1.784999999999859,125.5546875,125.66370391845703,0.2903013955549071,74.30252559295138,67.42629162801101
1.7854999999998589,125.55316162109375,125.66370391845703,0.2860973911692512,76.33248174264827,69.32977695471506
1.7859999999998588,125.55410766601562,125.66370391845703,0.28416844617525316,83.28747777510277,75.54660554205356
1.7864999999998588,125.5588607788086,125.66370391845703,0.28656324893201657,94.23853058348458,85.11038201055626
1.7869999999998587,125.56838989257812,125.66370391845703,0.2945248866210783,107.93838068039555,97.10860232039896
1.7874999999998586,125.58248138427734,125.66370391845703,0.30633404221575683,118.90000687462653,108.57578357568273
1.7879999999998586,125.58949279785156,125.66370391845703,0.30972779692829594,100.33889358894331,90.81935078160474
1.7884999999998585,125.59232330322266,125.66370391845703,0.30928510658610514,89.09240143103959,80.29890109636196
1.7889999999998585,125.59344482421875,125.66370391845703,0.3062148018366456,84.43165249323904,76.01479612466204
1.7894999999998584,125.59493255615234,125.66370391845703,0.30288005024728964,85.50169625547004,76.9520526218473
1.7899999999998584,125.5984878540039,125.66370391845703,0.30162251064190104,91.41032612613242,82.1281247211155
1.7904999999998583,125.60541534423828,125.66370391845703,0.3043151377230441,101.25746968321867,90.60508151414204
1.7909999999998583,125.61666870117188,125.66370391845703,0.31211364709155476,113.89877320814776,101.49304422156933
1.7914999999998582,125.63227081298828,125.66370391845703,0.3239139351762868,124.3632118099179,112.4328081408636
1.7919999999998582,125.640380859375,125.66370391845703,0.3279777030180918,104.70114736720686,93.6097178111162
1.792499999999858,125.64383697509766,125.66370391845703,0.3278376605219437,92.18299242667396,81.91255136217742
1.792999999999858,125.64508819580078,125.66370391845703,0.32467559784173844,86.1455338021715,76.39366553953884
1.793499999999858,125.6462173461914,125.66370391845703,0.3207787251813924,85.78461883325897,76.0782248547565
1.793999999999858,125.64891815185547,125.66370391845703,0.31842131777063065,90.2493238299518,80.01551175324981
1.7944999999998579,125.65451049804688,125.66370391845703,0.31947119808521623,98.67368351354253,87.2931347419594
1.7949999999998578,125.66397094726562,125.66370391845703,0.32517358038382543,110.04697108525785,97.04184007401196
1.7954999999998578,125.67760467529297,125.66370391845703,0.3352367546476202,120.38683027555605,107.51654909776082
1.7959999999998577,125.68331909179688,125.66370391845703,0.34050105679804604,99.59292206131394,87.63227864009511
1.7964999999998577,125.6839599609375,125.66370391845703,0.34047818236753763,85.84476860529439,74.87273357007341
1.7969999999998576,125.68199157714844,125.66370391845703,0.3365589166460817,78.54943820886345,68.33212114098284
1.7974999999998575,125.67952728271484,125.66370391845703,0.3311393115500895,76.95572973249571,67.0676342551344
1.7979999999998575,125.67829132080078,125.66370391845703,0.3265838495364156,80.25462343681751,70.15366477343936
1.7984999999998574,125.67965698242188,125.66370391845703,0.3248951030936062,87.61346488151226,76.69745955140868
1.7989999999998574,125.68466186523438,125.66370391845703,0.3275215439123332,98.151896127174,85.84493191827819
1.7994999999998573,125.69389343261719,125.66370391845703,0.33499664666427365,110.07858698043572,96.47466384212244
1.7999999999998573,125.70603942871094,125.66370391845703,0.3438987216486058,116.76048497856348,103.80988230415458
1.8004999999998572,125.71025085449219,125.66370391845703,0.3465027161234963,95.90827261736868,83.87424105660332
1.8009999999998572,125.7095718383789,125.66370391845703,0.3449168826944397,82.71206965095858,71.58128623880471
1.801499999999857,125.70657348632812,125.66370391845703,0.34050064838623906,76.27061139595638,65.75239100500977
1.801999999999857,125.70337677001953,125.66370391845703,0.3354760271856301,75.61032506669032,65.24723877911013
1.802499999999857,125.70167541503906,125.66370391845703,0.3319980264303972,79.76061441470725,68.99840349397275
1.802999999999857,125.70276641845703,125.66370391845703,0.33182601882067436,87.77219768859204,76.01249490615758
1.8034999999998569,125.70757293701172,125.66370391845703,0.3361409713792511,98.14516647768147,85.36597761940685
1.8039999999998568,125.71504974365234,125.66370391845703,0.3423401780757499,104.62506115631278,92.08974726968084
1.8044999999998568,125.71418762207031,125.66370391845703,0.345798621606081,82.63393559804919,71.12099130275517
1.8049999999998567,125.7081298828125,125.66370391845703,0.343800986922405,68.47129980088378,58.06395362818279
1.8054999999998567,125.6995620727539,125.66370391845703,0.337935986229177,61.25852299877777,51.72777278384618
1.8059999999998566,125.69068145751953,125.66370391845703,0.33064083465316524,60.03611105825055,50.9608843137687
1.8064999999998566,125.68328857421875,125.66370391845703,0.3242988912346576,63.842626508323434,54.68579765975962
1.8069999999998565,125.67877197265625,125.66370391845703,0.32094112326082,71.73393552856724,61.899787866251714
1.8074999999998564,125.67813873291016,125.66370391845703,0.32205299780549257,82.38110363512959,71.67024591041104
1.8079999999998564,125.68067169189453,125.66370391845703,0.32605209428648857,91.24814724831704,79.6272721542387
1.8084999999998563,125.68538665771484,125.66370391845703,0.3319096602077487,96.01877963327622,85.11982242969448
1.8089999999998563,125.68256378173828,125.66370391845703,0.33247282093099395,76.09404013904235,66.17707665637593
1.8094999999998562,125.67545318603516,125.66370391845703,0.3288256298253465,64.38941912388152,55.388523523718554
1.8099999999998562,125.66673278808594,125.66370391845703,0.3226527650100803,59.75762114399017,51.343999833124364
1.8104999999998561,125.65857696533203,125.66370391845703,0.31633807791340124,61.047281227991064,52.735666503618035
1.810999999999856,125.65265655517578,125.66370391845703,0.31214696588577673,67.1567032497941,58.3748551539721
1.811499999999856,125.6502456665039,125.66370391845703,0.3118935022568717,76.72539346027935,67.18081451439468
1.811999999999856,125.65105438232422,125.66370391845703,0.3148245518291477,85.6532148500329,75.28507359735609
1.812499999999856,125.65419006347656,125.66370391845703,0.31976591732508713,90.91973067060196,81.11186632459248
1.8129999999998558,125.64976501464844,125.66370391845703,0.3205347902960207,70.93394649270957,62.12572730226175
1.8134999999998558,125.64109802246094,125.66370391845703,0.3166904830291465,59.30549165946577,51.4474367236387
1.8139999999998557,125.63092041015625,125.66370391845703,0.30997804565048354,54.89225863550196,47.6602934682154
1.8144999999998557,125.62145233154297,125.66370391845703,0.30292782391642553,56.54241263727974,49.448114451587756
1.8149999999998556,125.61444854736328,125.66370391845703,0.29798543228444724,63.15014002331261,55.612831177221004
1.8154999999998556,125.6112060546875,125.66370391845703,0.2971474116546447,73.4259813520546,65.06367009615954
1.8159999999998555,125.61173248291016,125.66370391845703,0.3001727073242233,83.79616247167107,74.53708401444497
1.8164999999998555,125.61508178710938,125.66370391845703,0.3054805804755581,90.42212265686257,81.63190862250389
1.8169999999998554,125.61117553710938,125.66370391845703,0.3065025794093223,71.23268772620543,63.39798293312854
1.8174999999998553,125.60328674316406,125.66370391845703,0.3029408482541959,60.346733615787834,53.39396237329942
1.8179999999998553,125.59414672851562,125.66370391845703,0.2965661162693636,56.656941077091176,50.2403541587788
1.8184999999998552,125.58596801757812,125.66370391845703,0.2900086120502132,59.033665768358375,52.64585153294047
1.8189999999998552,125.58048248291016,125.66370391845703,0.2858193694170537,66.38399849678999,59.42803179141536
1.8194999999998551,125.57901763916016,125.66370391845703,0.2860595538216289,77.47752733423486,69.50512636167748
1.819999999999855,125.58181762695312,125.66370391845703,0.2907733004712362,89.2660502588944,80.2255491594353
1.820499999999855,125.58787536621094,125.66370391845703,0.2977635691612835,96.88303157256249,88.39888446045363
1.820999999999855,125.58689880371094,125.66370391845703,0.2988392104324436,78.35410827235766,70.75039239715308
1.821499999999855,125.58210754394531,125.66370391845703,0.29590678251481994,68.00383705607526,61.16584787228443
1.8219999999998548,125.57618713378906,125.66370391845703,0.290586101603159,64.76199198437635,58.31446581514385
1.8224999999998548,125.5713119506836,125.66370391845703,0.2854520052947242,67.52430880748415,60.93926295935166
1.8229999999998547,125.56919860839844,125.66370391845703,0.2830003996878406,75.21458233806374,67.88149487153377
1.8234999999998547,125.57115173339844,125.66370391845703,0.285190543973733,86.66410243435006,78.07543982605304
1.8239999999998546,125.57763671875,125.66370391845703,0.2922726582526533,99.32108643074015,89.47725234204317
1.8244999999998546,125.58756256103516,125.66370391845703,0.30129609422792797,107.24031035752814,98.13741466122441
1.8249999999998545,125.59046936035156,125.66370391845703,0.30238144917907916,88.7740742424226,80.49396773807513
1.8254999999998545,125.58948516845703,125.66370391845703,0.30014320256495813,78.32740715012683,70.72954391286487
1.8259999999998544,125.58724975585938,125.66370391845703,0.29594354974483217,74.87158332130458,67.56554715480817
1.8264999999998544,125.58589172363281,125.66370391845703,0.2921741088780186,77.33287676516086,69.78311671550361
1.8269999999998543,125.58710479736328,125.66370391845703,0.2911586302986396,84.65782428417322,76.25142307031079
1.8274999999998542,125.59217071533203,125.66370391845703,0.2946853065621284,95.76210129244626,85.9253281964989
1.8279999999998542,125.60179138183594,125.66370391845703,0.3033314611684596,107.2751655992347,97.36707517837053
1.8284999999998541,125.6038589477539,125.66370391845703,0.30852058793790094,87.39909119502833,78.40775202899789
1.828999999999854,125.60131072998047,125.66370391845703,0.3080567207741992,74.82885824136815,66.80530190152521
1.829499999999854,125.5967025756836,125.66370391845703,0.303432039775646,68.94515673088985,61.62362823583787
1.829999999999854,125.59220123291016,125.66370391845703,0.29730734394900954,68.9714960683434,61.892420937619306
1.830499999999854,125.589599609375,125.66370391845703,0.2923630365550322,74.0730324737608,66.66027635636753
1.8309999999998539,125.59032440185547,125.66370391845703,0.29089695105103375,83.39094084611985,75.01019473365905
1.8314999999998538,125.59544372558594,125.66370391845703,0.2945455791368904,96.06214434931587,86.06511442363508
1.8319999999998537,125.60570526123047,125.66370391845703,0.3041006173959299,109.22907714375775,98.98912567909508
1.8324999999998537,125.60877990722656,125.66370391845703,0.3101901226911533,90.28608610751367,80.93207510232364
1.8329999999998536,125.60743713378906,125.66370391845703,0.3104300545849074,78.25947834427674,69.8414894103326
1.8334999999998536,125.6041259765625,125.66370391845703,0.3064431162612989,72.63884663207183,64.89162143271514
1.8339999999998535,125.60093688964844,125.66370391845703,0.30092373290485663,72.72985017499178,65.19569687837944
1.8344999999998535,125.599609375,125.66370391845703,0.29653419146788923,77.75978966788,69.86519942373609
1.8349999999998534,125.60153198242188,125.66370391845703,0.29552983147922945,86.91696167747662,78.03035348184459
1.8354999999998534,125.60775756835938,125.66370391845703,0.2995048438912406,99.37405549957802,88.84941578934455
1.8359999999998533,125.6190185546875,125.66370391845703,0.30923145176304173,113.68797770738531,101.51267791939235
1.8364999999998532,125.63426971435547,125.66370391845703,0.3210872442460465,122.96051819695275,111.5420089556443
1.8369999999998532,125.642333984375,125.66370391845703,0.323673019948513,104.14454569658359,93.51443011368828
1.8374999999998531,125.6461410522461,125.66370391845703,0.32294215822083355,92.74974712973886,82.80364536992928
1.837999999999853,125.64816284179688,125.66370391845703,0.3200684227383975,87.94373478890063,78.32267630934655
1.838499999999853,125.65045928955078,125.66370391845703,0.31724074808395625,88.79974009644162,78.995549814399
1.838999999999853,125.65465545654297,125.66370391845703,0.3165903193824551,94.37649001320258,83.79842711175628
1.839499999999853,125.66202545166016,125.66370391845703,0.31978559507811805,103.74159570957548,91.76654472255233
1.8399999999998529,125.67345428466797,125.66370391845703,0.3278268228003192,115.46052789729204,101.99404274121959
1.8404999999998528,125.68827819824219,125.66370391845703,0.33814777363498083,123.33785750074911,110.52498134706363
1.8409999999998528,125.6951675415039,125.66370391845703,0.3413057403707279,102.52617377830978,90.59487943691833
1.8414999999998527,125.69709777832031,125.66370391845703,0.3403964566371614,89.18847647124274,78.13018338320434
1.8419999999998526,125.69660949707031,125.66370391845703,0.33660035533617155,82.52286120404986,72.0475766939858
1.8424999999998526,125.69581604003906,125.66370391845703,0.33211186771907464,81.6260116544178,71.27411321978659
1.8429999999998525,125.69641876220703,125.66370391845703,0.32910533303109984,85.57690082045187,74.7894261561552
1.8434999999998525,125.69973754882812,125.66370391845703,0.32937147066134226,93.46080519507831,81.63246662850462
1.8439999999998524,125.70674896240234,125.66370391845703,0.33412004305924986,104.00448513753228,90.90107212492796
1.8444999999998524,125.71707153320312,125.66370391845703,0.34184973198714963,112.20603375494213,99.24465196912503
1.8449999999998523,125.71914672851562,125.66370391845703,0.34636851950624836,90.4891225779794,78.50428915663944
1.8454999999998523,125.71597290039062,125.66370391845703,0.34537517617713304,76.22519327607479,65.31451622691961
1.8459999999998522,125.71014404296875,125.66370391845703,0.34038319611518314,68.67863077466878,58.623147316528936
1.8464999999998521,125.70381927490234,125.66370391845703,0.3338121954961745,66.99451995408575,57.3801506896578
1.846999999999852,125.69876861572266,125.66370391845703,0.32803566898267733,70.28854953238354,60.5821469171627
1.847499999999852,125.69638061523438,125.66370391845703,0.32507767969581886,77.67349532141532,67.28024329970536
1.847999999999852,125.69769287109375,125.66370391845703,0.3264270288525152,88.03465923202614,76.58038209867284
1.848499999999852,125.7026596069336,125.66370391845703,0.3315496967714207,98.25588085090264,85.75034987655627
1.8489999999998519,125.71012115478516,125.66370391845703,0.33841063208514843,103.9533044170731,92.04886826145504
1.8494999999998518,125.70977783203125,125.66370391845703,0.34020570150152807,83.3722297614155,72.43620199561006
1.8499999999998518,125.70480346679688,125.66370391845703,0.3375529796629143,70.75622674424304,60.76553372513413
1.8504999999998517,125.69782257080078,125.66370391845703,0.33203377351439645,65.08236073995694,55.73836767025185
1.8509999999998517,125.69100952148438,125.66370391845703,0.3259889922496148,65.28905557438567,56.12734410262872
1.8514999999998516,125.68604278564453,125.66370391845703,0.32166381194962906,70.34082196314846,60.80181741861442
1.8519999999998515,125.68424224853516,125.66370391845703,0.32088769220960983,79.09758025727744,68.7225709543529
1.8524999999998515,125.68598937988281,125.66370391845703,0.3240393142235717,88.91892499910429,77.66779547593572
1.8529999999998514,125.69023895263672,125.66370391845703,0.3291416242690846,94.88385241480903,83.96229135027049
1.8534999999998514,125.68653869628906,125.66370391845703,0.33139214620980256,73.86120502086372,63.967571280835216
1.8539999999998513,125.67813873291016,125.66370391845703,0.3283873284215199,60.97141984016169,52.13109868320006
1.8544999999998513,125.6677474975586,125.66370391845703,0.321848664907893,55.20191582270694,47.14292927527568
1.8549999999998512,125.65760803222656,125.66370391845703,0.3143046749062156,55.4948671446722,47.76400277849604
1.8554999999998512,125.64949035644531,125.66370391845703,0.3082178191197841,60.814419884478,52.852096756038755
1.855999999999851,125.64476013183594,125.66370391845703,0.30566029723413807,70.09574650085796,61.35655406320434
1.856499999999851,125.64413452148438,125.66370391845703,0.3076773924058154,81.27650886022565,71.66699317540966
1.856999999999851,125.64653778076172,125.66370391845703,0.3121240356745119,88.77237933939132,79.26633605748745
1.857499999999851,125.64129638671875,125.66370391845703,0.31482517374924507,68.55238837417684,60.06616885529837
1.8579999999998509,125.63165283203125,125.66370391845703,0.3118407467750853,56.45104724332963,49.00449770977267
1.8584999999998508,125.62034606933594,125.66370391845703,0.3050405627870709,51.493565141753194,44.803414513557925
1.8589999999998508,125.60961151123047,125.66370391845703,0.2971449373165524,52.64610956055566,46.24465168753946
1.8594999999998507,125.60124206542969,125.66370391845703,0.29081819983898916,58.886562863531104,52.19824067005184
1.8599999999998507,125.59663391113281,125.66370391845703,0.2883180420023763,69.21704637826639,61.619507903551394
1.8604999999998506,125.59675598144531,125.66370391845703,0.29119867083289286,82.12518138855032,73.51101858518
1.8609999999998506,125.60047912597656,125.66370391845703,0.29678009734697225,91.05161740188133,82.5544592781215
1.8614999999998505,125.5969467163086,125.66370391845703,0.2995478415591891,71.878534459696,64.33339245781289
1.8619999999998504,125.58934783935547,125.66370391845703,0.29697465815599694,60.72693960462628,54.106423290790275
1.8624999999998504,125.58036804199219,125.66370391845703,0.2908789652534099,56.65815932168673,50.64202624922779
1.8629999999998503,125.57223510742188,125.66370391845703,0.284038464058283,58.66205765740139,52.75393708460655
1.8634999999998503,125.56671905517578,125.66370391845703,0.27918626024879445,65.73060024020732,59.33328901289999
1.8639999999998502,125.56519317626953,125.66370391845703,0.27859463288685593,76.87620696984864,69.34868118347819
1.8644999999998502,125.56864166259766,125.66370391845703,0.28375627079696203,90.63318936955282,81.84112770139292
1.86499999999985,125.57614135742188,125.66370391845703,0.2918609335885148,100.51262596513475,92.02875665453553
1.86549999999985,125.57666015625,125.66370391845703,0.294493713934545,82.10351234777241,74.48532501091721
1.86599999999985,125.57328033447266,125.66370391845703,0.2926524868787792,71.52531437704309,64.69127885461104
1.86649999999985,125.56861877441406,125.66370391845703,0.2879210541593419,67.88373331123748,61.476940508970586
1.86699999999985,125.5648422241211,125.66370391845703,0.2829506123970363,70.20057067176054,63.70093380326768
1.8674999999998498,125.56369018554688,125.66370391845703,0.2803471429366883,77.49019863698199,70.2866042107925
1.8679999999998498,125.56649780273438,125.66370391845703,0.28220256099866636,88.78077987958788,80.22562111542595
1.8684999999998497,125.57421875,125.66370391845703,0.2897849807290287,102.63445782096979,92.57541113567979
1.8689999999998497,125.58615112304688,125.66370391845703,0.30031869234489944,112.67596996389148,103.16156824615251
1.8694999999998496,125.591064453125,125.66370391845703,0.30291230938522645,94.24258135661516,85.54089108993851
1.8699999999998496,125.59194946289062,125.66370391845703,0.3017792128531262,83.42192313128227,75.42963601334537
1.8704999999998495,125.59136199951172,125.66370391845703,0.2982138616235455,79.37151221919133,71.72133238133861
1.8709999999998495,125.59141540527344,125.66370391845703,0.29463472088220255,81.15260317264482,73.3218739093468
1.8714999999998494,125.59379577636719,125.66370391845703,0.2934254518166797,87.81015477025883,79.19023096440546
1.8719999999998493,125.59982299804688,125.66370391845703,0.2964683870266939,98.39664877467611,88.34527040904082
1.8724999999998493,125.61043548583984,125.66370391845703,0.30487810713382785,111.54466769660127,99.86538836554531
1.8729999999998492,125.6251449584961,125.66370391845703,0.3163186567904096,121.22638462444682,110.18236054034747
1.8734999999998492,125.63253021240234,125.66370391845703,0.3193079977288191,101.99614536854031,91.7719508214863
1.8739999999998491,125.63550567626953,125.66370391845703,0.31861039358961113,90.18774175673492,80.71149640666505
1.874499999999849,125.63658905029297,125.66370391845703,0.31538191284245015,85.01942409105378,75.95091148821051
1.874999999999849,125.63786315917969,125.66370391845703,0.3118903927920887,85.59944665086314,76.43914851131916
1.875499999999849,125.64102172851562,125.66370391845703,0.3103859909356373,91.01065878016388,81.16877632153822
1.875999999999849,125.64736938476562,125.66370391845703,0.3126756918990909,100.33671309546106,89.18520283021394
1.8764999999998488,125.65785217285156,125.66370391845703,0.31989211319567945,112.33005957794568,99.58801827526574
1.8769999999998488,125.67223358154297,125.66370391845703,0.3304666031255771,121.70569218879287,109.41751380349075
1.8774999999998487,125.67887115478516,125.66370391845703,0.3343906034007382,101.35494485676085,89.94230241208301
1.8779999999998487,125.6806640625,125.66370391845703,0.3338838032469534,88.2974952431765,77.76639571386112
1.8784999999998486,125.68011474609375,125.66370391845703,0.33019645582848084,81.81901496469747,71.88610206786475
1.8789999999998486,125.67932891845703,125.66370391845703,0.32562154253065867,81.07915780891238,71.28596065828862
1.8794999999998485,125.68001556396484,125.66370391845703,0.32243289495809896,85.20187149462885,74.98650182965028
1.8799999999998485,125.68350982666016,125.66370391845703,0.32251539937525586,93.30400098157611,82.0552156621386
1.8804999999998484,125.69080352783203,125.66370391845703,0.32715698712069946,104.28230665363145,91.60909806412454
1.8809999999998483,125.70195770263672,125.66370391845703,0.33567663442128703,113.94875941963387,101.30309502413773
1.8814999999998483,125.7050552368164,125.66370391845703,0.34086605748181653,92.78057610007464,81.08427843916085
1.8819999999998482,125.70303344726562,125.66370391845703,0.34041067655154705,78.83955194274961,68.19150341612183
1.8824999999998482,125.69841003417969,125.66370391845703,0.33583149221957215,71.47991438768032,61.65994283073632
1.8829999999998481,125.6933364868164,125.66370391845703,0.32959258497384136,69.9119298148293,60.50315835531896
1.883499999999848,125.6895523071289,125.66370391845703,0.3241149795442195,73.2983434891573,63.76356405957682
1.883999999999848,125.68846130371094,125.66370391845703,0.32146451231860007,80.78559141419352,70.5248979684909
1.884499999999848,125.69110107421875,125.66370391845703,0.3231599278757208,91.40307980506398,79.91578717337818
1.884999999999848,125.69783782958984,125.66370391845703,0.3293622069960946,102.88317581171808,90.21133287277272
1.8854999999998479,125.70742797851562,125.66370391845703,0.3372458125275892,109.48468513127855,97.38585287511032
1.8859999999998478,125.70922088623047,125.66370391845703,0.33960522953358296,88.9525351675398,77.78959878987563
1.8864999999998477,125.70630645751953,125.66370391845703,0.33757478024445375,76.21378422543764,65.9673552753262
1.8869999999998477,125.70130157470703,125.66370391845703,0.33264794209894455,70.3195184019629,60.692933885926784
1.8874999999998476,125.69633483886719,125.66370391845703,0.32713952449095274,70.26116242589691,60.79081110966558
1.8879999999998476,125.69310760498047,125.66370391845703,0.3232834664549718,75.04143882244286,65.16734031047123
1.8884999999998475,125.69292449951172,125.66370391845703,0.3229022003434431,83.65752181838626,72.80940914261743
1.8889999999998475,125.69659423828125,125.66370391845703,0.3270202144698536,94.3330239459432,82.50485281362438
1.8894999999998474,125.70297241210938,125.66370391845703,0.3329718670468195,100.83477387332944,89.30137344970927
1.8899999999998474,125.70124816894531,125.66370391845703,0.33588381067069495,79.47677104119587,68.95355212727864
1.8904999999998473,125.69461822509766,125.66370391845703,0.3335164781729819,66.0761441355999,56.60923209493026
1.8909999999998472,125.68577575683594,125.66370391845703,0.327497166871732,59.69751444848566,51.030338510903064
1.8914999999998472,125.67692565917969,125.66370391845703,0.3203060735410265,59.339323455165314,51.029978659107144
1.8919999999998471,125.66986846923828,125.66370391845703,0.3143702077104918,64.00751540123106,55.50392811437619
1.892499999999847,125.66595458984375,125.66370391845703,0.3117419855969409,72.73227963657064,63.42907709245672
1.892999999999847,125.66619873046875,125.66370391845703,0.3138827035941968,84.08239913736796,73.85730045998928
1.893499999999847,125.66959381103516,125.66370391845703,0.3185878439672842,92.05101966354025,81.80019390951693
1.893999999999847,125.66514587402344,125.66370391845703,0.3221821539082334,71.2800020192344,62.05910957814756
1.8944999999998469,125.65602111816406,125.66370391845703,0.3197675316413119,58.44992733749653,50.322152729575336
1.8949999999998468,125.64493560791016,125.66370391845703,0.31318859429184404,52.671682804010715,45.38491588233688
1.8954999999998468,125.6341323852539,125.66370391845703,0.30514329104303917,52.97450461324979,46.0829874847301
1.8959999999998467,125.62541198730469,125.66370391845703,0.29827699364471283,58.38380307418123,51.32604786630813
1.8964999999998466,125.62019348144531,125.66370391845703,0.2948599504946191,67.94069104344727,60.09850528042615
1.8969999999998466,125.61949157714844,125.66370391845703,0.2965382228768483,80.3101143270866,71.45481656088165
1.8974999999998465,125.62258911132812,125.66370391845703,0.3015674406022764,90.00539104973029,81.01194190617652
1.8979999999998465,125.61827850341797,125.66370391845703,0.30547605259259825,70.38065613336826,62.37523890207963
1.8984999999998464,125.60967254638672,125.66370391845703,0.3033247356440018,58.59357934311468,51.60609877158757
1.8989999999998464,125.5994644165039,125.66370391845703,0.2970289426609846,53.80182086301758,47.55120832774225
1.8994999999998463,125.58985900878906,125.66370391845703,0.28942160537897815,55.066108694319624,49.081706277186846
1.8999999999998463,125.58267211914062,125.66370391845703,0.283290379458846,61.43155498085447,55.13092706049595
1.9004999999998462,125.57928466796875,125.66370391845703,0.28101160323358376,71.95036951232778,64.69818764160524
1.9009999999998461,125.58074188232422,125.66370391845703,0.28425314012253955,85.33837509546484,76.84642218591543
1.901499999999846,125.58655548095703,125.66370391845703,0.2913895567886274,96.30250647460268,87.79829347915788
1.901999999999846,125.5853271484375,125.66370391845703,0.2952350002826355,77.69663094201029,70.09999038361133
1.902499999999846,125.58008575439453,125.66370391845703,0.2936851219006079,66.75456553874022,60.03920697479453
1.902999999999846,125.57345581054688,125.66370391845703,0.28850439743745715,62.679084149098024,56.52360402873227
1.9034999999998459,125.56759643554688,125.66370391845703,0.28248786173574575,64.56275330609546,58.46816934683972
1.9039999999998458,125.56427764892578,125.66370391845703,0.2783904504241037,71.47211030102076,64.8371108928589
1.9044999999998458,125.56485748291016,125.66370391845703,0.2784956763335708,82.47341806944817,74.651246227184
1.9049999999998457,125.57035827636719,125.66370391845703,0.28429726536612177,96.32475873611196,86.98816096731815
1.9054999999998457,125.58050537109375,125.66370391845703,0.29421870265374894,107.77430396886677,98.67239830190833
1.9059999999998456,125.5837173461914,125.66370391845703,0.29790592279615646,89.5305277476591,81.26586082076184
1.9064999999998455,125.58293914794922,125.66370391845703,0.29707694145923025,78.73388466047442,71.24135836540964
1.9069999999998455,125.58070373535156,125.66370391845703,0.2932068821702991,74.63616659525536,67.570812699041
1.9074999999998454,125.5791244506836,125.66370391845703,0.2888906099594636,76.36671866062915,69.21686680134697
1.9079999999998454,125.57991790771484,125.66370391845703,0.28668910241484874,83.01967340888271,75.17905881966587
1.9084999999998453,125.58441925048828,125.66370391845703,0.28867073469562615,93.68243972153034,84.50464263240923
1.9089999999998453,125.59361267089844,125.66370391845703,0.29612251542327994,107.18226908199136,96.29110221412577
1.9094999999998452,125.6074447631836,125.66370391845703,0.3077746780003609,118.44347755600414,107.96244692703712
1.9099999999998452,125.6141586303711,125.66370391845703,0.31161230599002887,99.73372232073294,90.0695075171502
1.910499999999845,125.6166000366211,125.66370391845703,0.31132336012013717,88.25967645953227,79.35581141145282
1.910999999999845,125.61724853515625,125.66370391845703,0.30816372179054885,83.33025133061321,74.85324185901483
1.911499999999845,125.6181869506836,125.66370391845703,0.30452749903249254,84.11898873341353,75.57001268781329
1.911999999999845,125.62110137939453,125.66370391845703,0.3027899247542677,89.75533484493867,80.54085699740598
1.9124999999998449,125.6273193359375,125.66370391845703,0.3048728857721161,99.35558524566784,88.84061591211182
1.9129999999998448,125.63780212402344,125.66370391845703,0.31199739009679084,111.85434112421169,99.58863311592198
1.9134999999998448,125.65275573730469,125.66370391845703,0.3235102752317676,122.73103513279793,110.81140947682854
1.9139999999998447,125.66019439697266,125.66370391845703,0.32805022971344033,103.00449756577305,91.9355341991355
1.9144999999998447,125.66293334960938,125.66370391845703,0.3280499591555669,90.3516249871467,80.13782440374767
1.9149999999998446,125.6634292602539,125.66370391845703,0.3247631011983934,84.14646069015993,74.50093144401124
1.9154999999998445,125.66375732421875,125.66370391845703,0.32053054541979925,83.61274183043405,74.0721655424004
1.9159999999998445,125.66561126708984,125.66370391845703,0.3176781981450928,87.92044809007564,77.91713460982949
1.9164999999998444,125.67034149169922,125.66370391845703,0.3181335966278117,96.21910154903512,85.13530371443865
1.9169999999998444,125.6789321899414,125.66370391845703,0.32320938563600926,107.57178968846767,94.8657441429787
1.9174999999998443,125.69184875488281,125.66370391845703,0.33302220741463073,118.44969846832267,105.74597801913418
1.9179999999998443,125.69689178466797,125.66370391845703,0.3387313672412104,97.73224766327945,85.94401932775737
1.9184999999998442,125.69686889648438,125.66370391845703,0.3388562681997667,83.9920384290497,73.21474576439132
1.9189999999998442,125.69424438476562,125.66370391845703,0.3348591555056844,76.67197339075948,66.6826662666919
1.919499999999844,125.69112396240234,125.66370391845703,0.32919236007273933,75.04753046835002,65.42698101389297
1.919999999999844,125.68923950195312,125.66370391845703,0.3242729235477299,78.32935239070287,68.53808947369662
1.920499999999844,125.68997955322266,125.66370391845703,0.32215926691515123,85.69902148706608,75.13463894502053
1.920999999999844,125.69439697265625,125.66370391845703,0.3243582118383024,96.32989689591689,84.37034750343547
1.9214999999998439,125.70320892333984,125.66370391845703,0.33170239373129506,108.71462251903507,95.43625271580059
1.9219999999998438,125.71511840820312,125.66370391845703,0.3406231177898231,115.92596445150916,103.21991040170204
1.9224999999998438,125.7191390991211,125.66370391845703,0.3435239901042554,95.20133503810318,83.40966605305474
1.9229999999998437,125.71830749511719,125.66370391845703,0.3420824795400273,82.08403290437971,71.20017490680672
1.9234999999998437,125.7151870727539,125.66370391845703,0.33768723470770795,75.70137202936246,65.43837947536748
1.9239999999998436,125.7118911743164,125.66370391845703,0.332599266017929,75.1004113639371,65.00197303594214
1.9244999999998436,125.71012115478516,125.66370391845703,0.3290156112718492,79.32510351353658,68.83608921770455
1.9249999999998435,125.711181640625,125.66370391845703,0.32873698719612915,87.43609292472514,75.95578913310223
1.9254999999998434,125.71601867675781,125.66370391845703,0.33297956745335616,97.99223851029679,85.44284675165044
1.9259999999998434,125.7237319946289,125.66370391845703,0.3394093260820102,105.05826017747079,92.69879096602769
1.9264999999998433,125.72319030761719,125.66370391845703,0.3431446462349796,83.28306186927367,71.93379372939559
1.9269999999998433,125.7175064086914,125.66370391845703,0.341359779541337,69.25974848799939,59.003784461565715
1.9274999999998432,125.70934295654297,125.66370391845703,0.3356549661902698,62.14118404266174,52.749052083338476
1.9279999999998432,125.70088958740234,125.66370391845703,0.32848822181381165,60.99097011327827,52.04040133483405
1.9284999999998431,125.6939468383789,125.66370391845703,0.32226573443762474,64.86424372383722,55.816316997979335
1.928999999999843,125.68989562988281,125.66370391845703,0.31903908938756237,72.82852299045474,63.08524745997716
1.929499999999843,125.68975830078125,125.66370391845703,0.3203084294169899,83.59964856229838,72.9221149143769
1.929999999999843,125.69296264648438,125.66370391845703,0.3246982118148418,92.96320771874261,81.32735556163009
1.930499999999843,125.698486328125,125.66370391845703,0.33094007084851035,98.10442157939463,87.17267817449168
1.9309999999998428,125.69648742675781,125.66370391845703,0.331746048506421,78.21473567811411,68.24862787414901
1.9314999999998428,125.690185546875,125.66370391845703,0.3283699757957375,66.48603628450233,57.419434044686604
1.9319999999998427,125.68224334716797,125.66370391845703,0.3224669369079152,61.79663053149944,53.30071010963204
1.9324999999998427,125.67481994628906,125.66370391845703,0.31641116438867317,63.01364232938272,54.602858357031224
1.9329999999998426,125.66960144042969,125.66370391845703,0.3124636441552865,69.04859776825408,60.15010114857489
1.9334999999998426,125.66785430908203,125.66370391845703,0.3124341090080251,78.58259800774469,68.87060219413621
1.9339999999998425,125.6694564819336,125.66370391845703,0.3157675077540564,87.8406790379884,77.26429212297391
1.9344999999998425,125.6734390258789,125.66370391845703,0.32106976399934267,93.31165564624754,83.28537091153726
1.9349999999998424,125.6698226928711,125.66370391845703,0.3221003332686544,73.20205571243623,64.16636057381956
1.9354999999998423,125.6618881225586,125.66370391845703,0.31852840281091244,61.388453336451946,53.299543189781865
1.9359999999998423,125.65235900878906,125.66370391845703,0.3120590419404181,56.75537982908393,49.29394657424762
1.9364999999998422,125.64344787597656,125.66370391845703,0.3051976619852214,58.17069485823624,50.85186960634348
1.9369999999998422,125.63690185546875,125.66370391845703,0.30037114247480484,64.54320391427225,56.788625753837316
1.9374999999998421,125.634033203125,125.66370391845703,0.2995645492757179,74.62820002145307,66.02304205960804
1.937999999999842,125.63500213623047,125.66370391845703,0.3027717903343884,85.17946295021689,75.65753270848282
1.938499999999842,125.6388168334961,125.66370391845703,0.3082226690017156,91.91111303396009,82.82571529860503
1.938999999999842,125.63528442382812,125.66370391845703,0.3095602960787816,72.4654191315843,64.34038726335824
1.939499999999842,125.62764739990234,125.66370391845703,0.30621241616338657,61.268374907625336,54.04502954530242
1.9399999999998419,125.61863708496094,125.66370391845703,0.2999272537765149,57.240759406596844,50.584588991842864
1.9404999999998418,125.61046600341797,125.66370391845703,0.2933160126902027,59.27393702052644,52.68544259349879
1.9409999999998417,125.6048812866211,125.66370391845703,0.28891857820578326,66.29089912873398,59.17814905924857
1.9414999999998417,125.60320281982422,125.66370391845703,0.2888035800893238,77.11336538061357,68.99036945336044
1.9419999999998416,125.60584259033203,125.66370391845703,0.2933270966091296,89.02027382122589,79.83376337613774
1.9424999999998416,125.61174774169922,125.66370391845703,0.3001386355717508,96.75457556983879,88.05443902243428
1.9429999999998415,125.61051940917969,125.66370391845703,0.30158551148684004,77.93237921742943,70.13022812487678
1.9434999999998415,125.60536193847656,125.66370391845703,0.2987699283115865,67.24612366489856,60.249357844476386
1.9439999999998414,125.59895324707031,125.66370391845703,0.2933288809948201,63.654601613162775,57.10357304903816
1.9444999999998414,125.59347534179688,125.66370391845703,0.2878497532889249,66.0751659314852,59.45213318925284
1.9449999999998413,125.59066772460938,125.66370391845703,0.2848523541913602,73.44791743391012,66.14817043724373
1.9454999999998412,125.59184265136719,125.66370391845703,0.28634566536555256,84.66265004548721,76.13450206504524
1.9459999999998412,125.59762573242188,125.66370391845703,0.29296222606678074,97.492609788452,87.72740507841559
1.9464999999998411,125.60690307617188,125.66370391845703,0.3016110219166961,105.64126374252025,96.51427279226546
1.946999999999841,125.60907745361328,125.66370391845703,0.30309179768752414,86.96272642877669,78.67964210477926
1.947499999999841,125.60728454589844,125.66370391845703,0.30090595928535047,76.27190559963105,68.7154509397376
1.947999999999841,125.60416412353516,125.66370391845703,0.29647040870642577,72.56888001252062,65.36419080139179
1.948499999999841,125.60186004638672,125.66370391845703,0.29222796363467773,74.80109137513281,67.42200074697759
1.9489999999998409,125.60208892822266,125.66370391845703,0.290563942979817,81.93070042091094,73.76879220062979
1.9494999999998408,125.60613250732422,125.66370391845703,0.2933463114086987,92.9339458000004,83.3668871645034
1.9499999999998407,125.61485290527344,125.66370391845703,0.30155089918359546,106.05741771680486,95.13484387707638
1.9504999999998407,125.6270751953125,125.66370391845703,0.3114117671146761,114.07798381536666,103.91682694717008
1.9509999999998406,125.63198852539062,125.66370391845703,0.31309608519032417,94.91774829816369,85.587095488272
1.9514999999998406,125.6326904296875,125.66370391845703,0.3113889501211124,83.59886155889295,74.98945187367787
1.9519999999998405,125.63176727294922,125.66370391845703,0.30751957173099337,79.1688419853207,70.91493976690779
1.9524999999998405,125.63136291503906,125.66370391845703,0.3037778573149565,80.61104244371882,72.19589039435002
1.9529999999998404,125.6331558227539,125.66370391845703,0.30241788067742775,86.91571762562222,77.73953821747789
1.9534999999998404,125.6384506225586,125.66370391845703,0.3052148793001577,97.09771424246597,86.5291214997101
1.9539999999998403,125.64814758300781,125.66370391845703,0.31322023270068616,109.57612142773161,97.61948632450468
1.9544999999998403,125.6612548828125,125.66370391845703,0.3230849044006884,117.43316296088156,106.18471403870652
1.9549999999998402,125.66675567626953,125.66370391845703,0.32539421385141265,97.47113173819147,87.08328511158186
1.9554999999998401,125.6677017211914,125.66370391845703,0.32397050442226966,85.21575667405966,75.62554710373509
1.95599999999984,125.66666412353516,125.66370391845703,0.320026854656677,79.7741263675589,70.65066046198511
1.95649999999984,125.66577911376953,125.66370391845703,0.315814091880858,80.17477639779656,71.0272467449234
1.95699999999984,125.666748046875,125.66370391845703,0.31355926637909626,85.4435942097834,75.69041023937288
1.95749999999984,125.67088317871094,125.66370391845703,0.3150604394984611,94.62387709452376,83.64490768495592
1.9579999999998399,125.67911529541016,125.66370391845703,0.32146052864747326,106.2694361662431,93.96222033518863
1.9584999999998398,125.69071960449219,125.66370391845703,0.33026122434689603,114.27768609383372,102.42400168135795
1.9589999999998398,125.6944351196289,125.66370391845703,0.3335374700537302,93.56252241921817,82.62494187425878
1.9594999999998397,125.69331359863281,125.66370391845703,0.3322452355757843,80.45933227724433,70.44472526139646
1.9599999999998396,125.68992614746094,125.66370391845703,0.3277468828577836,74.13988564101767,64.76589404586086
1.9604999999998396,125.68643188476562,125.66370391845703,0.32238394561390177,73.68082393208626,64.48945406530004
1.9609999999998395,125.6845703125,125.66370391845703,0.31846892368711993,78.1450848030039,68.57496013894601
1.9614999999998395,125.68567657470703,125.66370391845703,0.3179238181091446,86.6045280838129,76.04549199047813
1.9619999999998394,125.69073486328125,125.66370391845703,0.32206509041215453,97.76326028025687,85.98602927767433
1.9624999999998394,125.69928741455078,125.66370391845703,0.329285850605009,106.486195926194,94.78849358413808
1.9629999999998393,125.69986724853516,125.66370391845703,0.3336229161628083,85.46056109047537,74.73398311497934
1.9634999999998393,125.69550323486328,125.66370391845703,0.33238010612182084,71.98525200465552,62.30160475902748
1.9639999999998392,125.68879699707031,125.66370391845703,0.32715943265614994,65.29535532177273,56.414231443790975
1.9644999999998392,125.68193054199219,125.66370391845703,0.3204771727286222,64.51323568471683,56.00207063727251
1.964999999999839,125.67667388916016,125.66370391845703,0.31480482431376294,68.73545341336413,60.04564003711897
1.965499999999839,125.6744155883789,125.66370391845703,0.312245873680432,77.05818306823842,67.58262322238538
1.965999999999839,125.67617797851562,125.66370391845703,0.31432315519820625,88.3187708997443,77.70755753212083
1.966499999999839,125.68181610107422,125.66370391845703,0.320216672441456,99.16148459188723,87.4245288487109
1.9669999999998389,125.690185546875,125.66370391845703,0.3278889048445377,105.34160158454755,94.31744352880027
1.9674999999998388,125.69110107421875,125.66370391845703,0.3292207301910775,85.67927133405125,75.56375245200049
1.9679999999998388,125.68769836425781,125.66370391845703,0.326624388091009,74.00004359284199,64.7154377836869
1.9684999999998387,125.68260192871094,125.66370391845703,0.3216254520435043,69.25204021321927,60.46104419536381
1.9689999999998387,125.67794799804688,125.66370391845703,0.31654618991551275,70.3518740126744,61.562928149964556
1.9694999999998386,125.67540740966797,125.66370391845703,0.31360890508982,76.24623075986396,66.88203029609866
1.9699999999998385,125.67625427246094,125.66370391845703,0.31457840771870155,85.73489866323064,75.37216843861793
1.9704999999998385,125.68074035644531,125.66370391845703,0.3194358663870956,95.9098334179938,84.54082102356126
1.9709999999998384,125.68782043457031,125.66370391845703,0.3260604774975832,101.85329708716027,91.06688345940238
1.9714999999998384,125.68714904785156,125.66370391845703,0.3276875564199164,81.40960335910981,71.58068826771499
1.9719999999998383,125.68193817138672,125.66370391845703,0.32489623103664544,69.07282323769988,60.16725199919453
1.9724999999998383,125.67487335205078,125.66370391845703,0.3192308284528758,63.80201269631351,55.50919721177881
1.9729999999998382,125.66815185546875,125.66370391845703,0.3130963741703297,64.51943913251367,56.36224101260243
1.9734999999998382,125.66350555419922,125.66370391845703,0.3088359975007888,70.17444934666112,61.58061525212242
1.973999999999838,125.66226196289062,125.66370391845703,0.30836813800092416,79.65094623627243,70.11149307019791
1.974499999999838,125.66497039794922,125.66370391845703,0.31231176347307066,90.59126027483103,80.06917121179224
1.974999999999838,125.67056274414062,125.66370391845703,0.31831109580316164,97.45573551114553,87.31171172139645
1.975499999999838,125.6684799194336,125.66370391845703,0.32047869926578415,77.1885980415399,68.01658939427766
1.9759999999998379,125.66192626953125,125.66370391845703,0.31774932753998825,65.00201118644469,56.78728292019917
1.9764999999998378,125.65361022949219,125.66370391845703,0.31177798587005645,59.897372919473874,52.33831795113641
1.9769999999998378,125.64573669433594,125.66370391845703,0.3051005467695076,60.82573735391497,53.447087541558496
1.9774999999998377,125.64006042480469,125.66370391845703,0.30019807579659924,66.75562854853025,58.98192600932046
1.9779999999998377,125.637939453125,125.66370391845703,0.29912883256789646,76.65371475546306,67.89848605061201
1.9784999999998376,125.64020538330078,125.66370391845703,0.30305822956360684,88.71780915942556,78.92579445326591
1.9789999999998376,125.6457290649414,125.66370391845703,0.3092664925450523,96.63375400801098,87.1203184855179
1.9794999999998375,125.64375305175781,125.66370391845703,0.31179891917518804,76.83291283729237,68.27187064149138
1.9799999999998374,125.63745880126953,125.66370391845703,0.30932006980316473,65.0419579401807,57.412321046071
1.9804999999998374,125.62952423095703,125.66370391845703,0.30351262227007486,60.30459658877849,53.29676365449573
1.9809999999998373,125.62216186523438,125.66370391845703,0.2969902094183006,61.60077201796072,54.7307552734925
1.9814999999998373,125.61714172363281,125.66370391845703,0.2923196669095289,67.91810690449243,60.60153518307374
1.9819999999998372,125.61581420898438,125.66370391845703,0.29163000310078924,78.2687173198376,69.87688223026721
1.9824999999998372,125.61914825439453,125.66370391845703,0.2963358065397216,91.15271357005885,81.59925335859738
1.9829999999998371,125.62611389160156,125.66370391845703,0.3035747001420292,99.98910979705369,90.72614908700028
1.983499999999837,125.6257553100586,125.66370391845703,0.3063155371339692,80.66533905795349,72.31493628895615
1.983999999999837,125.62118530273438,125.66370391845703,0.30426766304008046,69.226889108412,61.748260881809436
1.984499999999837,125.61505889892578,125.66370391845703,0.2990427316525369,64.76283955133304,57.83125798804175
1.984999999999837,125.60956573486328,125.66370391845703,0.2932470706294266,66.28521364277941,59.405277806460425
1.9854999999998368,125.60645294189453,125.66370391845703,0.28944633579428114,72.80391767948642,65.38274448035777
1.9859999999998368,125.60706329345703,125.66370391845703,0.28974684827453895,83.34627655825585,74.74890122130068
1.9864999999998367,125.61237335205078,125.66370391845703,0.2955103513914687,96.47142642351791,86.55795629636353
1.9869999999998367,125.62158966064453,125.66370391845703,0.3041217778443827,105.92996131293809,96.3735655362097
1.9874999999998366,125.62355041503906,125.66370391845703,0.30706356577803423,86.82787489844488,78.14742886081389
1.9879999999998366,125.62130737304688,125.66370391845703,0.30553171749432484,75.44484764944646,67.58630732647151
1.9884999999998365,125.61746215820312,125.66370391845703,0.30101348505370873,70.92161796675452,63.552057410453685
1.9889999999998365,125.61416625976562,125.66370391845703,0.29603816979974446,72.30814594433656,64.92763493207033
1.9894999999998364,125.61314392089844,125.66370391845703,0.29309904002511145,78.64231573076574,70.6558887189538
1.9899999999998363,125.6157455444336,125.66370391845703,0.2942237195017069,88.97222339832813,79.74431688620896
1.9904999999998363,125.6229248046875,125.66370391845703,0.30070068857458193,101.93023117333517,91.2632774627871
1.9909999999998362,125.6341323852539,125.66370391845703,0.31029732125776976,111.65315580170078,101.38262233949997
1.9914999999998362,125.63799285888672,125.66370391845703,0.31358145864167564,92.35374687085148,82.9465023620615
1.9919999999998361,125.63751220703125,125.66370391845703,0.31249867668919357,80.60554916496345,72.01747716076102
1.992499999999836,125.63523864746094,125.66370391845703,0.30843536847755537,75.60553988808478,67.51288246335149
1.992999999999836,125.63330078125,125.66370391845703,0.30383605700477473,76.44586283468092,68.3570137735525
1.993499999999836,125.63341522216797,125.66370391845703,0.3011163284552858,82.19672800829919,73.52372248942626
1.993999999999836,125.63692474365234,125.66370391845703,0.3022458024757613,91.93132591214777,82.04386968626457
1.9944999999998358,125.64479064941406,125.66370391845703,0.3084953302800304,104.38031710984187,93.00543080362716
1.9949999999998358,125.65670013427734,125.66370391845703,0.3182060081606331,114.23677351483805,103.18460630886446
1.9954999999998357,125.66108703613281,125.66370391845703,0.32209161328746694,94.4440530718935,84.27177857549518
1.9959999999998357,125.66089630126953,125.66370391845703,0.3213228522986696,82.05773912401868,72.75842810584844
1.9964999999998356,125.65865325927734,125.66370391845703,0.3172848476552879,76.33537583085692,67.61294782424979
1.9969999999998356,125.65647888183594,125.66370391845703,0.3124005109171356,76.41466502706808,67.79793316624728
1.9974999999998355,125.65611267089844,125.66370391845703,0.30906662578630195,81.40113475632239,72.31629428608782
1.9979999999998355,125.65888977050781,125.66370391845703,0.3092663300647751,90.39562160921508,80.22098334652618
1.9984999999998354,125.6657943725586,125.66370391845703,0.31433508375016184,102.24666089500016,90.61674169570054
1.9989999999998354,125.67678833007812,125.66370391845703,0.32331496798894227,112.40889326100391,100.88830781121241
1.9994999999998353,125.68006896972656,125.66370391845703,0.3280382088900749,92.11708836263121,81.51196272354224
1.9999999999998352,125.6785659790039,125.66370391845703,0.3274684117577306,79.11968721296881,69.47709383659165
