t,omega,omega_ref,i_rms,p_el,p_mech
0.0005,-0.010812156833708286,125.66370614359174,0.0,0.3465271643130821,-0.0
0.001,-0.02162366546690464,125.66370614359174,0.0012608680233011926,0.348225696824375,-0.0
0.0015,-0.032434526830911636,125.66370614359174,0.0034784525057640664,0.2399539091265406,4.5754405608156577e-11
0.002,-0.04324515163898468,125.66370614359174,0.05085724260876978,1.9422680748130983,3.5466451957240624e-07
0.0025,-0.054055750370025635,125.66370614359174,0.08787012864335757,-2.9140014561665972,1.1144739795105468e-06
0.003,-0.06486211717128754,125.66370614359174,0.0035223919614476534,0.4362638571845889,-3.320108131583148e-06
0.0035,-0.07566385716199875,125.66370614359174,0.0667156962098494,-0.4142183683096524,-9.88400519048767e-06
0.004,-0.08648718893527985,125.66370614359174,0.0533602715645118,-0.3216967406536948,2.7170234682436667e-05
0.0045000000000000005,-0.0972953736782074,125.66370614359174,0.04202223523923985,-0.18262414725228127,2.340030824634775e-06
0.005000000000000001,-0.10807657986879349,125.66370614359174,0.04551787314482315,0.3887910283755208,-5.431213777650397e-05
0.005500000000000001,-0.11884421110153198,125.66370614359174,0.06966326831312356,-1.1606735334156317,-9.045490649837587e-05
0.006000000000000002,-0.12964066863059998,125.66370614359174,0.050701778661812955,0.05550253160643703,-2.226650537400708e-05
0.006500000000000002,-0.14045177400112152,125.66370614359174,0.055015502872148084,-0.010093402061048418,1.883444468897797e-05
0.007000000000000003,-0.15125404298305511,125.66370614359174,0.04762709427202428,-0.3253605439196257,-4.477275690394776e-06
0.007500000000000003,-0.1620379239320755,125.66370614359174,0.04255016102124715,0.20315387836077664,-6.226122336700438e-05
0.008000000000000004,-0.17281341552734375,125.66370614359174,0.06629243940254434,-0.9930288930877368,-9.321149055407868e-05
0.008500000000000004,-0.18360817432403564,125.66370614359174,0.05513541731653637,0.21318395289434267,-2.591245267537011e-05
0.009000000000000005,-0.1944078952074051,125.66370614359174,0.06050004465712194,-0.07151319624411495,-5.615558411832755e-06
0.009500000000000005,-0.2051985114812851,125.66370614359174,0.0472988854227679,-0.49394806693831617,-4.0680525961838945e-05
0.010000000000000005,-0.21598413586616516,125.66370614359174,0.03510838144838033,0.19649908857442952,-6.150025800272722e-05
0.010500000000000006,-0.22677858173847198,125.66370614359174,0.06474288608348557,-0.7181771457928977,-2.1755875886859316e-05
0.011000000000000006,-0.23757588863372803,125.66370614359174,0.06256065597825632,0.37298187405159633,-6.0588354886308925e-06
0.011500000000000007,-0.2483561933040619,125.66370614359174,0.06734702918742617,-0.14973037876047696,-8.752051414822188e-05
0.012000000000000007,-0.2591240704059601,125.66370614359174,0.04801323967908817,-0.6562584534879763,-0.0001524097349440598
0.012500000000000008,-0.26991137862205505,125.66370614359174,0.026614111001798963,0.21711516978439455,-5.0496133427778265e-05
0.013000000000000008,-0.2807394564151764,125.66370614359174,0.06372619775428054,-0.39206015222172713,0.00018008778188869054
0.013500000000000009,-0.2915443778038025,125.66370614359174,0.07057766850242628,0.5791083452495699,5.577580022790706e-05
0.014000000000000009,-0.3022961914539337,125.66370614359174,0.07525592848836124,-0.19596476879460245,-0.00025935223255434315
0.01450000000000001,-0.3130284547805786,125.66370614359174,0.05096918226673583,-0.8069246797039807,-0.00038677866791543395
0.01500000000000001,-0.32381561398506165,125.66370614359174,0.017703041525104758,0.2391601764538461,-4.058196291856607e-05
0.01550000000000001,-0.33469119668006897,125.66370614359174,0.06308385498386959,-0.02439149052989975,0.0005543837252659192
0.01600000000000001,-0.3455089032649994,125.66370614359174,0.07880263419717834,0.8397799150199869,0.00017679095087163007
0.01650000000000001,-0.35622283816337585,125.66370614359174,0.08397697827399231,-0.19986274483341826,-0.0005525780108879406
0.01700000000000001,-0.3669050335884094,125.66370614359174,0.056120037342880714,-0.9428490037767483,-0.0007971679267382513
0.017500000000000012,-0.3776877224445343,125.66370614359174,0.008768371024809827,0.2589185516349588,-5.6716416697469414e-05
0.018000000000000013,-0.3886226713657379,125.66370614359174,0.06288609622017567,2.430272806049869,0.0011300543238147239
0.018500000000000013,-0.39959394931793213,125.66370614359174,0.11398921861149768,-0.5778465018626443,0.001457570878032078
0.019000000000000013,-0.4103475511074066,125.66370614359174,0.08430757588401121,-0.7714793976003909,-0.00028421076098964187
0.019500000000000014,-0.4210386574268341,125.66370614359174,0.04227857798912156,-0.5320296024882226,-0.0008126117901731341
0.020000000000000014,-0.4318807125091553,125.66370614359174,0.015459820498114504,0.7250968826946245,0.0004759631288529296
0.020500000000000015,-0.4428291916847229,125.66370614359174,0.049093656001177786,-1.2787303042332345,0.001436467621295947
0.021000000000000015,-0.45352983474731445,125.66370614359174,0.025245750451777616,1.3442983713615673,-0.0007711500141582793
0.021500000000000016,-0.4640565514564514,125.66370614359174,0.07841508525779561,-1.5021922422635678,-0.0023971711331959304
0.022000000000000016,-0.47487422823905945,125.66370614359174,0.05290144192302418,1.6404777946289668,0.0003161633702987665
0.022500000000000017,-0.4859119653701782,125.66370614359174,0.09331633597352708,-1.3699382360875585,0.002468458523069411
0.023000000000000017,-0.49677416682243347,125.66370614359174,0.03262407188600793,-0.21480373261175328,0.0007861455904627656
0.023500000000000017,-0.5075086355209351,125.66370614359174,0.011942579539769273,0.6615495323715057,-0.0004865260174459471
0.024000000000000018,-0.5181519985198975,125.66370614359174,0.04150017546180105,-1.149382067737839,-0.0014344953538162199
0.02450000000000002,-0.5290677547454834,125.66370614359174,0.036633664342540825,1.737987429702768,0.0014240221119652034
0.02500000000000002,-0.540022611618042,125.66370614359174,0.10497499998967756,0.39876154362111205,0.0018835122910977951
0.02550000000000002,-0.550631582736969,125.66370614359174,0.09640736217584964,-0.2356682920462751,-0.0018813965181825414
0.02600000000000002,-0.5611570477485657,125.66370614359174,0.06368017311862878,-0.7775676986204119,-0.002847807655637569
0.02650000000000002,-0.5719265937805176,125.66370614359174,0.017019264264668717,0.2453022404354593,-0.00010345279264861691
0.02700000000000002,-0.5828667879104614,125.66370614359174,0.028913512744112812,0.9625253399068776,0.0018916513045726137
0.02750000000000002,-0.5939238667488098,125.66370614359174,0.052019751172285904,-1.5838365815486781,0.0033240925286554257
0.02800000000000002,-0.6045510172843933,125.66370614359174,0.030983472872018608,1.6677646319583266,-0.0018073189534480447
0.028500000000000022,-0.6148735880851746,125.66370614359174,0.08963132670774182,-1.1558634571279918,-0.005575694336553909
0.029000000000000022,-0.6254897713661194,125.66370614359174,0.032809697382834006,-0.16495467479139897,-0.0019910212815182626
0.029500000000000023,-0.636309802532196,125.66370614359174,0.00788263531395692,0.5618291092986467,0.0005762928828696394
0.030000000000000023,-0.6472678780555725,125.66370614359174,0.03484616264715938,-0.9875623408952044,0.0023817251151702712
0.030500000000000024,-0.6578172445297241,125.66370614359174,0.04552588658682491,2.3478557630054517,-0.0029470123340549405
0.031000000000000024,-0.6680781841278076,125.66370614359174,0.10301890550123421,-1.2060101199072621,-0.006839471840755571
0.03150000000000002,-0.67863529920578,125.66370614359174,0.045278204003104866,-0.3094233187571343,-0.002918319339494821
0.03200000000000002,-0.6893980503082275,125.66370614359174,0.0060227947084772315,0.3554796436610852,-0.00012187245973825594
0.03250000000000002,-0.7002999186515808,125.66370614359174,0.02363281109467407,0.8041143593372923,0.0018349757355182888
0.03300000000000002,-0.7112951874732971,125.66370614359174,0.04236723213739327,-1.3770040351344588,0.003200929765901792
0.03350000000000002,-0.721858561038971,125.66370614359174,0.044250943402400336,2.3839425823023084,-0.002976716278297784
0.03400000000000002,-0.73211669921875,125.66370614359174,0.10588904644005026,-1.0180845506422793,-0.0074796265450135825
0.034500000000000024,-0.742653489112854,125.66370614359174,0.051217625990415225,-0.2899827684987453,-0.003439007473606541
0.035000000000000024,-0.7533837556838989,125.66370614359174,0.01374504734499863,0.25546621890668875,-0.0005640541441757115
0.035500000000000025,-0.7642448544502258,125.66370614359174,0.015053201788856026,0.6212105507914378,0.0014370492401110588
0.036000000000000025,-0.7751933336257935,125.66370614359174,0.032171044104668166,-0.9958205979352228,0.0028227440551813533
0.036500000000000025,-0.7857065200805664,125.66370614359174,0.055703799724647896,3.017262874591929,-0.003968709802514036
0.037000000000000026,-0.7959114909172058,125.66370614359174,0.11790307592411088,-0.9056700093393222,-0.00891680999592233
0.037500000000000026,-0.806393563747406,125.66370614359174,0.06370073964275036,-0.31611376368407307,-0.00455575179980372
0.03800000000000003,-0.8170676827430725,125.66370614359174,0.02615937032345023,0.13594847146084904,-0.0014668480980131967
0.03850000000000003,-0.8278712630271912,125.66370614359174,0.006874484427624022,0.4383538379424532,0.0006683279247521555
0.03900000000000003,-0.838761031627655,125.66370614359174,0.019479688561330186,-0.01914902249093947,0.0021322842617131407
0.03950000000000003,-0.8493117094039917,125.66370614359174,0.02940366383802907,1.3554795470934673,-0.003588354516022934
0.04000000000000003,-0.8595330119132996,125.66370614359174,0.09746536343097394,-0.96278053314597,-0.009283273129044686
0.04050000000000003,-0.8703302145004272,125.66370614359174,0.07228149263604114,1.6288375610729475,0.0006353269536739316
0.04100000000000003,-0.8815505504608154,125.66370614359174,0.09651820574654624,0.3294911034971335,0.008114568055961186
0.04150000000000003,-0.8927242159843445,125.66370614359174,0.06807522188963633,-0.6483960655908547,0.007396790769407895
0.04200000000000003,-0.90339595079422,125.66370614359174,0.04175646519349625,0.8549381783196321,-0.0015708675797461475
0.04250000000000003,-0.9137021899223328,125.66370614359174,0.06345023150677791,-0.047057907633724694,-0.008257055161017726
0.04300000000000003,-0.924224317073822,125.66370614359174,0.032711216579614365,-0.07283024380469688,-0.004350802137181952
0.04350000000000003,-0.9352784752845764,125.66370614359174,0.05468727550786745,2.1878374884027028,0.005562232180442017
0.04400000000000003,-0.9467054605484009,125.66370614359174,0.09640076407066947,-1.1757013606979851,0.012700809725541707
0.04450000000000003,-0.957487165927887,125.66370614359174,0.05491770311352493,0.609267100810222,0.0005017447232490296
0.04500000000000003,-0.9677941203117371,125.66370614359174,0.06628087121563736,0.05479974240673352,-0.008669014225502081
0.045500000000000033,-0.978299617767334,125.66370614359174,0.038325133538579324,0.20981343552397114,-0.004867508718782023
0.046000000000000034,-0.9889398813247681,125.66370614359174,0.01916421426799629,0.3217825719450898,-0.002240599589942977
0.046500000000000034,-0.9996669888496399,125.66370614359174,0.006647308725605446,0.39100680937197196,-0.0005171697462542618
0.047000000000000035,-1.01044762134552,125.66370614359174,0.0028273717847245674,0.43103366595451936,0.0005721859081523556
0.047500000000000035,-1.02125883102417,125.66370614359174,0.0072792790155837795,0.03575525550238351,0.001216042028108524
0.048000000000000036,-1.0314252376556396,125.66370614359174,0.08883943837765271,5.400645366839432,-0.01205970525206541
0.048500000000000036,-1.0411372184753418,125.66370614359174,0.15752298049523467,0.12349332767432014,-0.021622883886791705
0.04900000000000004,-1.0511831045150757,125.66370614359174,0.10764403813719707,0.15714974285700917,-0.01480099476158427
0.04950000000000004,-1.0619820356369019,125.66370614359174,0.09248451543534954,2.1341703147085656,0.0010557797290725434
0.05000000000000004,-1.0733228921890259,125.66370614359174,0.10837099578084274,0.2653565509226598,0.012713245258529645
0.05050000000000004,-1.084486484527588,125.66370614359174,0.0747333960178305,0.13857626692586078,0.009015246756359637
0.05100000000000004,-1.0948456525802612,125.66370614359174,0.07393166929347013,2.1799409539092234,-0.008496902993946374
0.05150000000000004,-1.104617953300476,125.66370614359174,0.10215960500856623,0.453840235109905,-0.021523726482119407
0.05200000000000004,-1.1146529912948608,125.66370614359174,0.07352635917598122,-0.07648120645068485,-0.015852067648653875
0.05250000000000004,-1.1255031824111938,125.66370614359174,0.06889819669513712,1.8396579328178873,0.002357571071517358
0.05300000000000004,-1.1369284391403198,125.66370614359174,0.09476703730897644,0.28090735377719767,0.015474141339728421
0.05350000000000004,-1.1480913162231445,125.66370614359174,0.06560270580138156,0.24279467886026468,0.009615850604352397
0.05400000000000004,-1.158299207687378,125.66370614359174,0.07540201442590308,2.5865551739659063,-0.012405512203379546
0.05450000000000004,-1.1678153276443481,125.66370614359174,0.11017334869282072,0.7622693393550314,-0.02865339182184919
0.05500000000000004,-1.1776039600372314,125.66370614359174,0.08406522046336234,-0.088087271633782,-0.02245778981544204
0.05550000000000004,-1.1883161067962646,125.66370614359174,0.07355726575665227,1.7100993340122883,-0.0007018056807562181
0.05600000000000004,-1.1996790170669556,125.66370614359174,0.09428869509385211,0.31523480043647495,0.01491878720833185
0.05650000000000004,-1.2107219696044922,125.66370614359174,0.06692182396991381,0.36242658955968304,0.007327493931545522
0.057000000000000044,-1.2215211391448975,125.66370614359174,0.04925122853522145,0.42994017426274783,0.0014535102475170024
0.057500000000000044,-1.2321361303329468,125.66370614359174,0.03954064008036008,0.49279950555297025,-0.0030567533489946853
0.058000000000000045,-1.2426090240478516,125.66370614359174,0.03574794223122821,0.551063760074354,-0.006597083827025278
0.058500000000000045,-1.252969741821289,125.66370614359174,0.03567337774970781,0.6058586987345341,-0.009449297558392626
0.059000000000000045,-1.2632392644882202,125.66370614359174,0.03748598575926307,0.31355285965309737,-0.0118144205107473
0.059500000000000046,-1.2742435932159424,125.66370614359174,0.05658913164012542,1.8283579978014783,0.006821821933863706
0.060000000000000046,-1.285756230354309,125.66370614359174,0.08804404227629636,0.22405931386267924,0.01997585489752525
0.06050000000000005,-1.2967866659164429,125.66370614359174,0.062006025450265984,0.7825856295174476,0.00765691851838842
0.06100000000000005,-1.3065524101257324,125.66370614359174,0.09151417684237712,1.10786677175909,-0.025314756965667786
0.06150000000000005,-1.316319465637207,125.66370614359174,0.08014186746707501,0.62204232027865,-0.025456274235981388
0.06200000000000005,-1.3269543647766113,125.66370614359174,0.08047017723400639,1.9624967735536898,-0.0026115561592385947
0.06250000000000004,-1.3381969928741455,125.66370614359174,0.0986227868222367,0.4265820395993616,0.013645605988228258
0.06300000000000004,-1.348942756652832,125.66370614359174,0.07471406685317951,0.6158987006250052,0.000369620341263455
0.06350000000000004,-1.3593132495880127,125.66370614359174,0.06345065749945511,0.8013798503762686,-0.009812214888949275
0.06400000000000004,-1.3694020509719849,125.66370614359174,0.06088258596720415,0.9627436304630794,-0.017583822941793396
0.06450000000000004,-1.3792756795883179,125.66370614359174,0.06277233984177759,0.6441927108326544,-0.023627445387695723
0.06500000000000004,-1.3899489641189575,125.66370614359174,0.07144090270084649,1.8648796158089926,-0.001564970471294372
0.06550000000000004,-1.4011774063110352,125.66370614359174,0.09302108106056209,0.44283782333837807,0.013997812626975343
0.06600000000000004,-1.4117838144302368,125.66370614359174,0.07317749552737797,0.760744835351042,-0.003441751256953341
0.06650000000000005,-1.4219247102737427,125.66370614359174,0.06737579561127725,1.0451472372255124,-0.01668794484483708
0.06700000000000005,-1.4317188262939453,125.66370614359174,0.06952161570647816,1.2838265861797113,-0.026713096318563816
0.06750000000000005,-1.4412506818771362,125.66370614359174,0.07460063257679919,0.668021754158442,-0.03443372576769693
0.06800000000000005,-1.4516379833221436,125.66370614359174,0.07662592695862493,1.780652957954513,-0.009832768155035495
0.06850000000000005,-1.4626195430755615,125.66370614359174,0.09360218125269384,0.6791717344947859,0.007497539018228358
0.06900000000000005,-1.4729093313217163,125.66370614359174,0.07962907134097005,1.102400023318785,-0.012809631297743535
0.06950000000000005,-1.482681155204773,125.66370614359174,0.07882392100916034,1.466734471470626,-0.028233818710965034
0.07000000000000005,-1.4920674562454224,125.66370614359174,0.08392765747771706,0.9726272943227197,-0.03990122333751143
0.07050000000000005,-1.5023101568222046,125.66370614359174,0.08551676088809704,1.9228325832129396,-0.014425952029077998
0.07100000000000005,-1.5131477117538452,125.66370614359174,0.09896931504075292,0.8923615637026308,0.0034900343007888356
0.07150000000000005,-1.5231969356536865,125.66370614359174,0.08793705863088047,1.4220419531519068,-0.02048457517313277
0.07200000000000005,-1.5326571464538574,125.66370614359174,0.08969132553859978,1.868076268565747,-0.038645723236636675
0.07250000000000005,-1.541679859161377,125.66370614359174,0.09639648730257225,1.1103244328219128,-0.052346038149613354
0.07300000000000005,-1.5516246557235718,125.66370614359174,0.09355393134980824,1.9568899417981551,-0.024052808983322054
0.07350000000000005,-1.5622104406356812,125.66370614359174,0.10295106137343689,1.2269760080246914,-0.004172657809077613
0.07400000000000005,-1.5719298124313354,125.66370614359174,0.09671946332179869,1.8563341564512132,-0.03141557070363589
0.07450000000000005,-1.5810025930404663,125.66370614359174,0.10156228792525251,2.3770273508482775,-0.0520224990382857
0.07500000000000005,-1.5895956754684448,125.66370614359174,0.10985701122242181,1.2692847735469415,-0.06753996262801763
0.07550000000000005,-1.5991965532302856,125.66370614359174,0.10264678840084876,2.0181364040806535,-0.03569844140136805
0.07600000000000005,-1.6094986200332642,125.66370614359174,0.10803358138658034,2.5479718030550615,-0.013341442513858296
0.07650000000000005,-1.6202723979949951,125.66370614359174,0.11626263096464842,1.3352518580973352,0.001880293740937655
0.07700000000000005,-1.6299095153808594,125.66370614359174,0.10793546050832213,2.1850074168991824,-0.035143303070143794
0.07750000000000005,-1.6387048959732056,125.66370614359174,0.11339921093764573,2.875652657612484,-0.06289942379538414
0.07800000000000006,-1.6468802690505981,125.66370614359174,0.12309659487360936,1.6323223431288796,-0.08362071711844882
0.07850000000000006,-1.6561181545257568,125.66370614359174,0.11421506497775169,2.234532656685453,-0.04887896092827482
0.07900000000000006,-1.6660946607589722,125.66370614359174,0.11640508413666992,2.6644319503160983,-0.024540623758719862
0.07950000000000006,-1.6765673160552979,125.66370614359174,0.12189248845363958,1.8329622566672084,-0.008042074517541064
0.08000000000000006,-1.6857538223266602,125.66370614359174,0.11908008812663583,2.8396043927631687,-0.05142379693675468
0.08050000000000006,-1.6939902305603027,125.66370614359174,0.12792395166848144,2.13747274861395,-0.08385003223649076
0.08100000000000006,-1.7031947374343872,125.66370614359174,0.12260035646177565,2.5760947806179484,-0.051308039104487724
0.08150000000000006,-1.7130694389343262,125.66370614359174,0.12452809193358254,2.8906488015424805,-0.02862406905834556
0.08200000000000006,-1.7233891487121582,125.66370614359174,0.12856124620188475,2.1894616724127913,-0.013440077624483886
0.08250000000000006,-1.732236385345459,125.66370614359174,0.12841698696298876,3.364676620789623,-0.06450130063923322
0.08300000000000006,-1.7399988174438477,125.66370614359174,0.13932227918614917,2.445227058488446,-0.10252342408879385
0.08350000000000006,-1.748784065246582,125.66370614359174,0.13216365199767327,2.793467520333345,-0.06724984326476827
0.08400000000000006,-1.7582768201828003,125.66370614359174,0.13203645009186524,3.0483793871938154,-0.042716311135662995
0.08450000000000006,-1.7682384252548218,125.66370614359174,0.13442574068470045,3.224634441699861,-0.026357364947917638
0.08500000000000006,-1.7784987688064575,125.66370614359174,0.13727068752877492,2.5461097606380845,-0.015863663818943177
0.08550000000000006,-1.786990761756897,125.66370614359174,0.13901808838343185,3.9705354110841813,-0.07911499222414735
0.08600000000000006,-1.7941855192184448,125.66370614359174,0.15207110676508248,2.8840368735208473,-0.1259699056931121
0.08650000000000006,-1.802443504333496,125.66370614359174,0.14372882994413852,3.1255736123835876,-0.08820239724215775
0.08700000000000006,-1.8114356994628906,125.66370614359174,0.1418292789440485,3.3099170782828087,-0.06202544851474231
0.08750000000000006,-1.8209123611450195,125.66370614359174,0.14263132098117579,3.4406265011937527,-0.04468831299620568
0.08800000000000006,-1.8306955099105835,125.66370614359174,0.14428143094823512,3.535365423423262,-0.03368460697463267
0.08850000000000006,-1.84065842628479,125.66370614359174,0.14604288926329687,3.1657622363647926,-0.027229343681272295
0.08900000000000007,-1.848530888557434,125.66370614359174,0.1520601853505906,4.867679865068044,-0.10460963376664997
0.08950000000000007,-1.854874610900879,125.66370614359174,0.1681136132766654,3.4517125338461083,-0.16166595391247351
0.09000000000000007,-1.8623536825180054,125.66370614359174,0.15811278708998514,3.5823993358396518,-0.12001280844803044
0.09050000000000007,-1.8706153631210327,125.66370614359174,0.1542958426678504,3.694774015542981,-0.09124799322000722
0.09100000000000007,-1.8793915510177612,125.66370614359174,0.15347835981744462,3.779670344809558,-0.07231853062687539
0.09150000000000007,-1.8884915113449097,125.66370614359174,0.15393250298892514,3.8469297674110416,-0.06042166729152575
0.09200000000000007,-1.8977793455123901,125.66370614359174,0.1548799268106067,3.9036528700069195,-0.053564464050616996
0.09250000000000007,-1.907158374786377,125.66370614359174,0.15599908836573867,3.9546720000623528,-0.050331064770033296
0.09300000000000007,-1.9165594577789307,125.66370614359174,0.15717100572628487,4.003161190421181,-0.049714514343090564
0.09350000000000007,-1.9259328842163086,125.66370614359174,0.15836021281920148,4.051143075065047,-0.05099815190750468
0.09400000000000007,-1.9352431297302246,125.66370614359174,0.15956228858724358,4.099869246099074,-0.05367169749358721
0.09450000000000007,-1.944464087486267,125.66370614359174,0.16078209761820308,4.1500897300645665,-0.05737169711828102
0.09500000000000007,-1.9535771608352661,125.66370614359174,0.16202557122264163,4.202236782443467,-0.06183924260438602
0.09550000000000007,-1.9625682830810547,125.66370614359174,0.16329716069990302,4.256546722572576,-0.06688984667905436
0.09600000000000007,-1.9714269638061523,125.66370614359174,0.16459947892060287,4.313138810576727,-0.07239202767722505
0.09650000000000007,-1.9801452159881592,125.66370614359174,0.16593365328245413,4.3720651521928104,-0.07825204506687217
0.09700000000000007,-1.988716721534729,125.66370614359174,0.1672998057939144,4.433341545248358,-0.08440302139439855
0.09750000000000007,-1.9971367120742798,125.66370614359174,0.16869746167412067,4.496966043946418,-0.0907972115863682
0.09800000000000007,-2.0054008960723877,125.66370614359174,0.17012584286029486,4.562929709410921,-0.09740045319936032
0.09850000000000007,-2.013505697250366,125.66370614359174,0.17158405700525756,4.631222570048449,-0.10418825416752882
0.09900000000000007,-2.0214483737945557,125.66370614359174,0.17307120933970327,4.701836642987003,-0.11114300981859809
0.09950000000000007,-2.0292258262634277,125.66370614359174,0.17458646122891688,4.774767254515653,-0.11825195316440403
0.10000000000000007,-2.0368354320526123,125.66370614359174,0.17612905558873954,4.85001339977048,-0.1255057810440152
0.10050000000000008,-2.0442752838134766,125.66370614359174,0.17769832271475486,4.927577594585986,-0.13289766736308634
0.10100000000000008,-2.0515427589416504,125.66370614359174,0.17929367551320177,5.007465492811827,-0.14042245880205967
0.10150000000000008,-2.058635711669922,125.66370614359174,0.18091459984341296,5.089685436981423,-0.14807623719641777
0.10200000000000008,-2.0655517578125,125.66370614359174,0.1825606435750386,5.174247984202381,-0.1558559099727287
0.10250000000000008,-2.072289228439331,125.66370614359174,0.18423140536342666,5.26116549737952,-0.16375902307620993
0.10300000000000008,-2.078845500946045,125.66370614359174,0.18592652498539372,5.350451784966124,-0.1717834518958853
0.10350000000000008,-2.085218906402588,125.66370614359174,0.18764567496489498,5.44212179960054,-0.1799274178828183
0.10400000000000008,-2.091407299041748,125.66370614359174,0.1893885536452385,5.536191399906078,-0.18818928428380186
0.10450000000000008,-2.0974082946777344,125.66370614359174,0.19115487975518383,5.632677154430791,-0.19656750342947582
0.10500000000000008,-2.103219985961914,125.66370614359174,0.1929443880288115,5.731596190420252,-0.20506063476769992
0.10550000000000008,-2.108840227127075,125.66370614359174,0.1947568258650185,5.832966076572351,-0.21366724761839123
0.10600000000000008,-2.114266872406006,125.66370614359174,0.19659195078863012,5.936804733170332,-0.22238591747923275
0.10650000000000008,-2.1194980144500732,125.66370614359174,0.1984495285466829,6.043130355864118,-0.23121523448656123
0.10700000000000008,-2.1245315074920654,125.66370614359174,0.20032933155524268,6.151961367049475,-0.2401537416421433
0.10750000000000008,-2.1293649673461914,125.66370614359174,0.20223113790976394,6.263316374888113,-0.2491999206851312
0.10800000000000008,-2.1339964866638184,125.66370614359174,0.20415473060428824,6.3772141353333645,-0.2583522668202448
0.10850000000000008,-2.1384236812591553,125.66370614359174,0.20609989683897853,6.493673535173583,-0.26760917378852067
0.10900000000000008,-2.1426446437835693,125.66370614359174,0.20806642771236328,6.612713564752032,-0.2769690430339653
0.10950000000000008,-2.1466569900512695,125.66370614359174,0.21005411777786567,6.7343533098766235,-0.2864301630422587
0.11000000000000008,-2.150458574295044,125.66370614359174,0.21206276491656317,6.8586119351712505,-0.29599079482144597
0.11050000000000008,-2.1540472507476807,125.66370614359174,0.2140921700974879,6.985508673490692,-0.30564914059473625
0.11100000000000008,-2.1574208736419678,125.66370614359174,0.2161421372258613,7.1150628187695615,-0.31540334155393884
0.11150000000000009,-2.160576820373535,125.66370614359174,0.21821247305503347,7.247293721359244,-0.3252514039186667
0.11200000000000009,-2.16351318359375,125.66370614359174,0.22030298714309657,7.382220774962574,-0.33519137101248975
0.11250000000000009,-2.1662275791168213,125.66370614359174,0.22241349167563337,7.5198634193400276,-0.34522114707904156
0.11300000000000009,-2.168717861175537,125.66370614359174,0.22454380152015715,7.660241122997193,-0.3553386016775062
0.11350000000000009,-2.1709814071655273,125.66370614359174,0.22669373399050213,7.8033733903175975,-0.3655414528128833
0.11400000000000009,-2.173015832901001,125.66370614359174,0.2288631089520152,7.9492797526535295,-0.37582737740752076
0.11450000000000009,-2.174819231033325,125.66370614359174,0.23105174872083126,8.097979758011723,-0.3861940568450569
0.11500000000000009,-2.17638897895813,125.66370614359174,0.2332594779109883,8.24949297366264,-0.39663896876949556
0.11550000000000009,-2.177722454071045,125.66370614359174,0.23548612346599282,8.40383898114509,-0.40715950169776116
0.11600000000000009,-2.1788177490234375,125.66370614359174,0.23773151460124103,8.561037370091658,-0.417753089620743
0.11650000000000009,-2.1796717643737793,125.66370614359174,0.23999548271350477,8.721107735228527,-0.42841685180774425
0.11700000000000009,-2.1802825927734375,125.66370614359174,0.24227786132917906,8.884069668621239,-0.43914804170525923
0.11750000000000009,-2.180647611618042,125.66370614359174,0.24457848598838536,9.04994276659494,-0.44994367986773437
0.11800000000000009,-2.1807639598846436,125.66370614359174,0.24689719432590862,9.218746614358908,-0.46080063421067996
0.11850000000000009,-2.1806297302246094,125.66370614359174,0.24923382586877504,9.390500787765617,-0.4717158692887707
0.11900000000000009,-2.180241823196411,125.66370614359174,0.2515882220235989,9.565224849625714,-0.48268599228028763
0.11950000000000009,-2.1795976161956787,125.66370614359174,0.25396022601968293,9.742938348620196,-0.49370759782592577
0.12000000000000009,-2.1786949634552,125.66370614359174,0.25634968287896354,9.923660812835974,-0.5047772769218732
0.1205000000000001,-2.1775310039520264,125.66370614359174,0.2587564393171954,10.107411745109376,-0.5158913438327969
0.1210000000000001,-2.176102876663208,125.66370614359174,0.2611803436557972,10.294210627657424,-0.5270459875107564
0.1215000000000001,-2.174408197402954,125.66370614359174,0.2636212458564663,10.484076909431462,-0.5382373859207829
0.1220000000000001,-2.1724441051483154,125.66370614359174,0.2660789973546209,10.677030010077171,-0.5494614743565045
0.1225000000000001,-2.1702077388763428,125.66370614359174,0.2685534510662463,10.873089317401764,-0.5607140521424705
0.1230000000000001,-2.167696475982666,125.66370614359174,0.27104446134567073,11.072274180602996,-0.5719908417385235
0.1235000000000001,-2.164907455444336,125.66370614359174,0.27355188388076657,11.274603905677962,-0.5832873631719864
0.1240000000000001,-2.1618378162384033,125.66370614359174,0.2760755756018377,11.480097762744009,-0.5945989892850977
0.1245000000000001,-2.158484935760498,125.66370614359174,0.27861539473834246,11.688774976316719,-0.6059210083856954
0.12500000000000008,-2.1548454761505127,125.66370614359174,0.28117120070149115,11.900654722423015,-0.6172483539304493
0.12550000000000008,-2.150916814804077,125.66370614359174,0.28374285401137733,12.115756125328842,-0.6285759979053357
0.12600000000000008,-2.146696090698242,125.66370614359174,0.2863302162287983,12.33409826363933,-0.6398986830173304
0.12650000000000008,-2.1421799659729004,125.66370614359174,0.28893314999754643,12.55570015273451,-0.6512108387026482
0.12700000000000009,-2.1373655796051025,125.66370614359174,0.2915515188403555,12.780580759608585,-0.6625068585087223
0.12750000000000009,-2.1322500705718994,125.66370614359174,0.29418518726675313,13.008758985315305,-0.6737809585808601
0.12800000000000009,-2.1268303394317627,125.66370614359174,0.29683402059019265,13.240253671235,-0.6850270966345934
0.1285000000000001,-2.121103048324585,125.66370614359174,0.29949788494217605,13.475083591836256,-0.6962389598147637
0.1290000000000001,-2.115065097808838,125.66370614359174,0.302176647185403,13.713267455195552,-0.7074101119926991
0.1295000000000001,-2.108713388442993,125.66370614359174,0.30487017488793494,13.954823896263687,-0.7185339148454275
0.1300000000000001,-2.1020445823669434,125.66370614359174,0.3075783362355408,14.19977147971211,-0.7296034401979423
0.1305000000000001,-2.0950558185577393,125.66370614359174,0.3103010000308542,14.448128688985221,-0.740611709976135
0.1310000000000001,-2.0877432823181152,125.66370614359174,0.31303803557192217,14.69991393015515,-0.7515511915975129
0.1315000000000001,-2.080104112625122,125.66370614359174,0.31578931265350035,14.95514552323491,-0.7624144606561762
0.1320000000000001,-2.0721349716186523,125.66370614359174,0.3185547014737067,15.213841704491141,-0.7731936930477157
0.1325000000000001,-2.0638322830200195,125.66370614359174,0.32133407262802977,15.280016212616356,-0.7838807342769133
0.1330000000000001,-2.05977463722229,125.66370614359174,0.3279673733815055,16.92606712264887,-0.6074772014877139
0.1335000000000001,-2.058642625808716,125.66370614359174,0.3381848431480601,15.216485356644242,-0.48670181237500443
0.1340000000000001,-2.0547304153442383,125.66370614359174,0.33385147057708336,15.642488634451935,-0.6000228042590368
0.1345000000000001,-2.0486998558044434,125.66370614359174,0.33340389110544416,16.06983422983903,-0.6850791138416086
0.1350000000000001,-2.0410573482513428,125.66370614359174,0.33494316890149245,16.47109703313157,-0.7483277698606383
0.1355000000000001,-2.0321638584136963,125.66370614359174,0.33741756227977365,16.849553176486843,-0.7959428656810479
0.1360000000000001,-2.0222744941711426,125.66370614359174,0.3403074156524922,16.780648746139864,-0.8323652281167687
0.1365000000000001,-2.0166711807250977,125.66370614359174,0.34504462048083645,18.099996885663366,-0.6572095216805351
0.1370000000000001,-2.014012575149536,125.66370614359174,0.3528594188015043,16.690020370314254,-0.5377398521929283
0.1375000000000001,-2.0080502033233643,125.66370614359174,0.3498933853123068,17.289724279327892,-0.6688378188498576
0.1380000000000001,-1.9995880126953125,125.66370614359174,0.3506729461340635,17.84841208150895,-0.7660139029351469
0.1385000000000001,-1.9892373085021973,125.66370614359174,0.35319462621367964,18.351009807093906,-0.8371962526943163
0.1390000000000001,-1.9774326086044312,125.66370614359174,0.35642326580753086,17.971214523900393,-0.8897547466815228
0.1395000000000001,-1.970043659210205,125.66370614359174,0.35914616061114474,19.055124879350057,-0.7124781924437816
0.1400000000000001,-1.9656833410263062,125.66370614359174,0.36498399769923656,18.05780830122193,-0.5918508696760861
0.1405000000000001,-1.957602858543396,125.66370614359174,0.3636229497616172,18.818215145972317,-0.7350798112191532
0.1410000000000001,-1.9467189311981201,125.66370614359174,0.36566499432046384,19.49649350540422,-0.8401617973495792
0.1415000000000001,-1.9337265491485596,125.66370614359174,0.36912311745602666,19.051834165551583,-0.9161223634317813
0.1420000000000001,-1.9250744581222534,125.66370614359174,0.37084113385322637,19.92522505453968,-0.7449431148604938
0.1425000000000001,-1.91939115524292,125.66370614359174,0.37533623165277097,19.20609404787596,-0.6288025456846854
0.1430000000000001,-1.9095392227172852,125.66370614359174,0.3751435184557315,20.124036005808573,-0.7847895250316146
0.1435000000000001,-1.8965593576431274,125.66370614359174,0.37819297357897136,20.919765741125573,-0.8981245107191531
0.1440000000000001,-1.8812371492385864,125.66370614359174,0.38243799402076634,19.98843965207376,-0.9790274565525244
0.1445000000000001,-1.870486855506897,125.66370614359174,0.38220391471191234,20.7051708052289,-0.8024334371029617
0.1450000000000001,-1.862863302230835,125.66370614359174,0.3851503906775992,21.233897722365004,-0.6826933007871153
0.1455000000000001,-1.8572901487350464,125.66370614359174,0.38884892462447024,20.25998444963148,-0.6045030045139559
0.1460000000000001,-1.8464006185531616,125.66370614359174,0.3885165593278634,21.478857684386625,-0.7972982377814085
0.1465000000000001,-1.8315616846084595,125.66370614359174,0.39231623233651264,21.191940696733923,-0.9355819493990071
0.1470000000000001,-1.8205591440200806,125.66370614359174,0.3929478542095445,21.6840012748991,-0.7903067001003947
0.1475000000000001,-1.812156081199646,125.66370614359174,0.39545725739140436,22.05430758618051,-0.6924679498090786
0.1480000000000001,-1.8054215908050537,125.66370614359174,0.3983685345415641,21.317283825743463,-0.6296670859056371
0.1485000000000001,-1.792681097984314,125.66370614359174,0.3992371261893498,22.772938105933978,-0.8405720284731042
0.1490000000000001,-1.7754976749420166,125.66370614359174,0.40422644436567745,22.138859772404796,-0.9903141219664277
0.1495000000000001,-1.7622109651565552,125.66370614359174,0.40361235891540476,22.496968182144567,-0.8455993604944938
0.1500000000000001,-1.7515617609024048,125.66370614359174,0.4050475434610658,22.776320343186143,-0.7481234314669913
0.1505000000000001,-1.7426003217697144,125.66370614359174,0.40712833630649303,22.99202751748141,-0.6854943192786462
0.1510000000000001,-1.7346519231796265,125.66370614359174,0.40927773619849,22.520892306547644,-0.6472414651959264
0.1515000000000001,-1.7197264432907104,125.66370614359174,0.41155200247915963,24.30903872735091,-0.8816644644985003
0.1520000000000001,-1.69966459274292,125.66370614359174,0.41804506588296175,23.30208707780802,-1.0460114191252783
0.1525000000000001,-1.6835062503814697,125.66370614359174,0.41618459826990734,23.506542776752923,-0.9046751279505266
0.1530000000000001,-1.669985055923462,125.66370614359174,0.4164937678004312,23.68181823650632,-0.809359755917139
0.1535000000000001,-1.6581432819366455,125.66370614359174,0.4176826774897439,23.82713865432105,-0.7479556468782494
0.1540000000000001,-1.6473006010055542,125.66370614359174,0.41916381507987743,23.955099036234483,-0.7101683913378628
0.1545000000000001,-1.6369744539260864,125.66370614359174,0.4207082499449315,24.074086104293595,-0.6888314469033542
0.1550000000000001,-1.6268216371536255,125.66370614359174,0.4222399519041955,24.189372799196608,-0.6789349049482735
0.1555000000000001,-1.6165987253189087,125.66370614359174,0.4237430290378496,24.312496905814776,-0.6769601094941745
0.1560000000000001,-1.5978680849075317,125.66370614359174,0.42880956235261214,24.669915915998775,-0.9410163446843663
0.1565000000000001,-1.5812596082687378,125.66370614359174,0.42880366950723736,24.740445457708628,-0.8641560766098162
0.1570000000000001,-1.566022515296936,125.66370614359174,0.42949237659914413,24.824674179984427,-0.8129119733471507
0.1575000000000001,-1.5515598058700562,125.66370614359174,0.43051986386797975,24.913899289632415,-0.7813997093353098
0.1580000000000001,-1.5374478101730347,125.66370614359174,0.43170170440770317,25.009499486874056,-0.7635376270502433
0.1585000000000001,-1.5233855247497559,125.66370614359174,0.4329602456800496,25.11187550737947,-0.755061865989976
0.1590000000000001,-1.5091595649719238,125.66370614359174,0.4342634126610109,25.220802380820786,-0.7529805648231404
0.15950000000000011,-1.4946178197860718,125.66370614359174,0.4355975200134285,25.335726460482945,-0.755186129034124
0.16000000000000011,-1.4796524047851562,125.66370614359174,0.4369557764259298,25.45596191215603,-0.7601889023940579
0.16050000000000011,-1.4641863107681274,125.66370614359174,0.43833373755465055,25.58080930753647,-0.7669318134418652
0.16100000000000012,-1.448164463043213,125.66370614359174,0.4397277002755051,25.709620118199354,-0.7746614012082557
0.16150000000000012,-1.4315476417541504,125.66370614359174,0.441134256027004,25.841826302946007,-0.7828377131610108
0.16200000000000012,-1.4143073558807373,125.66370614359174,0.44255024396701775,25.9769488756624,-0.7910706710275361
0.16250000000000012,-1.39642333984375,125.66370614359174,0.44397280271012296,26.114594729319947,-0.7990759720998134
0.16300000000000012,-1.3778808116912842,125.66370614359174,0.445399415985534,26.254447686554112,-0.8066435592623519
0.16350000000000012,-1.3586688041687012,125.66370614359174,0.44682792703731367,26.396257432013506,-0.8136155733047349
0.16400000000000012,-1.3387795686721802,125.66370614359174,0.4482565249441922,26.53982821539944,-0.819871190580083
0.16450000000000012,-1.3182071447372437,125.66370614359174,0.4496837123104934,26.68500855788518,-0.8253153651081708
0.16500000000000012,-1.2969471216201782,125.66370614359174,0.4511082644665004,26.831682254237812,-0.8298713635026559
0.16550000000000012,-1.274996280670166,125.66370614359174,0.45252918656987845,26.979760843956544,-0.8334754165678869
0.16600000000000012,-1.252351999282837,125.66370614359174,0.45394567295481164,27.129177479028254,-0.8360727397758524
0.16650000000000012,-1.229012370109558,125.66370614359174,0.45535707098064687,27.279882061336377,-0.8376150867995342
0.16700000000000012,-1.2049760818481445,125.66370614359174,0.45676285037929476,27.43183733940965,-0.8380589166873116
0.16750000000000012,-1.1802419424057007,125.66370614359174,0.4581625776136852,27.585015973726875,-0.8373638386879838
0.16800000000000012,-1.1548089981079102,125.66370614359174,0.45955589549076364,27.73939818873001,-0.8354918275365206
0.16850000000000012,-1.1286766529083252,125.66370614359174,0.4609425066940472,27.89497004393633,-0.8324067155488291
0.16900000000000012,-1.1018445491790771,125.66370614359174,0.4623221610651465,28.05172211313266,-0.8280737021666027
0.16950000000000012,-1.0743123292922974,125.66370614359174,0.4636946457765537,28.20964847406168,-0.822458893015425
0.17000000000000012,-1.0460799932479858,125.66370614359174,0.46505977773243135,28.36874596130428,-0.8155293752112164
0.17050000000000012,-1.0171473026275635,125.66370614359174,0.4664173978037619,28.529013640300864,-0.8072526298833765
0.17100000000000012,-0.9875144958496094,125.66370614359174,0.4677673666132433,28.690452382140432,-0.7975969980343856
0.17150000000000012,-0.9571818113327026,125.66370614359174,0.4691095612690095,28.853064571897463,-0.7865312582483938
0.17200000000000013,-0.9261494278907776,125.66370614359174,0.47044387298002815,29.016853893645266,-0.7740245344467872
0.17250000000000013,-0.8944178223609924,125.66370614359174,0.47177020529989755,29.18182518534536,-0.7600465680610394
0.17300000000000013,-0.8619874119758606,125.66370614359174,0.47308847288369027,29.34798429477323,-0.7445674126382373
0.17350000000000013,-0.8288588523864746,125.66370614359174,0.4743986004243314,29.515338057202705,-0.7275576810510448
0.17400000000000013,-0.795032799243927,125.66370614359174,0.4757005221628761,29.683894192507616,-0.708988343759417
0.17450000000000013,-0.7605099081993103,125.66370614359174,0.47699418126940074,29.853661304833466,-0.6888307263582951
0.17500000000000013,-0.7252911329269409,125.66370614359174,0.4782795295967392,30.024648830291454,-0.6670567830706529
0.17550000000000013,-0.6893772482872009,125.66370614359174,0.4795565273558353,30.19686705384661,-0.6436386731049147
0.17600000000000013,-0.6527692675590515,125.66370614359174,0.4808251430457948,30.370327072373122,-0.6185491448743404
0.17650000000000013,-0.6154683232307434,125.66370614359174,0.48208535325583507,30.545040813098,-0.5917614397588011
0.17700000000000013,-0.577475368976593,125.66370614359174,0.4833371426438639,30.721021048825296,-0.5632490114596009
0.17750000000000013,-0.5387917757034302,125.66370614359174,0.4845805039723349,30.898281349942586,-0.5329861048235456
0.17800000000000013,-0.4994186460971832,125.66370614359174,0.4858154379008828,31.076836140379044,-0.5009470987554344
0.17850000000000013,-0.459357351064682,125.66370614359174,0.4870419531095158,31.256700676486325,-0.4671070342364631
0.17900000000000013,-0.4186093211174011,125.66370614359174,0.4882600662385689,31.43789104752542,-0.4314414186408955
0.17950000000000013,-0.3771759569644928,125.66370614359174,0.48946980184059047,31.6204242164734,-0.3939261368680856
0.18000000000000013,-0.3350587487220764,125.66370614359174,0.4906711925034607,31.804317967927027,-0.3545375753519634
0.18050000000000013,-0.2922592759132385,125.66370614359174,0.49186427866283255,31.989590965011654,-0.31325262782519364
0.18100000000000013,-0.24877917766571045,125.66370614359174,0.4930491087304113,32.176262726554974,-0.2700486681874459
0.18150000000000013,-0.2046200931072235,125.66370614359174,0.49422573903005085,32.364353645268245,-0.22490348777949734
0.18200000000000013,-0.1597837507724762,125.66370614359174,0.4953942338201137,32.553884954032284,-0.17779539316636453
0.18250000000000013,-0.11427190899848938,125.66370614359174,0.49655466514133406,32.74487877524088,-0.12870314301999847
0.18300000000000013,-0.0680864006280899,125.66370614359174,0.4977071129270309,32.93735810414143,-0.07760599858723671
0.18350000000000014,-0.0212290920317173,125.66370614359174,0.49885166496012695,33.131346777157546,-0.024483678612104386
0.18400000000000014,0.026298118755221367,125.66370614359174,0.49998841670461464,33.32686952886328,0.03068364378155797
0.18450000000000014,0.07449328154325485,125.66370614359174,0.5011174714391523,33.52395193539311,0.0879153183355614
0.18500000000000014,0.12335439771413803,125.66370614359174,0.5022389400677296,33.7226204583455,0.14723022246609802
0.18550000000000014,0.17287945747375488,125.66370614359174,0.5033529411929255,33.922902371013855,0.2086468071353786
0.18600000000000014,0.22306637465953827,125.66370614359174,0.5044596008352589,34.1248258336707,0.2721830210151672
0.18650000000000014,0.27391305565834045,125.66370614359174,0.5055590525907845,34.32841982602677,0.3378563950943431
0.18700000000000014,0.3254173994064331,125.66370614359174,0.5066514374163166,34.53371416632652,0.4056840471177838
0.18750000000000014,0.37757718563079834,125.66370614359174,0.5077369035952689,34.74073950616741,0.47568254541468635
0.18800000000000014,0.43039026856422424,125.66370614359174,0.5088156066880848,34.94952729202552,0.5478681529217617
0.18850000000000014,0.48385438323020935,125.66370614359174,0.5098877093473743,35.16010977523959,0.6222565884164387
0.18900000000000014,0.537967324256897,125.66370614359174,0.5109533812639594,35.37252000264885,0.6988632565831795
0.18950000000000014,0.5927268266677856,125.66370614359174,0.5120127990969074,35.58679177362257,0.7777031011200403
0.19000000000000014,0.6481305360794067,125.66370614359174,0.5130661462681673,35.802959645914456,0.8587905671165296
0.19050000000000014,0.7041761875152588,125.66370614359174,0.5141136128877012,36.0210589218402,0.9421398402767447
0.19100000000000014,0.7608614563941956,125.66370614359174,0.5151553956623844,36.24112560046786,1.0277646571247099
0.19150000000000014,0.8181838989257812,125.66370614359174,0.5161916976693864,36.46319638945759,1.1156782256393116
0.19200000000000014,0.8761411905288696,125.66370614359174,0.5172227283000169,36.687308648208344,1.2058935514088387
0.19250000000000014,0.9347310066223145,125.66370614359174,0.5182487030185877,36.913500385969535,1.2984232852573343
0.19300000000000014,0.9939508438110352,125.66370614359174,0.5192698432508547,37.14181023979042,1.3932794779991424
0.19350000000000014,1.0537983179092407,125.66370614359174,0.520286376255943,37.3722774284132,1.4904739958450737
0.19400000000000014,1.1142710447311401,125.66370614359174,0.5212985349028647,37.60494171731668,1.590018362882523
0.19450000000000014,1.1753664016723633,125.66370614359174,0.5223065574485117,37.839843404247574,1.6919234227284663
0.19500000000000015,1.2370822429656982,125.66370614359174,0.5233106873955509,38.0770232897908,1.7962003667012274
0.19550000000000015,1.2994158267974854,125.66370614359174,0.5243111733332854,38.31652262353146,1.902859196573336
0.19600000000000015,1.3623647689819336,125.66370614359174,0.5253082686829731,38.55838306140424,2.0119100997374737
0.19650000000000015,1.4259265661239624,125.66370614359174,0.5263022314443474,38.80264664362724,2.123362764872102
0.19700000000000015,1.4900988340377808,125.66370614359174,0.527293324021806,39.04935575732199,2.2372267355895485
0.19750000000000015,1.5548789501190186,125.66370614359174,0.5282818130334316,39.29855307430213,2.353510878913316
0.19800000000000015,1.6202645301818848,125.66370614359174,0.5292679690243075,39.550281500075386,2.4722241002991927
0.19850000000000015,1.6862529516220093,125.66370614359174,0.5302520661808434,39.804584154404814,2.5933746263898905
0.19900000000000015,1.7528417110443115,125.66370614359174,0.5312343821649635,40.06150429641411,2.7169705457286795
0.19950000000000015,1.8200284242630005,125.66370614359174,0.5322151978030507,40.32108526680178,2.843019816228028
0.20000000000000015,1.8878103494644165,125.66370614359174,0.5331947967755544,40.58337046186699,2.9715295214070903
0.20050000000000015,1.9561851024627686,125.66370614359174,0.5341734654265552,40.84840324048073,3.102506982173725
0.20100000000000015,2.0251502990722656,125.66370614359174,0.5351514923877827,41.1162268995483,3.235959204887543
0.20150000000000015,2.094702959060669,125.66370614359174,0.536129168371811,41.386884576063935,3.371891919044359
0.20200000000000015,2.1648409366607666,125.66370614359174,0.5371067857800617,41.66041922904748,3.510311858148076
0.20250000000000015,2.2355616092681885,125.66370614359174,0.5380846385204647,41.93687349579059,3.651224662610663
0.20300000000000015,2.3068623542785645,125.66370614359174,0.5390630214713834,42.21628972366359,3.7946356308635663
0.20350000000000015,2.3787405490875244,125.66370614359174,0.5400422304204094,42.49870980085239,3.9405497128472207
0.20400000000000015,2.4511938095092773,125.66370614359174,0.5410225615036803,42.78417514869215,4.088971900411003
0.20450000000000015,2.524219512939453,125.66370614359174,0.5420043110008559,43.07272660178329,4.239906431684304
0.20500000000000015,2.5978147983551025,125.66370614359174,0.5429877748961457,43.36440436405753,4.3933567677479015
0.20550000000000015,2.6719775199890137,125.66370614359174,0.5439732486090905,43.659247900801226,4.549327191964113
0.20600000000000016,2.7467048168182373,125.66370614359174,0.5449610265812211,43.95729585948998,4.707820386939242
0.20650000000000016,2.8219943046569824,125.66370614359174,0.5459514019047594,44.2585859703628,4.8688394373441595
0.20700000000000016,2.8978431224823,125.66370614359174,0.5469446659038693,44.196495503278435,5.032386186442926
0.20750000000000016,2.96238374710083,125.66370614359174,0.5498180801314988,43.931213755722524,4.474748564293536
0.20800000000000016,3.0190048217773438,125.66370614359174,0.5543229049874919,41.140067842189396,4.082335684053044
0.20850000000000016,3.0823421478271484,125.66370614359174,0.550776636188558,42.484067858249325,4.582229055867228
0.20900000000000016,3.1507210731506348,125.66370614359174,0.5498446650464734,43.60848127393824,5.001806845272008
0.20950000000000016,3.2228498458862305,125.66370614359174,0.5502375159996431,44.53044146252086,5.358274163092458
0.21000000000000016,3.2978034019470215,125.66370614359174,0.5512403403129276,44.36207685854044,5.669483116547967
0.21050000000000016,3.3622825145721436,125.66370614359174,0.551887101934589,43.68254828154403,5.076293833668137
0.21100000000000016,3.4194369316101074,125.66370614359174,0.5540411363251672,41.601715834282494,4.661913242832008
0.21150000000000016,3.484501838684082,125.66370614359174,0.5518646027447001,43.39993832673149,5.302139390280128
0.21200000000000016,3.5554513931274414,125.66370614359174,0.5522106131849747,44.85544324798452,5.828827106372703
0.21250000000000016,3.6307382583618164,125.66370614359174,0.5536501498835419,44.3747388960761,6.267507934409015
0.21300000000000016,3.6959896087646484,125.66370614359174,0.5522736000598447,43.39472367847633,5.638654327792858
0.21350000000000016,3.75422739982605,125.66370614359174,0.5525728601192591,42.59888481159833,5.201200022885616
0.21400000000000016,3.807709217071533,125.66370614359174,0.5530782000410183,40.889063196554936,4.913373172545344
0.21450000000000016,3.8716800212860107,125.66370614359174,0.5513226415126802,43.49633065568128,5.808357103897688
0.21500000000000016,3.943361282348633,125.66370614359174,0.5528268043400076,43.72542927765258,6.524306515048302
0.21550000000000016,4.0067877769470215,125.66370614359174,0.5508330948819831,42.63809264540803,5.968088481772489
0.21600000000000016,4.06446647644043,125.66370614359174,0.5499589604833537,41.774092140364516,5.587053474078416
0.21650000000000016,4.118289947509766,125.66370614359174,0.549290731330138,41.0830480896498,5.343817916556342
0.21700000000000016,4.169608116149902,125.66370614359174,0.5484955298180393,40.16287943792075,5.201740294773948
0.21750000000000017,4.23372745513916,125.66370614359174,0.5484036580113022,43.64074004795247,6.365914048308465
0.21800000000000017,4.307186603546143,125.66370614359174,0.5518961821479692,43.3876467193386,7.281256946546815
0.21850000000000017,4.372830390930176,125.66370614359174,0.547923799886137,42.08270055257677,6.709160715361213
0.21900000000000017,4.433032989501953,125.66370614359174,0.5453755233671358,41.07467962944522,6.319402004953368
0.21950000000000017,4.489595890045166,125.66370614359174,0.5433996514434742,40.28945876704257,6.073558255683973
0.22000000000000017,4.5438032150268555,125.66370614359174,0.5416124157371153,39.67074584611749,5.933123923052444
0.22050000000000017,4.596567630767822,125.66370614359174,0.5398694986664753,39.17682045666021,5.86970426499695
0.22100000000000017,4.648538589477539,125.66370614359174,0.5381262070596654,38.77664089918088,5.862557073014917
0.22150000000000017,4.700175762176514,125.66370614359174,0.5363751889723025,38.44706558981927,5.896597773969835
0.22200000000000017,4.751804351806641,125.66370614359174,0.5346203164225111,38.170847846139196,5.960892237995353
0.22250000000000017,4.80365514755249,125.66370614359174,0.5328667689083045,37.93515764896731,6.047534671676568
0.22300000000000017,4.855888843536377,125.66370614359174,0.5311180050927478,37.730477942524175,6.150815329475305
0.22350000000000017,4.908618927001953,125.66370614359174,0.5293754122796994,37.54977521824247,6.26661863003372
0.22400000000000017,4.961923122406006,125.66370614359174,0.5276388147865927,37.38787492508393,6.391978778418764
0.22450000000000017,5.01585578918457,125.66370614359174,0.5259071151552547,37.240991033176726,6.524762790895045
0.22500000000000017,5.070451736450195,125.66370614359174,0.5241788204566803,37.106372379984,6.663434593671971
0.22550000000000017,5.125735282897949,125.66370614359174,0.5224524036560192,36.982037354986154,6.806892814057239
0.22600000000000017,5.181720733642578,125.66370614359174,0.5207265203734452,36.866575360567346,6.954345919762169
0.22650000000000017,5.238417148590088,125.66370614359174,0.5190001192827541,36.75899867468386,7.1052280237430185
0.22700000000000017,5.295827865600586,125.66370614359174,0.5172724823408221,36.65863224757897,7.259133037293976
0.22750000000000017,5.353953838348389,125.66370614359174,0.51554322292466,36.56503183420442,7.415772198540923
0.22800000000000017,5.4127936363220215,125.66370614359174,0.5138122610396174,36.47792337217346,7.574940288551456
0.22850000000000018,5.472344875335693,125.66370614359174,0.5120797883912747,36.39715822995896,7.73649329012578
0.22900000000000018,5.532602787017822,125.66370614359174,0.5103462311622763,36.32268007035883,7.900328869380147
0.22950000000000018,5.593563556671143,125.66370614359174,0.5086122141507318,36.254500567441525,8.066378495637766
0.23000000000000018,5.655221939086914,125.66370614359174,0.5068785290910204,36.19268144723523,8.234595031636758
0.23050000000000018,5.717572212219238,125.66370614359174,0.5051461073099897,36.137321311099285,8.404947558169804
0.23100000000000018,5.780609130859375,125.66370614359174,0.5034159969869818,36.08854594030057,8.577418100788053
0.23150000000000018,5.844326972961426,125.66370614359174,0.5016893445711317,36.04650116052323,8.751996888562735
0.23200000000000018,5.90872049331665,125.66370614359174,0.49996737979684497,36.011347581707234,8.928681357826528
0.23250000000000018,5.973783016204834,125.66370614359174,0.4982514037007616,35.98325670892321,9.107471548437898
0.23300000000000018,6.039510250091553,125.66370614359174,0.4965427790743082,35.96240805358831,9.288374632369463
0.23350000000000018,6.10589599609375,125.66370614359174,0.4948429228493978,35.9489869730505,9.471397522394803
0.23400000000000018,6.1729350090026855,125.66370614359174,0.4931532999891438,35.94318303933643,9.656550577404854
0.23450000000000018,6.240622520446777,125.66370614359174,0.49147541852920273,35.945188804964566,9.843846448542864
0.23500000000000018,6.308953285217285,125.66370614359174,0.48981082553406025,35.955198784285976,10.033298256601524
0.23550000000000018,6.377922058105469,125.66370614359174,0.4881611034768254,35.973408757636555,10.224920078176497
0.23600000000000018,6.447524547576904,125.66370614359174,0.4865278674428796,36.00001507604551,10.418728307299018
0.23650000000000018,6.51775598526001,125.66370614359174,0.48491276227003216,36.03521418170143,10.614739248405323
0.23700000000000018,6.588611602783203,125.66370614359174,0.48331746015662996,36.07920210146177,10.812969765078536
0.23750000000000018,6.660087585449219,125.66370614359174,0.4817436581218662,36.13217411765947,11.013438773111144
0.23800000000000018,6.732179641723633,125.66370614359174,0.4801930758863669,36.19432433424925,11.216164850796856
0.23850000000000018,6.8048834800720215,125.66370614359174,0.47866745338053024,36.26584537793756,11.421166948992637
0.23900000000000018,6.878195285797119,125.66370614359174,0.47716854848171725,36.346928030680395,11.628465146030331
0.23950000000000018,6.952111721038818,125.66370614359174,0.4756981344740846,36.4377609368677,11.838080626376792
0.24000000000000019,7.0266289710998535,125.66370614359174,0.47425799758065235,36.538530297043835,12.050034026777112
0.24050000000000019,7.101743698120117,125.66370614359174,0.4728499343885476,36.64941952389951,12.264347006379973
0.2410000000000002,7.177452564239502,125.66370614359174,0.4714757490020746,36.77060896991058,12.48104139558678
0.2415000000000002,7.253752708435059,125.66370614359174,0.4701372502837856,36.90227558990043,12.700139980996761
0.2420000000000002,7.33064079284668,125.66370614359174,0.46883624880818625,37.044592606947944,12.921664798050536
0.2425000000000002,7.408114433288574,125.66370614359174,0.4675745536374959,37.19772927206943,13.145639583767993
0.2430000000000002,7.486170768737793,125.66370614359174,0.4663539693295602,37.36185044834829,13.372087221408648
0.2435000000000002,7.564807415008545,125.66370614359174,0.46517629229231167,37.53711635367938,13.601031359908774
0.2440000000000002,7.644021511077881,125.66370614359174,0.4640433074353195,37.72368218945334,13.832494652026876
0.2445000000000002,7.723811149597168,125.66370614359174,0.4629567844388063,37.92169784422656,14.066501259934606
0.2450000000000002,7.804173946380615,125.66370614359174,0.4619184741177152,38.131307531897534,14.30307421627279
0.2455000000000002,7.88510799407959,125.66370614359174,0.46093010452291383,38.35264944317286,14.542237076255072
0.2460000000000002,7.966611385345459,125.66370614359174,0.4599933769508195,38.58585544350835,14.784012977744723
0.2465000000000002,8.04868221282959,125.66370614359174,0.4591099620738338,38.83105065622823,15.028424557510862
0.2470000000000002,8.131318092346191,125.66370614359174,0.45828149563796944,39.0883531570548,15.275492961838212
0.2475000000000002,8.214517593383789,125.66370614359174,0.45750957441800516,39.35787363101227,15.525240431207841
0.2480000000000002,8.298279762268066,125.66370614359174,0.4567957521233198,39.63971495019319,15.777689350721904
0.2485000000000002,8.38260269165039,125.66370614359174,0.4561415349715555,39.93397188096346,16.032859434562397
0.2490000000000002,8.467485427856445,125.66370614359174,0.4555483776671126,40.24073064634957,16.290771238532095
0.2495000000000002,8.552925109863281,125.66370614359174,0.45501767897867734,40.113708977673575,16.551440562121364
0.25000000000000017,8.62619400024414,125.66370614359174,0.45625645267498033,37.67083760792882,14.594261108366375
0.25050000000000017,8.690808296203613,125.66370614359174,0.4589137577202174,33.54291758933049,13.200102032493929
0.25100000000000017,8.762447357177734,125.66370614359174,0.45293664105767206,35.931684306140774,14.540666136501992
0.25150000000000017,8.839375495910645,125.66370614359174,0.4503225785853688,37.84587642985069,15.604057979592294
0.25200000000000017,8.920245170593262,125.66370614359174,0.44945458155972867,38.33964788945337,16.450846164440645
0.25250000000000017,8.990559577941895,125.66370614359174,0.4477037114112074,35.79218879301404,14.683515801378611
0.25300000000000017,9.053397178649902,125.66370614359174,0.4471528749665949,32.79333538284964,13.433095853041777
0.25350000000000017,9.124898910522461,125.66370614359174,0.44331283667365223,36.018561285810556,15.120998598075172
0.25400000000000017,9.202851295471191,125.66370614359174,0.44292707253222136,36.905518894283524,16.43820039820884
0.25450000000000017,9.271439552307129,125.66370614359174,0.43902447967530045,34.36747803320281,14.82536274922834
0.25500000000000017,9.333417892456055,125.66370614359174,0.43635350261585903,32.4157416854598,13.69115893334301
0.25550000000000017,9.390862464904785,125.66370614359174,0.43370227251992005,30.91884942997451,12.924851134238452
0.25600000000000017,9.44526481628418,125.66370614359174,0.4306864651579547,29.30550606050152,12.425462768900598
0.2565000000000002,9.512354850769043,125.66370614359174,0.4282369013522931,34.39147318828768,14.928204656307987
0.2570000000000002,9.58874797821045,125.66370614359174,0.43090358287880953,35.310022698890684,16.833092931426215
0.2575000000000002,9.656994819641113,125.66370614359174,0.4239747883195313,32.79983808580305,15.380224393113211
0.2580000000000002,9.719513893127441,125.66370614359174,0.4186874834877783,30.91603133191418,14.3672370206582
0.2585000000000002,9.778149604797363,125.66370614359174,0.41404972287266806,29.511980322537465,13.695113489349925
0.2590000000000002,9.834218978881836,125.66370614359174,0.4096313353190726,28.46407342846308,13.269754613713003
0.2595000000000002,9.888665199279785,125.66370614359174,0.4052887216402571,27.682150709454646,13.022776404455353
0.2600000000000002,9.942160606384277,125.66370614359174,0.40099347922505035,27.100434657616447,12.904758120928829
0.2605000000000002,9.995184898376465,125.66370614359174,0.396756912960118,26.67090531278382,12.880071590144025
0.2610000000000002,10.048080444335938,125.66370614359174,0.39259923951054887,26.35852162674506,12.923080621741988
0.2615000000000002,10.101092338562012,125.66370614359174,0.38853864064318144,26.137745034265194,13.015368416390245
0.2620000000000002,10.15439510345459,125.66370614359174,0.3845885873839375,25.989997301415045,13.143721486604395
0.2625000000000002,10.208112716674805,125.66370614359174,0.3807582303835121,25.901796356848664,13.29867164850074
0.2630000000000002,10.262334823608398,125.66370614359174,0.3770536367145884,25.863387844262697,13.473445783258851
0.2635000000000002,10.317124366760254,125.66370614359174,0.37347901394689004,25.867740468943353,13.663203792360212
0.2640000000000002,10.372527122497559,125.66370614359174,0.37003765450291004,25.909808893063598,13.864495493713305
0.2645000000000002,10.428576469421387,125.66370614359174,0.36673257251257596,25.985993435974724,14.074867529431108
0.2650000000000002,10.485296249389648,125.66370614359174,0.363566886643043,26.093744503104666,14.292580252183363
0.2655000000000002,10.542701721191406,125.66370614359174,0.36054401829256993,26.231273301400723,14.516402947254592
0.2660000000000002,10.600807189941406,125.66370614359174,0.35766776598088307,26.397340561531884,14.745476442197825
0.2665000000000002,10.659622192382812,125.66370614359174,0.35494230243262115,26.591102447011057,14.979201962552532
0.2670000000000002,10.71915340423584,125.66370614359174,0.3523721270435923,26.811998180143817,15.217167716307353
0.2675000000000002,10.779406547546387,125.66370614359174,0.34996199452992005,27.05966830744459,15.459097091911783
0.2680000000000002,10.840385437011719,125.66370614359174,0.3477168339668796,27.333895149086445,15.704808282203158
0.2685000000000002,10.902094841003418,125.66370614359174,0.34564166538423347,27.634559496266235,15.95419042543277
0.2690000000000002,10.964537620544434,125.66370614359174,0.3437415186933351,27.961609133150514,16.20717944400776
0.2695000000000002,11.027715682983398,125.66370614359174,0.3420213572780846,28.315035878024286,16.463744987803597
0.2700000000000002,11.091632843017578,125.66370614359174,0.3404860068320554,28.69485889875412,16.723884377373157
0.2705000000000002,11.156291961669922,125.66370614359174,0.33914009021551494,29.101112459125893,16.987610994102077
0.2710000000000002,11.221693992614746,125.66370614359174,0.33798796772629564,29.533836987607817,17.254947405892807
0.2715000000000002,11.287841796875,125.66370614359174,0.3370336832580122,29.993072451031786,17.525927298263305
0.2720000000000002,11.354738235473633,125.66370614359174,0.33628091576498725,30.478853467020848,17.800589824860577
0.2725000000000002,11.422385215759277,125.66370614359174,0.3357329363615934,30.991205643370904,18.07897605421776
0.2730000000000002,11.49078369140625,125.66370614359174,0.3353925709685272,31.530142742757675,18.361127389898904
0.2735000000000002,11.559938430786133,125.66370614359174,0.3352621682224477,32.09566456269178,18.647092050308718
0.2740000000000002,11.629849433898926,125.66370614359174,0.335343573433062,32.68775521969162,18.936910527223574
0.2745000000000002,11.700519561767578,125.66370614359174,0.3356381081152583,33.30638177902992,19.230627087840737
0.2750000000000002,11.771950721740723,125.66370614359174,0.3361465554322561,33.951493118601526,19.528283125995895
0.2755000000000002,11.844145774841309,125.66370614359174,0.3368691515166724,33.91027215036672,19.829919836714566
0.2760000000000002,11.908417701721191,125.66370614359174,0.3382132479632589,31.405088031817993,18.05132409464735
0.2765000000000002,11.966963768005371,125.66370614359174,0.3415317836121277,27.684130037411446,16.770795990306233
0.2770000000000002,12.030561447143555,125.66370614359174,0.33600564303485836,30.596943885538312,18.076200649608
0.2775000000000002,12.098090171813965,125.66370614359174,0.33498332956152,33.01005127552138,19.129781383433844
0.2780000000000002,12.168671607971191,125.66370614359174,0.3362857007001939,33.343721890561554,19.985159704244534
0.2785000000000002,12.23194694519043,125.66370614359174,0.3326366936967562,30.673435845041475,18.302965966726575
0.2790000000000002,12.289987564086914,125.66370614359174,0.33116239451471996,28.653737628286436,17.103895544427896
0.2795000000000002,12.34436321258545,125.66370614359174,0.32967774891472446,26.545905869047903,16.275585024651708
0.2800000000000002,12.40650749206543,125.66370614359174,0.3274537606778994,31.24596230413147,18.28599950652004
0.2805000000000002,12.474525451660156,125.66370614359174,0.331148103133446,32.390413520814775,19.852663156069788
0.2810000000000002,12.536314964294434,125.66370614359174,0.32441334013568285,29.8797609425682,18.390512720577817
0.2815000000000002,12.593680381774902,125.66370614359174,0.3197742152868183,28.04050098900186,17.360956895470068
0.2820000000000002,12.647997856140137,125.66370614359174,0.3158059875634897,26.720978985117355,16.66606472301008
0.2825000000000002,12.700264930725098,125.66370614359174,0.31196343469843074,25.791793334538948,16.214571519267764
0.2830000000000002,12.75119686126709,125.66370614359174,0.3081173612048687,25.158214723321933,15.940054210671425
0.2835000000000002,12.801311492919922,125.66370614359174,0.30429330234319574,24.750879907537147,15.794411795261547
0.2840000000000002,12.850985527038574,125.66370614359174,0.3005603739495162,24.51897566746366,15.742888227092719
0.2845000000000002,12.900487899780273,125.66370614359174,0.29698848609094036,24.42530291088488,15.760408358448615
0.2850000000000002,12.950019836425781,125.66370614359174,0.2936349706117527,24.442667645423874,15.828920529511338
0.2855000000000002,12.999723434448242,125.66370614359174,0.29054291215406963,24.551227662218427,15.935437082623826
0.2860000000000002,13.049708366394043,125.66370614359174,0.2877434405911702,24.736536818836445,16.070637198460325
0.2865000000000002,13.100052833557129,125.66370614359174,0.28525879781272395,24.988102658143937,16.227832543614582
0.2870000000000002,13.150818824768066,125.66370614359174,0.28310501872715366,25.298323153439153,16.402237405522424
0.2875000000000002,13.202052116394043,125.66370614359174,0.28129392593251884,25.661703901001765,16.590428309956348
0.2880000000000002,13.253789901733398,125.66370614359174,0.279834471706564,26.07428265769123,16.789963894590226
0.2885000000000002,13.306061744689941,125.66370614359174,0.27873356453138864,26.533207094664775,16.999105548122397
0.2890000000000002,13.358892440795898,125.66370614359174,0.277996528558663,27.036425420101022,17.216619168249142
0.2895000000000002,13.412301063537598,125.66370614359174,0.2776273207122285,27.582460198497024,17.44162878061364
0.2900000000000002,13.466307640075684,125.66370614359174,0.27762860217789026,28.17024315967475,17.673520925580416
0.2905000000000002,13.520927429199219,125.66370614359174,0.27800173206955264,28.798994786787627,17.911862437925183
0.2910000000000002,13.576173782348633,125.66370614359174,0.27874673058284616,29.468136637614347,18.156350396635236
0.2915000000000002,13.632061958312988,125.66370614359174,0.2798622416562952,30.177227516336647,18.4067787220234
0.2920000000000002,13.688603401184082,125.66370614359174,0.2813455128840903,30.925917117588174,18.663002923017768
0.2925000000000002,13.745811462402344,125.66370614359174,0.28319240281181246,31.71391228307268,18.924927963488184
0.2930000000000002,13.803695678710938,125.66370614359174,0.285397418239382,32.54095249379499,19.192486233060954
0.2935000000000002,13.862268447875977,125.66370614359174,0.2879537813551021,33.406792009017316,19.465636465417674
0.2940000000000002,13.921539306640625,125.66370614359174,0.2908535228492172,34.31118684171089,19.744348468663397
0.2945000000000002,13.981518745422363,125.66370614359174,0.294087596154161,34.71880848970437,20.02860307686135
0.2950000000000002,14.039036750793457,125.66370614359174,0.2988463667940684,33.62818668769697,19.420747716820546
0.2955000000000002,14.094579696655273,125.66370614359174,0.30528744321046,30.81436496022507,18.941603992026376
0.2960000000000002,14.152281761169434,125.66370614359174,0.3011871127220283,33.3885745384274,19.631416911790044
0.2965000000000002,14.211840629577637,125.66370614359174,0.3023654456949122,35.6573711371019,20.24282703981185
0.2970000000000002,14.272995948791504,125.66370614359174,0.3062987989959416,35.96660562044033,20.786693483288488
0.2975000000000002,14.331050872802734,125.66370614359174,0.3045742201749049,34.332684743930464,19.983741279399364
0.2980000000000002,14.38674545288086,125.66370614359174,0.3050948872794339,33.06209763750313,19.383080378822417
0.2985000000000002,14.44067668914795,125.66370614359174,0.3055115821676726,31.66505433231868,18.947463161357646
0.2990000000000002,14.498552322387695,125.66370614359174,0.30624638823254796,35.96735009092139,20.168138637007836
0.2995000000000002,14.559591293334961,125.66370614359174,0.3133439781330167,36.68116562971213,21.17523122646473
0.3000000000000002,14.617440223693848,125.66370614359174,0.30783283034525616,34.88932240977456,20.327748759992666
0.3005000000000002,14.672928810119629,125.66370614359174,0.30467609666946843,33.58709004143632,19.713054993883773
0.3010000000000002,14.726715087890625,125.66370614359174,0.30235411171329646,32.67241194115149,19.28525199388359
0.3015000000000002,14.779293060302734,125.66370614359174,0.3002824199233347,32.05820213236364,18.99773242357924
0.3020000000000002,14.831029891967773,125.66370614359174,0.2983213482084526,31.679242873496133,18.815598786311167
0.3025000000000002,14.88219928741455,125.66370614359174,0.296494197426938,31.486716045345595,18.712914735775055
0.3030000000000002,14.933011054992676,125.66370614359174,0.29486856638472925,31.444116680732918,18.67049077882566
0.3035000000000002,14.983620643615723,125.66370614359174,0.2935113323280048,31.52421426724664,18.674173066381844
0.3040000000000002,15.034148216247559,125.66370614359174,0.2924749491509946,31.706761768710415,18.713560504551502
0.3045000000000002,15.084688186645508,125.66370614359174,0.29179601703535846,31.976758070876834,18.78103243130862
0.3050000000000002,15.135313987731934,125.66370614359174,0.29149790373453577,32.32312873667025,18.87101767641725
0.3055000000000002,15.18608570098877,125.66370614359174,0.2915940912199257,32.73772609676576,18.979455021786844
0.3060000000000002,15.237051963806152,125.66370614359174,0.2920910707105487,33.21457377108434,19.103388211807985
0.3065000000000002,15.288253784179688,125.66370614359174,0.29299050624495093,33.74929802195155,19.240669568512974
0.3070000000000002,15.339727401733398,125.66370614359174,0.29429072482297985,34.3387013601181,19.38974168847397
0.3075000000000002,15.391505241394043,125.66370614359174,0.29598768830198274,34.98044412157264,19.549475606852475
0.3080000000000002,15.44361400604248,125.66370614359174,0.2980756052627364,35.672807453358686,19.719048882679253
0.3085000000000002,15.49608039855957,125.66370614359174,0.30054730994204026,36.41451750929931,19.897865465413755
0.3090000000000002,15.548928260803223,125.66370614359174,0.3033945014067182,37.204615456127755,20.0854883089229
0.3095000000000002,15.602181434631348,125.66370614359174,0.3066079055394772,38.04236153964794,20.281596603694506
0.3100000000000002,15.655860900878906,125.66370614359174,0.3101773985109723,38.92716452281936,20.48594828844672
0.3105000000000002,15.709988594055176,125.66370614359174,0.31409211503975376,39.85852979462453,20.698360458638714
0.3110000000000002,15.764583587646484,125.66370614359174,0.31834055228861907,40.83602134011072,20.918686548520434
0.3115000000000002,15.81966495513916,125.66370614359174,0.3229106746991648,41.85923381954714,21.146807121922443
0.3120000000000002,15.875250816345215,125.66370614359174,0.32779001968818133,42.92777209976297,21.382619204225534
0.3125000000000002,15.931361198425293,125.66370614359174,0.33296580298275913,44.04123624566563,21.626033294311885
0.3130000000000002,15.988012313842773,125.66370614359174,0.3384250212414523,44.30877932885125,21.876960664850536
0.3135000000000002,16.044889450073242,125.66370614359174,0.34361425144199503,44.383167022564365,22.028082313706943
0.3140000000000002,16.10162925720215,125.66370614359174,0.35043227089613904,42.800981525653974,22.06355108063972
0.3145000000000002,16.15896987915039,125.66370614359174,0.3500221656284854,45.07293650198815,22.337186093958483
0.3150000000000002,16.21702003479004,125.66370614359174,0.35403223216275803,45.9785387886037,22.64851336379517
0.3155000000000002,16.274316787719727,125.66370614359174,0.35591871546069237,45.38356341294241,22.484262448280568
0.3160000000000002,16.33086395263672,125.66370614359174,0.3585661244727719,44.835538535096575,22.319107505267475
0.3165000000000002,16.3867244720459,125.66370614359174,0.3605706362604958,43.884302004965,22.171064228747007
0.3170000000000002,16.444351196289062,125.66370614359174,0.3624302995429003,47.68658769082727,22.831099176646823
0.3175000000000002,16.50357437133789,125.66370614359174,0.370241367320028,48.014634963553426,23.441373298069585
0.3180000000000002,16.56128692626953,125.66370614359174,0.3672513763071595,46.888371470996965,23.024929607419395
0.3185000000000002,16.617782592773438,125.66370614359174,0.3660415087153509,46.04381995863395,22.699284524248334
0.31900000000000023,16.673320770263672,125.66370614359174,0.3654078087321873,45.43594292701891,22.45709476711387
0.31950000000000023,16.728116989135742,125.66370614359174,0.36490933901373673,45.024267861756144,22.28395259446011
0.32000000000000023,16.782346725463867,125.66370614359174,0.36445695077888834,44.7759231551219,22.167386566188856
0.32050000000000023,16.836153030395508,125.66370614359174,0.36408437237315855,44.66451434540475,22.09704375822494
0.32100000000000023,16.8896541595459,125.66370614359174,0.36385437238496127,44.669091988431674,22.064555203913777
0.32150000000000023,16.942941665649414,125.66370614359174,0.36382464449162527,44.77322505755582,22.063277958428483
0.32200000000000023,16.99609375,125.66370614359174,0.36403852527571284,44.964171168923826,22.088026656448022
0.32250000000000023,17.049179077148438,125.66370614359174,0.36452509231953967,45.232150267306835,22.134803674215938
0.32300000000000023,17.102252960205078,125.66370614359174,0.36530210046512746,45.56972534045992,22.200549928126797
0.32350000000000023,17.15536117553711,125.66370614359174,0.366379192627657,45.971287110429884,22.282942680505666
0.32400000000000023,17.20854949951172,125.66370614359174,0.3677605388286607,46.43263389147399,22.380237715793143
0.32450000000000023,17.26185417175293,125.66370614359174,0.3694467515118275,46.95063502921074,22.491120247945265
0.32500000000000023,17.315309524536133,125.66370614359174,0.3714361740930768,47.522965096376765,22.61460691345717
0.32550000000000023,17.36895179748535,125.66370614359174,0.37372569880653056,48.147896481324935,22.74996672694639
0.32600000000000023,17.422809600830078,125.66370614359174,0.37631125957501754,48.82413911535286,22.896643878866737
0.32650000000000023,17.476909637451172,125.66370614359174,0.3791881139125523,49.550717714816294,23.054215694824716
0.32700000000000023,17.53128433227539,125.66370614359174,0.3823509960447061,50.32687831827561,23.2223652198284
0.32750000000000024,17.585954666137695,125.66370614359174,0.38579419588955094,51.152017642430096,23.400830293727324
0.32800000000000024,17.640949249267578,125.66370614359174,0.38951159986492506,52.02562985855014,23.58940754359435
0.32850000000000024,17.696292877197266,125.66370614359174,0.39349671449500373,52.94726668828516,23.78792142590376
0.32900000000000024,17.75200843811035,125.66370614359174,0.397742685294535,53.91650752476205,23.99621490388965
0.32950000000000024,17.808120727539062,125.66370614359174,0.40224231695082935,54.932937185234884,24.21414580016107
0.33000000000000024,17.86465072631836,125.66370614359174,0.40698809788663143,55.996129258103764,24.441572552226454
0.33050000000000024,17.921619415283203,125.66370614359174,0.4119722291152105,57.10563371460177,24.678354462039476
0.33100000000000024,17.979049682617188,125.66370614359174,0.4171866572430232,58.260967643454244,24.92435073082242
0.33150000000000024,18.03696060180664,125.66370614359174,0.42262311025838284,59.4616083169985,25.1794098556148
0.33200000000000024,18.095373153686523,125.66370614359174,0.4282731349024694,60.706987939755805,25.443375444184493
0.33250000000000024,18.15430450439453,125.66370614359174,0.4341281342071314,60.97272672874386,25.716076626846473
0.33300000000000024,18.212514877319336,125.66370614359174,0.4394931454693411,61.03240696987008,25.537738625951743
0.33350000000000024,18.26994514465332,125.66370614359174,0.44573906688262327,59.63002003315189,25.33338872218437
0.33400000000000024,18.328487396240234,125.66370614359174,0.4466922444773174,62.03508015387129,25.8247359324657
0.33450000000000024,18.38810920715332,125.66370614359174,0.4511998714655062,62.73592729605701,26.305751183437067
0.33500000000000024,18.446264266967773,125.66370614359174,0.45305009570190335,61.99493008978522,25.850025858155544
0.33550000000000024,18.503192901611328,125.66370614359174,0.45535824886912557,61.30033305552901,25.47674574201027
0.33600000000000024,18.559123992919922,125.66370614359174,0.45707230949435157,60.683442505056455,25.18537772635
0.33650000000000024,18.614261627197266,125.66370614359174,0.45800748058757257,60.15570524925767,24.965463215514138
0.33700000000000024,18.668773651123047,125.66370614359174,0.4582883474276336,59.7193640429025,24.806409879694744
0.33750000000000024,18.722801208496094,125.66370614359174,0.4581124846071184,59.371658128072774,24.69856973291664
0.33800000000000024,18.776466369628906,125.66370614359174,0.45766425651383685,59.107486321384094,24.63364885743631
0.33850000000000025,18.829864501953125,125.66370614359174,0.4570904719773964,58.9210215721183,24.60476520578471
0.33900000000000025,18.883079528808594,125.66370614359174,0.456499602782191,58.80661274741976,24.606368867134687
0.33950000000000025,18.936182022094727,125.66370614359174,0.45596850792053745,58.75922952929941,24.634066929354958
0.34000000000000025,18.989233016967773,125.66370614359174,0.4555503108004363,58.77463071936415,24.684436049230463
0.34050000000000025,19.04228401184082,125.66370614359174,0.45528121979992503,58.849375542899274,24.75483783322829
0.34100000000000025,19.095382690429688,125.66370614359174,0.45518577450122255,58.9807540444361,24.843262189331696
0.34150000000000025,19.148571014404297,125.66370614359174,0.4552806306863774,59.16668262363514,24.948185680584256
0.34200000000000025,19.201889038085938,125.66370614359174,0.45557717988756036,59.40559116818615,25.06846211987391
0.34250000000000025,19.255373001098633,125.66370614359174,0.4560833071280511,59.69631587964302,25.203228203987056
0.34300000000000025,19.30905532836914,125.66370614359174,0.45680454023999517,60.03800423331426,25.351830924099374
0.34350000000000025,19.36297035217285,125.66370614359174,0.45774478296176807,60.43003449602957,25.513778490755545
0.34400000000000025,19.41714859008789,125.66370614359174,0.45890677167544425,60.8719493040144,25.688689242315295
0.34450000000000025,19.471620559692383,125.66370614359174,0.4602923516577524,61.36340223392846,25.876263296078985
0.34500000000000025,19.52641487121582,125.66370614359174,0.4619026396961061,61.90411530251495,26.076254727311145
0.34550000000000025,19.581558227539062,125.66370614359174,0.4637381161657667,62.493845731616204,26.288452422063767
0.34600000000000025,19.637081146240234,125.66370614359174,0.4657986759727868,63.132360078741414,26.51267340721895
0.34650000000000025,19.693008422851562,125.66370614359174,0.46808365628810955,63.81941424959877,26.74873932105946
0.34700000000000025,19.749364852905273,125.66370614359174,0.47059185266276754,64.55473817805273,26.99647599368372
0.34750000000000025,19.806177139282227,125.66370614359174,0.47332153077629663,65.33802407481444,27.2557100940551
0.34800000000000025,19.863468170166016,125.66370614359174,0.4762704377183033,66.16891744923723,27.526256832501584
0.34850000000000025,19.921260833740234,125.66370614359174,0.47943581510907896,67.04701020359883,27.80792177003954
0.34900000000000025,19.97957992553711,125.66370614359174,0.48281441491738136,67.9718353885705,28.10050098694678
0.34950000000000025,20.03844451904297,125.66370614359174,0.4864025186037755,68.94286312032048,28.403768478354984
0.35000000000000026,20.097877502441406,125.66370614359174,0.4901959591059693,69.95949747979869,28.717488006826837
0.35050000000000026,20.15789794921875,125.66370614359174,0.49419014566407937,71.02107406809519,29.041401197896825
0.35100000000000026,20.218523025512695,125.66370614359174,0.4983800906821833,72.12685810663274,29.375229185737897
0.35150000000000026,20.27977180480957,125.66370614359174,0.502760438234926,73.27604297487422,29.718677347671694
0.35200000000000026,20.34166145324707,125.66370614359174,0.507325493769694,74.46774906205435,30.071429171843523
0.35250000000000026,20.404207229614258,125.66370614359174,0.5120692544028608,74.79097755579723,30.433145609268568
0.35300000000000026,20.46295738220215,125.66370614359174,0.516911174533633,73.4990068544204,28.96872715450793
0.35350000000000026,20.51880645751953,125.66370614359174,0.5218637579113933,71.06026707759439,27.858545841581723
0.35400000000000026,20.577560424804688,125.66370614359174,0.5218205174862373,73.97888922408048,29.135559127317848
0.35450000000000026,20.638704299926758,125.66370614359174,0.5250514380677227,74.87873500929042,30.20957832487834
0.35500000000000026,20.696130752563477,125.66370614359174,0.5257753454984374,72.9652879757584,28.757026987780755
0.35550000000000026,20.750797271728516,125.66370614359174,0.5266214118964685,71.34943008767789,27.68882792529844
0.35600000000000026,20.803464889526367,125.66370614359174,0.526790636734467,70.00360167672073,26.929002753107934
0.35650000000000026,20.85470962524414,125.66370614359174,0.5261870124371028,68.88712566232411,26.402446064861948
0.35700000000000026,20.90496063232422,125.66370614359174,0.5249563423963911,67.96474409648789,26.05257771834701
0.35750000000000026,20.954547882080078,125.66370614359174,0.5232936694232385,67.20679993965169,25.837125224618823
0.35800000000000026,21.003719329833984,125.66370614359174,0.5213744496055854,66.58891850829227,25.724647323934196
0.35850000000000026,21.05266761779785,125.66370614359174,0.5193365645550538,66.09147009199361,25.691858465201392
0.35900000000000026,21.101543426513672,125.66370614359174,0.5172814753718474,65.69892115437005,25.721570844244216
0.35950000000000026,21.150461196899414,125.66370614359174,0.5152812047808106,65.39916322520261,25.801126519412392
0.36000000000000026,21.199520111083984,125.66370614359174,0.513385914017692,65.1828788344762,25.92123557693601
0.36050000000000026,21.248796463012695,125.66370614359174,0.5116303032112249,65.04297665763549,26.07507680594732
0.36100000000000027,21.298355102539062,125.66370614359174,0.5100384740077573,64.97410835379154,26.257647836732566
0.36150000000000027,21.348251342773438,125.66370614359174,0.5086274083335781,64.9722678381971,26.465274475815175
0.36200000000000027,21.39853858947754,125.66370614359174,0.5074093592459292,65.03446607524461,26.695255429328732
0.36250000000000027,21.44925880432129,125.66370614359174,0.5063934421323547,65.15847207248032,26.945581512113016
0.36300000000000027,21.500450134277344,125.66370614359174,0.5055866645599637,65.34260939170956,27.21474724895103
0.36350000000000027,21.552154541015625,125.66370614359174,0.5049945734982219,65.58559802797001,27.50161554995028
0.36400000000000027,21.604402542114258,125.66370614359174,0.5046216482318729,65.8864328813798,27.805292308557647
0.36450000000000027,21.657230377197266,125.66370614359174,0.5044715291302613,66.24429086790303,28.125070738750665
0.36500000000000027,21.71066665649414,125.66370614359174,0.5045471422504954,66.65846060423479,28.46035785970343
0.36550000000000027,21.764741897583008,125.66370614359174,0.5048507610626981,67.1282892638242,28.81064570060893
0.36600000000000027,21.819482803344727,125.66370614359174,0.5053840310349416,67.65314281761835,29.175474020741664
0.36650000000000027,21.87491798400879,125.66370614359174,0.5061479749431902,68.23237623006247,29.554416229054407
0.36700000000000027,21.931072235107422,125.66370614359174,0.5071429889981293,68.86531128214949,29.94705608200922
0.36750000000000027,21.98796844482422,125.66370614359174,0.5083688367110026,69.55122020535275,30.352978737470654
0.36800000000000027,22.045631408691406,125.66370614359174,0.5098246447267811,70.2893135016193,30.771767758282365
0.36850000000000027,22.104082107543945,125.66370614359174,0.5115089022187591,71.07873100801108,31.202991253222567
0.36900000000000027,22.163339614868164,125.66370614359174,0.5134194652520542,71.91853538978808,31.64620000434002
0.3695000000000003,22.223424911499023,125.66370614359174,0.5155535665307859,72.80770742152822,32.10092969739498
0.3700000000000003,22.284353256225586,125.66370614359174,0.517907830350195,73.74514258458474,32.566687651753185
0.3705000000000003,22.346141815185547,125.66370614359174,0.5204782923047356,74.72964868602253,33.04296193817875
0.3710000000000003,22.408803939819336,125.66370614359174,0.5232604233395213,75.75994429059959,33.529211737092965
0.3715000000000003,22.472354888916016,125.66370614359174,0.526249157691269,76.83465767611794,34.02487474142537
0.3720000000000003,22.53680419921875,125.66370614359174,0.5294389237431903,76.78425565487636,34.5293549301402
0.3725000000000003,22.59421730041504,125.66370614359174,0.5319192852742248,73.45586903897687,31.439685213118743
0.3730000000000003,22.646516799926758,125.66370614359174,0.5344205025443503,69.86862828902538,29.197459461877564
0.3735000000000003,22.703712463378906,125.66370614359174,0.533227023509993,73.59786198745358,31.4963357623293
0.3740000000000003,22.76478385925293,125.66370614359174,0.5352622142863998,74.5741692037706,33.34697797494195
0.3745000000000003,22.81982421875,125.66370614359174,0.5332975556655832,71.06000877918834,30.67684638494519
0.3750000000000003,22.870553970336914,125.66370614359174,0.5315610403384644,68.25583875543865,28.774829098906828
0.3755000000000003,22.91830062866211,125.66370614359174,0.5292802537002541,66.03289742156585,27.46883893826353
0.3760000000000003,22.96403694152832,125.66370614359174,0.5263467326682661,64.26624657748185,26.60174829736783
0.3765000000000003,23.008480072021484,125.66370614359174,0.5228898500059878,62.8605974097219,26.05864892183479
0.3770000000000003,23.052154541015625,125.66370614359174,0.5190910830679525,61.74357278523499,25.755871030133044
0.3775000000000003,23.095455169677734,125.66370614359174,0.5151162821786769,60.86037007805453,25.632614227918083
0.3780000000000003,23.138675689697266,125.66370614359174,0.5110971360338555,60.1696534337877,25.644750311913626
0.3785000000000003,23.182039260864258,125.66370614359174,0.507131489431684,59.640366639120884,25.760281716684243
0.3790000000000003,23.225717544555664,125.66370614359174,0.5032895923223615,59.249258266862235,25.956013404288232
0.3795000000000003,23.26984405517578,125.66370614359174,0.49962111828178296,58.97896614775224,26.21512312312962
0.3800000000000003,23.314525604248047,125.66370614359174,0.49616115750886236,58.816542509618365,26.52539423060838
0.3805000000000003,23.359848022460938,125.66370614359174,0.4929347832999555,58.75232492131035,26.877928802521588
0.3810000000000003,23.4058837890625,125.66370614359174,0.48996031162114767,58.779077168014716,27.266218272439286
0.3815000000000003,23.452693939208984,125.66370614359174,0.4872515241893209,58.89133904690231,27.685466443867828
0.3820000000000003,23.500333786010742,125.66370614359174,0.4848191273929467,59.084936973579865,28.132105108855367
0.3825000000000003,23.548847198486328,125.66370614359174,0.4826716744586381,59.356617410167175,28.603432654885058
0.3830000000000003,23.598276138305664,125.66370614359174,0.4808161235328015,59.70377339594381,29.09736961108082
0.3835000000000003,23.64866065979004,125.66370614359174,0.47925815598467403,60.1242415144351,29.612274674223812
0.3840000000000003,23.700035095214844,125.66370614359174,0.4780023426989927,60.616151611268336,30.146807502163284
0.3845000000000003,23.75242805480957,125.66370614359174,0.47705221733153663,61.17781614110655,30.69983317605503
0.3850000000000003,23.805871963500977,125.66370614359174,0.47641029695194154,61.807648758031554,31.270365980838204
0.3855000000000003,23.860393524169922,125.66370614359174,0.4760780751854756,62.5041049385492,31.85750818738114
0.3860000000000003,23.916015625,125.66370614359174,0.4760560057781093,63.26563858248685,32.46041703653085
0.3865000000000003,23.972763061523438,125.66370614359174,0.4763434859056933,64.09067066760555,33.078287134483155
0.3870000000000003,24.030656814575195,125.66370614359174,0.476938846389702,64.97756668180783,33.71032472060608
0.3875000000000003,24.08971405029297,125.66370614359174,0.4778393519521854,65.9246204387306,34.35573441697945
0.3880000000000003,24.149951934814453,125.66370614359174,0.4790412127827424,66.93004276595244,35.01371513359374
0.3885000000000003,24.211387634277344,125.66370614359174,0.48053960841951804,67.99195362570677,35.68345351655984
0.3890000000000003,24.274028778076172,125.66370614359174,0.4823287229216534,69.10837683860885,36.36410496620558
0.3895000000000003,24.337888717651367,125.66370614359174,0.48440179054770605,69.08791084352278,37.05481234422852
0.3900000000000003,24.39313507080078,125.66370614359174,0.48549943242777865,64.44061870455675,32.93761287860993
0.3905000000000003,24.442216873168945,125.66370614359174,0.486588388524775,60.00304359560504,29.99248003591885
0.3910000000000003,24.497426986694336,125.66370614359174,0.4841312182771539,64.48175187361686,33.064318000810516
0.3915000000000003,24.557485580444336,125.66370614359174,0.48530803669218014,65.89406813756283,35.52866210847459
0.3920000000000003,24.610424041748047,125.66370614359174,0.48144288607110225,61.42632402667944,32.10203674409057
0.3925000000000003,24.658363342285156,125.66370614359174,0.47792850738356113,57.97801064585446,29.700359262233672
0.3930000000000003,24.70292854309082,125.66370614359174,0.47393099472949,55.34833148966973,28.089035590955824
0.3935000000000003,24.74530792236328,125.66370614359174,0.4693269392987658,53.35119286399565,27.05689945955185
0.3940000000000003,24.7863712310791,125.66370614359174,0.46425377883042673,51.84744804760668,26.450318201002787
0.3945000000000003,24.826757431030273,125.66370614359174,0.4589085665776589,50.733276949699984,26.157943578412365
0.3950000000000003,24.86693572998047,125.66370614359174,0.453473677009247,49.931286049083965,26.09917561284066
0.3955000000000003,24.907262802124023,125.66370614359174,0.44809582944698123,49.38385392561238,26.21572468187483
0.3960000000000003,24.947999954223633,125.66370614359174,0.44288575666781654,49.04812534925144,26.465429850032606
0.3965000000000003,24.98935317993164,125.66370614359174,0.4379245168739543,48.89223826556638,26.817791772047276
0.3970000000000003,25.031478881835938,125.66370614359174,0.43327079739043306,48.89248222683444,27.25070704529611
0.3975000000000003,25.074499130249023,125.66370614359174,0.4289672047624768,49.03116323561276,27.7481152387541
0.3980000000000003,25.11851692199707,125.66370614359174,0.4250450612289641,49.29500432488135,28.298303008058735
0.3985000000000003,25.163610458374023,125.66370614359174,0.42152780996478617,49.6739513749726,28.892661671771492
0.3990000000000003,25.209850311279297,125.66370614359174,0.41843330700466946,50.16028468712791,29.524815329341738
0.3995000000000003,25.257293701171875,125.66370614359174,0.4157752914739317,50.74796017665381,30.189973008868755
0.4000000000000003,25.305992126464844,125.66370614359174,0.41356428062227074,51.432122600525275,30.884476105477027
0.4005000000000003,25.345176696777344,125.66370614359174,0.41180808146609105,52.20874640773977,31.591986934669965
0.4010000000000003,25.385698318481445,125.66370614359174,0.41051205644569577,53.07425686694992,32.32310636248388
0.4015000000000003,25.427616119384766,125.66370614359174,0.4097368094069108,54.042163835013206,33.08688150845534
0.4020000000000003,25.47097396850586,125.66370614359174,0.40947208377487754,55.105028752735656,33.87842000718031
0.4025000000000003,25.515810012817383,125.66370614359174,0.40970714119384294,56.256770543580444,34.693877616936525
0.4030000000000003,25.562156677246094,125.66370614359174,0.4104308331413736,57.49229645280893,35.53022707374048
0.4035000000000003,25.61003875732422,125.66370614359174,0.41163124776226967,58.80718689388444,36.38500933163686
0.4040000000000003,25.65947914123535,125.66370614359174,0.41329546521965577,60.19746904029872,37.25616576517918
0.4045000000000003,25.710494995117188,125.66370614359174,0.41540941382207003,61.659454812208786,38.14190791767602
0.4050000000000003,25.763099670410156,125.66370614359174,0.41795781255514475,61.741655571298246,39.04063119681107
0.4055000000000003,25.80742645263672,125.66370614359174,0.4181067319121784,56.85097411291235,34.836910136210356
0.4060000000000003,25.845876693725586,125.66370614359174,0.4186472442149123,53.040647567968726,31.851325534701193
0.4065000000000003,25.880281448364258,125.66370614359174,0.41774201066521877,49.461812920349885,29.802333476768155
0.4070000000000003,25.922775268554688,125.66370614359174,0.4145673396884308,55.92664929284462,34.045429198225946
0.4075000000000003,25.97163963317871,125.66370614359174,0.41720919898634046,58.34141116507967,37.42013054208221
0.4080000000000003,26.01422882080078,125.66370614359174,0.41129615109819445,54.04170406879197,34.21774199549539
0.4085000000000003,26.052501678466797,125.66370614359174,0.40617841288942574,50.870112868413614,32.02092192529703
0.4090000000000003,26.087974548339844,125.66370614359174,0.40106416118874033,48.60181836435999,30.604374117773375
0.4095000000000003,26.121753692626953,125.66370614359174,0.3957921069706713,47.029879813417445,29.76036706592976
0.4100000000000003,26.154651641845703,125.66370614359174,0.3904564562820549,46.0004346771449,29.33778654164924
0.4105000000000003,26.187265396118164,125.66370614359174,0.3852172260817088,45.39929549332182,29.22710909852036
0.4110000000000003,26.22003936767578,125.66370614359174,0.3802279633653917,45.14172639909919,29.349032775400836
0.4115000000000003,26.253307342529297,125.66370614359174,0.3756137104008539,45.16484401990437,29.64615379196363
0.4120000000000003,26.287321090698242,125.66370614359174,0.37146883663344,45.42194819154005,30.07689833429145
0.4125000000000003,26.322269439697266,125.66370614359174,0.36786153739002475,45.87828855625271,30.61111069230331
0.4130000000000003,26.358304977416992,125.66370614359174,0.36483958785790427,46.50790634712147,31.226869650090165
0.4135000000000003,26.395545959472656,125.66370614359174,0.36243538743348835,47.29128302673437,31.908165311166155
0.4140000000000003,26.434085845947266,125.66370614359174,0.3606697940930095,48.213594111889094,32.64323026017476
0.4145000000000003,26.4740047454834,125.66370614359174,0.3595548194403863,49.26341610162441,33.423341846837594
0.4150000000000003,26.515365600585938,125.66370614359174,0.359095434946271,50.43177178776932,34.24194484797038
0.4155000000000003,26.558223724365234,125.66370614359174,0.35929075741902006,51.71142733545354,35.0940354515855
0.4160000000000003,26.60262680053711,125.66370614359174,0.36013483879931324,53.09637642617652,35.97571021607019
0.4165000000000003,26.64861488342285,125.66370614359174,0.3616172306981303,54.58146262627397,36.88384203441235
0.4170000000000003,26.69622039794922,125.66370614359174,0.36372343856565886,56.16210390121577,37.81584735872204
0.4175000000000003,26.7454776763916,125.66370614359174,0.3664353385863823,57.83409221132073,38.76953286713938
0.4180000000000003,26.796409606933594,125.66370614359174,0.3697315955729987,59.593448265868204,39.742957141943904
0.4185000000000003,26.84903907775879,125.66370614359174,0.37358809739700727,60.0451876120121,40.73436103542461
0.4190000000000003,26.895174026489258,125.66370614359174,0.37485798204173254,55.94221216839338,37.31169652580876
0.4195000000000003,26.936628341674805,125.66370614359174,0.3765838653343658,52.719829354497435,34.8496807717333
0.4200000000000003,26.974821090698242,125.66370614359174,0.3767385595936351,49.58020054968218,33.141283193413
0.4205000000000003,27.02005958557129,125.66370614359174,0.3746139954384012,56.06085084331249,37.005429310591566
0.4210000000000003,27.070981979370117,125.66370614359174,0.3789994071595443,58.5908379851686,40.153354297574886
0.4215000000000003,27.116647720336914,125.66370614359174,0.373705481694289,54.7853583166584,37.372622113741016
0.4220000000000003,27.158674240112305,125.66370614359174,0.36937364640481096,52.01444637420472,35.455507627434066
0.4225000000000003,27.198328018188477,125.66370614359174,0.3651425379982375,50.08403599974243,34.21749348997417
0.4230000000000003,27.23654556274414,125.66370614359174,0.36083963606832015,48.811100840441405,33.483770880195564
0.4235000000000003,27.274019241333008,125.66370614359174,0.35657159268685124,48.058013864962064,33.126031536586915
0.4240000000000003,27.311269760131836,125.66370614359174,0.35251525693859953,47.72157384637491,33.050507898464815
0.4245000000000003,27.34868621826172,125.66370614359174,0.3488383336145076,47.724460323560756,33.188755454040745
0.4250000000000003,27.38656997680664,125.66370614359174,0.3456752647246164,48.008774944480365,33.4908463520224
0.4255000000000003,27.425148010253906,125.66370614359174,0.3431248521713748,48.53114613880129,33.92033238320248
0.4260000000000003,27.464601516723633,125.66370614359174,0.3412551735497638,49.2590204818626,34.45057121405664
0.4265000000000003,27.505069732666016,125.66370614359174,0.3401099094360801,50.16785995660174,35.06201775339563
0.4270000000000003,27.54667091369629,125.66370614359174,0.33971396496455447,51.23903124178048,35.7402706001454
0.4275000000000003,27.589500427246094,125.66370614359174,0.3400778565052058,52.45822241736095,36.474628706015864
0.4280000000000003,27.633638381958008,125.66370614359174,0.34120094446914334,53.814260008290006,37.25705422285199
0.4285000000000003,27.679149627685547,125.66370614359174,0.3430737761483498,55.298228681165035,38.0814132209505
0.4290000000000003,27.726097106933594,125.66370614359174,0.34567981138211945,56.902818721713246,38.94294431142414
0.4295000000000003,27.7745304107666,125.66370614359174,0.3489967500539619,58.62184413514947,39.83784602107458
0.4300000000000003,27.824493408203125,125.66370614359174,0.3529976143704281,60.44988804575434,40.76300031480612
0.4305000000000003,27.876028060913086,125.66370614359174,0.3576516812979314,62.382042815459975,41.71577153897917
0.4310000000000003,27.929166793823242,125.66370614359174,0.3629253175325449,63.30457651801031,42.69384629332657
0.4315000000000003,27.978029251098633,125.66370614359174,0.3668294179218612,60.46518974302796,40.376536032760605
0.43200000000000033,28.023677825927734,125.66370614359174,0.3707539753997257,57.4246428407715,38.64366888684678
0.43250000000000033,28.073699951171875,125.66370614359174,0.37092947056456527,62.28445366165711,41.168913916232725
0.43300000000000033,28.12747573852539,125.66370614359174,0.37608786539775485,64.1617450494548,43.36182076994349
0.43350000000000033,28.17703628540039,125.66370614359174,0.3736514909062955,60.96350794331239,41.06494366693075
0.43400000000000033,28.22357177734375,125.66370614359174,0.37192078384587574,58.55448169512673,39.425497548498605
0.43450000000000033,28.26803207397461,125.66370614359174,0.36985506872632107,56.814762556324126,38.31745653700228
0.43500000000000033,28.311147689819336,125.66370614359174,0.3673099699416095,55.61955451946279,37.61513978780793
0.43550000000000033,28.353471755981445,125.66370614359174,0.36447005585512665,54.870886252055556,37.22384300339478
0.43600000000000033,28.395429611206055,125.66370614359174,0.36159082412232896,54.49246451636935,37.072708009396194
0.43650000000000033,28.437353134155273,125.66370614359174,0.35890491905646343,54.42521010125923,37.10890298722083
0.43700000000000033,28.47949981689453,125.66370614359174,0.35659614590162664,54.62359727460134,37.29311843535796
0.43750000000000033,28.522077560424805,125.66370614359174,0.354799266561753,55.0526649182145,37.5961395900372
0.43800000000000033,28.56525421142578,125.66370614359174,0.35360794126360773,55.6856003356124,37.996237621469334
0.43850000000000033,28.609167098999023,125.66370614359174,0.35308383801653803,56.50180908460852,38.47720974286055
0.43900000000000033,28.6539306640625,125.66370614359174,0.35326449648659475,57.48539119064686,39.026913623965434
0.43950000000000033,28.699644088745117,125.66370614359174,0.35416940981872097,58.62395123051338,39.63617909531604
0.44000000000000034,28.746395111083984,125.66370614359174,0.3558044882116933,59.90767813681468,40.29799916174383
0.44050000000000034,28.79425621032715,125.66370614359174,0.3581652667437652,61.32863987598376,41.00692325162565
0.44100000000000034,28.843297958374023,125.66370614359174,0.3612392192425383,62.880246931675124,41.75863330470298
0.44150000000000034,28.893577575683594,125.66370614359174,0.3650074690102124,64.5568470726264,42.54960281049037
0.44200000000000034,28.945154190063477,125.66370614359174,0.3694461071016274,66.35342127325866,43.37688112792344
0.44250000000000034,28.998075485229492,125.66370614359174,0.37452725790140645,68.2653568731035,44.23790056121881
0.44300000000000034,29.052385330200195,125.66370614359174,0.38021997739644486,70.28827936609724,45.13036089733301
0.44350000000000034,29.10812759399414,125.66370614359174,0.386491032487814,71.51270558113075,46.052143539633974
0.44400000000000034,29.161060333251953,125.66370614359174,0.3924679522078919,69.64744736455982,44.49938966258438
0.44450000000000034,29.211734771728516,125.66370614359174,0.39794286878248253,67.08306172858269,43.258926891960606
0.44500000000000034,29.265789031982422,125.66370614359174,0.3987463822577762,71.55812053485262,45.31960642108021
0.44550000000000034,29.322856903076172,125.66370614359174,0.4043781537856409,73.31714476813306,47.176957615383266
0.44600000000000034,29.376663208007812,125.66370614359174,0.4036767754154137,70.69731172523718,45.34859699814706
0.44650000000000034,29.42803382873535,125.66370614359174,0.40332353638661417,68.64790542582246,43.997231284464476
0.44700000000000034,29.4776668548584,125.66370614359174,0.4024269294324043,67.11200518558519,43.04803591940547
0.44750000000000034,29.526105880737305,125.66370614359174,0.4009194182619359,66.01367843348983,42.416364524133044
0.44800000000000034,29.57378387451172,125.66370614359174,0.39901862885572237,65.28886518816714,42.03598717165661
0.44850000000000034,29.621042251586914,125.66370614359174,0.39699225158346074,64.88480230944865,41.855756775242774
0.44900000000000034,29.66815185546875,125.66370614359174,0.39507568385860936,64.75876081181005,41.83647989119549
0.44950000000000034,29.715335845947266,125.66370614359174,0.3934516435986054,64.87659913814007,41.94829607983542
0.45000000000000034,29.762773513793945,125.66370614359174,0.3922527088130275,65.2113039594416,42.16852214232746
0.45050000000000034,29.810617446899414,125.66370614359174,0.39157060195980326,65.74163002300901,42.47995328839668
0.45100000000000035,29.85899543762207,125.66370614359174,0.39146594558370296,66.45089865530008,42.86951402444082
0.45150000000000035,29.908018112182617,125.66370614359174,0.39197641857668886,67.32597628962328,43.32722182198225
0.45200000000000035,29.957782745361328,125.66370614359174,0.3931229400518724,68.35643054750054,43.845389674252374
0.45250000000000035,30.00837516784668,125.66370614359174,0.3949141226830841,69.53384830406186,44.418018385584176
0.45300000000000035,30.059871673583984,125.66370614359174,0.3973493961983973,70.85129416415805,45.04033850299205
0.45350000000000035,30.11234474182129,125.66370614359174,0.40042118216773215,72.30288661889668,45.7084731472063
0.45400000000000035,30.165857315063477,125.66370614359174,0.40411642651463175,73.88347016978645,46.419171559603484
0.45450000000000035,30.220470428466797,125.66370614359174,0.40841771302035873,75.58836441361488,47.16962904822383
0.45500000000000035,30.27623748779297,125.66370614359174,0.4133041117263754,77.41317373963551,47.9573366444644
0.45550000000000035,30.333208084106445,125.66370614359174,0.41875186076331533,79.35364424346581,48.77998255581077
0.45600000000000035,30.391427993774414,125.66370614359174,0.42473494178480137,81.40555712347162,49.63537561957963
0.45650000000000035,30.450939178466797,125.66370614359174,0.43122558320554705,82.69072023299744,50.52138929642541
0.45700000000000035,30.507720947265625,125.66370614359174,0.4377299602915161,80.92072784747151,48.951852882344106
0.45750000000000035,30.562257766723633,125.66370614359174,0.44336147578747503,78.39737862742732,47.66901153107714
0.45800000000000035,30.619951248168945,125.66370614359174,0.4444931197572525,82.80853120997031,49.6941770045455
0.45850000000000035,30.680461883544922,125.66370614359174,0.45007720621126607,84.42088355997767,51.52331111902645
0.45900000000000035,30.737701416015625,125.66370614359174,0.44978491895816464,81.72692099122963,49.611308295122065
0.45950000000000035,30.792465209960938,125.66370614359174,0.44960669574850104,79.56243939274134,48.17585997190827
0.46000000000000035,30.845420837402344,125.66370614359174,0.4487985281430924,77.88592007966241,47.145863406647365
0.46050000000000035,30.897098541259766,125.66370614359174,0.44734130328674954,76.63191558473541,46.4382502662282
0.46100000000000035,30.94792366027832,125.66370614359174,0.44545897520793926,75.74319026754388,45.98743065829296
0.46150000000000035,30.99822998046875,125.66370614359174,0.4434113886991276,75.17140544231643,45.742378341841906
0.46200000000000035,31.04828643798828,125.66370614359174,0.441423167649881,74.87668808832301,45.66376072869908
0.46250000000000036,31.09831428527832,125.66370614359174,0.4396675073136271,74.8267290058525,45.72145419403076
0.46300000000000036,31.148496627807617,125.66370614359174,0.43826999158193036,74.99567872543116,45.89247533469559
0.46350000000000036,31.198984146118164,125.66370614359174,0.4373180160945958,75.36301759847426,46.15930600440532
0.46400000000000036,31.24990463256836,125.66370614359174,0.43687028242226134,75.91250237715188,46.508572776747386
0.46450000000000036,31.301376342773438,125.66370614359174,0.43696458982218683,76.63123935041268,46.930024421566245
0.46500000000000036,31.353492736816406,125.66370614359174,0.43762366235139866,77.50890024048122,47.41570463415947
0.46550000000000036,31.40634536743164,125.66370614359174,0.43885928341166736,78.53707776933929,47.95937111838397
0.46600000000000036,31.460010528564453,125.66370614359174,0.4406751393413024,79.70876732707396,48.55600921105377
0.46650000000000036,31.51456642150879,125.66370614359174,0.4430687446335802,81.01795733203276,49.2015069511608
0.46700000000000036,31.5700740814209,125.66370614359174,0.44603274733126985,82.4593100088732,49.892362971694986
0.46750000000000036,31.626596450805664,125.66370614359174,0.44955583325894777,84.0279156616218,50.62552040065257
0.46800000000000036,31.684188842773438,125.66370614359174,0.4536233811405346,85.71910560714748,51.3982072978417
0.46850000000000036,31.742902755737305,125.66370614359174,0.4582179688560987,87.52831123700618,52.20783593709455
0.46900000000000036,31.802785873413086,125.66370614359174,0.4633197933702921,89.4509588768194,53.05192462335297
0.46950000000000036,31.863882064819336,125.66370614359174,0.46890704058053456,91.48239238681849,53.92804060404612
0.47000000000000036,31.926225662231445,125.66370614359174,0.47495622506000945,92.44677823151262,54.833748809006586
0.47050000000000036,31.984664916992188,125.66370614359174,0.48009622832820253,89.7363682354082,52.438689518866475
0.47100000000000036,32.04003143310547,125.66370614359174,0.4843544311457019,87.28463699386643,50.56314156224437
0.47150000000000036,32.09304428100586,125.66370614359174,0.48650853390710186,84.63895525150087,49.137627033528034
0.47200000000000036,32.1507682800293,125.66370614359174,0.486480268130271,90.53329403062892,52.256245701940706
0.47250000000000036,32.21242904663086,125.66370614359174,0.4919636147045071,92.38752409977836,54.8964449546227
0.47300000000000036,32.270111083984375,125.66370614359174,0.48928688101288,88.9010909813051,52.42763378517001
0.47350000000000037,32.324859619140625,125.66370614359174,0.48693346923794256,86.18304587516151,50.62480883402112
0.47400000000000037,32.377540588378906,125.66370614359174,0.4843708209346321,84.12811381279649,49.3692976753265
0.47450000000000037,32.42881393432617,125.66370614359174,0.4815656213978942,82.6197022908523,48.53607432119055
0.47500000000000037,32.47918701171875,125.66370614359174,0.47866689037710203,81.56489987917395,48.03022904486612
0.47550000000000037,32.52906036376953,125.66370614359174,0.47585345270351026,80.89053267018757,47.780293942406736
0.47600000000000037,32.5787467956543,125.66370614359174,0.47328052012750427,80.53940692218495,47.732638393637885
0.47650000000000037,32.62849426269531,125.66370614359174,0.47106702081662,80.467073287273,47.847096578902345
0.47700000000000037,32.678504943847656,125.66370614359174,0.46929800637479974,80.63909645508106,48.09359374167987
0.47750000000000037,32.728939056396484,125.66370614359174,0.468031348469639,81.0287976836709,48.449552069633754
0.47800000000000037,32.77994155883789,125.66370614359174,0.46730453588362336,81.61542298971239,48.89795964399189
0.47850000000000037,32.831626892089844,125.66370614359174,0.4671402227877282,82.38268048835461,49.425864909355354
0.47900000000000037,32.884098052978516,125.66370614359174,0.4675503280716206,83.31758886483395,50.02329516132286
0.47950000000000037,32.937442779541016,125.66370614359174,0.4685388961575024,84.40958164041982,50.68242483401208
0.48000000000000037,32.99174118041992,125.66370614359174,0.47010402537768387,85.64981765937458,51.396975010460004
0.48050000000000037,33.047061920166016,125.66370614359174,0.4722391467270745,87.03065541837529,52.16175599665164
0.48100000000000037,33.10346984863281,125.66370614359174,0.47493387713284285,88.54525555527445,52.972347356580826
0.48150000000000037,33.1610221862793,125.66370614359174,0.47817460827580843,90.18728296437634,53.82484912399335
0.4820000000000004,33.219764709472656,125.66370614359174,0.4819449420672742,91.950685220164,54.71569826329269
0.4825000000000004,33.27975082397461,125.66370614359174,0.4862260421126722,93.82952941840482,55.64157118883012
0.4830000000000004,33.34101486206055,125.66370614359174,0.49099694393507465,95.81788326841566,56.599247062224876
0.4835000000000004,33.40359115600586,125.66370614359174,0.49623484622098096,96.28072268579639,57.585572010537014
0.4840000000000004,33.46063232421875,125.66370614359174,0.4991067345299112,92.10038587757282,53.98374246017128
0.4845000000000004,33.51349639892578,125.66370614359174,0.5013000909214189,88.56583004375959,51.269072390469496
0.4850000000000004,33.56327819824219,125.66370614359174,0.5016286024180902,85.6394573687126,49.27846073399144
0.4855000000000004,33.6108283996582,125.66370614359174,0.5001459134373204,83.24658745580318,47.85118045625793
0.4860000000000004,33.65681076049805,125.66370614359174,0.49728054008164263,81.3187281314298,46.863218010140976
0.4865000000000004,33.701744079589844,125.66370614359174,0.49350475592936943,79.7960409967777,46.219878557334106
0.4870000000000004,33.746036529541016,125.66370614359174,0.48922517593074855,78.62791815455596,45.84931135469424
0.4875000000000004,33.79001235961914,125.66370614359174,0.48476001952333025,77.77257807435917,45.697241883982215
0.4880000000000004,33.83393478393555,125.66370614359174,0.48034709077916765,77.1961218810497,45.72278301759932
0.4885000000000004,33.878021240234375,125.66370614359174,0.4761599740875016,76.87136310061936,45.89515233863191
0.4890000000000004,33.92245101928711,125.66370614359174,0.4723239966325742,76.77662894649423,46.191128878056645
0.4895000000000004,33.967384338378906,125.66370614359174,0.4689293060324541,76.8946449402785,46.593124705981666
0.4900000000000004,34.01294708251953,125.66370614359174,0.46604069770190926,77.21155591579956,47.087680802088116
0.4905000000000004,34.05925750732422,125.66370614359174,0.4637046277642197,77.71610004762657,47.66438548048794
0.4910000000000004,34.10642623901367,125.66370614359174,0.46195404121765077,78.39893185633713,48.31503742193835
0.4915000000000004,34.154541015625,125.66370614359174,0.4608116084912705,79.25207933665844,49.03300036353789
0.4920000000000004,34.20368957519531,125.66370614359174,0.4602918543340488,80.2685162851446,49.81277274914334
0.4925000000000004,34.25395202636719,125.66370614359174,0.4604025478296007,81.44183045397237,50.64963609857908
0.4930000000000004,34.30539321899414,125.66370614359174,0.46114562218235977,82.76596945661764,51.53939301012018
0.4935000000000004,34.35808563232422,125.66370614359174,0.46251781251996843,84.23504862225523,52.478217939284725
0.4940000000000004,34.412086486816406,125.66370614359174,0.4645111389241942,85.84320765461004,53.462490159371114
0.4945000000000004,34.467445373535156,125.66370614359174,0.46711331716984805,87.58450518735009,54.488708280142575
0.4950000000000004,34.52421188354492,125.66370614359174,0.4703081461713793,89.452842606843,55.553432965566714
0.4955000000000004,34.58243179321289,125.66370614359174,0.47407589835930525,91.44191037662539,56.653232072182426
0.4960000000000004,34.64213943481445,125.66370614359174,0.47839372339752073,92.2580856939756,57.784633352489635
0.4965000000000004,34.6955680847168,125.66370614359174,0.4814001245541116,87.32420729063344,53.51735317501508
0.4970000000000004,34.74432373046875,125.66370614359174,0.48328719614457266,83.23665895375092,50.348681943407364
0.4975000000000004,34.78969955444336,125.66370614359174,0.482988804726254,79.72485175583222,48.065047098355315
0.4980000000000004,34.84172821044922,125.66370614359174,0.4816925747990101,87.00612317936346,52.775349575911704
0.4985000000000004,34.89914321899414,125.66370614359174,0.48608506697990855,89.43804238877479,56.62408796460375
0.4990000000000004,34.95115661621094,125.66370614359174,0.4806791059046323,84.4476740734137,52.934880047533
0.4995000000000004,34.99934768676758,125.66370614359174,0.4757176120466764,80.67753751050985,50.33507459148184
0.5000000000000003,35.04497528076172,125.66370614359174,0.4706988026615523,77.91912434310632,48.604416659828324
0.5005000000000003,35.08898162841797,125.66370614359174,0.4655948153580917,75.96713486624256,47.529061936896646
0.5010000000000002,35.132076263427734,125.66370614359174,0.46055878469111966,74.66483102712014,46.95059058290103
0.5015000000000002,35.1748046875,125.66370614359174,0.4557746285205713,73.89303888867086,46.75214778436594
0.5020000000000001,35.217586517333984,125.66370614359174,0.45140339565766424,73.5612383723095,46.8475889597527
0.5025000000000001,35.260746002197266,125.66370614359174,0.4475698326052127,73.60064764959165,47.17335574108527
0.503,35.304542541503906,125.66370614359174,0.4443640726979196,73.95886837984762,47.68244173819585
0.5035,35.349178314208984,125.66370614359174,0.4418477817282892,74.59575879995587,48.339904719932036
0.5039999999999999,35.39482879638672,125.66370614359174,0.44006056394389165,75.48027169388733,49.1195913348865
0.5044999999999998,35.441627502441406,125.66370614359174,0.4390252480244665,76.58804674863403,50.001679724938974
0.5049999999999998,35.48969268798828,125.66370614359174,0.43875183054095457,77.89958869087155,50.970931716439274
0.5054999999999997,35.53912353515625,125.66370614359174,0.4392402732589858,79.39889714296389,52.01538499579141
0.5059999999999997,35.59000778198242,125.66370614359174,0.4404824537425386,81.07244234345502,53.12541556448037
0.5064999999999996,35.642417907714844,125.66370614359174,0.4424635462852907,82.90840397545657,54.29304345153245
0.5069999999999996,35.696414947509766,125.66370614359174,0.4451630487119405,84.89610905128316,55.51143926180951
0.5074999999999995,35.752052307128906,125.66370614359174,0.4485556057309551,87.02561959669546,56.77456977227861
0.5079999999999995,35.80937957763672,125.66370614359174,0.4526117240737996,87.98697589782927,58.07694498945226
0.5084999999999994,35.86015701293945,125.66370614359174,0.4551591606777333,82.61913752591622,53.462601834665904
0.5089999999999993,35.90610885620117,125.66370614359174,0.45655905670826363,78.25488222238667,50.07047210576895
0.5094999999999993,35.94862365722656,125.66370614359174,0.4557147179512382,74.65918682818882,47.65997556278437
0.5099999999999992,35.998291015625,125.66370614359174,0.45429235426304415,82.53071897600022,52.875545871940346
0.5104999999999992,36.05376434326172,125.66370614359174,0.4589521852384899,85.3660162229855,57.14704530504726
0.5109999999999991,36.10371780395508,125.66370614359174,0.4527563396821418,80.15332854383892,53.2418370439328
0.5114999999999991,36.149818420410156,125.66370614359174,0.4471406541376513,76.29425662033728,50.5289677151001
0.511999999999999,36.19340133666992,125.66370614359174,0.44158351629180903,73.55322556692627,48.765758899187574
0.512499999999999,36.23545455932617,125.66370614359174,0.43605453951209083,71.70088924573764,47.71785525196285
0.5129999999999989,36.2767333984375,125.66370614359174,0.43071507272645626,70.56281549179192,47.21189440736529
0.5134999999999988,36.31781005859375,125.66370614359174,0.4257598948076717,70.00675511290244,47.12010445082504
0.5139999999999988,36.35912322998047,125.66370614359174,0.42135991787528554,69.93243989540552,47.34833068038728
0.5144999999999987,36.40101623535156,125.66370614359174,0.4176472247796035,70.26372869311639,47.82709948551799
0.5149999999999987,36.44375991821289,125.66370614359174,0.4147161941355797,70.94257290641981,48.5049803259117
0.5154999999999986,36.487571716308594,125.66370614359174,0.4126295195893546,71.92439810284823,49.34368563139988
0.5159999999999986,36.53262710571289,125.66370614359174,0.4114246943369822,73.17458763406114,50.31446224075912
0.5164999999999985,36.57906723022461,125.66370614359174,0.4111194872819811,74.66582000387254,51.39544442839603
0.5169999999999985,36.627017974853516,125.66370614359174,0.41171615392505095,76.37606429777384,52.5697381215559
0.5174999999999984,36.676578521728516,125.66370614359174,0.4132045681991867,78.28707938970568,53.82398952627554
0.5179999999999984,36.72783279418945,125.66370614359174,0.415564565013089,80.38329679813586,55.14737178894304
0.5184999999999983,36.780860900878906,125.66370614359174,0.41876775846559067,82.65099387640058,56.53085633856378
0.5189999999999982,36.835716247558594,125.66370614359174,0.4227790315499362,85.07768566947203,57.9666388779713
0.5194999999999982,36.8924560546875,125.66370614359174,0.42755782452692737,85.91927592792021,59.447796559279425
0.5199999999999981,36.94286346435547,125.66370614359174,0.4289554898950464,80.48891196077395,54.8527772229782
0.5204999999999981,36.98863220214844,125.66370614359174,0.4296787932120368,76.14708864070116,51.491052921113045
0.520999999999998,37.031124114990234,125.66370614359174,0.42844489293825516,72.76863626333035,49.12478970631855
0.521499999999998,37.07138442993164,125.66370614359174,0.42534981619456863,70.2021606349507,47.52758476872589
0.5219999999999979,37.1102294921875,125.66370614359174,0.4209046940100322,68.32217428410274,46.527000316282
0.5224999999999979,37.14828872680664,125.66370614359174,0.4156666552013705,67.02646225350541,45.99265473463193
0.5229999999999978,37.186058044433594,125.66370614359174,0.4101177146789823,66.23276855251305,45.826338161823564
0.5234999999999977,37.223934173583984,125.66370614359174,0.40463946951878577,65.87550061661884,45.95421540859469
0.5239999999999977,37.262237548828125,125.66370614359174,0.399521368985418,65.902645201424,46.32077018657868
0.5244999999999976,37.30122756958008,125.66370614359174,0.3949778408798412,66.2730193183738,46.88415525345891
0.5249999999999976,37.34112548828125,125.66370614359174,0.39116509662305193,66.95391101774275,47.61267060824697
0.5254999999999975,37.38211441040039,125.66370614359174,0.3881947913905039,67.91911389568573,48.482083945695756
0.5259999999999975,37.42435073852539,125.66370614359174,0.38614421386389003,69.1473276438437,49.47363531264594
0.5264999999999974,37.46797180175781,125.66370614359174,0.38506355696388894,70.6208811133981,50.572548140555526
0.5269999999999974,37.51310348510742,125.66370614359174,0.38498102855823413,72.32472892447991,51.76692742550641
0.5274999999999973,37.559852600097656,125.66370614359174,0.38590650442186175,74.24567369873765,53.04692790446218
0.5279999999999972,37.608306884765625,125.66370614359174,0.3878342801083362,76.37177047341073,54.404148668318584
0.5284999999999972,37.65856170654297,125.66370614359174,0.3907453174305249,78.69187590977334,55.83122852567794
0.5289999999999971,37.71068572998047,125.66370614359174,0.39460923693134586,81.19531092351721,57.32147399028036
0.5294999999999971,37.76474380493164,125.66370614359174,0.39938619053141344,83.87161130834349,58.8686570454338
0.529999999999997,37.820796966552734,125.66370614359174,0.4050286651800473,85.24341254172991,60.46684635083971
0.530499999999997,37.871612548828125,125.66370614359174,0.4081225221848754,80.63133853391264,56.58324340641141
0.5309999999999969,37.91852951049805,125.66370614359174,0.41022501284069995,76.87414023200157,53.697176587507904
0.5314999999999969,37.962650299072266,125.66370614359174,0.4100908215379604,73.9199977873804,51.64084227620227
0.5319999999999968,38.004852294921875,125.66370614359174,0.40790275353585553,71.67171609120432,50.24148595226345
0.5324999999999968,38.04582977294922,125.66370614359174,0.4042505070648051,70.04122552505645,49.36386039405789
0.5329999999999967,38.08612823486328,125.66370614359174,0.399752556518823,68.95210893470752,48.903310976030404
0.5334999999999966,38.12619400024414,125.66370614359174,0.39493651868926727,68.33988268620382,48.77940894802657
0.5339999999999966,38.16638946533203,125.66370614359174,0.39021707261140465,68.15118232009806,48.9305782877221
0.5344999999999965,38.20701217651367,125.66370614359174,0.3859070381272676,68.34238916967097,49.30973403105972
0.5349999999999965,38.24830627441406,125.66370614359174,0.3822365681035769,68.87805972070588,49.88080452352455
0.5354999999999964,38.290489196777344,125.66370614359174,0.3793714058659817,69.72937739657884,50.61602989963941
0.5359999999999964,38.333736419677734,125.66370614359174,0.3774275852101768,70.8727446362176,51.49382565755436
0.5364999999999963,38.378211975097656,125.66370614359174,0.3764824228622339,72.28856659541448,52.49720219060408
0.5369999999999963,38.42405319213867,125.66370614359174,0.3765824847639539,73.96023715707686,53.6125145974459
0.5374999999999962,38.47138977050781,125.66370614359174,0.3777493655812713,75.87331598483888,54.82856181597167
0.5379999999999961,38.520328521728516,125.66370614359174,0.37998402274577836,78.01487459066304,56.13587180852148
0.5384999999999961,38.57096862792969,125.66370614359174,0.3832702237270811,80.37298573315795,57.52620664345471
0.538999999999996,38.62340545654297,125.66370614359174,0.38757747896899636,82.93633100897709,58.992187128012226
0.539499999999996,38.67771530151367,125.66370614359174,0.3928636757386235,85.69390375792656,60.52698932069885
0.5399999999999959,38.73396682739258,125.66370614359174,0.3990775102514544,88.6347876042958,62.124155710388514
0.5404999999999959,38.79222869873047,125.66370614359174,0.406160740085827,89.88442030293315,63.777458661079805
0.5409999999999958,38.84609603881836,125.66370614359174,0.40907433523126124,85.86072199855886,60.45461982022293
0.5414999999999958,38.89662170410156,125.66370614359174,0.4113783224245812,82.53293637572092,57.936552385879125
0.5419999999999957,38.94470977783203,125.66370614359174,0.41172467909207006,79.89620675856494,56.11259986822694
0.5424999999999957,38.99109649658203,125.66370614359174,0.4102215830471707,77.89062962365153,54.8536489832216
0.5429999999999956,39.036376953125,125.66370614359174,0.4074111763916661,76.45379905084985,54.05461590317167
0.5434999999999955,39.081031799316406,125.66370614359174,0.4038795260352553,75.52691827129044,53.63165936234968
0.5439999999999955,39.12546157836914,125.66370614359174,0.4001300538525429,75.05758611055187,53.51869229671853
0.5444999999999954,39.16999435424805,125.66370614359174,0.39655761455243793,75.00070521487606,53.66400216773468
0.5449999999999954,39.21491241455078,125.66370614359174,0.39345746720509006,75.31829145155373,54.0272844955638
0.5454999999999953,39.26044845581055,125.66370614359174,0.39104335142896957,75.97871432839423,54.577099747585166
0.5459999999999953,39.30680465698242,125.66370614359174,0.3894652272784049,76.95570431922718,55.28882133537913
0.5464999999999952,39.354156494140625,125.66370614359174,0.388823841360233,78.22732507803505,56.14297753213054
0.5469999999999952,39.40266418457031,125.66370614359174,0.38918183507555854,79.7750169071074,57.12395917642385
0.5474999999999951,39.45246505737305,125.66370614359174,0.39057197631505675,81.58276023651342,58.21899354796765
0.547999999999995,39.503684997558594,125.66370614359174,0.39300327052014944,83.63637385963102,59.417381710862344
0.548499999999995,39.556434631347656,125.66370614359174,0.3964656192820103,85.92294375391683,60.709901075401916
0.5489999999999949,39.610816955566406,125.66370614359174,0.4009335271406722,88.43036917806033,62.08837094666177
0.5494999999999949,39.66691970825195,125.66370614359174,0.40636919086947965,91.14700923666513,63.54530755317549
0.5499999999999948,39.72482681274414,125.66370614359174,0.41272516941712595,94.0614127456832,65.07369467507779
0.5504999999999948,39.78460693359375,125.66370614359174,0.4199467358496803,95.87222590489111,66.66678349963841
0.5509999999999947,39.84082794189453,125.66370614359174,0.42552122966208505,92.61526968485587,63.92522582187106
0.5514999999999947,39.894222259521484,125.66370614359174,0.42963110573660307,89.73787480244839,61.75693823317368
0.5519999999999946,39.94546127319336,125.66370614359174,0.4312268386942724,87.33016423479445,60.11926905454083
0.5524999999999946,39.99512481689453,125.66370614359174,0.43060578329750016,85.4018012397907,58.9354361065063
0.5529999999999945,40.043697357177734,125.66370614359174,0.42841822938323004,83.93888943923682,58.136693923615084
0.5534999999999944,40.091590881347656,125.66370614359174,0.4253134492477028,82.91648787450771,57.664424332635186
0.5539999999999944,40.139156341552734,125.66370614359174,0.4218332286943322,82.30587298196711,57.470043742962936
0.5544999999999943,40.18668746948242,125.66370614359174,0.4183969264478304,82.07855421206946,57.51399471372495
0.5549999999999943,40.23444366455078,125.66370614359174,0.41531658527332904,82.20823854818572,57.764420856883916
0.5554999999999942,40.28264617919922,125.66370614359174,0.41281855570070625,82.67156403234904,58.1957613780427
0.5559999999999942,40.33148956298828,125.66370614359174,0.4110633416525587,83.4481403731629,58.78747560821787
0.5564999999999941,40.38115310668945,125.66370614359174,0.41016142134787276,84.52023552771736,59.52293910555788
0.556999999999994,40.43178939819336,125.66370614359174,0.4101850708966841,85.87231246698076,60.3884929481124
0.557499999999994,40.48354721069336,125.66370614359174,0.4111769444335149,87.49053301003136,61.3727203077148
0.557999999999994,40.53654861450195,125.66370614359174,0.4131562746087877,89.36229075338241,62.4658114172164
0.5584999999999939,40.590911865234375,125.66370614359174,0.41612343983681027,91.47580156171215,63.65912865799453
0.5589999999999938,40.64674758911133,125.66370614359174,0.42006346354487106,93.8197611348841,64.94484033310022
0.5594999999999938,40.70415115356445,125.66370614359174,0.4249488373122947,96.38306851279219,66.3156342109972
0.5599999999999937,40.76321029663086,125.66370614359174,0.4307419142739615,99.15460916572421,67.76452306786464
0.5604999999999937,40.824005126953125,125.66370614359174,0.43739701177390805,102.1230895628394,69.28469163605308
0.5609999999999936,40.886600494384766,125.66370614359174,0.4448622909709582,103.76778982223507,70.86937114436557
0.5614999999999936,40.945518493652344,125.66370614359174,0.45004467249076346,100.32418557911244,67.96071494322373
0.5619999999999935,41.00149917602539,125.66370614359174,0.453793792950332,97.26600578119194,65.64729987434615
0.5624999999999934,41.05522537231445,125.66370614359174,0.4551361935593214,94.68763261438745,63.88564645775518
0.5629999999999934,41.10728073120117,125.66370614359174,0.45436286186733854,92.60043804641958,62.59640262682521
0.5634999999999933,41.15816116333008,125.66370614359174,0.452097836988753,90.99100246228328,61.70836016390107
0.5639999999999933,41.208282470703125,125.66370614359174,0.4489629857623737,89.83420138660458,61.16069270246178
0.5644999999999932,41.257999420166016,125.66370614359174,0.445476613858711,89.10079761495128,60.90292198497687
0.5649999999999932,41.307613372802734,125.66370614359174,0.442039293509096,88.76164088080115,60.893903530126934
0.5654999999999931,41.35738754272461,125.66370614359174,0.43894852824093217,88.7897281257914,61.100452913015666
0.5659999999999931,41.40754318237305,125.66370614359174,0.4364197091812212,89.16098079433557,61.4958924398704
0.566499999999993,41.45828628540039,125.66370614359174,0.43460536105988934,89.85429990735551,62.05875107289589
0.566999999999993,41.509788513183594,125.66370614359174,0.433610486217314,90.85125151557129,62.771572439440924
0.5674999999999929,41.562217712402344,125.66370614359174,0.43350401420933526,92.13559519789848,63.61998959650735
0.5679999999999928,41.6157112121582,125.66370614359174,0.4343270750178155,93.69277705547574,64.59189757151228
0.5684999999999928,41.6703987121582,125.66370614359174,0.4360989250940001,95.50945189223745,65.67686287805914
0.5689999999999927,41.72640609741211,125.66370614359174,0.4388212497970434,97.57306435257006,66.86564265733185
0.5694999999999927,41.78383255004883,125.66370614359174,0.4424813962305961,99.87149915948439,68.1497735117093
0.5699999999999926,41.8427848815918,125.66370614359174,0.44705492823243187,102.39279926212562,69.52134172086679
0.5704999999999926,41.90333938598633,125.66370614359174,0.45250775635337676,105.12494569286119,70.97270795575668
0.5709999999999925,41.96558380126953,125.66370614359174,0.45879799392957404,108.05569066180955,72.49641850230559
0.5714999999999925,42.02958297729492,125.66370614359174,0.465877617355358,109.5810045270627,74.08503302726224
0.5719999999999924,42.08935546875,125.66370614359174,0.4705642891083595,105.52238270453745,70.63680646381333
0.5724999999999923,42.14579772949219,125.66370614359174,0.473694974051033,101.96876898084308,67.92540542235517
0.5729999999999923,42.19969940185547,125.66370614359174,0.4744092341303605,98.9909751163151,65.87502419064245
0.5734999999999922,42.25173568725586,125.66370614359174,0.47302849303285893,96.57893591223684,64.3785816059948
0.5739999999999922,42.302452087402344,125.66370614359174,0.47017890300925175,94.70323469561473,63.344573967758194
0.5744999999999921,42.35231399536133,125.66370614359174,0.46647658502089706,93.32682824037407,62.69738088727955
0.5749999999999921,42.401710510253906,125.66370614359174,0.4624332990266307,92.41157421340795,62.375702775972556
0.575499999999992,42.45096206665039,125.66370614359174,0.4584444461091436,91.92162772142277,62.330442086699556
0.575999999999992,42.50035095214844,125.66370614359174,0.4548041707581085,91.82489949021249,62.52254397314431
0.5764999999999919,42.55012130737305,125.66370614359174,0.45172617205973975,92.09338434459184,62.92095973512658
0.5769999999999919,42.60047912597656,125.66370614359174,0.44936264133486026,92.70288346712056,63.50087957391697
0.5774999999999918,42.65161895751953,125.66370614359174,0.44781927951771633,93.63244444768694,64.24229871964873
0.5779999999999917,42.703697204589844,125.66370614359174,0.4471664461039918,94.86370972802567,65.12878317966016
0.5784999999999917,42.75687026977539,125.66370614359174,0.44744716549434727,96.38027858739106,66.1465787968307
0.5789999999999916,42.8112678527832,125.66370614359174,0.44868281989986886,98.16713454392341,67.2838309480201
0.5794999999999916,42.86701202392578,125.66370614359174,0.4508772490674827,100.21015884587811,68.5300438664635
0.5799999999999915,42.924217224121094,125.66370614359174,0.45401981218389154,102.49573296332731,69.87564822396456
0.5804999999999915,42.98297882080078,125.66370614359174,0.4580878040431492,105.01042383867295,71.31165739952576
0.5809999999999914,43.04338073730469,125.66370614359174,0.4630484810060667,107.74074171200994,72.82943748671825
0.5814999999999914,43.10550308227539,125.66370614359174,0.4688608479097591,110.6729592644031,74.42054306395184
0.5819999999999913,43.16941452026367,125.66370614359174,0.4754772833670139,111.94283834315075,76.07657687961951
0.5824999999999912,43.22831344604492,125.66370614359174,0.4788716354306043,106.95611993881077,71.85451229659277
0.5829999999999912,43.283355712890625,125.66370614359174,0.48081047005966565,102.7229516947077,68.60480789898257
0.5834999999999911,43.335514068603516,125.66370614359174,0.4804567386656951,99.25648820732057,66.19454354878108
0.5839999999999911,43.38559341430664,125.66370614359174,0.47811897419127075,96.49925162357385,64.46909404126318
0.584499999999991,43.43424606323242,125.66370614359174,0.47440720571230865,94.38736179129651,63.30266417183194
0.584999999999991,43.481998443603516,125.66370614359174,0.46992494819586866,92.85868100769515,62.59485957481553
0.5854999999999909,43.529293060302734,125.66370614359174,0.46517559400542613,91.85670133895091,62.26646004283151
0.5859999999999909,43.57649612426758,125.66370614359174,0.4605495774426797,91.33202952679595,62.2553396701667
0.5864999999999908,43.6239128112793,125.66370614359174,0.45633841013190585,91.24246424848693,62.51287636282529
0.5869999999999908,43.67180633544922,125.66370614359174,0.45275455192571357,91.55232910123428,63.000932992018384
0.5874999999999907,43.72040557861328,125.66370614359174,0.44994959784278904,92.23147895481343,63.68937886634144
0.5879999999999906,43.7699089050293,125.66370614359174,0.44802872160427215,93.25422658058554,64.55410624796171
0.5884999999999906,43.82048797607422,125.66370614359174,0.4470614024163409,94.59832403910366,65.57547402381985
0.5889999999999905,43.87229919433594,125.66370614359174,0.44708913961085395,96.24406327590076,66.73711544287703
0.5894999999999905,43.925479888916016,125.66370614359174,0.4481309684515228,98.17351847534009,68.02500760730685
0.5899999999999904,43.98015594482422,125.66370614359174,0.45018748443991063,100.36992938216339,69.42678292543359
0.5904999999999904,44.03643798828125,125.66370614359174,0.4532439168346084,102.81721320365526,70.93119859840367
0.5909999999999903,44.094417572021484,125.66370614359174,0.4572726277302199,105.49958771431734,72.52774055399317
0.5914999999999903,44.1541862487793,125.66370614359174,0.4622352734770818,108.40128742921846,74.20636823600601
0.5919999999999902,44.21581268310547,125.66370614359174,0.4680847602249677,109.98360978705689,75.95726982865857
0.5924999999999901,44.272064208984375,125.66370614359174,0.4718289256689919,104.5185207849969,71.29752718366039
0.5929999999999901,44.3242073059082,125.66370614359174,0.4736830712100214,99.91702752973966,67.74323429972861
0.59349999999999,44.373321533203125,125.66370614359174,0.47294944290719493,96.176751668169,65.13313631462468
0.59399999999999,44.42028045654297,125.66370614359174,0.47004441851827045,93.22306182488452,63.28788042394106
0.5944999999999899,44.46578598022461,125.66370614359174,0.4656536619305521,90.97894361456454,62.06346524336606
0.5949999999999899,44.51041030883789,125.66370614359174,0.4604352499745072,89.37220282557661,61.34609126873622
0.5954999999999898,44.554630279541016,125.66370614359174,0.45493345566580645,88.33857899043063,61.04660863325067
0.5959999999999898,44.59883117675781,125.66370614359174,0.4495703940254302,87.82263377151925,61.09546905268301
0.5964999999999897,44.643348693847656,125.66370614359174,0.4446627005463627,87.7773727538789,61.43846721268947
0.5969999999999897,44.68846130371094,125.66370614359174,0.4404429280334329,88.16323371749944,62.03317167601892
0.5974999999999896,44.734405517578125,125.66370614359174,0.4370785858388394,88.94683416314517,62.84608413038908
0.5979999999999895,44.781394958496094,125.66370614359174,0.4346870373098448,90.09970506464374,63.85040764990984
0.5984999999999895,44.829612731933594,125.66370614359174,0.4333464632989153,91.59712996985222,65.02428038350162
0.5989999999999894,44.87922668457031,125.66370614359174,0.43310372350739273,93.41714148946065,66.34944887873104
0.5994999999999894,44.93037414550781,125.66370614359174,0.4339800161798938,95.53968844390997,67.81022110063911
0.5999999999999893,44.983192443847656,125.66370614359174,0.4359751011774188,97.94596569328215,69.39274040005861
0.6004999999999893,45.03779220581055,125.66370614359174,0.43907065552700203,100.6178887739523,71.08437108593685
0.6009999999999892,45.094276428222656,125.66370614359174,0.4432331410981447,103.53769184407531,72.87330256431183
0.6014999999999892,45.15272521972656,125.66370614359174,0.4484164043074329,106.68762768906784,74.74821484193009
0.6019999999999891,45.21321487426758,125.66370614359174,0.4545641097656851,108.0276003816239,76.69808482841933
0.602499999999989,45.268009185791016,125.66370614359174,0.45664367902444347,102.03337393632448,71.63704371353074
0.602999999999989,45.31852340698242,125.66370614359174,0.45730820286930307,97.1288729943512,67.83915175388883
0.6034999999999889,45.365943908691406,125.66370614359174,0.45572151060488253,93.25868153913139,65.10699115082177
0.6039999999999889,45.411224365234375,125.66370614359174,0.45221620229129555,90.30641599266649,63.23038143141837
0.6044999999999888,45.45512771606445,125.66370614359174,0.4474353864128416,88.16450951361877,62.04276021422174
0.6049999999999888,45.49827194213867,125.66370614359174,0.4420162909617626,86.73830074452597,61.413781243057585
0.6054999999999887,45.54116439819336,125.66370614359174,0.43649331473785624,85.94686672257004,61.242081101074625
0.6059999999999887,45.5842170715332,125.66370614359174,0.4312837093779237,85.72226081999041,61.449024687531
0.6064999999999886,45.62777328491211,125.66370614359174,0.42670078540619677,86.00794293789178,61.97353967797345
0.6069999999999885,45.67213439941406,125.66370614359174,0.42297318953564994,86.75690943677701,62.76795477850267
0.6074999999999885,45.71754837036133,125.66370614359174,0.4202626294340752,87.92982403568526,63.79466266918763
0.6079999999999884,45.76422882080078,125.66370614359174,0.418678007874798,89.49330998735431,65.02355714225996
0.6084999999999884,45.8123664855957,125.66370614359174,0.4182860574929874,91.41847403837241,66.43005694184697
0.6089999999999883,45.86212921142578,125.66370614359174,0.419119243651348,93.67967920740524,67.99358901622897
0.6094999999999883,45.913658142089844,125.66370614359174,0.4211817803047433,96.25355397139498,69.69643806949279
0.6099999999999882,45.96708679199219,125.66370614359174,0.4244544529933527,99.1182116838076,71.52291884542329
0.6104999999999882,46.022518157958984,125.66370614359174,0.42889873217715435,102.25264885360765,73.45870674761565
0.6109999999999881,46.08005142211914,125.66370614359174,0.43446045932461846,105.63629120803647,75.49041218444826
0.611499999999988,46.139766693115234,125.66370614359174,0.44107323424894845,107.03781606348056,77.60521782773772
0.611999999999988,46.19392013549805,125.66370614359174,0.44273147860274514,101.03923959526793,72.56261105747217
0.6124999999999879,46.24391174316406,125.66370614359174,0.44315395610206715,96.1768916618506,68.792988293573
0.6129999999999879,46.29092025756836,125.66370614359174,0.4414443206907419,92.39175554191594,66.1028445955152
0.6134999999999878,46.33589172363281,125.66370614359174,0.437915104380314,89.56319290610446,64.28302603301928
0.6139999999999878,46.37959289550781,125.66370614359174,0.4332090993968398,87.57964916991222,63.16693973667914
0.6144999999999877,46.42264175415039,125.66370614359174,0.42797014404602846,86.3428504630119,62.62361389793016
0.6149999999999877,46.465545654296875,125.66370614359174,0.4227405294898315,85.76864614299241,62.550751986556996
0.6154999999999876,46.50872802734375,125.66370614359174,0.4179440600453631,85.78620839976513,62.868654994522686
0.6159999999999876,46.55253982543945,125.66370614359174,0.4138979331348955,86.33640434922867,63.51512397526976
0.6164999999999875,46.59727478027344,125.66370614359174,0.4108313118239441,87.36986373405298,64.44132785571006
0.6169999999999874,46.643192291259766,125.66370614359174,0.4089027221896849,88.8450515519296,65.6085330861454
0.6174999999999874,46.69050979614258,125.66370614359174,0.4082141632499595,90.72650970163532,66.98551103260674
0.6179999999999873,46.739418029785156,125.66370614359174,0.4088219991911304,92.98333945007232,68.54656606285644
0.6184999999999873,46.79008865356445,125.66370614359174,0.4107453770020558,95.58794141610277,70.27002599827198
0.6189999999999872,46.8426628112793,125.66370614359174,0.41397296282910745,98.51500000969405,72.13707589022648
0.6194999999999872,46.89727020263672,125.66370614359174,0.41846861330254687,101.74068479133531,74.13092572763227
0.6199999999999871,46.95402145385742,125.66370614359174,0.4241763687069919,105.2420364703529,76.2361609579008
0.6204999999999871,47.01300811767578,125.66370614359174,0.4310249588796625,107.10480026279632,78.4382729352447
0.620999999999987,47.06696319580078,125.66370614359174,0.4340413051491026,101.59048145283423,73.79351243433301
0.621499999999987,47.11709976196289,125.66370614359174,0.4354249080877625,97.05102374654439,70.2807957501281
0.6219999999999869,47.16448211669922,125.66370614359174,0.4343841891886935,93.48262123506791,67.75191159115418
0.6224999999999868,47.20996856689453,125.66370614359174,0.4313316484023974,90.80404015826565,66.03157810308508
0.6229999999999868,47.254268646240234,125.66370614359174,0.426984665762026,88.93072625247274,64.97642453420261
0.6234999999999867,47.2979736328125,125.66370614359174,0.42204107392069445,87.78285294474124,64.47134876864698
0.6239999999999867,47.34156036376953,125.66370614359174,0.41708221855365096,87.2888252242918,64.424821549519
0.6244999999999866,47.385440826416016,125.66370614359174,0.41256018626534163,87.38630697599183,64.76442266891192
0.6249999999999866,47.42995834350586,125.66370614359174,0.40881243145813917,88.02184629075838,65.43281072969069
0.6254999999999865,47.475406646728516,125.66370614359174,0.40608210957121665,89.14980123986479,66.38434387641894
0.6259999999999865,47.52204895019531,125.66370614359174,0.40453663278457214,90.73099935555945,67.58231766077365
0.6264999999999864,47.57010269165039,125.66370614359174,0.404282612240159,92.73138033098522,68.99671325221965
0.6269999999999863,47.6197624206543,125.66370614359174,0.4053774373717569,95.12075239372574,70.60247743126281
0.6274999999999863,47.671199798583984,125.66370614359174,0.4078383386745504,97.87171956797522,72.3781672859449
0.6279999999999862,47.724571228027344,125.66370614359174,0.41164977092722377,100.95879435226715,74.30492620387629
0.6284999999999862,47.78000259399414,125.66370614359174,0.4167697313077992,104.3576873523111,76.36567812047578
0.6289999999999861,47.837615966796875,125.66370614359174,0.42313537266817774,108.04475444677064,78.54458445016364
0.6294999999999861,47.89750289916992,125.66370614359174,0.43066806607921526,109.98270595174995,80.82657040179377
0.629999999999986,47.95272445678711,125.66370614359174,0.4338998593460315,104.76631799375318,76.45082131961782
0.630499999999986,48.00437927246094,125.66370614359174,0.4355510927927783,100.43634517675383,73.10925752596455
0.6309999999999859,48.05343246459961,125.66370614359174,0.4348274953028374,97.02023408192859,70.68616813190468
0.6314999999999859,48.100685119628906,125.66370614359174,0.4321402923057264,94.45975573835447,69.03011989365082
0.6319999999999858,48.14681625366211,125.66370614359174,0.428207004841489,92.68583729700156,68.0139038344409
0.6324999999999857,48.19237518310547,125.66370614359174,0.4237253155749513,91.6289920378044,67.53327060403777
0.6329999999999857,48.23783493041992,125.66370614359174,0.41927536771795865,91.22445717672835,67.50397857359772
0.6334999999999856,48.28359603881836,125.66370614359174,0.4153066576516236,91.41432979423408,67.8584081529294
0.6339999999999856,48.32999038696289,125.66370614359174,0.41215255645457893,92.1479425464601,68.54231947038474
0.6344999999999855,48.3773193359375,125.66370614359174,0.4100507024456593,93.38129649124618,69.51202924200834
0.6349999999999855,48.42583084106445,125.66370614359174,0.40916175834947416,95.07606267288116,70.73194886178031
0.6354999999999854,48.47574996948242,125.66370614359174,0.409584675243395,97.1984553555744,72.1726410662284
0.6359999999999854,48.52727127075195,125.66370614359174,0.4113686788147762,99.7181438671018,73.80922289817634
0.6364999999999853,48.58057403564453,125.66370614359174,0.414522775639035,102.60728498165747,75.6201456132142
0.6369999999999852,48.63580322265625,125.66370614359174,0.41902356088557086,105.8397070917814,77.58620657671437
0.6374999999999852,48.69309616088867,125.66370614359174,0.4248218917400605,109.39024902563683,79.68986051650718
0.6379999999999851,48.752567291259766,125.66370614359174,0.43184875223960667,113.2342417037871,81.9146481683413
0.6384999999999851,48.81431579589844,125.66370614359174,0.4400204500475377,115.01194262347546,84.24480240604923
0.638999999999985,48.87151336669922,125.66370614359174,0.442799137762396,109.80376235965575,79.8969132388616
0.639499999999985,48.925201416015625,125.66370614359174,0.4442207125908715,105.4724514018858,76.55771007626417
0.6399999999999849,48.976322174072266,125.66370614359174,0.4434616521937158,102.05360954824977,74.1239156648845
0.6404999999999849,49.02566146850586,125.66370614359174,0.44088960782278447,99.49471021431086,72.45201152507751
0.6409999999999848,49.07386779785156,125.66370614359174,0.43718594981371633,97.7299266841068,71.41963264604748
0.6414999999999847,49.12150192260742,125.66370614359174,0.43301995547560224,96.69145044133522,70.92545812793576
0.6419999999999847,49.16902160644531,125.66370614359174,0.4289491763245029,96.31520140463591,70.8868564311235
0.6424999999999846,49.21682357788086,125.66370614359174,0.4254045396540328,96.5433245493509,71.23700538420783
0.6429999999999846,49.2652473449707,125.66370614359174,0.4227036345133207,97.32478994245645,71.92193827943996
0.6434999999999845,49.3145866394043,125.66370614359174,0.4210703771105498,98.61496292417871,72.89786770689594
0.6439999999999845,49.36509323120117,125.66370614359174,0.42065341454685046,100.37468843581718,74.12887784044881
0.6444999999999844,49.4169921875,125.66370614359174,0.42154127544427145,102.56921326160581,75.58503353474006
0.6449999999999844,49.47047805786133,125.66370614359174,0.42377436661917367,105.16712658949638,77.2408344115994
0.6454999999999843,49.52572250366211,125.66370614359174,0.42735452085792136,108.1394091524664,79.07401208003331
0.6459999999999843,49.582881927490234,125.66370614359174,0.4322528109304066,111.45862772855133,81.06460177321749
0.6464999999999842,49.64208221435547,125.66370614359174,0.4384161595376619,115.09828092095476,83.19420018150969
0.6469999999999841,49.70344161987305,125.66370614359174,0.4457730619203229,117.57785820959333,85.4454627923009
0.6474999999999841,49.76060104370117,125.66370614359174,0.45120616034877314,112.77147399314836,81.36702377661686
0.647999999999984,49.8144416809082,125.66370614359174,0.4541892874022113,108.59240961370978,78.15031065679841
0.648499999999984,49.86577606201172,125.66370614359174,0.45423901363677516,105.1583390837251,75.73931543500925
0.6489999999999839,49.915321350097656,125.66370614359174,0.4519594337532424,102.47415541968097,74.02617283653416
0.6494999999999839,49.96367263793945,125.66370614359174,0.4481799302694464,100.51402267868262,72.91312356282825
0.6499999999999838,50.01136016845703,125.66370614359174,0.44366616822741256,99.23802469713719,72.31581671797784
0.6504999999999838,50.05881881713867,125.66370614359174,0.43904231724396725,98.60157265621778,72.16330156033327
0.6509999999999837,50.106441497802734,125.66370614359174,0.4347886371977508,98.56046114235063,72.3967975243746
0.6514999999999836,50.15456008911133,125.66370614359174,0.43126187906355107,99.07323742781438,72.96783163634302
0.6519999999999836,50.20347213745117,125.66370614359174,0.42871896281884697,100.10199304234209,73.83635749141311
0.6524999999999835,50.25343322753906,125.66370614359174,0.4273375400081776,101.61229027565979,74.96896205313826
0.6529999999999835,50.3046760559082,125.66370614359174,0.4272321651548018,103.5726646490256,76.33734477273272
0.6534999999999834,50.35740661621094,125.66370614359174,0.42846662250452083,105.95396490839539,77.91702230054777
0.6539999999999834,50.41180419921875,125.66370614359174,0.4310634205408144,108.72867744259375,79.68628606297949
0.6544999999999833,50.4680290222168,125.66370614359174,0.43501139578415615,111.87031053572106,81.62539172011499
0.6549999999999833,50.52622985839844,125.66370614359174,0.4402721141587022,115.35287163555665,83.71593635509115
0.6554999999999832,50.586524963378906,125.66370614359174,0.4467854897194502,119.15044619203965,85.94034542091627
0.6559999999999832,50.64902114868164,125.66370614359174,0.45447482032690445,121.3008847998806,88.28154430555003
0.6564999999999831,50.70698165893555,125.66370614359174,0.45852556614091866,115.96637167636206,83.78273825941952
0.656999999999983,50.76139450073242,125.66370614359174,0.4605125603377119,111.4262418452768,80.277160983171
0.657499999999983,50.813167572021484,125.66370614359174,0.4598811109265005,107.75958394433663,77.67937405821162
0.6579999999999829,50.86307144165039,125.66370614359174,0.4571599391422229,104.94048024627449,75.85594207305911
0.6584999999999829,50.9117546081543,125.66370614359174,0.4531233245538237,102.92031378277606,74.69024081458176
0.6589999999999828,50.95977020263672,125.66370614359174,0.4484979559621882,101.64223690198874,74.08393486640527
0.6594999999999828,51.007591247558594,125.66370614359174,0.44387997794600714,101.04895736961772,73.95569081151363
0.6599999999999827,51.05561828613281,125.66370614359174,0.439728608720317,101.08660648353873,74.23889003269952
0.6604999999999827,51.10419845581055,125.66370614359174,0.4363838247143497,101.70624132108128,74.87909596775106
0.6609999999999826,51.15363693237305,125.66370614359174,0.43408827777062614,102.86400596298299,75.83162203128269
0.6614999999999825,51.204200744628906,125.66370614359174,0.43300678379171226,104.52060172406495,77.05937120835193
0.6619999999999825,51.2561149597168,125.66370614359174,0.43324190845639227,106.64046106050006,78.53100362463348
0.6624999999999824,51.30959701538086,125.66370614359174,0.4348460485860513,109.19085256853177,80.21949892238935
0.6629999999999824,51.36482238769531,125.66370614359174,0.4378309044346727,112.14103863915112,82.10091958165195
0.6634999999999823,51.42194747924805,125.66370614359174,0.4421751864647804,115.46154294608799,84.15352197592541
0.6639999999999823,51.481117248535156,125.66370614359174,0.44783116743200524,119.12354718616034,86.3570628975625
0.6644999999999822,51.542449951171875,125.66370614359174,0.45473044016967007,121.73446855167741,88.69224365464937
0.6649999999999822,51.59926223754883,125.66370614359174,0.4601481801337524,116.37630450841121,84.12969850430967
0.6654999999999821,51.65251922607422,125.66370614359174,0.46279388351508394,111.73755817214118,80.54526856070272
0.665999999999982,51.70310592651367,125.66370614359174,0.462338490673185,107.93228267004918,77.86571408547093
0.666499999999982,51.75177764892578,125.66370614359174,0.45947040666481287,104.95626258586557,75.96521387102746
0.6669999999999819,51.7991943359375,125.66370614359174,0.4550673822824375,102.77540494323516,74.73187151150341
0.6674999999999819,51.84590148925781,125.66370614359174,0.4499263462638466,101.34252247528374,74.0701392733313
0.6679999999999818,51.89237976074219,125.66370614359174,0.4446940407881474,100.6066720044937,73.90024427479533
0.6684999999999818,51.93903732299805,125.66370614359174,0.43986832836466866,100.51806973880514,74.15630934177202
0.6689999999999817,51.98623275756836,125.66370614359174,0.43582016343484625,101.03029834507396,74.78410378778571
0.6694999999999817,52.034271240234375,125.66370614359174,0.432817831347884,102.10094145957126,75.73876805301943
0.6699999999999816,52.083438873291016,125.66370614359174,0.4310476085702934,103.69137137504636,76.98281147344564
0.6704999999999816,52.133968353271484,125.66370614359174,0.4306298591160735,105.76613582954789,78.4843090268645
0.6709999999999815,52.18607711791992,125.66370614359174,0.43163128195577527,108.29220611893177,80.21551370668381
0.6714999999999814,52.239959716796875,125.66370614359174,0.4340744216693103,111.2382316344183,82.1516911897106
0.6719999999999814,52.295780181884766,125.66370614359174,0.4379454307065247,114.57387364316308,84.27020413778163
0.6724999999999813,52.35368347167969,125.66370614359174,0.44320077691518206,118.26924841698826,86.54983620108369
0.6729999999999813,52.41379928588867,125.66370614359174,0.44977328690220525,122.29448558405242,88.97027699361496
0.6734999999999812,52.47623062133789,125.66370614359174,0.45757767706944974,124.15632675696175,91.51171836534024
0.6739999999999812,52.533573150634766,125.66370614359174,0.4598551791167521,117.91241225379969,86.26705319522843
0.6744999999999811,52.58701705932617,125.66370614359174,0.4604296558954923,112.75627097480543,82.26024594816258
0.6749999999999811,52.63762283325195,125.66370614359174,0.4586982573467093,108.70546718070646,79.35326356870708
0.675499999999981,52.6862678527832,125.66370614359174,0.45513657805645474,105.68264053527724,77.36658500993994
0.675999999999981,52.73369216918945,125.66370614359174,0.4504837652400458,103.60067018832389,76.14935123185612
0.6764999999999809,52.78050994873047,125.66370614359174,0.4454447976725905,102.37370369780004,75.57769143900518
0.6769999999999808,52.827232360839844,125.66370614359174,0.4406022226758377,101.92234746269318,75.55107210819021
0.6774999999999808,52.87430191040039,125.66370614359174,0.4364056089943139,102.17561662427403,75.9882938290621
0.6779999999999807,52.922096252441406,125.66370614359174,0.4331862541034994,103.071026592202,76.82364911382801
0.6784999999999807,52.97093200683594,125.66370614359174,0.43117709922572994,104.55372200893335,78.00353883299854
0.6789999999999806,53.02109146118164,125.66370614359174,0.43053101616762063,106.57519584701208,79.48366126542749
0.6794999999999806,53.072818756103516,125.66370614359174,0.4313358669558912,109.09192033506692,81.22668639554261
0.6799999999999805,53.12632369995117,125.66370614359174,0.4336266243161509,112.06406277670992,83.20041648779483
0.6804999999999805,53.181785583496094,125.66370614359174,0.43739532281541826,115.45436731805358,85.37635288276998
0.6809999999999804,53.2393684387207,125.66370614359174,0.4425995359409476,119.22722987769816,87.72861731153888
0.6814999999999803,53.2992057800293,125.66370614359174,0.4491698320900464,122.02456974991806,90.23309569641039
0.6819999999999803,53.35432052612305,125.66370614359174,0.4544158948715597,116.21996172203728,85.29058137796525
0.6824999999999802,53.4057502746582,125.66370614359174,0.45668626360001596,111.25162777897428,81.43933159024382
0.6829999999999802,53.45444107055664,125.66370614359174,0.45574318669321845,107.22477010943712,78.59071464791622
0.6834999999999801,53.50120544433594,125.66370614359174,0.45234421022631405,104.12241868908492,76.60238778644081
0.6839999999999801,53.54673767089844,125.66370614359174,0.4474188949488443,101.89944404639739,75.34914731495107
0.68449999999998,53.59162521362305,125.66370614359174,0.4418046028239595,100.49920510052728,74.72477642737765
0.68499999999998,53.63637161254883,125.66370614359174,0.43618045827934293,99.86263388897927,74.64085543936248
0.6854999999999799,53.681419372558594,125.66370614359174,0.4310702085034141,99.93288232344186,75.02444472092603
0.6859999999999798,53.727134704589844,125.66370614359174,0.426864711023473,100.65727863732268,75.81539215157028
0.6864999999999798,53.77385711669922,125.66370614359174,0.4238461594549988,101.98774419634597,76.96382503636883
0.6869999999999797,53.82187271118164,125.66370614359174,0.422208564696147,103.88040098138092,78.42782273293817
0.6874999999999797,53.871437072753906,125.66370614359174,0.4220737729156568,106.29481498623699,80.17151381444269
0.6879999999999796,53.92277526855469,125.66370614359174,0.42350391617736366,109.19313415153746,82.16349716899602
0.6884999999999796,53.9760856628418,125.66370614359174,0.42651149278418204,112.53926147106864,84.37559258852782
0.6889999999999795,54.03153610229492,125.66370614359174,0.43106805367715384,116.29813130384693,86.78185867679336
0.6894999999999795,54.08927917480469,125.66370614359174,0.4371120919091679,120.43511464586146,89.35787265081265
0.6899999999999794,54.14944076538086,125.66370614359174,0.4445563803667189,122.92004670333839,92.08015658601312
0.6904999999999794,54.20472717285156,125.66370614359174,0.448086611804484,116.77520093305375,86.89153825934235
0.6909999999999793,54.256263732910156,125.66370614359174,0.44929715426963684,111.6558409513262,82.90862460177085
0.6914999999999792,54.3050651550293,125.66370614359174,0.44777763346529037,107.62175596106165,80.01795456473593
0.6919999999999792,54.35199737548828,125.66370614359174,0.44416497569423175,104.62104815605527,78.05522362220891
0.6924999999999791,54.39778518676758,125.66370614359174,0.43931632284176614,102.58268721336931,76.87876014951263
0.6929999999999791,54.44303894042969,125.66370614359174,0.4340237855593767,101.43065669182744,76.36994722427058
0.693499999999979,54.4882926940918,125.66370614359174,0.42893554275533774,101.09120465590634,76.4309501411439
0.693999999999979,54.53398895263672,125.66370614359174,0.4245510317491089,101.49615760391367,76.98153019910657
0.6944999999999789,54.58051300048828,125.66370614359174,0.42123887287709455,102.58391174430952,77.95582217771204
0.6949999999999789,54.628204345703125,125.66370614359174,0.4192585132548023,104.29915354812816,79.29933518900768
0.6954999999999788,54.67734909057617,125.66370614359174,0.4187795151977853,106.59196725971606,80.96633314175635
0.6959999999999787,54.728206634521484,125.66370614359174,0.4198974153374957,109.41672121323558,82.91770807490913
0.6964999999999787,54.78099822998047,125.66370614359174,0.4226467649766481,112.73095272914803,85.11921925558806
0.6969999999999786,54.835914611816406,125.66370614359174,0.4270122651026045,116.49436346317736,87.54013112766484
0.6974999999999786,54.893123626708984,125.66370614359174,0.4329386839163804,120.66797278246263,90.15216601488235
0.6979999999999785,54.95276641845703,125.66370614359174,0.4403398993272756,123.46650173235693,92.92869638547738
0.6984999999999785,55.00778579711914,125.66370614359174,0.44475958411975175,117.56726626444815,87.93798292834977
0.6989999999999784,55.0592155456543,125.66370614359174,0.4465301380119135,112.59138040619231,84.07185018383339
0.6994999999999784,55.10801315307617,125.66370614359174,0.44534221055935636,108.63801720616753,81.24645414050991
0.6999999999999783,55.15499496459961,125.66370614359174,0.4419145361490975,105.6826126101381,79.31895431396435
0.7004999999999783,55.20086669921875,125.66370614359174,0.43716195835373206,103.6726466652557,78.16215524867849
0.7009999999999782,55.24623107910156,125.66370614359174,0.43191778744125925,102.5445473519103,77.6671072766385
0.7014999999999781,55.291603088378906,125.66370614359174,0.42686033014034447,102.23283226224223,77.7423212124926
0.7019999999999781,55.337425231933594,125.66370614359174,0.4225114019475727,102.6747134432163,78.31166043881511
0.702499999999978,55.384090423583984,125.66370614359174,0.4192561694661366,103.81196825506673,79.3118073157289
0.702999999999978,55.43193435668945,125.66370614359174,0.4173658805318086,105.5912584877536,80.6897166628659
0.7034999999999779,55.48125076293945,125.66370614359174,0.41701780400644,107.9636449096619,82.4003547939747
0.7039999999999779,55.53230285644531,125.66370614359174,0.4183115661159426,110.88375056998358,84.40477305574662
0.7044999999999778,55.5853157043457,125.66370614359174,0.42128265195768416,114.30883466268556,86.66850343044777
0.7049999999999778,55.64048385620117,125.66370614359174,0.42591405880780714,118.19791769340753,89.16029998728054
0.7054999999999777,55.6979866027832,125.66370614359174,0.43214679697737923,122.5110248540508,91.85117572298219
0.7059999999999776,55.75796127319336,125.66370614359174,0.4398895431014166,125.39696775136869,94.71360773646929
0.7064999999999776,55.81345748901367,125.66370614359174,0.444414698615645,119.5994261547168,89.81503463695397
0.7069999999999775,55.8654670715332,125.66370614359174,0.4462845136705587,114.69198567506024,86.00282557079711
0.7074999999999775,55.9149055480957,125.66370614359174,0.4452068499785716,110.79169638184557,83.21026798180058
0.7079999999999774,55.96257781982422,125.66370614359174,0.4419123531689148,107.88598277833674,81.30608101918384
0.7084999999999774,56.00917434692383,125.66370614359174,0.4373247680476124,105.92993969930596,80.17047568531522
0.7089999999999773,56.0552864074707,125.66370614359174,0.4322838064636034,104.86467036649701,79.69913454613045
0.7094999999999773,56.10143280029297,125.66370614359174,0.4274718840490458,104.6273867209101,79.80335700852685
0.7099999999999772,56.14805221557617,125.66370614359174,0.4234126714216609,105.15665035243215,80.40852764792609
0.7104999999999771,56.19554138183594,125.66370614359174,0.42049094117210234,106.39466390092872,81.45200912191801
0.7109999999999771,56.244232177734375,125.66370614359174,0.4189753712844088,108.28786749938618,82.88084158324172
0.711499999999977,56.29442596435547,125.66370614359174,0.4190386915804472,110.78663607102185,84.64968718743188
0.711999999999977,56.34638214111328,125.66370614359174,0.4207743793350951,113.84456348441594,86.71898811273158
0.7124999999999769,56.400333404541016,125.66370614359174,0.4242106469984612,117.41761705936618,89.05347476908516
0.7129999999999769,56.456478118896484,125.66370614359174,0.4293226464457498,121.46331757426061,91.62093786587319
0.7134999999999768,56.514984130859375,125.66370614359174,0.4360435082919029,125.94002115618603,94.39128220051164
0.7139999999999768,56.57600021362305,125.66370614359174,0.4442744509795528,128.7035518040436,97.3358189308337
0.7144999999999767,56.63252639770508,125.66370614359174,0.4482449318830114,122.79269048008413,92.355291833974
0.7149999999999767,56.6855583190918,125.66370614359174,0.4497852959361731,117.81395507017957,88.48188633460458
0.7154999999999766,56.73602294921875,125.66370614359174,0.448562513923663,113.87997560753166,85.6494992135062
0.7159999999999765,56.784725189208984,125.66370614359174,0.44526715437157516,110.97366081933917,83.72522679675245
0.7164999999999765,56.832359313964844,125.66370614359174,0.4407942554778161,109.04595808052008,82.58731802431224
0.7169999999999764,56.87953186035156,125.66370614359174,0.4359626528033187,108.03423357051693,82.12943120181298
0.7174999999999764,56.926753997802734,125.66370614359174,0.4314384734268559,107.87234233286205,82.26085301238422
0.7179999999999763,56.9744758605957,125.66370614359174,0.4277314599739657,108.4958075869591,82.90507521564327
0.7184999999999763,57.023094177246094,125.66370614359174,0.4252134774108494,109.84404136556674,83.99765164441474
0.7189999999999762,57.07294845581055,125.66370614359174,0.42414065498735004,111.86087298812527,85.48391287690248
0.7194999999999762,57.12433624267578,125.66370614359174,0.42467336716032045,114.49418709100114,87.31686377488118
0.7199999999999761,57.17751693725586,125.66370614359174,0.42689309628155925,117.6951594046679,89.45534271688545
0.720499999999976,57.232723236083984,125.66370614359174,0.43081676449356604,121.4173740111136,91.86250611581896
0.720999999999976,57.29015350341797,125.66370614359174,0.43640931954862056,125.6159764186837,94.50458550737224
0.7214999999999759,57.349971771240234,125.66370614359174,0.44359508423393224,130.24693775236156,97.34992422451234
0.7219999999999759,57.41232681274414,125.66370614359174,0.45226804117568636,132.73010133791246,100.36827566119366
0.7224999999999758,57.470001220703125,125.66370614359174,0.45517834654915923,126.45506487267296,95.09630090754425
0.7229999999999758,57.524051666259766,125.66370614359174,0.4560139299196696,121.2339897652485,91.02193127391546
0.7234999999999757,57.57545852661133,125.66370614359174,0.45437251737276885,117.15261032100648,88.06053540100451
0.7239999999999757,57.625064849853516,125.66370614359174,0.4508753481144911,114.17216337407143,86.06236200054472
0.7244999999999756,57.673587799072266,125.66370614359174,0.44636655286832266,112.22719038152121,84.89284214183635
0.7249999999999756,57.72165298461914,125.66370614359174,0.4416277983106147,111.24252800874038,84.43585443688285
0.7254999999999755,57.76979064941406,125.66370614359174,0.4372969256941663,111.14232633127682,84.59315504570257
0.7259999999999754,57.818458557128906,125.66370614359174,0.4338608168773024,111.85444538829265,85.28233720230986
0.7264999999999754,57.8680534362793,125.66370614359174,0.43167174633196453,113.31209706573986,86.43424320873517
0.7269999999999753,57.91892623901367,125.66370614359174,0.4309683446346652,115.45394857720522,87.99037241341082
0.7274999999999753,57.97137451171875,125.66370614359174,0.4318950763095734,118.22345094921084,89.90049872374178
0.7279999999999752,58.025657653808594,125.66370614359174,0.4345190220890556,121.56785159012203,92.12066680529345
0.7284999999999752,58.082008361816406,125.66370614359174,0.43884434249564613,125.43715264409744,94.61154716607786
0.7289999999999751,58.14061737060547,125.66370614359174,0.4448250417743659,129.78315304894002,97.3370880212286
0.7294999999999751,58.20164489746094,125.66370614359174,0.45237643070189093,132.8987364747478,100.26350541213758
0.729999999999975,58.258209228515625,125.66370614359174,0.4574955768256946,126.8737874820927,95.15805019075614
0.730499999999975,58.311241149902344,125.66370614359174,0.45951899301202587,121.69404295527596,91.13342368088462
0.7309999999999749,58.36164093017578,125.66370614359174,0.4583480298134554,117.51913005627294,88.14611063430634
0.7314999999999748,58.41020965576172,125.66370614359174,0.45482401009693174,114.36137432189238,86.07706325623631
0.7319999999999748,58.4576301574707,125.66370614359174,0.4499350906841299,112.19089624939032,84.81285021454892
0.7324999999999747,58.504512786865234,125.66370614359174,0.44456207698166383,110.95732272814915,84.25186647055433
0.7329999999999747,58.5513801574707,125.66370614359174,0.4394159469516851,110.60207565646228,84.30578451131088
0.7334999999999746,58.598690032958984,125.66370614359174,0.4350414735638251,111.06503181224281,84.89891843477082
0.7339999999999746,58.6468505859375,125.66370614359174,0.43183942606615744,112.28772887841325,85.96660854331827
0.7344999999999745,58.69621276855469,125.66370614359174,0.4300904142983903,114.2145484817173,87.45326119043682
0.7349999999999745,58.74708938598633,125.66370614359174,0.42997546162460437,116.79278929103499,89.31046304268854
0.7354999999999744,58.79975128173828,125.66370614359174,0.43159289265883427,119.97219319132357,91.49526424703843
0.7359999999999743,58.85443878173828,125.66370614359174,0.4349724907635473,123.70425843182892,93.96874978914263
0.7364999999999743,58.91135787963867,125.66370614359174,0.44008795970558184,127.94152754146056,96.69486033389646
0.7369999999999742,58.9706916809082,125.66370614359174,0.4468683419579759,132.63694740015345,99.63948878796866
0.7374999999999742,59.0325813293457,125.66370614359174,0.45520861054076783,135.27815271106098,102.76974530747741
0.7379999999999741,59.08961868286133,125.66370614359174,0.45814006522970585,128.58876859409324,97.13518882846918
0.7384999999999741,59.14290237426758,125.66370614359174,0.4587388336855682,123.03207466711675,92.78956985923018
0.738999999999974,59.19345474243164,125.66370614359174,0.4567218708856723,118.69472510891163,89.63889654638484
0.739499999999974,59.24215316772461,125.66370614359174,0.4527849632790959,115.53264993310738,87.52161401440351
0.7399999999999739,59.289756774902344,125.66370614359174,0.44782063733241906,113.47458934993783,86.29313919004845
0.7404999999999738,59.33690643310547,125.66370614359174,0.4426448811676366,112.43955385831998,85.82886335835391
0.7409999999999738,59.384159088134766,125.66370614359174,0.4379213865312269,112.34602760765281,86.02335794550832
0.7414999999999737,59.4319953918457,125.66370614359174,0.4341568044632432,113.11641276061543,86.78804050301837
0.7419999999999737,59.48082733154297,125.66370614359174,0.4317179493343631,114.67864954268417,88.04834231716367
0.7424999999999736,59.5310173034668,125.66370614359174,0.43085295946331054,116.9662682252033,89.74092192161106
0.7429999999999736,59.5828742980957,125.66370614359174,0.43171081840068665,119.91765903847318,91.81112802439232
0.7434999999999735,59.63667297363281,125.66370614359174,0.43435831380256273,123.47503126939179,94.21087735730801
0.7439999999999735,59.69264221191406,125.66370614359174,0.4387949446604706,127.583329005971,96.8968803286892
0.7444999999999734,59.750980377197266,125.66370614359174,0.4449664050677999,132.18924350840368,99.82927242693864
0.7449999999999734,59.811859130859375,125.66370614359174,0.45277696287702235,135.1343098552982,102.97054724497993
0.7454999999999733,59.86793518066406,125.66370614359174,0.456525360569655,128.44698727962023,97.32003266677476
0.7459999999999732,59.9202766418457,125.66370614359174,0.4574989688665157,122.83958724892521,92.93895471584165
0.7464999999999732,59.96989440917969,125.66370614359174,0.4555516505039474,118.42733943947202,89.74749382631538
0.7469999999999731,60.01765441894531,125.66370614359174,0.45148315642736725,115.18415432159021,87.59322932460074
0.7474999999999731,60.064308166503906,125.66370614359174,0.44625779534143994,113.05057480313124,86.33725064200037
0.747999999999973,60.110504150390625,125.66370614359174,0.44074337419872206,111.95321336939469,85.85833329575604
0.748499999999973,60.15680694580078,125.66370614359174,0.435642961114526,111.81528302012848,86.05288868829206
0.7489999999999729,60.203697204589844,125.66370614359174,0.43149431335902466,112.56193547942655,86.83312550877396
0.7494999999999729,60.25160217285156,125.66370614359174,0.42868919614088846,114.12248180155609,88.12458309322004
0.7499999999999728,60.30088424682617,125.66370614359174,0.42749547149165334,116.43084748810013,89.8635195478552
0.7504999999999727,60.351863861083984,125.66370614359174,0.4280769477441801,119.42511340476473,91.99455735085476
0.7509999999999727,60.404823303222656,125.66370614359174,0.4305104720594371,123.04665784828275,94.46863402315337
0.7514999999999726,60.46000289916992,125.66370614359174,0.4348010402920086,127.2391971683162,97.24130323522255
0.7519999999999726,60.51760482788086,125.66370614359174,0.4408956868553361,131.94788483178485,100.27139146236142
0.7524999999999725,60.57780075073242,125.66370614359174,0.4486964903942548,135.04976617317672,103.51996634506015
0.7529999999999725,60.63322448730469,125.66370614359174,0.4525398820447659,128.31640920608632,97.82881022790671
0.7534999999999724,60.68494415283203,125.66370614359174,0.4535087035138191,122.67969645072397,93.42133341607438
0.7539999999999724,60.73396301269531,125.66370614359174,0.4515005390099492,118.2619542373211,90.22191478133784
0.7544999999999723,60.781158447265625,125.66370614359174,0.4473517238290969,115.03978950352582,88.079267457359
0.7549999999999722,60.82728958129883,125.66370614359174,0.442055091057098,112.95458360650933,86.8544097195831
0.7554999999999722,60.87301254272461,125.66370614359174,0.4365007525776679,111.93262170957063,86.42533904318837
0.7559999999999721,60.91889572143555,125.66370614359174,0.431409023595015,111.89604834979049,86.68726808007192
0.7564999999999721,60.965431213378906,125.66370614359174,0.4273303203729072,112.76846603637584,87.55097458313097
0.756999999999972,61.01304244995117,125.66370614359174,0.42466455244248363,114.47731314425879,88.94040091776672
0.757499999999972,61.06210708618164,125.66370614359174,0.4236831887116844,116.9544128321554,90.79014696812219
0.7579999999999719,61.112953186035156,125.66370614359174,0.42454922510549425,120.13556958144527,93.04310772610093
0.7584999999999719,61.16585922241211,125.66370614359174,0.42733467836344785,123.95974495750599,95.64843295085409
0.7589999999999718,61.2210693359375,125.66370614359174,0.43203641009020277,128.3681199017534,98.55986517429778
0.7594999999999718,61.27878952026367,125.66370614359174,0.43859096667494357,133.30320957086786,101.73439058367403
0.7599999999999717,61.339195251464844,125.66370614359174,0.44688862843676586,136.3246860400762,105.13121189868978
0.7604999999999716,61.3947868347168,125.66370614359174,0.4500253361629061,129.44144805075564,99.3247152792975
0.7609999999999716,61.44667434692383,125.66370614359174,0.4505682874140514,123.74482193245926,94.85691115805035
0.7614999999999715,61.495887756347656,125.66370614359174,0.44835357279137017,119.34077189426975,91.64408693524757
0.7619999999999715,61.54331588745117,125.66370614359174,0.4441742469214119,116.19198379160055,89.52628440432974
0.7624999999999714,61.58973693847656,125.66370614359174,0.4389979256312889,114.22876605509084,88.35742678161151
0.7629999999999714,61.63582229614258,125.66370614359174,0.43369885143336806,113.36848517812552,88.0096740059589
0.7634999999999713,61.68214416503906,125.66370614359174,0.42898526470057785,113.52596869071087,88.37336838221603
0.7639999999999713,61.72920608520508,125.66370614359174,0.42539590684198136,114.61867596527226,89.35517816984446
0.7644999999999712,61.777435302734375,125.66370614359174,0.4233174854673221,116.56874984009424,90.87548694442528
0.7649999999999711,61.82721710205078,125.66370614359174,0.42300592428538997,119.30332014916361,92.86575571726905
0.7654999999999711,61.878868103027344,125.66370614359174,0.4246064002105591,122.75391877559059,95.26601285439811
0.765999999999971,61.93267822265625,125.66370614359174,0.4281715677373101,126.85552370008449,98.02279172462728
0.766499999999971,61.98888397216797,125.66370614359174,0.4336784989054374,131.54552806604082,101.08734350043835
0.7669999999999709,62.04768753051758,125.66370614359174,0.44104472808769823,136.76279153527727,104.4142783157803
0.7674999999999709,62.10926055908203,125.66370614359174,0.45014333788058025,139.46841814410186,107.96050286370274
0.7679999999999708,62.16587829589844,125.66370614359174,0.451895465842009,132.26158248823364,101.89863694518374
0.7684999999999708,62.21870803833008,125.66370614359174,0.4516202131846713,126.4035160806412,97.28161387156158
0.7689999999999707,62.26884078979492,125.66370614359174,0.44902018180273057,121.9609267978867,94.0024734434138
0.7694999999999707,62.31721115112305,125.66370614359174,0.44478170629999897,118.86598214885461,91.88059339318319
0.7699999999999706,62.36461639404297,125.66370614359174,0.4398005832446171,117.02605211289105,90.75419376396142
0.7704999999999705,62.41175079345703,125.66370614359174,0.4349001455571233,116.34106135464451,90.48344866034574
0.7709999999999705,62.459197998046875,125.66370614359174,0.4307489937223927,116.71235625998972,90.94941657348589
0.7714999999999704,62.50746536254883,125.66370614359174,0.4278516661684824,118.04675531803751,92.05145070180286
0.7719999999999704,62.5569953918457,125.66370614359174,0.4265629874881382,120.25778756248076,93.70406978229371
0.7724999999999703,62.60816192626953,125.66370614359174,0.4271081012584942,123.26540941315726,95.83386419062815
0.7729999999999703,62.66128921508789,125.66370614359174,0.42960256418371867,126.99499958517198,98.37676177196418
0.7734999999999702,62.71665573120117,125.66370614359174,0.434071353016618,131.37610526922575,101.27569916358881
0.7739999999999702,62.77449417114258,125.66370614359174,0.4404668225589117,136.34120285873905,104.47872502923049
0.7744999999999701,62.83500289916992,125.66370614359174,0.44868561668207674,139.59601975094986,107.93752592188775
0.77499999999997,62.890830993652344,125.66370614359174,0.4524241925596989,132.74449951601272,102.15162520787848
0.77549999999997,62.94301986694336,125.66370614359174,0.4532671377845147,127.0136368634712,97.65944038348877
0.7759999999999699,62.99256134033203,125.66370614359174,0.4511649221628393,122.54906935878512,94.40504839109211
0.7764999999999699,63.04033279418945,125.66370614359174,0.44699055647817304,119.33888069128761,92.24639447860388
0.7769999999999698,63.087093353271484,125.66370614359174,0.44176538694841033,117.32949787131083,91.04841463731063
0.7774999999999698,63.13351821899414,125.66370614359174,0.4364015291456699,116.44812672625012,90.68973395115695
0.7779999999999697,63.18018341064453,125.66370614359174,0.4316348645465106,116.61515858956125,91.06409743614749
0.7784999999999697,63.22759246826172,125.66370614359174,0.4280243937048726,117.75067652661643,92.07950884569199
0.7789999999999696,63.276187896728516,125.66370614359174,0.4259710778273108,119.777395042599,93.65630485677079
0.7794999999999696,63.326358795166016,125.66370614359174,0.4257397745026639,122.62155414753315,95.72491069718049
0.7799999999999695,63.37843322753906,125.66370614359174,0.4274797456812327,126.21272843219337,98.2236420793158
0.7804999999999694,63.43270492553711,125.66370614359174,0.43124340796682475,130.48313659755271,101.09680903764695
0.7809999999999694,63.489418029785156,125.66370614359174,0.4370039639829798,135.3667928203403,104.29307292662129
0.7814999999999693,63.54878234863281,125.66370614359174,0.4446722904962439,139.11800926641186,107.7641704650787
0.7819999999999693,63.603721618652344,125.66370614359174,0.4499129943201501,132.58861464553794,102.23572949047688
0.7824999999999692,63.655174255371094,125.66370614359174,0.4516008690672322,127.00720881315469,97.8799110437824
0.7829999999999692,63.70405578613281,125.66370614359174,0.44988541518204966,122.58163586207166,94.68306040890144
0.7834999999999691,63.751190185546875,125.66370614359174,0.445787873199139,119.34377502840526,92.53464068271235
0.783999999999969,63.79732131958008,125.66370614359174,0.44042963723512424,117.27045898812567,91.321335987903
0.784499999999969,63.84309768676758,125.66370614359174,0.4347937185579432,116.30994459341217,90.9366412005507
0.784999999999969,63.88909149169922,125.66370614359174,0.42966939979809077,116.39712556476839,91.2844162977651
0.7854999999999689,63.93581008911133,125.66370614359174,0.42565807855435955,117.46198379183805,92.27943901592107
0.7859999999999688,63.98369598388672,125.66370614359174,0.4231954026457943,119.43387567249255,93.84645692467237
0.7864999999999688,64.03314208984375,125.66370614359174,0.42257460646470685,122.2433579410336,95.9186416358508
0.7869999999999687,64.08448791503906,125.66370614359174,0.4239674141116496,125.82264153532053,98.43587317544022
0.7874999999999687,64.13803100585938,125.66370614359174,0.4274428151185381,130.10534806020564,101.34315102830091
0.7879999999999686,64.19403076171875,125.66370614359174,0.43298478584965533,135.0259721279903,104.58921062892884
0.7884999999999686,64.25270080566406,125.66370614359174,0.4405095638662108,140.5192795736569,108.12537257068003
0.7889999999999685,64.3142318725586,125.66370614359174,0.44988236534358705,143.56040693117586,111.90468822461163
0.7894999999999684,64.3709487915039,125.66370614359174,0.45203399895190444,136.3313217078936,105.81892582865717
0.7899999999999684,64.42398834228516,125.66370614359174,0.45192646382644597,130.42925910886837,101.16013199188191
0.7904999999999683,64.4743881225586,125.66370614359174,0.4493810472048809,125.9582115497762,97.84915005482526
0.7909999999999683,64.52307891845703,125.66370614359174,0.4451657540761403,122.87165047494732,95.72088179025468
0.7914999999999682,64.57086181640625,125.66370614359174,0.4402327131156028,121.08894830896708,94.62192817258114
0.7919999999999682,64.6184310913086,125.66370614359174,0.43544508307462104,120.51585819415168,94.41619269071403
0.7924999999999681,64.6663818359375,125.66370614359174,0.43149907945340915,121.05541673266137,94.98544577164296
0.7929999999999681,64.7152328491211,125.66370614359174,0.42891652547156195,122.61331893905496,96.22775375031873
0.793499999999968,64.76543426513672,125.66370614359174,0.42806008423667175,125.10001599775974,98.05500664473831
0.793999999999968,64.81737518310547,125.66370614359174,0.4291540435646271,128.43099012488105,100.39026458729394
0.7944999999999679,64.87138366699219,125.66370614359174,0.4323054920509413,132.52611459369473,103.16526663151956
0.7949999999999678,64.9277572631836,125.66370614359174,0.4375248695904484,137.3086434190582,106.31832012701392
0.7954999999999678,64.9867172241211,125.66370614359174,0.44474581060958296,142.70414072918825,109.792448539977
0.7959999999999677,65.04846954345703,125.66370614359174,0.4538440207529978,145.80725006828033,113.53407936880483
0.7964999999999677,65.10541534423828,125.66370614359174,0.45632739043314074,138.49214092942677,107.36955953587663
0.7969999999999676,65.15863800048828,125.66370614359174,0.45633927660208246,132.4758555955238,102.62410554281259
0.7974999999999676,65.20919799804688,125.66370614359174,0.4537734648532222,127.88152166120378,99.22888367682367
0.7979999999999675,65.25801086425781,125.66370614359174,0.44944586905358547,124.67446736742257,97.02488765432082
0.7984999999999675,65.30587768554688,125.66370614359174,0.4443391877943761,122.78152215977839,95.86219720546444
0.7989999999999674,65.3534927368164,125.66370614359174,0.43933783085501876,122.11292771072063,95.60647629329313
0.7994999999999673,65.40145111083984,125.66370614359174,0.43515415987137934,122.57418985219282,96.14012970794802
0.7999999999999673,65.4502944946289,125.66370614359174,0.43232314598914545,124.07208318611379,97.36114573128062
0.8004999999999672,65.50045776367188,125.66370614359174,0.4312185438220316,126.51716558417789,99.18077705225002
0.8009999999999672,65.55235290527344,125.66370614359174,0.432073969224171,129.82432900154555,101.52115527646923
0.8014999999999671,65.6063003540039,125.66370614359174,0.4350040416050496,133.91234333319338,104.31279631719252
0.8019999999999671,65.66260528564453,125.66370614359174,0.4400247991945891,138.70297026680808,107.49262334749562
0.802499999999967,65.72149658203125,125.66370614359174,0.4470734584007371,144.11997854169175,111.00213557368602
0.802999999999967,65.78318786621094,125.66370614359174,0.4560273385830229,147.2725245667262,114.78612694516866
0.8034999999999669,65.8399887084961,125.66370614359174,0.45849121810967175,139.7633124013666,108.45358184986418
0.8039999999999669,65.89302062988281,125.66370614359174,0.45838208656833124,133.58749772973894,103.57986679487738
0.8044999999999668,65.94334411621094,125.66370614359174,0.45564377464596845,128.87005675160293,100.09342060534796
0.8049999999999667,65.99189758300781,125.66370614359174,0.45112223352583936,125.57484697214784,97.83086507971345
0.8054999999999667,66.03948974609375,125.66370614359174,0.44581938781502595,123.62654466472058,96.63823943794955
0.8059999999999666,66.08683013916016,125.66370614359174,0.44063329554815867,122.93288930469276,96.37756883528256
0.8064999999999666,66.13452911376953,125.66370614359174,0.4362866090795157,123.39670523617944,96.92797266033749
0.8069999999999665,66.18312072753906,125.66370614359174,0.43332203839505984,124.92198927883376,98.18441376297753
0.8074999999999665,66.23307037353516,125.66370614359174,0.43211870373565353,127.41646008836007,100.05540520411363
0.8079999999999664,66.2847671508789,125.66370614359174,0.43291318441435345,130.79211914803386,102.46042974910421
0.8084999999999664,66.33856201171875,125.66370614359174,0.4358206628601064,134.96479418823247,105.3275566625991
0.8089999999999663,66.39474487304688,125.66370614359174,0.4408554953863659,139.85325015273108,108.59127511677443
0.8094999999999662,66.45355987548828,125.66370614359174,0.44795130859685384,145.37820341511537,112.1907537766075
0.8099999999999662,66.51520538330078,125.66370614359174,0.45698039864391937,148.47222041237987,116.06844263691033
0.8104999999999661,66.57183074951172,125.66370614359174,0.45890875114748286,140.65696415462645,109.47680388466902
0.8109999999999661,66.62459564208984,125.66370614359174,0.45837748665898953,134.28313195901046,104.43457784890263
0.811499999999966,66.67461395263672,125.66370614359174,0.45532219522479705,129.45625367845957,100.85323843743369
0.811999999999966,66.72285461425781,125.66370614359174,0.4505780764213324,126.122831109184,98.5536053698284
0.8124999999999659,66.77014923095703,125.66370614359174,0.44514064077882404,124.19389074077098,97.36945154869701
0.8129999999999659,66.81723022460938,125.66370614359174,0.439904172805547,123.56628079358912,97.15319645058578
0.8134999999999658,66.86471557617188,125.66370614359174,0.4355882215889267,124.1339536379494,97.77629429220408
0.8139999999999658,66.91316223144531,125.66370614359174,0.4327314851171632,125.79349568712406,99.12750064370229
0.8144999999999657,66.96302795410156,125.66370614359174,0.43170712943245426,128.44626107944592,101.11011848554995
0.8149999999999656,67.01472473144531,125.66370614359174,0.4327433980259771,131.99862720123073,103.63921760433182
0.8154999999999656,67.06858825683594,125.66370614359174,0.43594488833018097,136.36131723730742,106.63893656301173
0.8159999999999655,67.12491607666016,125.66370614359174,0.441313713133169,141.44835488047576,110.0402563646652
0.8164999999999655,67.18395233154297,125.66370614359174,0.4487704544160745,145.38754988906322,113.77910696647342
0.8169999999999654,67.23834991455078,125.66370614359174,0.453569194377847,138.13390928691376,107.63690769015662
0.8174999999999654,67.28910064697266,125.66370614359174,0.4546018371574953,131.98520193783241,102.81882336156075
0.8179999999999653,67.33718872070312,125.66370614359174,0.4521675317799131,127.16193796065355,99.3107017154248
0.8184999999999653,67.38350677490234,125.66370614359174,0.4473828129054537,123.69290146252246,96.99058557501358
0.8189999999999652,67.4288330078125,125.66370614359174,0.44143730832505207,121.54718398235406,95.73239242225442
0.8194999999999651,67.473876953125,125.66370614359174,0.4353667614517701,120.6626696277948,95.41666736209756
0.8199999999999651,67.51925659179688,125.66370614359174,0.43000135131445055,120.96235661835641,95.93453491004543
0.820499999999965,67.56551361083984,125.66370614359174,0.4259716794666672,122.36340570686346,97.18840925897241
0.820999999999965,67.61312866210938,125.66370614359174,0.42372977419389657,124.78172641898138,99.09106350197504
0.8214999999999649,67.66250610351562,125.66370614359174,0.4235714001391801,128.13393966736902,101.56396621407718
0.8219999999999649,67.71401977539062,125.66370614359174,0.42565692844769165,132.33788744557208,104.53554614235753
0.8224999999999648,67.76798248291016,125.66370614359174,0.4300314895360293,137.3124130050468,107.9394572113585
0.8229999999999648,67.82465362548828,125.66370614359174,0.4366453946254676,142.97684256544795,111.7131327331564
0.8234999999999647,67.88426208496094,125.66370614359174,0.4453749342133975,146.68621671834885,115.79664174231364
0.8239999999999646,67.93910217285156,125.66370614359174,0.4484337020577384,139.1393182168438,109.42158531295858
0.8244999999999646,67.99028015136719,125.66370614359174,0.448501883940415,132.93325368233897,104.51970424997472
0.8249999999999645,68.03883361816406,125.66370614359174,0.4456912592615697,128.22850630254618,101.04169547486471
0.8254999999999645,68.08572387695312,125.66370614359174,0.4409834606330437,125.00736496067411,98.8350364862005
0.8259999999999644,68.13175964355469,125.66370614359174,0.43548296078070486,123.20411607809253,97.75059672760618
0.8264999999999644,68.17767333984375,125.66370614359174,0.4301663307185031,122.73023217599565,97.65138829584326
0.8269999999999643,68.22409057617188,125.66370614359174,0.425815682530398,123.48830031221517,98.41497544378961
0.8274999999999643,68.27156829833984,125.66370614359174,0.4230159889828033,125.3793512975232,99.93310471691737
0.8279999999999642,68.32058715820312,125.66370614359174,0.4221718082673727,128.3062170100342,102.10993718316811
0.8284999999999642,68.3715591430664,125.66370614359174,0.42352863042147,132.17461987327312,104.85983994679783
0.8289999999999641,68.42484283447266,125.66370614359174,0.4271952013476292,136.8930670415826,108.10519363901575
0.829499999999964,68.48072814941406,125.66370614359174,0.43316652774581854,142.37220108600664,111.77438469853082
0.829999999999964,68.53948211669922,125.66370614359174,0.44134745802439657,146.51649205649917,115.80021752521415
0.8304999999999639,68.59379577636719,125.66370614359174,0.44598620753471674,139.41855454605428,109.79889627826384
0.8309999999999639,68.64461517333984,125.66370614359174,0.4470016762855511,133.43847495451453,105.10070365501284
0.8314999999999638,68.69291687011719,125.66370614359174,0.44468269436160784,128.8130462248028,101.71263842727015
0.8319999999999638,68.73957824707031,125.66370614359174,0.44015040369474445,125.57989065311138,99.5250029305658
0.8324999999999637,68.7853775024414,125.66370614359174,0.4346063936999075,123.71203518578122,98.41849149186378
0.8329999999999637,68.83102416992188,125.66370614359174,0.42909796000677364,123.14804112592883,98.27677199387817
0.8334999999999636,68.87714385986328,125.66370614359174,0.424461882325077,123.80939242778068,98.99166191279173
0.8339999999999635,68.92427825927734,125.66370614359174,0.42132752327076994,125.6102324144674,100.46461232325458
0.8344999999999635,68.97290802001953,125.66370614359174,0.42013631255950884,128.46239362661095,102.6063095680063
0.8349999999999634,69.0234603881836,125.66370614359174,0.42116402862676017,132.27764798106293,105.33538915693093
0.8354999999999634,69.0762939453125,125.66370614359174,0.42454316693852656,136.96840642717072,108.57683832830378
0.8359999999999633,69.13172912597656,125.66370614359174,0.43028581678839567,142.44762938240953,112.26050501085821
0.8364999999999633,69.19002532958984,125.66370614359174,0.4383074048143999,146.97148854477354,116.31971371470712
0.8369999999999632,69.24417114257812,125.66370614359174,0.444125153334146,140.29364176645166,110.67359871049726
0.8374999999999632,69.2950210571289,125.66370614359174,0.4458800609152952,134.551469515943,106.18237917298784
0.8379999999999631,69.34344482421875,125.66370614359174,0.44399665757003864,130.04417219878482,102.90203887321483
0.838499999999963,69.39027404785156,125.66370614359174,0.4396970692856027,126.85474030286802,100.75992504602905
0.838999999999963,69.43626403808594,125.66370614359174,0.4342511764612946,124.98787263982659,99.66245758751828
0.8394999999999629,69.48209381103516,125.66370614359174,0.4287545947450388,124.40416523140668,99.51104175466256
0.8399999999999629,69.52837371826172,125.66370614359174,0.42408017952909305,125.04034479247896,100.20965124509023
0.8404999999999628,69.57565307617188,125.66370614359174,0.4208853562457357,126.8209870970021,101.66797596865884
0.8409999999999628,69.62440490722656,125.66370614359174,0.4196337023950266,129.66492550599597,103.8021196364431
0.8414999999999627,69.67506408691406,125.66370614359174,0.4206181271381271,133.48846000751047,106.53415873009973
0.8419999999999627,69.72799682617188,125.66370614359174,0.4239835878668745,138.2067242536835,109.79108128530964
0.8424999999999626,69.78352355957031,125.66370614359174,0.42975021219210174,143.7340617553509,113.50367322923454
0.8429999999999626,69.8419189453125,125.66370614359174,0.43783743819031895,149.9839293221643,117.60544392319659
0.8434999999999625,69.90340423583984,125.66370614359174,0.4480886091561194,153.7183605792773,122.03170407010441
0.8439999999999624,69.96033477783203,125.66370614359174,0.45053627509015576,146.29169824648693,115.77032030815684
0.8444999999999624,70.01375579833984,125.66370614359174,0.45044649300223527,140.23089937343136,110.95425768472282
0.8449999999999623,70.06470489501953,125.66370614359174,0.4478561553538714,135.71303178401874,107.56201048212132
0.8454999999999623,70.11408996582031,125.66370614359174,0.44368387703962203,132.72882411597138,105.45637844555993
0.8459999999999622,70.16273498535156,125.66370614359174,0.43899060243568777,131.2151326502577,104.49627583526369
0.8464999999999622,70.21136474609375,125.66370614359174,0.43471751321244967,131.0821615302253,104.547892567735
0.8469999999999621,70.26060485839844,125.66370614359174,0.4316119007964611,132.22868793376688,105.48879555296297
0.8474999999999621,70.3110122680664,125.66370614359174,0.43022048604831176,134.55021029813548,107.20861278396524
0.847999999999962,70.36306762695312,125.66370614359174,0.43090513232681493,137.94282185836818,109.60795170657741
0.848499999999962,70.41718292236328,125.66370614359174,0.43386552011054813,142.30462801317964,112.59663611267791
0.8489999999999619,70.47370910644531,125.66370614359174,0.43916427825421095,147.53585436986947,116.09179371561592
0.8494999999999618,70.53294372558594,125.66370614359174,0.44675325152979917,153.53834485816645,120.01608034902459
0.8499999999999618,70.59513092041016,125.66370614359174,0.4564998546417882,157.24075303827223,124.29615617778512
0.8504999999999617,70.6527099609375,125.66370614359174,0.45934434843087935,149.6429954417802,117.88547821867577
0.8509999999999617,70.70669555664062,125.66370614359174,0.4593682093506008,143.36375021679544,112.90658176322894
0.8514999999999616,70.75811004638672,125.66370614359174,0.4566953826068045,138.60471950300732,109.35013776384982
0.8519999999999616,70.80786895751953,125.66370614359174,0.4522971530318807,135.37267070549586,107.0867096257695
0.8524999999999615,70.85679626464844,125.66370614359174,0.4472654762646573,133.61502169242087,105.9798948581104
0.8529999999999615,70.90560150146484,125.66370614359174,0.44256282362121746,133.248782562101,105.89851002789567
0.8534999999999614,70.95494079589844,125.66370614359174,0.4389541995049429,134.17693865845874,106.72145578398569
0.8539999999999613,71.00535583496094,125.66370614359174,0.43700346603017187,136.2973778909648,108.33870049088978
0.8544999999999613,71.05734252929688,125.66370614359174,0.43709016158240654,139.50728823001418,110.65059555006121
0.8549999999999612,71.11131286621094,125.66370614359174,0.4394320285112708,143.70492842065303,113.5662272506783
0.8554999999999612,71.16763305664062,125.66370614359174,0.44410923782702333,148.78997625849752,117.00167265008568
0.8559999999999611,71.22660827636719,125.66370614359174,0.4510894642531766,154.6631926800823,120.87827001709182
0.8564999999999611,71.2884750366211,125.66370614359174,0.4602531797366836,158.45264139487247,125.1211370556939
0.856999999999961,71.34561920166016,125.66370614359174,0.4633591036284394,150.58807391247348,118.47866249294674
0.857499999999961,71.3990707397461,125.66370614359174,0.4633390529266264,144.0532277436738,113.30555444252786
0.8579999999999609,71.44985961914062,125.66370614359174,0.46042280919159145,139.06071910091993,109.59178573877392
0.8584999999999608,71.49893188476562,125.66370614359174,0.45564978235124753,135.62193715988903,107.20514253496364
0.8589999999999608,71.54711151123047,125.66370614359174,0.4501558676985205,133.6865279118429,106.00630810062049
0.8594999999999607,71.59513092041016,125.66370614359174,0.4449354845289242,133.17214414072768,105.8612685374542
0.8599999999999607,71.6436538696289,125.66370614359174,0.4407795780674723,133.98133480821403,106.6461614614829
0.8604999999999606,71.69322967529297,125.66370614359174,0.4382745350266985,136.0107966316347,108.24828289986361
0.8609999999999606,71.74436950683594,125.66370614359174,0.4378197097522608,139.15597975663138,110.56539409554895
0.8614999999999605,71.79750061035156,125.66370614359174,0.43964966735240196,143.3129939182904,113.50403939597128
0.8619999999999605,71.85297393798828,125.66370614359174,0.4438577633680717,148.37904757821772,116.97773064687973
0.8624999999999604,71.91111755371094,125.66370614359174,0.4504206803924968,154.25217644076798,120.90530939641043
0.8629999999999604,71.97217559814453,125.66370614359174,0.4592235711283105,158.11099989404076,125.20937269093767
0.8634999999999603,72.02836608886719,125.66370614359174,0.4621715591167866,149.9362491783526,118.29955656817822
0.8639999999999602,72.08077239990234,125.66370614359174,0.46187735311713507,143.17587513198512,112.94481448182341
0.8644999999999602,72.13047790527344,125.66370614359174,0.4586255676084915,138.0332909329301,109.12145838674387
0.8649999999999601,72.17843627929688,125.66370614359174,0.45349468549270855,134.509226105089,106.68392953277582
0.8654999999999601,72.22551727294922,125.66370614359174,0.4476497162672092,132.5443250501391,105.48236521818122
0.86599999999996,72.27246856689453,125.66370614359174,0.44210833722163856,132.04853275248215,105.37422435251787
0.86649999999996,72.31996154785156,125.66370614359174,0.43768035787563797,132.91765668853913,106.22863019937645
0.8669999999999599,72.36857604980469,125.66370614359174,0.4349666946093736,135.04235455511957,107.92701136904684
0.8674999999999599,72.41881561279297,125.66370614359174,0.43437637648175764,138.31253461029877,110.36200975356151
0.8679999999999598,72.47112274169922,125.66370614359174,0.4361482873859873,142.6191075276431,113.43566257405904
0.8684999999999597,72.52586364746094,125.66370614359174,0.44037467665896385,147.85431433661216,117.05739060305224
0.8689999999999597,72.58334350585938,125.66370614359174,0.4470262386703036,153.9113791140831,121.14218154836362
0.8694999999999596,72.64382934570312,125.66370614359174,0.45597834422418,157.74449239595378,125.60907263142887
0.8699999999999596,72.69931030273438,125.66370614359174,0.4582154403087512,149.25790159419356,118.43218625285814
0.8704999999999595,72.7509536743164,125.66370614359174,0.45740619316270953,142.33928935017929,112.93246212261577
0.8709999999999595,72.79988098144531,125.66370614359174,0.45380491287007124,137.16110355229642,109.06127961636614
0.8714999999999594,72.84709930419922,125.66370614359174,0.4484714685884098,133.69761829865539,106.65076753170909
0.8719999999999594,72.89350128173828,125.66370614359174,0.44256347999534146,131.86891460214017,105.53384928266081
0.8724999999999593,72.93987274169922,125.66370614359174,0.4370957412510485,131.56867544451285,105.55458340864261
0.8729999999999593,72.98689270019531,125.66370614359174,0.4328749493122298,132.67955386550423,106.57140946997637
0.8734999999999592,73.03514862060547,125.66370614359174,0.43049549045053676,135.0812861747741,108.45707533601504
0.8739999999999591,73.08515930175781,125.66370614359174,0.43035467289803775,138.65445787641954,111.09700320107302
0.8744999999999591,73.13735961914062,125.66370614359174,0.4326741232648409,143.28180074765666,114.38702638280449
0.874999999999959,73.19212341308594,125.66370614359174,0.4375242625736388,148.84819995752653,118.23114934290115
0.875499999999959,73.24976348876953,125.66370614359174,0.4448512845431022,153.50137813551126,122.53950893216155
0.8759999999999589,73.30284118652344,125.66370614359174,0.4499004506270227,145.70657982242824,115.94300846906467
0.8764999999999589,73.35232543945312,125.66370614359174,0.45062178752762644,139.10367674616006,110.75319580921726
0.8769999999999588,73.39920806884766,125.66370614359174,0.44762055729860944,133.9932665000179,107.01016593688391
0.8774999999999588,73.44440460205078,125.66370614359174,0.44223434821775853,130.44287126999092,104.61488598282104
0.8779999999999587,73.48876953125,125.66370614359174,0.4358173848865499,128.4387516111314,103.44890402301257
0.8784999999999586,73.53305053710938,125.66370614359174,0.4295324576856282,127.92162908918884,103.39051748111093
0.8789999999999586,73.57791900634766,125.66370614359174,0.42430589018656395,128.80763961727232,104.32226251582074
0.8794999999999585,73.62397003173828,125.66370614359174,0.4208337162564449,131.00035915914273,106.13376870991303
0.8799999999999585,73.67172241210938,125.66370614359174,0.4196006296559289,134.39730503262885,108.72216032841851
0.8804999999999584,73.72164916992188,125.66370614359174,0.42090115365347613,138.89314250997109,111.99131085919969
0.8809999999999584,73.77412414550781,125.66370614359174,0.4248623592527433,144.38102363778717,115.85050606669093
0.8814999999999583,73.82949829101562,125.66370614359174,0.4314695096767558,150.752947378884,120.2132316166551
0.8819999999999583,73.8880386352539,125.66370614359174,0.4405948011092644,155.2373329024544,124.99588601058021
0.8824999999999582,73.94197082519531,125.66370614359174,0.443808853162323,147.28283046346925,118.26880600321967
0.8829999999999582,73.99234008789062,125.66370614359174,0.443647795214161,140.7751210781588,113.09898855462231
0.8834999999999581,74.04022979736328,125.66370614359174,0.4404878955832668,135.94647810505174,109.48935178038613
0.883999999999958,74.08659362792969,125.66370614359174,0.4355034685237407,132.81179864603055,107.30825800320267
0.884499999999958,74.13230895996094,125.66370614359174,0.42994335868767214,131.31768514417678,106.41244752352439
0.8849999999999579,74.17813873291016,125.66370614359174,0.42489247282090276,131.37450266071716,106.66110701545398
0.8854999999999579,74.22477722167969,125.66370614359174,0.42120829009501465,132.87468581605714,107.92181040650948
0.8859999999999578,74.27281188964844,125.66370614359174,0.4195171275793619,135.70287225358732,110.07218043933979
0.8864999999999578,74.32276153564453,125.66370614359174,0.42022962414666315,139.74105914596404,112.99952464091085
0.8869999999999577,74.37507629394531,125.66370614359174,0.42356338333749616,144.870861112675,116.59945872370353
0.8874999999999577,74.43013000488281,125.66370614359174,0.4295703333764899,150.9741861634613,120.77422049777306
0.8879999999999576,74.48824310302734,125.66370614359174,0.43816803796343695,155.836192238239,125.43108619182392
0.8884999999999575,74.54210662841797,125.66370614359174,0.44306931386154924,148.44876953528106,119.18828632599293
0.8889999999999575,74.59262084960938,125.66370614359174,0.44395635209611917,142.22308268232206,114.27619115622724
0.8894999999999574,74.64073944091797,125.66370614359174,0.4413757731542055,137.48461470467893,110.76979929297902
0.8899999999999574,74.68733978271484,125.66370614359174,0.43663598939931686,134.31746131289466,108.59325215251116
0.8904999999999573,74.73326873779297,125.66370614359174,0.4310790493494057,132.7172258695108,107.6425396768063
0.8909999999999573,74.77925109863281,125.66370614359174,0.42585851076938114,132.62899381873666,107.80436438246721
0.8914999999999572,74.82596588134766,125.66370614359174,0.42188644988386775,133.96981136797538,108.96557504477703
0.8919999999999572,74.87399291992188,125.66370614359174,0.4198354577102038,136.64173590042725,111.01721530587393
0.8924999999999571,74.92387390136719,125.66370614359174,0.42015653677504644,140.5390280533761,113.8558772525064
0.892999999999957,74.97604370117188,125.66370614359174,0.42310206155213015,145.55182851606332,117.38339767637447
0.893499999999957,75.03089904785156,125.66370614359174,0.42875245898904984,151.56782276498302,121.50610690782804
0.8939999999999569,75.08877563476562,125.66370614359174,0.4370467732358947,158.47283402495648,126.13375188630394
0.8944999999999569,75.14993286132812,125.66370614359174,0.44781589078930234,162.750747625363,131.17847754238028
0.8949999999999568,75.20655059814453,125.66370614359174,0.45001839071958816,154.79380308192466,124.45307124415024
0.8954999999999568,75.25968933105469,125.66370614359174,0.4495193157216358,148.36336966057286,119.30341932508979
0.8959999999999567,75.3104019165039,125.66370614359174,0.4465426465693055,143.6796922026441,115.73815925335062
0.8964999999999567,75.35965728759766,125.66370614359174,0.44213653682042814,140.7467501987857,113.62568079232692
0.8969999999999566,75.40833282470703,125.66370614359174,0.437457421887335,139.5007375795206,112.82049798197137
0.8974999999999566,75.45718383789062,125.66370614359174,0.4335150985683034,139.84215821106542,113.17825437656694
0.8979999999999565,75.50691223144531,125.66370614359174,0.43109921226348996,141.6540759037066,114.56224053080714
0.8984999999999564,75.5580825805664,125.66370614359174,0.43077126462137383,144.81215159345885,116.84529858849429
0.8989999999999564,75.61123657226562,125.66370614359174,0.4328800905645131,149.1896992431421,119.90975794597175
0.8994999999999563,75.66678619384766,125.66370614359174,0.43758703096052043,154.6598574470574,123.64599806338474
0.8999999999999563,75.7251205444336,125.66370614359174,0.4448965483283958,161.09620193211632,127.95100378106643
0.9004999999999562,75.78652954101562,125.66370614359174,0.4546899778707501,165.47843102610108,132.72666666717117
0.9009999999999562,75.84344482421875,125.66370614359174,0.45805615401526506,157.54826573908946,126.02411997752868
0.9014999999999561,75.89685821533203,125.66370614359174,0.4580950483281928,150.96717563305273,120.78747239688752
0.9019999999999561,75.94776153564453,125.66370614359174,0.4551979440954903,146.01958860353176,117.06599444092826
0.902499999999956,75.9970932006836,125.66370614359174,0.4505305147589172,142.7555046728455,114.75872169905116
0.902999999999956,76.04570770263672,125.66370614359174,0.44532656944071075,141.14349503541348,113.74140569499073
0.9034999999999559,76.0943603515625,125.66370614359174,0.4406535737275746,141.10683866707825,113.88436523631087
0.9039999999999558,76.14373779296875,125.66370614359174,0.43735069984548164,142.54458853828734,115.06091116021739
0.9044999999999558,76.19442749023438,125.66370614359174,0.43602646906320763,145.3435631472608,117.15068584400672
0.9049999999999557,76.24696350097656,125.66370614359174,0.437075819822553,149.38475714187177,120.04042906144379
0.9054999999999557,76.30178833007812,125.66370614359174,0.440704215099496,154.546452266159,123.62329268403998
0.9059999999999556,76.3592758178711,125.66370614359174,0.44695587263900516,160.7054828293648,127.79771107006898
0.9064999999999556,76.41975402832031,125.66370614359174,0.45574507145508475,165.39489463264638,132.46617601485704
0.9069999999999555,76.47578430175781,125.66370614359174,0.46021705915130906,157.48005855706552,125.77632158090955
0.9074999999999555,76.5282974243164,125.66370614359174,0.4606969758564051,150.7822189382311,120.47952796314573
0.9079999999999554,76.57826232910156,125.66370614359174,0.4577754788726879,145.63998843428058,116.65668581830124
0.9084999999999553,76.62659454345703,125.66370614359174,0.45275848121574264,142.14080809445164,114.2299287687593
0.9089999999999553,76.67412567138672,125.66370614359174,0.4469741008179662,140.27933036532306,113.09082956130979
0.9094999999999552,76.72163391113281,125.66370614359174,0.4415601130276128,139.99689369160023,113.12046361713924
0.9099999999999552,76.7697982788086,125.66370614359174,0.4374138673572966,141.20491056108807,114.19921859034486
0.9104999999999551,76.81922149658203,125.66370614359174,0.43519537788748974,143.79847488179175,116.21125424509307
0.9109999999999551,76.87042999267578,125.66370614359174,0.4353458310139454,147.66389755382244,119.04592174326486
0.911499999999955,76.92388916015625,125.66370614359174,0.4381108433651689,152.68260232913337,122.59766415301387
0.911999999999955,76.97999572753906,125.66370614359174,0.44356700163391494,158.73294150294683,126.76519665146574
0.9124999999999549,77.03907775878906,125.66370614359174,0.45165180422539997,163.738572941507,131.45049373238052
0.9129999999999548,77.09378051757812,125.66370614359174,0.45685282710469594,155.86167563424712,124.79373148321304
0.9134999999999548,77.14498901367188,125.66370614359174,0.4575994848793902,149.13480572037238,119.49430535045431
0.9139999999999547,77.19366455078125,125.66370614359174,0.4546301974035765,143.9325551683452,115.65454582716151
0.9144999999999547,77.2406997680664,125.66370614359174,0.44936138160774197,140.36611729298767,113.21137970487
0.9149999999999546,77.28695678710938,125.66370614359174,0.4431997881000832,138.44607966220536,112.06612788913947
0.9154999999999546,77.33318328857422,125.66370614359174,0.43734346655639506,138.12421330994616,112.10592789836116
0.9159999999999545,77.38008880615234,125.66370614359174,0.4327388014771065,139.31845710669643,113.2147810106402
0.9164999999999545,77.42827606201172,125.66370614359174,0.4300864447258017,141.92762971512735,115.27860856787585
0.9169999999999544,77.47828674316406,125.66370614359174,0.4298601647416535,145.83973120638828,118.18724404995066
0.9174999999999544,77.53059387207031,125.66370614359174,0.43232937505603514,150.93637268037116,121.83465229814979
0.9179999999999543,77.58560943603516,125.66370614359174,0.4375850286974735,157.0949672925558,126.11838114889201
0.9184999999999542,77.64366149902344,125.66370614359174,0.4455697465646825,162.33792522576235,130.93868938251626
0.9189999999999542,77.69741821289062,125.66370614359174,0.45100593292902225,154.5473165877328,124.35703329444257
0.9194999999999541,77.74774932861328,125.66370614359174,0.4518466728350746,147.89850228376434,119.12217461265521
0.9199999999999541,77.79560852050781,125.66370614359174,0.4488896910206877,142.7825430047448,115.34941135383345
0.920499999999954,77.8418960571289,125.66370614359174,0.4436029583152886,139.32039011995462,112.98361158135295
0.920999999999954,77.8874740600586,125.66370614359174,0.4374343620111213,137.52824725127138,111.93065255547839
0.9214999999999539,77.93309020996094,125.66370614359174,0.4316146481892326,137.3606192688299,112.07990492494761
0.9219999999999539,77.97946166992188,125.66370614359174,0.42711511959541837,138.73614814296326,113.31599853602974
0.9224999999999538,78.0271987915039,125.66370614359174,0.42465316017661175,141.55290351383567,115.52435001936975
0.9229999999999537,78.07685089111328,125.66370614359174,0.4247104123078236,145.69707979413914,118.59348312820372
0.9234999999999537,78.12889099121094,125.66370614359174,0.4275551850125626,151.04769960581635,122.41546281231277
0.9239999999999536,78.1837387084961,125.66370614359174,0.43326929295753364,157.47899849203745,126.88552855866537
0.9244999999999536,78.2417221069336,125.66370614359174,0.4417802020729258,162.80590427931634,131.90131282187147
0.9249999999999535,78.29548645019531,125.66370614359174,0.4469377267469832,155.08023592222654,125.37518824309541
0.9254999999999535,78.34589385986328,125.66370614359174,0.44768772018446834,148.53988996540912,120.2108612877315
0.9259999999999534,78.3938980102539,125.66370614359174,0.4447942282389963,143.5734302296947,116.52728320251154
0.9264999999999534,78.44042205810547,125.66370614359174,0.4397080686177742,140.29807578457692,114.26977273440838
0.9269999999999533,78.4863052368164,125.66370614359174,0.43387027486214064,138.72580590931992,113.3432113251164
0.9274999999999533,78.53233337402344,125.66370614359174,0.4285068855897468,138.80662803799856,113.6351926093453
0.9279999999999532,78.5792007446289,125.66370614359174,0.4245816895492079,140.45452756927983,115.0279245778271
0.9284999999999531,78.62753295898438,125.66370614359174,0.42279895566746556,143.56281462670395,117.40409600625911
0.9289999999999531,78.6778793334961,125.66370614359174,0.4236207704504606,148.01284800082834,120.64924310883644
0.929499999999953,78.73070526123047,125.66370614359174,0.42729047712843216,153.67875292025818,124.65227279822881
0.929999999999953,78.78643035888672,125.66370614359174,0.433861991038897,160.42981743898557,129.30517298881628
0.9304999999999529,78.84538269042969,125.66370614359174,0.4432350425410256,165.6568751344346,134.50225903877987
0.9309999999999529,78.90010070800781,125.66370614359174,0.4476818463496673,157.85396141730024,127.90793702839431
0.9314999999999528,78.95147705078125,125.66370614359174,0.44812988322767344,151.32953045635475,122.72783701125618
0.9319999999999528,79.00048828125,125.66370614359174,0.4452470891644685,146.45218871816633,119.07242339454693
0.9324999999999527,79.04806518554688,125.66370614359174,0.4404132492356852,143.32259670500287,116.87771307752222
0.9329999999999526,79.09506225585938,125.66370614359174,0.43502116745458214,141.93924526789888,116.04061736330125
0.9334999999999526,79.14226531982422,125.66370614359174,0.4302588288713463,142.24093073454895,116.44182085310509
0.9339999999999525,79.19038391113281,125.66370614359174,0.427054673754214,144.13209622212722,117.95749623675042
0.9344999999999525,79.24003601074219,125.66370614359174,0.4260768680086694,147.49772212789836,120.46491917452089
0.9349999999999524,79.29175567626953,125.66370614359174,0.4277502608526207,152.21171439594087,123.84469842443595
0.9354999999999524,79.34603881835938,125.66370614359174,0.4322815820615571,158.14138138922695,127.98126196381523
0.9359999999999523,79.40326690673828,125.66370614359174,0.439691487494742,165.14966324643174,132.76230185125638
0.9364999999999523,79.4637680053711,125.66370614359174,0.44985230202115944,170.1148438654136,138.07812464970394
0.9369999999999522,79.51988983154297,125.66370614359174,0.4532887892545981,161.99298327378455,131.20791990459375
0.9374999999999521,79.57258605957031,125.66370614359174,0.45320027924242245,155.2966868278069,125.8578375009342
0.9379999999999521,79.62287902832031,125.66370614359174,0.4501421185845517,150.3583695996266,122.1145046452934
0.938499999999952,79.67173767089844,125.66370614359174,0.4454003557739627,147.2495301392654,119.89240330290941
0.938999999999952,79.72002410888672,125.66370614359174,0.4402993294319043,145.9460824907292,119.07163745200421
0.9394999999999519,79.76853942871094,125.66370614359174,0.43597264264960256,146.36904104961604,119.51965900524071
0.9399999999999519,79.81800842285156,125.66370614359174,0.43330143315332503,148.40853562538564,121.10203190455093
0.9404999999999518,79.86903381347656,125.66370614359174,0.4329105458340274,151.93773646584268,123.68730052734035
0.9409999999999518,79.92217254638672,125.66370614359174,0.4351852313044471,156.8205473454064,127.14880922011692
0.9414999999999517,79.97789001464844,125.66370614359174,0.44029768147496134,162.91558896231422,131.36467437812908
0.9419999999999517,80.03657531738281,125.66370614359174,0.44824074805578396,170.07808476143992,136.217103393321
0.9424999999999516,80.09854888916016,125.66370614359174,0.45886670510148,174.67637111205727,141.59147832199065
0.9429999999999515,80.15585327148438,125.66370614359174,0.46108896926070375,165.9708063013671,134.21917751467808
0.9434999999999515,80.20955657958984,125.66370614359174,0.46022632558605003,158.90000176084723,128.53796997595052
0.9439999999999514,80.26074981689453,125.66370614359174,0.45673514742184756,153.743960134269,124.59324894512925
0.9444999999999514,80.31044006347656,125.66370614359174,0.4518115361248178,150.53191034896915,122.26403415613488
0.9449999999999513,80.35955047607422,125.66370614359174,0.44671224456372965,149.20766442662304,121.40366644804011
0.9454999999999513,80.40888977050781,125.66370614359174,0.4425177712767376,149.66749249798755,121.85909420928402
0.9459999999999512,80.45919036865234,125.66370614359174,0.44006488445694253,151.78207699261182,123.47997990982297
0.9464999999999512,80.51107025146484,125.66370614359174,0.43993991264619653,155.408952547928,126.12231155569708
0.9469999999999511,80.56509399414062,125.66370614359174,0.4424947109950449,160.39913825718983,129.64928567009727
0.947499999999951,80.6217041015625,125.66370614359174,0.4478736177809223,166.60037169398373,133.93058547416422
0.947999999999951,80.6812973022461,125.66370614359174,0.45604779572264625,171.76728311835913,138.84133422665425
0.9484999999999509,80.7364730834961,125.66370614359174,0.4610511705741498,163.43920978429753,131.80279147434877
0.9489999999999509,80.7881088256836,125.66370614359174,0.46146770105796225,156.3315426588921,126.18279573752527
0.9494999999999508,80.83718872070312,125.66370614359174,0.45815263846806553,150.86811348113113,122.11974443070015
0.9499999999999508,80.88463592529297,125.66370614359174,0.45260542433851125,147.18349693320164,119.56555231430615
0.9504999999999507,80.93133544921875,125.66370614359174,0.44629673177938156,145.2972448845144,118.425655810721
0.9509999999999507,80.97808074951172,125.66370614359174,0.4404738661694836,145.16028462044096,118.58422736202924
0.9514999999999506,81.0256118774414,125.66370614359174,0.436117401340796,146.682891913162,119.91753186668494
0.9519999999999506,81.0745620727539,125.66370614359174,0.4339450495401118,149.751358256643,122.30051123893034
0.9524999999999505,81.12550354003906,125.66370614359174,0.43442894323981845,154.23758573016005,125.60974587726207
0.9529999999999504,81.17892456054688,125.66370614359174,0.4378185679970622,160.0043943120245,129.724286960779
0.9534999999999504,81.23523712158203,125.66370614359174,0.4441695973195511,166.90833666560385,134.52554219493726
0.9539999999999503,81.2947998046875,125.66370614359174,0.4533789994348498,172.0197351021415,139.89679800181113
0.9544999999999503,81.34972381591797,125.66370614359174,0.4567647364917743,163.23978589459614,132.46609836940823
0.9549999999999502,81.40104675292969,125.66370614359174,0.4562258390218697,156.00003479646753,126.69077508463883
0.9554999999999502,81.44984436035156,125.66370614359174,0.45248605751623183,150.6425254122871,122.65037732709024
0.9559999999999501,81.49711608886719,125.66370614359174,0.44694351935121474,147.23620458126683,120.24640296629914
0.9564999999999501,81.54379272460938,125.66370614359174,0.4410014783824037,145.75094288666943,119.34628313815196
0.95699999999995,81.59070587158203,125.66370614359174,0.43585511373207625,146.09943647176638,119.8051825971524
0.95749999999995,81.63860321044922,125.66370614359174,0.43243567314516024,148.1619286190757,121.47679785860159
0.9579999999999499,81.68812561035156,125.66370614359174,0.4314073859611844,151.80056421238424,124.21818135786943
0.9584999999999498,81.73983764648438,125.66370614359174,0.4331827478296818,156.86735251942594,127.89139775315645
0.9589999999999498,81.79423522949219,125.66370614359174,0.4379476073620547,163.20833398362387,132.36349867627843
0.9594999999999497,81.85171508789062,125.66370614359174,0.4456947832342703,170.6656081956677,137.50571770850217
0.9599999999999497,81.91259002685547,125.66370614359174,0.4562645405711688,175.31769515482705,143.19253754636244
0.9604999999999496,81.96852111816406,125.66370614359174,0.45739533656558184,165.869449916235,135.17347651596273
0.9609999999999496,82.02069854736328,125.66370614359174,0.4556116188882198,158.36281665937685,129.10918804476046
0.9614999999999495,82.07032012939453,125.66370614359174,0.45139445826970925,153.02948474414939,124.99999005086072
0.9619999999999495,82.11847686767578,125.66370614359174,0.44595730839043934,149.8521927246476,122.68119291081166
0.9624999999999494,82.1661605834961,125.66370614359174,0.4405756159282391,148.73612411585998,121.97070826640966
0.9629999999999493,82.2142333984375,125.66370614359174,0.4363447868283815,149.54478444191494,122.6862808372751
0.9634999999999493,82.2634506225586,125.66370614359174,0.4341069450063141,152.1203739314245,124.65293992935366
0.9639999999999492,82.3144760131836,125.66370614359174,0.4344398125461294,156.2950413865374,127.70546470293267
0.9644999999999492,82.36785888671875,125.66370614359174,0.4376709727748346,161.89665023154475,131.68823334835534
0.9649999999999491,82.42407989501953,125.66370614359174,0.44390642640268163,168.7514010947071,136.45402738032035
0.9654999999999491,82.4835205078125,125.66370614359174,0.45306932780349246,173.72830528351835,141.8623612644882
0.965999999999949,82.53817749023438,125.66370614359174,0.45583854281501723,164.53923147628078,134.07450109187172
0.966499999999949,82.58914947509766,125.66370614359174,0.4548291401940214,157.0400332926276,128.06837935891673
0.9669999999999489,82.6375503540039,125.66370614359174,0.4507450425813497,151.5557186232008,123.90757115654938
0.9674999999999488,82.68444061279297,125.66370614359174,0.44498052079677514,148.13683223546425,121.47609171648652
0.9679999999999488,82.73076629638672,125.66370614359174,0.43894454453751386,146.7366071034521,120.62599706575891
0.9684999999999487,82.77739715576172,125.66370614359174,0.4338396776597646,147.25257085484319,121.19893725486223
0.9689999999999487,82.8250961303711,125.66370614359174,0.4306007367848192,149.5509440625561,123.03650983293106
0.9694999999999486,82.87451934814453,125.66370614359174,0.4298881073047622,153.48070716958304,125.98478547662846
0.9699999999999486,82.92625427246094,125.66370614359174,0.43210144412606194,158.88132960467055,129.89570518195828
0.9704999999999485,82.98078918457031,125.66370614359174,0.43740534269115405,165.58676217849109,134.6267881314483
0.9709999999999485,83.03852081298828,125.66370614359174,0.44576538709966634,171.10502364640644,140.04023323961047
0.9714999999999484,83.09175872802734,125.66370614359174,0.45003942942942987,162.3947428221703,132.6723721456492
0.9719999999999483,83.1414794921875,125.66370614359174,0.4498256697609564,155.1394104211005,126.90423665910683
0.9724999999999483,83.18872833251953,125.66370614359174,0.4460374139770156,149.749172625226,122.86286284341733
0.9729999999999482,83.2344970703125,125.66370614359174,0.4402314564929293,146.33660809425388,120.48077551895972
0.9734999999999482,83.27972412109375,125.66370614359174,0.433934044432244,144.89881607771875,119.64418783951398
0.9739999999999481,83.32525634765625,125.66370614359174,0.42843860399242206,145.36421518326048,120.21855655241167
0.9744999999999481,83.37184143066406,125.66370614359174,0.4247546023475914,147.6206144936661,122.0619062578816
0.974999999999948,83.42017364501953,125.66370614359174,0.4236046917836668,151.53186508288658,125.03149515967067
0.975499999999948,83.47081756591797,125.66370614359174,0.4254384438048884,156.94740691973263,128.98650784290896
0.9759999999999479,83.52428436279297,125.66370614359174,0.4304566686746945,163.70754074059403,133.78895457691948
0.9764999999999479,83.58100128173828,125.66370614359174,0.43864669793649524,169.67088291618433,139.30345304563872
0.9769999999999478,83.63352966308594,125.66370614359174,0.4440112234869433,161.49997035274873,132.4049014868014
0.9774999999999477,83.68274688720703,125.66370614359174,0.4444863019843735,154.5913850469688,126.93799597394968
0.9779999999999477,83.7296142578125,125.66370614359174,0.4411124088143512,149.42344493236897,123.08650531307079
0.9784999999999476,83.77509307861328,125.66370614359174,0.43554827619553776,146.158981691752,120.82621449014094
0.9789999999999476,83.82007598876953,125.66370614359174,0.4293946065945109,144.8303722785662,120.07353504196381
0.9794999999999475,83.86540222167969,125.66370614359174,0.42400115834412533,145.3906080047579,120.71487000711296
0.9799999999999475,83.91182708740234,125.66370614359174,0.4204207062582591,147.74439307646088,122.62256310452655
0.9804999999999474,83.96001434326172,125.66370614359174,0.41940811790631616,151.766927337318,125.66336170202166
0.9809999999999474,84.01055908203125,125.66370614359174,0.42143447996738553,157.314953238011,129.70257673463877
0.9814999999999473,84.06397247314453,125.66370614359174,0.42671170865810854,164.23308523664588,134.60578264466847
0.9819999999999472,84.12066650390625,125.66370614359174,0.43522893650697486,172.35737217493306,140.23927841550014
0.9824999999999472,84.1810073852539,125.66370614359174,0.4467993848134341,177.69888243308665,146.47011389559967
0.9829999999999471,84.23680114746094,125.66370614359174,0.44853838707443644,168.8087791793387,138.9186524573551
0.9834999999999471,84.28915405273438,125.66370614359174,0.4473198847986203,161.77359266648514,133.20993641663193
0.983999999999947,84.33920288085938,125.66370614359174,0.44370847142480097,156.89306300489196,129.40923868006033
0.984499999999947,84.38801574707031,125.66370614359174,0.43899125259679983,154.19292289015047,127.39375672363265
0.9849999999999469,84.4365463256836,125.66370614359174,0.4345003214173809,153.60330563461568,127.00644900728858
0.9854999999999469,84.48566436767578,125.66370614359174,0.4313664548174752,155.0000254383863,128.07852227606375
0.9859999999999468,84.53614044189453,125.66370614359174,0.4304431938194171,158.22865397775846,130.44035521960947
0.9864999999999468,84.58861541748047,125.66370614359174,0.4322952979003974,163.118318867457,133.92631013572435
0.9869999999999467,84.64366912841797,125.66370614359174,0.43721597323626127,169.48923340051368,138.37638733580857
0.9874999999999466,84.70176696777344,125.66370614359174,0.4452617690843047,177.15656102991196,143.6360366338384
0.9879999999999466,84.76329040527344,125.66370614359174,0.4562995280308247,182.2422819543923,149.5554042257992
0.9884999999999465,84.82019805908203,125.66370614359174,0.458325814894522,173.13274407795282,141.82201505746286
0.9889999999999465,84.87355041503906,125.66370614359174,0.4571739573636395,165.8060764475665,135.89324961007065
0.9894999999999464,84.92447662353516,125.66370614359174,0.45345054375317234,160.59389147841546,131.85447111643848
0.9899999999999464,84.97402954101562,125.66370614359174,0.4484688231750075,157.54437412421345,129.59711252091182
0.9904999999999463,85.02316284179688,125.66370614359174,0.44357715604236686,156.60291962549755,128.9734273819857
0.9909999999999463,85.07275390625,125.66370614359174,0.4399212019737334,157.65556518564446,129.82052112102494
0.9914999999999462,85.12355041503906,125.66370614359174,0.4383727115120428,160.55454210400652,131.9722599085417
0.9919999999999461,85.17623901367188,125.66370614359174,0.4395197916720392,165.13308260386205,135.26493137542133
0.9924999999999461,85.23136901855469,125.66370614359174,0.44368340027162784,171.21364028597526,139.53914374625325
0.992999999999946,85.28944396972656,125.66370614359174,0.45094960881007723,178.61223137700958,144.6401824190324
0.993499999999946,85.350830078125,125.66370614359174,0.461213146544242,183.71915347032453,150.41728186625105
0.9939999999999459,85.40750122070312,125.66370614359174,0.46361673253845737,174.35237889676083,142.47217556679485
0.9944999999999459,85.46052551269531,125.66370614359174,0.4624585094760163,166.73063596069127,136.3306315764497
0.9949999999999458,85.51102447509766,125.66370614359174,0.45846059745063966,161.21206355597127,132.08981554592108
0.9954999999999458,85.56004333496094,125.66370614359174,0.45301225642056187,157.86161878059636,129.64832039908958
0.9959999999999457,85.60856628417969,125.66370614359174,0.447512953239231,156.63573054083056,128.86267109424404
0.9964999999999457,85.6574478149414,125.66370614359174,0.44314913013315577,157.42740191142101,129.57210355793856
0.9969999999999456,85.70748138427734,125.66370614359174,0.4408299068155265,160.09290499259302,131.61125350268205
0.9974999999999455,85.75932312011719,125.66370614359174,0.44117946941059916,164.46737837357654,134.81599883561606
0.9979999999999455,85.8135757446289,125.66370614359174,0.44455269409446957,170.37359933740606,139.02588233814677
0.9984999999999454,85.8707046508789,125.66370614359174,0.4510650874429757,177.6267157745489,144.08438724388074
0.9989999999999454,85.9311294555664,125.66370614359174,0.4606340042671586,182.83942648246784,149.8386456937775
0.9994999999999453,85.98674774169922,125.66370614359174,0.46319083098730995,173.2164870502005,141.67870606549573
0.9999999999999453,86.03864288330078,125.66370614359174,0.4618955312435977,165.36716534048585,135.36951112939866
1.0004999999999453,86.08795928955078,125.66370614359174,0.45756970479015385,159.6596300959478,131.0077981349613
1.0009999999999453,86.12495422363281,125.66370614359174,0.45167548617276226,156.16240683286475,128.47314560603868
1.0014999999999452,86.16143035888672,125.66370614359174,0.4456661983405033,154.83288624520574,127.63510526990142
1.0019999999999452,86.19829559326172,125.66370614359174,0.4408334716557461,155.60197612089408,128.36034156962458
1.002499999999945,86.23634338378906,125.66370614359174,0.4381147792180511,158.313070180736,130.46985480457025
1.002999999999945,86.27628326416016,125.66370614359174,0.4381570987984136,162.78998161385263,133.78811151168156
1.003499999999945,86.3187026977539,125.66370614359174,0.44133017928524987,168.84552618323116,138.14498591197807
1.003999999999945,86.36410522460938,125.66370614359174,0.4477549195381592,176.28591349811535,143.37576842696095
1.0044999999999449,86.41289520263672,125.66370614359174,0.45734479578165543,181.7254680457876,149.3203732164819
1.0049999999999448,86.4568862915039,125.66370614359174,0.4599212163469003,172.04284962444277,141.09059780589143
1.0054999999999448,86.49718475341797,125.66370614359174,0.4586135781537524,164.2226143079568,134.78941216748478
1.0059999999999447,86.53498077392578,125.66370614359174,0.4542865093076425,158.62183395015978,130.50097025593212
1.0064999999999447,86.57135009765625,125.66370614359174,0.44843684129393985,155.29672811228468,128.10816277798546
1.0069999999999446,86.60731506347656,125.66370614359174,0.4425447741536237,154.19374401180283,127.45331942013887
1.0074999999999446,86.64376831054688,125.66370614359174,0.43785935178060315,155.19517770529822,128.36273523117936
1.0079999999999445,86.6815185546875,125.66370614359174,0.4353366366554768,158.1461443016898,130.6590702938898
1.0084999999999444,86.72124481201172,125.66370614359174,0.4356314411110343,162.87033927880623,134.16702965067162
1.0089999999999444,86.76355743408203,125.66370614359174,0.4391118887373238,169.17891908491006,138.7155897194088
1.0094999999999443,86.80894470214844,125.66370614359174,0.44588985552344307,176.87531906510756,144.13821355469653
1.0099999999999443,86.85781860351562,125.66370614359174,0.45586500754444403,182.33742125131863,150.27241727252917
1.0104999999999442,86.9018325805664,125.66370614359174,0.45792699907652845,172.50225984081737,141.90436462822205
1.0109999999999442,86.94215393066406,125.66370614359174,0.456328391093002,164.65078424576714,135.5552801900148
1.011499999999944,86.97998046875,125.66370614359174,0.4518973256504877,159.11494713985584,131.29126926656693
1.011999999999944,87.01644897460938,125.66370614359174,0.44610499718045415,155.92911879852744,128.9783304318476
1.012499999999944,87.05258178710938,125.66370614359174,0.4404154703003997,155.0220808743311,128.44509298741937
1.012999999999944,87.08928680419922,125.66370614359174,0.4360635549641269,156.2615438533183,129.50664167986616
1.013499999999944,87.12737274169922,125.66370614359174,0.43398810959655165,159.48028984533028,131.9762355092247
1.0139999999999438,87.16754913330078,125.66370614359174,0.43482154048801813,164.49133231498698,135.67058706339736
1.0144999999999438,87.21039581298828,125.66370614359174,0.43890466835689407,171.0963675456832,140.41160851064566
1.0149999999999437,87.25641632080078,125.66370614359174,0.4463194878337123,179.0902939299231,146.02654603406964
1.0154999999999437,87.3060073852539,125.66370614359174,0.4569364632927596,184.4464176925189,152.34725908840068
1.0159999999999436,87.35063934326172,125.66370614359174,0.4581865991239262,174.38084836684126,143.77002734249584
1.0164999999999436,87.39154052734375,125.66370614359174,0.45617250766654904,166.4608466915021,137.3303833790256
1.0169999999999435,87.42997741699219,125.66370614359174,0.4516378077051982,160.97829841383495,133.06655618959826
1.0174999999999434,87.46708679199219,125.66370614359174,0.44598783180975277,157.9347870710989,130.81971870826968
1.0179999999999434,87.5039291381836,125.66370614359174,0.4406392640544639,157.23346745372828,130.3991557802456
1.0184999999999433,87.54141998291016,125.66370614359174,0.4367867191484767,158.7216452884058,131.60458209637588
1.0189999999999433,87.58038330078125,125.66370614359174,0.43532950636221823,162.2154989789605,134.2368607877231
1.0194999999999432,87.62150573730469,125.66370614359174,0.4368588755853529,167.51421751994152,138.10243857856034
1.0199999999999432,87.66539764404297,125.66370614359174,0.44167399268223356,174.40772625830962,143.0146728541433
1.0204999999999431,87.71253204345703,125.66370614359174,0.4498177547486194,180.38850868893397,148.793390486331
1.020999999999943,87.75515747070312,125.66370614359174,0.4542992045103086,171.1379951114896,140.95478538516628
1.021499999999943,87.79425048828125,125.66370614359174,0.4539043128123135,163.4480182153292,134.81838764780096
1.021999999999943,87.83088684082031,125.66370614359174,0.4497833337958078,157.80642632650802,130.56428220678143
1.022499999999943,87.8661117553711,125.66370614359174,0.44366606395640806,154.36230938346134,128.14636357536693
1.0229999999999428,87.90091705322266,125.66370614359174,0.43720850982680953,153.12598952288724,127.45522835271865
1.0234999999999428,87.93619537353516,125.66370614359174,0.43180120547423007,154.02300810344087,128.34936928810617
1.0239999999999427,87.97276306152344,125.66370614359174,0.42851887135982614,156.92695303341065,130.67218559634912
1.0244999999999427,88.01133728027344,125.66370614359174,0.42811486441478397,161.67930627618813,134.26093582887435
1.0249999999999426,88.05253601074219,125.66370614359174,0.43103357348070004,168.10117944133805,138.95113468541524
1.0254999999999426,88.09688568115234,125.66370614359174,0.43743784206777586,176.00013563158763,144.5784496652651
1.0259999999999425,88.14482116699219,125.66370614359174,0.44725230631248525,182.18920409601287,150.97932195161977
1.0264999999999425,88.18827819824219,125.66370614359174,0.45068101647793896,172.99550820350626,143.1731134160756
1.0269999999999424,88.22830963134766,125.66370614359174,0.4499165124669844,165.55987281484855,137.18559614164502
1.0274999999999423,88.26602935791016,125.66370614359174,0.44597907882007326,160.31429476560214,133.1657460648212
1.0279999999999423,88.30250549316406,125.66370614359174,0.4404926647114313,157.363178388947,131.03926195182748
1.0284999999999422,88.3387451171875,125.66370614359174,0.43503385524460836,156.6822871673355,130.6747380446552
1.0289999999999422,88.37565612792969,125.66370614359174,0.4309212419364052,158.1698870828939,131.91319178261722
1.0294999999999421,88.4140396118164,125.66370614359174,0.42915401967757344,161.67753669310878,134.5838021638042
1.029999999999942,88.45460510253906,125.66370614359174,0.43040313433238286,167.0284999864626,138.5120468921872
1.030499999999942,88.49796295166016,125.66370614359174,0.43502712484824124,174.0284836110325,143.52347625154502
1.030999999999942,88.54462432861328,125.66370614359174,0.44310725322985306,182.47177435479622,149.44517328996272
1.031499999999942,88.59498596191406,125.66370614359174,0.4544991366242043,188.2842387200095,156.10605647360762
1.0319999999999419,88.64069366455078,125.66370614359174,0.4563426943951096,178.70046239929766,147.93937228769624
1.0324999999999418,88.68289184570312,125.66370614359174,0.45488183425505885,171.14492199275588,141.7818565991707
1.0329999999999417,88.72276306152344,125.66370614359174,0.4509138948562282,165.96978563284384,137.72930803010664
1.0334999999999417,88.76143646240234,125.66370614359174,0.44588439061572854,163.21724106985144,135.66225325434243
1.0339999999999416,88.79993438720703,125.66370614359174,0.4412361278677287,162.81581571506715,135.41489588389703
1.0344999999999416,88.83917999267578,125.66370614359174,0.43817548917754806,164.6274164149662,136.80185982401426
1.0349999999999415,88.87997436523438,125.66370614359174,0.4375993998241302,168.47515073184064,139.6317780496887
1.0354999999999415,88.92302703857422,125.66370614359174,0.44008413854233097,174.1596185547749,143.7139110855905
1.0359999999999414,88.96892547607422,125.66370614359174,0.44590469872390714,181.4681461280703,148.86077270335343
1.0364999999999414,89.0181655883789,125.66370614359174,0.45507529164593213,187.56064021470942,154.88884538189373
1.0369999999999413,89.06301879882812,125.66370614359174,0.45947941751747634,178.44595295507742,147.16340315930336
1.0374999999999412,89.10441589355469,125.66370614359174,0.4592278048450565,170.86397967055612,141.088426020696
1.0379999999999412,89.14342498779297,125.66370614359174,0.45544570698007314,165.33283945768855,136.87777456680124
1.0384999999999411,89.18106079101562,125.66370614359174,0.4498346105651472,162.01996062823505,134.50578085948607
1.038999999999941,89.21831512451172,125.66370614359174,0.4440248158478247,160.94514069636534,133.87454014531986
1.039499999999941,89.2560806274414,125.66370614359174,0.43937888368934847,162.0371661696196,134.84784286208142
1.039999999999941,89.29515838623047,125.66370614359174,0.4369386416933566,165.16843526693708,137.27004518649335
1.040499999999941,89.3362808227539,125.66370614359174,0.43741998257998077,170.17603670237983,140.97636832038896
1.0409999999999409,89.38005828857422,125.66370614359174,0.44122826382578856,176.8743435005845,145.79809282219526
1.0414999999999408,89.42701721191406,125.66370614359174,0.44849008733717083,185.06244966895062,151.5651174977684
1.0419999999999408,89.47757720947266,125.66370614359174,0.45910056061190574,191.0854702082084,158.10698624555758
1.0424999999999407,89.52355194091797,125.66370614359174,0.46189292086119327,181.52691542890804,149.98163373433903
1.0429999999999406,89.56600189208984,125.66370614359174,0.46080565675271223,173.82708960959815,143.74813341319228
1.0434999999999406,89.6060791015625,125.66370614359174,0.4568075073647464,168.41164828041784,139.55432724615358
1.0439999999999405,89.64486694335938,125.66370614359174,0.45146176557578904,165.37427742946417,137.31825372618997
1.0444999999999405,89.68338775634766,125.66370614359174,0.4462918656420686,164.6788939974906,136.8995198257232
1.0449999999999404,89.72256469726562,125.66370614359174,0.4425677618180501,166.21127347410172,138.12948443326826
1.0454999999999404,89.76319885253906,125.66370614359174,0.4412427000036241,169.81008479177504,140.82730982978714
1.0459999999999403,89.80601501464844,125.66370614359174,0.4429450802097573,175.285434029153,144.80832410354975
1.0464999999999403,89.85160827636719,125.66370614359174,0.4479966992586071,182.42968356260803,149.88781975104894
1.0469999999999402,89.9004898071289,125.66370614359174,0.45645035441553233,188.74693225433356,155.88264937233572
1.0474999999999401,89.94501495361328,125.66370614359174,0.46147379294057567,179.58030036053637,148.1286653614467
1.04799999999994,89.986083984375,125.66370614359174,0.46138517643422117,171.85650087096343,141.9701686019794
1.04849999999994,90.02471160888672,125.66370614359174,0.45746137804039355,166.14594582482852,137.65625543863402
1.04899999999994,90.06194305419922,125.66370614359174,0.451508897871313,162.65093862396458,135.1853781406615
1.04949999999994,90.09873962402344,125.66370614359174,0.4452315388985783,161.41431591008433,134.47506672717117
1.0499999999999399,90.13601684570312,125.66370614359174,0.4400497076123365,162.37943010492037,135.39851724858474
1.0504999999999398,90.17459869384766,125.66370614359174,0.4370545488132193,165.4271132312718,137.80510673681445
1.0509999999999398,90.21520233154297,125.66370614359174,0.43700452286914165,170.39839410097724,141.5318372168764
1.0514999999999397,90.25847625732422,125.66370614359174,0.4403396308793528,177.10824775091834,146.40951614618908
1.0519999999999397,90.30493927001953,125.66370614359174,0.4472111498021283,185.35385803798303,152.26576493048594
1.0524999999999396,90.35504913330078,125.66370614359174,0.45752767816112144,191.60475405179383,158.92663203341522
1.0529999999999395,90.40057373046875,125.66370614359174,0.4605127800185486,181.97152743071788,150.74260329762723
1.0534999999999395,90.44259643554688,125.66370614359174,0.45941607064097956,174.2048086172492,144.46298615432943
1.0539999999999394,90.48224639892578,125.66370614359174,0.4552961260992436,168.7534679394392,140.25103719055343
1.0544999999999394,90.52063751220703,125.66370614359174,0.44978314825965665,165.72345200980757,138.03254020354572
1.0549999999999393,90.55879211425781,125.66370614359174,0.44445027879110127,165.08462634183013,137.6702577549523
1.0554999999999393,90.59764862060547,125.66370614359174,0.4406053337556458,166.72425552526158,138.99558040949026
1.0559999999999392,90.63802337646484,125.66370614359174,0.4392289615033611,170.47929642254437,141.82549012320894
1.0564999999999392,90.68064880371094,125.66370614359174,0.4409661115411659,176.1558120279968,145.9715496334785
1.056999999999939,90.72614288330078,125.66370614359174,0.44614392953600407,183.54040403587243,151.24418275264202
1.057499999999939,90.7750015258789,125.66370614359174,0.4548102275470271,189.99974717990926,157.45450122141548
1.057999999999939,90.81949615478516,125.66370614359174,0.45957555364691066,180.72416028432707,149.60564585323243
1.058499999999939,90.86054229736328,125.66370614359174,0.4593064579584521,172.97318771574388,143.41137337114324
1.0589999999999389,90.8991928100586,125.66370614359174,0.4552955923754557,167.31635419222314,139.12149862010114
1.0594999999999388,90.93649291992188,125.66370614359174,0.4493630688977626,163.95018000550448,136.73013374883723
1.0599999999999388,90.97344207763672,125.66370614359174,0.44322531763192274,162.91005896123085,136.1490882647788
1.0604999999999387,91.0109634399414,125.66370614359174,0.43831074499738704,164.1307924599612,137.2449031674044
1.0609999999999387,91.04988098144531,125.66370614359174,0.43571044485783084,167.4838830956798,139.8597221033916
1.0614999999999386,91.0909423828125,125.66370614359174,0.4361725956270132,172.8004634554294,143.82299214494577
1.0619999999999385,91.13477325439453,125.66370614359174,0.4401166935413398,179.88519382468107,148.95764574606372
1.0624999999999385,91.18192291259766,125.66370614359174,0.4476657501217602,188.52464349518056,155.083371430094
1.0629999999999384,91.23282623291016,125.66370614359174,0.4586964869710912,194.77883373377017,162.018135939689
1.0634999999999384,91.2790756225586,125.66370614359174,0.4609609121160341,184.9202315787385,153.62630163944567
1.0639999999999383,91.32180786132812,125.66370614359174,0.4595047955553845,177.09315269950972,147.2587303833325
1.0644999999999383,91.36219787597656,125.66370614359174,0.4553267885840621,171.7163653918209,143.05891828522104
1.0649999999999382,91.40138244628906,125.66370614359174,0.4500086134541853,168.86791952648568,140.93179198731215
1.0654999999999382,91.44042205810547,125.66370614359174,0.44508737555228184,168.49385387560136,140.72217341469505
1.065999999999938,91.48026275634766,125.66370614359174,0.44183682948580305,170.46066128613722,142.24575019796146
1.066499999999938,91.52173614501953,125.66370614359174,0.441199413881929,174.58679132910933,145.30557352544517
1.066999999999938,91.56556701660156,125.66370614359174,0.44377610328480527,180.6614816025065,149.7005926708941
1.067499999999938,91.61236572265625,125.66370614359174,0.44984655230618603,188.4557783707917,155.22966631157422
1.0679999999999379,91.66265106201172,125.66370614359174,0.45941210285532724,194.74087874850025,161.69323047182314
1.0684999999999378,91.70838165283203,125.66370614359174,0.46302169813201427,185.01701011064424,153.44242965074665
1.0689999999999378,91.75057983398438,125.66370614359174,0.46213410336724664,177.05794155674778,147.02884272075318
1.0694999999999377,91.79036712646484,125.66370614359174,0.4579292874214993,171.380319301265,142.66436908285618
1.0699999999999377,91.8288345336914,125.66370614359174,0.4521379251312949,168.1351888257665,140.3075237880221
1.0704999999999376,91.86701202392578,125.66370614359174,0.44641123589596643,167.32118077459248,139.8413306769985
1.0709999999999376,91.90584564208984,125.66370614359174,0.4421214573528903,168.8427440460689,141.10868454163776
1.0714999999999375,91.94617462158203,125.66370614359174,0.4403037004261831,172.54572040554976,143.93191048771732
1.0719999999999374,91.9887466430664,125.66370614359174,0.4416474867128284,178.2390287267717,148.12348001167274
1.0724999999999374,92.03419494628906,125.66370614359174,0.44651297234839643,185.7076813689777,153.49152031095196
1.0729999999999373,92.08303833007812,125.66370614359174,0.4549679234633966,192.4328763559293,159.8425099047693
1.0734999999999373,92.12757873535156,125.66370614359174,0.46003292059963,183.13030998308145,151.98108426835773
1.0739999999999372,92.16869354248047,125.66370614359174,0.45982861585781587,175.32059331433388,145.7494080170883
1.0744999999999372,92.20742797851562,125.66370614359174,0.4557564780231943,169.61762670512033,141.43141942907621
1.0749999999999371,92.24484252929688,125.66370614359174,0.4497134127780904,166.24476980262816,139.04182955904324
1.075499999999937,92.28192901611328,125.66370614359174,0.4434712194500787,165.25277650151006,138.50386592882165
1.075999999999937,92.31962585449219,125.66370614359174,0.43849972978501545,166.5836080908532,139.689085885754
1.076499999999937,92.35877227783203,125.66370614359174,0.43591965561372,170.10998849962957,142.44006682943916
1.076999999999937,92.40013122558594,125.66370614359174,0.4364967456543647,175.65991108819745,146.58338979068043
1.0774999999999368,92.4443359375,125.66370614359174,0.44065561094775263,183.03165516888396,151.93670921052515
1.0779999999999368,92.49195098876953,125.66370614359174,0.448512785915199,192.00298080018396,158.31269461091233
1.0784999999999367,92.54340362548828,125.66370614359174,0.45992945393503976,198.41286658174107,165.5209804947423
1.0789999999999367,92.59019470214844,125.66370614359174,0.46187779115619065,188.36931906010577,156.96270436997207
1.0794999999999366,92.63345336914062,125.66370614359174,0.4602237167561125,180.4611255568087,150.5057799740577
1.0799999999999366,92.67440032958984,125.66370614359174,0.4559847984900161,175.10788003926322,146.29608550636786
1.0804999999999365,92.71420288085938,125.66370614359174,0.45075114591902515,172.3807078990306,144.23313088785576
1.0809999999999365,92.75392150878906,125.66370614359174,0.4460639445577987,172.2156925225274,144.15375141148323
1.0814999999999364,92.7945327758789,125.66370614359174,0.4431937654897861,174.46733272903714,145.8641171332931
1.0819999999999363,92.83687591552734,125.66370614359174,0.4430699938010974,178.9406654241965,149.15671493612442
1.0824999999999363,92.88168334960938,125.66370614359174,0.44627015719847585,185.41050972412805,153.81927941879732
1.0829999999999362,92.92958068847656,125.66370614359174,0.4530422003831037,193.6327840791189,159.63906065750942
1.0834999999999362,92.98106384277344,125.66370614359174,0.4633516324954643,199.87400029004868,166.40459450029758
1.0839999999999361,93.02786254882812,125.66370614359174,0.4660251359850054,189.72324322563722,157.7720625496133
1.084499999999936,93.07105255126953,125.66370614359174,0.46460386006133725,181.55656088570774,151.14461364981977
1.084999999999936,93.11183166503906,125.66370614359174,0.4602091474298874,175.85573598826784,146.70953982319733
1.085499999999936,93.15132904052734,125.66370614359174,0.45452002207723025,172.7374843121813,144.39804951499883
1.085999999999936,93.19061279296875,125.66370614359174,0.4491484653159135,172.17022146808503,144.06912259398433
1.0864999999999359,93.23065185546875,125.66370614359174,0.4454292125332747,174.03130735851335,145.5442130472639
1.0869999999999358,93.27230834960938,125.66370614359174,0.4443547889396473,178.14181799200335,148.62624868449436
1.0874999999999357,93.31632995605469,125.66370614359174,0.44656500594070087,184.28763190566403,153.10984822397887
1.0879999999999357,93.36334228515625,125.66370614359174,0.45236555053903565,192.23202887726345,158.7865073672292
1.0884999999999356,93.41387939453125,125.66370614359174,0.4617701032366616,198.7243517760897,165.44710939689918
1.0889999999999356,93.45980834960938,125.66370614359174,0.46530440497079695,188.6924247469668,156.9379377191383
1.0894999999999355,93.50216674804688,125.66370614359174,0.4641994686907884,180.49334746523755,150.3280954934764
1.0899999999999355,93.5420913696289,125.66370614359174,0.4597348949756754,174.6710201198328,145.84812344652693
1.0904999999999354,93.58070373535156,125.66370614359174,0.4537082450556917,171.38694347293594,143.4619869813793
1.0909999999999354,93.61907196044922,125.66370614359174,0.44781870126083223,170.64121643645797,143.05161505760967
1.0914999999999353,93.65814971923828,125.66370614359174,0.44347284115810237,172.3334056055105,144.45427858897068
1.0919999999999352,93.69880676269531,125.66370614359174,0.44172681096782124,176.29988739868423,147.48358620235584
1.0924999999999352,93.74180603027344,125.66370614359174,0.44327681010060976,182.33675373352068,151.94105541873108
1.0929999999999351,93.78778839111328,125.66370614359174,0.44847525481793915,190.21370131323067,157.62226911581104
1.093499999999935,93.83729553222656,125.66370614359174,0.45736983766289313,197.01631615801253,164.32007540609993
1.093999999999935,93.88233184814453,125.66370614359174,0.46157653138923277,187.21003786594844,156.01840623758383
1.094499999999935,93.92388153076172,125.66370614359174,0.46077374326225734,179.12526722312953,149.5285528660439
1.094999999999935,93.96304321289062,125.66370614359174,0.4563605672617989,173.35462179908603,145.11781654845194
1.0954999999999349,94.00092315673828,125.66370614359174,0.4502278386861832,170.09432280242214,142.77747955675184
1.0959999999999348,94.03858184814453,125.66370614359174,0.44414484979673313,169.3684912030415,142.4082323646531
1.0964999999999347,94.07697296142578,125.66370614359174,0.43957443901222465,171.09297792494334,143.85992940411919
1.0969999999999347,94.11697387695312,125.66370614359174,0.437618841047618,175.1148071527419,146.95428444348607
1.0974999999999346,94.15935516357422,125.66370614359174,0.43901020412592656,181.2365710887802,151.4976394667371
1.0979999999999346,94.20476531982422,125.66370614359174,0.44412539843312027,189.23137842524713,157.28798364331908
1.0984999999999345,94.25375366210938,125.66370614359174,0.4530243392482725,196.31397167896628,164.11877192254988
1.0989999999999345,94.29843139648438,125.66370614359174,0.45766716442646255,186.79805579561042,156.0712582129243
1.0994999999999344,94.3397216796875,125.66370614359174,0.4571512390327831,178.92575001101122,149.7611765730466
1.0999999999999344,94.37871551513672,125.66370614359174,0.45293640105111926,173.32443692688054,145.48620088283224
1.1004999999999343,94.41649627685547,125.66370614359174,0.4469637402027791,170.21497036577307,143.25966470525648
1.1009999999999343,94.4541015625,125.66370614359174,0.44104078271669983,169.63796814939798,142.99703155254826
1.1014999999999342,94.49250030517578,125.66370614359174,0.4366587386479837,171.51990306115522,144.55775936476735
1.1019999999999341,94.5325698852539,125.66370614359174,0.4349387956911502,175.71415106076,147.76937577639512
1.102499999999934,94.57506561279297,125.66370614359174,0.4366223922024072,182.02652312629624,152.44128014733505
1.102999999999934,94.62065887451172,125.66370614359174,0.44208635623426945,190.23102413754668,158.37258279403795
1.103499999999934,94.66989135742188,125.66370614359174,0.45138286473901784,197.49076942130253,165.3563434757162
1.103999999999934,94.7149429321289,125.66370614359174,0.45622332726429254,188.2237942031723,157.5202567550294
1.1044999999999339,94.75670623779297,125.66370614359174,0.45593638080064086,180.55167384507413,151.36473102352835
1.1049999999999338,94.79624938964844,125.66370614359174,0.4519888337575967,175.12386038375342,147.21024729026888
1.1054999999999338,94.83463287353516,125.66370614359174,0.4463286722828471,172.17662523467854,145.08613129230767
1.1059999999999337,94.87289428710938,125.66370614359174,0.4407677353959305,171.76035559587547,144.9182193571026
1.1064999999999336,94.91199493408203,125.66370614359174,0.43679665860817196,173.80722827973156,146.57230772042442
1.1069999999999336,94.95279693603516,125.66370614359174,0.4355300918128741,178.17337809486128,149.87937577697625
1.1074999999999335,94.99607849121094,125.66370614359174,0.43769731981177773,184.66522154494828,154.65026655625203
1.1079999999999335,95.04248809814453,125.66370614359174,0.44365923831337906,193.0557809402454,160.68396592734373
1.1084999999999334,95.09257507324219,125.66370614359174,0.4534511007101922,200.35818416110706,167.77237015859185
1.1089999999999334,95.13854217529297,125.66370614359174,0.4582780345427786,191.18586810239117,160.01220626227703
1.1094999999999333,95.18125915527344,125.66370614359174,0.4580938750254709,183.5912687883669,153.90536492028852
1.1099999999999333,95.2217788696289,125.66370614359174,0.45434289475600614,178.23471785581012,149.7855942002646
1.1104999999999332,95.26116180419922,125.66370614359174,0.4489525094284215,175.3593855659399,147.69059150064234
1.1109999999999332,95.3004379272461,125.66370614359174,0.4437164611050899,175.01927421456696,147.55102547123107
1.111499999999933,95.34056091308594,125.66370614359174,0.44010689983726614,177.1478278906528,149.23505525058243
1.111999999999933,95.38240051269531,125.66370614359174,0.43921873376007065,181.60075338911344,152.57430332814013
1.112499999999933,95.42671203613281,125.66370614359174,0.4417612271478809,188.18280201129124,157.37896617370643
1.112999999999933,95.47415924072266,125.66370614359174,0.44807708860391954,196.66442219451406,163.4465544883823
1.1134999999999329,95.5252914428711,125.66370614359174,0.45818736350863326,203.89476217158008,170.56683094336861
1.1139999999999328,95.57225036621094,125.66370614359174,0.46282792168282516,194.60473706971086,162.7012011227834
1.1144999999999328,95.61593627929688,125.66370614359174,0.46256945514310643,186.91461234690237,156.50413254831602
1.1149999999999327,95.65739440917969,125.66370614359174,0.45883177244016093,181.48515983239054,152.31128740822837
1.1154999999999327,95.69768524169922,125.66370614359174,0.45351615946209056,178.5579632248106,150.15957077275388
1.1159999999999326,95.73784637451172,125.66370614359174,0.448393464990824,178.1844418149935,149.97785736872507
1.1164999999999325,95.77883911132812,125.66370614359174,0.4449151122737505,180.2947669812345,151.63185941176528
1.1169999999999325,95.82152557373047,125.66370614359174,0.44415730530949943,184.74087774569287,154.9502949494405
1.1174999999999324,95.86666107177734,125.66370614359174,0.44681351229532806,191.32339447399806,159.74017352569038
1.1179999999999324,95.9149169921875,125.66370614359174,0.4532147668363034,199.8083692693287,165.79563346296632
1.1184999999999323,95.96682739257812,125.66370614359174,0.4633752579188487,206.90680877719703,172.90289882820556
1.1189999999999323,96.01445007324219,125.66370614359174,0.4676827681667971,197.30834235430595,164.7703957554228
1.1194999999999322,96.05870056152344,125.66370614359174,0.46716836150159685,189.37980664252692,158.37103932794426
1.1199999999999322,96.10065460205078,125.66370614359174,0.4632392471536121,183.7715184415253,154.03031250641328
1.120499999999932,96.14139556884766,125.66370614359174,0.4577789039475303,180.71430230970782,151.77446088227688
1.120999999999932,96.18197631835938,125.66370614359174,0.4525425340878437,180.25013463737918,151.523287004642
1.121499999999932,96.22335815429688,125.66370614359174,0.4489683996748005,182.30073064703902,153.13463734904977
1.121999999999932,96.26641082763672,125.66370614359174,0.4481219376457454,186.71029169312075,156.4302974509384
1.1224999999999319,96.31190490722656,125.66370614359174,0.4506883434032175,193.272222289295,161.21104428768388
1.1229999999999318,96.3604965209961,125.66370614359174,0.45699296637254716,201.74574698352393,167.26525192890975
1.1234999999999318,96.4127197265625,125.66370614359174,0.46704669754391004,208.71006568867378,174.37380783445965
1.1239999999999317,96.46049499511719,125.66370614359174,0.4708769384181805,198.69218143245598,165.87933690381993
1.1244999999999317,96.5047836303711,125.66370614359174,0.4699623128218322,190.46697710165893,159.23047111899223
1.1249999999999316,96.54670715332031,125.66370614359174,0.4657038735730346,184.66201301634416,154.73071312021042
1.1254999999999316,96.58737182617188,125.66370614359174,0.45997475556072037,181.48711128202459,152.38592646609754
1.1259999999999315,96.62786102294922,125.66370614359174,0.4545221558410406,180.9670021471702,152.0995880192977
1.1264999999999314,96.66914367675781,125.66370614359174,0.4507781025413151,183.00891501672314,153.71618032860758
1.1269999999999314,96.71212005615234,125.66370614359174,0.4498023415264661,187.4445756564231,157.04636387309023
1.1274999999999313,96.7575454711914,125.66370614359174,0.4522739367023013,194.0563856188115,161.88134123204466
1.1279999999999313,96.80609130859375,125.66370614359174,0.45851119552549274,202.59366630778936,168.00117334889674
1.1284999999999312,96.85829162597656,125.66370614359174,0.46851711721616357,209.45110210024498,175.17933870855046
1.1289999999999312,96.9058609008789,125.66370614359174,0.4717091145095973,198.98925508172633,166.29767893810964
1.1294999999999311,96.94983673095703,125.66370614359174,0.4703027195160812,190.4947360189684,159.41421243820017
1.129999999999931,96.99140167236328,125.66370614359174,0.46568157390615633,184.55842359871534,154.7996099210753
1.130499999999931,97.03170013427734,125.66370614359174,0.4597037316705422,181.35794851142077,152.43039702807192
1.130999999999931,97.07184600830078,125.66370614359174,0.45410684277078883,180.89222628428288,152.18691938101696
1.131499999999931,97.11283874511719,125.66370614359174,0.45031488731309804,183.04734414389623,153.89511517094044
1.1319999999999308,97.15556335449219,125.66370614359174,0.44937767142215085,187.63730007560548,157.35039579487176
1.1324999999999308,97.20082092285156,125.66370614359174,0.4519604865299467,194.42928559457994,162.3313019661408
1.1329999999999307,97.24925231933594,125.66370614359174,0.4583638876016368,203.15930495103763,168.60697552738435
1.1334999999999307,97.30140686035156,125.66370614359174,0.4685705841479359,209.92433822464372,175.94148432685492
1.1339999999999306,97.3487548828125,125.66370614359174,0.47094019192916486,199.03758832085788,166.68089292152575
1.1344999999999306,97.39242553710938,125.66370614359174,0.46898941689119683,190.3395514044236,159.6025128238478
1.1349999999999305,97.43367004394531,125.66370614359174,0.4640548987805875,184.3694038362305,154.93413149807583
1.1354999999999305,97.47368621826172,125.66370614359174,0.4579595725668493,181.26095887083108,152.61470327601106
1.1359999999999304,97.51361083984375,125.66370614359174,0.4524173180206572,180.97847842700327,152.4951730027244
1.1364999999999303,97.55445861816406,125.66370614359174,0.4488307668980817,183.3801083982741,154.3781290300997
1.1369999999999303,97.59715270996094,125.66370614359174,0.44822499039745684,188.2568262257102,158.04013280798
1.1374999999999302,97.64246368408203,125.66370614359174,0.45123485559042525,195.35644993113965,163.2440793881914
1.1379999999999302,97.6910629272461,125.66370614359174,0.4581258909229388,204.39836725538837,169.7460616946415
1.1384999999999301,97.74347686767578,125.66370614359174,0.4688446346960595,211.03961922270827,177.29893891715636
1.13899999999993,97.79090881347656,125.66370614359174,0.4701910306555728,199.7284036353894,167.65037556267936
1.13949999999993,97.83458709716797,125.66370614359174,0.4676493831627214,190.86818078347784,160.3948520681943
1.13999999999993,97.87583923339844,125.66370614359174,0.46247058057418966,184.93117113166613,155.70733764026977
1.14049999999993,97.9159164428711,125.66370614359174,0.45641204836361016,181.9958665996674,153.48118317592608
1.1409999999999298,97.95599365234375,125.66370614359174,0.4511400111887548,181.98326468259734,153.53195779379476
1.1414999999999298,97.99710083007812,125.66370614359174,0.448014042338009,184.71707676944513,155.63440556620154
1.1419999999999297,98.0401611328125,125.66370614359174,0.4480133120963697,189.96033215282563,159.54280214650856
1.1424999999999297,98.08596801757812,125.66370614359174,0.4517221486840231,197.43772289558908,165.00195049526047
1.1429999999999296,98.13516998291016,125.66370614359174,0.45935369416081573,204.503145635529,171.75292076799406
1.1434999999999296,98.17979431152344,125.66370614359174,0.4637853973432348,193.97354477324743,162.85437081902472
1.1439999999999295,98.2208251953125,125.66370614359174,0.46259686439846137,185.23712266627555,155.85371157327106
1.1444999999999295,98.25939178466797,125.66370614359174,0.45746438745138135,178.99707299207978,151.09535452672077
1.1449999999999294,98.29666900634766,125.66370614359174,0.4504979427256137,175.5082850424387,148.60878811375508
1.1454999999999294,98.33375549316406,125.66370614359174,0.44364071612384726,174.8213954096184,148.30885037402138
1.1459999999999293,98.37169647216797,125.66370614359174,0.4384954082564497,176.85577377914106,150.04284303140156
1.1464999999999292,98.41142272949219,125.66370614359174,0.43626864985709,181.44524355121393,153.61795416895518
1.1469999999999292,98.45375061035156,125.66370614359174,0.43775478887280045,188.36686736344438,158.81741618417095
1.1474999999999291,98.4993896484375,125.66370614359174,0.44334590761167775,197.3590472798688,165.4099216135974
1.147999999999929,98.54891204833984,125.66370614359174,0.45307248737737094,204.98212389948026,173.15508729370273
1.148499999999929,98.59396362304688,125.66370614359174,0.4564482516788772,194.71581002938072,164.44289502008124
1.148999999999929,98.6356201171875,125.66370614359174,0.4550207064803523,186.5127245629056,157.7941073399204
1.149499999999929,98.67506408691406,125.66370614359174,0.4503329144973261,180.99478387189518,153.5043134182751
1.1499999999999289,98.71348571777344,125.66370614359174,0.44438383583121616,178.3508525188425,151.5592775799941
1.1504999999999288,98.75202178955078,125.66370614359174,0.4390260072986291,178.5798786510755,151.83950927785807
1.1509999999999287,98.79169464111328,125.66370614359174,0.43576749043112073,181.5599328913428,154.164740654442
1.1514999999999287,98.83344268798828,125.66370614359174,0.43570369722141805,187.0911317980514,158.31968992080436
1.1519999999999286,98.8780517578125,125.66370614359174,0.43950154610893954,194.92248165535403,164.06885989773667
1.1524999999999286,98.92620849609375,125.66370614359174,0.4474211021476761,204.7686512780784,171.1651621545975
1.1529999999999285,98.97845458984375,125.66370614359174,0.4593731729684571,212.09856099694534,179.3547700588754
1.1534999999999285,99.02608489990234,125.66370614359174,0.4610819381143388,201.4986452470329,170.2942928183983
1.1539999999999284,99.07025909423828,125.66370614359174,0.45909768502778425,193.31038815075198,163.5444663239271
1.1544999999999284,99.11226654052734,125.66370614359174,0.4546853577960395,188.0455161057571,159.32610664923746
1.1549999999999283,99.15335083007812,125.66370614359174,0.4496221230884014,185.80611974798828,157.5613620257877
1.1554999999999283,99.19466400146484,125.66370614359174,0.4455861095152148,186.52451366808418,158.08184243476657
1.1559999999999282,99.23724365234375,125.66370614359174,0.44392870755059644,190.0269294908321,160.66938707193665
1.1564999999999281,99.2820053100586,125.66370614359174,0.4455955468581035,196.07258076532233,165.0789687365143
1.156999999999928,99.32972717285156,125.66370614359174,0.4511142766761973,204.37776114172968,171.05154700161745
1.157499999999928,99.38105773925781,125.66370614359174,0.4606272278709491,211.68077642137968,178.32116572954106
1.157999999999928,99.42802429199219,125.66370614359174,0.46477512552632066,201.5276220244601,169.7146365943615
1.158499999999928,99.4715576171875,125.66370614359174,0.4638553765879515,193.19626571409594,162.97561158848387
1.1589999999999279,99.51278686523438,125.66370614359174,0.45943636026955453,187.39900355356247,158.47341490431654
1.1594999999999278,99.55287170410156,125.66370614359174,0.45354536151876174,184.39256408391546,156.24980066756765
1.1599999999999278,99.59291076660156,125.66370614359174,0.4480582831761995,184.22354761526523,156.22398004457324
1.1604999999999277,99.63391876220703,125.66370614359174,0.4445071703836376,186.80311637069775,158.24211635820456
1.1609999999999276,99.67684173583984,125.66370614359174,0.4440168001668117,191.9538995572931,162.10653015673907
1.1614999999999276,99.72246551513672,125.66370614359174,0.4472906659659497,199.4396220286849,167.59286537712524
1.1619999999999275,99.77149200439453,125.66370614359174,0.4546306079191184,208.98383255010557,174.46043286926172
1.1624999999999275,99.82447052001953,125.66370614359174,0.4659894458401001,216.38181345409149,182.45821221780872
1.1629999999999274,99.8729019165039,125.66370614359174,0.46852829698217285,205.82102747046181,173.45902362890328
1.1634999999999274,99.91786193847656,125.66370614359174,0.4668893788997629,197.4627059296181,166.61172909936613
1.1639999999999273,99.96057891845703,125.66370614359174,0.46246753650124484,191.90303957069156,162.20169669344855
1.1644999999999273,100.00225067138672,125.66370614359174,0.457126710643829,189.3052362107529,160.19876510823
1.1649999999999272,100.04402923583984,125.66370614359174,0.45260530959017786,189.64426059424466,160.46741580704565
1.1654999999999271,100.0869369506836,125.66370614359174,0.45030657198661916,192.77554368084333,162.8115475637442
1.165999999999927,100.13190460205078,125.66370614359174,0.4512278822246028,198.47761558991286,167.00037576965633
1.166499999999927,100.1797103881836,125.66370614359174,0.4559497319372765,206.47874277617677,172.78328485581858
1.166999999999927,100.23101806640625,125.66370614359174,0.46466480648211755,213.8720784065198,179.89845950562471
1.167499999999927,100.27796173095703,125.66370614359174,0.4693993379182285,203.6089795108728,171.22390879149165
1.1679999999999269,100.32141876220703,125.66370614359174,0.4685942567130631,195.03812708881998,164.33090902229546
1.1684999999999268,100.36251068115234,125.66370614359174,0.4639600769763747,188.93750985655234,159.6351924059682
1.1689999999999268,100.40235900878906,125.66370614359174,0.45762046892260627,185.60956280862328,157.21146665149962
1.1694999999999267,100.44207000732422,125.66370614359174,0.4515200374012886,185.13196445104242,157.00095153570936
1.1699999999999267,100.482666015625,125.66370614359174,0.4472490795598169,187.43625083587273,158.86379037786165
1.1704999999999266,100.52510070800781,125.66370614359174,0.44598741786091967,192.35750779029772,162.61038217487553
1.1709999999999265,100.57017517089844,125.66370614359174,0.4484908654321874,199.66599097618206,168.0200775530476
1.1714999999999265,100.61861419677734,125.66370614359174,0.4551072516411894,209.0872932259048,174.85261927418142
1.1719999999999264,100.67096710205078,125.66370614359174,0.4658244205172895,216.65226930908148,182.8548985189309
1.1724999999999264,100.71876525878906,125.66370614359174,0.4686403650502698,205.94987804165808,173.7504505648378
1.1729999999999263,100.7630615234375,125.66370614359174,0.46695643109935686,197.42635582712003,166.79328886645098
1.1734999999999263,100.80509185791016,125.66370614359174,0.46228449407378924,191.7149711685025,162.29306249692476
1.1739999999999262,100.8460693359375,125.66370614359174,0.45657558952213356,189.00136398003556,160.23410171218669
1.1744999999999262,100.88713836669922,125.66370614359174,0.45163425980036326,189.2735414888271,160.4886382468808
1.174999999999926,100.9293441772461,125.66370614359174,0.44891765736873546,192.39313739557346,162.86353097451493
1.175499999999926,100.97362518310547,125.66370614359174,0.4494668673716687,198.13984127453037,167.12740061476603
1.175999999999926,101.02078247070312,125.66370614359174,0.45389441634822625,206.2393246816909,173.02646756924335
1.176499999999926,101.07148742675781,125.66370614359174,0.46241143112450095,213.81872577236663,180.29381590697002
1.1769999999999259,101.1178207397461,125.66370614359174,0.46710326643506866,203.44704312196774,171.53062407151654
1.1774999999999258,101.16068267822266,125.66370614359174,0.4661630145150421,194.8202814797012,164.59385596305586
1.1779999999999258,101.20120239257812,125.66370614359174,0.46136559401464095,188.72959458603853,159.90816490406826
1.1784999999999257,101.24051666259766,125.66370614359174,0.45488518329271305,185.48139997707054,157.55007646403328
1.1789999999999257,101.27975463867188,125.66370614359174,0.44870651170916276,185.15240404718963,157.45899358481995
1.1794999999999256,101.31996154785156,125.66370614359174,0.44445033915778176,187.66956102089478,159.49065188388602
1.1799999999999256,101.36209106445312,125.66370614359174,0.44331527674486954,192.8606997532508,163.4491361476704
1.1804999999999255,101.40696716308594,125.66370614359174,0.4460619512914942,200.48682171433467,169.10616238098
1.1809999999999254,101.4552993774414,125.66370614359174,0.4530286671806054,210.26278211709194,176.2128012816818
1.1814999999999254,101.50767517089844,125.66370614359174,0.4641820241947131,217.98203371979955,184.5066893023644
1.1819999999999253,101.55546569824219,125.66370614359174,0.4666005835260536,207.16841100789605,175.29076098249564
1.1824999999999253,101.59978485107422,125.66370614359174,0.46472174799445487,198.66792729740345,168.32217117938794
1.1829999999999252,101.64189147949219,125.66370614359174,0.46004646697723295,193.09684031698526,163.89932474326764
1.1834999999999252,101.68302917480469,125.66370614359174,0.4545179810884176,190.62154401387178,161.99178563164037
1.1839999999999251,101.72435760498047,125.66370614359174,0.44993416513997136,191.21147586383287,162.45739763569685
1.184499999999925,101.7669448852539,125.66370614359174,0.44773863553087895,194.71026140212,165.0890874625854
1.184999999999925,101.81172943115234,125.66370614359174,0.44894743704482093,200.88003129755194,169.641924680074
1.185499999999925,101.8595199584961,125.66370614359174,0.4541363500469961,209.4292811946978,175.84898317493477
1.185999999999925,101.91098022460938,125.66370614359174,0.4634721579343996,217.0213473275351,183.4305623570307
1.1864999999999248,101.9579849243164,125.66370614359174,0.4673952170982218,206.4007087090819,174.42826012902546
1.1869999999999248,102.00150299072266,125.66370614359174,0.46610392075406787,197.7267313233293,167.4030923706898
1.1874999999999247,102.04270935058594,125.66370614359174,0.46129859963193615,191.75070612742388,162.75217934733797
1.1879999999999247,102.0827865600586,125.66370614359174,0.45509707657124854,188.74229061527012,160.52390628367618
1.1884999999999246,102.12288665771484,125.66370614359174,0.44944143310344764,188.74657418100475,160.6333320660075
1.1889999999999246,102.16407012939453,125.66370614359174,0.44590933003551764,191.66272525621827,162.91481739155282
1.1894999999999245,102.20729064941406,125.66370614359174,0.4456483509610809,197.2936401762536,167.15334228543446
1.1899999999999245,102.25337982177734,125.66370614359174,0.449359531969556,205.37755589768392,173.10331959930184
1.1904999999999244,102.30304718017578,125.66370614359174,0.45731814946305716,215.60827883410158,180.49994528483478
1.1909999999999243,102.35684204101562,125.66370614359174,0.46943221753379205,223.15286941590986,189.06612824451997
1.1914999999999243,102.40586853027344,125.66370614359174,0.4707402645476993,211.84619410860572,179.3904513070968
1.1919999999999242,102.45133209228516,125.66370614359174,0.4683122740794964,203.13227268078361,172.1823659360926
1.1924999999999242,102.49456787109375,125.66370614359174,0.4635327225169704,197.55961228623556,167.6893771934788
1.1929999999999241,102.53685760498047,125.66370614359174,0.4582450835383255,195.23626999457804,165.83413264355482
1.193499999999924,102.57941436767578,125.66370614359174,0.45416619263598323,196.0841255497566,166.43641142141092
1.193999999999924,102.62330627441406,125.66370614359174,0.45266384671886567,199.90722925297672,169.2576495718751
1.194499999999924,102.66947174072266,125.66370614359174,0.4546780781034684,206.4340764801885,174.02644170829126
1.194999999999924,102.71873474121094,125.66370614359174,0.46071028573043854,215.34402886938238,180.45324073550108
1.1954999999999238,102.771728515625,125.66370614359174,0.4708604638816777,222.60030227389555,188.23863776707816
1.1959999999999238,102.8199462890625,125.66370614359174,0.47331612575217924,211.177889580595,178.5113906250221
1.1964999999999237,102.86450958251953,125.66370614359174,0.4711775409623387,202.06679813387913,171.06181371436364
1.1969999999999237,102.90666961669922,125.66370614359174,0.4660098260535894,195.9289671297866,166.21551473246024
1.1974999999999236,102.94770812988281,125.66370614359174,0.4598185841494082,192.9580752761011,163.9570813369746
1.1979999999999236,102.98880004882812,125.66370614359174,0.4544586356916127,193.13838820232215,164.1508197984329
1.1984999999999235,103.03104400634766,125.66370614359174,0.4514294160952339,196.3194308458843,166.5901957561672
1.1989999999999235,103.07540893554688,125.66370614359174,0.451801621582905,202.26273390367427,171.02659078168605
1.1994999999999234,103.12271118164062,125.66370614359174,0.45620072947106655,210.67139346253842,177.18629829512182
1.1999999999999234,103.17365264892578,125.66370614359174,0.4648328210628299,218.35350122248352,184.78065908379793
1.2004999999999233,103.22003173828125,125.66370614359174,0.4687148637364274,207.3451350271945,175.46116659802678
1.2009999999999232,103.26285552978516,125.66370614359174,0.46712115459224973,198.34021974958915,168.18425691754038
1.2014999999999232,103.30330657958984,125.66370614359174,0.46186702661913426,192.11789318670964,163.36253007306314
1.2019999999999231,103.34260559082031,125.66370614359174,0.45515375645032785,188.9599213094584,161.04904009486208
1.202499999999923,103.38192749023438,125.66370614359174,0.4489879214407484,188.91470149290043,161.15767254123855
1.202999999999923,103.42235565185547,125.66370614359174,0.44500014207398564,191.8782556959752,163.51743042850768
1.203499999999923,103.4648666381836,125.66370614359174,0.44437959539823846,197.6455231363616,167.90487347605384
1.203999999999923,103.51032257080078,125.66370614359174,0.44785451315747393,205.94317121548346,174.06375252721116
1.2044999999999229,103.5594253540039,125.66370614359174,0.45571030835357745,216.45073353434356,181.7168920943169
1.2049999999999228,103.61275482177734,125.66370614359174,0.46784830317756015,224.17872375792717,190.57373195142398
1.2054999999999227,103.66122436523438,125.66370614359174,0.4686813553941876,212.5309756716242,180.59186268944418
1.2059999999999227,103.70610809326172,125.66370614359174,0.46586495945946654,203.66842908215253,173.23966688066417
1.2064999999999226,103.74878692626953,125.66370614359174,0.4608246404636396,198.12184326402124,168.7478394413213
1.2069999999999226,103.79059600830078,125.66370614359174,0.4554340039783719,195.97535024486137,167.01685529739828
1.2074999999999225,103.83277130126953,125.66370614359174,0.451431617521234,197.12644871607506,167.84479020386752
1.2079999999999225,103.87641906738281,125.66370614359174,0.4501935348593503,201.35456462821588,170.9719646795816
1.2084999999999224,103.92249298095703,125.66370614359174,0.4526502290371174,208.36344125609995,176.1063484711584
1.2089999999999224,103.97181701660156,125.66370614359174,0.459275107061849,217.80767694673395,182.93824974293764
1.2094999999999223,104.02503204345703,125.66370614359174,0.4701259217906966,225.1544327968313,191.14865025108327
1.2099999999999222,104.0733413696289,125.66370614359174,0.471603866573175,213.32373287050663,181.03723458352653
1.2104999999999222,104.11796569824219,125.66370614359174,0.468924814011411,204.1067467704927,173.44197705756798
1.2109999999999221,104.1602554321289,125.66370614359174,0.46360360930808475,198.10999564985093,168.64619976245834
1.211499999999922,104.20152282714844,125.66370614359174,0.4576062865298853,195.47426964634244,166.5912802722645
1.211999999999922,104.24299621582031,125.66370614359174,0.4527561774794423,196.13760916436456,167.10406076779455
1.212499999999922,104.28580474853516,125.66370614359174,0.45051403413992813,199.9083030739984,169.94492277217304
1.212999999999922,104.33091735839844,125.66370614359174,0.45189615528123106,206.51039454998303,174.83551483495575
1.2134999999999219,104.37916564941406,125.66370614359174,0.4574576547396354,215.61239193765297,181.47509305536386
1.2139999999999218,104.43123626708984,125.66370614359174,0.467325459393009,223.2160531730555,189.55009015878733
1.2144999999999218,104.47853088378906,125.66370614359174,0.46971328739802126,211.6054384451522,179.66343600860773
1.2149999999999217,104.52218627929688,125.66370614359174,0.46736443297274727,202.40769522489543,172.14034864767362
1.2154999999999216,104.5634994506836,125.66370614359174,0.4619583993957829,196.31059871319397,167.32462929708493
1.2159999999999216,104.60377502441406,125.66370614359174,0.4555909309232728,193.51512471104766,165.2043696473768
1.2164999999999215,104.64421844482422,125.66370614359174,0.4501869002500491,194.00249418486646,165.63961117398287
1.2169999999999215,104.68595886230469,125.66370614359174,0.4472951535532757,197.61165770450316,168.41403246272915
1.2174999999999214,104.72997283935547,125.66370614359174,0.448011020163858,204.0880223896697,173.26522990552522
1.2179999999999214,104.7771224975586,125.66370614359174,0.4529569649155114,213.11446871289434,179.90293961185617
1.2184999999999213,104.82809448242188,125.66370614359174,0.4623104529491275,221.08075569018072,188.01985917661767
1.2189999999999213,104.87447357177734,125.66370614359174,0.4654993827713968,209.8512784092557,178.48437058979803
1.2194999999999212,104.9173355102539,125.66370614359174,0.46354468785254965,200.86459027638705,171.17040729139197
1.2199999999999211,104.95792388916016,125.66370614359174,0.45825517008618377,194.87687501615696,166.4763846548825
1.220499999999921,104.99751281738281,125.66370614359174,0.45183022775346876,192.1396212676364,164.43214009622585
1.220999999999921,105.03730010986328,125.66370614359174,0.4462751418173626,192.6697756442499,164.92707513212292
1.221499999999921,105.07840728759766,125.66370614359174,0.44320473258966064,196.33112782088315,167.76509583532481
1.221999999999921,105.12181854248047,125.66370614359174,0.44376804565581374,202.88584744021023,172.69730848601688
1.2224999999999209,105.16840362548828,125.66370614359174,0.4486273594970522,212.02751861350148,179.4419404313789
1.2229999999999208,105.21886444091797,125.66370614359174,0.4579840136294822,220.3404107442313,187.6964232046699
1.2234999999999208,105.26494598388672,125.66370614359174,0.46181418986821565,209.5656064141905,178.5626127595069
1.2239999999999207,105.30764770507812,125.66370614359174,0.4602948983346569,200.88911235613944,171.5169849928181
1.2244999999999207,105.3481674194336,125.66370614359174,0.455310155897362,195.1220101097813,167.00602907887284
1.2249999999999206,105.38775634765625,125.66370614359174,0.4491203484205739,192.55652124601613,165.0960385150681
1.2254999999999205,105.42759704589844,125.66370614359174,0.44377635311788227,193.2380304649409,165.70177983588485
1.2259999999999205,105.46880340576172,125.66370614359174,0.4409264793588955,197.04971993710643,168.6444108521474
1.2264999999999204,105.51235961914062,125.66370614359174,0.44174204295115943,203.76645302129745,173.6863328341575
1.2269999999999204,105.55912780761719,125.66370614359174,0.4468965313145273,213.0894968738102,180.55263784260828
1.2274999999999203,105.60982513427734,125.66370614359174,0.456592487286999,221.64317591281988,188.9443643666553
1.2279999999999203,105.65632629394531,125.66370614359174,0.46088750424836,211.2612045414205,180.1503799567151
1.2284999999999202,105.69955444335938,125.66370614359174,0.4597719011775364,202.85596943900674,173.32652957592677
1.2289999999999202,105.74068450927734,125.66370614359174,0.45515790477802764,197.2816694539911,168.95976720080063
1.22949999999992,105.78092193603516,125.66370614359174,0.4493268331279816,194.86268240319106,167.14671792309397
1.22999999999992,105.82144927978516,125.66370614359174,0.44434206401283893,195.66663017386753,167.82313446102873
1.23049999999992,105.86336517333984,125.66370614359174,0.44185686996211093,199.59163695598355,170.82427207896166
1.23099999999992,105.90764617919922,125.66370614359174,0.44304121184533873,206.4221102345038,175.9216171947374
1.2314999999999199,105.95515441894531,125.66370614359174,0.44856284963991677,215.8648299872821,182.84565522604763
1.2319999999999198,106.00660705566406,125.66370614359174,0.45861676352482,224.51436062369274,191.30006726421988
1.2324999999999198,106.053955078125,125.66370614359174,0.46319942814872045,214.3431015458724,182.68684848416794
1.2329999999999197,106.09809112548828,125.66370614359174,0.462360093042764,206.05549539124246,175.95519229878147
1.2334999999999197,106.14015197753906,125.66370614359174,0.4580163456656102,200.53877473760312,171.62305730576827
1.2339999999999196,106.18132019042969,125.66370614359174,0.4524483810158118,198.1417074561212,169.80990212612136
1.2344999999999196,106.22277069091797,125.66370614359174,0.4477141234737409,198.9485828104234,170.467040235272
1.2349999999999195,106.26558685302734,125.66370614359174,0.44545877087495794,202.86850644043122,173.43996699772862
1.2354999999999194,106.31073760986328,125.66370614359174,0.44684379406529545,209.69265213256855,178.5065362966488
1.2359999999999194,106.35910034179688,125.66370614359174,0.45253047985065564,219.13141264334388,185.40077511935974
1.2364999999999193,106.41136932373047,125.66370614359174,0.4627111188293671,227.75594951148506,193.82771414716495
1.2369999999999193,106.45954895019531,125.66370614359174,0.4674176536827074,217.56964862618318,185.20359223694564
1.2374999999999192,106.50450134277344,125.66370614359174,0.46666721010498813,209.21292137071825,178.41548597344692
1.2379999999999192,106.5473403930664,125.66370614359174,0.4623851626107925,203.59656509703876,174.00144614914515
1.238499999999919,106.5892562866211,125.66370614359174,0.456850074390479,201.08587721388918,172.0949527816272
1.238999999999919,106.63140106201172,125.66370614359174,0.4521148379890406,201.77602679930203,172.65638427693477
1.239499999999919,106.67485809326172,125.66370614359174,0.4498198618812357,205.5828261884408,175.53676448736846
1.239999999999919,106.72061157226562,125.66370614359174,0.45112466640978544,212.3010443799298,180.5168746098511
1.240499999999919,106.76951599121094,125.66370614359174,0.45669293922621285,221.64232825541012,187.33165828512523
1.2409999999999188,106.82228088378906,125.66370614359174,0.4667236639736441,230.18797677651133,195.68567452374148
1.2414999999999188,106.87089538574219,125.66370614359174,0.47140908362978917,219.80729371910127,186.89972044359195
1.2419999999999187,106.91621398925781,125.66370614359174,0.4705661539028634,211.25062430960418,179.9534667415603
1.2424999999999187,106.9593734741211,125.66370614359174,0.46614161260111886,205.4421246132989,175.39365184723627
1.2429999999999186,107.00154113769531,125.66370614359174,0.4604236083821115,202.7548411147375,173.3582604740072
1.2434999999999186,107.04388427734375,125.66370614359174,0.45547052418569145,203.2881120320825,173.80971217136815
1.2439999999999185,107.0875015258789,125.66370614359174,0.45292854866830645,206.9592593322217,176.5992240376358
1.2444999999999184,107.13336181640625,125.66370614359174,0.45396515046643926,213.5625584852221,181.50634785911262
1.2449999999999184,107.18233489990234,125.66370614359174,0.459254185350887,222.807643309687,188.263819397247
1.2454999999999183,107.23513793945312,125.66370614359174,0.4690056482529953,231.29047088609119,196.57321126025587
1.2459999999999183,107.28369903564453,125.66370614359174,0.4735389320244414,220.6353844594114,187.5565220124887
1.2464999999999182,107.32889556884766,125.66370614359174,0.47247960890829227,211.85100658317762,180.4293301300303
1.2469999999999182,107.37187194824219,125.66370614359174,0.4678027358112377,205.86305235587636,175.73600648947942
1.2474999999999181,107.413818359375,125.66370614359174,0.461814495654435,203.04230606425622,173.60987781267022
1.247999999999918,107.45591735839844,125.66370614359174,0.45658724614465523,203.48444674260855,174.00831893536758
1.248499999999918,107.49927520751953,125.66370614359174,0.45377983600021965,207.1020865390902,176.7772199922774
1.248999999999918,107.54487609863281,125.66370614359174,0.4545712335951072,213.68398168671425,181.69060830168075
1.249499999999918,107.59358978271484,125.66370614359174,0.45964447698287036,222.9336277474836,188.47551097554944
1.2499999999999178,107.64613342285156,125.66370614359174,0.46921501551534517,231.40556460920948,196.82768658439468
1.2504999999999178,107.69435119628906,125.66370614359174,0.4734691382375681,220.4864872490831,187.5836972899627
1.2509999999999177,107.73914337158203,125.66370614359174,0.4721397928065454,211.53391367194607,180.31583015475843
1.2514999999999177,107.78170013427734,125.66370614359174,0.4672201033075796,205.4617589258928,175.55606082318155
1.2519999999999176,107.82323455810547,125.66370614359174,0.46102999633830194,202.62761489183532,173.4245330630531
1.2524999999999176,107.86493682861328,125.66370614359174,0.45565372989160396,203.11492392110196,173.86693164482946
1.2529999999999175,107.90792846679688,125.66370614359174,0.4527591006238184,206.8247608777826,176.71860927856673
1.2534999999999175,107.95321655273438,125.66370614359174,0.45352899230901755,213.5348515838555,181.74392042239057
1.2539999999999174,108.00165557861328,125.66370614359174,0.458643713178348,222.93805171698614,188.66081112377768
1.2544999999999173,108.05398559570312,125.66370614359174,0.46830928090714297,231.437143877825,197.15655753237075
1.2549999999999173,108.1019058227539,125.66370614359174,0.47215123396847075,220.29645622671862,187.71186417570397
1.2554999999999172,108.1463851928711,125.66370614359174,0.4705435024082961,211.25997114675712,180.35753870467784
1.2559999999999172,108.18862915039062,125.66370614359174,0.4654699633740263,205.2156598586474,175.60376262579092
1.2564999999999171,108.22989654541016,125.66370614359174,0.4592453831655388,202.4967595904792,173.5496823157544
1.256999999999917,108.27139282226562,125.66370614359174,0.4539512251400711,203.16581535012168,174.12321146111572
1.257499999999917,108.31424713134766,125.66370614359174,0.4512489905367571,207.10557559225825,177.14439472048335
1.257999999999917,108.3594741821289,125.66370614359174,0.4523077812815503,214.07736548497581,182.3641514588813
1.258499999999917,108.40795135498047,125.66370614359174,0.4577856204183476,223.75912791258946,189.48847048402638
1.2589999999999169,108.46038818359375,125.66370614359174,0.4678600274642716,232.27201104065253,198.19374752383976
1.2594999999999168,108.50833892822266,125.66370614359174,0.47114444713444514,220.9148176403642,188.54199809275477
1.2599999999999167,108.5528335571289,125.66370614359174,0.46924887752284444,211.83500054417414,181.11845924465104
1.2604999999999167,108.59512329101562,125.66370614359174,0.4641124488302931,205.8806195407086,176.40230024065954
1.2609999999999166,108.63648223876953,125.66370614359174,0.45801681055724264,203.34978525853847,174.4639608620647
1.2614999999999166,108.67815399169922,125.66370614359174,0.45301761398506346,204.2759511636757,175.20779774831396
1.2619999999999165,108.72126770019531,125.66370614359174,0.4507481649960501,208.51727482699036,178.43410546775866
1.2624999999999165,108.76685333251953,125.66370614359174,0.4523422014358548,215.81388016617765,183.87701819864557
1.2629999999999164,108.8157730102539,125.66370614359174,0.45841564241690186,225.82512824829027,191.2279684757772
1.2634999999999164,108.8687515258789,125.66370614359174,0.4691017960372021,234.28082732296522,200.15067214064834
1.2639999999999163,108.91712188720703,125.66370614359174,0.47167115161092915,222.63571027070714,190.22236817982326
1.2644999999999162,108.96199798583984,125.66370614359174,0.46943533718144237,213.47473518294063,182.68671289059716
1.2649999999999162,109.00467681884766,125.66370614359174,0.46425746022757225,207.59281389050525,177.98193357053367
1.2654999999999161,109.04647827148438,125.66370614359174,0.4583589049598273,205.2427494703744,176.14174626470978
1.265999999999916,109.08866119384766,125.66370614359174,0.4537466738747929,206.42130454241482,177.04091467496224
1.266499999999916,109.13237762451172,125.66370614359174,0.45200570578652155,210.95637262098887,180.45557557874304
1.266999999999916,109.17863464355469,125.66370614359174,0.45421720040290586,218.56265666802165,186.09974393673312
1.267499999999916,109.22830200195312,125.66370614359174,0.4609422207062602,228.8778327794257,193.64795930986776
1.2679999999999159,109.28209686279297,125.66370614359174,0.47226270882265176,237.17326240537957,202.74954298512353
1.2684999999999158,109.33111572265625,125.66370614359174,0.47395431005789246,225.1021110525966,192.42201835184855
1.2689999999999158,109.3765640258789,125.66370614359174,0.47127007670305665,215.75875751062944,184.6856952997381
1.2694999999999157,109.4197998046875,125.66370614359174,0.46597895807825973,209.87233201946327,179.92686333401164
1.2699999999999156,109.4621810913086,125.66370614359174,0.4602243871513003,207.64045110160717,178.13362606220738
1.2704999999999156,109.50498962402344,125.66370614359174,0.4559498720874583,209.01586788318485,179.14463083192942
1.2709999999999155,109.54939270019531,125.66370614359174,0.4546802425534499,213.79079347697711,182.70704344489553
1.2714999999999155,109.59639739990234,125.66370614359174,0.4574361982954846,221.65051601642327,188.511289534583
1.2719999999999154,109.64688110351562,125.66370614359174,0.46472031730651214,232.2081193005464,196.2124872640619
1.2724999999999154,109.7015151977539,125.66370614359174,0.47656361519275,240.24798181258024,205.44371479897362
1.2729999999999153,109.75115966796875,125.66370614359174,0.4772191308384858,227.59366986409177,194.58080972569144
1.2734999999999153,109.79710388183594,125.66370614359174,0.4739449035521053,217.95364188198445,186.54907624287085
1.2739999999999152,109.8407974243164,125.66370614359174,0.46841093730538175,211.97856315538533,181.67085534274636
1.2744999999999151,109.88363647460938,125.66370614359174,0.4626764929882592,209.8007356682125,179.87893263568597
1.274999999999915,109.92693328857422,125.66370614359174,0.4586166193753163,211.3213485753668,180.9686828773612
1.275499999999915,109.97187042236328,125.66370614359174,0.4576930967363409,216.29127940248682,184.65299904942603
1.275999999999915,110.01947021484375,125.66370614359174,0.4608654261112221,224.36217197032067,190.59482398246797
1.276499999999915,110.07058715820312,125.66370614359174,0.4685789308041692,232.35163510171546,198.42692029569966
1.2769999999999149,110.11701965332031,125.66370614359174,0.47233896640726214,220.2869245362854,188.21384482781002
1.2774999999999148,110.1597900390625,125.66370614359174,0.47011104997609987,210.4111833917575,180.20927028243466
1.2779999999999148,110.20014190673828,125.66370614359174,0.46404021885271335,203.68007037555432,174.96150756915722
1.2784999999999147,110.23938751220703,125.66370614359174,0.456599378312427,200.46325458127257,172.58737771813153
1.2789999999999146,110.27880096435547,125.66370614359174,0.45001565375067176,200.83931332122233,173.01871888128238
1.2794999999999146,110.31956481933594,125.66370614359174,0.4460859401278728,204.6920749714414,176.06958804737417
1.2799999999999145,110.36273956298828,125.66370614359174,0.4460967505531574,211.77282362011562,181.47768592889028
1.2804999999999145,110.40925598144531,125.66370614359174,0.45079215191192484,221.74111117063805,188.93047270474378
1.2809999999999144,110.45987701416016,125.66370614359174,0.46039327837170835,230.76346228722005,198.08190587406014
1.2814999999999144,110.50601196289062,125.66370614359174,0.463447448446873,219.20166792935154,188.25728524930813
1.2819999999999143,110.54873657226562,125.66370614359174,0.46118956009475487,210.10301181946994,180.8145716868466
1.2824999999999143,110.58937072753906,125.66370614359174,0.4557080884959265,204.33698328242264,176.2471262938962
1.2829999999999142,110.62923431396484,125.66370614359174,0.44940885597006175,202.20068503804248,174.62170103926317
1.2834999999999142,110.66961669921875,125.66370614359174,0.4444463812397039,203.71450495814824,175.82997840413745
1.283999999999914,110.7116928100586,125.66370614359174,0.4425208451343281,208.71460597057086,179.6530976061548
1.284499999999914,110.75650787353516,125.66370614359174,0.44479090952437916,216.91246406000587,185.80128966171566
1.284999999999914,110.8049545288086,125.66370614359174,0.4518507173006351,227.93389425525146,193.93875979493615
1.285499999999914,110.8577651977539,125.66370614359174,0.4637713345772644,236.9156455665817,203.69968621615212
1.2859999999999139,110.9059829711914,125.66370614359174,0.4654879214458245,225.16036790901455,193.62166757589003
1.2864999999999138,110.95081329345703,125.66370614359174,0.46294623626834114,216.2385913674056,186.19551677323193
1.2869999999999138,110.99364471435547,125.66370614359174,0.4579832847555827,210.89832752650702,181.82900647932374
1.2874999999999137,111.03585815429688,125.66370614359174,0.452800460224779,209.3385488157897,180.51511212681913
1.2879999999999137,111.0787353515625,125.66370614359174,0.44937957885980834,211.50269400766314,182.08764476592347
1.2884999999999136,111.12346649169922,125.66370614359174,0.4492520288053383,217.16586289292715,186.28207996953293
1.2889999999999135,111.17108154296875,125.66370614359174,0.45340709447057365,225.9905381255298,192.77225058221362
1.2894999999999135,111.2224349975586,125.66370614359174,0.4622817763546355,234.66077934160646,201.19317793698912
1.2899999999999134,111.26949310302734,125.66370614359174,0.4666685084105956,223.45928627886073,191.70838835569845
1.2904999999999134,111.31316375732422,125.66370614359174,0.46517085450210766,214.3108862276542,184.26909485001678
1.2909999999999133,111.35466003417969,125.66370614359174,0.4599648407201552,208.237328111465,179.49248883765142
1.2914999999999133,111.39524841308594,125.66370614359174,0.4535515431055257,205.6532739848826,177.54274920253096
1.2919999999999132,111.4361801147461,125.66370614359174,0.44817254008146834,206.66422931399504,178.38119280923158
1.2924999999999132,111.47863006591797,125.66370614359174,0.44561584916634256,211.16757668238012,181.83831779826772
1.292999999999913,111.5236587524414,125.66370614359174,0.44713216121631166,218.918210391212,187.65872496260457
1.293499999999913,111.57217407226562,125.66370614359174,0.45340734612361794,229.57187603507845,195.5297317464158
1.293999999999913,111.62492370605469,125.66370614359174,0.4645940227120936,238.85823101476296,205.10003820350175
1.294499999999913,111.67337036132812,125.66370614359174,0.46778115577632623,227.67903020605718,195.57104534131062
1.2949999999999129,111.71854400634766,125.66370614359174,0.4660056938607426,218.91349927449744,188.3430993924548
1.2954999999999128,111.76171875,125.66370614359174,0.4612879025984387,213.4616930016308,183.94842155586565
1.2959999999999128,111.80419921875,125.66370614359174,0.4559680892687767,211.63834878784644,182.47692233938747
1.2964999999999127,111.84725189208984,125.66370614359174,0.4521350781655548,213.47080000426212,183.8320619548328
1.2969999999999127,111.89203643798828,125.66370614359174,0.45141578548981653,218.79429860469398,187.79861759637174
1.2974999999999126,111.9395980834961,125.66370614359174,0.4548905852686693,227.3136298370628,194.0846218478944
1.2979999999999126,111.99079895019531,125.66370614359174,0.46308023707411683,238.64369483761692,202.34782901844366
1.2984999999999125,112.04635620117188,125.66370614359174,0.47599865971554556,247.42454919188182,212.21303058351785
1.2989999999999124,112.09723663330078,125.66370614359174,0.4773363590569201,235.33360851373337,201.8183716531828
1.2994999999999124,112.14463806152344,125.66370614359174,0.47473006365505543,226.14199876251945,194.11963609600485
1.2999999999999123,112.18995666503906,125.66370614359174,0.4699355791898442,220.59601459105056,189.52908702830834
1.3004999999999123,112.23457336425781,125.66370614359174,0.4650674800273231,218.88602147457192,188.03495945190275
1.3009999999999122,112.27979278564453,125.66370614359174,0.46202756654302596,220.9430780132389,189.4624561486668
1.3014999999999122,112.3267822265625,125.66370614359174,0.4622746048883012,226.52718636951613,193.5357246768035
1.3019999999999121,112.37657165527344,125.66370614359174,0.46673740591942786,235.28379514537406,199.91551978754686
1.302499999999912,112.43000793457031,125.66370614359174,0.4758106245952875,243.51090781248445,208.22261902861808
1.302999999999912,112.47882843017578,125.66370614359174,0.4793453254666212,231.37576209038968,197.919461800949
1.303499999999912,112.52401733398438,125.66370614359174,0.47720930577188575,221.48912396474427,189.84359319743015
1.303999999999912,112.56683349609375,125.66370614359174,0.4715290299314335,214.8470390409802,184.5869731655093
1.3044999999999118,112.60859680175781,125.66370614359174,0.4647483849115076,211.83459565839814,182.28457531447816
1.3049999999999118,112.65058898925781,125.66370614359174,0.45905901643305463,212.52899397091346,182.87083860208705
1.3054999999999117,112.69400024414062,125.66370614359174,0.45620688525375175,216.80022814226132,186.15122388784292
1.3059999999999117,112.73989868164062,125.66370614359174,0.4574100108650542,224.37647044013022,191.84672687098254
1.3064999999999116,112.7892074584961,125.66370614359174,0.4633329018715058,234.88731276878795,199.62224680360117
1.3069999999999116,112.8426742553711,125.66370614359174,0.4741183136912527,243.7256309609479,209.10508783360797
1.3074999999999115,112.89139556884766,125.66370614359174,0.4760612855951917,231.3009664923344,198.49131690688682
1.3079999999999115,112.9365463256836,125.66370614359174,0.47321579810536585,221.6494417911372,190.5118628869388
1.3084999999999114,112.97950744628906,125.66370614359174,0.467589825041258,215.6068494664032,185.6360695508504
1.3089999999999113,113.02165985107422,125.66370614359174,0.4615018148753126,213.425566157023,183.8932549236942
1.3094999999999113,113.0643310546875,125.66370614359174,0.45702367201644284,215.0789337989665,185.13595046816476
1.3099999999999112,113.10872650146484,125.66370614359174,0.4557685327876498,220.35443553742851,189.10526067411996
1.3104999999999112,113.15589141845703,125.66370614359174,0.45880271371235204,228.913769267306,195.47096092712005
1.3109999999999111,113.20671844482422,125.66370614359174,0.46663004589093116,237.58006853758863,203.8568558912199
1.311499999999911,113.2530288696289,125.66370614359174,0.47069094943199663,225.58166660634916,193.7119432874163
1.311999999999911,113.29579162597656,125.66370614359174,0.4685387340969608,215.77248300310896,185.75611124973057
1.312499999999911,113.33625793457031,125.66370614359174,0.4625054958406599,209.2127146733371,180.62693948851157
1.312999999999911,113.3757553100586,125.66370614359174,0.455204532559413,206.3297000855206,178.49054135983923
1.3134999999999108,113.41558074951172,125.66370614359174,0.4489669245991375,207.22714857110293,179.30048774217076
1.3139999999999108,113.45694732666016,125.66370614359174,0.44565606094077326,211.78973499589787,182.87235131388042
1.3144999999999107,113.50094604492188,125.66370614359174,0.4465809453664322,219.7513467943786,188.9304224333886
1.3149999999999107,113.54852294921875,125.66370614359174,0.4524615138641737,230.74045043112423,197.13773396681748
1.3154999999999106,113.60044860839844,125.66370614359174,0.4634554917389258,240.23720551652858,207.11582281866816
1.3159999999999106,113.64786529541016,125.66370614359174,0.46573679854781913,228.34593913960285,196.955946530681
1.3164999999999105,113.69192504882812,125.66370614359174,0.4631891004363506,219.22851232102835,189.40750048519178
1.3169999999999105,113.73400115966797,125.66370614359174,0.45790433427526445,213.7506637693684,184.9691159657852
1.3174999999999104,113.77548217773438,125.66370614359174,0.45227718670377487,212.1809474558589,183.68721940555932
1.3179999999999104,113.81768798828125,125.66370614359174,0.4484365073245209,214.49887313811922,185.42223186337142
1.3184999999999103,113.8618392944336,125.66370614359174,0.4480242948224562,220.4906845482126,189.91646961376972
1.3189999999999102,113.90898895263672,125.66370614359174,0.45210188523772643,229.81135375089718,196.83600988169331
1.3194999999999102,113.96002960205078,125.66370614359174,0.46113600713165137,238.97650419662705,205.79739936480019
1.3199999999999101,114.00677490234375,125.66370614359174,0.4652701269591995,227.52924605798114,196.09606089760183
1.32049999999991,114.05017852783203,125.66370614359174,0.4635047390273246,218.29685613932074,188.56366276024872
1.32099999999991,114.09149169921875,125.66370614359174,0.4581414435473257,212.34679620995425,183.8561264493601
1.32149999999991,114.13201904296875,125.66370614359174,0.45177552552954237,210.1066856262361,182.14791322696527
1.32199999999991,114.17306518554688,125.66370614359174,0.44671724338618995,211.67497329701956,183.39424375575007
1.3224999999999099,114.21583557128906,125.66370614359174,0.4447905314488505,216.92700935494622,187.40750672877348
1.3229999999999098,114.26141357421875,125.66370614359174,0.4472407898695005,225.5844014338349,193.9053957821064
1.3234999999999097,114.31073760986328,125.66370614359174,0.4547061728037472,237.26124191340134,202.54196562432836
1.3239999999999097,114.36454772949219,125.66370614359174,0.4672591479982159,246.90245180170447,212.92813636669965
1.3244999999999096,114.41392517089844,125.66370614359174,0.46929467899219446,235.18428064066057,202.8704701856529
1.3249999999999096,114.46001434326172,125.66370614359174,0.4669886971282651,226.31040866290638,195.4502056844978
1.3254999999999095,114.50420379638672,125.66370614359174,0.46232165593899716,221.12980803968512,191.1640618016907
1.3259999999999095,114.5478744506836,125.66370614359174,0.45758850857623623,219.89321806049128,190.05067741546614
1.3264999999999094,114.59233856201172,125.66370614359174,0.45482559633312464,222.56198417942207,191.9605285742846
1.3269999999999094,114.63880157470703,125.66370614359174,0.45558006281239627,228.90404492265043,196.62463733783585
1.3274999999999093,114.68830871582031,125.66370614359174,0.4608188692449505,238.55611015889244,203.69702159826767
1.3279999999999093,114.74172973632812,125.66370614359174,0.4709255959842643,247.4943147861679,212.7817848051089
1.3284999999999092,114.79071807861328,125.66370614359174,0.4744355771325983,235.6601153906505,202.70989526705935
1.3289999999999091,114.83627319335938,125.66370614359174,0.47248330689423496,226.17695179814086,194.91147228249275
1.329499999999909,114.87966918945312,125.66370614359174,0.4672528586489745,220.08057982970624,190.0215268203397
1.329999999999909,114.92223358154297,125.66370614359174,0.4612333450533521,217.76845599723006,188.19142208663882
1.330499999999909,114.96527099609375,125.66370614359174,0.4566423694671601,219.31205070921564,189.35539572941198
1.330999999999909,115.00999450683594,125.66370614359174,0.4552180070092827,224.56216358934972,193.30665894984745
1.3314999999999089,115.05747985839844,125.66370614359174,0.45812878964021636,233.21775118937532,199.74518857102106
1.3319999999999088,115.10863494873047,125.66370614359174,0.46595241329284875,244.87183768401806,208.3085613835004
1.3324999999999088,115.16421508789062,125.66370614359174,0.4787237239381211,254.03040915287838,218.59247416355882
1.3329999999999087,115.21503448486328,125.66370614359174,0.4798162280741784,241.4075430460569,207.73234643342087
1.3334999999999086,115.26234436035156,125.66370614359174,0.47684771343021315,231.8688446827946,199.72670664411115
1.3339999999999086,115.30757904052734,125.66370614359174,0.47172436154652647,226.20879607219464,195.02415173470544
1.3344999999999085,115.35216522216797,125.66370614359174,0.46666579274817843,224.62854237708416,193.61809864587545
1.3349999999999085,115.39745330810547,125.66370614359174,0.4636451754925283,227.047729211265,195.32160265907797
1.3354999999999084,115.44465637207031,125.66370614359174,0.4641583910668686,233.19852706342763,199.834159624381
1.3359999999999084,115.49483489990234,125.66370614359174,0.46913413678502847,242.68641123181993,206.78282783483834
1.3364999999999083,115.54884338378906,125.66370614359174,0.478931721606225,251.14549926791548,215.7482826650824
1.3369999999999083,115.59800720214844,125.66370614359174,0.48121698810028096,238.14892994828463,204.65879144176392
1.3374999999999082,115.64347076416016,125.66370614359174,0.478263328519341,227.85849719031654,196.16953625416576
1.3379999999999082,115.68659973144531,125.66370614359174,0.4722174220330558,221.23524581824927,190.84511459579656
1.338499999999908,115.72879028320312,125.66370614359174,0.4655309491867374,218.60874658068167,188.77263809771924
1.338999999999908,115.77141571044922,125.66370614359174,0.46039372417516516,219.99404990979255,189.83410597887578
1.339499999999908,115.81571197509766,125.66370614359174,0.45852179183933456,225.19409433611733,193.77942471977883
1.339999999999908,115.8627700805664,125.66370614359174,0.4610636760162477,233.86644613014474,200.2720508392443
1.3404999999999079,115.91351318359375,125.66370614359174,0.4685768134505523,242.82565138955076,208.91829324598652
1.3409999999999078,115.959716796875,125.66370614359174,0.47254942209988077,230.46311828394832,198.47330172555823
1.3414999999999078,116.00235748291016,125.66370614359174,0.4701154956975307,220.3684497598044,190.28275543345978
1.3419999999999077,116.04270935058594,125.66370614359174,0.46375725360420916,213.67554354225268,185.04300666927347
1.3424999999999077,116.0821304321289,125.66370614359174,0.4561994273525293,210.84721412477927,182.9472889896878
1.3429999999999076,116.1219482421875,125.66370614359174,0.4498579219623711,211.99734959207257,183.9558046545972
1.3434999999999075,116.1634292602539,125.66370614359174,0.44665451482314494,217.00175270276893,187.87564652708227
1.3439999999999075,116.20768737792969,125.66370614359174,0.4479241230774381,225.571020874665,194.41132404326828
1.3444999999999074,116.25569152832031,125.66370614359174,0.4543761749896472,237.29948632869923,203.19778696112311
1.3449999999999074,116.30821990966797,125.66370614359174,0.4661252526428721,247.1263831155307,213.82249049550813
1.3454999999999073,116.35610961914062,125.66370614359174,0.46753114801610324,234.67277705768296,203.133838078692
1.3459999999999073,116.40061950683594,125.66370614359174,0.46447237921221785,225.3515431714313,195.34577958922117
1.3464999999999072,116.44320678710938,125.66370614359174,0.4590658516871717,220.0047103487803,190.93963320856574
1.3469999999999072,116.48532104492188,125.66370614359174,0.4537123609891929,218.8575484751737,189.92521243873435
1.347499999999907,116.5283432006836,125.66370614359174,0.45053028804711864,221.83868945393647,192.12058013038464
1.347999999999907,116.57352447509766,125.66370614359174,0.45112061888968263,228.6779714156472,197.22178000711267
1.348499999999907,116.62194061279297,125.66370614359174,0.4564678871797907,238.97005173227288,204.84609157531787
1.348999999999907,116.67446899414062,125.66370614359174,0.46693422425737985,248.2215029165758,214.55980615488647
1.3494999999999069,116.72239685058594,125.66370614359174,0.46928256397903617,235.77328920399688,203.91684140209085
1.3499999999999068,116.76687622070312,125.66370614359174,0.466562909679042,226.14145631194606,195.93121508513275
1.3504999999999068,116.80928802490234,125.66370614359174,0.4609789867211964,220.2945875456784,191.181793665977
1.3509999999999067,116.8510513305664,125.66370614359174,0.4550386418218218,218.55682602273885,189.75672169764505
1.3514999999999067,116.89354705810547,125.66370614359174,0.4509697153793241,220.9297089531753,191.53106862019652
1.3519999999999066,116.93802642822266,125.66370614359174,0.45049052252232263,227.19670394743144,196.24212412382107
1.3524999999999066,116.98558044433594,125.66370614359174,0.45470694816003415,236.99156805989182,203.5366530435324
1.3529999999999065,117.03713989257812,125.66370614359174,0.4640935011152207,246.50569587790875,213.00150254551602
1.3534999999999064,117.08434295654297,125.66370614359174,0.46775107167549407,234.60792023612424,202.8956577297635
1.3539999999999064,117.1281967163086,125.66370614359174,0.46561586017283335,225.1380368200325,195.12593918758947
1.3544999999999063,117.16999053955078,125.66370614359174,0.46008143715276867,219.20330041097156,190.38286242154365
1.3549999999999063,117.21109771728516,125.66370614359174,0.4538068267258886,217.23618036315375,188.84441506891986
1.3554999999999062,117.25286102294922,125.66370614359174,0.4491434580381289,219.31889998265237,190.45200182354793
1.3559999999999062,117.29652404785156,125.66370614359174,0.44792431842773617,225.2947422933528,194.9915569048375
1.3564999999999061,117.34320068359375,125.66370614359174,0.45136420086968393,234.84134207766138,202.1450578780418
1.356999999999906,117.39382934570312,125.66370614359174,0.4600330965348192,244.7372310611534,211.52415823234244
1.357499999999906,117.44039916992188,125.66370614359174,0.4649707538760287,233.53813939465377,202.07298943059828
1.357999999999906,117.48377227783203,125.66370614359174,0.4635042954925598,224.39477628132948,194.6404166117685
1.358499999999906,117.525146484375,125.66370614359174,0.4581974666771819,218.54290125382997,190.0234315919567
1.3589999999999058,117.56584167480469,125.66370614359174,0.4518417863160231,216.51574065245543,188.48568739719042
1.3594999999999058,117.6071548461914,125.66370614359174,0.4468936214637677,218.47049195583665,190.03178986312417
1.3599999999999057,117.65033721923828,125.66370614359174,0.44527946005309305,224.3059163238321,194.49399972671262
1.3604999999999057,117.69650268554688,125.66370614359174,0.4482997257746441,233.74023110677612,201.58772435085314
1.3609999999999056,117.74659729003906,125.66370614359174,0.45659729268319643,246.3638073815177,210.94814985898552
1.3614999999999056,117.80140686035156,125.66370614359174,0.47020524590635093,256.66205994918136,222.15515958848673
1.3619999999999055,117.8518295288086,125.66370614359174,0.472011558463743,244.79371133654251,211.92764674404444
1.3624999999999055,117.89905548095703,125.66370614359174,0.4696947627792079,235.96488543743092,204.47464327145977
1.3629999999999054,117.94448852539062,125.66370614359174,0.46531319961819895,231.06802247097758,200.33574059617717
1.3634999999999053,117.98955535888672,125.66370614359174,0.46120151348769645,230.35823701587057,199.5561746987617
1.3639999999999053,118.03561401367188,125.66370614359174,0.4594033727655848,233.7771422642821,201.97230931031524
1.3644999999999052,118.0838851928711,125.66370614359174,0.46143311312941104,241.0550831969458,207.28607500622223
1.3649999999999052,118.13542175292969,125.66370614359174,0.4681847836409097,251.778027748643,215.1116746684609
1.3654999999999051,118.19110870361328,125.66370614359174,0.479940744575617,260.9043143716951,225.00594462746557
1.365999999999905,118.24212646484375,125.66370614359174,0.4820275120230506,248.18565327797808,214.0943001775996
1.366499999999905,118.28962707519531,125.66370614359174,0.4793890340320356,238.31699486512525,205.85077077059694
1.366999999999905,118.3349838256836,125.66370614359174,0.47414236500216905,232.28271503843416,200.87566396662635
1.367499999999905,118.37962341308594,125.66370614359174,0.4687018155229136,230.40902086989553,199.26282652299275
1.3679999999999048,118.42491912841797,125.66370614359174,0.46520540665181453,232.69027930952402,200.8840530302894
1.3684999999999048,118.47210693359375,125.66370614359174,0.46528580462755253,238.89593827040702,205.46694930840837
1.3689999999999047,118.52228546142578,125.66370614359174,0.46997467295998285,248.64069937390488,212.64407663493253
1.3694999999999047,118.57636260986328,125.66370614359174,0.47969328912176473,257.6538574529118,221.984865753592
1.3699999999999046,118.62574005126953,125.66370614359174,0.4824690619909151,244.6956174517534,210.9439638274762
1.3704999999999046,118.67149353027344,125.66370614359174,0.4796874967120714,234.3740036309268,202.43227258966087
1.3709999999999045,118.71498107910156,125.66370614359174,0.4736853441221714,227.77581742954558,197.12012871302917
1.3714999999999045,118.75759887695312,125.66370614359174,0.4670547635255974,225.30444909391932,195.15677716882047
1.3719999999999044,118.80074310302734,125.66370614359174,0.4620871186421049,227.01113234537053,196.4545739735197
1.3724999999999044,118.84565734863281,125.66370614359174,0.4605641930322123,232.7066964977178,200.7701946984655
1.3729999999999043,118.89347839355469,125.66370614359174,0.4636618612304104,242.0352606358656,207.75642965778698
1.3734999999999042,118.94514465332031,125.66370614359174,0.47192655206612577,251.39006904049927,216.9959455066127
1.3739999999999042,118.99224853515625,125.66370614359174,0.4754499248906301,238.68784246063314,206.23412583438088
1.3744999999999041,119.03580474853516,125.66370614359174,0.47276608661652286,228.4506758213554,197.87175201816868
1.374999999999904,119.07713317871094,125.66370614359174,0.466421372182893,221.85256840293044,192.6435124266546
1.375499999999904,119.11763763427734,125.66370614359174,0.45918172793587075,219.3614851162462,190.748632787157
1.375999999999904,119.15869140625,125.66370614359174,0.45348462044600596,221.07481649601843,192.13490606667173
1.376499999999904,119.20158386230469,125.66370614359174,0.4512415068520615,226.83553918996623,196.58348763624784
1.3769999999999039,119.24744415283203,125.66370614359174,0.4537374744403199,236.30914808191952,203.76305498392557
1.3774999999999038,119.29725646972656,125.66370614359174,0.4615965769866169,246.2556514648329,213.26565744615405
1.3779999999999037,119.34278106689453,125.66370614359174,0.4658775469579333,234.25202550428233,203.1330006229529
1.3784999999999037,119.38497924804688,125.66370614359174,0.46362634202875236,224.55673676990727,195.25147828483614
1.3789999999999036,119.42511749267578,125.66370614359174,0.45752716347760186,218.41297444516064,190.4154644191966
1.3794999999999036,119.46458435058594,125.66370614359174,0.4504644045260754,216.3401501027296,188.87001330620802
1.3799999999999035,119.5047378540039,125.66370614359174,0.4449710682940982,218.47147160515033,190.5948107250373
1.3804999999999035,119.546875,125.66370614359174,0.44303140641398936,224.67390310820647,195.39243757186662
1.3809999999999034,119.59212493896484,125.66370614359174,0.44597523405665623,234.62790534794007,202.94503979252045
1.3814999999999034,119.64148712158203,125.66370614359174,0.4544391565880301,245.1505481875175,212.85210870690594
1.3819999999999033,119.6868896484375,125.66370614359174,0.4594263555421679,234.00780433934491,203.4603055301917
1.3824999999999033,119.72920227050781,125.66370614359174,0.45785665532290604,225.00940268852125,196.14686623951016
1.3829999999999032,119.7696533203125,125.66370614359174,0.4524583993427134,219.35666524727822,191.7616572734952
1.3834999999999031,119.80947875976562,125.66370614359174,0.4457926564802496,217.41351015142016,190.33404894854664
1.383999999999903,119.8499526977539,125.66370614359174,0.44048234913214745,219.4380230955048,191.96164323845838
1.384499999999903,119.8923110961914,125.66370614359174,0.43857774492647056,225.39466149752596,196.53973782587863
1.384999999999903,119.93766784667969,125.66370614359174,0.4414593785427534,235.03521868043677,203.81782304642203
1.385499999999903,119.98699188232422,125.66370614359174,0.44980537264012527,245.1758991863963,213.442747477963
1.3859999999999029,120.03238677978516,125.66370614359174,0.454389227285518,234.01886194799053,204.0739370024416
1.3864999999999028,120.07465362548828,125.66370614359174,0.4525035568659654,224.84729581141804,196.65354435468697
1.3869999999999028,120.11493682861328,125.66370614359174,0.4466853179454404,218.92439309002503,191.97138518068795
1.3874999999999027,120.154541015625,125.66370614359174,0.4398871600312806,216.8928731200304,190.39611203239733
1.3879999999999026,120.19478607177734,125.66370614359174,0.43470156222729306,218.9784328892962,192.0002404647883
1.3884999999999026,120.23693084716797,125.66370614359174,0.4331574382476856,225.115019932311,196.6533447073767
1.3889999999999025,120.28213500976562,125.66370614359174,0.4366083011512629,235.02976326252767,204.08407077278937
1.3894999999999025,120.33139038085938,125.66370614359174,0.4456900159014721,245.40103357946754,213.92199064497586
1.3899999999999024,120.37692260742188,125.66370614359174,0.45057493048986297,234.85758436654885,205.06433163880965
1.3904999999999024,120.41951751708984,125.66370614359174,0.44918139770932386,226.2123929471258,198.04952527737302
1.3909999999999023,120.46027374267578,125.66370614359174,0.44401031779385847,220.75028656834704,193.69603016728976
1.3914999999999023,120.50045776367188,125.66370614359174,0.4379920780934739,219.13094873739556,192.39366217224995
1.3919999999999022,120.54137420654297,125.66370614359174,0.43369555945843097,221.59169481679893,194.22962021883706
1.3924999999999021,120.58426666259766,125.66370614359174,0.4331147597059402,228.07390995947642,199.083256241789
1.392999999999902,120.63028717041016,125.66370614359174,0.43755611957296064,238.30889058471723,206.68929825716936
1.393499999999902,120.68040466308594,125.66370614359174,0.4476037307749314,248.78733651080125,216.6805585907509
1.393999999999902,120.7269515991211,125.66370614359174,0.45276964643274514,238.6383710810321,208.14431799552122
1.394499999999902,120.77063751220703,125.66370614359174,0.45182946776526284,230.2749583303794,201.33517392611907
1.3949999999999019,120.81254577636719,125.66370614359174,0.44722396499760686,225.00601317037146,197.09976752614958
1.3954999999999018,120.8539047241211,125.66370614359174,0.44183139836634444,223.51004567371552,195.8487650152024
1.3959999999999018,120.89599609375,125.66370614359174,0.4381708143692848,226.03795864968316,197.68429048742422
1.3964999999999017,120.9400405883789,125.66370614359174,0.4381864497778791,232.54067191812476,202.49616343078668
1.3969999999999017,120.9871597290039,125.66370614359174,0.44314029655609416,242.75588136430406,210.02620668513026
1.3974999999999016,121.038330078125,125.66370614359174,0.4535855502071537,253.06297359425542,219.91184861462432
1.3979999999999015,121.08590698242188,125.66370614359174,0.4588201686360437,242.86297284590273,211.32457785675547
1.3984999999999015,121.13059997558594,125.66370614359174,0.45799525869533303,234.36903888204327,204.3980827776283
1.3989999999999014,121.17343139648438,125.66370614359174,0.4535092388873,228.90956484396122,199.99662134811967
1.3994999999999014,121.21564483642578,125.66370614359174,0.44819798690816626,227.17786872553532,198.54390515420744
1.3999999999999013,121.25848388671875,125.66370614359174,0.44454359166798374,229.43577213021123,200.15141893612204
1.4004999999999013,121.30316925048828,125.66370614359174,0.4444632784294325,235.6420477794723,204.71564277665252
1.4009999999999012,121.35081481933594,125.66370614359174,0.44920746886861124,245.54392898572965,211.9829027671742
1.4014999999999012,121.40238189697266,125.66370614359174,0.45935347458943593,255.55661137861324,221.59392225829498
1.401999999999901,121.45023345947266,125.66370614359174,0.46454736352790454,244.99513723206883,212.67070003140475
1.402499999999901,121.49505615234375,125.66370614359174,0.46368276223442073,236.12701934601068,205.40215282691477
1.402999999999901,121.53789520263672,125.66370614359174,0.45917201865083507,230.2706775003439,200.64688742108376
1.403499999999901,121.57994842529297,125.66370614359174,0.4538194401421645,228.10146019587557,198.81821702882834
1.4039999999999009,121.6224594116211,125.66370614359174,0.4500505527979437,229.86162614864224,200.01574464874903
1.4044999999999008,121.66663360595703,125.66370614359174,0.4497219905311059,235.49187192551403,204.1238801226003
1.4049999999999008,121.71353912353516,125.66370614359174,0.4540396372355093,244.7202165424219,210.8773142600747
1.4054999999999007,121.76412200927734,125.66370614359174,0.4635487777063226,254.2939156075997,219.90535976963173
1.4059999999999007,121.81065368652344,125.66370614359174,0.46945030861737536,242.87331740769864,210.14329512495783
1.4064999999999006,121.85382080078125,125.66370614359174,0.46892744783732854,233.04275306265373,202.02318980000214
1.4069999999999006,121.8946533203125,125.66370614359174,0.4643290789797718,226.11772944850375,196.39665295620736
1.4074999999999005,121.93433380126953,125.66370614359174,0.45840471164790636,222.77754592121872,193.67422764673887
1.4079999999999004,121.97410583496094,125.66370614359174,0.45355048926632213,223.27476386438647,193.95680509163375
1.4084999999999004,122.01515197753906,125.66370614359174,0.451640504171904,227.56461299181362,197.13266328555648
1.4089999999999003,122.05854797363281,125.66370614359174,0.45395543981552394,235.3924019857003,202.942034150013
1.4094999999999003,122.10521697998047,125.66370614359174,0.4611651950873543,246.35331280738353,211.0206634398733
1.4099999999999002,122.15589904785156,125.66370614359174,0.4733739834349428,255.40996531051078,220.93011634245246
1.4104999999999002,122.2013931274414,125.66370614359174,0.47585573696542666,241.0708547306601,208.3260688809125
1.4109999999999001,122.24286651611328,125.66370614359174,0.47366143750973505,229.67164091217018,198.57898809053725
1.4114999999999,122.28166961669922,125.66370614359174,0.46860297009429003,222.05128269328435,192.13540479534967
1.4119999999999,122.3192138671875,125.66370614359174,0.46300697117449724,218.52323246114926,189.09044350793076
1.4124999999999,122.3568115234375,125.66370614359174,0.45892831918804444,219.06307368565527,189.30428092235104
1.4129999999999,122.39568328857422,125.66370614359174,0.4579504100050913,223.4162784800958,192.4813203874882
1.4134999999998998,122.4368667602539,125.66370614359174,0.46110904588696777,231.16998757044286,198.22155307880453
1.4139999999998998,122.48121643066406,125.66370614359174,0.46888607182496583,238.7005138970385,206.05472989577575
1.4144999999998997,122.51949310302734,125.66370614359174,0.47203217781133205,221.89669027556218,191.22357503206592
1.4149999999998997,122.552978515625,125.66370614359174,0.4691167585819024,208.18452321899596,179.5630412503183
1.4154999999998996,122.5831527709961,125.66370614359174,0.46214766373278166,198.41315076315334,171.48571805609325
1.4159999999998996,122.61150360107422,125.66370614359174,0.45365114939167916,192.904449461363,167.0612994299797
1.4164999999998995,122.63946533203125,125.66370614359174,0.4458965283001461,191.64522369565833,166.13278334282327
1.4169999999998995,122.66832733154297,125.66370614359174,0.4407224546616336,194.3937145077328,168.39297758653132
1.4174999999998994,122.69921875,125.66370614359174,0.4394579288118566,200.7503112739059,173.43405919431024
1.4179999999998993,122.73308563232422,125.66370614359174,0.44288400735440475,210.20531799642166,180.780295269743
1.4184999999998993,122.77064514160156,125.66370614359174,0.45124460906976394,218.24824040074037,189.91052534753922
1.4189999999998992,122.80135345458984,125.66370614359174,0.45146934569877895,199.4693831639509,173.11619539865282
1.4194999999998992,122.8270263671875,125.66370614359174,0.4466803641131418,185.22936784588302,160.81019693982768
1.4199999999998991,122.84950256347656,125.66370614359174,0.4386720194913043,175.90894909600536,152.99091409215413
1.420499999999899,122.87051391601562,125.66370614359174,0.42983103042654,171.47168983332745,149.4076054567421
1.420999999999899,122.89161682128906,125.66370614359174,0.4223358147330111,171.63176796570573,149.65860910946807
1.421499999999899,122.9141616821289,125.66370614359174,0.41794303825651186,175.938758106102,153.2490596047247
1.421999999999899,122.93928527832031,125.66370614359174,0.4178790913093942,183.83288963002093,159.6269426578633
1.4224999999998988,122.96788787841797,125.66370614359174,0.42278956168510523,192.07095218474873,168.2061981116775
1.4229999999998988,122.98947143554688,125.66370614359174,0.4240946726949706,172.8671900768203,150.98393727590565
1.4234999999998987,123.00599670410156,125.66370614359174,0.4191865345127824,158.42826255284774,138.55315988628288
1.4239999999998987,123.01939392089844,125.66370614359174,0.41012356881192374,149.13221087085523,130.88200371512684
1.4244999999998986,123.03148651123047,125.66370614359174,0.3995818964550217,144.93872020054351,127.6944759089468
1.4249999999998986,123.04393005371094,125.66370614359174,0.39003991046981856,145.5576700221873,128.5673447557136
1.4254999999998985,123.05816650390625,125.66370614359174,0.3835671341238222,150.53347112274176,132.9866769857704
1.4259999999998985,123.07539367675781,125.66370614359174,0.3816893831005042,159.29996111330613,140.38299647698474
1.4264999999998984,123.0965805053711,125.66370614359174,0.38528894528207935,171.2170197561021,150.15378833256577
1.4269999999998983,123.1224365234375,125.66370614359174,0.3945798746943894,181.39781247107157,161.678708909184
1.4274999999998983,123.14139556884766,125.66370614359174,0.39276125026447306,162.75055973297717,144.73084643021588
1.4279999999998982,123.15582275390625,125.66370614359174,0.3869810743113983,150.10915160207756,133.58918393808503
1.4284999999998982,123.16790771484375,125.66370614359174,0.37890374752833333,143.37635205903717,127.83179573059722
1.4289999999998981,123.17960357666016,125.66370614359174,0.37095956180525735,142.15181398810614,126.88227322755989
1.429499999999898,123.19258880615234,125.66370614359174,0.3654241545276671,145.87012828228342,130.08801075877227
1.429999999999898,123.20828247070312,125.66370614359174,0.36409458785977783,153.8640708940059,136.75962006041001
1.430499999999898,123.22779083251953,125.66370614359174,0.3681005235860384,165.40468744169365,146.19376547298734
1.430999999999898,123.25194549560547,125.66370614359174,0.37783242516083937,175.67622288348917,157.6869051922609
1.4314999999998979,123.26934051513672,125.66370614359174,0.3764967075771371,157.4650970266924,141.04501926417794
1.4319999999998978,123.28235626220703,125.66370614359174,0.3713469030162341,145.32123120937698,130.26499841250268
1.4324999999998977,123.29320526123047,125.66370614359174,0.36395574553107146,139.13443648917846,124.91680117944576
1.4329999999998977,123.30384063720703,125.66370614359174,0.3567738680318342,138.4946196716091,124.4159667070173
1.4334999999998976,123.31596374511719,125.66370614359174,0.35212793348970917,142.8276716837252,128.10165220539457
1.4339999999998976,123.33098602294922,125.66370614359174,0.35185298533099935,151.45854340295585,135.27637584879318
1.4344999999998975,123.35003662109375,125.66370614359174,0.35707844883145656,163.65114629450684,145.22906067464046
1.4349999999998975,123.37394714355469,125.66370614359174,0.36815245922568357,174.55143274163984,157.2487318395384
1.4354999999998974,123.39139556884766,125.66370614359174,0.3675996357996981,157.20239698053393,141.3268973426358
1.4359999999998974,123.40469360351562,125.66370614359174,0.3634481243166339,145.77919189268624,131.11557046768206
1.4364999999998973,123.41600799560547,125.66370614359174,0.3571959170128892,140.1963933715843,126.21875536123902
1.4369999999998972,123.42726135253906,125.66370614359174,0.3512636337983277,140.06420363523662,126.07736261853597
1.4374999999998972,123.44010925292969,125.66370614359174,0.3479486928135005,144.82396132249087,130.048767200559
1.4379999999998971,123.4559555053711,125.66370614359174,0.3490388392030513,153.81241029210815,137.44850784110264
1.438499999999897,123.47588348388672,125.66370614359174,0.3555993137791509,166.30250772659812,147.57462605470195
1.438999999999897,123.50072479248047,125.66370614359174,0.36791358625159515,177.34914203339514,159.72244533328973
1.439499999999897,123.51922607421875,125.66370614359174,0.3680950885338865,160.3955614444081,144.10599726408117
1.439999999999897,123.53364562988281,125.66370614359174,0.3648334479654121,149.18066178778236,134.02162119938313
1.4404999999998969,123.54606628417969,125.66370614359174,0.35952135008996755,143.6545441045079,129.11424141983724
1.4409999999998968,123.55838012695312,125.66370614359174,0.3544978189346206,143.45658702566178,128.8561690068851
1.4414999999998968,123.57221221923828,125.66370614359174,0.3519858107517091,148.05171847012838,132.62865729824793
1.4419999999998967,123.58892059326172,125.66370614359174,0.3537086619455269,156.79608500085757,139.7655459294173
1.4424999999998966,123.6095962524414,125.66370614359174,0.36069136217209957,168.97888785969724,149.57908172371455
1.4429999999998966,123.63502502441406,125.66370614359174,0.37321304952111833,179.7483317977611,161.37559042177182
1.4434999999998965,123.65403747558594,125.66370614359174,0.3741764775489052,162.61152963282132,145.55528391064425
1.4439999999998965,123.66883850097656,125.66370614359174,0.37150405930057295,151.03160621537552,135.12584585986028
1.4444999999998964,123.68145751953125,125.66370614359174,0.36654868253953843,145.00302349668854,129.77166241808064
1.4449999999998964,123.69376373291016,125.66370614359174,0.3616053840469202,144.20116487371482,128.99595135673047
1.4454999999998963,123.70735931396484,125.66370614359174,0.3588631344057561,148.12077685084776,132.20434805142332
1.4459999999998963,123.72358703613281,125.66370614359174,0.3600420029541776,156.143080159881,138.75012593143308
1.4464999999998962,123.7435302734375,125.66370614359174,0.3662080169509063,167.57863820401525,147.96114490491482
1.4469999999998961,123.76798248291016,125.66370614359174,0.37772144011960623,177.9825201955497,159.1563495300129
1.447499999999896,123.78584289550781,125.66370614359174,0.3796261159682095,160.3342897003084,142.8530166402429
1.447999999999896,123.79925537109375,125.66370614359174,0.37728200754207825,148.09744515419143,131.86260441440797
1.448499999999896,123.81025695800781,125.66370614359174,0.37212377863401896,141.3174740626136,125.90474732572399
1.448999999999896,123.82068634033203,125.66370614359174,0.36649600218721995,139.71018147844805,124.51043982928633
1.4494999999998959,123.83216094970703,125.66370614359174,0.36263795703477525,142.80351603584248,127.10754904912432
1.4499999999998958,123.84603118896484,125.66370614359174,0.36235070268180125,150.00622169990686,133.0671439326241
1.4504999999998958,123.86339569091797,125.66370614359174,0.36682078770800763,160.65180494465278,141.73131690915565
1.4509999999998957,123.88507080078125,125.66370614359174,0.37655251367453146,170.9564841277987,152.43032083545089
1.4514999999998957,123.9000015258789,125.66370614359174,0.3795494400428908,152.89102222430162,135.74786810641203
1.4519999999998956,123.91032409667969,125.66370614359174,0.3774174798048952,140.13430209232513,124.34977067617466
1.4524999999998955,123.91807556152344,125.66370614359174,0.37177792108270197,132.78510977268024,117.98770493740598
1.4529999999998955,123.92511749267578,125.66370614359174,0.36511202727439845,130.60032941566814,116.21763722307492
1.4534999999998954,123.93305969238281,125.66370614359174,0.35978378917540305,133.1406039890532,118.48685931138752
1.4539999999998954,123.94330596923828,125.66370614359174,0.35773835764876644,139.8407073074231,124.18144979726529
1.4544999999998953,123.95695495605469,125.66370614359174,0.3603297307552104,150.054754444058,132.65478163398205
1.4549999999998953,123.9748764038086,125.66370614359174,0.3682308917703605,160.70562703372556,143.24537601053126
1.4554999999998952,123.98607635498047,125.66370614359174,0.37234051164792403,142.6740316657555,126.60897455073871
1.4559999999998952,123.99268341064453,125.66370614359174,0.37044068588646856,129.87245350295555,115.23375030655085
1.456499999999895,123.99674224853516,125.66370614359174,0.3643803122607451,122.45065543017994,108.90398718266111
1.456999999999895,124.00010681152344,125.66370614359174,0.35682049763869494,120.20391802689869,107.20028942698328
1.457499999999895,124.00444030761719,125.66370614359174,0.35028738506184154,122.72204177395695,109.58815250009216
1.457999999999895,124.0111312866211,125.66370614359174,0.34689455291372673,129.46165309979605,115.46661868406622
1.4584999999998949,124.02134704589844,125.66370614359174,0.3481674235432206,139.79283671246273,124.19793612436595
1.4589999999998948,124.03595733642578,125.66370614359174,0.3549278091912381,153.03008026273835,135.12603939080205
1.4594999999998948,124.05558013916016,125.66370614359174,0.36728647880471527,164.35692855240754,147.58906371671765
1.4599999999998947,124.06825256347656,125.66370614359174,0.36770434435590693,145.831324614663,130.35496149384682
1.4604999999998947,124.07645416259766,125.66370614359174,0.3644738700410485,133.60143806803055,119.26858772176212
1.4609999999998946,124.08242797851562,125.66370614359174,0.35894852982168013,127.38336640937784,113.74847735902014
1.4614999999998946,124.088134765625,125.66370614359174,0.3534005025321145,126.6458034408288,113.09679329542553
1.4619999999998945,124.0952377319336,125.66370614359174,0.35000929994258645,130.73234129283878,116.57019735174674
1.4624999999998944,124.10509490966797,125.66370614359174,0.3505032747512096,138.9139109578637,123.41161078592737
1.4629999999998944,124.1187515258789,125.66370614359174,0.3559677558757693,150.4214104779277,132.86766046467267
1.4634999999998943,124.13697052001953,125.66370614359174,0.366782078943803,160.76210029183227,144.19856799212153
1.4639999999998943,124.1479263305664,125.66370614359174,0.3675565190228562,141.4176203963733,126.19388566144319
1.4644999999998942,124.1541519165039,125.66370614359174,0.36423023991446263,128.42822243867622,114.4475892012407
1.4649999999998942,124.15792846679688,125.66370614359174,0.3581660115392221,121.52359419293644,108.37577418337568
1.465499999999894,124.16126251220703,125.66370614359174,0.3516924714070292,120.18245839057558,107.27821816987212
1.465999999999894,124.16585540771484,125.66370614359174,0.34707667109074103,123.7563123915306,110.40934567000457
1.466499999999894,124.17310333251953,125.66370614359174,0.34616666096275556,131.5223393795966,117.01000826805787
1.466999999999894,124.18409729003906,125.66370614359174,0.3501878285615254,142.71624178393137,126.32481034646312
1.467499999999894,124.19962310791016,125.66370614359174,0.3596527352734771,153.36918536512476,137.61178753644575
1.4679999999998938,124.20796203613281,125.66370614359174,0.3613044025659227,134.16780367700702,119.75374900759948
1.4684999999998938,124.21160888671875,125.66370614359174,0.3581978907717693,121.24115177496117,108.11269821405736
1.4689999999998937,124.21285247802734,125.66370614359174,0.35186503058702534,114.36653648487632,102.13846950273401
1.4694999999998937,124.21369934082031,125.66370614359174,0.34477995234569364,113.05818953079189,101.15603567255334
1.4699999999998936,124.21586608886719,125.66370614359174,0.3393454705051107,116.69399423937118,104.43807349518228
1.4704999999998936,124.22077178955078,125.66370614359174,0.3375476232500374,124.57042822973364,111.23828348552303
1.4709999999998935,124.22952270507812,125.66370614359174,0.34074345341736606,135.93687088483037,120.80985316435827
1.4714999999998934,124.2429428100586,125.66370614359174,0.34954848924242893,147.2014640378132,132.41601633421746
1.4719999999998934,124.24938201904297,125.66370614359174,0.35199875536102215,128.5670649836515,115.0925231854131
1.4724999999998933,124.2513198852539,125.66370614359174,0.3492581930291325,116.09984041535392,103.89306067666999
1.4729999999998933,124.25100708007812,125.66370614359174,0.3429942253823354,109.62487017078982,98.30853142860938
1.4734999999998932,124.25044250488281,125.66370614359174,0.3358084927899974,108.69178362259349,97.69430577484515
1.4739999999998932,124.25135040283203,125.66370614359174,0.33022065889549274,112.70399086252172,101.34472251933967
1.4744999999998931,124.2551498413086,125.66370614359174,0.3283222525795481,120.97595624091919,108.52849229486011
1.474999999999893,124.2629623413086,125.66370614359174,0.3315515786224841,132.76921097351303,118.5087325186515
1.475499999999893,124.2756118774414,125.66370614359174,0.34056537214432664,144.63384415612094,130.55463877139832
1.475999999999893,124.28157043457031,125.66370614359174,0.3436231810153873,126.75106156237509,113.92465817950132
1.476499999999893,124.28324127197266,125.66370614359174,0.3413817187232363,114.89685651331715,103.27417163464881
1.4769999999998928,124.28285217285156,125.66370614359174,0.33556054780106115,108.94173334494545,98.14042091787283
1.4774999999998928,124.2823715209961,125.66370614359174,0.3288269397095101,108.46933302158315,97.91319032587317
1.4779999999998927,124.28349304199219,125.66370614359174,0.323758554786417,112.90755583840797,101.91153672078909
1.4784999999998927,124.28763580322266,125.66370614359174,0.3224850858288397,121.58820323807089,109.42166495415931
1.4789999999998926,124.2959213256836,125.66370614359174,0.32645244108468946,133.78472047701032,119.7187286708778
1.4794999999998926,124.30916595458984,125.66370614359174,0.33629263567841144,146.0075573148365,132.0797918837286
1.4799999999998925,124.31596374511719,125.66370614359174,0.33980417759490716,128.7745832870452,116.03745957627245
1.4804999999998925,124.31863403320312,125.66370614359174,0.33813657441103023,117.40045890140317,105.79393517163126
1.4809999999998924,124.31935119628906,125.66370614359174,0.33298028614925873,111.80107764323634,100.93637939015805
1.4814999999998923,124.32005310058594,125.66370614359174,0.32699451867558016,111.59476880207629,100.89213675150963
1.4819999999998923,124.3224105834961,125.66370614359174,0.3227439535098467,116.23514775414726,105.00789422391021
1.4824999999998922,124.32781219482422,125.66370614359174,0.32232900430978884,125.07306861785347,112.59010890416027
1.4829999999998922,124.33736419677734,125.66370614359174,0.32715058920830076,137.3960420343468,122.92867918016924
1.4834999999998921,124.35189056396484,125.66370614359174,0.33779205743846474,149.6410364535756,135.31125136353057
1.483999999999892,124.3600845336914,125.66370614359174,0.3417175151431838,132.7359022054551,119.55495077980484
1.484499999999892,124.36418914794922,125.66370614359174,0.34057848058766826,121.50389085337962,109.41307690455045
1.484999999999892,124.3663330078125,125.66370614359174,0.33600772125850037,115.9088927422715,104.52317381461538
1.485499999999892,124.368408203125,125.66370614359174,0.33061507844227617,115.60651123257215,104.35103451530385
1.4859999999998919,124.37205505371094,125.66370614359174,0.32691357345570243,120.07903670640059,108.2723912444844
1.4864999999998918,124.37864685058594,125.66370614359174,0.3269517760547763,128.6996137227134,115.61574830674925
1.4869999999998917,124.38928985595703,125.66370614359174,0.3320906930507693,140.77324659630318,125.68778529496336
1.4874999999998917,124.40478515625,125.66370614359174,0.3428991253599308,152.78690020684425,137.78886775691421
1.4879999999998916,124.41393280029297,125.66370614359174,0.3473234286140677,135.84722034413022,121.98966217092342
1.4884999999998916,124.41891479492188,125.66370614359174,0.3465726227752452,124.40178180277398,111.64909870342593
1.4889999999998915,124.42181396484375,125.66370614359174,0.3422640383523789,118.46628412459775,106.45247093640396
1.4894999999998915,124.42448425292969,125.66370614359174,0.3369756515243445,117.73668621265749,105.9024541398005
1.4899999999998914,124.4285659790039,125.66370614359174,0.3331858455446309,121.72703425814149,109.40323931968148
1.4904999999998914,124.43540954589844,125.66370614359174,0.3329235202858676,129.8357642554622,116.30538518051499
1.4909999999998913,124.44612121582031,125.66370614359174,0.33756094167399137,141.38822574315665,125.93275067475089
1.4914999999998912,124.46151733398438,125.66370614359174,0.34771336645496803,153.12524196488923,137.5990757298016
1.4919999999998912,124.47046661376953,125.66370614359174,0.3527847680849971,135.94416955938507,121.57830807242912
1.4924999999998911,124.47512817382812,125.66370614359174,0.3522766570101166,124.10350941295796,110.90411651583058
1.492999999999891,124.47754669189453,125.66370614359174,0.34787341300317237,117.67365529680889,105.3054975728315
1.493499999999891,124.47956085205078,125.66370614359174,0.34217975197877265,116.39280959671989,104.31905261529916
1.493999999999891,124.48280334472656,125.66370614359174,0.3376923268752595,119.80831298738025,107.37530238744854
1.494499999999891,124.48863983154297,125.66370614359174,0.336477308363549,127.3450599755935,113.84529929980837
1.4949999999998909,124.49817657470703,125.66370614359174,0.33997715244809407,138.34952406475443,123.06879689002557
1.4954999999998908,124.51224517822266,125.66370614359174,0.3489044185677801,149.98217452166378,134.37178258146267
1.4959999999998908,124.51982116699219,125.66370614359174,0.35473822324903115,132.6144834460301,118.19374444076996
1.4964999999998907,124.52301025390625,125.66370614359174,0.35438959356776617,120.46247688166878,107.28450916003736
1.4969999999998906,124.52383422851562,125.66370614359174,0.34968306716563075,113.65159531832865,101.41360320748784
1.4974999999998906,124.52416229248047,125.66370614359174,0.34331049799728314,111.96196783454992,100.14891435360971
1.4979999999998905,124.52560424804688,125.66370614359174,0.33784045771517596,114.97343669663209,102.94488782849952
1.4984999999998905,124.52955627441406,125.66370614359174,0.3354250986006685,122.13612465766924,109.19083552458143
1.4989999999998904,124.53713989257812,125.66370614359174,0.3376160710060781,132.81600090836378,118.24023726194005
1.4994999999998904,124.54920959472656,125.66370614359174,0.3452455673017662,146.32517885707105,129.42917006112864
1.4999999999998903,124.56635284423828,125.66370614359174,0.3584226032166586,158.0665109866294,142.08874305887042
1.5004999999998903,124.57655334472656,125.66370614359174,0.3602799118714234,139.63859038175798,124.80935321470884
1.5009999999998902,124.58228302001953,125.66370614359174,0.35831719131274903,127.46887517225771,113.68159642639588
1.5014999999998901,124.58577728271484,125.66370614359174,0.35383136078807254,121.25772379026526,108.11032796270045
1.50199999999989,124.58898162841797,125.66370614359174,0.3490769047078188,120.46537871821117,107.38672781395204
1.50249999999989,124.59353637695312,125.66370614359174,0.34623204925903667,124.43167370389068,110.75895968599752
1.50299999999989,124.60077667236328,125.66370614359174,0.34703877334613153,132.4269142793943,117.46325394043403
1.50349999999989,124.61174011230469,125.66370614359174,0.352613751024389,143.68352401813186,126.7409329743138
1.5039999999998899,124.62714385986328,125.66370614359174,0.3633839522417764,154.0657505251063,137.84798843160124
1.5044999999998898,124.6351318359375,125.66370614359174,0.36561947014622065,134.33085013758466,119.3637406819067
1.5049999999998898,124.63823699951172,125.66370614359174,0.36330083305692873,120.93294766533305,107.18559720081169
1.5054999999998897,124.63874053955078,125.66370614359174,0.35780051328957835,113.59221789869153,100.71363140176119
1.5059999999998896,124.63865661621094,125.66370614359174,0.35145858963913296,111.78344338417115,99.23532053726795
1.5064999999998896,124.63967895507812,125.66370614359174,0.34656289600864415,114.85828823009746,101.99618626335597
1.5069999999998895,124.64319610595703,125.66370614359174,0.345009259067179,122.09671169478207,108.23054987252493
1.5074999999998895,124.65029907226562,125.66370614359174,0.3481076505342185,132.73884239708312,117.17817510256778
1.5079999999998894,124.66178131103516,125.66370614359174,0.3564842628797138,143.39680474938916,128.0935134881774
1.5084999999998894,124.66584014892578,125.66370614359174,0.35966310076679386,123.59537326261868,109.59271396081618
1.5089999999998893,124.66500854492188,125.66370614359174,0.35729001919865083,110.09201917802866,97.41533162827533
1.5094999999998893,124.66160583496094,125.66370614359174,0.35101066543120596,102.6581089616463,90.99059475882123
1.5099999999998892,124.65766143798828,125.66370614359174,0.34337753901901896,100.80576276028116,89.62759531392588
1.5104999999998892,124.65489959716797,125.66370614359174,0.3368710200071338,103.91398572109688,92.58729342363137
1.510999999999889,124.65475463867188,125.66370614359174,0.3335876520564472,111.28223273359545,99.1145038280932
1.511499999999889,124.65835571289062,125.66370614359174,0.33503979064828204,122.16383668321022,108.45546250230034
1.511999999999889,124.66653442382812,125.66370614359174,0.3420241489832022,135.44073969255973,119.86778847275303
1.512499999999889,124.67913055419922,125.66370614359174,0.35279667139241283,145.257396396724,130.89897063737428
1.5129999999998889,124.68439483642578,125.66370614359174,0.3524156382089574,125.78351359171694,112.62103919542622
1.5134999999998888,124.68514251708984,125.66370614359174,0.3486711808035927,113.48296664662651,101.36317631470578
1.5139999999998888,124.68383026123047,125.66370614359174,0.3428662101314259,107.73261650980871,96.22442340699388
1.5144999999998887,124.68254089355469,125.66370614359174,0.3372433946858309,107.75124386399615,96.26674544115994
1.5149999999998887,124.68296813964844,125.66370614359174,0.3339766333414223,112.69811544929132,100.56798699789816
1.5154999999998886,124.68647003173828,125.66370614359174,0.3347859483658607,121.70817568573267,108.23800568735828
1.5159999999998885,124.69406127929688,125.66370614359174,0.3407239733693283,133.65503777625264,118.42503631692149
1.5164999999998885,124.70588684082031,125.66370614359174,0.3507563118359216,143.07509855534602,129.0152137629335
1.5169999999998884,124.71013641357422,125.66370614359174,0.3504010049483206,122.94820963015974,110.12286369528091
1.5174999999998884,124.70967864990234,125.66370614359174,0.3464443882354485,110.0992098085889,98.38371216365792
1.5179999999998883,124.70702362060547,125.66370614359174,0.3401573279178062,103.9072566738012,92.88768559302032
1.5184999999998883,124.70428466796875,125.66370614359174,0.3338233346242151,103.59129733326571,92.68832402030627
1.5189999999998882,124.7032241821289,125.66370614359174,0.3296949135840692,108.30976279521238,96.85599333356777
1.5194999999998882,124.70521545410156,125.66370614359174,0.32959472658332534,117.19605738606282,104.4938741014416
1.519999999999888,124.71131896972656,125.66370614359174,0.33468229522530907,129.21110760382334,114.7441662571902
1.520499999999888,124.72189331054688,125.66370614359174,0.34445623210263804,139.38216775362437,125.90909945450016
1.520999999999888,124.72498321533203,125.66370614359174,0.3445470424476398,119.48903205488655,107.2466064208382
1.521499999999888,124.72344970703125,125.66370614359174,0.34072302184974146,106.8205372614906,95.69735819576022
1.5219999999998879,124.71977996826172,125.66370614359174,0.3343356211754523,100.79208986233641,90.38047640640409
1.5224999999998878,124.71611022949219,125.66370614359174,0.32776091965335735,100.6484426965755,90.37034091419227
1.5229999999998878,124.71419525146484,125.66370614359174,0.32334470361224066,105.56612902536972,94.75172294858703
1.5234999999998877,124.71544647216797,125.66370614359174,0.32299808153769904,114.6908371646617,102.63742667339295
1.5239999999998877,124.72091674804688,125.66370614359174,0.3279504634664527,127.07266431555541,113.17555438165411
1.5244999999998876,124.73115539550781,125.66370614359174,0.33816281747489885,138.09173240763337,125.08985544800498
1.5249999999998876,124.73408508300781,125.66370614359174,0.3386172552683315,118.6463627562824,106.8458790227842
1.5254999999998875,124.73251342773438,125.66370614359174,0.3350779468882001,106.33690065154438,95.62347252826206
1.5259999999998874,124.72891998291016,125.66370614359174,0.3289231166510296,100.61614133610207,90.5780155757813
1.5264999999998874,124.72541809082031,125.66370614359174,0.3225793371425575,100.75568057075212,90.80999199939059
1.5269999999998873,124.72377014160156,125.66370614359174,0.3184422605791593,105.95085226473032,95.42254247772186
1.5274999999998873,124.72537994384766,125.66370614359174,0.31845923577968227,115.36017663813847,103.54108665988342
1.5279999999998872,124.73130798339844,125.66370614359174,0.3238719505897726,128.1194449195426,114.32204234742551
1.5284999999998872,124.74227142333984,125.66370614359174,0.33505292665530884,139.81311779480285,126.906674244601
1.5289999999998871,124.74606323242188,125.66370614359174,0.33575198951566515,120.76732659542688,109.02586425496436
1.529499999999887,124.7454605102539,125.66370614359174,0.3325763889610903,108.74327416556392,98.04291260407585
1.529999999999887,124.7428970336914,125.66370614359174,0.32686496375145263,103.23078225457782,93.15277495006512
1.530499999999887,124.74046325683594,125.66370614359174,0.3210346554490675,103.52860538528294,93.48488657020687
1.530999999999887,124.73990631103516,125.66370614359174,0.3174727731982249,108.85165614242733,98.16326631364457
1.5314999999998868,124.74262237548828,125.66370614359174,0.31810740562046247,118.3724742885376,106.32828028682397
1.5319999999998868,124.74967193603516,125.66370614359174,0.32414895187454795,131.24616930284853,117.14687485810512
1.5324999999998867,124.76179504394531,125.66370614359174,0.33598764816641613,143.02327459253797,129.8172503009844
1.5329999999998867,124.76685333251953,125.66370614359174,0.33698066682663863,124.2526801249833,112.18445165215715
1.5334999999998866,124.76753997802734,125.66370614359174,0.3342010651130413,112.35112869297055,101.2938828238088
1.5339999999998866,124.76626586914062,125.66370614359174,0.3289435558073194,106.85258344392969,96.38660665922436
1.5344999999998865,124.76508331298828,125.66370614359174,0.323588880498087,107.08927463520557,96.62676194739507
1.5349999999998865,124.76571655273438,125.66370614359174,0.320485670675657,112.30128906458033,101.16418823142298
1.5354999999998864,124.76956176757812,125.66370614359174,0.3215220675544436,121.68020848122751,109.15848730669802
1.5359999999998863,124.77765655517578,125.66370614359174,0.3278765973248794,134.3955904351362,119.79085970104967
1.5364999999998863,124.7907485961914,125.66370614359174,0.3399260026596909,146.00854670231524,132.26999657627292
1.5369999999998862,124.7967758178711,125.66370614359174,0.3413009998020644,127.25960744367585,114.65398404548058
1.5374999999998862,124.79839324951172,125.66370614359174,0.3388439590390006,115.22452940603984,103.63762330900182
1.5379999999998861,124.79795837402344,125.66370614359174,0.3338334758112707,109.48529034377076,98.5076321304481
1.538499999999886,124.79750061035156,125.66370614359174,0.3286228003384203,109.4108708140931,98.46295136665293
1.538999999999886,124.7987289428711,125.66370614359174,0.32553077783229434,114.2696407703922,102.67977068672283
1.539499999999886,124.80303192138672,125.66370614359174,0.3264272908971203,123.2751454413307,110.33770472452987
1.539999999999886,124.81144714355469,125.66370614359174,0.33249660270892134,135.61410417250852,120.63314810362006
1.5404999999998858,124.8247299194336,125.66370614359174,0.3441480057677866,147.00461789824507,132.78626012805282
1.5409999999998858,124.83089447021484,125.66370614359174,0.3460284688810287,128.10070450353234,115.03201332344247
1.5414999999998857,124.83255004882812,125.66370614359174,0.34378764578061033,115.77274247699553,103.76769402507236
1.5419999999998857,124.83202362060547,125.66370614359174,0.33874727079187,109.65294645165075,98.32246303710306
1.5424999999998856,124.83134460449219,125.66370614359174,0.3332757718861291,109.14862588108655,97.9277531153293
1.5429999999998856,124.83219909667969,125.66370614359174,0.3297025911136004,113.55780021469475,101.78448793986766
1.5434999999998855,124.83599090576172,125.66370614359174,0.3299249246421629,122.11709913996938,109.09116024529564
1.5439999999998855,124.84376525878906,125.66370614359174,0.3351810824515204,134.03125568949613,119.05849122375876
1.5444999999998854,124.85627746582031,125.66370614359174,0.3459547791539801,145.316434588925,130.91738003254395
1.5449999999998854,124.86164093017578,125.66370614359174,0.3484452777546913,126.26958337385716,113.04604967112014
1.5454999999998853,124.86241149902344,125.66370614359174,0.3463483160397058,113.68312670672609,101.58447149400831
1.5459999999998852,124.86090087890625,125.66370614359174,0.3410882472680283,107.23995506737771,95.90112192844813
1.5464999999998852,124.85913848876953,125.66370614359174,0.3350989435156734,106.38562799947267,95.2573905429489
1.5469999999998851,124.85882568359375,125.66370614359174,0.3307662902135877,110.44740622487245,98.87683172641063
1.547499999999885,124.8613510131836,125.66370614359174,0.33005732834994705,118.68428165411906,105.97490236515426
1.547999999999885,124.8677978515625,125.66370614359174,0.33429890057766537,130.31798432232083,115.77492698763322
1.548499999999885,124.87894439697266,125.66370614359174,0.3440692673865166,141.72001046543878,127.51689749182857
1.548999999999885,124.8829574584961,125.66370614359174,0.34719690911426104,122.72041610564897,109.71162719966804
1.5494999999998849,124.88238525390625,125.66370614359174,0.3452317215438327,110.0806891058968,98.24591859050167
1.5499999999998848,124.8795166015625,125.66370614359174,0.3397302055401962,103.53278935118522,92.52616471358132
1.5504999999998847,124.87638092041016,125.66370614359174,0.33322353514828074,102.55885333429606,91.84233627494011
1.5509999999998847,124.87468719482422,125.66370614359174,0.3281831847473949,106.51346699227503,95.43913004912304
1.5514999999998846,124.8758316040039,125.66370614359174,0.32666740728541754,114.67587228267075,102.54742035559323
1.5519999999998846,124.88092803955078,125.66370614359174,0.3300994738652267,126.28253443479157,112.40150711695425
1.5524999999998845,124.89075469970703,125.66370614359174,0.3391439663829619,138.00329379151782,124.24879771345654
1.5529999999998845,124.89358520507812,125.66370614359174,0.3428424556418989,119.31224646963547,106.75206098206517
1.5534999999998844,124.89190673828125,125.66370614359174,0.3410560184750756,106.88060174463472,95.51027749673369
1.5539999999998844,124.88801574707031,125.66370614359174,0.33545997573834385,100.48645991944369,89.96868110531288
1.5544999999998843,124.88391876220703,125.66370614359174,0.32868326441739987,99.6460884541705,89.44619843232984
1.5549999999998843,124.8813247680664,125.66370614359174,0.32328424804896155,103.7389684537425,93.2085580508782
1.5554999999998842,124.88165283203125,125.66370614359174,0.32140461163623524,112.06221727617086,100.50163636800092
1.5559999999998841,124.8860092163086,125.66370614359174,0.32454176394896683,123.86475538234791,110.57005718829092
1.556499999999884,124.89521026611328,125.66370614359174,0.3334115927293639,135.97692651785735,122.6679536269273
1.556999999999884,124.89759063720703,125.66370614359174,0.3375555317359557,117.78489595253643,105.64925339050089
1.557499999999884,124.89561462402344,125.66370614359174,0.33603288687362465,105.73752035115523,94.77086927189211
1.557999999999884,124.89154052734375,125.66370614359174,0.33058829268651363,99.65618522258484,89.51927245761837
1.5584999999998839,124.88735961914062,125.66370614359174,0.32391773281455943,99.08926350668149,89.24412218390864
1.5589999999998838,124.88478088378906,125.66370614359174,0.31863861426136425,103.43941304522198,93.23339180843801
1.5594999999998838,124.88520050048828,125.66370614359174,0.31694038197717384,112.0202136437193,100.74879576843232
1.5599999999998837,124.8897476196289,125.66370614359174,0.32034913278531035,124.09193619726933,111.04597941697223
1.5604999999998836,124.89923095703125,125.66370614359174,0.3295842456683276,136.5037282753325,123.38633979826808
1.5609999999998836,124.90209197998047,125.66370614359174,0.3340529720374937,118.83049541300201,106.85333388517516
1.5614999999998835,124.90074157714844,125.66370614359174,0.33287277389928455,107.16680996429693,96.31730649182795
1.5619999999998835,124.89738464355469,125.66370614359174,0.3277964717328839,101.37588212394776,91.30834356981573
1.5624999999998834,124.89398193359375,125.66370614359174,0.32153860165880743,101.03751819755462,91.20882414884241
1.5629999999998834,124.8922348022461,125.66370614359174,0.3167296833621552,105.57735650161945,95.33069817882466
1.5634999999998833,124.89353942871094,125.66370614359174,0.31555878435568296,114.32566524616456,102.95313317708158
1.5639999999998833,124.89900207519531,125.66370614359174,0.3195348870247515,126.55467062376479,113.34429477920884
1.5644999999998832,124.90943908691406,125.66370614359174,0.32934789164349115,139.0636374473052,125.77437246762447
1.5649999999998832,124.91338348388672,125.66370614359174,0.33408607049245204,121.75270276234346,109.57389577926182
1.565499999999883,124.9131851196289,125.66370614359174,0.3332689280445378,110.3010997317065,99.21534267835001
1.565999999999883,124.9110107421875,125.66370614359174,0.328618756991987,104.6143320979525,94.27325960290575
1.566499999999883,124.9087905883789,125.66370614359174,0.32282816849971335,104.30449979187777,94.16373408411694
1.566999999999883,124.90819549560547,125.66370614359174,0.31850191631334795,108.82151821853155,98.22389010415546
1.5674999999998829,124.91061401367188,125.66370614359174,0.317796443273204,117.51398779001488,105.75172925482748
1.5679999999998828,124.91714477539062,125.66370614359174,0.32218653863400437,129.6680066355683,116.02946385561297
1.5684999999998828,124.92859649658203,125.66370614359174,0.3323367356135065,142.0717312916433,128.3376682335936
1.5689999999998827,124.93360137939453,125.66370614359174,0.337380172313072,124.87955611532311,112.2428617086446
1.5694999999998827,124.9344482421875,125.66370614359174,0.33687270604922814,113.39489152711539,101.84607375327344
1.5699999999998826,124.93325805664062,125.66370614359174,0.3325130850740598,107.56739851235255,96.76500550211321
1.5704999999998825,124.93194580078125,125.66370614359174,0.32696425993271333,107.04320207961162,96.44883284771997
1.5709999999998825,124.93215942382812,125.66370614359174,0.32279759335788505,111.29844374914978,100.25984812846676
1.5714999999998824,124.93527221679688,125.66370614359174,0.32214039308887416,119.70213235187235,107.5152897651205
1.5719999999998824,124.9423828125,125.66370614359174,0.32645400283944115,131.55636675080723,117.5121028367531
1.5724999999998823,124.95430755615234,125.66370614359174,0.3364130867202357,143.7588161128848,129.54210763555795
1.5729999999998823,124.95975494384766,125.66370614359174,0.3418635324082919,126.48834996476343,113.37613440111669
1.5734999999998822,124.96096801757812,125.66370614359174,0.3415747964188821,114.78624650973768,102.79168203029928
1.5739999999998822,124.96004486083984,125.66370614359174,0.33726880202137927,108.64829354206675,97.44681130053334
1.574499999999882,124.95886993408203,125.66370614359174,0.33160670998262665,107.75612320153155,96.82182189218096
1.574999999999882,124.9590835571289,125.66370614359174,0.3271518010103891,111.61353056103884,100.3029476211353
1.575499999999882,124.96207427978516,125.66370614359174,0.3260348448927739,119.61124731752565,107.22591040945314
1.575999999999882,124.96893310546875,125.66370614359174,0.3297446803255943,131.06852917143226,116.90189067941463
1.5764999999998819,124.98047637939453,125.66370614359174,0.33900820106881074,143.1252582805782,128.6336176790508
1.5769999999998818,124.98551177978516,125.66370614359174,0.3449715212424979,125.7304349988791,112.36312074981335
1.5774999999998818,124.9862289428711,125.66370614359174,0.34482591701027326,113.78484884971918,101.58625079062492
1.5779999999998817,124.9847183227539,125.66370614359174,0.3403734386449524,107.33117823273281,95.99851974465939
1.5784999999998817,124.98284912109375,125.66370614359174,0.33431682434394183,106.08684521019036,95.10907909930113
1.5789999999998816,124.98226928710938,125.66370614359174,0.329250416228866,109.58335019397849,98.32628929759305
1.5794999999998816,124.98435974121094,125.66370614359174,0.32734785586168674,117.2329565792984,105.0027905139843
1.5799999999998815,124.99022674560547,125.66370614359174,0.3301624909178474,128.37163920622515,114.46263206169574
1.5804999999998814,125.00071716308594,125.66370614359174,0.33850118485450476,142.28764135092837,126.01818530414138
1.5809999999998814,125.01638793945312,125.66370614359174,0.3524269275382064,154.24728599770023,138.98151632461065
1.5814999999998813,125.02506256103516,125.66370614359174,0.3541747464995399,135.70929575003152,121.52614263422981
1.5819999999998813,125.02930450439453,125.66370614359174,0.3523729978597577,123.64665653527591,110.42818153717167
1.5824999999998812,125.03137969970703,125.66370614359174,0.34823659942891116,117.67153238270407,105.01442997014632
1.5829999999998812,125.03325653076172,125.66370614359174,0.3439731543926267,117.1781882430717,104.51522251424038
1.5834999999998811,125.03657531738281,125.66370614359174,0.34172971286395226,121.45652098899332,108.1319152223928
1.583999999999881,125.04266357421875,125.66370614359174,0.34321417796887704,129.73873008202418,115.0645010681288
1.584499999999881,125.05253601074219,125.66370614359174,0.34949983816269353,141.22810755927495,124.52618115802905
1.584999999999881,125.06688690185547,125.66370614359174,0.3609655711262275,151.59117381408242,135.75125823717633
1.585499999999881,125.07368469238281,125.66370614359174,0.3629697508144289,131.51570787663078,116.87420957315427
1.5859999999998808,125.07554626464844,125.66370614359174,0.36071003592733963,118.01339211090085,104.53095749185638
1.5864999999998808,125.07482147216797,125.66370614359174,0.3554612146790894,110.7097676717007,98.03682761784555
1.5869999999998807,125.07351684570312,125.66370614359174,0.34949588351043837,109.00913035076677,96.61366487931825
1.5874999999998807,125.07335662841797,125.66370614359174,0.3450534748424966,112.21028806561831,99.45704121321917
1.5879999999998806,125.07571411132812,125.66370614359174,0.343986055805129,119.5533514204869,105.76304904246973
1.5884999999998806,125.08165740966797,125.66370614359174,0.34756017950863083,130.24844657634995,114.74221957808635
1.5889999999998805,125.09194946289062,125.66370614359174,0.3563626341594448,140.7405348857323,125.62684404383127
1.5894999999998805,125.0946044921875,125.66370614359174,0.35926791820637066,120.38194001017152,106.5371494299608
1.5899999999998804,125.09226989746094,125.66370614359174,0.35683268906046867,106.58576922592866,94.03519616265811
1.5904999999998803,125.0873031616211,125.66370614359174,0.35062069603913515,99.02362638290796,87.45764105825667
1.5909999999998803,125.08177185058594,125.66370614359174,0.34312166023373275,97.13325194448913,86.04220948911808
1.5914999999998802,125.07743072509766,125.66370614359174,0.33677120895849694,100.23807727730947,88.99579241546988
1.5919999999998802,125.07569122314453,125.66370614359174,0.33363043190356445,107.59583986613688,95.52205680185571
1.5924999999998801,125.07767486572266,125.66370614359174,0.3351834509047882,118.42860830944807,104.83597771226864
1.59299999999988,125.08419036865234,125.66370614359174,0.3422079562032446,129.77912758633997,116.17161821385888
1.59349999999988,125.08332061767578,125.66370614359174,0.345864579643746,110.03220664810284,97.70183768995007
1.59399999999988,125.07769775390625,125.66370614359174,0.3434253620315488,96.81775978828995,85.80804053029425
1.59449999999988,125.0697021484375,125.66370614359174,0.3367097643957229,89.84871161230839,79.85577342733698
1.5949999999998798,125.06140899658203,125.66370614359174,0.32842878766896405,88.59174824213586,79.10324538636556
1.5954999999998798,125.05458068847656,125.66370614359174,0.3212237844005459,92.38956287299222,82.77077191406539
1.5959999999998797,125.05066680908203,125.66370614359174,0.31735369925825563,100.51168094601094,90.07000437158399
1.5964999999998797,125.05081939697266,125.66370614359174,0.31846987222650824,112.18611023012032,100.21964652376728
1.5969999999998796,125.05586242675781,125.66370614359174,0.3254483083006826,126.18617149772336,112.45413146236677
1.5974999999998796,125.06539154052734,125.66370614359174,0.3359546041353844,136.36207047106043,123.6988381990419
1.5979999999998795,125.06788635253906,125.66370614359174,0.33570418527552426,117.64886288585605,106.09401274626873
1.5984999999998795,125.06620025634766,125.66370614359174,0.3321458956238864,106.2642630420733,95.64205908707756
1.5989999999998794,125.06281280517578,125.66370614359174,0.32665479816669357,101.52360536426103,91.38845704938156
1.5994999999998794,125.059814453125,125.66370614359174,0.32156262610279546,102.59872128384025,92.35278646466442
1.5999999999998793,125.05890655517578,125.66370614359174,0.319120590628557,108.61113034733592,97.57882992851302
1.6004999999998792,125.0614242553711,125.66370614359174,0.3210794002868164,118.66472065512824,106.14857324342849
1.6009999999998792,125.08348846435547,125.66370614359174,0.328453478074877,129.69063854853522,117.20137438464486
1.6014999999998791,125.09834289550781,125.66370614359174,0.3321319061374221,110.44111822027357,99.18093879582385
1.601999999999879,125.10857391357422,125.66370614359174,0.32991130853202755,97.64975777023895,87.63223101595469
1.602499999999879,125.11654663085938,125.66370614359174,0.323530800370435,91.07264995587018,81.97024973808247
1.602999999999879,125.12432098388672,125.66370614359174,0.3157404011527094,90.20344753494706,81.48612414212897
1.603499999999879,125.1336669921875,125.66370614359174,0.30924974016833523,94.39925541126892,85.42019179763331
1.6039999999998789,125.14602661132812,125.66370614359174,0.30636840681141814,102.93570593624194,92.99499903957675
1.6044999999998788,125.16255950927734,125.66370614359174,0.30874726490443877,115.04144403092204,103.43356345570461
1.6049999999998787,125.18408966064453,125.66370614359174,0.317199029794555,127.77019177350363,115.9697088329536
1.6054999999998787,125.19898223876953,125.66370614359174,0.3218667174158304,110.07794811287842,99.3728638897148
1.6059999999998786,125.2096939086914,125.66370614359174,0.32076587247243393,98.5436098850627,88.92045974955477
1.6064999999998786,125.2184829711914,125.66370614359174,0.31568440293521655,92.97577635758948,84.09570559106517
1.6069999999998785,125.22732543945312,125.66370614359174,0.3093927169509245,92.91151345683508,84.24303687541116
1.6074999999998785,125.23792266845703,125.66370614359174,0.3045851465299427,97.74259612180724,88.64352874863928
1.6079999999998784,125.25167083740234,125.66370614359174,0.30351065364772745,106.77229843258185,96.55067132829672
1.6084999999998784,125.26966094970703,125.66370614359174,0.3077165779555966,119.25132931012885,107.21081223564816
1.6089999999998783,125.2927017211914,125.66370614359174,0.3178958361107739,132.0979408119536,119.87528050912124
1.6094999999998783,125.30923461914062,125.66370614359174,0.3234449817978672,114.81041423899255,103.58341453896256
1.6099999999998782,125.32162475585938,125.66370614359174,0.32347458017326663,103.440221562543,93.2022989321633
1.6104999999998781,125.33203125,125.66370614359174,0.3196340830620667,97.84110389375786,88.26761808423885
1.610999999999878,125.34239959716797,125.66370614359174,0.31458563648921584,97.58733916658707,88.16443010081193
1.611499999999878,125.35437774658203,125.66370614359174,0.31091549898448934,102.10120699420591,92.20516502664385
1.611999999999878,125.36932373046875,125.66370614359174,0.31076523716209936,110.7114640997114,99.66781304264352
1.612499999999878,125.38831329345703,125.66370614359174,0.3155994917294272,122.69050668736179,109.81809003085039
1.6129999999998779,125.41211700439453,125.66370614359174,0.3260822729563364,135.08440465822184,121.92275766007157
1.6134999999998778,125.42926025390625,125.66370614359174,0.3326905571010292,117.43763900919052,105.23342199258856
1.6139999999998778,125.4420394897461,125.66370614359174,0.3335475776649071,105.49340957576297,94.29035752675165
1.6144999999998777,125.45257568359375,125.66370614359174,0.33026401119082477,99.15928760340958,88.67670053974916
1.6149999999998776,125.46276092529297,125.66370614359174,0.3254362184812531,98.0534515364617,87.81501912707557
1.6154999999998776,125.47423553466797,125.66370614359174,0.3215815334740898,101.63492442752674,91.04779052557193
1.6159999999998775,125.48834228515625,125.66370614359174,0.32080340724890666,109.26369170785978,97.67731634295471
1.6164999999998775,125.50615692138672,125.66370614359174,0.3245913349257986,120.23902392806198,106.98916945313123
1.6169999999998774,125.52845001220703,125.66370614359174,0.3337068238963314,133.7653806682554,118.26641329604992
1.6174999999998774,125.55561065673828,125.66370614359174,0.3478817663198355,145.176891296725,130.49988817361168
1.6179999999998773,125.57536315917969,125.66370614359174,0.3512065834162706,125.70544820418765,111.94159545929216
1.6184999999998773,125.59033966064453,125.66370614359174,0.350843839407714,112.846632853258,99.94475690142636
1.6189999999998772,125.60283660888672,125.66370614359174,0.3478713609397931,106.10625207213735,93.73711642104067
1.6194999999998771,125.61483001708984,125.66370614359174,0.34439466046321376,104.80520292663958,92.4752525947958
1.619999999999877,125.62794494628906,125.66370614359174,0.34248929552321933,108.18497776591282,95.3069088298416
1.620499999999877,125.64347076416016,125.66370614359174,0.34383767789686126,115.44783494492337,101.39330896235967
1.620999999999877,125.66239166259766,125.66370614359174,0.3495497545437226,125.78102404043071,109.91998762485352
1.621499999999877,125.68534851074219,125.66370614359174,0.36010236986520566,135.62478538331206,120.1020107816274
1.6219999999998769,125.7000503540039,125.66370614359174,0.36487798440875985,113.85895896340571,99.35939635057488
1.6224999999998768,125.70921325683594,125.66370614359174,0.3644566777589803,98.81631248168215,85.44305662855207
1.6229999999998768,125.7152328491211,125.66370614359174,0.36014569076688513,90.03256197220948,77.56645063422089
1.6234999999998767,125.7201919555664,125.66370614359174,0.3542158471322767,86.85203469153447,74.87618581248726
1.6239999999998767,125.72579956054688,125.66370614359174,0.3489090213127415,88.53725576182157,76.51405105677405
1.6244999999998766,125.73343658447266,125.66370614359174,0.346135328526952,94.30917882915023,81.63797324059247
1.6249999999998765,125.74417114257812,125.66370614359174,0.34731021418279323,103.37128232054944,89.43170247089843
1.6254999999998765,125.75875091552734,125.66370614359174,0.353257472547975,114.3161186603887,99.10916801536939
1.6259999999998764,125.77616882324219,125.66370614359174,0.3611222517415244,120.91071012606139,106.26019166020681
1.6264999999998764,125.78520965576172,125.66370614359174,0.3639540520425838,98.8182429795206,85.21329960203217
1.6269999999998763,125.78888702392578,125.66370614359174,0.36200411099171287,84.21764973476738,71.70734496310666
1.6274999999998763,125.78975677490234,125.66370614359174,0.3567029321618469,76.31418320244059,64.64833197570654
1.6279999999998762,125.78994750976562,125.66370614359174,0.3502932606178922,74.21178377470706,62.95782856458261
1.6284999999998762,125.79119873046875,125.66370614359174,0.3449531518552326,76.99690896852663,65.6137334986801
1.628999999999876,125.79485321044922,125.66370614359174,0.342506348268442,83.76180511164088,71.65523825156288
1.629499999999876,125.80189514160156,125.66370614359174,0.3442577150048492,93.2003824454124,80.18148105893671
1.629999999999876,125.81173706054688,125.66370614359174,0.3486923295197302,100.35905809450541,87.23483454535038
1.630499999999876,125.81299591064453,125.66370614359174,0.3529533585354679,77.66324021291977,65.6638879664306
1.6309999999998759,125.8088150024414,125.66370614359174,0.3507847837170952,62.66553716560363,51.94670307548355
1.6314999999998758,125.8018569946289,125.66370614359174,0.34398622677376356,54.589666618198436,44.968271741208355
1.6319999999998758,125.79437255859375,125.66370614359174,0.33512295293927713,52.54964376006805,43.631434264144765
1.6324999999998757,125.7881851196289,125.66370614359174,0.3266885162890808,55.636807993266366,46.897222144472146
1.6329999999998757,125.78473663330078,125.66370614359174,0.32085460610013866,62.943951862400084,53.78914760923949
1.6334999999998756,125.78510284423828,125.66370614359174,0.31929813463133055,73.31413936716461,63.391238405155875
1.6339999999998756,125.78901672363281,125.66370614359174,0.3214616254186484,83.0589878748047,72.30264780228038
1.6344999999998755,125.79542541503906,125.66370614359174,0.32589943609708466,88.96904301870606,78.5918264382423
1.6349999999998754,125.79426574707031,125.66370614359174,0.32732627790244595,68.8794554123156,59.53686688010541
1.6354999999998754,125.78876495361328,125.66370614359174,0.32365193950674964,56.96262762218055,48.63728805564868
1.6359999999998753,125.7816390991211,125.66370614359174,0.31675518395971586,52.14452222476941,44.53591054704092
1.6364999999998753,125.77508544921875,125.66370614359174,0.309207511567859,53.32386449320403,45.96032892242441
1.6369999999998752,125.77082824707031,125.66370614359174,0.3034725005297891,59.432238096984676,51.7443747985961
1.6374999999998752,125.77017974853516,125.66370614359174,0.30158384801740584,69.25347729873724,60.81994287236306
1.6379999999998751,125.77328491210938,125.66370614359174,0.3036832706116948,79.53237142369899,70.26244149688806
1.638499999999875,125.77916717529297,125.66370614359174,0.30818731607800015,86.24000050032403,77.24694909803821
1.638999999999875,125.7776107788086,125.66370614359174,0.30996964999864696,66.55873602860045,58.54676754226971
1.639499999999875,125.77190399169922,125.66370614359174,0.3065795701229389,55.146061952013966,48.08890773671286
1.639999999999875,125.7647705078125,125.66370614359174,0.2998811657673847,50.925565608507135,44.512234188699445
1.6404999999998748,125.7584457397461,125.66370614359174,0.2925586211256384,52.79050492360997,46.53794580395897
1.6409999999998748,125.75469207763672,125.66370614359174,0.2872243987752663,59.6647612020213,52.99187510413112
1.6414999999998747,125.75482940673828,125.66370614359174,0.28604244643285476,70.37961568050137,62.79703393308453
1.6419999999998747,125.75927734375,125.66370614359174,0.28952508680032757,82.20279871081966,73.62385284645555
1.6424999999998746,125.7669906616211,125.66370614359174,0.29555019182859343,90.12972514847898,81.84949862454414
1.6429999999998746,125.76756286621094,125.66370614359174,0.2976459036321674,71.286519957688,63.8966264411552
1.6434999999998745,125.76422119140625,125.66370614359174,0.29500357507298225,60.59970780643659,54.03641126039693
1.6439999999998745,125.75965118408203,125.66370614359174,0.28937747018393484,57.025040491533126,50.95079094391597
1.6444999999998744,125.75605010986328,125.66370614359174,0.28345019889371603,59.477806106097326,53.39104680528127
1.6449999999998743,125.75516510009766,125.66370614359174,0.279838824838508,66.89620319761664,60.20343580156614
1.6454999999998743,125.75829315185547,125.66370614359174,0.2806608828831174,78.1722358469877,70.32446395021337
1.6459999999998742,125.76608276367188,125.66370614359174,0.2866645200168,91.08550559496604,82.03986410715034
1.6464999999998742,125.77741241455078,125.66370614359174,0.29495552811452636,99.54236816756959,90.95316634481713
1.6469999999998741,125.78168487548828,125.66370614359174,0.29722689065687036,80.9692483716331,73.19008292291932
1.647499999999874,125.78202819824219,125.66370614359174,0.29546474002030687,70.3843149878007,63.32263128117964
1.647999999999874,125.78108215332031,125.66370614359174,0.29116691312462895,66.7837898939772,60.08543325225703
1.648499999999874,125.781005859375,125.66370614359174,0.28685587199088436,69.11306780689033,62.26826388453533
1.648999999999874,125.78350830078125,125.66370614359174,0.2849979493128694,76.33285626887746,68.74550921678116
1.6494999999998738,125.78987121582031,125.66370614359174,0.2875431403739716,87.4185613003866,78.47436721730443
1.6499999999998738,125.80095672607422,125.66370614359174,0.2955390059743378,100.64570085399583,90.36403771692622
1.6504999999998737,125.8155746459961,125.66370614359174,0.3053760060687747,108.9417031044427,99.25180419337298
1.6509999999998737,125.82290649414062,125.66370614359174,0.3079537772740102,89.85586578782454,80.94557685635888
1.6514999999998736,125.82604217529297,125.66370614359174,0.3068550460838602,78.59187388965492,70.37755119101529
1.6519999999998736,125.82756805419922,125.66370614359174,0.30334829394953405,74.19498803433962,66.33376234243734
1.6524999999998735,125.82962036132812,125.66370614359174,0.2997710470291624,75.64840227290352,67.642572057032
1.6529999999998735,125.83387756347656,125.66370614359174,0.29842827494489377,81.94294346389167,73.20778952503152
1.6534999999998734,125.84162902832031,125.66370614359174,0.3011498018054689,92.09425540926081,82.00937856967512
1.6539999999998733,125.8537826538086,125.66370614359174,0.3090410871257434,104.55512895085275,93.09898074866967
1.6544999999998733,125.86933898925781,125.66370614359174,0.3189259124142967,112.59330367110782,101.66131689306056
1.6549999999998732,125.87725067138672,125.66370614359174,0.32227119768596574,92.5687262836347,82.43896745897459
1.6554999999998732,125.88056182861328,125.66370614359174,0.3215657188120561,80.21879021654108,70.86183214278385
1.6559999999998731,125.88185119628906,125.66370614359174,0.31805464560246755,74.6517269791739,65.76627229499225
1.656499999999873,125.88323974609375,125.66370614359174,0.31402255293849857,74.89897477930421,66.01882290163542
1.656999999999873,125.88642883300781,125.66370614359174,0.31173318561866076,79.98985387687097,70.55286353094516
1.657499999999873,125.8927230834961,125.66370614359174,0.3130315401852202,88.97110961296261,78.37141543585678
1.657999999999873,125.90304565429688,125.66370614359174,0.3191196329357653,100.4363954998211,88.54412385659363
1.6584999999998729,125.91668701171875,125.66370614359174,0.3277353567434655,108.56939990414942,96.89353095929464
1.6589999999998728,125.92235565185547,125.66370614359174,0.3322578553337822,87.63993590495808,76.82023516269963
1.6594999999998727,125.92308044433594,125.66370614359174,0.33176046916989826,74.28746761405249,64.37746976637449
1.6599999999998727,125.92145538330078,125.66370614359174,0.3276668783537637,67.68893648608167,58.44584725311712
1.6604999999998726,125.91961669921875,125.66370614359174,0.3223619490744912,66.92712122962631,57.92502728002818
1.6609999999998726,125.9193115234375,125.66370614359174,0.31819827832243314,71.07117299607441,61.7735495861291
1.6614999999998725,125.921875,125.66370614359174,0.3171521723200739,79.19877904250441,69.01339372895023
1.6619999999998725,125.92829895019531,125.66370614359174,0.3206172486014197,90.0618684512326,78.72824108216585
1.6624999999998724,125.93815612792969,125.66370614359174,0.3272956311472013,98.95502618477798,87.38481264375557
1.6629999999998724,125.93991088867188,125.66370614359174,0.333133600647547,77.62996725906834,66.97225811542249
1.6634999999998723,125.93659210205078,125.66370614359174,0.33275503219592656,63.822826013057025,54.210022718348796
1.6639999999998722,125.93082427978516,125.66370614359174,0.32787305079890317,56.77762001208254,48.01910080117373
1.6644999999998722,125.92477416992188,125.66370614359174,0.32107029188746905,55.625635036717476,47.32833511411611
1.6649999999998721,125.92023468017578,125.66370614359174,0.3148713889978533,59.47184936868385,51.1171837180185
1.665499999999872,125.9186019897461,125.66370614359174,0.3114496028830571,67.41998507239325,58.42211363190573
1.665999999999872,125.9208984375,125.66370614359174,0.31243092793747873,78.35970859469916,68.33614424683022
1.666499999999872,125.9270248413086,125.66370614359174,0.31736727813280463,89.05860348789811,77.97863983650993
1.666999999999872,125.93583679199219,125.66370614359174,0.3243628798834775,95.48384682578177,84.76405400242375
1.6674999999998719,125.93707275390625,125.66370614359174,0.3272774777549063,75.50362580782169,65.65346471020766
1.6679999999998718,125.93386840820312,125.66370614359174,0.32545426688083806,63.48612666249668,54.49734622756922
1.6684999999998718,125.92887878417969,125.66370614359174,0.32056327045888705,58.3912978261089,49.98083817731054
1.6689999999998717,125.92423248291016,125.66370614359174,0.3150373433082482,59.146561800812464,50.8635596989342
1.6694999999998716,125.92163848876953,125.66370614359174,0.31120823037643774,64.7082510053592,56.00409243888873
1.6699999999998716,125.92235565185547,125.66370614359174,0.31097564721587734,73.92921362285313,64.35379203826551
1.6704999999998715,125.9267349243164,125.66370614359174,0.3147201079482885,84.08957810579692,73.58301771649914
1.6709999999998715,125.9337158203125,125.66370614359174,0.32055460408370334,90.47099977976201,80.13429913216146
1.6714999999998714,125.93284606933594,125.66370614359174,0.32399812604151185,69.80078212404382,60.37407621529304
1.6719999999998714,125.92736053466797,125.66370614359174,0.3220888773090735,57.21746645539346,48.74148945514983
1.6724999999998713,125.91996765136719,125.66370614359174,0.3165513798237584,51.694734800358844,43.91688749585851
1.6729999999998713,125.91285705566406,125.66370614359174,0.30992735737546845,52.167456952456185,44.65379257809018
1.6734999999998712,125.90779876708984,125.66370614359174,0.3046901289919484,57.59565475067539,49.80415893398784
1.6739999999998711,125.90612030029297,125.66370614359174,0.3029140291589495,66.91031871213829,58.31243301359547
1.674499999999871,125.90849304199219,125.66370614359174,0.3056200908381139,78.0154405633043,68.50919421026269
1.674999999999871,125.913818359375,125.66370614359174,0.3107736306942102,85.51056744346509,75.94425719780983
1.675499999999871,125.91141510009766,125.66370614359174,0.31490574052512305,65.14362040065822,56.49323460218333
1.675999999999871,125.90451049804688,125.66370614359174,0.31315937442405495,52.82844053936877,45.15301861631112
1.6764999999998709,125.89581298828125,125.66370614359174,0.3073845732900146,47.58334489182097,40.63875498296711
1.6769999999998708,125.8875503540039,125.66370614359174,0.30026702739599836,48.373564719582404,41.727605995063364
1.6774999999998708,125.88150024414062,125.66370614359174,0.294429950215472,54.17929748278314,47.286859659106405
1.6779999999998707,125.87902069091797,125.66370614359174,0.29210056200960305,64.00751709506854,56.27015824267665
1.6784999999998707,125.88106536865234,125.66370614359174,0.2948422087200716,76.39277875151446,67.68222234991079
1.6789999999998706,125.8864974975586,125.66370614359174,0.300303336416317,85.06329363198654,76.19565256414853
1.6794999999998705,125.88440704345703,125.66370614359174,0.30490813353054336,65.24863516093443,57.26780091811816
1.6799999999998705,125.87798309326172,125.66370614359174,0.3035349218173604,53.39744181759999,46.3532439925902
1.6804999999998704,125.86991882324219,125.66370614359174,0.2980519504366907,48.57332928116328,42.21233021045104
1.6809999999998704,125.8624267578125,125.66370614359174,0.2912223900634268,49.77281993213704,43.653812971727454
1.6814999999998703,125.85728454589844,125.66370614359174,0.28575760438402187,55.997123823143646,49.56643530097376
1.6819999999998703,125.85586547851562,125.66370614359174,0.2839586149010896,66.26922233133942,58.91789217768524
1.6824999999998702,125.85913848876953,125.66370614359174,0.287440106352271,79.20972502542843,70.74917814877897
1.6829999999998702,125.86621856689453,125.66370614359174,0.29408293842322053,88.94976748671539,80.34114512602565
1.68349999999987,125.86598205566406,125.66370614359174,0.2990124253768846,69.68919314159545,61.92056759650204
1.68399999999987,125.86154174804688,125.66370614359174,0.2981990913580302,58.22916720032209,51.329304863451135
1.68449999999987,125.85553741455078,125.66370614359174,0.2934329176703387,53.687392121542764,47.38775165056229
1.68499999999987,125.85015106201172,125.66370614359174,0.2874670229933149,55.09939173926537,48.94814797114789
1.6854999999998699,125.8471450805664,125.66370614359174,0.28300873169121316,61.49421238959695,54.93036964077688
1.6859999999998698,125.84786987304688,125.66370614359174,0.28233187533843096,71.91455136489569,64.32419073379683
1.6864999999998698,125.85330200195312,125.66370614359174,0.2869912914002835,85.04184696424724,76.18596629102699
1.6869999999998697,125.86282348632812,125.66370614359174,0.2951206000710131,95.41607683309067,86.47500577532617
1.6874999999998697,125.86507415771484,125.66370614359174,0.3003341684384564,76.32652614034333,68.18533220031709
1.6879999999998696,125.86309814453125,125.66370614359174,0.3001234401939953,64.84831791012162,57.52587850734041
1.6884999999998695,125.85946655273438,125.66370614359174,0.2961380188806961,60.15784967821494,53.38056588130156
1.6889999999998695,125.8563461303711,125.66370614359174,0.291045599498646,61.33423052330753,54.648541481416565
1.6894999999998694,125.85546875,125.66370614359174,0.28747461081007875,67.43913821881527,60.2842930291025
1.6899999999998694,125.85816192626953,125.66370614359174,0.28761466325062574,77.53991362674223,69.30318296408096
1.6904999999998693,125.86542510986328,125.66370614359174,0.2929441836574461,90.39740806163947,80.78043491077051
1.6909999999998693,125.87687683105469,125.66370614359174,0.3020145117389266,101.04671907422428,91.35520108680461
1.6914999999998692,125.88095092773438,125.66370614359174,0.3076727637719327,81.67950903296435,72.7737238966814
1.6919999999998692,125.88060760498047,125.66370614359174,0.3079608476733135,69.74025127552544,61.65602787983526
1.692499999999869,125.87838745117188,125.66370614359174,0.30443217357277014,64.46918655274918,56.947411453826646
1.692999999999869,125.87643432617188,125.66370614359174,0.29967169223696977,64.99350367068021,57.59289860305679
1.693499999999869,125.87645721435547,125.66370614359174,0.29623035354824834,70.41191336472858,62.58153296692877
1.693999999999869,125.87980651855469,125.66370614359174,0.29624062696655024,79.8206135451937,70.95485109923622
1.6944999999998689,125.88746643066406,125.66370614359174,0.3011682841079437,92.08502949126562,81.80786338297236
1.6949999999998688,125.89935302734375,125.66370614359174,0.31017704187408146,102.93644139888855,92.46050933016666
1.6954999999998688,125.90364837646484,125.66370614359174,0.3165652979884918,83.03255529526228,73.35689712003999
1.6959999999998687,125.90328216552734,125.66370614359174,0.31720578705763414,70.40163219660239,61.60687949565446
1.6964999999998687,125.90077209472656,125.66370614359174,0.31367604280041345,64.3520037546587,56.21207661135474
1.6969999999998686,125.89823913574219,125.66370614359174,0.3085521052412128,64.06199161198776,56.159740350594355
1.6974999999998686,125.89741516113281,125.66370614359174,0.3043720642507162,68.66983547324956,60.4709202911997
1.6979999999998685,125.89967346191406,125.66370614359174,0.30328619130658047,77.30252184124787,68.21143262352582
1.6984999999998684,125.90601348876953,125.66370614359174,0.30683270987038774,88.9439790544667,78.49459659572643
1.6989999999998684,125.91664123535156,125.66370614359174,0.31489358830767794,101.0965761709282,89.32381968704959
1.6994999999998683,125.9303207397461,125.66370614359174,0.32464214882727954,108.24288125114921,97.0032362072516
1.6999999999998683,125.93647003173828,125.66370614359174,0.32801241361580846,88.51678247877253,78.03378628268266
1.7004999999998682,125.9381332397461,125.66370614359174,0.32740036712239684,76.51467630392938,66.75074130783634
1.7009999999998682,125.93787384033203,125.66370614359174,0.3241717174999494,71.25601166416813,61.912693401936046
1.7014999999998681,125.93778228759766,125.66370614359174,0.32057068897006863,71.71286794928466,62.33318439036928
1.701999999999868,125.93951416015625,125.66370614359174,0.31876634902098067,76.87550977322117,66.91056759973247
1.702499999999868,125.94429779052734,125.66370614359174,0.320494535874339,85.70810933419794,74.62576472307393
1.702999999999868,125.95283508300781,125.66370614359174,0.32652633116401747,96.24706898016278,84.06246678997222
1.703499999999868,125.96393585205078,125.66370614359174,0.334191652723602,102.44981684508573,90.53606502566421
1.7039999999998678,125.96684265136719,125.66370614359174,0.33833005168459884,80.96427119798297,69.9050725824856
1.7044999999998678,125.96470642089844,125.66370614359174,0.33744994845477144,67.3382200850571,57.19849128577996
1.7049999999998677,125.9601821899414,125.66370614359174,0.3330271030477002,60.61680396866284,51.168167170365756
1.7054999999998677,125.95543670654297,125.66370614359174,0.32741153314640303,59.79000118647119,50.621383591926445
1.7059999999998676,125.95220947265625,125.66370614359174,0.3229051885478451,63.861903202248605,54.45132063735606
1.7064999999998676,125.95184326171875,125.66370614359174,0.32144040782357886,71.86537188390552,61.63446485986562
1.7069999999998675,125.95527648925781,125.66370614359174,0.3243867441950905,82.37197274562493,71.22384733126567
1.7074999999998675,125.96144104003906,125.66370614359174,0.3296097918249499,89.48793139863501,78.10751370628962
1.7079999999998674,125.9593276977539,125.66370614359174,0.3349768421259696,67.68468043472768,57.23767238916557
1.7084999999998673,125.95211029052734,125.66370614359174,0.33396974358114023,53.75742682706103,44.389651769186365
1.7089999999998673,125.94248962402344,125.66370614359174,0.3284000064172923,46.80961508219927,38.34338763156026
1.7094999999998672,125.93270874023438,125.66370614359174,0.32087037436631605,45.87167928252215,37.925082984755946
1.7099999999998672,125.92456817626953,125.66370614359174,0.3139146966160646,49.97598785428008,42.04004744180699
1.7104999999998671,125.9194564819336,125.66370614359174,0.30972327386172915,58.17425504133114,49.671584899929634
1.710999999999867,125.91839599609375,125.66370614359174,0.30995034993142595,69.19879265336046,59.875276692278206
1.711499999999867,125.92064666748047,125.66370614359174,0.3134013551093264,78.42925887944384,68.2175707033357
1.711999999999867,125.92523193359375,125.66370614359174,0.31907496461219165,83.95812729293634,74.09319797417356
1.712499999999867,125.92240142822266,125.66370614359174,0.32137405470916813,64.3983440506216,55.420215619741356
1.7129999999998669,125.9154052734375,125.66370614359174,0.3187807060660187,53.04533419124366,44.93699577839235
1.7134999999998668,125.90693664550781,125.66370614359174,0.3131398537182341,48.74369694458104,41.21734167154001
1.7139999999998667,125.89915466308594,125.66370614359174,0.3069725252732005,50.339006569727246,42.94105544842671
1.7144999999998667,125.89374542236328,125.66370614359174,0.302675969090899,56.728613464388616,48.90968939823698
1.7149999999998666,125.89196014404297,125.66370614359174,0.30219675190589546,66.59783898427648,58.034217710936474
1.7154999999998666,125.89352416992188,125.66370614359174,0.30509071141657235,75.8574761452934,66.46046977063187
1.7159999999998665,125.89750671386719,125.66370614359174,0.3102473351989638,81.73229088688387,72.56796481028069
1.7164999999998665,125.89398956298828,125.66370614359174,0.312869580287205,61.95112823870019,53.68029148522001
1.7169999999998664,125.88627624511719,125.66370614359174,0.31030337056871443,50.47853702510032,43.10147357584927
1.7174999999998664,125.8770980834961,125.66370614359174,0.3043961867788203,46.16997870944258,39.40649704158627
1.7179999999998663,125.86865234375,125.66370614359174,0.29776236522596516,47.87547305254627,41.2728961399261
1.7184999999998662,125.8626937866211,125.66370614359174,0.2929282020599757,54.49273642047198,47.49779993327818
1.7189999999998662,125.8604965209961,125.66370614359174,0.2919800529724442,64.77516644826757,56.9863555667336
1.7194999999998661,125.86211395263672,125.66370614359174,0.29497864517103445,75.25417199434295,66.57193709102292
1.719999999999866,125.86656188964844,125.66370614359174,0.30045190917646586,82.24780274893524,73.71104417604393
1.720499999999866,125.86367797851562,125.66370614359174,0.3034900858043764,62.92982501879616,55.257327716637924
1.720999999999866,125.85673522949219,125.66370614359174,0.30129003373628094,51.84670725579335,45.02923476061311
1.721499999999866,125.84844970703125,125.66370614359174,0.29570250782247737,47.896663436568275,41.64437193489402
1.7219999999998659,125.84101867675781,125.66370614359174,0.28940915922275734,49.95865362289376,43.809637903083946
1.7224999999998658,125.83618927001953,125.66370614359174,0.2850136605657048,56.94943697410942,50.341764607990854
1.7229999999998658,125.83526611328125,125.66370614359174,0.2846613437898654,67.69079211663183,60.15841601242068
1.7234999999998657,125.83856201171875,125.66370614359174,0.2887859801793385,79.34054215706799,70.79323517919893
1.7239999999998656,125.84503936767578,125.66370614359174,0.29540715443637283,87.17983448058077,78.80301366191819
1.7244999999998656,125.84429931640625,125.66370614359174,0.29873298113039487,68.19175472521937,60.63298808445838
1.7249999999998655,125.83955383300781,125.66370614359174,0.29709850540677973,57.31433201938609,50.546424703148496
1.7254999999998655,125.83348083496094,125.66370614359174,0.29224415463196995,53.492462141429044,47.212581155795135
1.7259999999998654,125.8282699584961,125.66370614359174,0.2868208228001898,55.63808283996702,49.37514928329776
1.7264999999998654,125.82564544677734,125.66370614359174,0.2834115185591098,62.69108813834286,55.876755331378504
1.7269999999998653,125.82689666748047,125.66370614359174,0.28412207680762075,73.54823711576218,65.65306041585175
1.7274999999998653,125.8326416015625,125.66370614359174,0.28973607350049396,85.97596522015273,76.93835938837466
1.7279999999998652,125.84174346923828,125.66370614359174,0.297668037546848,94.20151166719037,85.40683276027256
1.7284999999998651,125.84358215332031,125.66370614359174,0.3012504019300543,75.12924030617499,67.11815884768215
1.728999999999865,125.84130096435547,125.66370614359174,0.30019069093856715,64.02454475908421,56.764430720957876
1.729499999999865,125.83755493164062,125.66370614359174,0.29606288346088827,59.88296001143889,53.06882552331997
1.729999999999865,125.83450317382812,125.66370614359174,0.2914171786138649,61.653538445825525,54.81431744644829
1.730499999999865,125.8338623046875,125.66370614359174,0.2887506637629211,68.30377307522132,60.872212860530354
1.7309999999998649,125.83692169189453,125.66370614359174,0.29008935523158325,78.82207493973488,70.19913457005343
1.7314999999998648,125.84456634521484,125.66370614359174,0.2966449933454661,91.57324945218548,81.72964858371522
1.7319999999998648,125.8555908203125,125.66370614359174,0.30529421691042175,99.8446896809936,90.26299324279299
1.7324999999998647,125.85914611816406,125.66370614359174,0.30928465919531234,80.25723362925453,71.45461077530217
1.7329999999998646,125.85833740234375,125.66370614359174,0.30865920280522935,68.50431666923993,60.46923209177631
1.7334999999998646,125.85578155517578,125.66370614359174,0.30487699167303084,63.637066859469,56.08143065262559
1.7339999999998645,125.85364532470703,125.66370614359174,0.30040160476516875,64.64598277798576,57.112150956501694
1.7344999999998645,125.85362243652344,125.66370614359174,0.2976602146207387,70.53033941650745,62.461010225523616
1.7349999999998644,125.85704040527344,125.66370614359174,0.2986412173653008,80.31452554314792,71.10586762269364
1.7354999999998644,125.86482238769531,125.66370614359174,0.30464598268872023,92.54308397532562,82.0975345379314
1.7359999999998643,125.87601470947266,125.66370614359174,0.313085044964807,101.02032452715704,90.70138188893445
1.7364999999998643,125.8795166015625,125.66370614359174,0.3178209976843181,80.83904169843954,71.322746499739
1.7369999999998642,125.87838745117188,125.66370614359174,0.3174998252001208,68.35917186376159,59.68028538373789
1.7374999999998642,125.87523651123047,125.66370614359174,0.3136154594252627,62.698683346603865,54.602450530926355
1.737999999999864,125.87223815917969,125.66370614359174,0.30863803064568623,62.8977845093779,54.95017094349385
1.738499999999864,125.87109375,125.66370614359174,0.3050023967617709,67.99378666061888,59.65298801057546
1.738999999999864,125.87316131591797,125.66370614359174,0.3047400874981559,77.04031976128131,67.71112097697028
1.739499999999864,125.87938690185547,125.66370614359174,0.30924934016385763,88.71392566135891,78.19189372514032
1.7399999999998639,125.88912963867188,125.66370614359174,0.3167568812194786,97.72177660927416,87.05841578972112
1.7404999999998638,125.8910140991211,125.66370614359174,0.32245738343583746,77.10612820948657,67.28279777508708
1.7409999999998638,125.88809967041016,125.66370614359174,0.3223459304779969,64.08189806518617,55.19032015331738
1.7414999999998637,125.88299560546875,125.66370614359174,0.3180665513259149,57.83675432891038,49.660921235514365
1.7419999999998637,125.87786102294922,125.66370614359174,0.3121838958730854,57.46197198308394,49.59332256305277
1.7424999999998636,125.87445068359375,125.66370614359174,0.3072155924212723,62.03313448893335,53.944866375348035
1.7429999999998635,125.8741455078125,125.66370614359174,0.30530336401837577,70.63242691805844,61.73593556933482
1.7434999999998635,125.8779296875,125.66370614359174,0.30799614362604966,82.06999212064139,72.04809000720256
1.7439999999998634,125.88548278808594,125.66370614359174,0.3143294616937185,92.70458076005795,81.54436746119482
1.7444999999998634,125.89569091796875,125.66370614359174,0.3225389805269881,98.8846968831476,88.23491631542007
1.7449999999998633,125.89842224121094,125.66370614359174,0.32529408215302985,79.27751974964475,69.42154530493907
1.7454999999998633,125.89683532714844,125.66370614359174,0.3238764131976994,67.62886097804137,58.52559947082162
1.7459999999998632,125.89352416992188,125.66370614359174,0.3198242563254303,62.8586705495865,54.20737609665628
1.7464999999998632,125.89061737060547,125.66370614359174,0.31546256769664505,63.86788334405828,55.20979441977727
1.746999999999863,125.8897705078125,125.66370614359174,0.31301526505488425,69.59526491094839,60.38068417559723
1.747499999999863,125.89220428466797,125.66370614359174,0.31425764155805663,78.8266818591741,68.66509592472798
1.747999999999863,125.89807891845703,125.66370614359174,0.3191254440808305,88.46376287100423,77.32017149788842
1.748499999999863,125.90634155273438,125.66370614359174,0.32584164366153473,94.1748221157207,83.33885105081588
1.7489999999998629,125.90667724609375,125.66370614359174,0.3291746323956105,73.35617597666273,63.38591912382212
1.7494999999998628,125.90231323242188,125.66370614359174,0.32755946816263215,60.620763750686514,51.54674810301686
1.7499999999998628,125.89593505859375,125.66370614359174,0.3225997400011238,54.90999459016612,46.47869315371282
1.7504999999998627,125.88973236083984,125.66370614359174,0.3167167882919895,55.13862295757021,46.92045836871568
1.7509999999998627,125.88543701171875,125.66370614359174,0.3122643552258038,60.25485374523326,51.71531322833007
1.7514999999998626,125.88436126708984,125.66370614359174,0.3111976178085449,69.14528183868222,59.803522746143194
1.7519999999998626,125.8869857788086,125.66370614359174,0.3142139818707476,79.37087390206865,69.14255448229808
1.7524999999998625,125.89225006103516,125.66370614359174,0.31946624790655975,86.03466237891506,75.77829617082126
1.7529999999998624,125.88957977294922,125.66370614359174,0.3236810625166861,65.15258159201915,55.808339953969856
1.7534999999998624,125.88221740722656,125.66370614359174,0.32204508582039043,52.34713844415917,43.99359454616777
1.7539999999998623,125.87288665771484,125.66370614359174,0.31637303671595285,46.61139153306965,39.02342491201276
1.7544999999998623,125.86380767822266,125.66370614359174,0.3092742510872676,46.89545491060962,39.658056071262884
1.7549999999998622,125.85675811767578,125.66370614359174,0.3032890888426864,52.171605314529124,44.754581041994925
1.7554999999998622,125.85308074951172,125.66370614359174,0.30057777432673893,61.415450840031696,53.261266871042444
1.7559999999998621,125.8536148071289,125.66370614359174,0.3024894439562379,72.87716238283568,63.84918685446899
1.756499999999862,125.85723876953125,125.66370614359174,0.3070636260232855,80.9120916408271,71.62319076870675
1.756999999999862,125.85313415527344,125.66370614359174,0.3119584629970445,60.554041913862655,52.180552991096285
1.757499999999862,125.84453582763672,125.66370614359174,0.31047897879391173,48.22291610929674,40.85306758785481
1.757999999999862,125.83415985107422,125.66370614359174,0.3045819652015284,42.96133114005202,36.371381913206896
1.7584999999998618,125.82423400878906,125.66370614359174,0.2970396775739368,43.7528493994544,37.5238151061854
1.7589999999998618,125.81656646728516,125.66370614359174,0.2905607818512434,49.59156339118115,43.1857178612758
1.7594999999998617,125.81253051757812,125.66370614359174,0.28747271317585166,59.49731025511086,52.316350843917654
1.7599999999998617,125.81311798095703,125.66370614359174,0.2894686599383654,72.10119638469357,63.95182337561328
1.7604999999998616,125.81732177734375,125.66370614359174,0.29460426472283574,82.24067785212875,73.072625446962
1.7609999999998616,125.82421112060547,125.66370614359174,0.30196957274032005,88.402520938847,79.81980219308878
1.7614999999998615,125.82425689697266,125.66370614359174,0.3034058975017306,70.40962783266029,62.59733436950998
1.7619999999998615,125.8206787109375,125.66370614359174,0.3010300242695512,60.638789104146895,53.483284620125936
1.7624999999998614,125.81612396240234,125.66370614359174,0.296552950210664,57.8768176565255,51.02322279390141
1.7629999999998613,125.81270599365234,125.66370614359174,0.2924348963057661,60.92652911105962,53.876158483010215
1.7634999999998613,125.81204986572266,125.66370614359174,0.2909906961928182,68.65202323057495,60.82799774234247
1.7639999999998612,125.81535339355469,125.66370614359174,0.2939894182313881,79.59348231778965,70.77809958388266
1.7644999999998612,125.82203674316406,125.66370614359174,0.29994247586450423,88.32671044366224,79.30629768350032
1.7649999999998611,125.82091522216797,125.66370614359174,0.3052588539758591,67.82132398837464,59.667118322344066
1.765499999999861,125.81517791748047,125.66370614359174,0.3044889028414786,55.24811149041902,48.04415449380987
1.765999999999861,125.80753326416016,125.66370614359174,0.2993462641760526,49.716496273668795,43.23471127202801
1.766499999999861,125.80021667480469,125.66370614359174,0.2925547677026301,50.25662296679992,44.07345367763999
1.766999999999861,125.79505157470703,125.66370614359174,0.28683296864198393,55.89494328719127,49.467523280747656
1.7674999999998608,125.7934341430664,125.66370614359174,0.28452667809903687,65.67345032573489,58.39757821709744
1.7679999999998608,125.79639434814453,125.66370614359174,0.28733356275042704,78.35482229167668,69.91342497627757
1.7684999999998607,125.80352020263672,125.66370614359174,0.2940738228047079,90.04000213651308,80.40653062538613
1.7689999999998607,125.8137435913086,125.66370614359174,0.30294118646238444,97.25245329952433,88.18380318788792
1.7694999999998606,125.8170166015625,125.66370614359174,0.30519213843845766,79.07866653475949,70.73226243390297
1.7699999999998606,125.81649780273438,125.66370614359174,0.3038254839327742,68.92121097221772,61.178082631052725
1.7704999999998605,125.81478118896484,125.66370614359174,0.30041676375632687,65.64627698689583,58.158403650623235
1.7709999999998605,125.81395721435547,125.66370614359174,0.2972952775111543,68.1181860027083,60.395936522732406
1.7714999999998604,125.81564331054688,125.66370614359174,0.2966725373989242,75.25098897217396,66.7243217201918
1.7719999999998604,125.821044921875,125.66370614359174,0.30025352713159,85.76496445297161,76.07894067523964
1.7724999999998603,125.83018493652344,125.66370614359174,0.30747959682798987,96.32350397206721,85.47786788039015
1.7729999999998602,125.84199523925781,125.66370614359174,0.31634659088175515,102.46404823645966,92.22756611740358
1.7734999999998602,125.84627532958984,125.66370614359174,0.31893963621394716,82.74195987199391,73.26839386607779
1.7739999999998601,125.84619140625,125.66370614359174,0.31770795438687577,71.07220276202692,62.288753706584494
1.77449999999986,125.84437561035156,125.66370614359174,0.31410693306359716,66.34027920769721,57.94001106803648
1.77499999999986,125.84297180175781,125.66370614359174,0.31035105759516785,67.43242459196543,58.95365297786355
1.77549999999986,125.84363555908203,125.66370614359174,0.3086152537386814,73.27941487799997,64.17066030121927
1.77599999999986,125.84761810302734,125.66370614359174,0.3106428347325488,82.70906064594767,72.5319790490984
1.7764999999998599,125.85527801513672,125.66370614359174,0.31660477392781355,93.0287281086114,81.77434195240775
1.7769999999998598,125.86550903320312,125.66370614359174,0.3242936975211243,99.1509899537585,88.26407752808723
1.7774999999998597,125.86783599853516,125.66370614359174,0.32777736838945226,78.44594845421808,68.38740584301912
1.7779999999998597,125.8654556274414,125.66370614359174,0.3265825661518965,65.75321732252979,56.5223063188075
1.7784999999998596,125.86103057861328,125.66370614359174,0.3222945845667915,60.0165796711862,51.35671461623178
1.7789999999998596,125.8567123413086,125.66370614359174,0.3172146985008945,60.16571059227273,51.64868799015775
1.7794999999998595,125.85423278808594,125.66370614359174,0.31361232323701216,65.16430160221218,56.25864857152688
1.7799999999998595,125.8548812866211,125.66370614359174,0.3133724531041589,73.95793285457223,64.14150721224753
1.7804999999998594,125.8593521118164,125.66370614359174,0.3174159611447978,84.54735121171804,73.76599372872982
1.7809999999998594,125.86651611328125,125.66370614359174,0.3235078119099369,91.31618090483627,80.54394617000874
1.7814999999998593,125.86563110351562,125.66370614359174,0.3280232904048342,70.16842992286395,60.28633810554274
1.7819999999998593,125.85990142822266,125.66370614359174,0.32682738695852576,57.01047526301657,48.08454659618787
1.7824999999998592,125.85202026367188,125.66370614359174,0.32173394543727013,50.84540003044398,42.66252784675282
1.7829999999998591,125.84419250488281,125.66370614359174,0.31521762693483996,50.645266468215574,42.80340261818842
1.783499999999859,125.83818817138672,125.66370614359174,0.3097145999924685,55.404214641469615,47.384766015406704
1.783999999999859,125.83535766601562,125.66370614359174,0.3073050687380842,64.1490540598599,55.37270051580252
1.784499999999859,125.83667755126953,125.66370614359174,0.3094975781136612,75.4827216035756,65.81283802130989
1.784999999999859,125.84105682373047,125.66370614359174,0.3142722897604637,84.12833146742935,73.51639495855241
1.7854999999998589,125.84756469726562,125.66370614359174,0.32098489444040323,88.88736944806861,78.88033324722466
1.7859999999998588,125.84674072265625,125.66370614359174,0.32252538449422474,69.59018516828245,60.420665997559595
1.7864999999998588,125.84182739257812,125.66370614359174,0.31992065510074164,58.551910425949295,50.141794902898404
1.7869999999998587,125.83550262451172,125.66370614359174,0.3149495911948917,54.53333066986644,46.57285062064242
1.7874999999998586,125.82988739013672,125.66370614359174,0.3099316443892597,56.334274204090185,48.36101166165912
1.7879999999998586,125.82662963867188,125.66370614359174,0.3070781518019156,62.82471409794413,54.28912672325099
1.7884999999998585,125.82694244384766,125.66370614359174,0.3081455964595796,72.57509602676903,63.25883246636716
1.7889999999998585,125.8302001953125,125.66370614359174,0.3119674609318065,80.8529841753085,70.68788841502386
1.7894999999998584,125.83553314208984,125.66370614359174,0.3177490009086056,85.63694999802853,75.92448224193859
1.7899999999998584,125.83329010009766,125.66370614359174,0.31970373061411894,65.67463626385526,56.839952947702436
1.7904999999998583,125.82677459716797,125.66370614359174,0.3170017260135387,54.084588048859686,46.089876324063546
1.7909999999998583,125.81871032714844,125.66370614359174,0.311455199994326,49.64380477571128,42.20391151365185
1.7914999999998582,125.8113021850586,125.66370614359174,0.3054770689220002,51.16124809345014,43.82666800263279
1.7919999999998582,125.80623626708984,125.66370614359174,0.30140890535124326,57.511622553625884,49.73681768517891
1.792499999999858,125.8047866821289,125.66370614359174,0.30116674123376913,67.36276204469024,58.83076641069744
1.792999999999858,125.80668640136719,125.66370614359174,0.3042625437258698,76.61509118140968,67.24172414790634
1.793499999999858,125.81100463867188,125.66370614359174,0.30957541673386685,82.46680013873599,73.3516902223147
1.793999999999858,125.80783081054688,125.66370614359174,0.3121401267900841,62.71573029216283,54.48610143761527
1.7944999999998579,125.80046081542969,125.66370614359174,0.3096048821792442,51.2962054624402,43.93021819313544
1.7949999999998578,125.79163360595703,125.66370614359174,0.30388288087545223,47.032877672181435,40.25246356077411
1.7954999999998578,125.7835464477539,125.66370614359174,0.29751074341417305,48.76673562880547,42.12337930566233
1.7959999999998577,125.77793884277344,125.66370614359174,0.292961964137072,55.3937839850936,48.338580811304624
1.7964999999998577,125.77608489990234,125.66370614359174,0.2922844577653748,65.66891374145841,57.80476060387513
1.7969999999998576,125.77804565429688,125.66370614359174,0.2955132742958373,76.15024098101877,67.38405709585778
1.7974999999998575,125.7828369140625,125.66370614359174,0.30114744651750575,83.10885361565816,74.5066311873372
1.7979999999998575,125.7802734375,125.66370614359174,0.3041829658168408,63.7546387231129,56.01431775682105
1.7984999999998574,125.77362823486328,125.66370614359174,0.30202526063098295,52.64417269734278,45.73868428377812
1.7989999999998574,125.76561737060547,125.66370614359174,0.2965997941203079,48.65119163972321,42.295934541967554
1.7994999999998573,125.75843811035156,125.66370614359174,0.29050654338578485,50.649977643464354,44.389452533655074
1.7999999999998573,125.75382232666016,125.66370614359174,0.2862908081381829,57.55900519858188,50.83715222705849
1.8004999999998572,125.75308227539062,125.66370614359174,0.2860582725649192,68.20880814912518,60.560347290740935
1.8009999999998572,125.75653839111328,125.66370614359174,0.2902570703410367,79.81125626682491,71.15084837992048
1.801499999999857,125.7631607055664,125.66370614359174,0.29688604516416234,87.59209682352453,79.1031781772638
1.801999999999857,125.76251983642578,125.66370614359174,0.30024488222756396,68.49113489749006,60.82692962369285
1.802499999999857,125.75782775878906,125.66370614359174,0.2986086772094962,57.511751435911606,50.632513019469485
1.802999999999857,125.75176239013672,125.66370614359174,0.2938111505300484,53.577540391802515,47.189156817067314
1.8034999999998569,125.74651336669922,125.66370614359174,0.28842900605262456,55.59770481788198,49.23767974171488
1.8039999999998568,125.74380493164062,125.66370614359174,0.2849951095525378,62.51537269984937,55.62239947729267
1.8044999999998568,125.74493408203125,125.66370614359174,0.28559017310466067,73.24189723670506,65.28300600313905
1.8049999999998567,125.75054168701172,125.66370614359174,0.2910605578492848,85.62465408389393,76.53871540977879
1.8054999999998567,125.7594985961914,125.66370614359174,0.2988200245579431,93.83184966408128,84.965453461691
1.8059999999998566,125.76113891601562,125.66370614359174,0.3024743827870397,74.63196374724966,66.56286080494337
1.8064999999998566,125.75861358642578,125.66370614359174,0.30136644612237806,63.41572909378868,56.101925897934315
1.8069999999998565,125.75458526611328,125.66370614359174,0.2971909384743746,59.159335649497706,52.30651392394543
1.8074999999998564,125.75121307373047,125.66370614359174,0.29244300746860974,60.810287411020894,53.95692068449666
1.8079999999998564,125.75021362304688,125.66370614359174,0.2895886213958307,67.34009452452742,59.926194246041746
1.8084999999998563,125.75289154052734,125.66370614359174,0.2906493123382028,77.75482353345843,69.17491237878409
1.8089999999998563,125.76016998291016,125.66370614359174,0.29693160579995365,90.52313433309385,80.74279554196936
1.8094999999998562,125.77084350585938,125.66370614359174,0.30532588800372906,98.86703639605247,89.3076159006781
1.8099999999998562,125.77401733398438,125.66370614359174,0.30941013082173985,79.20351889161712,70.43899803440644
1.8104999999998561,125.7728042602539,125.66370614359174,0.30871787235093434,67.39357274526468,59.40223485529778
1.810999999999856,125.76983642578125,125.66370614359174,0.30484897504337677,62.469752363490464,54.97358723547465
1.811499999999856,125.76725769042969,125.66370614359174,0.3002282764357355,63.42164315502176,55.97181756146461
1.811999999999856,125.76679992675781,125.66370614359174,0.29726687194909823,69.25281299344566,61.29850770369085
1.812499999999856,125.769775390625,125.66370614359174,0.297960510377371,78.99397367737099,69.93543530451474
1.8129999999998558,125.7771224975586,125.66370614359174,0.3036363178061982,91.22077439321956,80.93797306375475
1.8134999999998558,125.78795623779297,125.66370614359174,0.31186691455881843,99.90745029085956,89.70440190137734
1.8139999999998557,125.79109954833984,125.66370614359174,0.31670372231293353,79.76064090100921,70.37348957899012
1.8144999999998557,125.78963470458984,125.66370614359174,0.3163329238064183,67.32570963371043,58.77434452458158
1.8149999999998556,125.78616333007812,125.66370614359174,0.3123985495365792,61.703674769898655,53.740477419499015
1.8154999999998556,125.7828598022461,125.66370614359174,0.30733807937249036,61.93541078047715,54.133041932034814
1.8159999999998555,125.78143310546875,125.66370614359174,0.30357452973076393,67.06352009674853,58.88515517775633
1.8164999999998555,125.78324127197266,125.66370614359174,0.3031464139239254,76.14852273942037,67.00202275560646
1.8169999999998554,125.78923797607422,125.66370614359174,0.30747150191450456,87.89680454026286,77.55617572088066
1.8174999999998553,125.79885864257812,125.66370614359174,0.3149173035341774,97.18025361445153,86.66769466044494
1.8179999999998553,125.80066680908203,125.66370614359174,0.3206895517272077,76.6731660325647,67.00903274922082
1.8184999999998552,125.79769897460938,125.66370614359174,0.3205577039046863,63.75856060407063,55.01365358887335
1.8189999999998552,125.79257202148438,125.66370614359174,0.3163058658740399,57.60764483182901,49.56954249435501
1.8194999999998551,125.7874526977539,125.66370614359174,0.31045757950022645,57.31321297606281,49.57777378718429
1.819999999999855,125.78408813476562,125.66370614359174,0.30551139919739695,61.95673549764391,54.00077466908514
1.820499999999855,125.78385162353516,125.66370614359174,0.3036063793073244,70.62770869165475,61.865002329865874
1.820999999999855,125.78775024414062,125.66370614359174,0.3062982237570934,82.16353960129105,72.25802609701277
1.821499999999855,125.79552459716797,125.66370614359174,0.31274307309877203,93.08044688619914,82.02336694140973
1.8219999999998548,125.80604553222656,125.66370614359174,0.32105152587479435,99.49622364921979,88.94702331906934
1.8224999999998548,125.80912017822266,125.66370614359174,0.3238136296668785,79.97316236303733,70.21926170407653
1.8229999999998547,125.80789184570312,125.66370614359174,0.32241005598963896,68.40832256487235,59.38728457357082
1.8234999999998547,125.80496978759766,125.66370614359174,0.3184683290537439,63.70670213077474,55.11929310567555
1.8239999999998546,125.80245971679688,125.66370614359174,0.31425789089856915,64.77098597341285,56.1611903679646
1.8244999999998546,125.8020248413086,125.66370614359174,0.3119713537102499,70.54544716049945,61.36608085948177
1.8249999999998545,125.80489349365234,125.66370614359174,0.31336738594418684,79.84207153833115,69.68498526353365
1.8254999999998545,125.81128692626953,125.66370614359174,0.31848716700396384,89.73747287661291,78.57662059109492
1.8259999999998544,125.82015228271484,125.66370614359174,0.3254078840382238,95.62537520284314,84.78536331780856
1.8264999999998544,125.82109832763672,125.66370614359174,0.3287540689399667,74.83456694033573,64.85943921258513
1.8269999999998543,125.81733703613281,125.66370614359174,0.3271929965780423,62.117289872304,53.01547722676643
1.8274999999998542,125.8115463256836,125.66370614359174,0.3224041274292692,56.40068386688328,47.92099597030856
1.8279999999998542,125.80592346191406,125.66370614359174,0.3167368279857737,56.6027836274513,48.319564477009735
1.8284999999998541,125.80218505859375,125.66370614359174,0.3124991671780129,61.67882062576513,53.06130593934542
1.828999999999854,125.8016357421875,125.66370614359174,0.31161769462197875,70.54289141099406,61.09382934091751
1.829499999999854,125.80486297607422,125.66370614359174,0.3148959977699815,80.95386243719533,70.5985563108247
1.829999999999854,125.81077575683594,125.66370614359174,0.3203448235790664,87.72045556467299,77.34733318796637
1.830499999999854,125.80872344970703,125.66370614359174,0.32460944328062385,66.76852176834744,57.309574617472045
1.8309999999998539,125.80193328857422,125.66370614359174,0.32304210202001576,53.879088823957744,45.39462638672149
1.8314999999998538,125.79312133789062,125.66370614359174,0.31753556132102967,48.03286652186526,40.30364609176502
1.8319999999998537,125.78451538085938,125.66370614359174,0.3106198018893687,48.18516558205479,40.802888308053944
1.8324999999998537,125.77787780761719,125.66370614359174,0.3047819964715538,53.31707718999136,45.75736814540562
1.8329999999998536,125.77456665039062,125.66370614359174,0.30214897526316004,62.43435808709464,54.12369067940637
1.8334999999998536,125.77550506591797,125.66370614359174,0.30419106426623,74.01149563620363,64.81909446957937
1.8339999999998535,125.77955627441406,125.66370614359174,0.3088334594719667,82.77380593815587,72.64716968531096
1.8344999999998535,125.78581237792969,125.66370614359174,0.31548697827984906,87.68790685167627,78.20381010879123
1.8349999999998534,125.78491973876953,125.66370614359174,0.3166398237428913,68.86618995609706,60.2119416234934
1.8354999999998534,125.78013610839844,125.66370614359174,0.31380527581729345,58.34204888879842,50.41601743490672
1.8359999999998533,125.77412414550781,125.66370614359174,0.3087851176954563,54.85377418888952,47.3282166871502
1.8364999999998532,125.76900482177734,125.66370614359174,0.3039228796403631,57.18414897536913,49.58322951702378
1.8369999999998532,125.76642608642578,125.66370614359174,0.3014453410258239,64.18978844722008,55.95463459001435
1.8374999999998531,125.76757049560547,125.66370614359174,0.30309888755091474,74.39142433227816,65.33714253042879
1.837999999999853,125.77171325683594,125.66370614359174,0.30739567680012114,82.80294658359885,72.86600061916022
1.838499999999853,125.77799224853516,125.66370614359174,0.3136314258172807,87.62341607888754,78.25501696515325
1.838999999999853,125.77686309814453,125.66370614359174,0.31508712300198666,68.12391977817481,59.60646932231731
1.839499999999853,125.77162170410156,125.66370614359174,0.31229434915081344,57.014795863352035,49.275125852955895
1.8399999999998529,125.7649917602539,125.66370614359174,0.3070102104105601,53.04836419091385,45.77634794840729
1.8404999999998528,125.75914764404297,125.66370614359174,0.30161441750892387,55.01530007355952,47.74443744359867
1.8409999999998528,125.75577545166016,125.66370614359174,0.29841133267101366,61.77642204255811,53.95070615404864
1.8414999999998527,125.75611114501953,125.66370614359174,0.29925239882353305,71.9412683253703,63.28638872297266
1.8419999999998526,125.75975036621094,125.66370614359174,0.3032566651051955,81.15722828715715,71.60526492999745
1.8424999999998526,125.76580047607422,125.66370614359174,0.3093464941824949,86.78365273606659,77.65878082139014
1.8429999999998525,125.76443481445312,125.66370614359174,0.3113756311073129,67.28727410495199,59.017124856062644
1.8434999999998525,125.75894927978516,125.66370614359174,0.3088406036907227,56.12354679910152,48.65160839516341
1.8439999999998524,125.75206756591797,125.66370614359174,0.3035424342436434,52.09321324192522,45.11859627508182
1.8444999999998524,125.74595642089844,125.66370614359174,0.29793208993913733,54.020396193776286,47.08049383448518
1.8449999999998523,125.74234008789062,125.66370614359174,0.29439587613938617,60.789065162480334,53.32767331656483
1.8454999999998523,125.74246978759766,125.66370614359174,0.2948728974667798,71.10072133372472,62.7637569961296
1.8459999999998522,125.74626159667969,125.66370614359174,0.2990129058374658,81.25635027293639,71.97442305077487
1.8464999999998521,125.75275421142578,125.66370614359174,0.305343128694135,87.71314086742981,78.76074093942096
1.846999999999852,125.75186157226562,125.66370614359174,0.3079061077935466,68.30655400078311,60.19849872514093
1.847499999999852,125.7468490600586,125.66370614359174,0.3057412464428138,57.144387608142814,49.83214740730748
1.847999999999852,125.74042510986328,125.66370614359174,0.30065396173646086,53.07873945234138,46.26530328932875
1.848499999999852,125.7347640991211,125.66370614359174,0.2951353595298429,54.96956219652795,48.19330508202339
1.8489999999998519,125.73158264160156,125.66370614359174,0.29162119377751117,61.72595234729282,54.42933983572075
1.8494999999998518,125.73216247558594,125.66370614359174,0.29210103581669494,72.13665539365668,63.89244441405332
1.8499999999998518,125.73672485351562,125.66370614359174,0.29671015975551496,83.15863411235134,73.90185901806468
1.8504999999998517,125.74423217773438,125.66370614359174,0.3035412697948724,90.29765997474087,81.31669411013829
1.8509999999998517,125.7443618774414,125.66370614359174,0.3065792962131175,70.89751672428952,62.74617460574783
1.8514999999998516,125.74031829833984,125.66370614359174,0.3048378354058254,59.63636494621117,52.27213109370615
1.8519999999998515,125.73480224609375,125.66370614359174,0.30008306827849524,55.41868327304463,48.54812958483771
1.8524999999998515,125.72998046875,125.66370614359174,0.2948075787313779,57.14161071211395,50.30484181475272
1.8529999999998514,125.72757720947266,125.66370614359174,0.2914596117242716,63.740917361295125,56.380450662618834
1.8534999999998514,125.7288818359375,125.66370614359174,0.29204579746505427,74.09517754071561,65.71141134183736
1.8539999999998513,125.73442077636719,125.66370614359174,0.2971903162773385,85.81273626772146,76.35008733770518
1.8544999999998513,125.74308776855469,125.66370614359174,0.3045294566085514,93.4499649306714,84.22190392107427
1.8549999999998512,125.74429321289062,125.66370614359174,0.3080409894452148,73.89007724456265,65.48289766458056
1.8554999999998512,125.74124145507812,125.66370614359174,0.30671310769573823,62.35652467474927,54.73978067758296
1.855999999999851,125.736572265625,125.66370614359174,0.3022588260281232,57.80787829433217,50.696820904603555
1.856499999999851,125.73247528076172,125.66370614359174,0.29715157237173345,59.18041417501886,52.1210691144175
1.856999999999851,125.73066711425781,125.66370614359174,0.2938328983979588,65.43862619217957,57.87687408678183
1.857499999999851,125.73245239257812,125.66370614359174,0.29431634765386827,75.55742644305069,66.91937294350646
1.8579999999998509,125.73865509033203,125.66370614359174,0.2997498667909137,87.79543856963039,78.03350907569404
1.8584999999998508,125.74811553955078,125.66370614359174,0.3073475805293832,95.81117662694098,86.21558505810864
1.8589999999998508,125.74999237060547,125.66370614359174,0.31139861637194755,75.93777535477253,67.16618826382539
1.8594999999998507,125.74744415283203,125.66370614359174,0.3104278331243765,63.98170658509271,56.02652303196606
1.8599999999998507,125.74311828613281,125.66370614359174,0.3061196693744666,58.957616737007235,51.550615418352436
1.8604999999998506,125.73918151855469,125.66370614359174,0.300937397672323,59.84285498327466,52.54146889263894
1.8609999999998506,125.73738098144531,125.66370614359174,0.2973239793566517,65.63247283713719,57.88957565120122
1.8614999999998505,125.73902130126953,125.66370614359174,0.2973161526204869,75.35124605513002,66.56893797265465
1.8619999999998504,125.74506378173828,125.66370614359174,0.30229185938797465,87.55994263696711,77.62957054174487
1.8624999999998504,125.7545166015625,125.66370614359174,0.309776171394035,96.11854044472247,86.2135231554532
1.8629999999998503,125.75629425048828,125.66370614359174,0.31452423418473274,75.9832147920897,66.91539646925168
1.8634999999998503,125.75350952148438,125.66370614359174,0.3138708364656715,63.64228300952508,55.43574551351154
1.8639999999998502,125.7488021850586,125.66370614359174,0.30954297457833957,58.17399531103982,50.58274243192626
1.8644999999998502,125.74433135986328,125.66370614359174,0.30403520759482894,58.60246913942296,51.1987941031336
1.86499999999985,125.74185180664062,125.66370614359174,0.2998236088843027,63.9575920985842,56.203151384713586
1.86549999999985,125.74271392822266,125.66370614359174,0.2989991932652788,73.29003532475737,64.5906391759944
1.86599999999985,125.74787902832031,125.66370614359174,0.3030237087113586,85.28036619934042,75.42599354472871
1.86649999999985,125.75667572021484,125.66370614359174,0.31012954731913484,94.60448101369744,84.5773489141478
1.86699999999985,125.75776672363281,125.66370614359174,0.3156772766543387,74.356119221957,65.18256284777684
1.8674999999998498,125.75421905517578,125.66370614359174,0.31531879162071136,61.77286678882364,53.510700114301386
1.8679999999998498,125.74864959716797,125.66370614359174,0.3108781265535461,56.000800077940596,48.42681157845588
1.8684999999998497,125.74323272705078,125.66370614359174,0.30491939341712265,56.11366129220838,48.81465502669635
1.8689999999998497,125.73973083496094,125.66370614359174,0.2999825782038385,61.17800495231929,53.62352022626078
1.8694999999998496,125.739501953125,125.66370614359174,0.2982389853720818,70.27142940516875,61.869785726394845
1.8699999999998496,125.74356079101562,125.66370614359174,0.30125340353644214,82.19320982969784,72.6332617713367
1.8704999999998495,125.75154113769531,125.66370614359174,0.30795053250805815,93.23810328099512,82.51026528280818
1.8709999999998495,125.76233673095703,125.66370614359174,0.3165258327273432,99.7549287965391,89.59988067637079
1.8714999999998494,125.7658462524414,125.66370614359174,0.31895498332451927,80.65268716279499,71.27314721209117
1.8719999999998493,125.76521301269531,125.66370614359174,0.31747871897855484,69.53616776463528,60.84356922379807
1.8724999999998493,125.76303100585938,125.66370614359174,0.31370135143194106,65.2883926518493,56.9646560499994
1.8729999999998492,125.76141357421875,125.66370614359174,0.30988166669854483,66.7955885548256,58.37145683622706
1.8734999999998492,125.76199340820312,125.66370614359174,0.30819703772871604,72.98934578888965,63.9090314278648
1.8739999999998491,125.76599884033203,125.66370614359174,0.3103698042629793,82.63690474938885,72.52247449331405
1.874499999999849,125.77354431152344,125.66370614359174,0.3161638314526012,92.59061054434787,81.42734131884424
1.874999999999849,125.7835693359375,125.66370614359174,0.323677059704606,98.3959073262202,87.68376693542658
1.875499999999849,125.7857894897461,125.66370614359174,0.3266004009581289,77.91285642345147,68.03979589723572
1.875999999999849,125.78340148925781,125.66370614359174,0.32502521207116436,65.51105088753624,56.454662710679976
1.8764999999998488,125.7790756225586,125.66370614359174,0.32055064587388865,60.09603636339889,51.584283004253976
1.8769999999998488,125.77498626708984,125.66370614359174,0.31546916553767607,60.57030229506637,52.16403463208221
1.8774999999998487,125.77283477783203,125.66370614359174,0.3120342033306874,65.87765936730773,57.03839016257923
1.8779999999998487,125.77391052246094,125.66370614359174,0.312102616897396,74.8930533240775,65.15122467764668
1.8784999999998486,125.77867126464844,125.66370614359174,0.3162098236769626,85.13904784889651,74.44397943882784
1.8789999999998486,125.78604888916016,125.66370614359174,0.3223264931747574,91.56931813033465,81.00667911906818
1.8794999999998485,125.78546905517578,125.66370614359174,0.32617925276381804,70.67601412430237,61.00749092519293
1.8799999999998485,125.78015899658203,125.66370614359174,0.3246139026689436,57.846011867917156,49.10862275971298
1.8804999999998484,125.7728271484375,125.66370614359174,0.31942257829642146,52.04014815856748,44.00033134323053
1.8809999999998483,125.76566314697266,125.66370614359174,0.3130546728393558,52.20024491435184,44.441666614326046
1.8814999999998483,125.76043701171875,125.66370614359174,0.30792085743855097,57.29821156132367,49.2931910266928
1.8819999999998482,125.75847625732422,125.66370614359174,0.30606268149413807,66.31116881917941,57.50909032553793
1.8824999999998482,125.76058959960938,125.66370614359174,0.30871571487170774,77.47327030796697,67.7707649584352
1.8829999999998481,125.76566314697266,125.66370614359174,0.31377408262113066,85.05910105096459,75.19602865193033
1.883499999999848,125.76286315917969,125.66370614359174,0.3184666938405142,64.35325775209216,55.410089272626365
1.883999999999848,125.75541687011719,125.66370614359174,0.3170017780622857,51.670947655582204,43.716593548867614
1.884499999999848,125.74604034423828,125.66370614359174,0.31135448182071573,46.027753376174154,38.846169684739856
1.884999999999848,125.73695373535156,125.66370614359174,0.30414440125305736,46.40305493689737,39.585224474639254
1.8854999999998479,125.72994995117188,125.66370614359174,0.29795264013726774,51.794314266981345,44.81239450513949
1.8859999999998478,125.72640228271484,125.66370614359174,0.2950020712491031,61.22852215621359,53.49302187821426
1.8864999999998477,125.727294921875,125.66370614359174,0.296917512659254,73.34180261787806,64.67054992094717
1.8869999999998477,125.73164367675781,125.66370614359174,0.3018045129452099,83.02340809144938,73.36806298904403
1.8874999999998476,125.73851013183594,125.66370614359174,0.3088057518146454,88.75807241270145,79.69142082097756
1.8879999999998476,125.73834228515625,125.66370614359174,0.3102228559117688,70.2733145842218,62.0134714397298
1.8884999999998475,125.73438262939453,125.66370614359174,0.3076681025669447,60.03300323404731,52.46930539670156
1.8889999999998475,125.72928619384766,125.66370614359174,0.3029400843398396,56.80563007985164,49.60205835757297
1.8894999999998474,125.72516632080078,125.66370614359174,0.29841707911656434,59.39413048896192,52.06738610467842
1.8899999999998474,125.72366333007812,125.66370614359174,0.29636359768400383,66.66835796670937,58.65292055961969
1.8904999999998473,125.72599029541016,125.66370614359174,0.2985465266635757,77.1954460810842,68.26238741311948
1.8909999999998472,125.73159790039062,125.66370614359174,0.30367455286486417,86.43863995396663,76.53819295330722
1.8914999999998472,125.7396011352539,125.66370614359174,0.31071252631412666,91.85034203390435,82.54049659061846
1.8919999999998471,125.74024200439453,125.66370614359174,0.3123563181003412,72.55009251608817,64.0579011847149
1.892499999999847,125.73680877685547,125.66370614359174,0.30996818384388686,61.55464780319731,53.79303447269442
1.892999999999847,125.73198699951172,125.66370614359174,0.30522417677460667,57.648801763454685,50.2978166031337
1.893499999999847,125.72793579101562,125.66370614359174,0.30046999442691724,59.64598674023159,52.23227094462224
1.893999999999847,125.72632598876953,125.66370614359174,0.2979831849832635,66.42305165907966,58.38588268846781
1.8944999999998469,125.7284164428711,125.66370614359174,0.29957881063234426,76.63323530038271,67.66257799202806
1.8949999999998468,125.73397827148438,125.66370614359174,0.3045537862153084,86.38199435188778,76.4295773093806
1.8954999999998468,125.74207305908203,125.66370614359174,0.3114920787956936,92.26628396788334,82.7884840876256
1.8959999999998467,125.7426986694336,125.66370614359174,0.3137251453112218,72.65405593314273,64.00735623938337
1.8964999999998466,125.7391128540039,125.66370614359174,0.3116071389413385,61.27712392423692,53.40080722015452
1.8969999999998466,125.73399353027344,125.66370614359174,0.3068286572461401,56.97158956776916,49.5633436503032
1.8974999999998465,125.72952270507812,125.66370614359174,0.30176799301519946,58.587624429155305,51.18499278102194
1.8979999999998465,125.72740173339844,125.66370614359174,0.29874942221406087,65.02869639087395,57.0763618788976
1.8984999999998464,125.7288818359375,125.66370614359174,0.2996562303357057,75.05067543401799,66.15591739814985
1.8989999999998464,125.73409271240234,125.66370614359174,0.3043908661619251,85.41643366808425,75.52743161968606
1.8994999999998463,125.74201202392578,125.66370614359174,0.31117785729979985,91.89501377729998,82.34099418774663
1.8999999999998463,125.74237823486328,125.66370614359174,0.31406222581307425,72.06415116928694,63.35410201539823
1.9004999999998462,125.7384262084961,125.66370614359174,0.3122225644201366,60.38927333535896,52.489695729077255
1.9009999999998461,125.73284149169922,125.66370614359174,0.3073887027569027,55.761325341074084,48.38779426291582
1.901499999999846,125.7278060913086,125.66370614359174,0.3019891797344819,57.069694426874385,49.77053740253273
1.901999999999846,125.72504425048828,125.66370614359174,0.29840836135210785,63.24616385152782,55.47115370279737
1.902499999999846,125.72583770751953,125.66370614359174,0.2986077475396594,73.14771816424798,64.42370356533259
1.902999999999846,125.73062896728516,125.66370614359174,0.3030879372973445,84.20402465754714,74.47043925946117
1.9034999999998459,125.73833465576172,125.66370614359174,0.3097365808506972,91.35079637871866,81.81017038042428
1.9039999999998458,125.73844146728516,125.66370614359174,0.3132643271581316,71.38860952164299,62.70115556991863
1.9044999999998458,125.73416137695312,125.66370614359174,0.311708739363991,59.49960694045583,51.656269373751954
1.9049999999998457,125.7281723022461,125.66370614359174,0.30684200988802063,54.629836710031825,47.361895526529004
1.9054999999998457,125.72266387939453,125.66370614359174,0.3011478385266897,55.70797461239163,48.57288971856474
1.9059999999998456,125.71937561035156,125.66370614359174,0.29707420193462714,61.69405537906434,54.14549897386451
1.9064999999998455,125.71961975097656,125.66370614359174,0.29666086852216883,71.5418378496964,63.02963118992354
1.9069999999998455,125.7241439819336,125.66370614359174,0.3009871121579562,83.35424441179894,73.80655561656624
1.9074999999998454,125.73181915283203,125.66370614359174,0.3076050938172354,91.20819061156492,81.72591857265881
1.9079999999998454,125.73187255859375,125.66370614359174,0.3117381848491051,71.19025017542891,62.564528849011246
1.9084999999998453,125.72749328613281,125.66370614359174,0.3104875268358774,59.15548358786384,51.397024066131294
1.9089999999998453,125.72134399414062,125.66370614359174,0.3056555515865699,54.104950044407666,46.957488256052976
1.9094999999998452,125.71562194824219,125.66370614359174,0.29977470885100366,55.00653745513463,48.034520279972185
1.9099999999998452,125.71208190917969,125.66370614359174,0.2953500832646492,60.84846037914503,53.50817782461775
1.910499999999845,125.71205139160156,125.66370614359174,0.2944900265130299,70.65040054497216,62.344837068405425
1.910999999999845,125.71649932861328,125.66370614359174,0.2986504923990132,82.97330582435455,73.58887949275798
1.911499999999845,125.72435760498047,125.66370614359174,0.3053824345511206,91.61346178859183,82.17888109084565
1.911999999999845,125.724609375,125.66370614359174,0.31010429355349745,71.63508882495496,63.05486242941822
1.9124999999998449,125.72039031982422,125.66370614359174,0.30919740451491684,59.525876572405544,51.82589165692512
1.9129999999998448,125.71437072753906,125.66370614359174,0.30448732073219337,54.34551764882015,47.27902341204945
1.9134999999998448,125.70873260498047,125.66370614359174,0.29854668027354253,55.10397929486253,48.2406936513216
1.9139999999998447,125.70523834228516,125.66370614359174,0.2939262927530226,60.81992890223021,53.61797008976634
1.9144999999998447,125.70523071289062,125.66370614359174,0.292788077171895,70.5348677061981,62.39622000325233
1.9149999999998446,125.70970153808594,125.66370614359174,0.29664717071966107,82.91044619807542,73.63274561111791
1.9154999999998445,125.71788024902344,125.66370614359174,0.3036149246579502,92.43878429254106,82.99700535443566
1.9159999999998445,125.71851348876953,125.66370614359174,0.30894516420921686,72.59158985277732,63.99836549607491
1.9164999999998444,125.71466827392578,125.66370614359174,0.3084270253727556,60.46540454134018,52.759230691027675
1.9169999999998444,125.70899200439453,125.66370614359174,0.30391289990279713,55.18509380131594,48.12731459957301
1.9174999999998443,125.70364379882812,125.66370614359174,0.2980095144837458,55.80787747717977,48.97292649610833
1.9179999999998443,125.70039367675781,125.66370614359174,0.29330189147910557,61.38698171619669,54.23487124095232
1.9184999999998442,125.70059967041016,125.66370614359174,0.29199086032203847,70.9890329178416,62.921232232971164
1.9189999999998442,125.70525360107422,125.66370614359174,0.29563640750804104,83.37695550984245,74.10518639929349
1.919499999999844,125.71391296386719,125.66370614359174,0.3029093782969306,93.728724553649,84.18911431703516
1.919999999999844,125.71504974365234,125.66370614359174,0.3088406670255547,73.97059848022226,65.27339909995474
1.920499999999844,125.7116928100586,125.66370614359174,0.308723622386134,61.77631923510447,53.973850276490346
1.920999999999844,125.7064437866211,125.66370614359174,0.3044278540281899,56.337191781476314,49.200200372999106
1.9214999999998439,125.70145416259766,125.66370614359174,0.2985825371506766,56.75896538574155,49.86791043234318
1.9219999999998438,125.698486328125,125.66370614359174,0.29379476440970637,62.130669988537264,54.94868957174861
1.9224999999998438,125.69891357421875,125.66370614359174,0.2922936141741883,71.54527468494143,63.47442818708601
1.9229999999998437,125.7037353515625,125.66370614359174,0.2956779762773651,83.86921511136177,74.53520499106793
1.9234999999998437,125.71282958984375,125.66370614359174,0.30319975466992694,95.86002192049666,85.26625272194435
1.9239999999998436,125.72501373291016,125.66370614359174,0.3125911714961525,103.08478186313418,93.07432351476126
1.9244999999998436,125.73001861572266,125.66370614359174,0.31521245765656264,84.27174822534785,75.00697292853799
1.9249999999998435,125.73094177246094,125.66370614359174,0.31410617433700666,73.35419296395402,64.73312148704332
1.9254999999998434,125.73035430908203,125.66370614359174,0.3108069750399075,69.2509599797816,60.9455227109633
1.9259999999998434,125.7303466796875,125.66370614359174,0.30755207800633083,70.87332266420167,62.40678490877649
1.9264999999998433,125.73255157470703,125.66370614359174,0.30650562385753627,77.17039513669347,67.98136714218593
1.9269999999998433,125.73819732666016,125.66370614359174,0.309367814160467,86.975841242617,76.627792305959
1.9274999999998432,125.74761199951172,125.66370614359174,0.3161974987832655,97.5974437433709,86.10431800349991
1.9279999999998432,125.75967407226562,125.66370614359174,0.32461642813591207,103.77232974414763,92.78541929304038
1.9284999999998431,125.763916015625,125.66370614359174,0.327703990343734,83.28682888743948,73.11304890333506
1.928999999999843,125.76349639892578,125.66370614359174,0.32651686702142185,70.77620217814642,61.38584601798569
1.929499999999843,125.76104736328125,125.66370614359174,0.32254532405645586,65.1838012290441,56.30088318347277
1.929999999999843,125.75873565673828,125.66370614359174,0.31801796291058054,65.43975879552366,56.62324278415244
1.930499999999843,125.75824737548828,125.66370614359174,0.31513812008945086,70.50836484788492,61.21906656229827
1.9309999999998428,125.76087188720703,125.66370614359174,0.3157166576152012,79.33309881815455,69.04803064810676
1.9314999999998428,125.76729583740234,125.66370614359174,0.32058321865442385,89.90293616113182,78.59908204838854
1.9319999999998427,125.7763671875,125.66370614359174,0.3273110366983733,96.4291959378417,85.27704725659983
1.9324999999998427,125.77735137939453,125.66370614359174,0.33145328656190637,75.20017810028939,64.93223080227665
1.9329999999998426,125.7734375,125.66370614359174,0.3302466013637828,61.93111085620585,52.59538375121749
1.9334999999998426,125.76728820800781,125.66370614359174,0.325399008631864,55.62395975092493,46.996787107490384
1.9339999999998425,125.76112365722656,125.66370614359174,0.31929802397189727,55.25161611244601,46.924985969036086
1.9344999999998425,125.75667572021484,125.66370614359174,0.3143024257208914,59.809856695578056,51.26257852157445
1.9349999999998424,125.75530242919922,125.66370614359174,0.31241509932354117,68.32766717931045,58.98031134748205
1.9354999999998423,125.7579574584961,125.66370614359174,0.31507144151945415,79.38928947436911,69.12815340233978
1.9359999999998423,125.76356506347656,125.66370614359174,0.3201484180965048,87.0580776892711,76.55608649912651
1.9364999999998422,125.76111602783203,125.66370614359174,0.32534269168194757,65.85545838839528,56.285387194022
1.9369999999998422,125.7538070678711,125.66370614359174,0.3241616335600743,52.583008070686404,44.0449582550635
1.9374999999998421,125.74433135986328,125.66370614359174,0.3185733209092433,46.30288459300521,38.60457087288158
1.937999999999842,125.73492431640625,125.66370614359174,0.31117417080873955,46.02991867638817,38.779689806694286
1.938499999999842,125.72738647460938,125.66370614359174,0.3045216089315657,50.78894935966546,43.47081096211126
1.938999999999842,125.72310638427734,125.66370614359174,0.3008352702195233,59.62822364038758,51.65971429308175
1.939499999999842,125.72309875488281,125.66370614359174,0.30177755514854054,71.26807437369449,62.402085544633024
1.9399999999998419,125.72662353515625,125.66370614359174,0.30599796568337556,81.09513570270803,71.27579378903297
1.9404999999998418,125.73268127441406,125.66370614359174,0.3124091842360279,87.0470963209128,77.669886698704
1.9409999999998417,125.73152923583984,125.66370614359174,0.31440006024002476,68.06551976223876,59.53506584245988
1.9414999999998417,125.72640991210938,125.66370614359174,0.3119124583100664,57.2882536781715,49.532388547438764
1.9419999999998416,125.719970703125,125.66370614359174,0.30681401770613626,53.52683467153088,46.235939140862854
1.9424999999998416,125.71436309814453,125.66370614359174,0.30153595181196935,55.615878048391004,48.323465833525994
1.9429999999998415,125.71125793457031,125.66370614359174,0.29840814260580056,62.448737147282394,54.59841851923625
1.9434999999998415,125.71187591552734,125.66370614359174,0.2992962467826064,72.689207862814,63.97558770292275
1.9439999999998414,125.71595001220703,125.66370614359174,0.3035209880224826,82.29627161960151,72.65638255608275
1.9444999999998414,125.7225341796875,125.66370614359174,0.30981943835192566,88.21128991241757,78.9721535289436
1.9449999999998413,125.72168731689453,125.66370614359174,0.3120825549639166,68.66488406269734,60.27921817142366
1.9454999999998412,125.71666717529297,125.66370614359174,0.3097308608388405,57.394574270142584,49.810619841572674
1.9459999999998412,125.71019744873047,125.66370614359174,0.30455551247690077,53.22760328412352,46.14809708151451
1.9464999999998411,125.70446014404297,125.66370614359174,0.29900299453465984,55.007737082760165,47.97233729799589
1.946999999999841,125.7011489868164,125.66370614359174,0.295459513944223,61.63349802812879,54.0870543576655
1.947499999999841,125.70154571533203,125.66370614359174,0.2958699329428019,71.84871806286455,63.405543007961846
1.947999999999841,125.70570373535156,125.66370614359174,0.3001090058179331,82.26482082800719,72.85843335677647
1.948499999999841,125.7126235961914,125.66370614359174,0.30652820341544423,88.9161337541382,79.80974724239988
1.9489999999998409,125.71210479736328,125.66370614359174,0.30930772424056585,69.36853028762314,61.110927412313416
1.9494999999998408,125.7073974609375,125.66370614359174,0.3072805757180299,58.02047973420844,50.57156379875786
1.9499999999998407,125.7011947631836,125.66370614359174,0.3022414307946565,53.74876791478446,46.817831904960656
1.9504999999998407,125.69568634033203,125.66370614359174,0.2966757576601875,55.431856369790914,48.56137317626673
1.9509999999998406,125.69259643554688,125.66370614359174,0.2930207314048542,61.99272172652222,54.62736194993555
1.9514999999998406,125.69320678710938,125.66370614359174,0.29327808174355513,72.26550775795786,63.9435635049715
1.9519999999998405,125.6978988647461,125.66370614359174,0.29784240425188546,83.52460317308434,74.18087004652695
1.9524999999998405,125.7055892944336,125.66370614359174,0.3046405522552639,90.86551306964394,81.75112745419018
1.9529999999998404,125.7058334350586,125.66370614359174,0.30792495372568207,71.30804774388768,63.032096247142356
1.9534999999998404,125.70185089111328,125.66370614359174,0.30629232323217176,59.84796104042648,52.37967211839991
1.9539999999998403,125.69630432128906,125.66370614359174,0.3015136930642173,55.4152809702867,48.46968103756628
1.9544999999998403,125.69139099121094,125.66370614359174,0.29608715514309764,56.926323013770535,50.04889448687037
1.9549999999998402,125.68883514404297,125.66370614359174,0.29247349354362995,63.33124282718448,55.967323372720294
1.9554999999998401,125.68993377685547,125.66370614359174,0.2927045136401412,73.55700448356438,65.17002063183604
1.95599999999984,125.69537353515625,125.66370614359174,0.2976917623999827,85.53801722837696,76.0683305339729
1.95649999999984,125.70401000976562,125.66370614359174,0.30491564237004287,93.4269271268614,84.13030242028927
1.95699999999984,125.70515441894531,125.66370614359174,0.3086969511894964,73.74112018145942,65.27571537812645
1.95749999999984,125.70196533203125,125.66370614359174,0.3074612266392138,62.04186777331592,54.39005080034261
1.9579999999998399,125.69711303710938,125.66370614359174,0.30294094270555766,57.31399468497921,50.199972720073255
1.9584999999998398,125.6927719116211,125.66370614359174,0.2976277837320398,58.51338388074991,51.48861908308431
1.9589999999998398,125.690673828125,125.66370614359174,0.2939878993153114,64.61913646546469,57.13211313575979
1.9594999999998397,125.69214630126953,125.66370614359174,0.2940709956778691,74.64403913075058,66.09407856012724
1.9599999999998396,125.69811248779297,125.66370614359174,0.2992494330930875,87.09808415131316,77.41706334685848
1.9604999999998396,125.70745086669922,125.66370614359174,0.30673032835824426,95.46573468007502,85.88005321748008
1.9609999999998395,125.70919799804688,125.66370614359174,0.31106617471197817,75.55252034182632,66.79914749043503
1.9614999999998395,125.70648193359375,125.66370614359174,0.3101952740545006,63.51001198531707,55.59237464879155
1.9619999999998394,125.70196533203125,125.66370614359174,0.30583164495126214,58.38088267969675,51.038223981916744
1.9624999999998394,125.69780731201172,125.66370614359174,0.30046579282893715,59.16328945544963,51.957268472417574
1.9629999999998393,125.69575500488281,125.66370614359174,0.2965721975256402,64.86766159769925,57.25280146109021
1.9634999999998393,125.69715118408203,125.66370614359174,0.2962270672328035,74.52998116191284,65.90801395576696
1.9639999999998392,125.70294952392578,125.66370614359174,0.3008537752303619,86.76883740515419,76.97926155218212
1.9644999999998392,125.71231842041016,125.66370614359174,0.30830149776421584,95.81631653337436,85.9780007561305
1.964999999999839,125.71405029296875,125.66370614359174,0.31334667170001346,75.76488779710627,66.76738124231024
1.965499999999839,125.71122741699219,125.66370614359174,0.3128261213149891,63.44220272132223,55.31665362827655
1.965999999999839,125.70648193359375,125.66370614359174,0.3085020538110214,57.95821397228959,50.46323205048134
1.966499999999839,125.70197296142578,125.66370614359174,0.30289923567809296,58.36053165518833,51.070665311522596
1.9669999999998389,125.69944763183594,125.66370614359174,0.29852493468302527,63.6963554915219,56.07364621738181
1.9674999999998388,125.70027923583984,125.66370614359174,0.29750469591924716,73.02894410663731,64.47812925863528
1.9679999999998388,125.70542907714844,125.66370614359174,0.30133608971541864,85.0938860005166,75.35662422325599
1.9684999999998387,125.71439361572266,125.66370614359174,0.3085472469179947,94.92168710966955,84.95533231310927
1.9689999999998387,125.71569061279297,125.66370614359174,0.31436200140725085,74.798119749954,65.68396692625662
1.9694999999998386,125.71237182617188,125.66370614359174,0.3141658082468833,62.26442748829318,54.063696203657116
1.9699999999998385,125.70703125,125.66370614359174,0.30980227226573576,56.49907802223243,48.99080599770597
1.9704999999998385,125.70185089111328,125.66370614359174,0.30385520889654977,56.599881039784755,49.371724325834805
1.9709999999998384,125.69857025146484,125.66370614359174,0.2988858916322949,61.65118242559127,54.17236357425733
1.9714999999998384,125.69857788085938,125.66370614359174,0.2970884228856204,70.74359410543335,62.421181802944126
1.9719999999998383,125.70287322998047,125.66370614359174,0.30005022566735406,82.72841545979811,73.2065336850225
1.9724999999998383,125.71126556396484,125.66370614359174,0.3069734726695819,94.23578813219804,83.510270282177
1.9729999999998382,125.72261047363281,125.66370614359174,0.31578447256838116,101.11661376590813,90.93834301339344
1.9734999999998382,125.7266616821289,125.66370614359174,0.31841902875380396,82.02000061878294,72.61352440617941
1.973999999999838,125.72654724121094,125.66370614359174,0.3171181287543642,70.85597978586688,62.13526209103536
1.974499999999838,125.72486114501953,125.66370614359174,0.3134699506038679,66.53427021794947,58.18297993184215
1.974999999999838,125.72370147705078,125.66370614359174,0.3097330732656679,67.9606067775196,59.510165939496645
1.975499999999838,125.72472381591797,125.66370614359174,0.30809197383798753,74.08080329836638,64.9751763005786
1.9759999999998379,125.72914123535156,125.66370614359174,0.3102796669660602,83.7154879658806,73.53252355347524
1.9764999999998378,125.73723602294922,125.66370614359174,0.31633166494732656,94.05588373980491,82.79044228583619
1.9769999999998378,125.7479248046875,125.66370614359174,0.3240810366870873,100.14401570694238,89.30977005847402
1.9774999999998377,125.75076293945312,125.66370614359174,0.32721923638982137,79.58963080721902,69.59173408396927
1.9779999999998377,125.74895477294922,125.66370614359174,0.3258285415816645,67.05907242928106,57.88028823079976
1.9784999999998376,125.74514770507812,125.66370614359174,0.32148524907077863,61.48559403511147,52.85794856579272
1.9789999999998376,125.74150848388672,125.66370614359174,0.31647287960458365,61.79226182299107,53.279234538974116
1.9794999999998375,125.73974609375,125.66370614359174,0.3130437663700624,66.93817555304487,58.00260272300373
1.9799999999998374,125.74115753173828,125.66370614359174,0.313060230179968,75.85036993303375,65.98204594756231
1.9804999999998374,125.74637603759766,125.66370614359174,0.3173204449343077,86.40494514954254,75.55941601580452
1.9809999999998373,125.75428009033203,125.66370614359174,0.3235741380392935,93.06565319270791,82.31752742168594
1.9814999999998373,125.7541732788086,125.66370614359174,0.3276878424345351,72.02612845035911,62.173091114251875
1.9819999999998372,125.74925994873047,125.66370614359174,0.32630503540958955,58.99223300299223,50.081452454271634
1.9824999999998372,125.74223327636719,125.66370614359174,0.3212044626359018,52.95388751322621,44.75960419329336
1.9829999999998371,125.73529815673828,125.66370614359174,0.31482859950403963,52.87477463497963,44.98599567040922
1.983499999999837,125.73020935058594,125.66370614359174,0.3095872566633009,57.74326202703175,49.63548764478738
1.983999999999837,125.72831726074219,125.66370614359174,0.3075299427624051,66.58216459867288,57.67274439983217
1.984499999999837,125.7305908203125,125.66370614359174,0.31012581008997864,77.96371789639835,68.14287986558602
1.984999999999837,125.73589324951172,125.66370614359174,0.3151624469966458,85.79277868104393,75.74946096234768
1.9854999999998368,125.7332534790039,125.66370614359174,0.3201756885217304,64.91509433806604,55.79753270476724
1.9859999999998368,125.72588348388672,125.66370614359174,0.3188789437312054,52.00414252804006,43.8960326829754
1.9864999999998367,125.71649169921875,125.66370614359174,0.313254326677209,46.106426087786595,38.802671460116926
1.9869999999998367,125.70731353759766,125.66370614359174,0.30592480413316686,46.224639370268854,39.323560432852815
1.9874999999998366,125.70012664794922,125.66370614359174,0.29947821691134063,51.37384583890933,44.35189691907645
1.9879999999998366,125.69633483886719,125.66370614359174,0.2961551933666502,60.59426195998751,52.86370542443436
1.9884999999998365,125.69693756103516,125.66370614359174,0.2976151642335723,72.57812022622937,63.91007945234204
1.9889999999998365,125.70111846923828,125.66370614359174,0.30230694624268734,82.5818052460294,72.92593928283512
1.9894999999998364,125.7079086303711,125.66370614359174,0.30916703557624503,88.62630492380774,79.48361941773763
1.9899999999998363,125.70761108398438,125.66370614359174,0.310914982464666,69.97948012893349,61.65650195446111
1.9904999999998363,125.70344543457031,125.66370614359174,0.3084736530564557,59.53893658280895,51.94005093487201
1.9909999999998362,125.69807434082031,125.66370614359174,0.30366593223203453,56.10257414680956,48.901907119399695
1.9914999999998362,125.6936264038086,125.66370614359174,0.2988966725303147,58.49482916588044,51.21506549825932
1.9919999999998361,125.6917495727539,125.66370614359174,0.296465505850998,65.60126148380013,57.67952288038425
1.992499999999836,125.69365692138672,125.66370614359174,0.2981873973740096,76.05055794350153,67.20761164949684
1.992999999999836,125.69901275634766,125.66370614359174,0.3031329481626922,85.67596732402515,75.8610191736052
1.993499999999836,125.70687103271484,125.66370614359174,0.3100470585728568,91.46239543607449,82.15778661165184
1.993999999999836,125.70733642578125,125.66370614359174,0.31203006852602777,72.06400083234786,63.58723498244163
1.9944999999998358,125.70367431640625,125.66370614359174,0.3097629565847398,60.931239078325426,53.2090010036534
1.9949999999998358,125.6985855102539,125.66370614359174,0.3049509941446533,56.878769200984124,49.60012649280164
1.9954999999998357,125.69422149658203,125.66370614359174,0.2999735549130048,58.74169452463463,51.438298355095384
1.9959999999998357,125.6922836303711,125.66370614359174,0.2971493751873346,65.41253986522692,57.525524731067776
1.9964999999998356,125.69402313232422,125.66370614359174,0.2983443854399018,75.60471760445238,66.77435448768527
1.9969999999998356,125.69942474365234,125.66370614359174,0.30320663978461776,85.8020119769073,75.97796375791678
1.9974999999998355,125.70748901367188,125.66370614359174,0.31009666498567007,92.11117370563444,82.68816078741962
1.9979999999998355,125.70806884765625,125.66370614359174,0.3126507058133213,72.46605289625037,63.87942456136717
1.9984999999998354,125.70441436767578,125.66370614359174,0.31067485737066103,61.012104573489054,53.211542996810095
1.9989999999998354,125.69920349121094,125.66370614359174,0.305882186619896,56.615477941484144,49.30529986152539
1.9994999999998353,125.69461822509766,125.66370614359174,0.30068188200078255,58.14807782271179,50.869206555862355
1.9999999999998352,125.6923599243164,125.66370614359174,0.2974360688980745,64.52902522093929,56.72695905929926
