t,omega,omega_ref,i_rms,p_el,p_mech
0.0005,-0.021624313667416573,0.0,0.0,0.0,-0.0
0.001,-0.04324733093380928,0.06544984877109528,0.0008915683294575511,0.10147115330347044,-0.0
0.0015,-0.06486905366182327,0.13089969754219055,0.0024644902650987482,0.03580338498838906,-1.093597946567854e-09
0.002,-0.08648942410945892,0.19634954631328583,0.05251422568383857,1.8148813545783464,-1.0176895048385011e-07
0.0025,-0.1081085056066513,0.2617993950843811,0.090459099494043,-3.134609953320706,-1.1668932658435524e-07
0.003,-0.12972742319107056,0.3272492289543152,0.0023157886771663356,0.06134206505145426,2.7977313938996216e-06
0.0035,-0.15134647488594055,0.39269909262657166,0.061516587754333746,1.389069161282468,7.56404152437946e-06
0.004,-0.17294147610664368,0.45814892649650574,0.09084240331967201,-2.1637442149965516,-7.00378225593439e-05
0.0045000000000000005,-0.1945546567440033,0.5235987901687622,0.03234295305993524,-0.8467814943227866,-3.0734185584563126e-06
0.005000000000000001,-0.216175839304924,0.5890486240386963,0.03485953485804212,1.3247506774344222,3.681068868926919e-05
0.005500000000000001,-0.23780445754528046,0.6544984579086304,0.0801308516903078,-2.525532031121118,8.206342397684891e-05
0.006000000000000002,-0.25941699743270874,0.7199482917785645,0.009943521177123204,0.31570290382681193,1.2808809850384077e-05
0.006500000000000002,-0.2810213565826416,0.7853981852531433,0.06206577599625304,-1.077597897033058,-2.5012946920692845e-05
0.007000000000000003,-0.30263084173202515,0.8508480191230774,0.03586725211985784,-0.4437558788087804,1.2139926986647413e-05
0.007500000000000003,-0.3242510259151459,0.9162978529930115,0.047523231591858596,0.45869176151222446,9.057618347057137e-05
0.008000000000000004,-0.34588050842285156,0.9817476868629456,0.07568539988535028,-1.5302447006676876,0.00017011262132293493
0.008500000000000004,-0.367502361536026,1.0471975803375244,0.044838517795079066,-0.4709324109466049,0.00013404647629920418
0.009000000000000005,-0.3891090750694275,1.1126474142074585,0.04265117789673748,-0.14909453901978106,3.423260129246893e-05
0.009500000000000005,-0.4107053577899933,1.1780972480773926,0.048502694401444814,-0.038434586866765874,-3.886848333566661e-05
0.010000000000000005,-0.43231192231178284,1.2435470819473267,0.06134523859954717,0.359842810480591,5.902326872261874e-05
0.010500000000000006,-0.4539499580860138,1.3089969158172607,0.08001632795909121,-1.7352467101815083,0.00035947685406849487
0.011000000000000006,-0.4755806624889374,1.3744467496871948,0.04120446831200309,-0.4863005691440505,0.0003191794558500567
0.011500000000000007,-0.49717482924461365,1.439896583557129,0.0366847837070437,-0.06756820141021946,-1.6493854125442224e-05
0.012000000000000007,-0.5187426805496216,1.5053465366363525,0.04642841950501565,0.13857978043990846,-0.0002772145135651375
0.012500000000000008,-0.5403329730033875,1.5707963705062866,0.06472296311171019,-1.4538140914956483,-3.178346405225867e-05
0.013000000000000008,-0.5619736909866333,1.6362462043762207,0.04888649695034284,0.1257836843509301,0.000547874702145447
0.013500000000000009,-0.583611249923706,1.7016960382461548,0.06352056701143217,0.07476404795553976,0.0005471330780420341
0.014000000000000009,-0.6052125692367554,1.7671458721160889,0.05912310923604389,-0.6026677976592518,0.00014406032925506695
0.01450000000000001,-0.6267869472503662,1.832595705986023,0.04230319254257628,-0.3785129633645762,-0.00017171166740681868
0.01500000000000001,-0.6483690738677979,1.898045539855957,0.05415319257620138,0.7080128767981936,-6.056876000511529e-05
0.01550000000000001,-0.6699953079223633,1.9634953737258911,0.08553670640780914,-1.3711619345938209,0.000545967220934981
0.01600000000000001,-0.6916346549987793,2.028945207595825,0.0514396960919607,-0.6158909252494676,0.0007628546778443768
0.01650000000000001,-0.7132341265678406,2.094395160675049,0.030257800667307454,-0.24362154401509578,0.00023572734839033446
0.01700000000000001,-0.7347818613052368,2.1598448753356934,0.036175998930454686,0.44005769803088934,-0.0004975270761223218
0.017500000000000012,-0.7563326358795166,2.225294828414917,0.06971875313944938,-0.9707801031707437,-0.0004477574875030392
0.018000000000000013,-0.7779809832572937,2.2907445430755615,0.06362315055233982,0.15567683375412844,0.0010783237163677713
0.018500000000000013,-0.7996621131896973,2.356194496154785,0.06712012395047079,-0.25829529786799627,0.001653347465083961
0.019000000000000013,-0.8212928175926208,2.421644449234009,0.04851877279600401,-0.7303592271800949,0.0008915157629323135
0.019500000000000014,-0.8428415656089783,2.4870941638946533,0.028315715442905554,0.11707694908775085,-0.00044501058533421103
0.020000000000000014,-0.8643602728843689,2.552544116973877,0.06429526465651189,-0.5569044340352983,-0.0009531329792641575
0.020500000000000015,-0.8859976530075073,2.6179938316345215,0.06902210042678499,0.3766811431200545,0.001147714726934401
0.021000000000000015,-0.9076988101005554,2.683443784713745,0.07169843174189369,-0.36267865806297156,0.002358080884028197
0.021500000000000016,-0.9293539524078369,2.7488934993743896,0.046208537023250014,-0.8084679350970487,0.0015827015182170484
0.022000000000000016,-0.9508922696113586,2.8143434524536133,0.022945097307660423,0.38681165577179544,-0.000577966809175553
0.022500000000000017,-0.9723573923110962,2.879793167114258,0.07071524502548766,-0.25215562455923785,-0.0019881297973399067
0.023000000000000017,-0.9939751625061035,2.9452431201934814,0.07740027884002058,0.36974475198663936,0.0010259275223090478
0.023500000000000017,-1.0156971216201782,3.010693073272705,0.07392930912010735,-0.5331862668199312,0.0031925490182795643
0.024000000000000018,-1.037370204925537,3.0761427879333496,0.04035080223015636,-0.7547034998313669,0.0022740444582461127
0.02450000000000002,-1.0588762760162354,3.1415927410125732,0.022349068241841238,0.8517027773430952,-0.0011901076382149084
0.02500000000000002,-1.0802618265151978,3.2070424556732178,0.08087360210362508,0.041925775239646135,-0.0037880849579554382
0.02550000000000002,-1.1018571853637695,3.2724924087524414,0.0867189977739876,0.29701559597690735,0.0007869094954185548
0.02600000000000002,-1.1236053705215454,3.337942123413086,0.0762389062516001,-0.7031438930223021,0.004263917398485664
0.02650000000000002,-1.145289659500122,3.4033920764923096,0.03496061070390388,-0.6290373900697072,0.0029145994924629505
0.02700000000000002,-1.1667406558990479,3.468841791152954,0.027809523828062975,1.2822890549979489,-0.0024446229016123664
0.02750000000000002,-1.1880261898040771,3.5342917442321777,0.07173595979745384,-1.5156003427667415,-0.00639025215012476
0.02800000000000002,-1.2095627784729004,3.5997416973114014,0.004804515054545561,0.22775195928210765,-0.000401564787327607
0.028500000000000022,-1.2312963008880615,3.665191411972046,0.0691079228619909,3.412356622399626,0.00447168435790008
0.029000000000000022,-1.2531648874282837,3.7306413650512695,0.12104789652481293,-1.9435392969148886,0.00796907367346787
0.029500000000000023,-1.274695873260498,3.796091079711914,0.06519707779563111,0.3949588675403868,-0.0004652926354527077
0.030000000000000023,-1.2959657907485962,3.8615410327911377,0.07042631616123414,-0.16550397177067278,-0.007208765309182295
0.030500000000000024,-1.317291498184204,3.9269907474517822,0.04323623108677326,-0.7005969683116253,-0.005825116665393259
0.031000000000000024,-1.3389071226119995,3.992440700531006,0.013927071687160156,0.771759290327781,0.0018813392823029528
0.03150000000000002,-1.3607228994369507,4.05789041519165,0.053253201775434536,-1.3142217909847242,0.007391052379384219
0.03200000000000002,-1.382171869277954,4.123340129852295,0.01866482399251082,1.0388784165125553,-0.0025964163366789562
0.03250000000000002,-1.40336012840271,4.188790321350098,0.0698058159597044,-1.2815108900944447,-0.009917277324384154
0.03300000000000002,-1.4248651266098022,4.254240036010742,0.008964902498602753,0.2343490031597982,-0.0010051824786316817
0.03350000000000002,-1.4465909004211426,4.319689750671387,0.03703040452290416,1.330571045034163,0.00540336307310237
0.03400000000000002,-1.468467116355896,4.3851399421691895,0.06715889135234038,-1.8432574147397007,0.009940470840067203
0.034500000000000024,-1.4899446964263916,4.450589656829834,0.013590188050229856,0.8233050406253708,-0.0017542396177342152
0.035000000000000024,-1.5111377239227295,4.5160393714904785,0.06775054454694163,-1.11280658110374,-0.01034060296479418
0.035500000000000025,-1.53263258934021,4.581489086151123,0.01292602221852798,0.23836160278550336,-0.0011955196889589827
0.036000000000000025,-1.554338812828064,4.646939277648926,0.03526734479858642,1.2141503525031967,0.005400357929667483
0.036500000000000025,-1.576189637184143,4.71238899230957,0.06323369463373214,-1.7643381361518018,0.010072882883387653
0.037000000000000026,-1.5976260900497437,4.777838706970215,0.02146746295785867,1.0790864747818698,-0.0029869586271039916
0.037500000000000026,-1.618765115737915,4.843288898468018,0.07531717031741977,-1.1295854394616038,-0.012615589082026134
0.03800000000000003,-1.6402136087417603,4.908738613128662,0.021828569597449075,0.10842255789291266,-0.002590390660716711
0.03850000000000003,-1.6618798971176147,4.974188327789307,0.03022420404906157,1.004937682914422,0.004656721255369716
0.03900000000000003,-1.6836955547332764,5.039638042449951,0.05634203347496271,-1.5328742038311889,0.009795116239967726
0.03950000000000003,-1.7050740718841553,5.105088233947754,0.031470340752532515,1.4710290337449017,-0.004946822486190931
0.04000000000000003,-1.7261371612548828,5.170537948608398,0.0851230558790665,-1.1514090960867454,-0.015850088545199873
0.04050000000000003,-1.747528314590454,5.235987663269043,0.031922752115356764,-0.023337103250316626,-0.004541073875566019
0.04100000000000003,-1.769150972366333,5.3014373779296875,0.02639390136680257,0.7974703816360539,0.003644184902438634
0.04150000000000003,-1.7909332513809204,5.36688756942749,0.049110968077011014,-1.2252431140510094,0.009448942654091495
0.04200000000000003,-1.8122453689575195,5.432337284088135,0.04210735018779931,1.9425707095003462,-0.007427473725980676
0.04250000000000003,-1.8332176208496094,5.497786998748779,0.0958137012648476,-1.1480817871243103,-0.019930448995457782
0.04300000000000003,-1.8545442819595337,5.563237190246582,0.04254378142065023,-0.13359004972206068,-0.006972198649435112
0.04350000000000003,-1.8761216402053833,5.628686904907227,0.02570416340471627,0.6096671220346941,0.002406526410467524
0.04400000000000003,-1.8978722095489502,5.694136619567871,0.04231541818027566,-0.31170944121806043,0.009051876816733011
0.04450000000000003,-1.9194010496139526,5.759586334228516,0.003965288571939386,0.26230294961514056,0.0006985414394612894
0.04500000000000003,-1.9404823780059814,5.825036525726318,0.0689931521248155,3.5766734288402304,-0.0166155499420401
0.045500000000000033,-1.9613200426101685,5.890486240386963,0.13922379850220382,-1.082486439122603,-0.02630113927894797
0.046000000000000034,-1.9825552701950073,5.955935955047607,0.08256615668481249,-0.23233489389834827,-0.010772985870661176
0.046500000000000034,-2.0040762424468994,6.02138614654541,0.0524227967813597,0.4166467138640197,0.0006116607635150127
0.047000000000000035,-2.0257976055145264,6.086835861206055,0.047178103106708724,-0.34973894793643073,0.008791411288343494
0.047500000000000035,-2.047224760055542,6.152285575866699,0.018108394460143576,0.45968574710180016,-0.003103692239667913
0.048000000000000036,-2.068437099456787,6.217735290527344,0.03691052360950022,-0.14368525729295556,-0.011972058950240524
0.048500000000000036,-2.0899291038513184,6.2831854820251465,0.00248395002778551,0.4445829873018777,-0.00035961425683995356
0.04900000000000004,-2.111750364303589,6.348635196685791,0.07121747538818078,1.065629281135294,0.013603527428857058
0.04950000000000004,-2.1336662769317627,6.4140849113464355,0.06866514161181433,-0.8604062222065876,0.017838448461310795
0.05000000000000004,-2.1551921367645264,6.47953462600708,0.02171717966193415,0.5968050638806972,0.001258790101539837
0.05050000000000004,-2.176091194152832,6.544984817504883,0.08348629434245172,1.535260835000508,-0.025947558272067052
0.05100000000000004,-2.1968791484832764,6.610434532165527,0.08594220720928626,-0.5855450446339707,-0.031033369360440224
0.05150000000000004,-2.2180633544921875,6.675884246826172,0.04249839954663726,0.2810664442629911,-0.013689745722242007
0.05200000000000004,-2.239701509475708,6.741334438323975,0.07476597507383904,0.6949198238550554,0.00657277289404862
0.05250000000000004,-2.2614798545837402,6.806784152984619,0.06336668247782093,-0.5085557962010061,0.013028729154254862
0.05300000000000004,-2.2828266620635986,6.872233867645264,0.03557607713743169,0.5787347585438514,-0.006491781266536635
0.05350000000000004,-2.30385684967041,6.937683582305908,0.05083897888318206,-0.09469061314750471,-0.021074529526506316
0.05400000000000004,-2.3251953125,7.003133773803711,0.022711040740750255,0.5771224128924922,-0.006884661302779696
0.05450000000000004,-2.3469467163085938,7.0685834884643555,0.0743242940254626,0.8205495048066997,0.012503356305214059
0.05500000000000004,-2.3687856197357178,7.134033203125,0.06449949675698317,-0.6207846778915911,0.016813768322462307
0.05550000000000004,-2.390108108520508,7.199483394622803,0.03631801541158366,0.6387295842525156,-0.007646165443916883
0.05600000000000004,-2.4110541343688965,7.264933109283447,0.05497364576863248,-0.020279208659234993,-0.025814084170951872
0.05650000000000004,-2.4323112964630127,7.330382823944092,0.028815630497443883,0.5748463164022719,-0.010838959422820543
0.057000000000000044,-2.454002618789673,7.395832538604736,0.07486423301798774,0.7499121823482819,0.010436904310238465
0.057500000000000044,-2.4757750034332275,7.461282730102539,0.0630647283480797,-0.4503457487505773,0.014606588633084823
0.058000000000000045,-2.496976137161255,7.526732444763184,0.04413216693411032,0.9305841550202065,-0.013735018921959458
0.058500000000000045,-2.5177597999572754,7.592182159423828,0.06589914984171862,0.03637123989633001,-0.034807956327860004
0.059000000000000045,-2.538876533508301,7.657631874084473,0.03958381022455045,0.5500413014421133,-0.018121642731519238
0.059500000000000046,-2.5604772567749023,7.723082065582275,0.07646081235441618,0.6831712808496867,0.006581803864671213
0.060000000000000046,-2.582157611846924,7.78853178024292,0.06253491250261045,-0.1768450677970957,0.010799726249730475
0.06050000000000005,-2.6032068729400635,7.8539814949035645,0.054099652111333385,1.3216724756584588,-0.021884077683100855
0.06100000000000005,-2.6237950325012207,7.919431686401367,0.07824353987453177,0.13379542103508973,-0.0462060912621039
0.06150000000000005,-2.644742965698242,7.984881401062012,0.0515407744161383,0.538751925170235,-0.02746680094975426
0.06200000000000005,-2.6662471294403076,8.050331115722656,0.07932843062493926,0.6508033293076163,0.0020407397909458303
0.06250000000000004,-2.6878256797790527,8.1157808303833,0.06365762702576197,0.16936729989252405,0.006116415354363685
0.06300000000000004,-2.7087044715881348,8.181230545043945,0.06504088304536657,1.789829834796869,-0.03167342815837721
0.06350000000000004,-2.7290711402893066,8.24668025970459,0.09109931504593449,0.2822173638305587,-0.05979427477095911
0.06400000000000004,-2.749826669692993,8.31213092803955,0.06402387402212355,0.5470679164808114,-0.03879474214789536
0.06450000000000004,-2.771231174468994,8.377580642700195,0.08344616965464675,0.6598789887109155,-0.0030711491345494215
0.06500000000000004,-2.7926995754241943,8.44303035736084,0.06657991269037446,0.5997443398457616,0.0005576467754472112
0.06550000000000004,-2.8141987323760986,8.508480072021484,0.0547740392900421,0.4684658909299874,0.0023681971810104487
0.06600000000000004,-2.834885358810425,8.573929786682129,0.07040226838651338,2.3002867415592307,-0.04360870364512787
0.06650000000000005,-2.8549816608428955,8.639379501342773,0.10211793184447472,0.5102008330308833,-0.07757097633562297
0.06700000000000005,-2.8754918575286865,8.704829216003418,0.07575361234082523,0.4747994567139607,-0.054243275347362986
0.06750000000000005,-2.8967599868774414,8.770279884338379,0.08671057589312305,2.8849133998866923,-0.010659101540796622
0.06800000000000005,-2.918562412261963,8.835729598999023,0.1190743537871367,0.8851829655577144,0.020515347609724528
0.06850000000000005,-2.9402337074279785,8.901179313659668,0.09264763730421802,0.4773980469636289,0.013036041203340688
0.06900000000000005,-2.960862159729004,8.966629028320312,0.0915651109291543,2.6191462353662325,-0.04855239103377052
0.06950000000000005,-2.980726480484009,9.032078742980957,0.11659819161446752,0.8700027480594106,-0.09435377992739213
0.07000000000000005,-3.001000165939331,9.097528457641602,0.09145326544633273,0.7757271801609685,-0.07035570451939177
0.07050000000000005,-3.0215530395507812,9.162978172302246,0.07456099031054125,0.7295282033985526,-0.053888866483085496
0.07100000000000005,-3.0422871112823486,9.228428840637207,0.06367253933222859,0.700444879916801,-0.04317617418633287
0.07150000000000005,-3.0631330013275146,9.293878555297852,0.05684785849608328,0.6842833919213424,-0.03652758829881276
0.07200000000000005,-3.084043025970459,9.359328269958496,0.052757555795302606,0.6784695535792817,-0.032752564861970264
0.07250000000000005,-3.104983329772949,9.42477798461914,0.05051701421203276,0.6812008382660808,-0.031014638482245584
0.07300000000000005,-3.1259303092956543,9.490227699279785,0.049547280604217876,0.6911247660341182,-0.03072613168642177
0.07350000000000005,-3.146867275238037,9.55567741394043,0.04946866057554526,0.7071893103815596,-0.03147423109730894
0.07400000000000005,-3.16778302192688,9.621127128601074,0.050027553307862585,0.728565728529089,-0.03296907343564093
0.07450000000000005,-3.188668727874756,9.686577796936035,0.05105023338737097,0.7546017469634303,-0.035007238971821966
0.07500000000000005,-3.2095189094543457,9.75202751159668,0.05241486352997425,0.784788008741556,-0.037446117722060544
0.07550000000000005,-3.2303290367126465,9.817477226257324,0.05403451665659895,0.8187312383281675,-0.04018585349623905
0.07600000000000005,-3.251096248626709,9.882926940917969,0.05584651360108127,0.856131774286595,-0.0431566739577666
0.07650000000000005,-3.271818161010742,9.948376655578613,0.057805397688024986,0.8967646295330776,-0.046309963577415215
0.07700000000000005,-3.2924933433532715,10.013826370239258,0.059878100957595604,0.9404636877261734,-0.04961200506458783
0.07750000000000005,-3.313120126724243,10.079276084899902,0.06204051803226991,0.9871087227126799,-0.05303956023304292
0.07800000000000006,-3.333697557449341,10.144726753234863,0.06427503797034688,1.0366149094687982,-0.05657679124860584
0.07850000000000006,-3.354224681854248,10.210176467895508,0.06656875433416284,1.0889244750625329,-0.06021307899757768
0.07900000000000006,-3.3747010231018066,10.275626182556152,0.06891216562183697,1.144000140722368,-0.06394150782969986
0.07950000000000006,-3.395125389099121,10.341075897216797,0.07129823316951349,1.1357955762434344,-0.06775777520979037
0.08000000000000006,-3.4163246154785156,10.406525611877441,0.09142821232922387,2.971988115615344,-0.015157796311871367
0.08050000000000006,-3.4380619525909424,10.471975326538086,0.12004010107371212,1.1374500983075606,0.021831220210560536
0.08100000000000006,-3.459298610687256,10.53742504119873,0.10018879161593255,1.2045706448045386,-0.012594559095152582
0.08150000000000006,-3.480152130126953,10.602874755859375,0.09020942514300723,1.3062988625817702,-0.03923717839660618
0.08200000000000006,-3.50071382522583,10.668325424194336,0.08662757025398823,1.4097783107460273,-0.059812705974612836
0.08250000000000006,-3.5210490226745605,10.73377513885498,0.08654150815606354,1.5119028866183102,-0.07602608140607686
0.08300000000000006,-3.5412042140960693,10.799224853515625,0.08818006257262892,1.6119581157962255,-0.08911489151300192
0.08350000000000006,-3.5612130165100098,10.86467456817627,0.09060206893695194,1.7102108483545262,-0.09997458586990461
0.08400000000000006,-3.581098794937134,10.930124282836914,0.09334907155920787,1.5259357797214408,-0.10925294811334164
0.08450000000000006,-3.601882219314575,10.995573997497559,0.10569029114240215,3.1473540890017793,-0.045126887928431794
0.08500000000000006,-3.6232903003692627,11.061023712158203,0.1277156528437839,1.5335499205694223,-4.709638337889919e-05
0.08550000000000006,-3.6440675258636475,11.126474380493164,0.11200094678944378,1.711883425372386,-0.04593721431181116
0.08600000000000006,-3.6643636226654053,11.191924095153809,0.10596389452520287,1.9005204007023235,-0.08134365406167972
0.08650000000000006,-3.6842949390411377,11.257373809814453,0.10539246386314365,2.073879777633384,-0.10859404625231715
0.08700000000000006,-3.703944206237793,11.322823524475098,0.10738060586140998,2.2335430321596847,-0.12997403327788906
0.08750000000000006,-3.7233707904815674,11.388273239135742,0.1104077448879865,1.9689165051096031,-0.14714543604375033
0.08800000000000006,-3.7437946796417236,11.453722953796387,0.1187215268395111,3.3971935078460422,-0.073193289850043
0.08850000000000006,-3.7649118900299072,11.519172668457031,0.13601980687739215,1.9496336626526225,-0.02131040353271051
0.08900000000000007,-3.785261631011963,11.584623336791992,0.12343471021858002,2.2302751951479887,-0.07944767635973596
0.08950000000000007,-3.805028200149536,11.650073051452637,0.12014659372453233,2.4982147729195154,-0.12411908490271625
0.09000000000000007,-3.824354410171509,11.715522766113281,0.12155688331037684,2.734562899086358,-0.15835686515587818
0.09050000000000007,-3.8433420658111572,11.780972480773926,0.124882140425562,2.400317288758821,-0.18508940888865422
0.09100000000000007,-3.863413095474243,11.84642219543457,0.13039639007447545,3.6600906491664222,-0.10223728890784974
0.09150000000000007,-3.8842363357543945,11.911871910095215,0.144077875234741,2.38319429525665,-0.044258651115735716
0.09200000000000007,-3.904151439666748,11.97732162475586,0.13423309931282348,2.7636592454958797,-0.11532104343601504
0.09250000000000007,-3.9233791828155518,12.04277229309082,0.13319171487663492,3.1082295104280115,-0.16971037599424865
0.09300000000000007,-3.942089557647705,12.108222007751465,0.1361657544881444,3.4048272213404704,-0.21123432780568122
0.09350000000000007,-3.9604034423828125,12.17367172241211,0.1405361513491444,2.6978003817048934,-0.24351377071647706
0.09400000000000007,-3.9799492359161377,12.239121437072754,0.14150306832707388,3.839147566891502,-0.14657961111289494
0.09450000000000007,-4.000349998474121,12.304571151733398,0.1514440369733659,2.933328837508357,-0.07884281770916604
0.09500000000000007,-4.019712448120117,12.370020866394043,0.1453905724228874,3.4150813687861405,-0.16256599416582634
0.09550000000000007,-4.038291931152344,12.435470581054688,0.14694775456284961,3.8356610297744815,-0.2264917809884633
0.09600000000000007,-4.0562825202941895,12.500920295715332,0.15152966636398724,3.2076178153977386,-0.275174713139008
0.09650000000000007,-4.075539588928223,12.566370964050293,0.15199701458819476,4.18589716325367,-0.17319950153940417
0.09700000000000007,-4.095672130584717,12.631820678710938,0.1598386104218546,3.3917568681540864,-0.10219888298471946
0.09750000000000007,-4.114598751068115,12.697270393371582,0.15560247572261046,3.979639045495785,-0.20183257858383183
0.09800000000000007,-4.132618427276611,12.762720108032227,0.15868799521655866,4.481094136159138,-0.2775829077953394
0.09850000000000007,-4.149958610534668,12.828169822692871,0.16438171698525628,3.5489194428429194,-0.33503343739371905
0.09900000000000007,-4.168684005737305,12.893619537353516,0.16204694035330658,4.423223567067571,-0.22097423299129706
0.09950000000000007,-4.1883673667907715,12.95906925201416,0.16734545498316603,3.9690210514263016,-0.14170353791806808
0.10000000000000007,-4.20670747756958,13.024519920349121,0.1660648112033157,4.6554279785178245,-0.2552348717325033
0.10050000000000008,-4.224039077758789,13.089969635009766,0.17106297551607427,4.113212167915537,-0.34136313700775395
0.10100000000000008,-4.242676258087158,13.15541934967041,0.17033726761470316,4.82899173508903,-0.2320302677031
0.10150000000000008,-4.262210845947266,13.220869064331055,0.17499080915849574,4.339064327659905,-0.15648671451560378
0.10200000000000008,-4.2801947593688965,13.2863187789917,0.17441735047317594,5.142203053066997,-0.2897608681950841
0.10250000000000008,-4.297020435333252,13.351768493652344,0.1803828631148934,4.456684079376874,-0.3903940878256084
0.10300000000000008,-4.315205097198486,13.417218208312988,0.1783600044874881,5.086302806410272,-0.27464642882303736
0.10350000000000008,-4.334323406219482,13.48266887664795,0.18158559258514814,5.5419123677054465,-0.19488099759525893
0.10400000000000008,-4.3540520668029785,13.548118591308594,0.18609651695958299,4.616429580705615,-0.14246414532181836
0.10450000000000008,-4.371811866760254,13.613568305969238,0.18422777902563975,5.632151973404588,-0.31510464346956457
0.10500000000000008,-4.388111114501953,13.679018020629883,0.19079288216194557,4.978500979337153,-0.4443951979202792
0.10550000000000008,-4.405764102935791,13.744467735290527,0.18836774486113847,5.487217651856577,-0.3267640790843537
0.10600000000000008,-4.424343109130859,13.809917449951172,0.1904116971263516,5.859686750674949,-0.24615269680896468
0.10650000000000008,-4.443521976470947,13.875367164611816,0.19373853804961333,5.2519776472279185,-0.1937797599003123
0.10700000000000008,-4.460501670837402,13.940817832946777,0.19472529406418232,6.41411395335705,-0.39063233529791735
0.10750000000000008,-4.4758524894714355,14.006267547607422,0.2032375280976163,5.425341692943865,-0.5376698186294563
0.10800000000000008,-4.49265718460083,14.071717262268066,0.19893943691248242,5.848225381854066,-0.40901522973880583
0.10850000000000008,-4.510453224182129,14.137166976928711,0.19935599052645314,6.164130132009158,-0.3210648651493882
0.10900000000000008,-4.528891563415527,14.202616691589355,0.2014654844635855,6.391596032946296,-0.2641319489040919
0.10950000000000008,-4.547721862792969,14.26806640625,0.2039331722836276,5.873462890572685,-0.2294822113735957
0.11000000000000008,-4.563926696777344,14.333516120910645,0.2066644257106743,7.2764958957770585,-0.46983388681375643
0.11050000000000008,-4.578195571899414,14.398966789245605,0.2170774889992267,6.0519064673474094,-0.6484659264646516
0.11100000000000008,-4.5939717292785645,14.46441650390625,0.2115813404561474,6.36499771245355,-0.5121755178759934
0.11150000000000009,-4.610772132873535,14.529866218566895,0.21061056176578227,6.60784113651764,-0.4194529249571394
0.11200000000000009,-4.628231525421143,14.595315933227539,0.21154295490775923,6.787455572215795,-0.35998151397656064
0.11250000000000009,-4.646088123321533,14.660765647888184,0.21312705769975082,6.924895633621261,-0.324354097692063
0.11300000000000009,-4.664155960083008,14.726215362548828,0.21486058024256136,6.779289987886558,-0.30585973248298404
0.11350000000000009,-4.67913293838501,14.791665077209473,0.22100050529687867,8.45816587763785,-0.5959062026681483
0.11400000000000009,-4.691839694976807,14.857114791870117,0.234041958527326,6.832094179800695,-0.8105347448034476
0.11450000000000009,-4.706143856048584,14.922565460205078,0.22698025935745975,7.030091158060054,-0.6625832284983794
0.11500000000000009,-4.721530914306641,14.988015174865723,0.2244658947876927,7.197709856907219,-0.5623795332562771
0.11550000000000009,-4.73760986328125,15.053464889526367,0.22415723357524664,7.328691077897236,-0.4986354706779279
0.11600000000000009,-4.75410270690918,15.118914604187012,0.22483243314777282,7.436215533923981,-0.46097761234168216
0.11650000000000009,-4.770809650421143,15.184364318847656,0.22594036154866443,7.529544823167415,-0.44201727001679647
0.11700000000000009,-4.787590026855469,15.2498140335083,0.22724402557409956,7.614889953829514,-0.43650029243233374
0.11750000000000009,-4.8043413162231445,15.315263748168945,0.22864618705850098,7.696294204456386,-0.4406879234726673
0.11800000000000009,-4.820991039276123,15.380714416503906,0.23010882966052723,7.776320109422666,-0.45191883752068257
0.11850000000000009,-4.837486267089844,15.44616413116455,0.2316175188164023,7.856547990154352,-0.46829789957815277
0.11900000000000009,-4.853789329528809,15.511613845825195,0.23316636660594728,7.937922525903818,-0.48847528655890615
0.11950000000000009,-4.869871616363525,15.57706356048584,0.23475211551719857,8.020986504217138,-0.5114890816679896
0.12000000000000009,-4.885712146759033,15.642513275146484,0.23637207791232406,8.106034770187321,-0.5366535378787316
0.1205000000000001,-4.901296138763428,15.707962989807129,0.23802359390726865,8.193213528639705,-0.5634795183831299
0.1210000000000001,-4.916610240936279,15.773412704467773,0.23970401285569268,8.282583114428299,-0.5916174263379087
0.1215000000000001,-4.931646347045898,15.838863372802734,0.24141080307102342,8.37415681843403,-0.6208173871807898
0.1220000000000001,-4.9463958740234375,15.904313087463379,0.2431416518862396,8.467924297509237,-0.6508999275133033
0.1225000000000001,-4.960853099822998,15.969762802124023,0.24489452191273936,8.563865234037802,-0.6817359841624657
0.1230000000000001,-4.975012302398682,16.03521156311035,0.24666766642317445,8.661956946741023,-0.7132320349112601
0.1235000000000001,-4.988868713378906,16.100662231445312,0.24845961652786383,8.762178333869931,-0.7453198957701261
0.1240000000000001,-5.0024189949035645,16.166112899780273,0.2502691525104022,8.864511656506838,-0.7779494659913686
0.1245000000000001,-5.015658378601074,16.2315616607666,0.25209526852832703,8.968943100212723,-0.8110830781698074
0.12500000000000008,-5.028583526611328,16.297012329101562,0.2539371365969705,9.075462686988278,-0.8446922162058466
0.12550000000000008,-5.041191101074219,16.36246109008789,0.25579407319624053,9.184063877255081,-0.8787546685009603
0.12600000000000008,-5.053477764129639,16.42791175842285,0.25766551007033495,9.294743056576158,-0.9132526514370594
0.12650000000000008,-5.0654401779174805,16.49336051940918,0.25955096968572977,9.407499012996546,-0.9481714768718809
0.12700000000000009,-5.077075958251953,16.55881118774414,0.2614500451855242,9.52233245771327,-0.983498791011264
0.12750000000000009,-5.088380813598633,16.6242618560791,0.2633623843658476,9.639245610947158,-1.0192233615853348
0.12800000000000009,-5.099352836608887,16.68971061706543,0.265287677081395,9.758241857802368,-1.0553354270657722
0.1285000000000001,-5.109988689422607,16.75516128540039,0.2672256454792867,9.879325470101012,-1.0918256234337387
0.1290000000000001,-5.120285511016846,16.82061004638672,0.26917603650979804,10.002501386240455,-1.1286851177584678
0.1295000000000001,-5.130240440368652,16.88606071472168,0.2711386162362964,10.1277750399124,-1.165905346529289
0.1300000000000001,-5.13985013961792,16.951509475708008,0.27311316554624915,10.255152228766441,-1.203477784135057
0.1305000000000001,-5.149112701416016,17.01696014404297,0.27509947694030057,10.384639015026016,-1.241394301304318
0.1310000000000001,-5.158024311065674,17.08241081237793,0.2770973521426942,10.516241651244748,-1.2796463267630278
0.1315000000000001,-5.1665825843811035,17.147859573364258,0.27910660033215917,10.649966525584803,-1.3182255896142694
0.1320000000000001,-5.1747846603393555,17.21331024169922,0.28112703683806217,10.785820122093035,-1.3571236393469432
0.1325000000000001,-5.182628154754639,17.278759002685547,0.28315848218313655,10.923808992395273,-1.3963320645966841
0.1330000000000001,-5.190109729766846,17.344209671020508,0.28520076138282274,11.063939736016502,-1.435842099419349
0.1335000000000001,-5.1972270011901855,17.409658432006836,0.2872537034335142,11.206218987172427,-1.475645119523484
0.1340000000000001,-5.203977108001709,17.475109100341797,0.2893171409390624,11.350653406384131,-1.5157322524808596
0.1345000000000001,-5.210357189178467,17.540559768676758,0.2913909098379118,11.497249675666472,-1.5560944970438202
0.1350000000000001,-5.21636438369751,17.606008529663086,0.29347484920299777,11.646014496346591,-1.5967227188653634
0.1355000000000001,-5.221996784210205,17.671459197998047,0.2955688010939109,11.796954588806,-1.6376079462846649
0.1360000000000001,-5.227251052856445,17.736907958984375,0.29767261044627563,11.950076693617573,-1.6787406380440655
0.1365000000000001,-5.232124328613281,17.802358627319336,0.2997861249873847,12.105387573685457,-1.7201112542702828
0.1370000000000001,-5.236614227294922,17.867807388305664,0.3019091951700971,12.262894017096245,-1.7617102725771068
0.1375000000000001,-5.240718364715576,17.933258056640625,0.3040416741192333,12.422602840466427,-1.8035280406157077
0.1380000000000001,-5.244433879852295,17.998708724975586,0.30618341758630885,12.58452089262728,-1.845554606856571
0.1385000000000001,-5.247757434844971,18.064157485961914,0.3083342839096308,12.748655058530098,-1.8877797005384962
0.1390000000000001,-5.250687599182129,18.129608154296875,0.3104941339776399,12.915012263285755,-1.9301935876561018
0.1395000000000001,-5.253220558166504,18.195056915283203,0.3126628311940068,13.083599476274998,-1.9727855329719193
0.1400000000000001,-5.255354404449463,18.260507583618164,0.3148402414434398,13.254423715282787,-2.015545349703713
0.1405000000000001,-5.257086277008057,18.325956344604492,0.31702623305748495,13.427492050621765,-2.0584623535180673
0.1410000000000001,-5.258413314819336,18.391407012939453,0.31922067677984506,13.60281160921964,-2.101525703614512
0.1415000000000001,-5.25933313369751,18.456857681274414,0.321423445730894,13.780389578650787,-2.144724595092947
0.1420000000000001,-5.259842872619629,18.522306442260742,0.32363441537119225,13.960233211097485,-2.1880478795862865
0.1425000000000001,-5.2599406242370605,18.587757110595703,0.3258534634639004,14.142349827230168,-2.2314846504258137
0.1430000000000001,-5.259622573852539,18.65320587158203,0.3280804700360203,14.326746819996986,-2.27502304230253
0.1435000000000001,-5.25888729095459,18.718656539916992,0.33031531733847735,14.513431658316941,-2.3186520416989733
0.1440000000000001,-5.257730960845947,18.78410530090332,0.33255788980503265,14.702411890669541,-2.362359441514539
0.1445000000000001,-5.256152153015137,18.84955596923828,0.33480807401009105,14.89369514857751,-2.4061339210287884
0.1450000000000001,-5.254147052764893,18.915006637573242,0.33706575862542415,15.0872891499771,-2.449962920606622
0.1455000000000001,-5.251713752746582,18.98045539855957,0.3393308343758855,15.283201702473091,-2.4938345752112907
0.1460000000000001,-5.248849868774414,19.04590606689453,0.34160319399416883,15.48144070647461,-2.5377366403345407
0.1465000000000001,-5.245551586151123,19.11135482788086,0.34388273217467163,15.682014158208496,-2.5816559992675407
0.1470000000000001,-5.241817474365234,19.17680549621582,0.3461693455265264,15.884930152606897,-2.625580508363947
0.1475000000000001,-5.237644195556641,19.24225425720215,0.3484629325258651,16.09019688606616,-2.66949691054979
0.1480000000000001,-5.233029365539551,19.30770492553711,0.3507633934673701,16.29782265907355,-2.713392231780334
0.1485000000000001,-5.227970600128174,19.37315559387207,0.3530706304151793,16.507815878698924,-2.7572533166024438
0.1490000000000001,-5.222464561462402,19.4386043548584,0.35538454715318757,16.72018506094766,-2.8010663132023472
0.1495000000000001,-5.216508865356445,19.50405502319336,0.3577050491348105,16.934938832971923,-2.8448176671179577
0.1500000000000001,-5.2101006507873535,19.569503784179688,0.3600320434322534,17.152085935136608,-2.888493367174736
0.1505000000000001,-5.203237533569336,19.63495445251465,0.3623654386853331,17.371635222936384,-2.9320794574447224
0.1510000000000001,-5.195916652679443,19.700403213500977,0.3647051450499041,17.593595668760532,-2.9755615088685494
0.1515000000000001,-5.188135623931885,19.765853881835938,0.36705107414592386,17.817976363501405,-3.0189251483079453
0.1520000000000001,-5.179891109466553,19.8313045501709,0.3694031390051983,18.04478651800278,-3.062155230738061
0.1525000000000001,-5.1711812019348145,19.896753311157227,0.37176125401885013,18.274035464344138,-3.105237222382245
0.1530000000000001,-5.162002086639404,19.962203979492188,0.37412533488453786,18.505732656956614,-3.148155227483105
0.1535000000000001,-5.152352333068848,20.027652740478516,0.3764952985534648,18.739887673566354,-3.190894552128889
0.1540000000000001,-5.142228126525879,20.093103408813477,0.37887106317719954,18.976510215960605,-3.2334388139781267
0.1545000000000001,-5.131627082824707,20.158552169799805,0.3812525480543449,19.2156101105721,-3.275772259718581
0.1550000000000001,-5.120546817779541,20.224002838134766,0.3836396735770765,19.45719730887685,-3.3178789016424983
0.1555000000000001,-5.108983516693115,20.289453506469727,0.38603236117757234,19.70128188760008,-3.359741572445194
0.1560000000000001,-5.096935749053955,20.354902267456055,0.3884305332743644,19.94787404872563,-3.4013443968617243
0.1565000000000001,-5.084399700164795,20.420352935791016,0.3908341132186215,20.196984119302993,-3.4426696740991924
0.1570000000000001,-5.071372985839844,20.485801696777344,0.3932430252403899,20.448622551046473,-3.483700377013882
0.1575000000000001,-5.057852745056152,20.551252365112305,0.3956571943948063,20.702799919721013,-3.5244188882650134
0.1580000000000001,-5.0438361167907715,20.616701126098633,0.398076546508292,20.959526924308133,-3.5648073089117776
0.1585000000000001,-5.029320240020752,20.682151794433594,0.40050100812475803,21.21881438594655,-3.6048474534017436
0.1590000000000001,-5.0143022537231445,20.747600555419922,0.40293050645180944,21.48067324664003,-3.6445208445305863
0.15950000000000011,-4.998779296875,20.813051223754883,0.4053649693069884,21.745114567727107,-3.6838087083782645
0.16000000000000011,-4.982748508453369,20.878501892089844,0.40780432506403436,22.01214952810439,-3.722691969226851
0.16050000000000011,-4.966207027435303,20.943950653076172,0.41024850259919887,22.281789422197633,-3.7611512444654185
0.16100000000000012,-4.94915246963501,21.009401321411133,0.41269743123759833,22.55404565767216,-3.7991672055268584
0.16150000000000012,-4.931581020355225,21.07485008239746,0.41515104069963144,22.828929752876096,-3.836719113561952
0.16200000000000012,-4.913490295410156,21.140300750732422,0.4176092610474432,23.106453334007234,-3.8737869957979036
0.16250000000000012,-4.894876956939697,21.20574951171875,0.4200720226314635,23.38662813199682,-3.910349810112604
0.16300000000000012,-4.875738620758057,21.27120018005371,0.4225392560370013,23.669465979100792,-3.9463869338419224
0.16350000000000012,-4.856072425842285,21.336650848388672,0.425010892030915,23.954978805190564,-3.981877035937231
0.16400000000000012,-4.835874557495117,21.402099609375,0.4274868615083437,24.243178633733873,-4.016797650775136
0.16450000000000012,-4.81514310836792,21.46755027770996,0.42996709543951245,24.534077577456983,-4.0511275291925575
0.16500000000000012,-4.793874263763428,21.53299903869629,0.4324515248166033,24.82768783367843,-4.08484348515686
0.16550000000000012,-4.77206563949585,21.59844970703125,0.4349400806006917,25.124021679304594,-4.117923168521219
0.16600000000000012,-4.749713897705078,21.663898468017578,0.4374326936687502,25.42309146547735,-4.1503430541637485
0.16650000000000012,-4.726816177368164,21.72934913635254,0.4399292947607136,25.48887255333746,-4.182079650967772
0.16700000000000012,-4.70952033996582,21.7947998046875,0.44511490794476954,27.177620990269865,-3.639218348323038
0.16750000000000012,-4.696031093597412,21.860248565673828,0.4529097701521723,25.57175550817545,-3.271441774670152
0.16800000000000012,-4.678698539733887,21.92569923400879,0.4501532690201574,26.025104878647095,-3.619042457960657
0.16850000000000012,-4.658412933349609,21.991147994995117,0.45039085702849757,26.488474114470105,-3.878555095184042
0.16900000000000012,-4.635859489440918,22.056598663330078,0.4521292538635796,26.92985945147036,-4.07020728742104
0.16950000000000012,-4.611526012420654,22.122047424316406,0.4545514537853942,27.349577380659003,-4.213132259836972
0.17000000000000012,-4.585760116577148,22.187498092651367,0.4572553347839565,27.163175697479744,-4.321066863206068
0.17050000000000012,-4.565546989440918,22.252948760986328,0.460747075946673,28.504910483014857,-3.795158658634185
0.17100000000000012,-4.549096584320068,22.318397521972656,0.4665852215450476,27.301659461680693,-3.439264617424501
0.17150000000000012,-4.528170585632324,22.383848190307617,0.4650368691739463,27.93822203494405,-3.8288328738515034
0.17200000000000013,-4.503835201263428,22.449296951293945,0.4663270928371644,28.537973369350293,-4.115468962421606
0.17250000000000013,-4.476904392242432,22.514747619628906,0.4688908145477087,29.08277148125483,-4.323393615027529
0.17300000000000013,-4.447958469390869,22.580196380615234,0.47193138521087463,28.487282595591264,-4.474871008750145
0.17350000000000013,-4.4246625900268555,22.645647048950195,0.47364132715368706,29.574322432392552,-3.9515500193185082
0.17400000000000013,-4.405194282531738,22.711097717285156,0.4778144322538603,28.866677264054026,-3.597110285922278
0.17450000000000013,-4.380768299102783,22.776546478271484,0.47761242174245006,29.671311830203102,-4.011615297645628
0.17500000000000013,-4.352585315704346,22.841997146606445,0.4799507944006245,30.394160471229384,-4.31297810616776
0.17550000000000013,-4.321558475494385,22.907445907592773,0.4832826243472023,29.65671476667548,-4.528172386854501
0.17600000000000013,-4.296030044555664,22.972896575927734,0.4840547788482362,30.517854605526804,-4.029157554392138
0.17650000000000013,-4.274217128753662,23.038345336914062,0.48709692100242086,30.15539728386672,-3.691242632984753
0.17700000000000013,-4.246919631958008,23.103796005249023,0.48792054290010467,31.12542850920755,-4.1336132060544175
0.17750000000000013,-4.215487480163574,23.169246673583984,0.49112695207610607,30.67173236309243,-4.451743969126677
0.17800000000000013,-4.188990592956543,23.234695434570312,0.49195094543116663,31.332067772267138,-4.010457753578778
0.17850000000000013,-4.165805816650391,23.300146102905273,0.494447112103594,31.81634335280947,-3.7124141092564265
0.17900000000000013,-4.144715785980225,23.3655948638916,0.4972692527471433,30.916907969250968,-3.5201212009415492
0.17950000000000013,-4.116535186767578,23.431045532226562,0.49743180335877174,32.20642147957809,-4.080025690925137
0.18000000000000013,-4.0830769538879395,23.49649429321289,0.5010650170252977,31.749591997045364,-4.478009229959298
0.18050000000000013,-4.054192066192627,23.56194496154785,0.5013847293983381,32.22805263407661,-4.07566461721372
0.18100000000000013,-4.028361797332764,23.627395629882812,0.5031299498049452,32.58537530241112,-3.803736115471181
0.18150000000000013,-4.004439353942871,23.69284439086914,0.5052399992328059,32.17674755851915,-3.628484528763724
0.18200000000000013,-3.97283935546875,23.7582950592041,0.5069358291567604,33.68694271566769,-4.2099726051418775
0.18250000000000013,-3.935544729232788,23.82374382019043,0.5117633769033006,32.71780526044275,-4.6188530650536554
0.18300000000000013,-3.9029834270477295,23.88919448852539,0.5107675861650941,33.05219139070484,-4.211313763270176
0.18350000000000014,-3.873591423034668,23.95464324951172,0.511471768513469,33.30983876087502,-3.934242250813621
0.18400000000000014,-3.8461859226226807,24.02009391784668,0.5127960832257868,33.50589461222091,-3.7537155548363135
0.18450000000000014,-3.8199260234832764,24.08554458618164,0.5142782427167744,33.663752956342194,-3.6406993811796196
0.18500000000000014,-3.7942135334014893,24.15099334716797,0.5157532185128253,33.46775180458176,-3.5747650875999524
0.18550000000000014,-3.7592179775238037,24.21644401550293,0.5186336671551932,35.43859744612733,-4.239856318994606
0.18600000000000014,-3.7173893451690674,24.281892776489258,0.5250039711664173,34.08283010409051,-4.7008601724353944
0.18650000000000014,-3.680131435394287,24.34734344482422,0.5229239765971095,34.2203030417502,-4.317497539592441
0.18700000000000014,-3.645930767059326,24.412792205810547,0.5225721705577897,34.341378978784086,-4.054621439875349
0.18750000000000014,-3.6136367321014404,24.478242874145508,0.5230113949488537,34.44198089665848,-3.8810535539122006
0.18800000000000014,-3.5824315547943115,24.54369354248047,0.5237899958318281,34.533088856367804,-3.7696668699652935
0.18850000000000014,-3.551734447479248,24.609142303466797,0.5247158195884987,34.62141369509515,-3.70140937752416
0.18900000000000014,-3.5211331844329834,24.674592971801758,0.5257099608013724,34.71067913313869,-3.662885038299833
0.18950000000000014,-3.4903361797332764,24.740041732788086,0.5267404844371354,34.80268760776304,-3.6446522090262707
0.19000000000000014,-3.459136724472046,24.805492401123047,0.5277936341265637,34.89807603479538,-3.6400423576967627
0.19050000000000014,-3.427389144897461,24.870941162109375,0.5288619999675501,34.99682101069372,-3.6443380148049123
0.19100000000000014,-3.3949906826019287,24.936391830444336,0.5299400729935663,35.09856076540347,-3.6541958401246406
0.19150000000000014,-3.361870050430298,25.001840591430664,0.5310228402334576,35.20279092706955,-3.667242852927915
0.19200000000000014,-3.327977418899536,25.067291259765625,0.5321055155553732,35.30897715460052,-3.681790194024853
0.19250000000000014,-3.293278694152832,25.132741928100586,0.5331836155405455,35.41661506474323,-3.6966328177269516
0.19300000000000014,-3.257750988006592,25.198190689086914,0.5342530819685808,35.525258021757594,-3.7109076779404804
0.19350000000000014,-3.221379041671753,25.263641357421875,0.5353103594129359,35.634526216052926,-3.7239932077465614
0.19400000000000014,-3.1841537952423096,25.329090118408203,0.5363524160584064,35.74410552269259,-3.73543961257361
0.19450000000000014,-3.1460700035095215,25.394540786743164,0.5373767212078121,35.85374133503927,-3.7449181039271258
0.19500000000000015,-3.107125759124756,25.459989547729492,0.5383811969306899,35.96323042992616,-3.7521864644372984
0.19550000000000015,-3.0673205852508545,25.525440216064453,0.5393641581426812,36.072412569234444,-3.7570628866425224
0.19600000000000015,-3.02665638923645,25.590890884399414,0.5403242508282387,36.181162712709785,-3.759410279382622
0.19650000000000015,-2.985135555267334,25.656339645385742,0.5412603941497519,36.289384224015166,-3.759122088029079
0.19700000000000015,-2.9427616596221924,25.721790313720703,0.542171729306374,36.39700317232388,-3.756114805367653
0.19750000000000015,-2.89953875541687,25.78723907470703,0.543057576132365,36.503963683466544,-3.750321201909457
0.19800000000000015,-2.8554718494415283,25.852689743041992,0.5439173973177196,36.61022422503101,-3.7416868042100497
0.19850000000000015,-2.81056547164917,25.91813850402832,0.5447507695531105,36.715754685497906,-3.730165129179318
0.19900000000000015,-2.7648253440856934,25.98358917236328,0.5455573606556372,36.82053410782586,-3.7157178116242835
0.19950000000000015,-2.718256950378418,26.049039840698242,0.5463369116849776,36.92454895042438,-3.69831129611672
0.20000000000000015,-2.670866012573242,26.11448860168457,0.5470892231200697,37.02779176589835,-3.6779164433010223
0.20050000000000015,-2.6226584911346436,26.17993927001953,0.5478141442771812,37.13026020628847,-3.654507822074409
0.20100000000000015,-2.573640823364258,26.24538803100586,0.5485115652768996,37.231956280681494,-3.628063549938165
0.20150000000000015,-2.5238192081451416,26.31083869934082,0.5491814109913575,37.33288580610283,-3.5985639449834186
0.20200000000000015,-2.4731996059417725,26.37628746032715,0.5498236365146647,37.433058005274454,-3.565991243492037
0.20250000000000015,-2.4217891693115234,26.44173812866211,0.5504382237951314,37.53248521518135,-3.5303314757312054
0.20300000000000015,-2.369594097137451,26.50718879699707,0.551025179147272,37.63118267870402,-3.491571258114211
0.20350000000000015,-2.3166210651397705,26.5726375579834,0.5515845314258502,37.7291683981336,-3.449699742133138
0.20400000000000015,-2.2628772258758545,26.63808822631836,0.552116330695262,37.82646303449613,-3.4047085696271906
0.20450000000000015,-2.208369016647339,26.703536987304688,0.5526206472676324,37.923089840557644,-3.356590031410933
0.20500000000000015,-2.1531035900115967,26.76898765563965,0.5530975710139848,38.01907461839805,-3.3053391531149243
0.20550000000000015,-2.097087860107422,26.834436416625977,0.553547210876643,38.11444569473233,-3.250952223019781
0.20600000000000016,-2.0403289794921875,26.899887084960938,0.5539696945291659,38.209233908889935,-3.1934274765102284
0.20650000000000016,-1.9828341007232666,26.9653377532959,0.5543651681438104,38.30347260966129,-3.132764696063763
0.20700000000000016,-1.9246101379394531,27.030786514282227,0.5547337962368301,38.39719765819335,-3.0689647913247486
0.20750000000000016,-1.8656646013259888,27.096237182617188,0.5550757615696141,38.490447434837975,-3.0020310854988175
0.20800000000000016,-1.8060044050216675,27.161685943603516,0.5553912650894571,38.583262848397275,-2.9319673842630496
0.20850000000000016,-1.745637059211731,27.227136611938477,0.5556805258979307,38.67568734660171,-2.858779845968659
0.20900000000000016,-1.6845698356628418,27.292585372924805,0.5559437812380523,38.76776692695459,-2.7824756059352462
0.20950000000000016,-1.622809886932373,27.358036041259766,0.5561812864937289,38.859550147290015,-2.703062917588232
0.21000000000000016,-1.5603646039962769,27.423486709594727,0.5563933151966227,38.951088135546804,-2.620551703660747
0.21050000000000016,-1.4972413778305054,27.488935470581055,0.5565801590368711,39.04243459838002,-2.5349531269996857
0.21100000000000016,-1.4334475994110107,27.554386138916016,0.5567421278749691,39.13364582831347,-2.4462795476754557
0.21150000000000016,-1.368990421295166,27.619834899902344,0.5568795497527601,39.22478070919835,-2.3545440692971553
0.21200000000000016,-1.303877353668213,27.685285568237305,0.5569927709019736,39.3159007197879,-2.25976151197293
0.21250000000000016,-1.238115668296814,27.750734329223633,0.5570821557490748,39.40706993527062,-2.161947350234022
0.21300000000000016,-1.1717126369476318,27.816184997558594,0.5571480869153868,39.49835502662542,-2.061118071316849
0.21350000000000016,-1.1046756505966187,27.881635665893555,0.5571909652116654,39.58982525768259,-1.9572913404787298
0.21400000000000016,-1.0370118618011475,27.947084426879883,0.5572112096263816,39.681552479783726,-1.8504853239967007
0.21450000000000016,-0.9687284827232361,28.012535095214844,0.5572092573070176,39.77361112394239,-1.7407191629140977
0.21500000000000016,-0.8998328447341919,28.077983856201172,0.5571855635337728,39.866078190415635,-1.6280130376829207
0.21550000000000016,-0.8303320407867432,28.143434524536133,0.5571406016850435,39.95903323559816,-1.5123874768467214
0.21600000000000016,-0.7602332234382629,28.20888328552246,0.5570748631940992,40.052558356156794,-1.3938638415881779
0.21650000000000016,-0.6895434856414795,28.274333953857422,0.556988857496307,40.146738170322365,-1.2724640620408463
0.21700000000000016,-0.6182697415351868,28.339784622192383,0.5568831119663201,40.24165979626074,-1.14821036506146
0.21750000000000017,-0.546419084072113,28.40523338317871,0.5567581718445643,40.3374128274443,-1.021125884984488
0.21800000000000017,-0.47399836778640747,28.470684051513672,0.5566146001523545,40.43408930494541,-0.8912338426214809
0.21850000000000017,-0.40101441740989685,28.5361328125,0.5564529775949643,40.531783686577114,-0.7585578795632998
0.21900000000000017,-0.32747405767440796,28.60158348083496,0.5562739024519229,40.63059281280424,-0.6231220670669063
0.21950000000000017,-0.25338396430015564,28.66703224182129,0.5560779904537931,40.73061586935036,-0.484950575136463
0.22000000000000017,-0.17875078320503235,28.73248291015625,0.5558658746446555,40.831954346426286,-0.3440678485586721
0.22050000000000017,-0.10358105599880219,28.79793357849121,0.5556382052294897,40.934711994506586,-0.20049841653858036
0.22100000000000017,-0.027881255373358727,28.86338233947754,0.5553956494056317,41.03899477658186,-0.054266912120023464
0.22150000000000017,0.048342231661081314,28.9288330078125,0.5551388911774318,41.144910816814566,0.09460200732918433
0.22200000000000017,0.1250831037759781,28.994281768798828,0.554868631153237,41.25257034552819,0.24608370681640426
0.22250000000000017,0.2023351788520813,29.05973243713379,0.5545855863237821,41.362085640459846,0.40015368574393795
0.22300000000000017,0.28009232878685,29.125181198120117,0.5542904898210423,41.473570964207475,0.5567874946823094
0.22350000000000017,0.3583485186100006,29.190631866455078,0.5539840906566148,41.58714249780537,0.7159608554236447
0.22400000000000017,0.4370978772640228,29.25608253479004,0.5536671534386307,41.702918270361664,0.8776498458222546
0.22450000000000017,0.516334593296051,29.321531295776367,0.5533404580662068,41.821018084692916,1.0418307342660125
0.22500000000000017,0.596052885055542,29.386981964111328,0.5530047994004459,41.94156343889425,1.2084799576697833
0.22550000000000017,0.6762472987174988,29.452430725097656,0.5526609869109534,42.06467744378324,1.37757476422774
0.22600000000000017,0.7569122314453125,29.517881393432617,0.5523098442968598,42.19048473615876,1.5490922859953353
0.22650000000000017,0.8380423188209534,29.583330154418945,0.5519522090813148,42.319111387817216,1.723010359617926
0.22700000000000017,0.9196323156356812,29.648780822753906,0.551588932178442,42.450684810271845,1.8993073211303848
0.22750000000000017,1.00167715549469,29.714229583740234,0.5512208774317309,42.58533365512118,2.07796216327635
0.22800000000000017,1.0841716527938843,29.779680252075195,0.5508489211228684,42.72318771001703,2.2589539492174335
0.22850000000000018,1.1671110391616821,29.845130920410156,0.5504739514500333,42.86437779018381,2.4422629544775285
0.22900000000000018,1.250490427017212,29.910579681396484,0.5500968679746713,43.00903562544273,2.6278695814206556
0.22950000000000018,1.3343051671981812,29.976030349731445,0.549718581035852,43.1572937426999,2.8157551298208654
0.23000000000000018,1.418550729751587,30.041479110717773,0.5493400111312874,43.30928534385671,3.005901574127147
0.23050000000000018,1.5032227039337158,30.106929779052734,0.5489620882641888,43.4651441791073,3.1982915860546646
0.23100000000000018,1.5883166790008545,30.172378540039062,0.5485857512551384,43.62500441558789,3.392908300506229
0.23150000000000018,1.6738286018371582,30.237829208374023,0.5482119470182587,43.7890005013489,3.5897360960147116
0.23200000000000018,1.7597543001174927,30.303279876708984,0.5478416298010076,43.95726702462249,3.7887595945907626
0.23250000000000018,1.8460899591445923,30.368728637695312,0.5474757603869806,44.129938568361844,3.989964696562037
0.23300000000000018,1.9328316450119019,30.434179306030273,0.5471153052612436,44.30714956003378,4.193337567995932
0.23350000000000018,2.0199759006500244,30.4996280670166,0.546761235737743,44.489034116648035,4.3988659386892985
0.23400000000000018,2.1075186729431152,30.565078735351562,0.5464145270484947,44.67572588501259,4.606536779146292
0.23450000000000018,2.1954569816589355,30.63052749633789,0.5460761573943302,44.86735787720753,4.816339938203198
0.23500000000000018,2.283787488937378,30.69597816467285,0.5457471069571185,45.06406230127534,5.028265034469944
0.23550000000000018,2.372506618499756,30.761428833007812,0.5454283568734781,45.265970387128675,5.242301701044713
0.23600000000000018,2.461611747741699,30.82687759399414,0.5451208881701846,45.47321220768423,5.458442212878915
0.23650000000000018,2.5510995388031006,30.8923282623291,0.544825680661535,45.685916495232455,5.676677801180971
0.23700000000000018,2.6409671306610107,30.95777702331543,0.5445437118091849,45.90421045306267,5.897001275772661
0.23750000000000018,2.7312121391296387,31.02322769165039,0.5442759555450445,45.69896063700937,6.119407029378617
0.23800000000000018,2.8109118938446045,31.08867645263672,0.5456649037161436,44.93309550605031,5.705454096619725
0.23850000000000018,2.883143663406372,31.15412712097168,0.5485070996189758,41.88436199407827,5.421714842092091
0.23900000000000018,2.9614005088806152,31.21957778930664,0.543683011166337,43.329146232149604,5.92598150695241
0.23950000000000018,3.0441653728485107,31.28502655029297,0.5416048459185804,44.51630244589179,6.366344108441717
0.24000000000000019,3.1302602291107178,31.35047721862793,0.5409173751005448,45.47018964931366,6.755185372238869
0.24050000000000019,3.218836784362793,31.415925979614258,0.5408688576533814,44.955530231190124,7.106435746756099
0.2410000000000002,3.297532796859741,31.48137664794922,0.539294106106963,43.75264066085323,6.628897795982112
0.2415000000000002,3.3692383766174316,31.546825408935547,0.5393155788333047,41.697965313779584,6.302313397510044
0.2420000000000002,3.448138952255249,31.612276077270508,0.536457704807671,43.69332732233826,6.946392366558936
0.2425000000000002,3.5323734283447266,31.67772674560547,0.5361522741403739,43.88048760458813,7.493238410051667
0.2430000000000002,3.6082212924957275,31.743175506591797,0.533789347955464,42.56920092907337,7.0492662987117995
0.2435000000000002,3.678147077560425,31.808626174926758,0.5324836536469533,41.491511207300576,6.750594092862036
0.2440000000000002,3.7440102100372314,31.874074935913086,0.531175276673526,39.79861447848238,6.567549454334901
0.2445000000000002,3.8198256492614746,31.939525604248047,0.528550614109473,42.781260308858656,7.461183273986665
0.2450000000000002,3.902932643890381,32.004974365234375,0.5295628638936734,42.84194308149744,8.19303300758949
0.2455000000000002,3.9783847332000732,32.0704231262207,0.5253962587921553,41.36713104851333,7.7427286642035655
0.2460000000000002,4.048434257507324,32.1358757019043,0.5224282345138068,40.19035616746436,7.4419817771159344
0.2465000000000002,4.114790439605713,32.201324462890625,0.5197776008938114,39.245029072707005,7.260368717520182
0.2470000000000002,4.178675174713135,32.26677322387695,0.517108602754647,38.4760697169335,7.166879062185431
0.2475000000000002,4.240960121154785,32.33222579956055,0.5143332372755842,37.84188231071192,7.1383354066933205
0.2480000000000002,4.3022661209106445,32.397674560546875,0.5114551828421722,37.311001746510065,7.157600167774608
0.2485000000000002,4.363033771514893,32.4631233215332,0.5085040450267222,36.859631209761815,7.212071758075612
0.2490000000000002,4.423576354980469,32.52857208251953,0.5055102824563655,36.46982256278363,7.292522888889878
0.2495000000000002,4.484114170074463,32.594024658203125,0.5024975445341922,36.12809758792965,7.392213124903932
0.25000000000000017,4.544801712036133,32.65947341918945,0.4994818689545153,35.824390071434415,7.506229200078178
0.25050000000000017,4.605747222900391,32.72492218017578,0.4964731459452779,35.551230619420835,7.630995989814181
0.25100000000000017,4.667026042938232,32.790374755859375,0.49347698225142733,35.303118868312346,7.763915170144503
0.25150000000000017,4.728687763214111,32.8558235168457,0.49049630401148814,35.07604150483553,7.903096213175257
0.25200000000000017,4.79076623916626,32.92127227783203,0.487532542124704,34.86710380370573,8.047167919234628
0.25250000000000017,4.8532843589782715,32.98672103881836,0.48458643290370096,34.674249256127645,8.19513697675002
0.25300000000000017,4.916254043579102,33.05217361450195,0.48165852077711396,34.496047215386234,8.346279226814241
0.25350000000000017,4.979682922363281,33.11762237548828,0.4787494505660885,34.33153276404946,8.500071913043879
0.25400000000000017,5.04357385635376,33.18307113647461,0.475860120377386,34.18008644792005,8.656135582802534
0.25450000000000017,5.107927322387695,33.2485237121582,0.47299174715869235,34.041344279845035,8.814196584058811
0.25500000000000017,5.172740936279297,33.31397247314453,0.47014588067420615,33.91513061078414,8.974056127377311
0.25550000000000017,5.238011837005615,33.37942123413086,0.467324389289919,33.8014081959357,9.135572583529724
0.25600000000000017,5.303735256195068,33.44486999511719,0.46452943219154463,33.70024113615165,9.298643224855999
0.2565000000000002,5.369906425476074,33.51032257080078,0.4617634267348823,33.611767423083464,9.463196118952219
0.2570000000000002,5.436521053314209,33.57577133178711,0.45902901577866434,33.53617862272131,9.629182742191063
0.2575000000000002,5.503573417663574,33.64122009277344,0.4563290374388473,33.47370484788561,9.796568653598758
0.2580000000000002,5.5710577964782715,33.70667266845703,0.453666498253425,33.424603637864635,9.965331687273641
0.2585000000000002,5.638969898223877,33.77212142944336,0.4510445499191173,33.389151716540475,10.135461412792985
0.2590000000000002,5.70730447769165,33.83757019042969,0.44846646932438256,33.36763886577096,10.306952640580455
0.2595000000000002,5.776055812835693,33.903018951416016,0.4459356414031292,33.36036334942216,10.479804616771691
0.2600000000000002,5.845220565795898,33.96847152709961,0.4434555442712986,33.36762847152661,10.654025036935598
0.2605000000000002,5.914793014526367,34.03392028808594,0.44102973612167284,33.38973996205497,10.829620555668452
0.2610000000000002,5.984769821166992,34.099369049072266,0.43866184340294695,33.42700396527193,11.006604830555512
0.2615000000000002,6.05514669418335,34.16482162475586,0.43635554987465586,33.47972546582327,11.184991993168731
0.2620000000000002,6.125920295715332,34.23027038574219,0.4341145861978323,33.54820703203755,11.36479980694144
0.2625000000000002,6.197086334228516,34.295719146728516,0.4319427197855217,33.63274778850265,11.546045894722026
0.2630000000000002,6.268641948699951,34.361167907714844,0.4298437446950338,33.73364255388041,11.72875196514886
0.2635000000000002,6.3405842781066895,34.42662048339844,0.4278214713939934,33.85118109740698,11.91294102716518
0.2640000000000002,6.4129109382629395,34.492069244384766,0.42587971627546983,33.98564748030977,12.098638164836855
0.2645000000000002,6.485619068145752,34.557518005371094,0.4240222908343315,34.13731945769079,12.285868644971314
0.2650000000000002,6.558706283569336,34.62297058105469,0.4222529904486287,34.30646792321554,12.47465962217103
0.2655000000000002,6.632171630859375,34.688419342041016,0.42057558273710804,34.493356383881135,12.665041896965862
0.2660000000000002,6.70601224899292,34.753868103027344,0.41899379548791066,34.69824045572808,12.857043494887169
0.2665000000000002,6.780227184295654,34.81931686401367,0.41751130417450577,34.921367373951824,13.05069686368139
0.2670000000000002,6.854815483093262,34.884769439697266,0.4161317190939057,35.162975512764504,13.246035188366298
0.2675000000000002,6.929776191711426,34.950218200683594,0.4148585721790818,35.42329391171379,13.443092319518092
0.2680000000000002,7.00510835647583,35.01566696166992,0.41369530355291767,35.702541806159765,13.641902700684943
0.2685000000000002,7.080811023712158,35.081119537353516,0.4126452479046741,36.00092816031701,13.842501294215314
0.2690000000000002,7.156884670257568,35.146568298339844,0.41171162078216283,36.31865120179126,14.04492631226269
0.2695000000000002,7.2333292961120605,35.21201705932617,0.41089750490334304,36.65589795691126,14.249215434304945
0.2700000000000002,7.310143947601318,35.2774658203125,0.4102058365997262,37.012843786425485,14.455404764781353
0.2705000000000002,7.387330055236816,35.342918395996094,0.4096393925107747,37.38965192133244,14.663535338274997
0.2710000000000002,7.464887619018555,35.40836715698242,0.4092007766531112,37.786472998753126,14.873645520730559
0.2715000000000002,7.54281759262085,35.47381591796875,0.40889240799073207,38.2034445978626,15.085775633163614
0.2720000000000002,7.621120452880859,35.539268493652344,0.4087165086323363,37.96963494502923,15.29996502144667
0.2725000000000002,7.691671371459961,35.60471725463867,0.4093820888005412,36.12910656083149,14.249777309533265
0.2730000000000002,7.756585597991943,35.670166015625,0.41169921145944427,32.762250965235516,13.496344217120386
0.2735000000000002,7.825957298278809,35.73561477661133,0.4061104569820976,35.01041484800536,14.315283638861768
0.2740000000000002,7.898720741271973,35.80106735229492,0.4042626632540407,36.86604003071622,14.984845754737135
0.2745000000000002,7.974039077758789,35.86651611328125,0.4043351248460568,36.89835384040204,15.535832730180713
0.2750000000000002,8.042274475097656,35.93196487426758,0.4011967574687409,34.82764415588011,14.530359522728375
0.2755000000000002,8.105384826660156,35.99741744995117,0.3997197749123768,33.19586552222805,13.814163469744216
0.2760000000000002,8.1648530960083,36.0628662109375,0.39812385866700767,31.06498499650679,13.321452998914276
0.2765000000000002,8.231298446655273,36.12831497192383,0.39456803945608376,34.79807302877536,14.578978572830568
0.2770000000000002,8.302938461303711,36.193763732910156,0.3960800788534836,35.463476325784654,15.569072067168433
0.2775000000000002,8.368538856506348,36.25921630859375,0.39046501061269734,33.42695533529379,14.682038125306219
0.2780000000000002,8.429784774780273,36.32466506958008,0.3863701173873545,31.871070477170857,14.056022115947258
0.2785000000000002,8.487964630126953,36.390113830566406,0.3826495358347298,30.690630116850897,13.633232045043243
0.2790000000000002,8.544008255004883,36.45556640625,0.3788944932129226,29.795421917079793,13.358750370224575
0.2795000000000002,8.59858512878418,36.52101516723633,0.3750264561902466,29.11852094591199,13.192284921409302
0.2800000000000002,8.652174949645996,36.586463928222656,0.37108352282035845,28.610265505296347,13.104445747531354
0.2805000000000002,8.70512580871582,36.651912689208984,0.3671320149078232,28.233811896973663,13.073864768946944
0.2810000000000002,8.757686614990234,36.71736526489258,0.3632339214872299,27.961877857554267,13.085038187835499
0.2815000000000002,8.810036659240723,36.782814025878906,0.3594378664250469,27.774322453474156,13.126742962603338
0.2820000000000002,8.862306594848633,36.848262786865234,0.35577910692751985,27.656334136063755,13.190872980617234
0.2825000000000002,8.914588928222656,36.91371536254883,0.3522823381407736,27.59707036497938,13.271580639624085
0.2830000000000002,8.96695327758789,36.979164123535156,0.3489648186246108,27.588636322466307,13.364662228442459
0.2835000000000002,9.019447326660156,37.044612884521484,0.3458389683800154,27.625319471497235,13.467095697504666
0.2840000000000002,9.072110176086426,37.11006164550781,0.3429142675364068,27.703017298689485,13.576723918836956
0.2845000000000002,9.124967575073242,37.175514221191406,0.34019853229803027,27.8188107105233,13.692003544615451
0.2850000000000002,9.178041458129883,37.240962982177734,0.33769871107702026,27.970646949451936,13.811842598509823
0.2855000000000002,9.23134708404541,37.30641174316406,0.33542133920238926,28.157104591755832,13.935468463265158
0.2860000000000002,9.284896850585938,37.371864318847656,0.333372763800918,28.377219850895994,14.062341337208482
0.2865000000000002,9.338702201843262,37.437313079833984,0.3315592211972307,28.630358511954025,14.192090555569917
0.2870000000000002,9.39277172088623,37.50276184082031,0.32998682441022226,28.91612171838511,14.324463708224684
0.2875000000000002,9.447112083435059,37.56821060180664,0.32866149952407786,29.234276794636504,14.459293477297223
0.2880000000000002,9.50173282623291,37.633663177490234,0.3275888963165941,29.584706530545922,14.596480034294796
0.2885000000000002,9.55663776397705,37.69911193847656,0.32677428937817393,29.967372042991098,14.735959984853173
0.2890000000000002,9.611833572387695,37.76456069946289,0.3262224798988782,30.382285597693212,14.877706608661427
0.2895000000000002,9.667326927185059,37.830013275146484,0.3259377043858681,30.829490720892263,15.021716230006652
0.2900000000000002,9.723123550415039,37.89546203613281,0.32592355408200946,31.309047635204635,15.168000061952547
0.2905000000000002,9.779229164123535,37.96091079711914,0.32618290727680355,31.821022576463857,15.316580868256784
0.2910000000000002,9.835649490356445,38.02635955810547,0.3267178756841676,32.365479934531876,15.467489499294983
0.2915000000000002,9.892390251159668,38.09181213378906,0.3275297653795941,32.942476445674274,15.620762387762612
0.2920000000000002,9.949456214904785,38.15726089477539,0.32861905229889926,33.55205687325235,15.776438219288583
0.2925000000000002,10.006855010986328,38.22270965576172,0.3299853719189657,34.194250766824965,15.93456264888115
0.2930000000000002,10.064591407775879,38.28816223144531,0.3316275224233099,34.86907000190328,16.095178271398943
0.2935000000000002,10.122671127319336,38.35361099243164,0.33354348038304754,35.57650688445497,16.258329925645196
0.2940000000000002,10.181099891662598,38.41905975341797,0.3357304277525845,36.31653266387716,16.424062639967076
0.2945000000000002,10.239885330200195,38.4845085144043,0.33818478879202374,36.23176926750275,16.592424299762346
0.2950000000000002,10.296185493469238,38.54996109008789,0.3404546686138342,35.21671623848418,16.17267579394303
0.2955000000000002,10.350470542907715,38.61540985107422,0.34468246933201147,32.771251190918306,15.841596100663715
0.2960000000000002,10.406455039978027,38.68085861206055,0.34138014116878507,35.07248105271506,16.281582673145525
0.2965000000000002,10.46385669708252,38.74631118774414,0.3425405063959781,37.081735620683,16.668767989250096
0.2970000000000002,10.522433280944824,38.81175994873047,0.3459626649579213,36.850128489151736,17.009864255622993
0.2975000000000002,10.578006744384766,38.8772087097168,0.3428905719862952,35.36926027914159,16.465156569343446
0.2980000000000002,10.63125228881836,38.942657470703125,0.34212919897102756,34.19953625856865,16.05389783776009
0.2985000000000002,10.682717323303223,39.00811004638672,0.34152940926252445,33.28619052395883,15.751850490580154
0.2990000000000002,10.732819557189941,39.07355880737305,0.34042415205139714,32.323362157202844,15.533720524725021
0.2995000000000002,10.786735534667969,39.139007568359375,0.34130723160101706,36.677106380375605,16.435413667286063
0.3000000000000002,10.843616485595703,39.20446014404297,0.3486304833370222,36.94039270805418,17.165596005042747
0.3005000000000002,10.897513389587402,39.2699089050293,0.34227836161116726,35.350651495492215,16.601279692777258
0.3010000000000002,10.949156761169434,39.335357666015625,0.3381385687448582,34.18783804730564,16.18729508025896
0.3015000000000002,10.999130249023438,39.40080642700195,0.33497689592827484,33.359772105008744,15.894465882876556
0.3020000000000002,11.047867774963379,39.46625900268555,0.3322681049093965,32.79119418071991,15.692373849490357
0.3025000000000002,11.095691680908203,39.531707763671875,0.3298481043830636,32.42566259941185,15.558148517839381
0.3030000000000002,11.142841339111328,39.5971565246582,0.32769218924774673,32.22086991743046,15.4747352127108
0.3035000000000002,11.189496040344238,39.6626091003418,0.3258198801387128,32.14514926345784,15.429479281775988
0.3040000000000002,11.235791206359863,39.728057861328125,0.3242576628713055,32.17486704373456,15.413032137966447
0.3045000000000002,11.281826972961426,39.79350662231445,0.32302669661130207,32.292450560828954,15.418511084433824
0.3050000000000002,11.327683448791504,39.85895538330078,0.32214049458864313,32.48488764771763,15.440875153429163
0.3055000000000002,11.373418807983398,39.924407958984375,0.3216060324902499,32.742584737544504,15.476437253221368
0.3060000000000002,11.41908073425293,39.9898567199707,0.3214256075079281,33.05849965071381,15.522516825215666
0.3065000000000002,11.46470832824707,40.05530548095703,0.32159848341371144,33.427485353715376,15.577172170449117
0.3070000000000002,11.510333061218262,40.120758056640625,0.32212207551632194,33.8457954094805,15.639001361664151
0.3075000000000002,11.55597972869873,40.18620681762695,0.32299270121487283,34.310712854705855,15.706995486450136
0.3080000000000002,11.601673126220703,40.25165557861328,0.32420600166557634,34.820272839806904,15.780438675050076
0.3085000000000002,11.647433280944824,40.31710433959961,0.32575714384613447,35.37305613817566,15.858821543561032
0.3090000000000002,11.693278312683105,40.3825569152832,0.3276408910629346,35.96803595811611,15.941786421617717
0.3095000000000002,11.739225387573242,40.44800567626953,0.329851604694079,36.604464659493004,16.029085782517043
0.3100000000000002,11.78529167175293,40.51345443725586,0.3323832182295341,37.28179021666898,16.120552286531645
0.3105000000000002,11.831490516662598,40.57890701293945,0.3352292082715613,37.99959476810015,16.216070807566137
0.3110000000000002,11.877839088439941,40.64435577392578,0.3383825757175887,38.75754950647912,16.31557232945222
0.3115000000000002,11.92435073852539,40.70980453491211,0.34183584283752394,39.55538161879979,16.419011502850516
0.3120000000000002,11.971038818359375,40.77525329589844,0.3455810673203615,40.39285008604327,16.52636315333153
0.3125000000000002,12.01791763305664,40.84070587158203,0.34960987171939417,41.269727979401075,16.63761729785838
0.3130000000000002,12.065001487731934,40.90615463256836,0.3539134854038673,42.18578950877525,16.75277327316828
0.3135000000000002,12.112302780151367,40.97160339355469,0.35848279564822144,43.140800540153414,16.871833769906402
0.3140000000000002,12.159833908081055,41.037052154541016,0.3633084045257391,43.27812002196212,16.994805050527077
0.3145000000000002,12.20809268951416,41.10250473022461,0.3680428592851843,43.50061474074481,17.240348395264025
0.3150000000000002,12.25655460357666,41.16795349121094,0.37427627002689745,41.9904392230756,17.35941438327194
0.3155000000000002,12.304946899414062,41.233402252197266,0.37354831330014565,43.9657252014916,17.411549216864902
0.3160000000000002,12.353470802307129,41.29885482788086,0.3769982642385072,45.81940964450413,17.513594208417533
0.3165000000000002,12.40224838256836,41.36430358886719,0.3825552220098807,45.39930965263809,17.646228158374466
0.3170000000000002,12.450531959533691,41.429752349853516,0.38167154057532315,44.82130011676951,17.592629487676692
0.3175000000000002,12.498221397399902,41.495201110839844,0.38277779181982685,44.29517358324345,17.512177087005554
0.3180000000000002,12.54529857635498,41.56065368652344,0.3839502150492368,43.838665422301716,17.42533497382671
0.3185000000000002,12.591788291931152,41.626102447509766,0.38461397257217783,43.46128034126361,17.342729429999736
0.31900000000000023,12.637736320495605,41.691551208496094,0.3847401678997138,43.16476266772503,17.26959369884232
0.31950000000000023,12.68319320678711,41.75700378417969,0.38447241334408266,42.946465682612335,17.20805380927237
0.32000000000000023,12.7282133102417,41.822452545166016,0.38398017464205686,42.80163057282668,17.15853593616729
0.32050000000000023,12.772847175598145,41.887901306152344,0.38340895268084274,42.724816772856286,17.120599448167294
0.32100000000000023,12.817139625549316,41.95335006713867,0.38286935346656364,42.71072247553688,17.093424970745833
0.32150000000000023,12.86113452911377,42.018802642822266,0.3824401820612663,42.75460061988973,17.07609418557752
0.32200000000000023,12.90487003326416,42.084251403808594,0.38217533715821467,42.85242380499557,17.067725774753026
0.32250000000000023,12.948378562927246,42.14970016479492,0.3821106271440839,43.000903900247984,17.067540753246934
0.32300000000000023,12.991694450378418,42.215152740478516,0.3822692977436073,43.197435124703105,17.07489417145424
0.32350000000000023,13.034844398498535,42.280601501464844,0.3826661188317752,43.44000304912993,17.089260822799798
0.32400000000000023,13.07785701751709,42.34605026245117,0.3833102426238749,43.72708428589109,17.11023484152351
0.32450000000000023,13.120757102966309,42.4114990234375,0.3842071254151412,44.057550265142595,17.137504868048826
0.32500000000000023,13.163568496704102,42.476951599121094,0.38535977928945697,44.43058149348855,17.170839947329895
0.32550000000000023,13.206314086914062,42.54240036010742,0.38676956455648165,44.84559457584341,17.21007301181328
0.32600000000000023,13.249017715454102,42.60784912109375,0.38843667789441194,45.30218200815416,17.255089009845168
0.32650000000000023,13.29170036315918,42.673301696777344,0.3903604450512444,45.800063610441036,17.30580793869677
0.32700000000000023,13.334383964538574,42.73875045776367,0.39253949205770294,46.33904800314192,17.36218006311564
0.32750000000000024,13.37708854675293,42.80419921875,0.3949718438231516,46.91900244062031,17.424174415853482
0.32800000000000024,13.419835090637207,42.86964797973633,0.3976549815688499,47.53982942232149,17.491776422895747
0.32850000000000024,13.46264362335205,42.93510055541992,0.4005858787660242,48.20144869626227,17.564980689684614
0.32900000000000024,13.505534172058105,43.00054931640625,0.4037610274398608,48.903783489656895,17.64378860949418
0.32950000000000024,13.5485258102417,43.06599807739258,0.40717646163514676,49.64675001463607,17.72820434602673
0.33000000000000024,13.591639518737793,43.13145065307617,0.4108277816239223,50.43024948758134,17.818236472824275
0.33050000000000024,13.634892463684082,43.1968994140625,0.41471018044840297,51.254162062886905,17.913888893227572
0.33100000000000024,13.678305625915527,43.26234817504883,0.4188184732086479,52.11834221572764,18.015169634645613
0.33150000000000024,13.721896171569824,43.327796936035156,0.4231471288381402,53.022615216102004,18.122079927731964
0.33200000000000024,13.765682220458984,43.39324951171875,0.427690303771715,53.96677442158676,18.234619765833678
0.33250000000000024,13.809682846069336,43.45869827270508,0.43244187677433094,54.95057918266705,18.352787391705988
0.33300000000000024,13.85391616821289,43.524147033691406,0.4373954841848233,55.973753205742966,18.476576363503117
0.33350000000000024,13.898397445678711,43.589599609375,0.4425445548836389,57.035983258072136,18.605972653156115
0.33400000000000024,13.943146705627441,43.65504837036133,0.44788234438431185,58.13691812861109,18.74096455690237
0.33450000000000024,13.988179206848145,43.720497131347656,0.45340196755414275,58.36760191367022,18.881529724199538
0.33500000000000024,14.03327465057373,43.785945892333984,0.45885181008011044,58.83400548286604,18.96110064939553
0.33550000000000024,14.078149795532227,43.85139846801758,0.46510080450928626,57.60489289987218,18.960154150174432
0.33600000000000024,14.12344741821289,43.916847229003906,0.46576339962392826,59.6158599043733,19.141567765756278
0.33650000000000024,14.169255256652832,43.982295989990234,0.4698858891131416,60.1470921668288,19.348653897469593
0.33700000000000024,14.214279174804688,44.04774856567383,0.47207189292216406,59.8204248665599,19.18817624445373
0.33750000000000024,14.258557319641113,44.113197326660156,0.47462745923088107,59.436554248370605,19.036279032623362
0.33800000000000024,14.302173614501953,44.178646087646484,0.4765714859908162,58.86754189801493,18.90574378196214
0.33850000000000025,14.347346305847168,44.24409484863281,0.4791467421831833,62.27336630606579,19.41271467513473
0.33900000000000025,14.393889427185059,44.309547424316406,0.48628456444806223,61.92177569752295,19.871172768084637
0.33950000000000025,14.438979148864746,44.374996185302734,0.48412570597662574,60.98737800202399,19.514330672094346
0.34000000000000025,14.482906341552734,44.44044494628906,0.48326466769898535,60.24342137882981,19.237941844917543
0.34050000000000025,14.525935173034668,44.505897521972656,0.4828154054820026,59.666267586321055,19.034706709781386
0.34100000000000025,14.568279266357422,44.571346282958984,0.48245541055248237,59.23478768588242,18.891651068525583
0.34150000000000025,14.610114097595215,44.63679504394531,0.4821201802556596,58.929320801616576,18.797589738619518
0.34200000000000025,14.651577949523926,44.70224380493164,0.4818334568367541,58.73247588743365,18.74325840097397
0.34250000000000025,14.69278621673584,44.767696380615234,0.481638674146035,58.62944386420109,18.721188978993425
0.34300000000000025,14.733827590942383,44.83314514160156,0.48157468091182104,58.607986596081304,18.72546723521107
0.34350000000000025,14.774779319763184,44.89859390258789,0.4816696272659737,58.65823054497226,18.75149075774058
0.34400000000000025,14.815702438354492,44.964046478271484,0.4819415306170145,58.77236489976439,18.795713629158282
0.34450000000000025,14.856649398803711,45.02949523925781,0.48240071904224524,58.94431130918785,18.855435651061676
0.34500000000000025,14.897665023803711,45.09494400024414,0.4830523188297497,59.16940530164802,18.92861723629744
0.34550000000000025,14.938787460327148,45.16039276123047,0.48389821795992327,59.44411019507868,19.013727974893094
0.34600000000000025,14.980052947998047,45.22584533691406,0.4849384375543379,59.7657718120652,19.109630408086037
0.34650000000000025,15.021491050720215,45.29129409790039,0.48617201158703705,60.132414887362856,19.215477633921118
0.34700000000000025,15.063133239746094,45.35674285888672,0.4875975079903438,60.54257806843653,19.330649382041443
0.34750000000000025,15.105006217956543,45.42219543457031,0.489213308425776,60.99518260998258,19.454685921222904
0.34800000000000025,15.147133827209473,45.48764419555664,0.49101773579592156,61.489429365106965,19.58724656439715
0.34850000000000025,15.189542770385742,45.55309295654297,0.4930090918467077,62.02471889224027,19.728083834103963
0.34900000000000025,15.232255935668945,45.6185417175293,0.49518564606524984,62.60059005900758,19.877009873426307
0.34950000000000025,15.275296211242676,45.68399429321289,0.4975456017889222,63.21667321201568,20.03388265998569
0.35000000000000026,15.318685531616211,45.74944305419922,0.5000870549996305,63.87265467182937,20.198590832605927
0.35050000000000026,15.362444877624512,45.81489181518555,0.502807954450214,64.56824994298168,20.371043326089033
0.35100000000000026,15.406597137451172,45.88034439086914,0.5057060674773518,65.30318357373586,20.551165499021586
0.35150000000000026,15.451162338256836,45.94579315185547,0.508778953265399,66.07717405415431,20.738887154131653
0.35200000000000026,15.496159553527832,46.0112419128418,0.5120239438406385,66.88992250929641,20.93414081780114
0.35250000000000026,15.541607856750488,46.076690673828125,0.5154381322847656,67.74110423740206,21.136859899063325
0.35300000000000026,15.587528228759766,46.14214324951172,0.5190183672876217,68.6303623725893,21.346979003122872
0.35350000000000026,15.63393783569336,46.20759201049805,0.5227612530361656,69.55730312942922,21.564424418462977
0.35400000000000026,15.680854797363281,46.273040771484375,0.5266631534490577,70.521492223104,21.78911926578842
0.35450000000000026,15.728296279907227,46.33849334716797,0.5307201998466694,71.52245216253543,22.020979889399516
0.35500000000000026,15.776278495788574,46.4039421081543,0.5349283012552215,72.55966019216673,22.259915041619163
0.35550000000000026,15.824819564819336,46.469390869140625,0.5392831566588355,73.63254671686316,22.505829289676313
0.35600000000000026,15.873933792114258,46.53483963012695,0.543780268622997,73.84286594460131,22.758614422616727
0.35650000000000026,15.919854164123535,46.60029220581055,0.548390598178722,73.18744351419268,21.808701848102583
0.35700000000000026,15.96335506439209,46.665740966796875,0.5531696536274662,71.19359051118589,21.096428139329106
0.35750000000000026,16.009401321411133,46.7311897277832,0.5531474739833282,73.64402021246588,21.973351385057715
0.35800000000000026,16.057554244995117,46.7966423034668,0.5562034683357212,74.23949029469863,22.716429766202904
0.35850000000000026,16.102567672729492,46.862091064453125,0.5571212805684179,72.92704141509148,21.77074099959541
0.35900000000000026,16.14527702331543,46.92753982543945,0.5581524730837063,71.7641981209754,21.084762745396077
0.35950000000000026,16.18634605407715,46.99298858642578,0.5585508513904397,70.75606237696415,20.60819835904378
0.36000000000000026,16.226276397705078,47.058441162109375,0.5582281430020567,69.89125998060436,20.2906788360527
0.36050000000000026,16.26544952392578,47.1238899230957,0.5573197998923396,69.15547715591197,20.093951561417096
0.36100000000000027,16.304153442382812,47.18933868408203,0.5560053369327416,68.53398617648465,19.989228586655077
0.36150000000000027,16.342605590820312,47.254791259765625,0.5544446828508308,68.01304979647418,19.95496877247491
0.36200000000000027,16.38097381591797,47.32024002075195,0.552762025049109,67.58061695441378,19.975136065981914
0.36250000000000027,16.419387817382812,47.38568878173828,0.5510473915894626,67.22655589104053,20.03784231749093
0.36300000000000027,16.457948684692383,47.45113754272461,0.5493635067352329,66.94261379284228,20.134306660540933
0.36350000000000027,16.496740341186523,47.5165901184082,0.5477530581944356,66.72223365660629,20.258068947288564
0.36400000000000027,16.535825729370117,47.58203887939453,0.5462447622762969,66.5603117569405,20.404380373065912
0.36450000000000027,16.575260162353516,47.64748764038086,0.5448579275316932,66.45294504399651,20.569765788392104
0.36500000000000027,16.615093231201172,47.71294021606445,0.5436056902390723,66.39719504088588,20.75168698922672
0.36550000000000027,16.65536117553711,47.77838897705078,0.5424972166369614,66.39088047988093,20.948280977076283
0.36600000000000027,16.696102142333984,47.84383773803711,0.5415391540850799,66.43240241479654,21.158192097666458
0.36650000000000027,16.737350463867188,47.90928649902344,0.5407365593287364,66.52060086480748,21.380427064572476
0.36700000000000027,16.779130935668945,47.97473907470703,0.5400934739965895,66.6546397514789,21.614246034149165
0.36750000000000027,16.82147789001465,48.04018783569336,0.5396132682210633,66.83391601999433,21.859112467998
0.36800000000000027,16.864412307739258,48.10563659667969,0.5392988355229571,67.05798876198506,22.114609189279616
0.36850000000000027,16.907960891723633,48.17108917236328,0.5391526947486908,67.32652449113688,22.380423046789172
0.36900000000000027,16.9521484375,48.23653793334961,0.5391770357324371,67.63925523063563,22.656306042703154
0.3695000000000003,16.996997833251953,48.30198669433594,0.5393737323369489,67.99594662092869,22.942054088565392
0.3700000000000003,17.042531967163086,48.367435455322266,0.5397443378388551,68.39637377733482,23.237494116752956
0.3705000000000003,17.088769912719727,48.43288803100586,0.5402900719252005,68.84030308747639,23.54246766161442
0.3710000000000003,17.13573455810547,48.49833679199219,0.5410118048886519,69.3274785277999,23.856833095589955
0.3715000000000003,17.18344497680664,48.563785552978516,0.5419100422704248,69.85761139773074,24.180449271625502
0.3720000000000003,17.231918334960938,48.62923812866211,0.5429849117382626,70.4303726261442,24.513173655436802
0.3725000000000003,17.28117561340332,48.69468688964844,0.5442361530899038,71.04538700688296,24.85486725969269
0.3730000000000003,17.331233978271484,48.760135650634766,0.545663111733809,71.70222887732558,25.20538153546929
0.3735000000000003,17.382110595703125,48.825584411621094,0.5472647356840292,72.40041887514495,25.56456196126371
0.3740000000000003,17.433818817138672,48.89103698730469,0.5490395759283903,73.13942150087249,25.932241074225058
0.3745000000000003,17.48637580871582,48.956485748291016,0.5509857899338617,73.91864328397494,26.308248633147645
0.3750000000000003,17.539794921875,49.021934509277344,0.5531011480060878,74.73743140294741,26.69239955160657
0.3755000000000003,17.594091415405273,49.08738708496094,0.5553830422008929,75.59507264949778,27.084501746731547
0.3760000000000003,17.649276733398438,49.152835845947266,0.5578284974817342,76.4907926564203,27.484346869437317
0.3765000000000003,17.70536231994629,49.218284606933594,0.560434184821791,77.42375533071451,27.89171551731225
0.3770000000000003,17.762359619140625,49.28373336791992,0.5631964359584961,77.37044757720666,28.306376823576123
0.3775000000000003,17.812856674194336,49.349185943603516,0.5657059373847906,74.9315931979356,26.072585854258616
0.3780000000000003,17.858678817749023,49.414634704589844,0.5681899846087101,71.81650441320761,24.470979964115887
0.3785000000000003,17.909196853637695,49.48008346557617,0.5666141749627123,74.91291298518645,26.223006823170408
0.3790000000000003,17.96344566345215,49.545536041259766,0.5681169252274555,75.60756291417366,27.644330811015333
0.3795000000000003,18.012165069580078,49.610984802246094,0.566550762239661,72.86050204581008,25.72805865317836
0.3800000000000003,18.05697250366211,49.67643356323242,0.5651086972544226,70.60960064958748,24.380111871024848
0.3805000000000003,18.09911346435547,49.74188232421875,0.5630939111345552,68.77590131095727,23.473078048443604
0.3810000000000003,18.139501571655273,49.807334899902344,0.5604254351811413,67.27706171570969,22.890381844227576
0.3815000000000003,18.178804397583008,49.87278366088867,0.5572353429978989,66.04810054230981,22.54658584470827
0.3820000000000003,18.217514038085938,49.938232421875,0.5536979513517821,65.03817979287382,22.37937586802968
0.3825000000000003,18.25599479675293,50.00368118286133,0.5499688553558908,64.20782357448601,22.34340503657948
0.3830000000000003,18.294513702392578,50.06913375854492,0.5461693140352236,63.526626322411026,22.405728834141037
0.3835000000000003,18.33327293395996,50.13458251953125,0.5423877128948509,62.97135523688033,22.542453858832783
0.3840000000000003,18.37242889404297,50.20003128051758,0.5386861563569431,62.5243909534303,22.736272538695165
0.3845000000000003,18.412094116210938,50.26548385620117,0.5351074869520072,62.172461906222196,22.974644710103004
0.3850000000000003,18.452363967895508,50.3309326171875,0.5316811518388949,61.90563060135876,23.248502030970126
0.3855000000000003,18.493310928344727,50.39638137817383,0.5284276135774413,61.716491782363235,23.55127373738619
0.3860000000000003,18.534992218017578,50.461830139160156,0.5253614669060691,61.599545308783576,23.878193208112553
0.3865000000000003,18.57746124267578,50.52728271484375,0.5224935459812307,61.550710516991494,24.225802787476688
0.3870000000000003,18.620758056640625,50.59273147583008,0.5198322968190207,61.56695337729637,24.59157232016636
0.3875000000000003,18.664918899536133,50.658180236816406,0.5173846383125145,61.64600238870999,24.973644264626035
0.3880000000000003,18.709978103637695,50.7236328125,0.5151564790105495,61.78613349995909,25.37064342016229
0.3885000000000003,18.755962371826172,50.78908157348633,0.5131530087872654,61.98600821045889,25.78153000334295
0.3890000000000003,18.802900314331055,50.854530334472656,0.511378847503806,62.24455230801077,26.205512130094778
0.3895000000000003,18.850814819335938,50.919979095458984,0.5098381058392785,62.560865440618166,26.64196313666691
0.3900000000000003,18.899730682373047,50.98543167114258,0.5085343946080929,62.93415394289901,27.090380094336467
0.3905000000000003,18.949668884277344,51.050880432128906,0.5074708060168179,63.36368110894931,27.550338386026187
0.3910000000000003,19.000648498535156,51.116329193115234,0.5066498817191759,63.84873049492427,28.021467316135734
0.3915000000000003,19.052688598632812,51.18178176879883,0.5060735768824495,64.3885789147972,28.503433477768347
0.3920000000000003,19.105806350708008,51.247230529785156,0.505743225824533,64.98247662325116,28.995923977109797
0.3925000000000003,19.160018920898438,51.312679290771484,0.5056595124454213,65.6296328129568,29.498639156672986
0.3930000000000003,19.21533966064453,51.37812805175781,0.505822447199917,66.32920503307513,30.011279401235537
0.3935000000000003,19.27178382873535,51.443580627441406,0.5062313514311627,67.08029149684226,30.53354851944765
0.3940000000000003,19.329362869262695,51.509029388427734,0.5068848493042236,67.88192551644714,31.06514091274356
0.3945000000000003,19.388090133666992,51.57447814941406,0.5077808672145445,68.7330715049806,31.605747622059724
0.3950000000000003,19.447975158691406,51.639930725097656,0.5089166403147471,69.63262213491016,32.15504495061663
0.3955000000000003,19.50902557373047,51.705379486083984,0.5102887256540914,70.57939635330959,32.71269558611493
0.3960000000000003,19.571252822875977,51.77082824707031,0.5118930213274908,70.40552771414595,33.27835682457801
0.3965000000000003,19.62546730041504,51.83627700805664,0.5126262650645708,66.7300435781035,30.22749786031947
0.3970000000000003,19.673965454101562,51.901729583740234,0.5134214067844118,62.92919897995369,28.05378809785052
0.3975000000000003,19.72824478149414,51.96717834472656,0.5106999398868937,66.68686753807661,30.413791382287393
0.3980000000000003,19.787111282348633,52.03262710571289,0.5114103607399568,67.6232179754899,32.32091702289669
0.3985000000000003,19.83934211730957,52.098079681396484,0.5076606799812918,63.9519310312628,29.77422789935128
0.3990000000000003,19.886913299560547,52.16352844238281,0.5042303907858477,61.057723529726694,27.994057358218598
0.3995000000000003,19.93134307861328,52.22897720336914,0.500339165851476,58.79616476523232,26.805594872459498
0.4000000000000003,19.973737716674805,52.29442596435547,0.49587427608332124,57.0298012601374,26.050612641180365
0.4005000000000003,20.014904022216797,52.35987854003906,0.4909641358461748,55.654086566825235,25.61365216598941
0.4010000000000003,20.05543327331543,52.42532730102539,0.4857900768414126,54.58981174730393,25.410830561033226
0.4015000000000003,20.095760345458984,52.49077606201172,0.480517724268395,53.7771396525454,25.381318458345852
0.4020000000000003,20.13620376586914,52.55622863769531,0.47527832006970744,53.17102830739125,25.481062723311002
0.4025000000000003,20.1770076751709,52.62167739868164,0.47016917490334753,52.737695587438616,25.67820340494551
0.4030000000000003,20.21834945678711,52.68712615966797,0.46526010394115735,52.4518867266337,25.94969857585296
0.4035000000000003,20.26036834716797,52.7525749206543,0.4606005926152357,52.294768828191046,26.278896172095028
0.4040000000000003,20.30316925048828,52.81802749633789,0.45622587078441074,52.25231625545455,26.653748622296952
0.4045000000000003,20.346839904785156,52.88347625732422,0.45216149637739983,52.314079150331025,27.065537082348627
0.4050000000000003,20.391448974609375,52.94892501831055,0.448426581959965,52.47224929975022,27.507929528556602
0.4055000000000003,20.437047958374023,53.01437759399414,0.44503594971585014,52.720955266968446,27.97630385411664
0.4060000000000003,20.483688354492188,53.07982635498047,0.44200150164338936,53.05573312153535,28.467280838447145
0.4065000000000003,20.531408309936523,53.1452751159668,0.4393330430194856,53.47313081368497,28.97835266582638
0.4070000000000003,20.580245971679688,53.210723876953125,0.43703874007450133,53.970413668134285,29.507646684746344
0.4075000000000003,20.63022804260254,53.27617645263672,0.435125342628985,54.54534598100876,30.05372602694255
0.4080000000000003,20.681385040283203,53.34162521362305,0.4335982630904898,55.19602961779339,30.61547952524268
0.4085000000000003,20.73374366760254,53.407073974609375,0.4324615741613593,55.920785121155994,31.192016311611027
0.4090000000000003,20.787324905395508,53.47252655029297,0.4317179669216578,56.718064399574445,31.78259468395389
0.4095000000000003,20.842151641845703,53.5379753112793,0.4313686965330244,57.58638679722727,32.38658459812756
0.4100000000000003,20.898242950439453,53.603424072265625,0.4314135328746988,58.52429242227301,33.003423918990684
0.4105000000000003,20.95561408996582,53.66887283325195,0.43185072660077906,59.53030818068415,33.63259281585631
0.4110000000000003,21.014284133911133,53.73432540893555,0.4326769964077423,60.602923143261215,34.273607618583135
0.4115000000000003,21.07426643371582,53.799774169921875,0.43388754003981694,61.740570756663054,34.92599244240741
0.4120000000000003,21.135574340820312,53.8652229309082,0.4354760692814919,62.94161606723923,35.58927859192076
0.4125000000000003,21.198217391967773,53.9306755065918,0.43743486759692957,62.87741930910075,36.262991107483046
0.4130000000000003,21.253599166870117,53.996124267578125,0.43755165266835927,59.08847430826391,33.272578970620046
0.4135000000000003,21.303760528564453,54.06157302856445,0.43801664693049813,56.033840039334706,31.12777981241626
0.4140000000000003,21.350269317626953,54.12702178955078,0.4370869643032989,52.76349312794472,29.63775944543078
0.4145000000000003,21.403793334960938,54.192474365234375,0.43323798257624224,58.08784680227631,32.716469041772065
0.4150000000000003,21.46285629272461,54.2579231262207,0.4350072773042784,59.82761782823081,35.18519783687688
0.4155000000000003,21.516244888305664,54.32337188720703,0.4295044337861443,56.28119974750867,32.83278798205465
0.4160000000000003,21.56566047668457,54.388824462890625,0.4246506176062021,53.58879795452768,31.196033856918646
0.4165000000000003,21.612422943115234,54.45427322387695,0.41971257130148,51.59092576976137,30.11783686842643
0.4170000000000003,21.65749740600586,54.51972198486328,0.4145570780241916,50.13669183559777,29.45107439425463
0.4175000000000003,21.701595306396484,54.58517074584961,0.40928509397041263,49.11210376784642,29.088081490673215
0.4180000000000003,21.7452392578125,54.6506233215332,0.4040536096328583,48.43136712459851,28.950424707192592
0.4185000000000003,21.788818359375,54.71607208251953,0.3990094018717969,48.03005488015658,28.981075872531164
0.4190000000000003,21.83262062072754,54.78152084350586,0.3942700520099614,47.85990302233649,29.138621270991894
0.4195000000000003,21.876867294311523,54.84697341918945,0.38992328176632224,47.8848304831543,29.393019665027783
0.4200000000000003,21.92172622680664,54.91242218017578,0.3860321588122095,48.077896880436164,29.722480180114843
0.4205000000000003,21.967327117919922,54.97787094116211,0.38264115015567124,48.418983992983925,30.11118999760824
0.4210000000000003,22.013771057128906,55.04331970214844,0.3797812583941124,48.89303611602234,30.547657216063737
0.4215000000000003,22.061141967773438,55.10877227783203,0.3774738395270645,49.4887306963335,31.023512774281112
0.4220000000000003,22.109506607055664,55.17422103881836,0.3757332191201358,50.1974786732477,31.53262996354289
0.4225000000000003,22.158924102783203,55.23966979980469,0.3745683763592145,51.01267610518129,32.07050010008289
0.4230000000000003,22.209442138671875,55.30512237548828,0.37398397084678126,51.92914627416645,32.6337659607277
0.4235000000000003,22.2611026763916,55.37057113647461,0.37398094137302135,52.94272542380266,33.21989679701212
0.4240000000000003,22.313941955566406,55.43601989746094,0.3745568499708462,54.0499562810539,33.82694803826741
0.4245000000000003,22.367998123168945,55.501468658447266,0.37570609374476716,55.24786210001237,34.45339971365864
0.4250000000000003,22.423297882080078,55.56692123413086,0.3774200657418752,56.533780617925,35.09801151767595
0.4255000000000003,22.479867935180664,55.63236999511719,0.37968731465054034,57.90524242641151,35.75975018373913
0.4260000000000003,22.537734985351562,55.697818756103516,0.38249373005629733,59.35988216205587,36.43772516932521
0.4265000000000003,22.596921920776367,55.76327133178711,0.3858227637708156,60.004290888334495,37.13113613478799
0.4270000000000003,22.651397705078125,55.82872009277344,0.3888054708193416,57.31623936873604,35.088441628065894
0.4275000000000003,22.70235824584961,55.894168853759766,0.3916812184480611,54.0899470735061,33.572744839108786
0.4280000000000003,22.75751304626465,55.959617614746094,0.3896844274274562,58.17838094801816,35.56448757494314
0.4285000000000003,22.816194534301758,56.02507019042969,0.39249956905986305,59.667267487346145,37.26672722371721
0.4290000000000003,22.870439529418945,56.090518951416016,0.38957919749279857,56.71147621723672,35.327995725754064
0.4295000000000003,22.921478271484375,56.155967712402344,0.387144844592637,54.42750864780692,33.93811683697418
0.4300000000000003,22.970285415649414,56.22142028808594,0.38424232783865114,52.714836576419856,32.987140045615575
0.4305000000000003,23.017597198486328,56.286869049072266,0.3807648832052535,51.467727815515914,32.36778002263374
0.4310000000000003,23.063966751098633,56.352317810058594,0.37690677581141474,50.602660013090286,31.999616585910537
0.4315000000000003,23.109813690185547,56.41776657104492,0.3729228255865496,50.05427730686045,31.822783317184584
0.43200000000000033,23.15545654296875,56.483219146728516,0.3690424102933699,49.77181060437875,31.792878051794883
0.43250000000000033,23.201143264770508,56.548667907714844,0.3654468148841203,49.71609384977987,31.877069387462715
0.43300000000000033,23.247066497802734,56.61411666870117,0.3622703681690935,49.85708923372872,32.05112933781068
0.43350000000000033,23.293376922607422,56.679569244384766,0.35960881734182193,50.17185908169056,32.297199152225154
0.43400000000000033,23.340200424194336,56.745018005371094,0.35752844369750236,50.64292707417824,32.60212531925832
0.43450000000000033,23.387636184692383,56.81046676635742,0.35607372118858865,51.25697212163538,32.956198905494645
0.43500000000000033,23.435768127441406,56.87591552734375,0.35527307904511535,52.003800282542045,33.3522377225747
0.43550000000000033,23.484670639038086,56.941368103027344,0.35514298055006943,52.87554440985774,33.78490417619219
0.43600000000000033,23.534406661987305,57.00681686401367,0.35569070983019674,53.86604705801212,34.25019395627239
0.43650000000000033,23.585033416748047,57.072265625,0.35691625082153794,54.970388674049836,34.7450705435231
0.43700000000000033,23.636600494384766,57.137718200683594,0.3588135715430458,56.184529518591084,35.26718865051036
0.43750000000000033,23.68915367126465,57.20316696166992,0.36137154464635174,57.50503966836698,35.81469963346244
0.43800000000000033,23.74273681640625,57.26861572265625,0.3645746619470661,58.92889661960293,36.38610847074389
0.43850000000000033,23.79738998413086,57.33406448364258,0.36840364234102435,60.453334373521244,36.980164675178564
0.43900000000000033,23.853147506713867,57.39951705932617,0.3728359894379684,62.07573146970294,37.59578191800658
0.43950000000000033,23.910045623779297,57.4649658203125,0.37784652549676556,63.79352831809429,38.23199372956073
0.44000000000000034,23.968114852905273,57.53041458129883,0.38340790926832785,64.38916416530503,38.88790082700013
0.44050000000000034,24.023815155029297,57.59586715698242,0.38721658579226503,62.864089519396636,37.84203010586902
0.44100000000000034,24.07756805419922,57.66131591796875,0.3912003284329734,61.43671366384544,36.99021192853381
0.44150000000000034,24.12977409362793,57.72676467895508,0.3934647585767203,59.37061075632234,36.32577868283175
0.44200000000000034,24.18549156188965,57.792213439941406,0.3927978928173008,64.13089815142794,38.10984505150953
0.44250000000000034,24.2442569732666,57.857666015625,0.3985251642182751,65.56172788871058,39.68133099034557
0.44300000000000034,24.30023193359375,57.92311477661133,0.39567509214033725,63.390832104937736,38.41960321481397
0.44350000000000034,24.3541202545166,57.988563537597656,0.39358532235409527,61.72747540386393,37.48852868747731
0.44400000000000034,24.406503677368164,58.05401611328125,0.3914793285281593,60.512815118544,36.837292361820595
0.44450000000000034,24.45784568786621,58.11946487426758,0.3892337577935794,59.677485271994165,36.40644431067241
0.44500000000000034,24.50850486755371,58.184913635253906,0.3869741717434818,59.16388438769797,36.14939604504949
0.44550000000000034,24.55876922607422,58.250362396240234,0.3848789115230415,58.92515411577467,36.03016613827604
0.44600000000000034,24.608861923217773,58.31581497192383,0.38310809217000963,58.923747667581395,36.021192088459046
0.44650000000000034,24.658967971801758,58.381263732910156,0.38178453905478804,59.129952538503765,36.10151512182507
0.44700000000000034,24.709230422973633,58.446712493896484,0.380994395568483,59.52048130372388,36.255257744868885
0.44750000000000034,24.759775161743164,58.51216506958008,0.3807937733971096,60.07720175412003,36.47044674646689
0.44800000000000034,24.810707092285156,58.577613830566406,0.3812160688209118,60.78603974245193,36.73805329670021
0.44850000000000034,24.862110137939453,58.643062591552734,0.3822781264857987,61.63606085447573,37.05125191381288
0.44900000000000034,24.914066314697266,58.70851135253906,0.38398489077667847,62.61872034860795,37.404879504933795
0.44950000000000034,24.96664047241211,58.773963928222656,0.38633271914141615,63.72726224978707,37.79497924119091
0.45000000000000034,25.019899368286133,58.839412689208984,0.3893116730880016,64.95624536553541,38.218501406541
0.45050000000000034,25.073894500732422,58.90486145019531,0.3929070899386507,66.30117415862132,38.67303126034305
0.45100000000000035,25.12868309020996,58.97031021118164,0.39710067656944203,67.75821433486793,39.156636968258276
0.45150000000000035,25.184309005737305,59.035762786865234,0.4018712987978771,69.32397569561002,39.66770347031049
0.45200000000000035,25.240819931030273,59.10121154785156,0.4071955826784837,70.99534766621507,40.204857594397026
0.45250000000000035,25.29825782775879,59.16666030883789,0.41304840059110853,72.76937561762232,40.76687841526398
0.45300000000000035,25.356660842895508,59.232112884521484,0.41940328469929655,74.64316849112384,41.35264496845408
0.45350000000000035,25.416067123413086,59.29756164550781,0.42623279057382535,75.19977640132726,41.96110190998947
0.45400000000000035,25.474184036254883,59.36301040649414,0.4308586878671614,74.38876785854232,41.40167254483534
0.45450000000000035,25.531063079833984,59.42845916748047,0.4355230358317486,73.43809996612617,40.864713505445245
0.45500000000000035,25.58684539794922,59.49391174316406,0.4385409770512731,71.97552741596107,40.3937594625596
0.45550000000000035,25.645217895507812,59.55936050415039,0.43981663113732095,76.48671383474296,41.8165310822373
0.45600000000000035,25.705947875976562,59.62480926513672,0.44675624232819805,77.42965881204925,43.128819630123814
0.45650000000000035,25.764514923095703,59.69026184082031,0.44478921680390276,75.59546144539131,42.11435276425139
0.45700000000000035,25.821388244628906,59.75571060180664,0.44351679327293153,74.1436684958047,41.335040064465495
0.45750000000000035,25.876991271972656,59.82115936279297,0.44223880515405267,73.04975391188759,40.767738376520064
0.45800000000000035,25.93166732788086,59.8866081237793,0.4408376028729248,72.27292403631489,40.375220962000725
0.45850000000000035,25.985698699951172,59.95206069946289,0.43941938586138657,71.77522305692968,40.126165717805684
0.45900000000000035,26.039316177368164,60.01750946044922,0.4381376736385273,71.5232808391018,39.9950430042405
0.45950000000000035,26.092710494995117,60.08295822143555,0.4371297607558924,71.48881727573065,39.96145700997459
0.46000000000000035,26.146034240722656,60.14841079711914,0.4364999946020481,71.64849211589843,40.00933736027646
0.46050000000000035,26.199424743652344,60.21385955810547,0.43632067520003937,71.98340442387747,40.12617223677248
0.46100000000000035,26.252988815307617,60.2793083190918,0.4366382597536934,72.47844422752958,40.302261164408215
0.46150000000000035,26.306827545166016,60.344757080078125,0.43748004112410216,73.12162001408726,40.530133431401566
0.46200000000000035,26.36102294921875,60.41020965576172,0.4388596930205567,73.90343022045624,40.804015529012936
0.46250000000000036,26.415651321411133,60.47565841674805,0.44078138797200334,74.8163107434715,41.11943873813858
0.46300000000000036,26.470783233642578,60.541107177734375,0.44324266799925643,75.8541685600073,41.47291241535536
0.46350000000000036,26.526479721069336,60.60655975341797,0.44623636787532805,77.01199923657627,41.86166308154084
0.46400000000000036,26.582799911499023,60.6720085144043,0.449751874369079,78.28557996302419,42.283449715811756
0.46450000000000036,26.639795303344727,60.737457275390625,0.45377594634966895,79.67122733958682,42.73640455530265
0.46500000000000036,26.697519302368164,60.80290603637695,0.45829325849967795,81.16560887017015,43.21893446744265
0.46550000000000036,26.75601577758789,60.86835861206055,0.4632867791096767,82.7655979446791,43.72961697789266
0.46600000000000036,26.815330505371094,60.933807373046875,0.4687380528880869,84.46816340861623,44.26715455881518
0.46650000000000036,26.875505447387695,60.9992561340332,0.4746274317441533,86.2702862612645,44.83031773468988
0.46700000000000036,26.93657875061035,61.0647087097168,0.4809342777212473,88.16889740310545,45.41790960178952
0.46750000000000036,26.998584747314453,61.130157470703125,0.4876371502768675,88.64914816000741,46.028739567090255
0.46800000000000036,27.058652877807617,61.19560623168945,0.4922504113049139,87.52189059804823,45.08490914403627
0.46850000000000036,27.117027282714844,61.26105499267578,0.4965378197941086,86.27486435723574,44.26468599863114
0.46900000000000036,27.173982620239258,61.326507568359375,0.4991368212507853,84.77743033896705,43.588415164797745
0.46950000000000036,27.23389434814453,61.3919563293457,0.5006556668569797,89.44982534059785,45.296776561365355
0.47000000000000036,27.296401977539062,61.45740509033203,0.5072265524143071,90.17849845522046,46.81975777143392
0.47050000000000036,27.356300354003906,61.522857666015625,0.505066776935723,87.95781256037436,45.4968219626587
0.47100000000000036,27.41419219970703,61.58830642700195,0.5034300278930777,86.1670498973955,44.49522709977693
0.47150000000000036,27.470598220825195,61.65375518798828,0.5017308016869454,84.77242998334604,43.77252858443206
0.47200000000000036,27.52593421936035,61.71920394897461,0.4998824555858034,83.72420995673878,43.27378623335344
0.47250000000000036,27.580533981323242,61.7846565246582,0.4979889714258849,82.977580360658,42.954798420450096
0.47300000000000036,27.634662628173828,61.85010528564453,0.4961922403338825,82.4939772839036,42.78070320747652
0.47350000000000037,27.68853759765625,61.91555404663086,0.4946177085798619,82.24120776714223,42.724354642701506
0.47400000000000037,27.74233055114746,61.98100662231445,0.4933606607735633,82.19299366905199,42.764796461266485
0.47450000000000037,27.796188354492188,62.04645538330078,0.49248765572029,82.32822890054567,42.885968786517864
0.47500000000000037,27.850234985351562,62.11190414428711,0.4920423831418609,82.63014213141655,43.07560622030207
0.47550000000000037,27.904573440551758,62.17735290527344,0.49205176294471586,83.08547865353977,43.32434484475301
0.47600000000000037,27.959293365478516,62.24280548095703,0.49253092759738887,83.6837607295683,43.62502183866099
0.47650000000000037,28.014476776123047,62.30825424194336,0.49348686950062104,84.41665100758803,43.97212701668525
0.47700000000000037,28.070194244384766,62.37370300292969,0.4949209402779502,85.27742299847314,44.36136596714097
0.47750000000000037,28.12651252746582,62.43915557861328,0.49683048544870356,86.26053151943138,44.789342155723304
0.47800000000000037,28.183486938476562,62.50460433959961,0.4992098771946851,87.36127090191066,45.25329445831358
0.47850000000000037,28.24117660522461,62.57005310058594,0.5020511523915302,88.57550721474313,45.75093277890089
0.47900000000000037,28.299631118774414,62.635501861572266,0.5053444058330979,89.89947116792763,46.28027551059578
0.47950000000000037,28.358896255493164,62.70095443725586,0.5090780408820589,91.32959973862033,46.83955334491535
0.48000000000000037,28.419015884399414,62.76640319824219,0.5132389437531006,92.86241630195309,47.42713445191453
0.48050000000000037,28.48003387451172,62.831851959228516,0.5178126220011926,94.49444082030551,48.04147031156763
0.48100000000000037,28.54198455810547,62.89730453491211,0.5227833303480157,96.22212327424496,48.68103752995896
0.48150000000000037,28.604902267456055,62.96275329589844,0.5281341955932445,96.93817000401818,49.344322831040564
0.4820000000000004,28.664331436157227,63.028202056884766,0.532954303760742,94.77525505907953,47.44787574852139
0.4825000000000004,28.72098731994629,63.093650817871094,0.5367125226770415,92.6781419620149,45.9515732874643
0.4830000000000004,28.77549934387207,63.15910339355469,0.5383989934278012,90.21742196893601,44.80593676214241
0.4835000000000004,28.834064483642578,63.224552154541016,0.537831415829007,95.21962903217332,47.23723962763669
0.4840000000000004,28.896013259887695,63.290000915527344,0.5423504979765723,96.31145039079364,49.29568548394216
0.4845000000000004,28.954345703125,63.35545349121094,0.5395899958587432,93.22347737168826,47.30336367884795
0.4850000000000004,29.009990692138672,63.420902252197266,0.5369839230999762,90.72430334605345,45.837341600711355
0.4855000000000004,29.063711166381836,63.486351013183594,0.5340911742715586,88.74730331784625,44.80574108414569
0.4860000000000004,29.11609649658203,63.55179977416992,0.5309083675551727,87.21079952108553,44.11023837523784
0.4865000000000004,29.167600631713867,63.617252349853516,0.5275852184438856,86.04689282109716,43.67567760216738
0.4870000000000004,29.21857452392578,63.682701110839844,0.5242910874569353,85.2003720620407,43.44516144561696
0.4875000000000004,29.269298553466797,63.74814987182617,0.5211697751517248,84.62703073382191,43.3758509225221
0.4880000000000004,29.31999397277832,63.813602447509766,0.5183301337437813,84.29190028430774,43.43560323375089
0.4885000000000004,29.370840072631836,63.879051208496094,0.5158495830964036,84.16755994015573,43.60035402852556
0.4890000000000004,29.421979904174805,63.94449996948242,0.513780996217737,84.23261573897244,43.852083874072676
0.4895000000000004,29.473539352416992,64.00994873046875,0.5121593285351049,84.4703898951631,44.17728480360672
0.4900000000000004,29.525619506835938,64.07540130615234,0.511006886159019,84.86782699943875,44.56576430806799
0.4905000000000004,29.57831382751465,64.1408462524414,0.5103371329742488,85.41460325401448,45.009778626414985
0.4910000000000004,29.63170051574707,64.206298828125,0.5101572793605454,86.10241491277546,45.503353109554915
0.4915000000000004,29.68585205078125,64.2717514038086,0.5104699640589182,86.92441868719078,46.041798909491604
0.4920000000000004,29.740829467773438,64.33719635009766,0.5112743076000142,87.87479735872918,46.621335155954924
0.4925000000000004,29.796693801879883,64.40264892578125,0.512566554601592,88.94842634293357,47.238834264185556
0.4930000000000004,29.853496551513672,64.46810150146484,0.5143404622548104,90.14062029899782,47.89160682559584
0.4935000000000004,29.911287307739258,64.5335464477539,0.5165875429650757,91.44694237634313,48.57726685293949
0.4940000000000004,29.970111846923828,64.5989990234375,0.5192972318003427,92.86306196239155,49.293621832136104
0.4945000000000004,30.03000831604004,64.6644515991211,0.5224570226014299,94.3846496710321,50.03858859206014
0.4950000000000004,30.091012954711914,64.72989654541016,0.5260525980734043,96.00730073600752,50.81014623947131
0.4955000000000004,30.153162002563477,64.79534912109375,0.5300679667842596,96.46013284439961,51.606299049854094
0.4960000000000004,30.210046768188477,64.86080169677734,0.5330392281772612,92.78397730399026,48.525790758361694
0.4965000000000004,30.262962341308594,64.9262466430664,0.5349062691255936,89.55994951646808,46.21080706655077
0.4970000000000004,30.312959671020508,64.99169921875,0.5347167117316088,86.54299339224383,44.51892976548552
0.4975000000000004,30.368446350097656,65.05714416503906,0.5332169279281399,92.35788492572625,47.93722006005146
0.4980000000000004,30.428382873535156,65.12259674072266,0.5368514206965758,93.67556481956757,50.74140354316859
0.4985000000000004,30.48362159729004,65.18804931640625,0.5320015098994654,89.54441738236625,47.9717069604633
0.4990000000000004,30.535480499267578,65.25349426269531,0.5274229477462641,86.29225640430587,45.991039482385034
0.4995000000000004,30.585010528564453,65.3189468383789,0.5226753633539039,83.78426574225686,44.64339065184135
0.5000000000000003,30.633005142211914,65.3843994140625,0.5177455110051468,81.88111177055703,43.77466413354933
0.5005000000000003,30.68006706237793,65.44984436035156,0.5127766879372356,80.47369020096804,43.27001141399727
0.5010000000000002,30.72665023803711,65.51529693603516,0.5079352246214579,79.4773260276776,43.04431795225018
0.5015000000000002,30.773109436035156,65.58074951171875,0.503364299037796,78.82666870024369,43.03466067177
0.5020000000000001,30.819719314575195,65.64619445800781,0.4991736071978008,78.47149136380321,43.19456454425353
0.5025000000000001,30.866697311401367,65.7116470336914,0.4954421636219125,78.3732711154134,43.48969543413012
0.503,30.91421890258789,65.777099609375,0.4922246790159528,78.50244025075804,43.89463821070255
0.5035,30.96242904663086,65.84254455566406,0.48955783180314627,78.8362049328964,44.39050127641569
0.5039999999999999,31.011445999145508,65.90799713134766,0.48746527897164793,79.3568346317315,44.96313666596041
0.5044999999999998,31.061372756958008,65.97344207763672,0.48596127314015586,80.05033506407221,45.60183995037222
0.5049999999999998,31.112293243408203,66.03889465332031,0.485053110009967,80.90542851088017,46.29837730692136
0.5054999999999997,31.164287567138672,66.1043472290039,0.48474270860567326,81.91277707946391,47.046299369065956
0.5059999999999997,31.217422485351562,66.16979217529297,0.48502759891190494,83.06439571495255,47.840409879055755
0.5064999999999996,31.271759033203125,66.23524475097656,0.485901532674127,84.35321192711213,48.67640024802736
0.5069999999999996,31.327346801757812,66.30069732666016,0.4873548734831273,85.77273799476482,49.55056708818439
0.5074999999999995,31.384239196777344,66.36614227294922,0.48937487217760917,87.31682878077913,50.45963797825257
0.5079999999999995,31.442472457885742,66.43159484863281,0.4919458951076436,88.97950431529998,51.400595386985806
0.5084999999999994,31.50208854675293,66.4970474243164,0.4950496448040168,89.61794827090678,52.37061019728364
0.5089999999999993,31.555662155151367,66.56249237060547,0.49738065350067295,85.12786794129151,48.648389579534914
0.5094999999999993,31.604764938354492,66.62794494628906,0.4984237110860999,81.33285477923052,45.89961496107493
0.5099999999999992,31.650650024414062,66.69339752197266,0.4972376272863187,77.86850331304967,43.931988875915046
0.5104999999999992,31.702898025512695,66.75884246826172,0.494608807051798,84.3559697075942,48.04077652961875
0.5109999999999991,31.760292053222656,66.82429504394531,0.497660939363216,86.24214558105258,51.398180773071516
0.5114999999999991,31.812545776367188,66.88973999023438,0.4916070212399776,81.62967084896695,48.21408119440757
0.511999999999999,31.86117172241211,66.95519256591797,0.48587956553651257,78.08810577289351,45.97801506044482
0.512499999999999,31.907367706298828,67.02064514160156,0.48003532617722694,75.44255738811859,44.49711920013675
0.5129999999999989,31.952037811279297,67.08609008789062,0.4740766760026475,73.51787881688624,43.584524173429536
0.5134999999999988,31.9958553314209,67.15154266357422,0.4681699390606225,72.17901985750049,43.10180624634972
0.5139999999999988,32.039337158203125,67.21699523925781,0.46250435585154936,71.3224670312092,42.946929129049465
0.5144999999999987,32.082881927490234,67.28244018554688,0.457243040515691,70.86910495426389,43.04477687300267
0.5149999999999987,32.12678527832031,67.34789276123047,0.45251182553366903,70.75855539553109,43.34003845504131
0.5154999999999986,32.17129898071289,67.41334533691406,0.44840204306105447,70.94471089063664,43.79197112466892
0.5159999999999986,32.21661376953125,67.47879028320312,0.4449771484948657,71.3922368115006,44.370437102420105
0.5164999999999985,32.262882232666016,67.54424285888672,0.4422792791268986,72.07385457732157,45.05302580076358
0.5169999999999985,32.310237884521484,67.60969543457031,0.4403345175775946,72.96824902685928,45.82294132544905
0.5174999999999984,32.358787536621094,67.67514038085938,0.43915671823519487,74.05846927520983,46.66742426760526
0.5179999999999984,32.40863037109375,67.74059295654297,0.4387501392073046,75.33071573395716,47.57663301613018
0.5184999999999983,32.4598388671875,67.80603790283203,0.43911120719408175,76.77342646200874,48.54278112593342
0.5189999999999982,32.512489318847656,67.87149047851562,0.44022971138723943,78.37659358293925,49.55957475588666
0.5194999999999982,32.5666389465332,67.93694305419922,0.44208965561345454,80.13125521945258,50.6217388596351
0.5199999999999981,32.62234115600586,68.00238800048828,0.44466992904751645,82.02912046267375,51.724721381791454
0.5204999999999981,32.679649353027344,68.06784057617188,0.44794489732226794,82.95937851139905,52.86447021034134
0.520999999999998,32.731231689453125,68.13329315185547,0.45035411803462483,78.49715630805949,49.20447595868052
0.521499999999998,32.778587341308594,68.19873809814453,0.45144646166805974,74.77460724102286,46.50542314871735
0.5219999999999979,32.82291793823242,68.26419067382812,0.45019890572740545,71.43082772065029,44.58454538283374
0.5224999999999979,32.87372589111328,68.32964324951172,0.4477376850385177,78.38922875909772,48.915118318402484
0.5229999999999978,32.92984390258789,68.39508819580078,0.45161805995821486,80.70537979210236,52.49676888607685
0.5234999999999977,32.98103713989258,68.46054077148438,0.44517693461643876,76.19063535794325,49.33011281089318
0.5239999999999977,33.02878189086914,68.52599334716797,0.43923840595888164,72.80964353084916,47.12780095362855
0.5244999999999976,33.07426071166992,68.59143829345703,0.4333213604454647,70.37972476523382,45.69720843585005
0.5249999999999976,33.118370056152344,68.65689086914062,0.42742735243713287,68.7174997484371,44.84997127084906
0.5254999999999975,33.16177749633789,68.72233581542969,0.42173922690297067,67.68136402940436,44.446124001070174
0.5259999999999975,33.20499801635742,68.78778839111328,0.4164658291435139,67.1625852474029,44.38217718232234
0.5264999999999974,33.24843215942383,68.85324096679688,0.41178716682771116,67.07786296082922,44.58170159787796
0.5269999999999974,33.292381286621094,68.91868591308594,0.40784116625940475,67.36342109275662,44.988224071716466
0.5274999999999973,33.33709716796875,68.98413848876953,0.40472591390837187,67.97034440679352,45.55996872186762
0.5279999999999972,33.382774353027344,69.04959106445312,0.4025063612691089,68.86092575388138,46.26588812717376
0.5284999999999972,33.42957305908203,69.11503601074219,0.4012212092864557,70.0058294548177,47.08276481836656
0.5289999999999971,33.47762680053711,69.18048858642578,0.40088860714228436,71.38190709031913,47.993062784149934
0.5294999999999971,33.52705001831055,69.24594116210938,0.4015104877068638,72.97052916036529,48.98335258172259
0.529999999999997,33.57793426513672,69.31138610839844,0.40307577803928846,74.7563203929534,50.04314473927965
0.530499999999997,33.630367279052734,69.37683868408203,0.4055628092053598,76.7262078853934,51.16407019585833
0.5309999999999969,33.68442153930664,69.44229125976562,0.40894120750182383,78.86870963902227,52.339246970079195
0.5314999999999969,33.74015808105469,69.50773620605469,0.41317346998716875,81.17340644793714,53.56283759809147
0.5319999999999968,33.797630310058594,69.57318878173828,0.41821635008359265,81.75844996491811,54.829730571371876
0.5324999999999968,33.85020446777344,69.63863372802734,0.41913935117453216,77.67532251505119,51.602691192244286
0.5329999999999967,33.89912796020508,69.70408630371094,0.41963330282858374,74.30990839563282,49.2041546324937
0.5334999999999966,33.94542694091797,69.76953887939453,0.4183487343520158,71.62779177532603,47.49231665610414
0.5339999999999966,33.98991394042969,69.8349838256836,0.41534666424482614,69.55376868712904,46.322045853555565
0.5344999999999965,34.03321838378906,69.90043640136719,0.41112001292682754,68.01670524940619,45.579682023069665
0.5349999999999965,34.075843811035156,69.96588897705078,0.4062142575400026,66.95320616628119,45.177340971197886
0.5354999999999964,34.11819839477539,70.03133392333984,0.40110217685217936,66.3088569018118,45.04758966613534
0.5359999999999964,34.16060256958008,70.09678649902344,0.3961569275114495,66.03815537714748,45.138938157814735
0.5364999999999963,34.20331573486328,70.16223907470703,0.39165967652634603,66.10371253099424,45.41218762911743
0.5369999999999963,34.2465705871582,70.2276840209961,0.387816461035813,66.47511988088213,45.837532526401134
0.5374999999999962,34.2905387878418,70.29313659667969,0.38477487263310955,67.12773370826753,46.39220426902307
0.5379999999999961,34.335391998291016,70.35858917236328,0.3826376735381848,68.04151773207379,47.05876206952559
0.5384999999999961,34.38125991821289,70.42403411865234,0.3814730067797423,69.20001441854053,47.82366345260792
0.538999999999996,34.42827224731445,70.48948669433594,0.3813217541300488,70.58947060672735,48.676277425218316
0.539499999999996,34.476531982421875,70.554931640625,0.3822027985462183,72.19811755289152,49.608060112982145
0.5399999999999959,34.52613830566406,70.6203842163086,0.38411688111308606,74.01559223606537,50.61199609724436
0.5404999999999959,34.57718276977539,70.68583679199219,0.3870495867723533,76.03248110574023,51.682153504042475
0.5409999999999958,34.62974166870117,70.75128173828125,0.39097382640871736,78.23996620684444,52.81334638176677
0.5414999999999958,34.68389129638672,70.81673431396484,0.3958520379788949,80.62955473655344,54.0009167150004
0.5419999999999957,34.73970031738281,70.88218688964844,0.40163821847254805,83.19287530841129,55.2405467978852
0.5424999999999957,34.79722213745117,70.9476318359375,0.40827982336695534,84.11378621620636,56.52811767998115
0.5429999999999956,34.85133361816406,71.0130844116211,0.4109416783293447,81.14621484512186,54.242976059509694
0.5434999999999955,34.90278244018555,71.07853698730469,0.41304469784251363,78.5707283128613,52.4657703818161
0.5439999999999955,34.95223617553711,71.14398193359375,0.41324984129953574,76.44755105887214,51.14647166507032
0.5444999999999954,35.000247955322266,71.20943450927734,0.41166004317667293,74.77412344445719,50.21126119682586
0.5449999999999954,35.04728698730469,71.27488708496094,0.40880669586020096,73.52992160212834,49.59621421310432
0.5454999999999953,35.09373092651367,71.34033203125,0.40526346118576956,72.68678203932014,49.24803644125797
0.5459999999999953,35.1399040222168,71.4057846069336,0.40152142431380916,72.21482929990727,49.123362875490244
0.5464999999999952,35.186073303222656,71.47122955322266,0.3979640397653534,72.08566645026511,49.18744797695324
0.5469999999999952,35.23246383666992,71.53668212890625,0.3948765803417271,72.27383970470318,49.412738143337805
0.5474999999999951,35.27928161621094,71.60213470458984,0.3924644810469131,72.75727745187992,49.77751758653748
0.547999999999995,35.32668685913086,71.6675796508789,0.39087121439241373,73.5171641210886,50.264642356285904
0.548499999999995,35.37483596801758,71.7330322265625,0.39019289566265014,74.53753771614825,50.86056013787658
0.5489999999999949,35.42386245727539,71.7984848022461,0.39048935207311375,75.80478352354184,51.55443179060165
0.5494999999999949,35.47388458251953,71.86392974853516,0.39179224795761314,77.3071209040371,52.33745976176504
0.5499999999999948,35.525020599365234,71.92938232421875,0.3941110317541199,79.03413279593842,53.202373671980105
0.5504999999999948,35.577362060546875,71.99483489990234,0.3974373843184011,80.97635917630402,54.142974203795426
0.5509999999999947,35.63100051879883,72.0602798461914,0.40174868424899673,83.1249595400463,55.15385267320451
0.5514999999999947,35.686031341552734,72.125732421875,0.4070108412367168,85.47144089132483,56.230155281891825
0.5519999999999946,35.74251937866211,72.1911849975586,0.4131807127513089,88.00744377476458,57.36734696752203
0.5524999999999946,35.80054473876953,72.25662994384766,0.42020822081802733,90.72457756376926,58.56114644669067
0.5529999999999945,35.86016845703125,72.32208251953125,0.4280382221771843,91.7176732441633,59.80737130253173
0.5534999999999944,35.9173469543457,72.38752746582031,0.43181812151882715,89.5317711930177,58.15112944194798
0.5539999999999944,35.97248840332031,72.4529800415039,0.4349341758122328,87.47762659973125,56.7753049311386
0.5544999999999943,36.0260124206543,72.5184326171875,0.43613651516804147,85.68974986256354,55.69559831927792
0.5549999999999943,36.07830047607422,72.58387756347656,0.4355512032223252,84.22284561659534,54.88897501850062
0.5554999999999942,36.12969970703125,72.64933013916016,0.43370630319453923,83.09625230604571,54.32674662774882
0.5559999999999942,36.180511474609375,72.71478271484375,0.4311626829029637,82.30954747492277,53.980055643316305
0.5564999999999941,36.230995178222656,72.78022766113281,0.4283959648205045,81.85218535273872,53.82246226875747
0.556999999999994,36.28139114379883,72.8456802368164,0.42577422769770484,81.70926207509213,53.83098644361577
0.557499999999994,36.33189010620117,72.9111328125,0.42356862819153956,81.86476498042656,53.98621428925099
0.557999999999994,36.38267517089844,72.97657775878906,0.4219722975086153,82.30324723630075,54.27208148872996
0.5584999999999939,36.43390655517578,73.04203033447266,0.42111852213139017,83.01055613761244,54.67538730695769
0.5589999999999938,36.4857292175293,73.10747528076172,0.4210955411132795,83.974020768365,55.185295145586466
0.5594999999999938,36.53826904296875,73.17292785644531,0.42195772909655316,85.18235279071564,55.79283953935995
0.5599999999999937,36.59164810180664,73.2383804321289,0.42373375419825293,86.62541371201995,56.490518324720284
0.5604999999999937,36.64597702026367,73.30382537841797,0.4264324643633911,88.29393742197965,57.27191756871101
0.5609999999999936,36.701351165771484,73.36927795410156,0.4300471750671003,90.17925639316384,58.131408057346896
0.5614999999999936,36.75787353515625,73.43473052978516,0.4345588793323645,92.2730554020327,59.063943974812105
0.5619999999999935,36.81562423706055,73.50017547607422,0.43993874896850493,94.56716226645176,60.064828975248524
0.5624999999999934,36.87468338012695,73.56562805175781,0.44615016964564663,97.05337711008265,61.12960883035506
0.5629999999999934,36.93512725830078,73.6310806274414,0.4531504580755465,99.72333757007051,62.253956783347185
0.5634999999999933,36.99702072143555,73.69652557373047,0.4608923449208323,101.06134441486017,63.43357900240054
0.5639999999999933,37.0567512512207,73.76197814941406,0.46643093929880464,99.18763251853846,61.93553043221207
0.5644999999999932,37.114585876464844,73.82743072509766,0.4706016458298261,97.26034579749444,60.62979363281945
0.5649999999999932,37.170860290527344,73.89287567138672,0.4724573710205603,95.47138911082475,59.56017942560107
0.5654999999999931,37.22588348388672,73.95832824707031,0.4722743979844518,93.91606366561363,58.72442755566666
0.5659999999999931,37.27996826171875,74.02377319335938,0.47064956711099176,92.64175200304541,58.10796517794953
0.566499999999993,37.333377838134766,74.08922576904297,0.46817550133293717,91.66743391354717,57.691478263817885
0.566999999999993,37.386356353759766,74.15467834472656,0.46534295480863935,90.99602157641968,57.455013759492125
0.5674999999999929,37.439125061035156,74.22012329101562,0.4625279717750931,90.62197913248605,57.37997852994177
0.5679999999999928,37.491878509521484,74.28557586669922,0.4600070064982623,90.53584477823885,57.449959463436024
0.5684999999999928,37.54478454589844,74.35102844238281,0.45797801023316825,90.72677764557031,57.65089932653012
0.5689999999999927,37.59800720214844,74.41647338867188,0.4565796837864001,91.18388288309217,57.970974530167624
0.5694999999999927,37.65168762207031,74.48192596435547,0.45590677162946275,91.896806950938,58.40026060342293
0.5699999999999926,37.70595169067383,74.54737854003906,0.45602141945056485,92.85591639178307,58.93039429087003
0.5704999999999926,37.760929107666016,74.61282348632812,0.45696130594322465,94.05225438551858,59.55426455212466
0.5709999999999925,37.81672668457031,74.67827606201172,0.4587453670557784,95.47739203315106,60.26566885129192
0.5714999999999925,37.87344741821289,74.74372863769531,0.4613778276881047,97.1232420873758,61.0590865820192
0.5719999999999924,37.931190490722656,74.80917358398438,0.4648510964252658,98.98187223032673,61.92946958066917
0.5724999999999923,37.99004364013672,74.87462615966797,0.46914792441132713,101.04533645566435,62.8720624922714
0.5729999999999923,38.05009078979492,74.94007110595703,0.4742431008653671,103.3055322541536,63.8822843275456
0.5734999999999922,38.11140441894531,75.00552368164062,0.4801048592355451,105.7540852379587,64.95561550921222
0.5739999999999922,38.1740608215332,75.07097625732422,0.48669609716726936,108.38225969590013,66.0875480581568
0.5744999999999921,38.23811721801758,75.13642120361328,0.4939754656474138,109.47612292464562,67.27349077422343
0.5749999999999921,38.29926681518555,75.20187377929688,0.49863622766630133,106.86669677309087,65.15477847842352
0.575499999999992,38.35799026489258,75.26732635498047,0.5018678052205857,104.34699267288941,63.39761583200291
0.575999999999992,38.414772033691406,75.33277130126953,0.5028424915370282,102.07739177814415,62.00513486911092
0.5764999999999919,38.470054626464844,75.39822387695312,0.5018506761686183,100.1258859622419,60.940849796475334
0.5769999999999919,38.52421569824219,75.46367645263672,0.49947254103028893,98.5197468903203,60.16535543750918
0.5774999999999918,38.57758712768555,75.52912139892578,0.49627878649927565,97.2631839808554,59.64142972346459
0.5779999999999917,38.63045120239258,75.59457397460938,0.4927409269283766,96.34825542329231,59.33615731684055
0.5784999999999917,38.68306350708008,75.66002655029297,0.48922030242728637,95.76142678182636,59.22157037370421
0.5789999999999916,38.735633850097656,75.72547149658203,0.4859830578970909,95.48730646941654,59.274429420978166
0.5794999999999916,38.788360595703125,75.79092407226562,0.4832205406372229,95.51061187578192,59.4757168143314
0.5799999999999915,38.841407775878906,75.85636901855469,0.48106780597851995,95.81706742224273,59.80991370777515
0.5804999999999915,38.894927978515625,75.92182159423828,0.47961825309466555,96.39368713692402,60.264347498159495
0.5809999999999914,38.94906234741211,75.98727416992188,0.478934436982749,97.22872539357905,60.82856779118171
0.5814999999999914,39.003936767578125,76.05271911621094,0.47905575250250465,98.31146798035364,61.49380486583468
0.5819999999999913,39.05966567993164,76.11817169189453,0.4800037860656536,99.63196396813044,62.252532558185315
0.5824999999999912,39.11635971069336,76.18362426757812,0.4817860308245285,101.18075388468044,63.09812391527201
0.5829999999999912,39.174110412597656,76.24906921386719,0.4843985083660709,102.94862227696721,64.02454580563622
0.5834999999999911,39.23301315307617,76.31452178955078,0.4878276916113204,104.92638657994166,65.02617807292724
0.5839999999999911,39.29315185546875,76.37997436523438,0.4920519994635207,107.10472511765589,66.09762325150045
0.584499999999991,39.35459518432617,76.44541931152344,0.4970430376154037,109.47404230366831,67.23357494902807
0.584999999999991,39.417415618896484,76.51087188720703,0.5027666896369932,112.02436692615953,68.42875766527494
0.5854999999999909,39.48167037963867,76.57632446289062,0.509184113856835,112.81258626207854,69.6778276324404
0.5859999999999909,39.54194641113281,76.64176940917969,0.5123590411527945,109.05785455888679,66.63832534690836
0.5864999999999908,39.599063873291016,76.70722198486328,0.5141265563878544,105.67499880710366,64.23662169820321
0.5869999999999908,39.65375900268555,76.77266693115234,0.5137171148128147,102.75804153738055,62.407257453059884
0.5874999999999907,39.70664978027344,76.83811950683594,0.5114241976556557,100.32024831593131,61.05713492897116
0.5879999999999906,39.758235931396484,76.90357208251953,0.5078184616447744,98.34931990247122,60.106242343536266
0.5884999999999906,39.8089485168457,76.9690170288086,0.5034607336559497,96.82084755334446,59.488275489272404
0.5889999999999905,39.8591423034668,77.03446960449219,0.4988154769667687,95.706127588222,59.14944523893469
0.5894999999999905,39.90910720825195,77.09992218017578,0.49424003676342754,94.97648153827909,59.04672683955612
0.5899999999999904,39.959102630615234,77.16536712646484,0.48999901921092837,94.60537699986523,59.14602198125314
0.5904999999999904,40.00934600830078,77.23081970214844,0.48628394925697355,94.56923151761158,59.42036869334437
0.5909999999999903,40.06002426147461,77.29627227783203,0.48323110496900223,94.84747584277854,59.84840471878088
0.5914999999999903,40.11130905151367,77.3617172241211,0.48093559669930286,95.42223834617573,60.413086355671204
0.5919999999999902,40.16334915161133,77.42716979980469,0.4794617341684387,96.27786834596495,61.10061505316549
0.5924999999999901,40.216278076171875,77.49262237548828,0.47885036404326875,97.40042280824154,61.899602419428845
0.5929999999999901,40.27022171020508,77.55806732177734,0.47912396159204895,98.77718240092956,62.80041920241718
0.59349999999999,40.325286865234375,77.62351989746094,0.48029016358025656,100.3962275137728,63.79466599984991
0.59399999999999,40.38157653808594,77.68896484375,0.4823442788647001,102.24608438569871,64.87480671194655
0.5944999999999899,40.43918228149414,77.7544174194336,0.4852711651554512,104.31544034532473,66.03386273554581
0.5949999999999899,40.49818420410156,77.81986999511719,0.48904673516411634,106.5929217090074,67.26519351288842
0.5954999999999898,40.558658599853516,77.88531494140625,0.4936392574820404,109.06692574005436,68.5623476020156
0.5959999999999898,40.620670318603516,77.95076751708984,0.49901054561511277,110.08183468790831,69.91893292755785
0.5964999999999897,40.67803955078125,78.01622009277344,0.5020298647836751,105.57787788025243,66.24595484719575
0.5969999999999897,40.731815338134766,78.0816650390625,0.5032640823272116,101.62874241360751,63.406482797175414
0.5974999999999896,40.782894134521484,78.1471176147461,0.5020656378972432,98.2935225094088,61.289195774246174
0.5979999999999895,40.832008361816406,78.21257019042969,0.49882446843533645,95.55316209667002,59.762443457914344
0.5984999999999895,40.8797607421875,78.27801513671875,0.49418087285113205,93.37156215535322,58.71837441473052
0.5989999999999894,40.926631927490234,78.34346771240234,0.48874727135358315,91.70677503785026,58.0705183415823
0.5994999999999894,40.9730339050293,78.40892028808594,0.4830276398813991,90.51710201091805,57.75049104382945
0.5999999999999893,41.01929473876953,78.474365234375,0.47741047479321413,89.76415126313141,57.70462255031681
0.6004999999999893,41.06570053100586,78.5398178100586,0.4721854356068455,89.41403427219618,57.89099003624905
0.6009999999999892,41.112491607666016,78.60526275634766,0.46756435910599076,89.43749471156767,58.27682245550437
0.6014999999999892,41.159881591796875,78.67071533203125,0.4636998830584644,89.80948056317484,58.836388736468464
0.6019999999999891,41.208045959472656,78.73616790771484,0.4606999616523716,90.50847247210508,59.549259229278476
0.602499999999989,41.25715637207031,78.8016128540039,0.4586384587939202,91.51575005094783,60.398994166850784
0.602999999999989,41.307350158691406,78.8670654296875,0.457562604626726,92.81469400486175,61.372041024976596
0.6034999999999889,41.35875701904297,78.9325180053711,0.4574981754571441,94.39017050369489,62.45695932210964
0.6039999999999889,41.411502838134766,78.99796295166016,0.45845313982756586,96.228014066908,63.643808775381984
0.6044999999999888,41.46568298339844,79.06341552734375,0.46042034303898627,98.31460859951571,64.92364341454457
0.6049999999999888,41.52140426635742,79.12886810302734,0.4633796353157706,100.63655791167535,66.28822901380428
0.6054999999999887,41.578739166259766,79.1943130493164,0.46729970613348226,103.18043367145728,67.72971602866895
0.6059999999999887,41.63777542114258,79.259765625,0.47213977531422885,104.64995256766021,69.24053137032519
0.6064999999999886,41.69210433959961,79.3252182006836,0.4757062285012055,99.97643658621222,65.41150552961963
0.6069999999999885,41.74281311035156,79.39066314697266,0.4770891291008365,95.91521309066589,62.47177908610043
0.6074999999999885,41.790836334228516,79.45611572265625,0.47573275481540567,92.52465877851478,60.302277150142096
0.6079999999999884,41.83694076538086,79.52156066894531,0.4721344430783486,89.78053133352732,58.76309679024791
0.6084999999999884,41.881744384765625,79.5870132446289,0.4670240187464292,87.64207619612618,57.73985873174395
0.6089999999999883,41.925758361816406,79.6524658203125,0.4610846489977619,86.0632885083283,57.14098435444945
0.6094999999999883,41.96940612792969,79.71791076660156,0.4548757685143319,84.99896506656533,56.89403739039363
0.6099999999999882,42.01303482055664,79.78336334228516,0.4488294874458718,84.4076813972868,56.94213601356804
0.6104999999999882,42.056949615478516,79.84881591796875,0.44326977710636345,84.25289728085878,57.24077101734022
0.6109999999999881,42.10139846801758,79.91426086425781,0.43843516391249043,84.50299833884577,57.755037446976914
0.611499999999988,42.146602630615234,79.9797134399414,0.43449838613716657,85.13079075817856,58.457415482300874
0.611999999999988,42.1927604675293,80.045166015625,0.43158151641425313,86.1127645313685,59.32596096564752
0.6124999999999879,42.24003982543945,80.11061096191406,0.42976692649564463,87.42830702997585,60.34286420013223
0.6129999999999879,42.28859329223633,80.17606353759766,0.4291050343218617,89.05896376532681,61.49335999390139
0.6134999999999878,42.338558197021484,80.24151611328125,0.4296198101464272,90.98779127035291,62.764875612243316
0.6139999999999878,42.39006423950195,80.30696105957031,0.43131285959534854,93.19881676753377,64.14639561787806
0.6144999999999877,42.443214416503906,80.3724136352539,0.4341666881611376,95.67660274525961,65.62794754486954
0.6149999999999877,42.498111724853516,80.43785858154297,0.4381475445697591,98.40590643373636,67.20028032402332
0.6154999999999876,42.55484390258789,80.50331115722656,0.4432080662771046,101.37142099265506,68.85457539997813
0.6159999999999876,42.61349105834961,80.56876373291016,0.4492898195438634,102.40372051608247,70.58226478968481
0.6164999999999875,42.66749572753906,80.63420867919922,0.4506814227683006,97.57972189040419,66.71590447293849
0.6169999999999874,42.71797561645508,80.69966125488281,0.450802832037818,93.53088703427147,63.78286430089266
0.6174999999999874,42.7658805847168,80.7651138305664,0.44881195042243144,90.27632679227706,61.65782683541656
0.6179999999999873,42.81199645996094,80.83055877685547,0.44503485220613187,87.76351894764368,60.19399338062694
0.6184999999999873,42.85696029663086,80.89601135253906,0.4401102957088683,85.93077751933245,59.271394742752115
0.6189999999999872,42.90129470825195,80.96146392822266,0.4346715807816303,84.71649579039342,58.7939387671383
0.6194999999999872,42.94542694091797,81.02690887451172,0.4292488583481217,84.06372330004358,58.68553329752445
0.6199999999999871,42.989723205566406,81.09236145019531,0.4242544845386572,83.92206367634887,58.886338784209414
0.6204999999999871,43.034481048583984,81.1578140258789,0.4199960334977612,84.24799287389575,59.34937099388076
0.620999999999987,43.079959869384766,81.22325897216797,0.4166954324127415,85.0043282912257,60.03766746128884
0.621499999999987,43.12639236450195,81.28871154785156,0.41450659613541074,86.15930866348108,60.92194269603017
0.6219999999999869,43.1739616394043,81.35415649414062,0.41352955237348576,87.68555786898541,61.97866332904272
0.6224999999999868,43.22285079956055,81.41960906982422,0.41382117498600535,89.55908335511126,63.188628055327776
0.6229999999999868,43.27320861816406,81.48506164550781,0.4154033008690693,91.75838318529927,64.53576364564047
0.6234999999999867,43.32516860961914,81.55050659179688,0.41826905960839816,94.26368989927637,66.0062664176656
0.6239999999999867,43.37885665893555,81.61595916748047,0.4223880743067192,97.05635361644548,67.5879431712241
0.6244999999999866,43.43437576293945,81.68141174316406,0.42771096816637805,100.1183535848446,69.269684619228
0.6249999999999866,43.4918212890625,81.74685668945312,0.4341734117397887,101.84922580668564,71.04111455272908
0.6254999999999865,43.54552459716797,81.81230926513672,0.43798308542706016,97.9020289762256,67.86823451390927
0.6259999999999865,43.596282958984375,81.87776184082031,0.4398722021421298,94.44282983152745,65.38544940991896
0.6264999999999864,43.644840240478516,81.94320678710938,0.4391618616429398,91.58024830910588,63.539681453359826
0.6269999999999863,43.691829681396484,82.00865936279297,0.4363342514411599,89.32734888085774,62.23971088343536
0.6274999999999863,43.73778533935547,82.07410430908203,0.43214324334289284,87.66807338318888,61.40419803050566
0.6279999999999862,43.783164978027344,82.13955688476562,0.4273043249540104,86.57254223940211,60.963853308664454
0.6284999999999862,43.82835006713867,82.20500946044922,0.4224062352262693,86.00587104981749,60.86115402491962
0.6289999999999861,43.87367630004883,82.27045440673828,0.4179032495128919,85.93301283143413,61.049110891665315
0.6294999999999861,43.919429779052734,82.33590698242188,0.41413284977722875,86.32111817464818,61.48962512475214
0.629999999999986,43.965858459472656,82.40135955810547,0.41133791638630535,87.14041848581604,62.151842735052476
0.630499999999986,44.01318359375,82.46680450439453,0.40968639879689,88.36428393251292,63.010650665928154
0.6309999999999859,44.06159973144531,82.53225708007812,0.40928686525274577,89.96886285284319,64.04536647854874
0.6314999999999859,44.11128616333008,82.59770965576172,0.4102003169759925,91.93254633698845,65.23866794737383
0.6319999999999858,44.16239929199219,82.66315460205078,0.41244920519106704,94.2353966264908,66.57570515993446
0.6324999999999857,44.2150764465332,82.72860717773438,0.41602456596357346,96.85861239461632,68.04341286927666
0.6329999999999857,44.26945114135742,82.79405975341797,0.4208919627575518,99.78406444199427,69.62999605788308
0.6334999999999856,44.32563018798828,82.85950469970703,0.42699666887400317,102.99391254110665,71.32448366762527
0.6339999999999856,44.38372039794922,82.92495727539062,0.4342683065911355,105.00437908354998,73.11646013103248
0.6344999999999855,44.438777923583984,82.99040222167969,0.4393624239717268,101.75455058020765,70.5135117858406
0.6349999999999855,44.49135971069336,83.05585479736328,0.44231597886033475,98.7658480034968,68.39574867531344
0.6354999999999854,44.542022705078125,83.12130737304688,0.4425219807799568,96.21516251267452,66.77068341306844
0.6359999999999854,44.59128189086914,83.18675231933594,0.44051752810355665,94.16701674879265,65.59362823568983
0.6364999999999853,44.63958740234375,83.25220489501953,0.4370920310964106,92.64115263896628,64.81552887684583
0.6369999999999852,44.68733596801758,83.31765747070312,0.43298305960770544,91.63258027655333,64.38945934858967
0.6374999999999852,44.7348747253418,83.38310241699219,0.4287924193875242,91.12372370353717,64.27339088073228
0.6379999999999851,44.78251266479492,83.44855499267578,0.4249813715839709,91.09157327538725,64.43104534254432
0.6384999999999851,44.83051681518555,83.51400756835938,0.4218902435856898,91.51164633440749,64.83171603235584
0.638999999999985,44.87912368774414,83.57945251464844,0.4197619691337451,92.35997773237116,65.44963538247008
0.639499999999985,44.928558349609375,83.64490509033203,0.41876276051757455,93.61394274764247,66.26318321388224
0.6399999999999849,44.97900390625,83.71035766601562,0.4189984448559677,95.2524242935824,67.25401561580826
0.6404999999999849,45.030643463134766,83.77580261230469,0.42052690968746664,97.25564126187952,68.40637350266597
0.6409999999999848,45.08363342285156,83.84125518798828,0.4233676150860622,99.60482745011954,69.706396847356
0.6414999999999847,45.13811492919922,83.90670013427734,0.42750908845255303,102.28186937742811,71.14160769099841
0.6419999999999847,45.19422149658203,83.97215270996094,0.43291509164384545,105.26896093137972,72.70049438989898
0.6424999999999846,45.2520637512207,84.03760528564453,0.4395299004131848,108.54830246086676,74.37215245328613
0.6429999999999846,45.3117561340332,84.1030502319336,0.4472829317298067,110.69580247374148,76.1460705993482
0.6434999999999845,45.36880111694336,84.16850280761719,0.45321773703725526,107.82917477985525,73.84128970282924
0.6439999999999845,45.42359924316406,84.23395538330078,0.45681098762131495,105.0635985005454,71.89574116490428
0.6444999999999844,45.47660827636719,84.29940032958984,0.45755018067032527,102.62526023737222,70.35575796680128
0.6449999999999844,45.52826690673828,84.36485290527344,0.45601475394094687,100.61521305583064,69.20589544939436
0.6454999999999843,45.57897186279297,84.43030548095703,0.4530105149771135,99.07848193117073,68.41719439310594
0.6459999999999843,45.629085540771484,84.4957504272461,0.4492797570595051,98.02757026198313,67.95652096156539
0.6464999999999842,45.678932189941406,84.56120300292969,0.445423804824069,97.45701045757323,67.79130136024135
0.6469999999999841,45.72880935668945,84.62665557861328,0.441901327983641,97.35217389090344,67.89173257718252
0.6474999999999841,45.778968811035156,84.69210052490234,0.4390495643747222,97.69437206286314,68.23151023961829
0.647999999999984,45.82965087890625,84.75755310058594,0.4371087832202862,98.46363048888281,68.78786743694752
0.648499999999984,45.88106918334961,84.822998046875,0.4362435190690569,99.64004881254073,69.54116781965924
0.6489999999999839,45.93341064453125,84.8884506225586,0.43655923746294784,101.20433588849527,70.47437599958424
0.6494999999999839,45.98685836791992,84.95390319824219,0.43811492534486635,103.13788981163933,71.57254230855868
0.6499999999999838,46.04156494140625,85.01934814453125,0.4409325852488584,105.4226490171338,72.82225405328413
0.6504999999999838,46.09767532348633,85.08480072021484,0.44500457153182343,108.04084802526279,74.21123154455638
0.6509999999999837,46.155330657958984,85.15025329589844,0.45029949052472107,110.9747531533689,75.72797232473575
0.6514999999999836,46.21464157104492,85.2156982421875,0.45676714641878086,114.20641773792093,77.36141786570435
0.6519999999999836,46.275718688964844,85.2811508178711,0.46434281375710595,117.71747507977132,79.10077705437907
0.6524999999999835,46.338653564453125,85.34660339355469,0.4729509756168747,119.05147503971087,80.93532387913282
0.6529999999999835,46.398460388183594,85.41204833984375,0.47625073049020206,115.51224171904919,78.13836736644195
0.6534999999999834,46.45569610595703,85.47750091552734,0.47809862077486753,112.29264587122488,75.85098422410096
0.6539999999999834,46.51093292236328,85.54295349121094,0.47779465624854484,109.5608797812025,74.08339374404359
0.6544999999999833,46.56468200683594,85.6083984375,0.4757251057615117,107.37480653831685,72.78945460973519
0.6549999999999833,46.617408752441406,85.6738510131836,0.4725503471000264,105.74801790808694,71.91778913422165
0.6554999999999832,46.66950988769531,85.73929595947266,0.468906265352869,104.67006824072374,71.41885543895978
0.6559999999999832,46.72134017944336,85.80474853515625,0.4653155632139772,104.11863566730506,71.24806165063775
0.6564999999999831,46.77320861816406,85.87020111083984,0.4621775033853583,104.06659901732753,71.3667302457137
0.656999999999983,46.82538986206055,85.9356460571289,0.45978332941243427,104.48588540803303,71.74197867647112
0.657499999999983,46.87812805175781,86.0010986328125,0.4583369759065345,105.34933988576937,72.34606365006617
0.6579999999999829,46.931636810302734,86.0665512084961,0.4579739302058623,106.63143526611472,73.15552616082623
0.6584999999999829,46.986106872558594,86.13199615478516,0.45877641276832154,108.3083412357279,74.15033398013581
0.6589999999999828,47.04172134399414,86.19744873046875,0.46078502235703767,110.35767190542283,75.31311149121086
0.6594999999999828,47.098628997802734,86.26290130615234,0.4640075856186097,112.75810100656398,76.62841475357823
0.6599999999999827,47.15697479248047,86.3283462524414,0.46842599024358467,115.48895150436319,78.08221633941812
0.6604999999999827,47.21688461303711,86.393798828125,0.47400162729432677,118.52981554082217,79.6614302827183
0.6609999999999826,47.278472900390625,86.4592514038086,0.4806798772150539,121.86023021935289,81.35357263345492
0.6614999999999825,47.341835021972656,86.52469635009766,0.4883939087804738,123.38433602011055,83.14648004808193
0.6619999999999825,47.401737213134766,86.59014892578125,0.4923051638042573,119.44158995649688,79.97718865047419
0.6624999999999824,47.45881652832031,86.65559387207031,0.4942183239242429,115.83556541416972,77.39619395195642
0.6629999999999824,47.513694763183594,86.7210464477539,0.49363705357523446,112.74135421004593,75.3986732055259
0.6634999999999823,47.566932678222656,86.7864990234375,0.491065317125258,110.21728087430348,73.92468719017462
0.6639999999999823,47.6190185546875,86.85194396972656,0.48722948876159655,108.2765033649985,72.91247495452562
0.6644999999999822,47.67038345336914,86.91739654541016,0.48280587476045206,106.90772997219136,72.30474389441926
0.6649999999999822,47.721397399902344,86.98284912109375,0.4783448323033742,106.08762461638189,72.05106690608886
0.6654999999999821,47.77238845825195,87.04829406738281,0.47426682340149584,105.78800663388348,72.10837103134045
0.665999999999982,47.823638916015625,87.1137466430664,0.47088097182705896,105.97975085963692,72.440408268532
0.666499999999982,47.87541198730469,87.17919921875,0.46840729428493105,106.63467078086259,73.01684438209955
0.6669999999999819,47.92792510986328,87.24464416503906,0.46699621947524067,107.72622201082338,73.81214746811231
0.6674999999999819,47.98138427734375,87.31009674072266,0.4667439460440128,109.22955645551369,74.80461110918337
0.6679999999999818,48.03596878051758,87.37554931640625,0.46770400101918297,111.12125279844467,75.97541945244781
0.6684999999999818,48.09184265136719,87.44099426269531,0.46989587473610356,113.37891593666127,77.30789652745288
0.6689999999999817,48.1491584777832,87.5064468383789,0.473311606148294,115.98075378621611,78.78688774223498
0.6694999999999817,48.208038330078125,87.57189178466797,0.4779210107893773,118.90518797222435,80.39823414481253
0.6699999999999816,48.26860046386719,87.63734436035156,0.48367602859306297,122.13052394254161,82.12843294097968
0.6704999999999816,48.33095169067383,87.70279693603516,0.4905144813061021,123.78237679406463,83.96433675142957
0.6709999999999815,48.38938903808594,87.76824188232422,0.49435816934303445,119.23691485089088,80.28259849614862
0.6714999999999814,48.44468688964844,87.83369445800781,0.49586260151193584,115.14952011627844,77.3344480177689
0.6719999999999814,48.4975700378418,87.8991470336914,0.49466053017411554,111.67580042064658,75.08307398286951
0.6724999999999813,48.548683166503906,87.96459197998047,0.4913392267512902,108.85436424957331,73.44107114921638
0.6729999999999813,48.59856414794922,88.03004455566406,0.4866784887600637,106.68348495669963,72.32656947212105
0.6734999999999812,48.64768981933594,88.09549713134766,0.48139191627200667,105.14061400661932,71.66756193239426
0.6739999999999812,48.696468353271484,88.16094207763672,0.47605805080510427,104.19383007978978,71.40279395175308
0.6744999999999811,48.7452507019043,88.22639465332031,0.47111994971262416,103.80831552719347,71.48114534164756
0.6749999999999811,48.79434585571289,88.2918472290039,0.46690546429493707,103.94971352672111,71.86033384662912
0.675499999999981,48.84402084350586,88.35729217529297,0.46365024767277135,104.58560664149977,72.50538737385646
0.675999999999981,48.8945198059082,88.42274475097656,0.4615175536883575,105.68592101712522,73.38718529638466
0.6764999999999809,48.94605255126953,88.48818969726562,0.46061363224054885,107.22276098231367,74.48111360243945
0.6769999999999808,48.99881362915039,88.55364227294922,0.4609992412417466,109.16997999327876,75.7659675623012
0.6774999999999808,49.05297088623047,88.61909484863281,0.46269825490043714,111.5026655363972,77.22301356849869
0.6779999999999807,49.10867691040039,88.68453979492188,0.46570430626579656,114.19663502096179,78.83527339483332
0.6784999999999807,49.16606521606445,88.74999237060547,0.46998618635679473,117.22799059070985,80.58694765732436
0.6789999999999806,49.22526168823242,88.81544494628906,0.47549247761995084,120.57275194805719,82.4629993321519
0.6794999999999806,49.28636169433594,88.88088989257812,0.4821556891371814,122.03840663807806,84.44879080049277
0.6799999999999805,49.34310531616211,88.94634246826172,0.48464616506688807,116.8341639287579,80.25019143742766
0.6804999999999805,49.39643478393555,89.01179504394531,0.4850452378683666,112.31768874103244,76.96688011874043
0.6809999999999804,49.447208404541016,89.07723999023438,0.4829314781540067,108.593148882137,74.52009955661767
0.6814999999999803,49.496150970458984,89.14269256591797,0.4788588286711422,105.65735894856856,72.78695433467193
0.6819999999999803,49.54388427734375,89.20814514160156,0.47359272615234593,103.47790141600173,71.65973426051893
0.6824999999999802,49.59092712402344,89.27359008789062,0.4678426245160858,102.00956293705676,71.0475101208863
0.6829999999999802,49.637725830078125,89.33904266357422,0.46218781299804285,101.20351565978568,70.87511138028852
0.6834999999999801,49.68466567993164,89.40448760986328,0.45707370670417397,101.01214938202166,71.08108291867762
0.6839999999999801,49.7320671081543,89.46994018554688,0.4528299950122858,101.39124018045094,71.61533410385039
0.68449999999998,49.78022384643555,89.53539276123047,0.4496922275239088,102.30057268108862,72.4369277291581
0.68499999999998,49.829383850097656,89.60083770751953,0.4478206980349364,103.70372965368,73.51203720150501
0.6854999999999799,49.87976837158203,89.66629028320312,0.4473153520250901,105.56748748656314,74.81226838704809
0.6859999999999798,49.931575775146484,89.73174285888672,0.4482272023085507,107.86107518512534,76.3132709162529
0.6864999999999798,49.984981536865234,89.79718780517578,0.4505671955228389,110.55543934965851,77.99362706868963
0.6869999999999797,50.04013442993164,89.86264038085938,0.4543134061019695,113.62258661900825,79.83397820458018
0.6874999999999797,50.097171783447266,89.92809295654297,0.4594171908815062,117.03503298152806,81.81638378881043
0.6879999999999796,50.156211853027344,89.99353790283203,0.46580867567764006,118.87644688551924,83.92380944928608
0.6884999999999796,50.21098327636719,90.05899047851562,0.4688605459762162,113.6995454030209,79.7332530981466
0.6889999999999795,50.262413024902344,90.12444305419922,0.46951183073641195,109.20746613861135,76.45926147544014
0.6894999999999795,50.31135559082031,90.18988800048828,0.46742582895366863,105.5190023739611,74.03046486324872
0.6899999999999794,50.3585319519043,90.25534057617188,0.4632444666452335,102.63852376853708,72.32780284136804
0.6904999999999794,50.40456771850586,90.32078552246094,0.4578045670888694,100.53797475551664,71.24555921711807
0.6909999999999793,50.449989318847656,90.38623809814453,0.45187170795486353,99.17443103850086,70.69363799805434
0.6914999999999792,50.4952507019043,90.45169067382812,0.44606910777721936,98.4999992754587,70.59696922217029
0.6919999999999792,50.54073715209961,90.51713562011719,0.4408762985934818,98.46711223191123,70.89372894055724
0.6924999999999791,50.5867919921875,90.58258819580078,0.4366487485427877,99.03099340168453,71.53320226947898
0.6929999999999791,50.633705139160156,90.64804077148438,0.43364026971064257,100.15046696191801,72.47360737089579
0.693499999999979,50.681739807128906,90.71348571777344,0.43202238483790023,101.78786554871749,73.68018187937685
0.693999999999979,50.73112487792969,90.77893829345703,0.4318996460447247,103.90849988440219,75.1235053835717
0.6944999999999789,50.78205871582031,90.84439086914062,0.4333215813508231,106.4799644887393,76.77813290475623
0.6949999999999789,50.83472442626953,90.90983581542969,0.436292312758457,109.47143263075475,78.62151986007919
0.6954999999999788,50.8892822265625,90.97528839111328,0.4407787330395398,112.85301883161189,80.63315212768656
0.6959999999999787,50.94586944580078,91.04073333740234,0.44671780997145477,116.59524261137663,82.7938863814503
0.6964999999999787,51.00460433959961,91.10618591308594,0.45402327990433927,118.30781045420828,85.08545907634687
0.6969999999999786,51.05918502807617,91.17163848876953,0.4561071527551402,113.14540765250533,80.93836859120994
0.6974999999999786,51.11053466796875,91.2370834350586,0.4562620783479071,108.74361395793059,77.71890976539767
0.6979999999999785,51.15950393676758,91.30253601074219,0.4540201352882382,105.20761241271552,75.3588468971517
0.6984999999999785,51.206817626953125,91.36798858642578,0.4499465978389148,102.53133260058155,73.7396175165768
0.6989999999999784,51.25310516357422,91.43343353271484,0.4448393119756937,100.67830379842616,72.75506847571494
0.6994999999999784,51.29889678955078,91.49888610839844,0.4394428715990047,99.59875885962605,72.31416005770738
0.6999999999999783,51.34465026855469,91.56433868408203,0.43436698060570816,99.23916259002567,72.34061717314943
0.7004999999999783,51.39075469970703,91.6297836303711,0.4300793637324119,99.5472061946,72.77128739016798
0.7009999999999782,51.43754959106445,91.69523620605469,0.4269221873191167,100.47403351594166,73.55406724834147
0.7014999999999781,51.4853401184082,91.76068878173828,0.4251328226781247,101.97486545592945,74.64580051743027
0.7019999999999781,51.53438186645508,91.82613372802734,0.42486266500802206,104.00876578686736,76.01032054092688
0.702499999999978,51.584903717041016,91.89158630371094,0.42619274440789406,106.53800400146035,77.61681999995803
0.702999999999978,51.63711166381836,91.95703125,0.4291465888104536,109.52728222442929,79.43848418407057
0.7034999999999779,51.691184997558594,92.0224838256836,0.43370114606609034,112.942973341043,81.45138456811922
0.7039999999999779,51.747276306152344,92.08793640136719,0.43979639797362774,116.75244377480641,83.63361569067756
0.7044999999999778,51.80552291870117,92.15338134765625,0.44734399890496257,118.9065368186192,85.9646509243001
0.7049999999999778,51.86012268066406,92.21883392333984,0.45090318865509127,114.3186084994302,82.27733677909421
0.7054999999999777,51.91182327270508,92.28428649902344,0.4521214821173124,110.29175892588019,79.34909056688825
0.7059999999999776,51.961341857910156,92.3497314453125,0.4506466357938049,106.99588616376435,77.16390618617736
0.7064999999999776,52.00932693481445,92.4151840209961,0.447143915662833,104.47217958459973,75.64296537713376
0.7069999999999775,52.05634689331055,92.48063659667969,0.44248264538068105,102.71694774871877,74.70759057471976
0.7074999999999775,52.1028938293457,92.54608154296875,0.4374578906394301,101.70312219504831,74.28569587903282
0.7079999999999774,52.1494026184082,92.61153411865234,0.432715187027756,101.39285756836284,74.31404476100937
0.7084999999999774,52.196250915527344,92.67698669433594,0.42874774133379984,101.74465394799081,74.73841599510374
0.7089999999999773,52.2437744140625,92.742431640625,0.42591559088302255,102.71705451051784,75.51277953820254
0.7094999999999773,52.29226303100586,92.8078842163086,0.42446813057928257,104.27028584710372,76.59803438773567
0.7099999999999772,52.34197998046875,92.87332916259766,0.42456413999898646,106.36672424499781,77.96069870315596
0.7104999999999771,52.393157958984375,92.93878173828125,0.42628831583392957,108.97074108928086,79.5716547948632
0.7109999999999771,52.446006774902344,93.00423431396484,0.4296649220195092,112.04826214104641,81.40507280520276
0.711499999999977,52.50070571899414,93.0696792602539,0.4346694325304789,115.566234809197,83.43749484797347
0.711999999999977,52.55741882324219,93.1351318359375,0.4412388112425256,119.4921093451285,85.64713205413683
0.7124999999999769,52.61628723144531,93.2005844116211,0.4492807437335901,121.83554952445019,88.01328545736237
0.7129999999999769,52.671871185302734,93.26602935791016,0.45360205262715225,117.64475564043747,84.65147293075196
0.7134999999999768,52.72478485107422,93.33148193359375,0.4554313267828277,113.8736345514739,81.92282231139473
0.7139999999999768,52.77565383911133,93.39693450927734,0.45447363653185874,110.73792953916906,79.85107678162895
0.7144999999999767,52.82506561279297,93.4623794555664,0.45143248507169587,108.31268890132793,78.38726931255995
0.7149999999999767,52.87354278564453,93.52783203125,0.4472004282183909,106.61757178052635,77.47322939259152
0.7154999999999766,52.92155075073242,93.5932846069336,0.44258633788086743,105.6415656221584,77.05092098161259
0.7159999999999765,52.969505310058594,93.65872955322266,0.4382435209690201,105.35782271547617,77.06668824702231
0.7164999999999765,53.01777267456055,93.72418212890625,0.4346689686774329,105.7323244219645,77.47280156739232
0.7169999999999764,53.06668472290039,93.78962707519531,0.43222383454122215,106.72863994977445,78.22758283531503
0.7174999999999764,53.11652374267578,93.8550796508789,0.4311568941056503,108.31029578352604,79.29477829954702
0.7179999999999763,53.16756057739258,93.9205322265625,0.4316252879926328,110.44174238778659,80.6427249811177
0.7184999999999763,53.22002029418945,93.98597717285156,0.43371162263887447,113.08854293305237,82.24335716608559
0.7189999999999762,53.27411651611328,94.05142974853516,0.437438058141197,116.21716831395358,84.07138099373915
0.7194999999999762,53.33002853393555,94.11688232421875,0.44277825649184954,119.7946267475743,86.10348049136314
0.7199999999999761,53.3879280090332,94.18232727050781,0.4496678353252657,123.7880574103915,88.31773345405465
0.720499999999976,53.44794845581055,94.2477798461914,0.45801365523777454,126.17696214359965,90.69306457483512
0.720999999999976,53.50483322143555,94.313232421875,0.46265554367741796,122.11472789668703,87.43483394293095
0.7214999999999759,53.55912399291992,94.37867736816406,0.4647212538324132,118.39689007582689,84.75004140469599
0.7219999999999759,53.61140823364258,94.44412994384766,0.46396535526884225,115.26650407938932,82.684062765628
0.7224999999999758,53.662235260009766,94.50958251953125,0.4611099372511959,112.81809199932981,81.2033505793467
0.7229999999999758,53.71211242675781,94.57502746582031,0.4570527249426681,111.08445528799612,80.26004344033802
0.7234999999999757,53.76149368286133,94.6404800415039,0.45260221628073033,110.06338830901745,79.80292936398475
0.7239999999999757,53.81078338623047,94.70592498779297,0.44840914280540306,109.73387869468068,79.78280944658741
0.7244999999999756,53.860347747802734,94.77137756347656,0.44496725778150487,110.06569627598986,80.15481682493026
0.7249999999999756,53.91051483154297,94.83683013916016,0.44263462001739645,111.02477726424921,80.87902774094677
0.7254999999999755,53.96156692504883,94.90227508544922,0.4416575302749408,112.57601582896093,81.92018611160658
0.7259999999999754,54.01377487182617,94.96772766113281,0.4421915609491799,114.68451545954672,83.24709366862848
0.7264999999999754,54.06736755371094,95.0331802368164,0.4443187916810324,117.31596977826496,84.83177460399027
0.7269999999999753,54.122554779052734,95.09862518310547,0.44806189127809354,120.43658765967632,86.64873614744991
0.7274999999999753,54.179527282714844,95.16407775878906,0.4533959354237001,124.01281170140616,88.67427982601366
0.7279999999999752,54.238441467285156,95.22953033447266,0.4602586370318534,128.01097353927116,90.88589807722325
0.7284999999999752,54.2994499206543,95.29497528076172,0.46855936107011587,130.38489335430802,93.26185952262142
0.7289999999999751,54.35723876953125,95.36042785644531,0.4732118819353309,126.16405744135572,89.86892605897407
0.7294999999999751,54.4123649597168,95.4258804321289,0.4751878290704734,122.28651145389448,87.06466379284917
0.729999999999975,54.46541976928711,95.49132537841797,0.4743017021867385,119.00376064048176,84.89625102100332
0.730499999999975,54.516963958740234,95.55677795410156,0.4712973748905923,116.414553420334,83.32973270887135
0.7309999999999749,54.567501068115234,95.62222290039062,0.4670790887906811,114.55393761438384,82.31628462174027
0.7314999999999748,54.61750030517578,95.68767547607422,0.46245640764338203,113.42071133734002,81.80354011841955
0.7319999999999748,54.66736602783203,95.75312805175781,0.4580795482423272,112.99407915795099,81.74105970966016
0.7324999999999747,54.71747589111328,95.81857299804688,0.45444171328263416,113.24352185485623,82.0827649657773
0.7329999999999747,54.768157958984375,95.88402557373047,0.45190097969794474,114.13435049184503,82.78754246478232
0.7334999999999746,54.819705963134766,95.94947814941406,0.4507044266207561,115.63059867103925,83.81900496658302
0.7339999999999746,54.87238311767578,96.01492309570312,0.45100914657217034,117.69633231846888,85.14482612474096
0.7344999999999745,54.92643356323242,96.08037567138672,0.4528993374148308,120.2960639155693,86.73595507162787
0.7349999999999745,54.982059478759766,96.14582824707031,0.45640016335692946,123.39469691187476,88.56579282596547
0.7354999999999744,55.039459228515625,96.21127319335938,0.46148931488896966,126.95725610757584,90.60955095339555
0.7359999999999743,55.098793029785156,96.27672576904297,0.4681069835754612,130.9485515819442,92.84360952936824
0.7364999999999743,55.16020584106445,96.34217834472656,0.4761646575859992,133.24838714252945,95.245083030614
0.7369999999999742,55.21815490722656,96.40762329101562,0.480423722005092,128.62842734164428,91.52437803381052
0.7374999999999742,55.27326202392578,96.47307586669922,0.48196440763787185,124.43350959687334,88.47802377756389
0.7379999999999741,55.326171875,96.53852081298828,0.4806442353755184,120.90263247616969,86.13667442642631
0.7384999999999741,55.37748718261719,96.60397338867188,0.4772209700532842,118.12220488047133,84.45124657617782
0.738999999999974,55.4277458190918,96.66942596435547,0.47260324686040606,116.11761760725673,83.36148405932441
0.739499999999974,55.47743606567383,96.73487091064453,0.4676023969007803,114.88007753423172,82.80634720709145
0.7399999999999739,55.52698516845703,96.80032348632812,0.462870022890696,114.38274713378685,82.72878276756903
0.7404999999999738,55.576778411865234,96.86577606201172,0.45890089397748984,114.59020636262183,83.07757746593846
0.7409999999999738,55.627159118652344,96.93122100830078,0.4560547869748539,115.46369009545919,83.80758259899594
0.7414999999999737,55.67842483520508,96.99667358398438,0.4545803634406868,116.96373824481495,84.8791389332957
0.7419999999999737,55.730857849121094,97.06212615966797,0.45463589180300756,119.05132317843376,86.25722496218377
0.7424999999999736,55.784690856933594,97.12757110595703,0.4563060891588266,121.68812886700249,87.91043552487433
0.7429999999999736,55.840145111083984,97.19302368164062,0.4596158106072385,124.83639722206416,89.81013218841622
0.7434999999999735,55.89741134643555,97.25847625732422,0.46454153328588416,128.45858912319275,91.9296268985939
0.7439999999999735,55.95664978027344,97.32392120361328,0.47102135039341325,132.51700112488368,94.24353298929846
0.7444999999999734,56.01801300048828,97.38937377929688,0.47896386582309264,134.62113024730232,96.72729106446353
0.7449999999999734,56.075565338134766,97.45481872558594,0.48221020105121365,129.44172393393998,92.55841874780315
0.7454999999999733,56.13005065917969,97.52027130126953,0.48291527776802,124.85741779107317,89.2079795303266
0.7459999999999732,56.18220520019531,97.58572387695312,0.48091477733303617,121.07084486423983,86.6746672343439
0.7464999999999732,56.232688903808594,97.65116882324219,0.47694077144153735,118.13815763171796,84.88185284477372
0.7469999999999731,56.282100677490234,97.71662139892578,0.4718845777743508,116.06218239073905,83.74897042499359
0.7474999999999731,56.33095932006836,97.78207397460938,0.4665467923043811,114.81716915027388,83.19990186756146
0.747999999999973,56.37971878051758,97.84751892089844,0.461572347964239,114.3633704863804,83.16632393263859
0.748499999999973,56.42878341674805,97.91297149658203,0.4574513013741131,114.65535850968749,83.58848518852868
0.7489999999999729,56.478511810302734,97.97842407226562,0.45453910317515905,115.646426565706,84.41465740326323
0.7494999999999729,56.52922058105469,98.04386901855469,0.4530793964140881,117.2906326174275,85.60000792128096
0.7499999999999728,56.5811882019043,98.10932159423828,0.4532240992065294,119.54348900415049,87.1053007747174
0.7504999999999727,56.63465881347656,98.17477416992188,0.45504999790962386,122.36192842719689,88.89564139093946
0.7509999999999727,56.68985366821289,98.24021911621094,0.4585725184878851,125.70392857013894,90.93937858648385
0.7514999999999726,56.7469596862793,98.30567169189453,0.4637575412045841,129.52801842553257,93.20715266840767
0.7519999999999726,56.806148529052734,98.3711166381836,0.4705318743506543,132.30841039866897,95.67117542715586
0.7524999999999725,56.86166763305664,98.43656921386719,0.47565657218687424,127.29414087970315,91.59989465366056
0.7529999999999725,56.9141960144043,98.50202178955078,0.47730689788251024,122.73051046181973,88.27929772583666
0.7534999999999724,56.964420318603516,98.56746673583984,0.47559119045436266,118.87728419540628,85.73543757513633
0.7539999999999724,57.01297378540039,98.63291931152344,0.4714518584938647,115.82873512372862,83.91162025828473
0.7544999999999723,57.06044006347656,98.69837188720703,0.4659252883860075,113.61401704914609,82.7408319345813
0.7549999999999722,57.10733413696289,98.7638168334961,0.4599162246658594,112.22552742813735,82.15609984646811
0.7554999999999722,57.154109954833984,98.82926940917969,0.4541483739640403,111.63597412642885,82.09519471578184
0.7559999999999721,57.20117950439453,98.89472198486328,0.44917421666860746,111.80840875299585,82.50235049080727
0.7564999999999721,57.24890899658203,98.96016693115234,0.445400180856714,112.70181043383725,83.32834716807929
0.756999999999972,57.29762268066406,99.02561950683594,0.4431118420399319,114.27394222085559,84.52982273943515
0.757499999999972,57.34761047363281,99.09107208251953,0.44249497584485686,116.48259969812737,86.06828064946534
0.7579999999999719,57.39912796020508,99.1565170288086,0.4436524342086698,119.28596128952766,87.90903507035276
0.7584999999999719,57.45241165161133,99.22196960449219,0.4466180372945883,122.64247776962463,90.02026011721127
0.7589999999999718,57.50766372680664,99.28741455078125,0.4513686827243258,126.51056205659417,92.37213095928719
0.7594999999999718,57.56505584716797,99.35286712646484,0.4578354461577249,130.84822842118638,94.93614647000173
0.7599999999999717,57.6247444152832,99.41831970214844,0.4659139658649542,132.99974377799975,97.6846195624942
0.7604999999999716,57.680423736572266,99.4837646484375,0.4681954010781283,127.37337982832443,93.15745379322807
0.7609999999999716,57.73293685913086,99.5492172241211,0.4681094857924475,122.53335653037239,89.58932542326622
0.7614999999999715,57.78310012817383,99.61466979980469,0.4654766666579684,118.65212099069088,86.95564401037927
0.7619999999999715,57.831642150878906,99.68011474609375,0.46103274678654776,115.75806140706068,85.15707685947217
0.7624999999999714,57.87920379638672,99.74556732177734,0.45568467208091423,113.83206788877806,84.09529288223368
0.7629999999999714,57.92634582519531,99.81101989746094,0.45025162623687165,112.83087381542894,83.6802169540213
0.7634999999999713,57.97355651855469,99.87646484375,0.4453949624722368,112.70049749045349,83.83240804845671
0.7639999999999713,58.02126693725586,99.9419174194336,0.44161569214026297,113.38367782361586,84.48309523385804
0.7644999999999712,58.06985092163086,100.00736236572266,0.4392725722753131,114.82360258744781,85.57305820010322
0.7649999999999711,58.1196403503418,100.07281494140625,0.4386036978829443,116.96544415275258,87.05109000142077
0.7654999999999711,58.17092514038086,100.13826751708984,0.4397463934136873,119.75667213847265,88.87237537144746
0.765999999999971,58.22396469116211,100.2037124633789,0.44275462725226167,123.14674399666156,90.99701396905543
0.766499999999971,58.27897644042969,100.2691650390625,0.4476144704258372,127.08653280095528,93.38871788555528
0.7669999999999709,58.336158752441406,100.3346176147461,0.45425816706609795,131.5276970030609,96.01379263778027
0.7674999999999709,58.39567184448242,100.40006256103516,0.4625770506760957,133.7404416560654,98.84027253067154
0.7679999999999708,58.451255798339844,100.46551513671875,0.4648273827831974,128.15231042745916,94.34681720114223
0.7684999999999708,58.50373840332031,100.53096771240234,0.46474286523277974,123.35066859672138,90.80113964172547
0.7689999999999707,58.553916931152344,100.5964126586914,0.46214540860591474,119.51740165707864,88.18852605181135
0.7694999999999707,58.60251998901367,100.661865234375,0.45777856608716494,116.68640015597518,86.41558781599008
0.7699999999999706,58.65018081665039,100.7273178100586,0.45255886017414687,114.84147330575153,85.38739512434671
0.7704999999999705,58.69746398925781,100.79276275634766,0.4473140131257998,113.94058773671567,85.01564519332543
0.7709999999999705,58.7448616027832,100.85821533203125,0.44271150155880923,113.92988852907574,85.2215966466388
0.7714999999999704,58.79280471801758,100.92366027832031,0.4392552956994968,114.7515051908169,85.93646993269262
0.7719999999999704,58.8416748046875,100.9891128540039,0.4373035793439076,116.34751454141868,87.1005817553776
0.7724999999999703,58.89180374145508,101.0545654296875,0.4370903257073354,118.66162415138935,88.66193729504965
0.7729999999999703,58.943485260009766,101.12001037597656,0.43874552983408127,121.63957787034164,90.57472197938793
0.7734999999999702,58.996978759765625,101.18546295166016,0.44231328514366175,125.22890540385397,92.79787533493787
0.7739999999999702,59.05250930786133,101.25091552734375,0.44776812482992806,129.37838871971735,95.29384637162758
0.7744999999999701,59.11027145385742,101.31636047363281,0.45503005026592264,132.50388640748088,98.02757165052323
0.77499999999997,59.164649963378906,101.3818130493164,0.46042134493292963,127.67220273550468,94.11883191610444
0.77549999999997,59.21623992919922,101.447265625,0.4622290986914971,123.26255587388339,90.90632131937596
0.7759999999999699,59.26569366455078,101.51271057128906,0.4606255184916398,119.57319623489064,88.45219328401663
0.7764999999999699,59.313629150390625,101.57816314697266,0.45662388365893547,116.7221532961622,86.7226455799226
0.7769999999999698,59.36061096191406,101.64361572265625,0.4513237356044935,114.75266239736466,85.6646209677979
0.7774999999999698,59.40715789794922,101.70906066894531,0.4456819590815421,113.66474928089161,85.21921211105742
0.7779999999999697,59.453739166259766,101.7745132446289,0.4404626551604964,113.43441710429492,85.32832834424896
0.7784999999999697,59.500770568847656,101.83995819091797,0.4362464236754137,114.02506662982653,85.93768553906396
0.7789999999999696,59.54863357543945,101.90541076660156,0.4334549667564949,115.3939826707272,86.99777587470739
0.7794999999999696,59.597660064697266,101.97086334228516,0.4323760172788004,117.49577632330697,88.46371102964298
0.7799999999999695,59.64815902709961,102.03630828857422,0.4331848294341651,120.28401423884206,90.29462345210415
0.7804999999999694,59.70039749145508,102.10176086425781,0.43596245281574036,123.71181849717301,92.45282441862635
0.7809999999999694,59.754608154296875,102.1672134399414,0.4407119655353153,127.73192331250699,94.9030002442216
0.7814999999999693,59.81100845336914,102.23265838623047,0.4473735840985302,132.29648142459195,97.61151459117545
0.7819999999999693,59.869773864746094,102.29811096191406,0.4558389723779324,135.14301697789017,100.5457603097473
0.7824999999999692,59.925132751464844,102.36356353759766,0.45990457007695784,130.1864715357151,96.5592705564617
0.7829999999999692,59.977718353271484,102.42900848388672,0.4610239536401753,125.77129664773717,93.32063151859913
0.7834999999999691,60.02820587158203,102.49446105957031,0.45921287189642274,122.16751457026733,90.88338535414952
0.783999999999969,60.07722854614258,102.5599136352539,0.45536652043285947,119.47184118325826,89.2046815451104
0.784499999999969,60.12537384033203,102.62535858154297,0.45050699826255824,117.71123663757128,88.22416281344611
0.784999999999969,60.17317199707031,102.69081115722656,0.4455366565985797,116.87313125899077,87.87698745857415
0.7854999999999689,60.221092224121094,102.75625610351562,0.44117674008502106,116.92360049941068,88.1001796197007
0.7859999999999688,60.269561767578125,102.82170867919922,0.437970106613602,117.81803602139571,88.83539305546827
0.7864999999999688,60.3189582824707,102.88716125488281,0.43630238825515627,119.507081643075,90.0296363241178
0.7869999999999687,60.36962127685547,102.95260620117188,0.43642563241292526,121.93967422528128,91.63499493739077
0.7874999999999687,60.421844482421875,103.01805877685547,0.438479982665754,125.06438311615229,93.6078602048244
0.7879999999999686,60.47589874267578,103.08351135253906,0.4425130308572105,128.82980327091684,95.90805886581688
0.7884999999999686,60.532012939453125,103.14895629882812,0.4484974617579178,133.1844669044219,98.49794322726535
0.7889999999999685,60.59039306640625,103.21440887451172,0.45634743632671637,136.5399486199136,101.34164588143761
0.7894999999999684,60.64570999145508,103.27986145019531,0.46236599191677225,132.05456365058788,97.72203139919829
0.7899999999999684,60.698448181152344,103.34530639648438,0.46466041401994534,127.8595069679006,94.67627437435816
0.7904999999999683,60.749168395996094,103.41075897216797,0.4634731759763832,124.30563253048783,92.312241491506
0.7909999999999683,60.798439025878906,103.47621154785156,0.45986379433722935,121.54827111867112,90.62887522645723
0.7914999999999682,60.846797943115234,103.54165649414062,0.4549618262420157,119.65567446706532,89.59503081296126
0.7919999999999682,60.894744873046875,103.60710906982422,0.4497436605714267,118.64440381693905,89.16627224091307
0.7924999999999681,60.9427375793457,103.67255401611328,0.4449853802947096,118.5011277204009,89.29387591956274
0.7929999999999681,60.991188049316406,103.73800659179688,0.44127361867712533,119.19582077740287,89.92940801081765
0.793499999999968,61.04047775268555,103.80345916748047,0.43903112759752,120.68945953488456,91.02676696587304
0.793999999999968,61.0909423828125,103.86890411376953,0.438542513348853,122.93828665858354,92.54275783717729
0.7944999999999679,61.142887115478516,103.93435668945312,0.4399765955617226,125.89599950502233,94.43697388886349
0.7949999999999678,61.19658660888672,103.99980926513672,0.4434056626965657,129.51473225879633,96.67132132160117
0.7954999999999678,61.25228500366211,104.06525421142578,0.44882273765233405,133.7453763419423,99.20943724903874
0.7959999999999677,61.31018829345703,104.13070678710938,0.45615765349044063,138.53757173798982,102.0161099945544
0.7964999999999677,61.370487213134766,104.19615936279297,0.4652921470172229,141.30087035830294,105.0568232302422
0.7969999999999676,61.42741775512695,104.26160430908203,0.46900770318733837,136.27187931554062,101.02017168146399
0.7974999999999676,61.481590270996094,104.32705688476562,0.46993948161181665,131.78940780163887,97.72259110422712
0.7979999999999675,61.533668518066406,104.39250946044922,0.4680979736300653,128.13684714818788,95.23209398620153
0.7984999999999675,61.584285736083984,104.45795440673828,0.46435487076591253,125.4183789621679,93.51350592952188
0.7989999999999674,61.6340217590332,104.52340698242188,0.459710318975949,123.66452205388899,92.51040604249407
0.7994999999999673,61.68341064453125,104.58885192871094,0.45504750323876153,122.86374329670619,92.1595457669242
0.7999999999999673,61.732933044433594,104.65430450439453,0.4510702977040173,122.98150922279177,92.39805092419238
0.8004999999999672,61.78301239013672,104.71975708007812,0.44830498116121104,123.97150525507661,93.16668882517872
0.8009999999999672,61.83403015136719,104.78520202636719,0.44712089181861775,125.78191060014288,94.41095971449548
0.8014999999999671,61.88633346557617,104.85065460205078,0.44775408022280827,128.3586471156274,96.08101795384627
0.8019999999999671,61.94021987915039,104.91610717773438,0.4503293710988101,131.6468466162882,98.13101402365382
0.802499999999967,61.99595642089844,104.98155212402344,0.45488025882077754,135.591324422298,100.51829521418027
0.802999999999967,62.053775787353516,105.04700469970703,0.46136705826014224,140.13654472490092,103.20256768342254
0.8034999999999669,62.1138801574707,105.11245727539062,0.4696936145210939,143.19820220571575,106.14516025084511
0.8039999999999669,62.17067337036133,105.17790222167969,0.4745647054189532,138.21239245935598,102.12731148419968
0.8044999999999668,62.224708557128906,105.24335479736328,0.47604366086094335,133.65068554689023,98.78883081258199
0.8049999999999667,62.276615142822266,105.30880737304688,0.4743247984829041,129.8429061167724,96.22163983547148
0.8054999999999667,62.32699966430664,105.37425231933594,0.4704069858657619,126.9250217083623,94.40792953220598
0.8059999999999666,62.376434326171875,105.43970489501953,0.4653724502025835,124.94956762971128,93.30306731992904
0.8064999999999666,62.425445556640625,105.5051498413086,0.4601615745252802,123.92023770777686,92.85173347975207
0.8069999999999665,62.47451400756836,105.57060241699219,0.4555219433780063,123.81298927299854,92.99633306450417
0.8074999999999665,62.52406692504883,105.63605499267578,0.45201617410813727,124.58867631414138,93.68107220335419
0.8079999999999664,62.57448959350586,105.70149993896484,0.4500455796384052,126.20029619788865,94.85359749992833
0.8084999999999664,62.626136779785156,105.76695251464844,0.4498749536890964,128.59690580516127,96.46529897032983
0.8089999999999663,62.679317474365234,105.83240509033203,0.45165466956813866,131.72554711367505,98.47090838143427
0.8094999999999662,62.73430252075195,105.8978500366211,0.4554400881521277,135.53203622378234,100.82785664295214
0.8099999999999662,62.79133605957031,105.96330261230469,0.46120913358106885,139.96114710340527,103.49557975204496
0.8104999999999661,62.850624084472656,106.02875518798828,0.4688786388530999,143.32245744111455,106.43484192205074
0.8109999999999661,62.906612396240234,106.09420013427734,0.47452992532878385,138.30327373952971,102.37911925909741
0.811499999999966,62.95983123779297,106.15965270996094,0.4763089938341581,133.64923800012497,98.98348804439732
0.811999999999966,63.01089859008789,106.22510528564453,0.47456518216719756,129.72015002639088,96.35338874950135
0.8124999999999659,63.0604133605957,106.2905502319336,0.47040691976594107,126.6711427034358,94.47989583363254
0.8129999999999659,63.10895538330078,106.35600280761719,0.4649897423949668,124.56763542763534,93.32408467408524
0.8134999999999658,63.157047271728516,106.42144775390625,0.4593066447395369,123.42187220916492,92.8341565410533
0.8139999999999658,63.205177307128906,106.48690032958984,0.4541457848643978,123.21534676955328,92.95457343206988
0.8144999999999657,63.253780364990234,106.55235290527344,0.4501027871767773,123.9123345392991,93.63057720021708
0.8149999999999656,63.30325698852539,106.6177978515625,0.4476064506299075,125.46775075859053,94.81014710194108
0.8154999999999656,63.35395812988281,106.6832504272461,0.4469442115825905,127.83148264950623,96.44446771036952
0.8159999999999655,63.40620422363281,106.74870300292969,0.44828424719115323,130.95059895369064,98.48771575850651
0.8164999999999655,63.46028137207031,106.81414794921875,0.45169470592927513,134.7703341306357,100.89649425941262
0.8169999999999654,63.51643753051758,106.87960052490234,0.457161253195953,139.23440800802837,103.62917839085192
0.8174999999999654,63.57488250732422,106.94505310058594,0.4646037018708518,144.2850221212597,106.64530106750514
0.8179999999999653,63.63581085205078,107.010498046875,0.4738918365210125,146.72055103878677,109.90506942641662
0.8184999999999653,63.692848205566406,107.0759506225586,0.4757828723261136,140.696117733174,105.06001993909538
0.8189999999999652,63.74679946899414,107.14140319824219,0.4752628946985414,135.527776585687,101.21041121640839
0.8194999999999651,63.798458099365234,107.20684814453125,0.47231209704666893,131.44247807477305,98.37557869319609
0.8199999999999651,63.84856414794922,107.27230072021484,0.46775566297225113,128.4946358800059,96.47534688679968
0.820499999999965,63.89778518676758,107.3377456665039,0.4625601588654306,126.6759904016101,95.41873401959927
0.820999999999965,63.94670486450195,107.4031982421875,0.45758538780069685,125.94441807024172,95.11572319862856
0.8214999999999649,63.995853424072266,107.4686508178711,0.45351700951148205,126.24079042950665,95.48245789496515
0.8219999999999649,64.04569244384766,107.53409576416016,0.4508639566853395,127.49853247131722,96.44293032113654
0.8224999999999648,64.09662628173828,107.59954833984375,0.44997615014489456,129.64865395268134,97.92889901087803
0.8229999999999648,64.14901733398438,107.66500091552734,0.4510666411751734,132.62207878805762,99.87895632417526
0.8234999999999647,64.20317077636719,107.7304458618164,0.4542334642883069,136.35044257667488,102.23723687186492
0.8239999999999646,64.25936889648438,107.7958984375,0.4594803490724524,140.7660874693351,104.95218484274291
0.8244999999999646,64.31783294677734,107.8613510131836,0.46673632122710307,144.1779417112611,107.97533546580691
0.8249999999999645,64.37281799316406,107.92679595947266,0.47206670846141513,138.75171874310473,103.58705844650586
0.8254999999999645,64.42491149902344,107.99224853515625,0.4734090766995127,133.78879439402183,99.95116900062801
0.8259999999999644,64.47478485107422,108.05770111083984,0.471175973603827,129.64584790898468,97.16409439635588
0.8264999999999644,64.52307891845703,108.1231460571289,0.46652515438320136,126.47029320660548,95.2056981899344
0.8269999999999643,64.57040405273438,108.1885986328125,0.4606516042560886,124.31991075712159,94.02740101789698
0.8274999999999643,64.61731719970703,108.25404357910156,0.4545809907860505,123.19962749955067,93.56913636168366
0.8279999999999642,64.6643295288086,108.31949615478516,0.44912837503495945,123.08398018737681,93.76820560410455
0.8284999999999642,64.71189880371094,108.38494873046875,0.4449102994587034,123.93059842539067,94.56356638966403
0.8289999999999641,64.76043701171875,108.45039367675781,0.4423697328789732,125.68797819651283,95.89755477562947
0.829499999999964,64.8103256225586,108.5158462524414,0.44180077346111274,128.29972327198064,97.71621742324264
0.829999999999964,64.86188507080078,108.581298828125,0.44337043548611976,131.7066735073189,99.96888130261891
0.8304999999999639,64.91541290283203,108.64674377441406,0.44713827535056094,135.84782467793235,102.60754036965116
0.8309999999999639,64.97115325927734,108.71219635009766,0.4530750845565517,140.66060310098922,105.58608078636497
0.8314999999999638,65.02934265136719,108.77764892578125,0.4610812359857162,144.00094679182584,108.85968504149311
0.8319999999999638,65.083984375,108.84309387207031,0.46542532567587286,138.4045052939133,104.34333347893164
0.8324999999999637,65.13573455810547,108.9085464477539,0.4661870434607248,133.4114314669979,100.66080874657439
0.8329999999999637,65.185302734375,108.97399139404297,0.4636925054918,129.3486046108321,97.89345038630368
0.8334999999999636,65.23336029052734,109.03944396972656,0.45904075700143615,126.33934410543989,96.00668336271909
0.8339999999999635,65.28055572509766,109.10489654541016,0.45339320696127405,124.42290041086056,94.9406754045065
0.8344999999999635,65.32744598388672,109.17034149169922,0.44775407228819897,123.58971643268124,94.62642692297375
0.8349999999999634,65.37456512451172,109.23579406738281,0.4429209588567292,123.80275808857357,94.99408773013627
0.8354999999999634,65.42237854003906,109.3012466430664,0.4394919696019311,125.01016594552395,95.97671765884094
0.8359999999999633,65.47130584716797,109.36669158935547,0.4378879045416537,127.15242357411896,97.51168023729865
0.8364999999999633,65.521728515625,109.43214416503906,0.43837604791602264,130.1661626452865,99.54070584888507
0.8369999999999632,65.57395935058594,109.49759674072266,0.4410925726132078,133.9859804140079,102.00927298826082
0.8374999999999632,65.62830352783203,109.56304168701172,0.446063906808603,138.54514168690582,104.8658963343359
0.8379999999999631,65.68501281738281,109.62849426269531,0.45322772996403826,143.77570419608756,108.06123577624822
0.838499999999963,65.7442855834961,109.6939468383789,0.4624535858817189,146.70458742457976,111.54735991518689
0.838999999999963,65.79986572265625,109.75939178466797,0.465015899240807,140.78208466453822,106.77665335519038
0.8394999999999629,65.85248565673828,109.82484436035156,0.4648059833903432,135.67575944074696,102.96733156548699
0.8399999999999629,65.90291595458984,109.89028930664062,0.46194721258584903,131.65806689973468,100.17133562457327
0.8404999999999628,65.95189666748047,109.95574188232422,0.45738782832345926,128.81080866584873,98.32841235760726
0.8409999999999628,66.00007629394531,110.02119445800781,0.45218971611529124,127.14212221030652,97.35922977149396
0.8414999999999627,66.0480728149414,110.08663940429688,0.447285645991741,126.61883959492714,97.18000984967897
0.8419999999999627,66.0964126586914,110.15209197998047,0.44341542119584987,127.18570040650093,97.70939953113758
0.8424999999999626,66.14556884765625,110.21754455566406,0.44112488630597124,128.77647110608726,98.87142915207431
0.8429999999999626,66.19596862792969,110.28298950195312,0.4407843629499798,131.3200103636741,100.59620591225908
0.8434999999999625,66.24797821044922,110.34844207763672,0.44261166786624806,134.743285087649,102.81944943249162
0.8439999999999624,66.30194091796875,110.41389465332031,0.44669565431645686,138.97262791172895,105.48162213804731
0.8444999999999624,66.35811614990234,110.47933959960938,0.4530195992951492,143.9340459333643,108.52677552832697
0.8449999999999623,66.41676330566406,110.54479217529297,0.4614841992999787,147.31684469893435,111.9016803878444
0.8454999999999623,66.47198486328125,110.61024475097656,0.46578786704201525,141.78286754142104,107.44134298588983
0.8459999999999622,66.52438354492188,110.67568969726562,0.4665756992176843,136.83250153751496,103.78217491379479
0.8464999999999622,66.57465362548828,110.74114227294922,0.4641786822827936,132.81605493718698,101.02815865089175
0.8469999999999621,66.62345886230469,110.80658721923828,0.459702012965083,129.87162704724554,99.15891314651135
0.8474999999999621,66.67143249511719,110.87203979492188,0.45431439554194886,128.0470299861431,98.12302865026973
0.847999999999962,66.71915435791016,110.93749237060547,0.4490257330973699,127.337078302262,97.8561567882422
0.848499999999962,66.76714324951172,111.00293731689453,0.4446358606674556,127.70626052189347,98.2904856489046
0.8489999999999619,66.81587982177734,111.06838989257812,0.4417405073947657,129.10227087157037,99.35943205174563
0.8494999999999618,66.86577606201172,111.13384246826172,0.44075305253202035,131.46375378411108,100.9994999964665
0.8499999999999618,66.91722869873047,111.19928741455078,0.4419286146179296,134.72448695916185,103.15076737793835
0.8504999999999617,66.97055053710938,111.26473999023438,0.4453874514095138,138.81544932576878,105.75644381232091
0.8509999999999617,67.02605438232422,111.33019256591797,0.4511378086137859,143.66569288951914,108.7623508259774
0.8514999999999616,67.083984375,111.39563751220703,0.45909856252221926,147.48818088285353,112.1161003486454
0.8519999999999616,67.13872528076172,111.46109008789062,0.4648170312536465,142.3043037257566,107.93844078682775
0.8524999999999615,67.1907958984375,111.52654266357422,0.46641020910826536,137.5161135485099,104.42811140177868
0.8529999999999615,67.24079895019531,111.59198760986328,0.4643931159919971,133.53845175389367,101.73347448857902
0.8534999999999614,67.28935241699219,111.65744018554688,0.46000508413210406,130.55585939972138,99.86788828298415
0.8539999999999613,67.33706665039062,111.72288513183594,0.45450490605343263,128.64878770183998,98.80348782127852
0.8544999999999613,67.3844985961914,111.78833770751953,0.44896680095322344,127.83496129492313,98.49226906408418
0.8549999999999612,67.4321517944336,111.85379028320312,0.4442398879412775,128.09490806042157,98.87770978176971
0.8554999999999612,67.48051452636719,111.91923522949219,0.44095991389129113,129.38748663839561,99.90097209997437
0.8559999999999611,67.5300064086914,111.98468780517578,0.4395737339691902,131.6590223193189,101.5037652641532
0.8564999999999611,67.58101654052734,112.05014038085938,0.4403643412081578,134.84845923588,103.62953136277592
0.856999999999961,67.63387298583984,112.11558532714844,0.44347430990833064,138.8901034049285,106.22356424964607
0.857499999999961,67.68888854980469,112.18103790283203,0.4489284477773406,143.71496560771018,109.23278305082493
0.8579999999999609,67.74632263183594,112.24649047851562,0.45665643929896477,149.2513368478618,112.6052051537821
0.8584999999999608,67.80638885498047,112.31193542480469,0.46651533611848706,152.32656124439148,116.2894731104629
0.8589999999999608,67.8628921508789,112.37738800048828,0.4691353680891011,146.42694644432407,111.54041243051884
0.8594999999999607,67.91650390625,112.44284057617188,0.46897924403196306,141.32018864883338,107.71963555580842
0.8599999999999607,67.9679946899414,112.50828552246094,0.46622379862552266,137.3120098314293,104.9085289680822
0.8604999999999606,68.01805877685547,112.57373809814453,0.46184491747765377,134.50422377423095,103.06420129749434
0.8609999999999606,68.06737518310547,112.6391830444336,0.4569209086144561,132.9162792863561,102.11731010934581
0.8614999999999605,68.11653900146484,112.70463562011719,0.45239338169363336,132.52045237293882,101.98903045417438
0.8619999999999605,68.16609954833984,112.77008819580078,0.4490042978655077,133.26292325939812,102.59972610145965
0.8624999999999604,68.2165298461914,112.83553314208984,0.4472951710578886,135.076118792386,103.87288051224094
0.8629999999999604,68.26826477050781,112.90098571777344,0.44762589553211934,137.88557996853223,105.73653567501167
0.8634999999999603,68.3216781616211,112.96643829345703,0.4501987124889807,141.61350687398425,108.12327201577975
0.8639999999999602,68.37711334228516,113.0318832397461,0.45508325385007464,146.18037008180153,110.96962785342707
0.8644999999999602,68.43484497070312,113.09733581542969,0.4622417394598055,151.50546325160545,114.21518186686197
0.8649999999999601,68.4951171875,113.16278839111328,0.47155374256289423,154.65340831701505,117.8017509052621
0.8654999999999601,68.55179595947266,113.22823333740234,0.47466979255303043,148.6659401224283,112.97718458246638
0.86599999999996,68.60555267333984,113.29368591308594,0.4746858364300718,143.41393476849404,109.05899804468126
0.86649999999996,68.65711975097656,113.35913848876953,0.4718754544478573,139.2306771397609,106.14240890621865
0.8669999999999599,68.70720672607422,113.4245834350586,0.4672807997367339,136.23621048280955,104.19386245904376
0.8674999999999599,68.75648498535156,113.49003601074219,0.46202356721371385,134.46219128935084,103.14991407520439
0.8679999999999598,68.8055419921875,113.55548095703125,0.4570768908279674,133.8889482716982,102.9353452912838
0.8684999999999597,68.85494232177734,113.62093353271484,0.45320832513796094,134.46782579011946,103.47260561074202
0.8689999999999597,68.90515899658203,113.68638610839844,0.450981965287088,136.13438526729314,104.68617313858711
0.8694999999999596,68.95663452148438,113.7518310546875,0.45077837361865125,138.8158547017344,106.5043490871472
0.8699999999999596,69.00975799560547,113.8172836303711,0.45281854736641824,142.43506842644751,108.85945108590752
0.8704999999999595,69.06485748291016,113.88273620605469,0.45718840332908506,146.91234779534588,111.6873140962728
0.8709999999999595,69.12223052978516,113.94818115234375,0.46386329718761493,152.16623958509697,114.9265766453254
0.8714999999999594,69.18212890625,114.01363372802734,0.4727323156561528,155.44138016066344,118.5178620283436
0.8719999999999594,69.23837280273438,114.07908630371094,0.47610356680192967,149.29792477861014,113.56240837639852
0.8724999999999593,69.29164123535156,114.14453125,0.47611450989609677,143.88729059833065,109.53083653529009
0.8729999999999593,69.3426742553711,114.2099838256836,0.47313004356989163,139.5563899175237,106.52205710218728
0.8734999999999592,69.39220428466797,114.27543640136719,0.4682548478106517,136.4324588224019,104.50346607850179
0.8739999999999591,69.44087982177734,114.34088134765625,0.46265298842033514,134.55132600205607,103.41146016721032
0.8744999999999591,69.48933410644531,114.40633392333984,0.45732900650187985,133.89544761224153,103.17012628796591
0.874999999999959,69.53811645507812,114.4717788696289,0.4530754780053527,134.4168840903155,103.70072381136718
0.875499999999959,69.58772277832031,114.5372314453125,0.45047709559562693,136.0509179633099,104.92633392829875
0.8759999999999589,69.63859558105469,114.6026840209961,0.4499311415566042,138.72377755877034,106.77364384761532
0.8764999999999589,69.69113159179688,114.66812896728516,0.4516713420071922,142.35675880285734,109.17323292009877
0.8769999999999588,69.74566650390625,114.73358154296875,0.45579210069127546,146.86822908464472,112.05909052476349
0.8774999999999588,69.80250549316406,114.79903411865234,0.462272970784209,152.1744519451581,115.36792028527411
0.8779999999999587,69.86190032958984,114.8644790649414,0.4710032573283584,155.49951525700564,119.03832233040035
0.8784999999999586,69.91755676269531,114.929931640625,0.4741647817120583,149.14969594787067,113.91196292076872
0.8789999999999586,69.97018432617188,114.9953842163086,0.47393134640670903,143.59673732666386,109.76615580748485
0.8794999999999585,70.02056121826172,115.06082916259766,0.47069868493118244,139.18221663605237,106.6928064907495
0.8799999999999585,70.06941986083984,115.12628173828125,0.46559468968170387,136.02645253844514,104.65150288878222
0.8804999999999584,70.11746215820312,115.19173431396484,0.45980215455033446,134.15909916761922,103.57221403827353
0.8809999999999584,70.1653060913086,115.2571792602539,0.454340937512873,133.55706920564833,103.37352897511838
0.8814999999999583,70.21351623535156,115.3226318359375,0.45001546549440763,134.16737036974945,103.97204409539248
0.8819999999999583,70.26261901855469,115.38807678222656,0.44741825157122045,135.92059242665178,105.28678803138544
0.8824999999999582,70.31304168701172,115.45352935791016,0.4469497685975294,138.73851948689108,107.2407563224122
0.8829999999999582,70.36520385742188,115.51898193359375,0.44884203733897116,142.53816318378202,109.76120031113672
0.8834999999999581,70.41944885253906,115.58442687988281,0.45318314459806763,147.23370063612626,112.778975290404
0.883999999999958,70.47606658935547,115.6498794555664,0.4599425670255726,152.73725407868565,116.22776464087818
0.884499999999958,70.53531646728516,115.71533203125,0.4689970215690512,155.97937520137302,120.04329018433874
0.8849999999999579,70.59072875976562,115.78077697753906,0.4714168118325005,149.3834020954634,114.71395196037443
0.8854999999999579,70.64305114746094,115.84622955322266,0.47069816335498077,143.71174350323588,110.45583301817831
0.8859999999999578,70.69312286376953,115.91168212890625,0.46718907375817836,139.28070016204347,107.3436555584911
0.8864999999999578,70.74170684814453,115.97712707519531,0.46198406433248945,136.18922433112283,105.32099134231153
0.8869999999999577,70.78952026367188,116.0425796508789,0.4562468773983812,134.45023485222828,104.30527663549924
0.8874999999999577,70.83721160888672,116.1080322265625,0.4509847310211288,134.02730630712193,104.20521172224394
0.8879999999999576,70.88536071777344,116.17347717285156,0.44699054643010516,134.85656954286512,104.92940994976075
0.8884999999999575,70.93448638916016,116.23892974853516,0.4448432259461508,136.8595053569147,106.39029078851485
0.8889999999999575,70.98504638671875,116.30437469482422,0.4449259650769753,139.95004898977618,108.50531864207036
0.8894999999999574,71.03743743896484,116.36982727050781,0.4474497423018888,144.03825644674401,111.1968714103356
0.8899999999999574,71.0920181274414,116.4352798461914,0.4524789038036158,149.0319821226841,114.39152208660786
0.8904999999999573,71.14907836914062,116.50072479248047,0.4599582520337734,153.0724913988256,118.01903757427914
0.8909999999999573,71.20271301269531,116.56617736816406,0.46519111133828084,147.14566903087606,113.23687561126921
0.8914999999999572,71.25349426269531,116.63162994384766,0.466018074839497,141.76638118567018,109.26425166504785
0.8919999999999572,71.3021240234375,116.69707489013672,0.4631336349136687,137.37534702554143,106.25869804325764
0.8924999999999571,71.3492660522461,116.76252746582031,0.4579029026296849,134.16245386019082,104.22855899240263
0.892999999999957,71.3956069946289,116.8279800415039,0.4516798050366257,132.2054951644789,103.13725884372303
0.893499999999957,71.44174194335938,116.89342498779297,0.4456139968629186,131.51445229559081,102.92604277607121
0.8939999999999569,71.48825073242188,116.95887756347656,0.4406131546516594,132.0587614208497,103.52664122586093
0.8944999999999569,71.53564453125,117.02433013916016,0.43735369988995165,133.78387699148215,104.8678205601074
0.8949999999999568,71.58438873291016,117.08977508544922,0.43630314815665305,136.62101794772312,106.8785841533719
0.8954999999999568,71.63490295410156,117.15522766113281,0.43774381142921465,140.49268137672328,109.4893954470411
0.8959999999999567,71.68754577636719,117.22067260742188,0.4417969632321641,145.31560991492103,112.63235017979503
0.8964999999999567,71.74264526367188,117.28612518310547,0.4484486379519959,151.00229095004295,116.24093503363129
0.8969999999999566,71.80046844482422,117.35157775878906,0.45757732871782836,154.806022101422,120.24952096492501
0.8974999999999566,71.85478210449219,117.41702270507812,0.4611054130625644,148.6885832353007,115.313395362202
0.8979999999999565,71.90626525878906,117.48247528076172,0.4610988127517403,143.34715214795224,111.31592864340594
0.8984999999999564,71.95565032958984,117.54792785644531,0.4580462287401636,139.16298003532896,108.38441723945479
0.8989999999999564,72.00366973876953,117.61337280273438,0.45316180952854274,136.28020242463305,106.50038172792598
0.8994999999999563,72.051025390625,117.67882537841797,0.44769967669312977,134.7420446142116,105.60669529309182
0.8999999999999563,72.09834289550781,117.74427795410156,0.44273478705751235,134.53195488312602,105.62873607560378
0.9004999999999562,72.14620208740234,117.80972290039062,0.4391093594113444,135.59858721994104,106.48571176406952
0.9009999999999562,72.19512176513672,117.87517547607422,0.4374351257307936,137.8707239529106,108.09633466886187
0.9014999999999561,72.24556732177734,117.94062042236328,0.43811269018629084,141.2658511690436,110.38132617662029
0.9019999999999561,72.2979507446289,118.00607299804688,0.44135630393296044,145.694843782131,113.264154202637
0.902499999999956,72.35262298583984,118.07152557373047,0.4472216255152889,151.064352707807,116.67087048970043
0.902999999999956,72.40989685058594,118.13697052001953,0.4556359055294215,155.29271261674742,120.52961497427363
0.9034999999999559,72.46400451660156,118.20242309570312,0.4609825739774703,149.70794385127488,116.03491560227936
0.9039999999999558,72.51544952392578,118.26787567138672,0.46206245834497933,144.61416779448422,112.26664619294759
0.9044999999999558,72.56488037109375,118.33332061767578,0.4595615329314703,140.48463039981092,109.41854900789403
0.9049999999999557,72.61295318603516,118.39877319335938,0.4548455976517127,137.53164488173562,107.52386642005341
0.9054999999999557,72.66030883789062,118.46422576904297,0.4492734757737121,135.84696399228878,106.56198571611522
0.9059999999999556,72.70756530761719,118.52967071533203,0.4439973886380445,135.44863973043383,106.48409878530275
0.9064999999999556,72.75527954101562,118.59512329101562,0.43992143539207157,136.31005415580327,107.22758405696135
0.9069999999999555,72.80397033691406,118.66057586669922,0.43771030133683214,138.37768080366644,108.72395022734707
0.9074999999999555,72.8541030883789,118.72602081298828,0.4378112924934522,141.58164601721248,110.90285467059475
0.9079999999999554,72.90608978271484,118.79147338867188,0.4404794147654174,145.84180075342618,113.69392215412095
0.9084999999999553,72.96029663085938,118.85691833496094,0.44580428517116,151.07107514604317,117.02736209689262
0.9089999999999553,73.01705169677734,118.92237091064453,0.4537393420857545,157.17725232042932,120.83397986924626
0.9094999999999552,73.07661437988281,118.98782348632812,0.4641327543080888,160.8318046853586,125.0448710912263
0.9099999999999552,73.13272857666016,119.05326843261719,0.4669494826318035,154.70916020741046,120.10646790286877
0.9104999999999551,73.1860580444336,119.11872100830078,0.46670470004882164,149.41529695171408,116.11364207801009
0.9109999999999551,73.23733520507812,119.18417358398438,0.4637893160426681,145.32912161324376,113.20331453266509
0.911499999999955,73.28730773925781,119.24961853027344,0.45933300151432854,142.59097098947788,111.36052265994194
0.911999999999955,73.33665466308594,119.31507110595703,0.45452702279243645,141.23904043830817,110.5286732631125
0.9124999999999549,73.38601684570312,119.38052368164062,0.4503945262069971,141.251040643666,110.63190599196795
0.9129999999999548,73.43597412109375,119.44596862792969,0.4477302550793802,142.56946930810358,111.5870090662688
0.9134999999999548,73.48704528808594,119.51142120361328,0.4470998396133526,145.11668295990583,113.30952978946333
0.9139999999999547,73.53970336914062,119.57687377929688,0.44885906423125765,148.80354472317197,115.71654383992717
0.9144999999999547,73.5943374633789,119.64231872558594,0.4531803491760373,153.53414382190678,118.7274883853473
0.9149999999999546,73.65131378173828,119.70777130126953,0.46008284405301497,159.2082026137577,122.26420517858678
0.9154999999999546,73.71092224121094,119.7732162475586,0.4694645307179446,163.05648839051634,126.25039074186907
0.9159999999999545,73.76715850830078,119.83866882324219,0.47350874655755926,157.02023430544233,121.38525784604124
0.9164999999999545,73.82060241699219,119.90412139892578,0.47383685851147933,151.63067257179043,117.3563286765424
0.9169999999999544,73.87195587158203,119.96956634521484,0.47101542586073525,147.3308107302304,114.339317899112
0.9174999999999544,73.9218978881836,120.03501892089844,0.46630019295172465,144.3070462839127,112.34872884206877
0.9179999999999543,73.97111511230469,120.10047149658203,0.4609670572479431,142.63015911768088,111.34862189087994
0.9184999999999542,74.02023315429688,120.1659164428711,0.4561025807068934,142.30093696331505,111.27748113547469
0.9189999999999542,74.06982421875,120.23136901855469,0.45255515915908456,143.27822251027766,112.06203590990081
0.9194999999999541,74.12041473388672,120.29682159423828,0.45093992164390906,145.49591748761205,113.6246678284749
0.9199999999999541,74.17247009277344,120.36226654052734,0.45165971538016614,148.8729732748803,115.88702245402645
0.920499999999954,74.2264175415039,120.42771911621094,0.4549308277549369,153.31904304189507,118.77155312571665
0.920999999999954,74.28260040283203,120.49317169189453,0.4608111220542107,158.73753727814486,122.20182406720609
0.9214999999999539,74.34134674072266,120.5586166381836,0.4692301314227994,162.9286146777932,126.10245283178556
0.9219999999999539,74.39678955078125,120.62406921386719,0.4743899031587228,156.9637183682555,121.29859039051726
0.9224999999999538,74.449462890625,120.68951416015625,0.4751813872823892,151.5080222326851,117.25320188249677
0.9229999999999537,74.50000762939453,120.75496673583984,0.4723668260813154,147.05833592078145,114.17296198238513
0.9234999999999537,74.54910278320312,120.82041931152344,0.4673413623289436,143.838622792731,112.09546643790662
0.9239999999999536,74.59741973876953,120.8858642578125,0.4614756447601878,141.94604113076556,111.00076172290937
0.9244999999999536,74.64557647705078,120.9513168334961,0.45592706029192304,141.3998324156513,110.83831807175976
0.9249999999999535,74.69414520263672,121.01676940917969,0.4516021350455103,142.17164811450925,111.54230326247648
0.9254999999999535,74.74366760253906,121.08221435546875,0.44916664052745087,144.204145604073,113.04001340629011
0.9259999999999534,74.79462432861328,121.14766693115234,0.44906807812398875,147.42208982638869,115.25616911572824
0.9264999999999534,74.84742736816406,121.21311950683594,0.451560824735338,151.73878169395118,118.1149047451026
0.9269999999999533,74.90245056152344,121.278564453125,0.4567329437108356,157.0596577801772,121.5405362149935
0.9274999999999533,74.96002960205078,121.3440170288086,0.4645352426143628,163.28424441528387,125.45764200573974
0.9279999999999532,75.02042388916016,121.40946960449219,0.4748120659988849,166.72805728119528,129.79080827035006
0.9284999999999531,75.07699584960938,121.47491455078125,0.476546027487246,159.77209021651692,124.16270044360922
0.9289999999999531,75.13052368164062,121.54036712646484,0.47534457275961167,153.8652573421075,119.67785541426646
0.929499999999953,75.18184661865234,121.6058120727539,0.4716251712934274,149.35603743817254,116.44194688379427
0.929999999999953,75.23175811767578,121.6712646484375,0.4665135773896257,146.35394519683024,114.40850361695085
0.9304999999999529,75.28101348876953,121.7367172241211,0.4611938294657125,144.87132392823963,113.495517764957
0.9309999999999529,75.33028411865234,121.80216217041016,0.45668227627627345,144.8638442031169,113.60628643098846
0.9314999999999528,75.38019561767578,121.86761474609375,0.4537664628330421,146.25478051366824,114.64024498097805
0.9319999999999528,75.43128204345703,121.93306732177734,0.45300276107395615,148.9492933439591,116.49808896940299
0.9324999999999527,75.48402404785156,121.9985122680664,0.4547344280841945,152.84247132661596,119.0838756546634
0.9329999999999526,75.53883361816406,122.06396484375,0.4591177545586073,157.82360330124862,122.30537056460544
0.9334999999999526,75.59607696533203,122.1294174194336,0.46615269998710196,163.7782699654019,126.07365313086612
0.9339999999999525,75.65603637695312,122.19486236572266,0.47571614331745926,167.23879724827955,130.30232418301804
0.9344999999999525,75.71209716796875,122.26031494140625,0.4776489626515722,160.06157836242835,124.49091606102962
0.9349999999999524,75.7650375366211,122.32576751708984,0.4763816813159904,153.93487320213052,119.84766662198481
0.9354999999999524,75.8156967163086,122.3912124633789,0.47240824448260954,149.22169581753903,116.4813243622113
0.9359999999999523,75.86489868164062,122.4566650390625,0.4669159076553638,146.03939405243128,114.34601321975646
0.9364999999999523,75.91339111328125,122.52210998535156,0.4611352203378407,144.40476924749245,113.35915723214913
0.9369999999999522,75.96188354492188,122.58756256103516,0.4561203646059064,144.27565883101477,113.42288562951282
0.9374999999999521,76.010986328125,122.65301513671875,0.45269119168122085,145.5759196346242,114.43496941813066
0.9379999999999521,76.06126403808594,122.71846008300781,0.45143178973142406,148.21017475912933,116.29423840679458
0.938499999999952,76.11319732666016,122.7839126586914,0.45270819045634647,152.0721621587695,118.90265083560509
0.938999999999952,76.1672134399414,122.849365234375,0.45669370470803744,157.0492109965338,122.16575650456555
0.9394999999999519,76.22367095947266,122.91481018066406,0.4633989667160499,163.02447295579725,125.99227045995913
0.9399999999999519,76.28289031982422,122.98026275634766,0.47270522993752917,166.5989269121403,130.29341205183763
0.9404999999999518,76.33815002441406,123.04571533203125,0.47460133947795985,159.27088343847973,124.35518791790419
0.9409999999999518,76.3902587890625,123.11116027832031,0.4731875154842288,153.0381213709238,119.6286938678002
0.9414999999999517,76.44007873535156,123.1766128540039,0.4690096370570259,148.26517717584835,116.2201628957656
0.9419999999999517,76.48844909667969,123.2420654296875,0.463296541091623,145.06739560690983,114.07945982120295
0.9424999999999516,76.53614807128906,123.30751037597656,0.45731146471586825,143.45877354320865,113.11995134425862
0.9429999999999515,76.58387756347656,123.37296295166016,0.45213466120768186,143.3938495041621,113.2398651270018
0.9434999999999515,76.63226318359375,123.43840789794922,0.44860596684831194,144.7928519361378,114.33329572902834
0.9439999999999514,76.681884765625,123.50386047363281,0.44732294376933035,147.55653761375336,116.29554826894689
0.9444999999999514,76.73323059082031,123.5693130493164,0.4486580208057901,151.5745915013538,119.02515768448073
0.9449999999999513,76.78672790527344,123.63475799560547,0.4527837712606091,156.73013449366076,122.42431660327883
0.9454999999999513,76.8427505493164,123.70021057128906,0.4597037375746201,162.90197837332494,126.39846008271853
0.9459999999999512,76.901611328125,123.76566314697266,0.46928728330294645,166.49078784577137,130.85552828655912
0.9464999999999512,76.95646667480469,123.83110809326172,0.47069593402863547,159.02026043633376,124.79365998793394
0.9469999999999511,77.0081558227539,123.89656066894531,0.46897422958317403,152.74589295285384,120.01413305811666
0.947499999999951,77.05758666992188,123.9620132446289,0.46464390735129213,148.0150855868237,116.61190166423434
0.947999999999951,77.1056137084961,124.02745819091797,0.45892002856166836,144.92769792771307,114.52541598545167
0.9484999999999509,77.15303802490234,124.09291076660156,0.4530603406477214,143.48498189418297,113.65866477595168
0.9489999999999509,77.2005615234375,124.15836334228516,0.448141253459744,143.63076712343164,113.90201616657124
0.9494999999999508,77.24884796142578,124.22380828857422,0.4449959780054336,145.2760580882525,115.14292310183087
0.9499999999999508,77.29845428466797,124.28926086425781,0.4442100945794256,148.31345769653726,117.27081841519721
0.9504999999999507,77.34988403320312,124.35470581054688,0.4461379284834263,152.62526180036988,120.17905289342342
0.9509999999999507,77.40357971191406,124.42015838623047,0.45092876721359365,158.08774822077396,123.76510097840594
0.9514999999999506,77.45989990234375,124.48561096191406,0.4585598860113505,162.53628761082572,127.92997726982617
0.9519999999999506,77.5127182006836,124.55105590820312,0.4632032366025609,155.91876893726652,122.58931295943216
0.9524999999999505,77.56263732910156,124.61650848388672,0.463235365601913,150.00991517244904,118.18031484217676
0.9529999999999504,77.61039733886719,124.68196105957031,0.45956982683134,145.3166255155294,114.90800294938236
0.9534999999999504,77.65675354003906,124.74740600585938,0.45373349568999566,142.05710887988056,112.79780517418678
0.9539999999999503,77.70243835449219,124.81285858154297,0.44720870090783205,140.31779347028194,111.81591476468213
0.9544999999999503,77.74812316894531,124.87831115722656,0.4412461144694582,140.10404230952534,111.89723447356022
0.9549999999999502,77.79444885253906,124.94375610351562,0.4368248823150713,141.37151629247035,112.96111557500244
0.9554999999999502,77.84197998046875,125.00920867919922,0.43465823018022864,144.04536489685975,114.9198762497736
0.9559999999999501,77.89124298095703,125.07466125488281,0.43521177909639536,148.0316696968625,117.68324637932703
0.9564999999999501,77.94268035888672,125.14010620117188,0.43872732031863815,153.22408019060825,121.16029716187086
0.95699999999995,77.99668884277344,125.20555877685547,0.44525248345109575,159.50755910530856,125.26020290133046
0.95749999999995,78.05360412597656,125.27100372314453,0.4546766364618597,163.93833426644807,129.89229172620293
0.9579999999999499,78.1070556640625,125.33645629882812,0.45809438258658536,157.3634293057595,124.57763300091523
0.9584999999999498,78.15769958496094,125.40190887451172,0.4576705469133121,151.67406349588697,120.28051236711278
0.9589999999999498,78.2063217163086,125.46735382080078,0.4541516784575751,147.33077224334855,117.18667536747304
0.9594999999999497,78.25369262695312,125.53280639648438,0.4489403931770892,144.51565646445653,115.30315451745881
0.9599999999999497,78.30055236816406,125.59825897216797,0.4434336181255469,143.28722160578332,114.58149310179064
0.9604999999999496,78.34759521484375,125.66370391845703,0.4388122007368111,143.62878925888594,114.94475488171469
0.9609999999999496,78.39545440673828,125.72915649414062,0.4359872530952018,145.4781925623166,116.30245700414976
0.9614999999999495,78.44470977783203,125.79460906982422,0.43559950536559144,148.7457739358431,118.55862315515118
0.9619999999999495,78.49585723876953,125.86005401611328,0.4380374681688405,153.32498395113305,121.61573346767176
0.9624999999999494,78.5493392944336,125.92550659179688,0.4434654886333402,159.09842695056474,125.37648477119684
0.9629999999999493,78.60554504394531,125.99095916748047,0.4518597811870272,164.02457454228926,129.74430059613852
0.9634999999999493,78.65872192382812,126.05640411376953,0.4576783729357806,158.2202661466678,125.08353967352362
0.9639999999999492,78.70933532714844,126.12185668945312,0.45868248666243194,152.88437473788343,121.12275563578092
0.9644999999999492,78.75800323486328,126.18730163574219,0.4558691122131313,148.60766177996987,118.14396229962915
0.9649999999999491,78.80541229248047,126.25275421142578,0.45083474672266727,145.6706043525625,116.23048109513611
0.9654999999999491,78.85223388671875,126.31820678710938,0.445111994408371,144.20268597270845,115.38843699356762
0.965999999999949,78.89913940429688,126.38365173339844,0.43998516022687123,144.2386464988399,115.58003925602895
0.966499999999949,78.94673156738281,126.44910430908203,0.4364523735321798,145.75375771293017,116.74288710971852
0.9669999999999489,78.99557495117188,126.51455688476562,0.4352326980846204,148.6857552403739,118.80119362220788
0.9674999999999488,79.04618835449219,126.58000183105469,0.4367863344845069,152.94820258084906,121.67197887009101
0.9679999999999488,79.09901428222656,126.64545440673828,0.441341173700909,158.4384752511157,125.26829201370896
0.9684999999999487,79.15445709228516,126.71090698242188,0.44892599526624993,165.0424575201995,129.50086906973308
0.9689999999999487,79.21285247802734,126.77635192871094,0.45940998795426824,169.6249479762544,134.2787920065097
0.9694999999999486,79.26807403564453,126.84180450439453,0.46330208562621455,163.51065580746842,129.34731583071797
0.9699999999999486,79.3206787109375,126.9072494506836,0.4634333723867616,158.13440867467992,125.28276719846005
0.9704999999999485,79.37136840820312,126.97270202636719,0.4605485647526142,154.0101878569218,122.32355739285723
0.9709999999999485,79.42086029052734,127.03815460205078,0.4560394454177115,151.3592935411532,120.51496543669495
0.9714999999999484,79.46987915039062,127.10359954833984,0.45128848824239104,150.2665485863001,119.8342933886709
0.9719999999999483,79.51908874511719,127.16905212402344,0.44745812483174724,150.732476420462,120.22156007661822
0.9724999999999483,79.5691146850586,127.23450469970703,0.44543752200750014,152.70563177761917,121.59710760497032
0.9729999999999482,79.62052154541016,127.2999496459961,0.44584359396562556,156.1024273493514,123.87141398344934
0.9734999999999482,79.67379760742188,127.36540222167969,0.44904174155062543,160.81900456216496,126.95031295888691
0.9739999999999481,79.7293930053711,127.43085479736328,0.45517662945149434,166.7381687878281,130.73763576893498
0.9744999999999481,79.78768157958984,127.49629974365234,0.46421021171469834,171.59235081235718,135.13626692534947
0.974999999999948,79.8429946899414,127.56175231933594,0.47001651702993424,165.79367646095804,130.48151504313054
0.975499999999948,79.89573669433594,127.62720489501953,0.47109959851799077,160.40140399803303,126.47050742349525
0.9759999999999479,79.94651794433594,127.6926498413086,0.4684495981566288,156.03659428763387,123.41241032589014
0.9764999999999479,79.99598693847656,127.75810241699219,0.46363709364362715,153.00037742315746,121.40837439707687
0.9769999999999478,80.04483032226562,127.82354736328125,0.4581667190759094,151.4353052819528,120.47576383854032
0.9774999999999477,80.09369659423828,127.88899993896484,0.453295646924256,151.38385584161338,120.58338327902514
0.9779999999999477,80.1431884765625,127.95445251464844,0.449996955237653,152.82524849666888,121.67227380235207
0.9784999999999476,80.1938705444336,128.0198974609375,0.44896822747473353,155.69842544833216,123.667843184236
0.9789999999999476,80.24625396728516,128.08535766601562,0.4506534689646459,159.91613551626202,126.48668117237864
0.9794999999999475,80.30079650878906,128.1508026123047,0.45527095166708675,165.37341869958,130.04026102225336
0.9799999999999475,80.35789489746094,128.21624755859375,0.4628466602643956,171.95265926812405,134.23682859164703
0.9804999999999474,80.4178695678711,128.2816925048828,0.4732528331711935,176.34133401489177,138.98229726783293
0.9809999999999474,80.47447967529297,128.34715270996094,0.47674639468894686,169.75082364829132,133.65916623562705
0.9814999999999473,80.52830505371094,128.41259765625,0.4764743654676429,163.95736771407553,129.26978821586906
0.9819999999999472,80.58007049560547,128.47804260253906,0.47320831093255383,159.47641523420543,126.0484540822479
0.9824999999999472,80.63053894042969,128.5435028076172,0.46833490617451806,156.525903760633,124.03301815603871
0.9829999999999471,80.68043518066406,128.60894775390625,0.463224172835979,155.18603267692595,123.19356745956733
0.9834999999999471,80.7304458618164,128.6743927001953,0.4590265214126311,155.45192542973453,123.46333012603404
0.983999999999947,80.78121185302734,128.73985290527344,0.4566223261231023,157.26621029776564,124.75620636923342
0.984499999999947,80.83329010009766,128.8052978515625,0.4566239523182581,160.53897768708887,126.9764832650769
0.9849999999999469,80.88719940185547,128.87074279785156,0.45939652179800466,165.15972028869126,130.02406689163612
0.9854999999999469,80.9433822631836,128.9362030029297,0.4650879022262553,171.004311664124,133.7969346517524
0.9859999999999468,81.0022201538086,129.00164794921875,0.47366534119785647,175.648388114656,138.1922218269977
0.9864999999999468,81.0577163696289,129.0670928955078,0.4786371474933036,169.06543566847307,132.89079831613694
0.9869999999999467,81.11039733886719,129.13255310058594,0.4789000006602587,163.06475302593012,128.40413174464183
0.9874999999999466,81.16093444824219,129.197998046875,0.47547503762671667,158.24270105537252,125.01218148260493
0.9879999999999466,81.21005249023438,129.26344299316406,0.46993868325574234,154.87537173626467,122.78817903905461
0.9884999999999465,81.25846862792969,129.3289031982422,0.4637971476322186,153.08458665924462,121.7273045838395
0.9889999999999465,81.30686950683594,129.39434814453125,0.45830983475609877,152.8953111533956,121.78052169224789
0.9894999999999464,81.35589599609375,129.4597930908203,0.45445317856764106,154.2715750734775,122.87419179856293
0.9899999999999464,81.4061279296875,129.52525329589844,0.452928220821826,157.1387694795658,124.92128920326847
0.9904999999999463,81.45809173583984,129.5906982421875,0.45418109522967864,161.39722246674003,127.8275988872654
0.9909999999999463,81.51225280761719,129.65614318847656,0.4584295937573284,166.93032106617167,131.49493457468512
0.9914999999999462,81.56900024414062,129.7216033935547,0.4656958569775865,173.6093191204818,135.8226821971809
0.9919999999999461,81.6286849975586,129.78704833984375,0.47584485000276394,177.76893659870854,140.7085584186891
0.9924999999999461,81.68458557128906,129.8524932861328,0.477948290506874,170.27491305658342,134.6302186452874
0.992999999999946,81.73744201660156,129.91795349121094,0.4765299485231886,163.88849036526625,129.75329985536985
0.993499999999946,81.7881088256836,129.9833984375,0.4723445184231889,159.06401899890457,126.25692294182639
0.9939999999999459,81.83743286132812,130.04884338378906,0.46675928456102045,155.96595650005392,124.12976866573577
0.9944999999999459,81.88619995117188,130.11428833007812,0.46113396774760845,154.6324792031761,123.30401569311601
0.9949999999999458,81.93515014648438,130.17974853515625,0.45661287992841576,155.02503929682763,123.68325293994943
0.9954999999999458,81.98494720458984,130.2451934814453,0.45406913724591536,157.05861069091247,125.1576965615951
0.9959999999999457,82.03619384765625,130.31063842773438,0.4541025554639995,160.61994445023123,127.61232076915853
0.9964999999999457,82.08940887451172,130.3760986328125,0.45705826679470585,165.57828683935483,130.9307808638917
0.9969999999999456,82.1450424194336,130.44154357910156,0.463056815622962,171.79149712302367,134.99708823510406
0.9974999999999455,82.2034683227539,130.50698852539062,0.47203282253606854,176.12757394668205,139.69605811848615
0.9979999999999455,82.25814056396484,130.57244873046875,0.4749365745639553,168.6145317826617,133.6097256013675
0.9984999999999454,82.30976104736328,130.6378936767578,0.4737677395059625,162.11010077327097,128.67398485123195
0.9989999999999454,82.3591537475586,130.70333862304688,0.4694284741645094,157.11645262948755,125.09491868725355
0.9994999999999453,82.40715789794922,130.768798828125,0.46341086057147446,153.8310993747126,122.88107597967573
0.9999999999999453,82.4545669555664,130.83424377441406,0.45717108784922844,152.31500858224445,121.97805564159019
1.0004999999999453,82.50212097167969,130.89968872070312,0.4519330680223993,152.54515707776721,122.29829608628717
1.0009999999999453,82.55050659179688,130.96514892578125,0.4486385318830048,154.44685869252407,123.73766587176267
1.0014999999999452,82.60032653808594,131.0305938720703,0.4479462855958497,157.91346394372022,126.18444118566799
1.0019999999999452,82.65211486816406,131.09603881835938,0.450249498666365,162.81808021731985,129.52391849069485
1.002499999999945,82.70632934570312,131.1614990234375,0.45570374908378564,169.02038717073648,133.64049421650213
1.002999999999945,82.76338195800781,131.22694396972656,0.46426457393243803,173.7055903172438,138.41848319697667
1.003499999999945,82.81680297851562,131.29238891601562,0.4678045398062533,166.39449778544122,132.5044642555439
1.003999999999945,82.86726379394531,131.35784912109375,0.46693338598680045,160.01790189943887,127.68328531868806
1.0044999999999449,82.91556549072266,131.4232940673828,0.46266857590599914,155.11531569123255,124.18792208898682
1.0049999999999448,82.96253204345703,131.48873901367188,0.45659772930853076,151.90988190785257,122.04632617449923
1.0054999999999448,83.00895690917969,131.55419921875,0.4502503845653293,150.47983298658588,121.21710498595583
1.0059999999999447,83.05558013916016,131.61964416503906,0.4449082932073345,150.8134358214803,121.62113394984382
1.0064999999999447,83.10308837890625,131.68508911132812,0.44155839942083974,152.84299575358466,123.1594496356029
1.0069999999999446,83.15208435058594,131.75054931640625,0.4408923487631882,156.46573107204836,125.72314142818585
1.0074999999999446,83.203125,131.8159942626953,0.4433231311969583,161.55631896549872,129.1986422939979
1.0079999999999445,83.25667572021484,131.88143920898438,0.44901312086933176,167.97429497328926,133.4702081199697
1.0084999999999444,83.31314086914062,131.94688415527344,0.45791311749452884,172.8955031657166,138.42105805281872
1.0089999999999444,83.36613464355469,132.01234436035156,0.46168210677317756,165.84989408460896,132.7253027860983
1.0094999999999443,83.41629028320312,132.07778930664062,0.46103822600244515,159.7061018559702,128.07638003188578
1.0099999999999443,83.46439361572266,132.1432342529297,0.45702238104470827,155.02398725484025,124.72825875288977
1.0104999999999442,83.5112533569336,132.2086944580078,0.4512489666897783,152.0404660615256,122.72343165390895
1.0109999999999442,83.55764770507812,132.27413940429688,0.44527084299726105,150.84227233171984,122.02981297719143
1.011499999999944,83.60433197021484,132.33958435058594,0.44038618736754376,151.42242562307553,122.5739434084623
1.011999999999944,83.65196990966797,132.40504455566406,0.4375892533257681,153.71529791037057,124.25986274926177
1.012499999999944,83.7011947631836,132.47048950195312,0.4375686981747192,157.61822828406957,126.97988760546998
1.012999999999944,83.7525405883789,132.5359344482422,0.44072462087565467,163.00458773649,130.6202690437108
1.013499999999944,83.80648040771484,132.6013946533203,0.44719881364891173,169.73154673172368,135.06416539941694
1.0139999999999438,83.8634262084961,132.66683959960938,0.45691734782759513,174.712757371605,140.19300186101813
1.0144999999999438,83.91700744628906,132.73228454589844,0.4605385984896834,167.85423935830755,134.64562361907298
1.0149999999999437,83.96784210205078,132.79774475097656,0.45999060136921943,161.90189581715245,130.12175909379243
1.0154999999999437,84.01670837402344,132.86318969726562,0.4562650484330546,157.42056860971832,126.88761266869416
1.0159999999999436,84.06439971923828,132.9286346435547,0.45094160772262254,154.64996255617703,124.99316953649844
1.0164999999999436,84.11170196533203,132.9940948486328,0.4455482504525265,153.67735093758807,124.41055087968861
1.0169999999999435,84.15934753417969,133.05953979492188,0.44135958674309983,154.49472371201955,125.06818205537593
1.0174999999999434,84.20801544189453,133.12498474121094,0.43934326923683426,157.03431625753254,126.87047041585696
1.0179999999999434,84.2583236694336,133.19044494628906,0.44015730875252235,161.19053611746517,129.70895952447174
1.0184999999999433,84.31080627441406,133.25588989257812,0.4441687579577113,166.83324283213912,133.46837949098105
1.0189999999999433,84.36593627929688,133.3213348388672,0.45148720712619406,173.8156690081613,138.02982453609212
1.0194999999999432,84.42411804199219,133.3867950439453,0.46201080342431805,178.68312937438972,143.27226057837765
1.0199999999999432,84.47893524169922,133.45223999023438,0.46519914047145755,171.79353239920616,137.6912937097717
1.0204999999999431,84.53101348876953,133.51768493652344,0.4645367215965321,165.85452872477998,133.15135700245852
1.020999999999943,84.58113098144531,133.58314514160156,0.460939887720758,161.4226260395808,129.9185810687039
1.021499999999943,84.63008880615234,133.64859008789062,0.45592379289662904,158.73009213553925,128.04061798586474
1.021999999999943,84.67868041992188,133.7140350341797,0.4509658681723607,157.85739519558294,127.48671547367819
1.022499999999943,84.72763061523438,133.77947998046875,0.44729697218879233,158.79023132791284,128.18213654457773
1.0229999999999428,84.77761840820312,133.84494018554688,0.4458442709393275,161.45493468550802,130.0280139512608
1.0234999999999428,84.82926177978516,133.91038513183594,0.44722821341148516,165.74030192838023,132.91256565304704
1.0239999999999427,84.88309478759766,133.975830078125,0.45178287070389367,171.51079288257097,136.71718160239652
1.0244999999999427,84.9395751953125,134.04129028320312,0.45959162256371444,178.61439740707286,141.31959701240055
1.0249999999999426,84.99909973144531,134.1067352294922,0.470534607459163,183.24875534557304,146.5954496492146
1.0254999999999426,85.05513000488281,134.17218017578125,0.47308973198691495,176.0482779994427,140.75095893668566
1.0259999999999425,85.10832977294922,134.23764038085938,0.47205618272570576,169.89235382375978,136.02151590614062
1.0264999999999425,85.15950012207031,134.30308532714844,0.46828964224261677,165.3167061258582,132.65837262818243
1.0269999999999424,85.20946502685547,134.3685302734375,0.46324551716495077,162.53585196255062,130.69495052396945
1.0274999999999423,85.259033203125,134.43399047851562,0.4583528719810541,161.61597343098043,130.08905478247556
1.0279999999999423,85.30894470214844,134.4994354248047,0.4548024184555063,162.5310330926119,130.7566339635994
1.0284999999999422,85.35987854003906,134.56488037109375,0.4534874204578238,165.19748817590397,132.59106879102444
1.0289999999999422,85.4124526977539,134.63034057617188,0.455000336646948,169.4956013910116,135.4739955338354
1.0294999999999421,85.46719360351562,134.69578552246094,0.45965369707556825,175.28227122680306,139.2810708806013
1.029999999999942,85.52457427978516,134.76123046875,0.4675162386649184,182.39864004068406,143.88497125602282
1.030499999999942,85.58496856689453,134.82669067382812,0.4784600651390052,186.75511064480762,149.15669455609788
1.030999999999942,85.6416244506836,134.8921356201172,0.4802093800156686,179.0091865540734,142.85577178488433
1.031499999999942,85.69528198242188,134.95758056640625,0.47856147215791417,172.4617177642441,137.80584627316404
1.0319999999999419,85.74679565429688,135.02304077148438,0.4743357861852344,167.61430531766,134.22804208152718
1.0324999999999418,85.79704284667969,135.08848571777344,0.46894699027953163,164.65242904810577,132.12922395243567
1.0329999999999417,85.84683990478516,135.1539306640625,0.4637914537675458,163.6196264897381,131.44673580596296
1.0334999999999417,85.89696502685547,135.21939086914062,0.4600341026606639,164.47187415711008,132.08064523382725
1.0339999999999416,85.9480972290039,135.2848358154297,0.4585476373589835,167.11100823849517,133.91169097429807
1.0344999999999416,86.00086975097656,135.35028076171875,0.4599080858291123,171.40509790146018,136.81128438297227
1.0349999999999415,86.05581665039062,135.41574096679688,0.46441509308753653,177.20060678646453,140.64658627813077
1.0354999999999415,86.11339569091797,135.48118591308594,0.4721276449347083,182.21165477020452,145.2830154268522
1.0359999999999414,86.16753387451172,135.546630859375,0.4771059629976767,174.96767806883202,139.4490314684766
1.0364999999999414,86.21875762939453,135.61207580566406,0.47684684930285437,168.3826779660288,134.509306563041
1.0369999999999413,86.26778411865234,135.6775360107422,0.47264354903287437,163.14198814906914,130.80280088211282
1.0374999999999412,86.31539154052734,135.74298095703125,0.46628150393445505,159.5681352309306,128.430699119256
1.0379999999999412,86.36236572265625,135.8084259033203,0.4594299688226291,157.80474390542648,127.39889430684447
1.0384999999999411,86.40943908691406,135.87388610839844,0.45347763731569246,157.88128813186825,127.65728591822783
1.038999999999941,86.45731353759766,135.9393310546875,0.449497720682328,159.75389294211104,129.1230267841246
1.039499999999941,86.50663757324219,136.00477600097656,0.4482516884405099,163.33092313476678,131.6940785372575
1.039999999999941,86.5579605102539,136.0702362060547,0.4502059196466284,168.48881755421465,135.25690137251848
1.040499999999941,86.61180114746094,136.13568115234375,0.45555835423925767,175.08180947955665,139.69087182081358
1.0409999999999409,86.66857147216797,136.2011260986328,0.46427691625207695,180.29728472104372,144.87051828719868
1.0414999999999408,86.72183990478516,136.26658630371094,0.468192245468567,172.9108004164568,138.9035417312564
1.0419999999999408,86.7722396850586,136.33203125,0.4673649230197659,166.4288947958116,133.99539605454757
1.0424999999999407,86.82054138183594,136.39747619628906,0.4630205636035623,161.4783732070291,130.44749356779883
1.0429999999999406,86.86758422851562,136.4629364013672,0.45689357955876203,158.33340957118526,128.32731081466554
1.0434999999999406,86.91417694091797,136.52838134765625,0.4506200566979349,157.09995128230767,127.6145155928081
1.0439999999999405,86.9610824584961,136.5938262939453,0.4455582093680806,157.77745500493205,128.2382453471059
1.0444999999999405,87.00901794433594,136.65928649902344,0.4427429058369884,160.2975102547852,130.09879428013372
1.0449999999999404,87.0586166381836,136.7247314453125,0.44288394525107994,164.5478892025824,133.08006546510887
1.0454999999999404,87.1104507446289,136.79017639160156,0.44638285227446306,170.38730871020394,137.05660566663582
1.0459999999999403,87.16500854492188,136.8556365966797,0.453364743761815,177.6544169688193,141.8973596743173
1.0464999999999403,87.22270202636719,136.92108154296875,0.4637248759360629,182.61092931923937,147.46767717129862
1.0469999999999402,87.27674865722656,136.9865264892578,0.46591959441241493,174.90806827013446,141.2020194957021
1.0474999999999401,87.32788848876953,137.05198669433594,0.46431684774623844,168.42740256043606,136.2094665671558
1.04799999999994,87.37699127197266,137.117431640625,0.45992018478304475,163.7094972297816,132.73653978917554
1.04849999999994,87.4249496459961,137.18287658691406,0.4543015314079516,160.9604069827574,130.80331262814232
1.04899999999994,87.47260284423828,137.24832153320312,0.4489824409407753,160.233754407264,130.35300455761003
1.04949999999994,87.52074432373047,137.31378173828125,0.4452246782072035,161.48814471551412,131.2864035270288
1.0499999999999399,87.57009887695312,137.3792266845703,0.44396856327946654,164.6226526195879,133.48136389024978
1.0504999999999398,87.62129211425781,137.44467163085938,0.44582598245284477,169.49862707195913,136.80370385277243
1.0509999999999398,87.6749038696289,137.5101318359375,0.45110013257470977,175.95286190873577,141.11316239771568
1.0514999999999397,87.73139190673828,137.57557678222656,0.4598249772624489,181.2864510420111,146.26626799441468
1.0519999999999397,87.78456115722656,137.64102172851562,0.46426430283127396,174.17955225811423,140.5315910267121
1.0524999999999396,87.8349609375,137.70648193359375,0.4638207564742345,167.87238330342717,135.75788986294648
1.0529999999999395,87.88334655761719,137.7719268798828,0.4597644670377498,163.0451485289052,132.29172931591634
1.0534999999999395,87.93051147460938,137.83737182617188,0.45388395049987135,160.00961159501117,130.23283889132776
1.0539999999999394,87.9772720336914,137.90283203125,0.44786299322984463,158.89627992704607,129.5819529949252
1.0544999999999394,88.02438354492188,137.96827697753906,0.44309787791836136,159.71990893852902,130.28134335648434
1.0549999999999393,88.07256317138672,138.03372192382812,0.44065011576461205,162.4207520674877,132.23886281381823
1.0554999999999393,88.1224594116211,138.09918212890625,0.441243514955085,166.89043181050084,135.3420070571509
1.0559999999999392,88.17464447021484,138.1646270751953,0.4452809615523037,172.9879701974814,139.46601007186362
1.0564999999999392,88.22962188720703,138.23007202148438,0.4528780193828525,180.5496680010046,144.47841748486493
1.056999999999939,88.28780364990234,138.2955322265625,0.46391276469667714,185.6952832047728,150.24159369267718
1.057499999999939,88.34249877929688,138.36097717285156,0.4663203647474522,178.2409178833979,144.17801273025796
1.057999999999939,88.39439392089844,138.42642211914062,0.4649971165732653,171.95609365752142,139.32229760620748
1.058499999999939,88.4443359375,138.49188232421875,0.46095815024701153,167.41362920848994,135.95323031356114
1.0589999999999389,88.49319458007812,138.5573272705078,0.45578129961506075,164.84093990104518,134.1123050314083
1.0594999999999388,88.54180145263672,138.62277221679688,0.4509893407035995,164.30437307801472,133.75593619150962
1.0599999999999388,88.59095764160156,138.688232421875,0.447838400925732,165.76909927761946,134.7923429166108
1.0604999999999387,88.64136505126953,138.75367736816406,0.44725542774941085,169.13632302650495,137.10267497640388
1.0609999999999387,88.69367218017578,138.81912231445312,0.4498321134760648,174.26628981258793,140.55319845844033
1.0614999999999386,88.74842834472656,138.88458251953125,0.45584725544318483,180.99230538295154,145.0019177690743
1.0619999999999385,88.80611419677734,138.9500274658203,0.4653097295447243,186.29983381520373,150.30218835433317
1.0624999999999385,88.8604965209961,139.01547241210938,0.46947024864350007,179.15136140394526,144.5264606066857
1.0629999999999384,88.91212463378906,139.08091735839844,0.4689651605698327,172.82660797052992,139.71529550259217
1.0634999999999384,88.96174621582031,139.14637756347656,0.46503000164634883,168.01475153780052,136.22771534514666
1.0639999999999383,89.01016235351562,139.21182250976562,0.4594183261565743,165.03096517226155,134.16894865688235
1.0644999999999383,89.05818176269531,139.2772674560547,0.45378429256479047,164.00544884674008,133.5413811270516
1.0649999999999382,89.10658264160156,139.3427276611328,0.44949542319837155,164.95002943407823,134.28638681756163
1.0654999999999382,89.15606689453125,139.40817260742188,0.447582931860812,167.80013823111113,136.30906910555902
1.065999999999938,89.20729064941406,139.47361755371094,0.44873892825346345,172.4411747577745,139.49294262484733
1.066499999999938,89.26082611083984,139.53907775878906,0.4533353245000876,178.72488338858668,143.70834133838196
1.066999999999938,89.31716918945312,139.60452270507812,0.461460351719377,186.47949022701616,148.81724369201436
1.067499999999938,89.3767318725586,139.6699676513672,0.472970747233186,191.41827731769217,154.67599204727213
1.0679999999999379,89.43264770507812,139.7354278564453,0.47465963046471105,183.55245122636805,148.2607002944973
1.0684999999999378,89.48565673828125,139.80087280273438,0.4728883250317056,176.98431789946878,143.15517914992625
1.0689999999999378,89.5366439819336,139.86631774902344,0.4686249850779933,172.26679168356728,139.62369700472178
1.0694999999999377,89.58650970458984,139.93177795410156,0.46339535508826624,169.60752805589775,137.69135671762842
1.0699999999999377,89.6361083984375,139.99722290039062,0.45867815852031213,169.05540502443571,137.30021112161378
1.0704999999999376,89.68624877929688,140.0626678466797,0.4556906536087157,170.55986112679042,138.34574440809146
1.0709999999999376,89.7376480102539,140.1281280517578,0.45532415430951556,174.00763976633033,140.69765284713918
1.0714999999999375,89.79096221923828,140.19357299804688,0.45813789003780914,179.245440302288,144.21169788967856
1.0719999999999374,89.84673309326172,140.25901794433594,0.4643825321977842,186.0936845974672,148.73607748990136
1.0724999999999374,89.90544128417969,140.32447814941406,0.4740444696888943,191.09958676637973,154.11490810701653
1.0729999999999373,89.96054077148438,140.38992309570312,0.4770597693646545,183.22860563342476,147.72826523161402
1.0734999999999373,90.01268768310547,140.4553680419922,0.4757235548823749,176.41076181201691,142.50103124903404
1.0739999999999372,90.06270599365234,140.5208282470703,0.4712175073019122,171.29127227490358,138.75468158180982
1.0744999999999372,90.11146545410156,140.58627319335938,0.46524137323840137,168.14578920863238,136.55920800818046
1.0749999999999371,90.15980529785156,140.65171813964844,0.45940805050864864,167.07229421827492,135.8887406441034
1.075499999999937,90.20853424072266,140.71717834472656,0.4550510614542681,168.0557515924383,136.66164444157033
1.075999999999937,90.25838470458984,140.78262329101562,0.4531705727376023,171.00860448443137,138.76386363692748
1.076499999999937,90.31000518798828,140.8480682373047,0.4544284993697598,175.79605874034178,142.06251098347263
1.076999999999937,90.3639907836914,140.91351318359375,0.4591673166201266,182.25169395574667,146.41363040088848
1.0774999999999368,90.42082214355469,140.97897338867188,0.46744772775503074,187.72235051227605,151.66638580295188
1.0779999999999368,90.47422790527344,141.04441833496094,0.4718685700223877,180.14209474863793,145.55260504433897
1.0784999999999367,90.5247573852539,141.10986328125,0.47109682765347066,173.3860720464147,140.43878290819703
1.0789999999999367,90.57318115234375,141.17532348632812,0.4665596199708721,168.1866223445294,136.7051078248482
1.0794999999999366,90.62033081054688,141.2407684326172,0.46014527129399546,164.88323661408842,134.46726111097078
1.0799999999999366,90.66703033447266,141.30621337890625,0.45360693595795853,163.61981779933032,133.73204784374693
1.0804999999999365,90.71408081054688,141.37167358398438,0.4483930693703519,164.4142464088925,134.44101335746714
1.0809999999999365,90.76222229003906,141.43711853027344,0.44560386773374944,167.2023831871532,136.4963626004795
1.0814999999999364,90.81212615966797,141.5025634765625,0.44598795831029814,171.86584531210946,139.7763826348226
1.0819999999999363,90.8643798828125,141.56802368164062,0.44995796595372745,178.24938843019362,144.14444513763266
1.0824999999999363,90.91950988769531,141.6334686279297,0.4576241320153553,186.17178224344391,149.45426652421713
1.0829999999999362,90.97793579101562,141.69891357421875,0.468846250856211,191.29565585218498,155.55288473654977
1.0834999999999362,91.03257751464844,141.76437377929688,0.47006874591025843,183.00922478070257,148.77951757834182
1.0839999999999361,91.08425903320312,141.82981872558594,0.46778842350661426,176.19197595596725,143.46289081580338
1.084499999999936,91.1339111328125,141.895263671875,0.46305556083636606,171.3888485119133,139.85571532088937
1.084999999999936,91.18248748779297,141.96072387695312,0.4574607816233445,168.79197290045977,137.966333261186
1.085499999999936,91.23088836669922,142.0261688232422,0.45253487090631284,168.43356301090583,137.72056450106368
1.085999999999936,91.27993774414062,142.09161376953125,0.44953273276192585,170.2456577425402,138.99816983339116
1.0864999999999359,91.33040618896484,142.15707397460938,0.4493651386196171,174.09705385539763,141.65364092799229
1.0869999999999358,91.3829345703125,142.22251892089844,0.4525897296767397,179.81606729706996,145.5277857100389
1.0874999999999357,91.43811798095703,142.2879638671875,0.4594349454961813,187.20438818872674,150.45423321359206
1.0879999999999357,91.49640655517578,142.35342407226562,0.4698486286296647,192.24266822170887,156.2626308064526
1.0884999999999356,91.55094146728516,142.4188690185547,0.4716042540343361,183.92685142640894,149.4771951279363
1.0889999999999356,91.60248565673828,142.48431396484375,0.4695090115564675,176.9703420910008,144.07756414223522
1.0894999999999355,91.65193939208984,142.54977416992188,0.4646857375729293,171.96623149286208,140.3484991529245
1.0899999999999355,91.70025634765625,142.61521911621094,0.4587948326955403,169.14146930472813,138.3224853733874
1.0904999999999354,91.7483139038086,142.6806640625,0.453425687450926,168.55248110640767,137.9417628130676
1.0909999999999354,91.79695892333984,142.74610900878906,0.4498860404753119,170.14795049790797,139.09715039783163
1.0914999999999353,91.84695434570312,142.8115692138672,0.449136092768693,173.80787516709174,141.6502845297246
1.0919999999999352,91.89897155761719,142.87701416015625,0.45177875737161555,179.36780263003615,145.44638568586257
1.0924999999999352,91.95358276367188,142.9424591064453,0.45808092486063007,186.6337104880178,150.32136410194178
1.0929999999999351,92.01128387451172,143.00791931152344,0.46801926933407617,191.8864072269234,156.10572865345853
1.093499999999935,92.0653076171875,143.0733642578125,0.4703780827175411,183.69746607014247,149.4394717755761
1.093999999999935,92.11638641357422,143.13880920410156,0.46853820844429866,176.76471371943174,144.08367335969737
1.094499999999935,92.16539001464844,143.2042694091797,0.46372992807188207,171.72585839342818,140.35492892914658
1.094999999999935,92.21324157714844,143.26971435546875,0.4576962067741562,168.83960434645027,138.30927800575094
1.0954999999999349,92.26083374023438,143.3351593017578,0.4520879864648927,168.18438692813564,137.90517029262926
1.0959999999999348,92.30900573730469,143.40061950683594,0.4482626378081009,169.72384143073415,139.04424770798138
1.0964999999999347,92.35850524902344,143.466064453125,0.4472218528647729,173.34776405616603,141.59507456036667
1.0969999999999347,92.4100341796875,143.53150939941406,0.4496022344935311,178.89769729291083,145.4070247601768
1.0974999999999346,92.46415710449219,143.5969696044922,0.4556954182355894,186.18277057816758,150.31800042630536
1.0979999999999346,92.52139282226562,143.66241455078125,0.4654929732150062,191.63424864817378,156.1589781422263
1.0984999999999345,92.57503509521484,143.7278594970703,0.4682296000414883,183.58512384676754,149.6151848568154
1.0989999999999345,92.62578582763672,143.79331970214844,0.4665836312943928,176.7316744688495,144.33143285302555
1.0994999999999344,92.67449951171875,143.8587646484375,0.46185343434571946,171.7422965039351,140.6481872412945
1.0999999999999344,92.72208404541016,143.92420959472656,0.4558355756981507,168.8969020795572,138.6384566878738
1.1004999999999343,92.76943969726562,143.9896697998047,0.4502212600659418,168.28799321257287,138.27190784868117
1.1009999999999343,92.8173828125,144.05511474609375,0.446398675888391,169.88810054437894,139.45719481247608
1.1014999999999342,92.86669158935547,144.1205596923828,0.4453921632337221,173.5921381410013,142.06696659553478
1.1019999999999341,92.91805267333984,144.18601989746094,0.44785276287041076,179.2439768382199,145.95241947809717
1.102499999999934,92.9720458984375,144.25146484375,0.4540782971279071,186.65299083073174,150.95171042620296
1.102999999999934,93.02918243408203,144.31690979003906,0.46405909044110905,192.23683027450164,156.89483772835365
1.103499999999934,93.08280181884766,144.3823699951172,0.46692548673229395,184.29748938332065,150.44139788089285
1.103999999999934,93.1335678100586,144.44781494140625,0.46539376216036477,177.53401424520166,145.2234505128935
1.1044999999999339,93.1823501586914,144.5132598876953,0.460785070006016,172.63126807992245,141.59668863688765
1.1049999999999338,93.23004150390625,144.57870483398438,0.4549141336571372,169.87969394531012,139.64397420348593
1.1054999999999338,93.27752685546875,144.6441650390625,0.4494853432764299,169.37789757768206,139.34084875007926
1.1059999999999337,93.32564544677734,144.70960998535156,0.44589443934591205,171.1013164128738,140.59907031006904
1.1064999999999336,93.37516784667969,144.77505493164062,0.4451670341766203,174.9454382870117,143.29232073910916
1.1069999999999336,93.42676544189453,144.84051513671875,0.4479491708596957,180.75298582851048,147.27135230336546
1.1074999999999335,93.48104858398438,144.9059600830078,0.45452850910644393,188.33090235295012,152.3728830224691
1.1079999999999335,93.53851318359375,144.97140502929688,0.46488212005452045,193.952068881211,158.4246234753642
1.1084999999999334,93.59248352050781,145.036865234375,0.46763728256438286,186.02826581310566,151.97799626407416
1.1089999999999334,93.64362335205078,145.10231018066406,0.4661032856289483,179.3004085819929,146.7731991222856
1.1094999999999333,93.69280242919922,145.16775512695312,0.46158796967450905,174.45632755841854,143.1713381945625
1.1099999999999333,93.74091339111328,145.23321533203125,0.4558937885896485,171.78670023511913,141.25718566655874
1.1104999999999332,93.78884887695312,145.2986602783203,0.450714418146365,171.38861809632962,141.0063183895914
1.1109999999999332,93.83744812011719,145.36410522460938,0.4474333080470668,173.23475840056634,142.3292260491029
1.111499999999933,93.88748168945312,145.4295654296875,0.44706068603560106,177.21694243450875,145.09742199712304
1.111999999999933,93.93962860107422,145.49501037597656,0.45022438623466615,183.17355718691942,149.15886737397022
1.112499999999933,93.9944839477539,145.56045532226562,0.45719275866870973,190.90671572401416,154.3470051428959
1.112999999999933,94.05255126953125,145.62591552734375,0.4679248023685205,196.46633797437212,160.48599495999227
1.1134999999999329,94.1070785522461,145.6913604736328,0.47034561140090936,188.40964056818174,153.92003345863296
1.1139999999999328,94.15875244140625,145.75680541992188,0.46865155778298045,181.61171267846865,148.64069675548498
1.1144999999999328,94.20845031738281,145.822265625,0.4641174360583052,176.75047038125788,145.0034118295922
1.1149999999999327,94.25708770751953,145.88771057128906,0.45851520210487773,174.10669952947393,143.08587797182787
1.1154999999999327,94.3055648803711,145.95315551757812,0.4535134619122755,173.76849262177535,142.85709145223325
1.1159999999999326,94.35472106933594,146.01861572265625,0.4504723152358689,175.70020500637818,144.22140819014976
1.1164999999999325,94.40532684326172,146.0840606689453,0.4503786024253882,179.78583245798436,147.04458060830387
1.1169999999999325,94.45807647705078,146.14950561523438,0.45383698183090526,185.85629935076116,151.1691294019315
1.1174999999999324,94.5135498046875,146.21495056152344,0.46109440443814215,193.70653107699874,156.42324849654636
1.1179999999999324,94.5722427368164,146.28041076660156,0.472092070041391,199.12610477200917,162.62606145943522
1.1184999999999323,94.62728881835938,146.34585571289062,0.4739730184361362,190.77318127355642,155.80350762895173
1.1189999999999323,94.67939758300781,146.4113006591797,0.47194087810146984,183.78962205159354,150.35696178182562
1.1194999999999322,94.72949981689453,146.4767608642578,0.46723082203885463,178.83055739634196,146.62421416872976
1.1199999999999322,94.77852630615234,146.54220581054688,0.46157765110241394,176.1565005555606,144.66608988862208
1.120499999999932,94.82738494873047,146.60765075683594,0.45662018973566226,175.8388145218918,144.4378021373443
1.120999999999932,94.87693786621094,146.67311096191406,0.45369235574013306,177.82773011054562,145.83227983737297
1.121499999999932,94.92796325683594,146.73855590820312,0.4537562976241143,181.99501909092487,148.70555698581114
1.121999999999932,94.98114013671875,146.8040008544922,0.45739324892724126,188.16077642407694,152.89168699039752
1.1224999999999319,95.03707122802734,146.8694610595703,0.4648290278210507,196.110141945532,158.211424542019
1.1229999999999318,95.09623718261719,146.93490600585938,0.47598731159773605,201.3429613210785,164.47714127046217
1.1234999999999318,95.15156555175781,147.00035095214844,0.4771315141553357,192.5597664517632,157.28410542847675
1.1239999999999317,95.20386505126953,147.06581115722656,0.4745945980278018,185.3087287826337,151.6029486281246
1.1244999999999317,95.25409698486328,147.13125610351562,0.46956832369682505,180.2086072253542,147.74150441455268
1.1249999999999316,95.30323028564453,147.1967010498047,0.4637478288603153,177.48862848485763,145.7337363832988
1.1254999999999316,95.35220336914062,147.2621612548828,0.45874128175137235,177.1951394739762,145.5136754130784
1.1259999999999315,95.40189361572266,147.32760620117188,0.45585619974373487,179.25794377528473,146.95725499159423
1.1264999999999314,95.45307922363281,147.39305114746094,0.4560295359786851,183.53173327312322,149.9065832096728
1.1269999999999314,95.50646209716797,147.45851135253906,0.4598176098106551,189.8219838663026,154.18410556649195
1.1274999999999313,95.56262969970703,147.52395629882812,0.4674223360807963,195.5627430894676,159.6006136631985
1.1279999999999313,95.61532592773438,147.5894012451172,0.471926964530289,187.46412381111386,153.07007953519346
1.1284999999999312,95.66510772705078,147.6548614501953,0.47079114062922706,180.22357924989683,147.57207807873442
1.1289999999999312,95.71276092529297,147.72030639648438,0.4656891324635376,174.69037803809022,143.57314262446468
1.1294999999999311,95.7591552734375,147.78575134277344,0.458709906002923,171.2697056622406,141.23577143723017
1.129999999999931,95.80516815185547,147.85121154785156,0.4517684524432757,170.137990798436,140.5883847557435
1.130499999999931,95.8516616821289,147.91665649414062,0.4464406327917434,171.32173743071414,141.57641161970187
1.130999999999931,95.89942932128906,147.9821014404297,0.4439148299071388,174.74789617801494,144.09322549206496
1.131499999999931,95.94918823242188,148.04754638671875,0.4449812945697935,180.2760921478307,147.99901967647435
1.1319999999999308,96.00157928466797,148.11300659179688,0.45004434564276585,187.71919548878978,153.13225840779668
1.1324999999999308,96.05713653564453,148.17845153808594,0.45916081080020577,193.93945953428482,159.31661837796455
1.1329999999999307,96.10931396484375,148.243896484375,0.46289432640432365,186.03202615076677,152.9176482965359
1.1334999999999307,96.15872955322266,148.30935668945312,0.46154754849035085,179.19631642588834,147.67684143886152
1.1339999999999306,96.2061996459961,148.3748016357422,0.45673253672828473,174.22647547274138,144.0303289342492
1.1344999999999306,96.25263977050781,148.44024658203125,0.45048357431635394,171.48164344146426,142.11203822011115
1.1349999999999305,96.2989501953125,148.50570678710938,0.4446703585044512,171.10144670984891,141.92732858124086
1.1354999999999305,96.34597778320312,148.57115173339844,0.4408157864479645,173.08220868811938,143.40251713273042
1.1359999999999304,96.39453125,148.6365966796875,0.4400371768770163,177.325466190073,146.41481740344963
1.1364999999999303,96.44532012939453,148.70205688476562,0.4430340259126073,183.668920851527,150.8103851934056
1.1369999999999303,96.49897003173828,148.7675018310547,0.4501077538270387,191.90615168795551,156.41528770510055
1.1374999999999302,96.55599975585938,148.83294677734375,0.4612135748099421,197.95830818618003,163.04212722918223
1.1379999999999302,96.60956573486328,148.89840698242188,0.46354088803835203,189.8856048707629,156.45045042511515
1.1384999999999301,96.6603775024414,148.96385192871094,0.46175046255963487,183.17096397354163,151.2060733420967
1.13899999999993,96.7093276977539,149.029296875,0.45722539007395957,178.5252526643969,147.6935347353105
1.13949999999993,96.75736236572266,149.09475708007812,0.4518242795616755,176.24117900121684,146.00141148578265
1.13999999999993,96.80540466308594,149.1602020263672,0.4472813342979599,176.40644297803476,146.09946168625984
1.14049999999993,96.85433197021484,149.22564697265625,0.44499525373631493,178.97610385204533,147.8857281778946
1.1409999999999298,96.9049301147461,149.29110717773438,0.4459584316610659,183.81830870209362,151.21454723963623
1.1414999999999298,96.9579086303711,149.35655212402344,0.45074628897113184,190.74325529384544,155.9133677379881
1.1419999999999297,97.01387023925781,149.4219970703125,0.459547026576318,196.9975286808498,161.7926870548607
1.1424999999999297,97.06670379638672,149.48745727539062,0.46452584840086875,189.58912028188868,155.82765267856158
1.1429999999999296,97.11688995361328,149.5529022216797,0.46399340924706955,182.94457875312995,150.7666782650277
1.1434999999999296,97.16516876220703,149.61834716796875,0.4596502642156109,177.96835486817383,147.13495144962212
1.1439999999999295,97.2123794555664,149.68380737304688,0.4536152398171085,175.10308589850035,145.13516515469442
1.1444999999999295,97.25938415527344,149.74925231933594,0.4478259325817897,174.54765545731587,144.8209625504035
1.1449999999999294,97.30703735351562,149.814697265625,0.44386310451601396,176.34008150976095,146.15225689445532
1.1454999999999294,97.35612487792969,149.88014221191406,0.44289620253034906,180.41078217269103,149.0291518896058
1.1459999999999293,97.4073715209961,149.9456024169922,0.4456721685080626,186.61687467069618,153.31296099308773
1.1464999999999292,97.46141052246094,150.01104736328125,0.4525336698124973,194.76425071480176,158.83912952601443
1.1469999999999292,97.51876831054688,150.0764923095703,0.46346846393522356,201.11654796469307,165.42530076372958
1.1474999999999291,97.57290649414062,150.14195251464844,0.46697416176086465,193.50370757903394,159.24265828345065
1.147999999999929,97.6244125366211,150.2073974609375,0.46589995061165396,186.97545734095988,154.18160024263796
1.148499999999929,97.67408752441406,150.27284240722656,0.4617613504021819,182.340880013206,150.70580018527616
1.148999999999929,97.72283935546875,150.3383026123047,0.4565102759625816,179.9657756927285,148.9640450105937
1.149499999999929,97.77154541015625,150.40374755859375,0.4519451272411142,179.98953987852286,148.96825851240848
1.1499999999999289,97.8210678100586,150.4691925048828,0.44951467070087064,182.40329158385057,150.64560838585143
1.1504999999999288,97.87220001220703,150.53465270996094,0.4502549251135044,187.0997320013768,153.87004491874328
1.1509999999999287,97.9256362915039,150.60009765625,0.4547810372983477,193.9050548666434,158.48157006869513
1.1514999999999287,97.98198699951172,150.66554260253906,0.463316269966876,202.59937232670922,164.29804469642167
1.1519999999999286,98.0417709350586,150.7310028076172,0.4757532605037448,208.37563793272727,171.12245403228852
1.1524999999999286,98.09796905517578,150.79644775390625,0.4772259669422055,199.9355408615518,164.19592706699046
1.1529999999999285,98.15132141113281,150.8618927001953,0.47511566850195075,192.9915086512144,158.71030676787927
1.1534999999999285,98.2027587890625,150.92735290527344,0.4706837589908533,188.23241112173542,155.0407423690887
1.1539999999999284,98.25325012207031,150.9927978515625,0.46566901420608525,185.9279812933028,153.26076162188625
1.1544999999999284,98.3037338256836,151.05824279785156,0.4617022197929764,186.1439315615146,153.324904558206
1.1549999999999283,98.3550796508789,151.1237030029297,0.4600884537792375,188.8141334077113,155.11610926785147
1.1554999999999283,98.40808868408203,151.18914794921875,0.4617355051440443,193.78615424989263,158.47388748596435
1.1559999999999282,98.46344757080078,151.2545928955078,0.46714720931630865,200.85008409011783,163.21107660856384
1.1564999999999281,98.52176666259766,151.32005310058594,0.4764582288071712,206.60814784720392,169.12390098031742
1.156999999999928,98.57656860351562,151.385498046875,0.48000867669548425,198.20304654013137,162.3074174054812
1.157499999999928,98.62844848632812,151.45094299316406,0.4785003831248148,190.83416587628008,156.63025021551513
1.157999999999928,98.67823028564453,151.5164031982422,0.4735350388965072,185.35618606379845,152.575253340334
1.158499999999928,98.72682189941406,151.58184814453125,0.46713309470523684,182.1649059089159,150.3030745459341
1.1589999999999279,98.77513122558594,151.6472930908203,0.46115178508692173,181.41942769545813,149.83233578234626
1.1594999999999278,98.82404327392578,151.71273803710938,0.4571034923612077,183.12317558379561,151.09324284501375
1.1599999999999278,98.87435913085938,151.7781982421875,0.4560981654088337,187.17572945512185,153.9601250304406
1.1604999999999277,98.92681121826172,151.84364318847656,0.45883254700029613,193.40609896376895,158.27144080664903
1.1609999999999276,98.98202514648438,151.90908813476562,0.4656103663453124,201.59410624032796,163.84195571369844
1.1614999999999276,99.04054260253906,151.97454833984375,0.47639284810957516,207.3901246287865,170.47037908541117
1.1619999999999275,99.09527587890625,152.0399932861328,0.47796590283994844,198.36208577267925,163.0843122116991
1.1624999999999275,99.14700317382812,152.10543823242188,0.4753815754072447,190.86228876998223,157.21158579950355
1.1629999999999274,99.1966781616211,152.1708984375,0.4700885410174851,185.60900697937353,153.23414007853438
1.1634999999999274,99.24530792236328,152.23634338378906,0.463968662743832,182.886960105918,151.2263009922806
1.1639999999999273,99.2938461303711,152.30178833007812,0.4587662946370999,182.76961512825625,151.1407193336013
1.1644999999999273,99.34321594238281,152.36724853515625,0.45588565636911044,185.19326870594264,152.85652311943576
1.1649999999999272,99.39422607421875,152.4326934814453,0.4563218093893999,190.00390248217636,156.20781614278775
1.1654999999999271,99.44760131835938,152.49813842773438,0.4606494715921142,196.98696001191087,161.0008759756097
1.165999999999927,99.50395202636719,152.5635986328125,0.46905172650388605,202.9504918359327,167.02436040505268
1.166499999999927,99.55668640136719,152.62904357910156,0.4723903028067637,194.1946096154008,159.9243546197679
1.166999999999927,99.60645294189453,152.69448852539062,0.47042299785902014,186.60372175265869,154.08414286304304
1.167499999999927,99.65411376953125,152.75994873046875,0.4648782506211346,181.034502230117,149.9800051226486
1.1679999999999269,99.70063018798828,152.8253936767578,0.4578828439424635,177.87629072966303,147.76181160180022
1.1684999999999268,99.74694061279297,152.89083862304688,0.451382982883532,177.27910315727536,147.4370563097336
1.1689999999999268,99.7939682006836,152.956298828125,0.4469646418656458,179.2353093021351,148.92458208070428
1.1694999999999267,99.842529296875,153.02174377441406,0.44579178403266917,183.63190040435896,152.0870930074279
1.1699999999999267,99.89338684082031,153.08718872070312,0.44858949275310817,190.2840891266102,156.75123700086493
1.1704999999999266,99.94718933105469,153.15264892578125,0.45566093839095895,198.95696279111672,162.71979171129044
1.1709999999999265,100.00447082519531,153.2180938720703,0.4669405554580279,205.03538336476876,169.77932518969772
1.1714999999999265,100.05796813964844,153.28353881835938,0.46789597966993546,195.94219402453757,162.30821710849665
1.1719999999999264,100.1085205078125,153.3489990234375,0.46499667779351145,188.59167474933975,156.50448937842975
1.1724999999999264,100.15715026855469,153.41444396972656,0.4596854340347256,183.66797128158342,152.7268392895513
1.1729999999999263,100.20488739013672,153.47988891601562,0.4538512666650055,181.42228644794855,151.02466637041127
1.1734999999999263,100.25273895263672,153.5453338623047,0.4492470702652309,181.89816397562686,151.3284541947404
1.1739999999999262,100.30162811279297,153.6107940673828,0.4472707338143395,185.00464157448806,153.497181279215
1.1744999999999262,100.35240173339844,153.67623901367188,0.4488862800719688,190.56241019841445,157.34646678631697
1.174999999999926,100.40577697753906,153.74168395996094,0.454611124793313,198.33311518466553,162.66528836626583
1.175499999999926,100.46236419677734,153.80714416503906,0.46455188209330706,204.39943057051445,169.22603704002995
1.175999999999926,100.51532745361328,153.87258911132812,0.46681415788961,195.59270013241598,162.0327354929815
1.176499999999926,100.56538391113281,153.9380340576172,0.4645065865085337,188.22420005404797,156.27889148548596
1.1769999999999259,100.61347961425781,154.0034942626953,0.4592233759068289,183.08925621295424,152.404513660775
1.1774999999999258,100.66059875488281,154.06893920898438,0.45299729952383716,180.52391470394087,150.52367360562408
1.1779999999999258,100.70773315429688,154.13438415527344,0.44770393091675986,180.63350322880166,150.6134551350073
1.1784999999999257,100.75579071044922,154.19984436035156,0.4448544474078007,183.37207015113552,152.56630687845959
1.1789999999999257,100.80561828613281,154.26528930664062,0.4455202456582481,188.59301335714193,156.22176311302087
1.1794999999999256,100.85797119140625,154.3307342529297,0.45031597223404973,196.0815272079351,161.38569867625128
1.1799999999999256,100.91346740722656,154.3961944580078,0.45942745363884535,202.5911313046659,167.84203971270392
1.1804999999999255,100.96563720703125,154.46163940429688,0.46321030976893074,194.403032548434,161.20808830126376
1.1809999999999254,101.01506042480469,154.52708435058594,0.46170951553120676,187.3226726053973,155.746971282987
1.1814999999999254,101.06258392333984,154.59254455566406,0.45671913225245014,182.25760823786885,151.98593075177942
1.1819999999999253,101.10914611816406,154.65798950195312,0.4504279271253062,179.62988873232553,150.10846104331915
1.1824999999999253,101.15567779541016,154.7234344482422,0.444829936147319,179.60787650031176,150.1420789953874
1.1829999999999252,101.2031021118164,154.7888946533203,0.4415359152812735,182.19174028683142,152.01582677710368
1.1834999999999252,101.25225830078125,154.85433959960938,0.44170526434422597,187.26845921967222,155.5954985035678
1.1839999999999251,101.30389404296875,154.91978454589844,0.44602829139244743,194.64740309652404,160.7055550811882
1.184499999999925,101.35865783691406,154.98524475097656,0.45474973288127246,201.58400295303838,167.14278444612353
1.184999999999925,101.410400390625,155.05068969726562,0.4598952895995597,194.07559682569928,161.10945069961193
1.185499999999925,101.45957946777344,155.1161346435547,0.4592171801923401,187.36980016476213,155.99215318368724
1.185999999999925,101.50695037841797,155.18157958984375,0.4546657991170358,182.47412672261626,152.3994609712987
1.1864999999999248,101.55339050292969,155.24703979492188,0.4485494902048877,179.88785129648917,150.57957393845228
1.1869999999999248,101.59980773925781,155.31248474121094,0.4429505294166049,179.83591708370952,150.60705038253298
1.1874999999999247,101.64708709716797,155.3779296875,0.4395511305828484,182.35984060103934,152.44491449800663
1.1879999999999247,101.6960678100586,155.44338989257812,0.43957171121873045,187.37664101242822,155.98337773233254
1.1884999999999246,101.74750518798828,155.5088348388672,0.44375379968160505,194.71723869983822,161.06416754409625
1.1889999999999246,101.80205535888672,155.57427978515625,0.4523815247814936,204.15159312970584,167.4959462286199
1.1894999999999245,101.86027526855469,155.63973999023438,0.46534536755043543,210.86572705530824,175.06428655455406
1.1899999999999245,101.91515350341797,155.70518493652344,0.46728678184086114,202.71719023659654,168.36662495400603
1.1904999999999244,101.9674072265625,155.7706298828125,0.46546915098364006,196.09261044463318,163.09974621177386
1.1909999999999243,102.01795959472656,155.83609008789062,0.46136363296983346,191.77047236236658,159.71569700178196
1.1914999999999243,102.06778717041016,155.9015350341797,0.45687313138253033,190.0681486953216,158.3296364238728
1.1919999999999242,102.11786651611328,155.96697998046875,0.45374610590083786,191.07106294956895,158.91449243419757
1.1924999999999242,102.1690902709961,156.03244018554688,0.45335417573023246,194.71238162924658,161.35487861968573
1.1929999999999241,102.2222900390625,156.09788513183594,0.45661572611757173,200.82387405516917,165.47991568129763
1.193499999999924,102.27818298339844,156.163330078125,0.4639913406206322,209.16860011618527,171.08325994150084
1.193999999999924,102.3373794555664,156.22879028320312,0.4755307018145247,215.34398552584207,177.93552216917888
1.194499999999924,102.39310455322266,156.2942352294922,0.4779681329662586,206.80593530978337,170.94841948829972
1.194999999999924,102.4460220336914,156.35968017578125,0.4761184662076289,199.6119643726338,165.2874270718014
1.1954999999999238,102.49702453613281,156.42514038085938,0.4715264234462465,194.610453515589,161.44838813748333
1.1959999999999238,102.54707336425781,156.49058532714844,0.46616354632979706,192.1716938206329,159.58099760431992
1.1964999999999237,102.59712982177734,156.5560302734375,0.46184225140821755,192.41984347845596,159.68300472229444
1.1969999999999237,102.64810943603516,156.62149047851562,0.4600067610117345,195.31650605164916,161.65691278357718
1.1974999999999236,102.70083618164062,156.6869354248047,0.46166100997875725,200.71431663608368,165.34458206795043
1.1979999999999236,102.75605010986328,156.75238037109375,0.4673591808282096,208.39152908894138,170.5486524517776
1.1984999999999235,102.81437683105469,156.81784057617188,0.47724149333517296,214.60759950296867,177.04580259629995
1.1989999999999235,102.86920166015625,156.88328552246094,0.48044289508045657,205.87461343572363,169.9451240186357
1.1994999999999234,102.92112731933594,156.94873046875,0.47860717956831067,198.31803193563246,164.07494346585975
1.1999999999999234,102.97102355957031,157.01417541503906,0.4734795523908134,192.85870546878022,159.97489297018546
1.2004999999999233,103.01983642578125,157.0796356201172,0.4671823743005782,189.92006217734263,157.828768765097
1.2009999999999232,103.06852722167969,157.0796356201172,0.46164634600658616,189.6650195910802,157.65900832834714
1.2014999999999232,103.1180191040039,157.0796356201172,0.45842382778783336,192.08327109443738,159.38575390641063
1.2019999999999231,103.16915130615234,157.0796356201172,0.45862383588940736,197.04753339071317,162.8631889661815
1.202499999999923,103.22268676757812,157.0796356201172,0.4628988003683791,204.35004526113235,167.9022171406465
1.202999999999923,103.27925872802734,157.0796356201172,0.4714712872910913,210.8297950037884,174.28460206810604
1.203499999999923,103.3323745727539,157.0796356201172,0.4753450112955497,202.12570222302836,167.24486868705887
1.203999999999923,103.38261413574219,157.0796356201172,0.4735809184527164,194.48739847342353,161.36719532947743
1.2044999999999229,103.4308090209961,157.0796356201172,0.46811196660261456,188.893883600284,157.22835105198072
1.2049999999999228,103.4779052734375,157.0796356201172,0.46120962531806653,185.8100554640576,155.0402912048744
1.2054999999999227,103.52487182617188,157.0796356201172,0.4549235988817423,185.4281010010594,154.84515690662943
1.2059999999999227,103.57263946533203,157.0796356201172,0.4509095293635557,187.75790894322267,156.57645247098915
1.2064999999999226,103.6220703125,157.0796356201172,0.45036663476711974,192.68557081305343,160.0969668004693
1.2069999999999226,103.6739273071289,157.0796356201172,0.4540198422686333,200.0115089256871,165.22253527996114
1.2074999999999225,103.72887420654297,157.0796356201172,0.46214022391924275,206.87719578854387,171.73710461737602
1.2079999999999225,103.78053283691406,157.0796356201172,0.4665423220984274,198.4908669659685,164.97836863951187
1.2084999999999224,103.82941436767578,157.0796356201172,0.46501576752091384,191.09912929324707,159.31643069736242
1.2089999999999224,103.87635803222656,157.0796356201172,0.4596125011382515,185.72200389413592,155.36069989570314
1.2094999999999223,103.92229461669922,157.0796356201172,0.4527059564136541,182.85322167768084,153.34710378113684
1.2099999999999222,103.96819305419922,157.0796356201172,0.44642841472638883,182.7042605264748,153.3338727371193
1.2104999999999222,104.01497650146484,157.0796356201172,0.4425012459490893,185.29721110310413,155.26473463998548
1.2109999999999221,104.06352996826172,157.0796356201172,0.4421701759180304,190.5250578079405,159.0083947899318
1.211499999999922,104.11461639404297,157.0796356201172,0.446183664492792,198.19110084206204,164.383315070735
1.211999999999922,104.1689224243164,157.0796356201172,0.45481237354681864,205.4151580413237,171.17365417625547
1.212499999999922,104.22013092041016,157.0796356201172,0.4595639452125602,197.508173815297,164.80970704589356
1.212999999999922,104.26874542236328,157.0796356201172,0.4584258893592985,190.54448122898356,159.4723729863123
1.2134999999999219,104.3155517578125,157.0796356201172,0.4534765109368829,185.56952213387908,155.79899130813644
1.2139999999999218,104.36148834228516,157.0796356201172,0.4471186625272223,183.0949382631108,154.04557319823672
1.2144999999999218,104.40750122070312,157.0796356201172,0.4415071988868857,183.34326129483136,154.28329421683307
1.2149999999999217,104.45452880859375,157.0796356201172,0.43837220163761303,186.34256402886226,156.46371944567412
1.2154999999999216,104.50342559814453,157.0796356201172,0.4389500658996939,191.9880455358665,160.45955328932308
1.2159999999999216,104.55496978759766,157.0796356201172,0.44396206578193287,200.0824053156803,166.09056172270235
1.2164999999999215,104.6098403930664,157.0796356201172,0.4536392329460963,207.50071029531173,173.14014421596704
1.2169999999999215,104.66178131103516,157.0796356201172,0.4585290332327888,199.9913167266487,167.09060718385112
1.2174999999999214,104.71125030517578,157.0796356201172,0.4577712504006272,193.3876358285779,162.00583156986704
1.2179999999999214,104.759033203125,157.0796356201172,0.4533961556598193,188.74845303461973,158.54398876622818
1.2184999999999213,104.80602264404297,157.0796356201172,0.4477702681010485,186.5947991136682,156.9753426422793
1.2189999999999213,104.8531723022461,157.0796356201172,0.44301506544248864,187.15420518876292,157.37994450300192
1.2194999999999212,104.90139770507812,157.0796356201172,0.4408212846927434,190.45651716505193,159.71428082229693
1.2199999999999211,104.9515609741211,157.0796356201172,0.4423782546727287,196.39633258099323,163.85321624643274
1.220499999999921,105.0044174194336,157.0796356201172,0.44835683309203217,204.77399867827523,169.6166092437824
1.220999999999921,105.0606460571289,157.0796356201172,0.4589420903197855,212.16821793069946,176.78653322816362
1.221499999999921,105.11398315429688,157.0796356201172,0.4637491559760783,204.76186704450834,170.80603010117136
1.221999999999921,105.16487884521484,157.0796356201172,0.46315773467996146,198.24726769696167,165.76212472864034
1.2224999999999209,105.21409606933594,157.0796356201172,0.459127657530592,193.68764569346914,162.32320638744707
1.2229999999999208,105.26253509521484,157.0796356201172,0.4539624334914579,191.60644587413856,160.76544848996883
1.2234999999999208,105.3111343383789,157.0796356201172,0.4497278926331523,192.23139189683795,161.17180897169166
1.2239999999999207,105.36080169677734,157.0796356201172,0.44806233853370603,195.59089646609152,163.4996122985346
1.2244999999999207,105.4123764038086,157.0796356201172,0.45010729536429867,201.57692935111385,167.62306585305274
1.2249999999999206,105.46662902832031,157.0796356201172,0.4564952253355819,209.98633473831265,173.36038514531327
1.2254999999999205,105.52421569824219,157.0796356201172,0.46738680155783885,217.18653514160803,180.49120500602498
1.2259999999999205,105.57881164550781,157.0796356201172,0.47191095344620415,209.5217251454486,174.2871091403117
1.2264999999999204,105.63088989257812,157.0796356201172,0.4711615857563069,202.77742477846542,169.0473368357619
1.2269999999999204,105.68121337890625,157.0796356201172,0.4670551116145122,198.01339210266454,165.43762804582997
1.2274999999999203,105.7306900024414,157.0796356201172,0.46184905130875803,195.7483455362696,163.72962221391128
1.2279999999999203,105.78025817871094,157.0796356201172,0.45756909233792026,196.20503175766632,164.00167435641598
1.2284999999999202,105.83082580566406,157.0796356201172,0.45582074535369776,199.40669644681367,166.20651974030446
1.2289999999999202,105.88324737548828,157.0796356201172,0.4577224576993952,205.23998457103423,170.21382957388067
1.22949999999992,105.93827056884766,157.0796356201172,0.46389541754809577,213.4962912904714,175.83725586161748
1.22999999999992,105.9965591430664,157.0796356201172,0.4745007954448769,220.44827148051832,182.851960012408
1.23049999999992,106.05167388916016,157.0796356201172,0.47857587596944123,212.26437685940803,176.21538037511476
1.23099999999992,106.10411071777344,157.0796356201172,0.47738337508033135,205.08936346008758,170.63442471448107
1.2314999999999199,106.15467834472656,157.0796356201172,0.4728378876427423,199.97001489762044,166.75908620248302
1.2319999999999198,106.20430755615234,157.0796356201172,0.46718594443181233,197.41147623862278,164.84556868287248
1.2324999999999198,106.25395202636719,157.0796356201172,0.4624439973781377,197.62465683122554,164.95946562132497
1.2329999999999197,106.30453491210938,157.0796356201172,0.4602136215345721,200.62221977934752,167.0427313122687
1.2334999999999197,106.35691833496094,157.0796356201172,0.4616156171981519,206.28111545105378,170.95568252589507
1.2339999999999196,106.411865234375,157.0796356201172,0.4672788874609595,214.38368416126917,176.5036803808959
1.2344999999999196,106.47002410888672,157.0796356201172,0.47737515420360027,221.1483955413402,183.45433323182775
1.2349999999999195,106.52478790283203,157.0796356201172,0.48086237514332897,212.37901103357535,176.32965453332642
1.2354999999999194,106.57673645019531,157.0796356201172,0.4790778036080912,204.77201245239317,170.40655199540407
1.2359999999999194,106.62671661376953,157.0796356201172,0.4739550278880854,199.34856415207142,166.3075467131309
1.2364999999999193,106.67570495605469,157.0796356201172,0.4677523905283779,196.58913990544127,164.26347662843432
1.2369999999999193,106.72467803955078,157.0796356201172,0.46249810854317397,196.68392062914947,164.319411456051
1.2374999999999192,106.77458953857422,157.0796356201172,0.45980610361506136,199.6277207627953,166.40037019087262
1.2379999999999192,106.82630157470703,157.0796356201172,0.46080805518622225,205.28173442731892,170.35229576333361
1.238499999999919,106.88060760498047,157.0796356201172,0.4661393824758129,213.4140951277172,175.96814814587376
1.238999999999919,106.93814849853516,157.0796356201172,0.4759717962910431,220.1037125073452,183.00453010364188
1.239499999999919,106.99212646484375,157.0796356201172,0.47874385693293375,210.84959309076655,175.4643141842515
1.239999999999919,107.04318237304688,157.0796356201172,0.47636496742127676,202.96872183869004,169.30752725494946
1.240499999999919,107.09223937988281,157.0796356201172,0.47077191294571336,197.44110984707405,165.11957205061364
1.2409999999999188,107.14031982421875,157.0796356201172,0.46422911498811487,194.70987806499002,163.09752647928462
1.2414999999999188,107.18843841552734,157.0796356201172,0.45877349745121826,194.9343207077206,163.2592217694735
1.2419999999999187,107.23756408691406,157.0796356201172,0.4560240803760406,198.08313186813234,165.50723143632663
1.2424999999999187,107.2885971069336,157.0796356201172,0.45710832499541165,203.99490992057213,169.66865842385027
1.2429999999999186,107.3423080444336,157.0796356201172,0.46264501059767854,212.41785485346858,175.5202071487767
1.2434999999999186,107.39936065673828,157.0796356201172,0.4727777224545963,219.10650192474557,182.80436344171966
1.2439999999999185,107.45272064208984,157.0796356201172,0.4747001966324824,209.5150433456681,174.95289959495997
1.2444999999999184,107.50312042236328,157.0796356201172,0.47180838083650734,201.5499635538156,168.68589106000366
1.2449999999999184,107.55155944824219,157.0796356201172,0.4659945901343515,196.13338029078275,164.54317752280056
1.2454999999999183,107.59909057617188,157.0796356201172,0.45949455612293166,193.65818482784022,162.6808489061386
1.2459999999999183,107.64677429199219,157.0796356201172,0.4543249930731669,194.2426978195884,163.08376394799993
1.2464999999999182,107.69560241699219,157.0796356201172,0.45207921993944494,197.82151062290288,165.62745929164993
1.2469999999999182,107.74647521972656,157.0796356201172,0.4538454720206958,204.2042598540154,170.11644281774957
1.2474999999999181,107.80017852783203,157.0796356201172,0.4601889665638494,213.11411639527734,176.30826303781146
1.247999999999918,107.85736846923828,157.0796356201172,0.4711913686925994,219.77439168685825,183.9288919145418
1.248499999999918,107.9107437133789,157.0796356201172,0.4721073235986039,209.90518055527542,175.79822816705973
1.248999999999918,107.96114349365234,157.0796356201172,0.4687632805522889,201.94511349227636,169.46667396006345
1.249499999999918,108.00963592529297,157.0796356201172,0.46294749783018196,196.7424219920288,165.4198680002926
1.2499999999999178,108.05731964111328,157.0796356201172,0.45681628184233686,194.62791150072513,163.76586564808736
1.2504999999999178,108.10529327392578,157.0796356201172,0.45232184991673297,195.66998018035565,164.45116362906336
1.2509999999999177,108.15454864501953,157.0796356201172,0.4509895168207205,199.7623598645585,167.32016488486104
1.2514999999999177,108.20600128173828,157.0796356201172,0.4538286810872765,206.68064951697102,172.1517750260762
1.2519999999999176,108.26042175292969,157.0796356201172,0.46131811693194613,213.51117172785342,178.682129661818
1.2524999999999176,108.3114242553711,157.0796356201172,0.4653412777279112,204.45767291450426,171.36449096074264
1.2529999999999175,108.35957336425781,157.0796356201172,0.4632356186959311,196.53882165671087,165.25867536600185
1.2534999999999175,108.40574645996094,157.0796356201172,0.4572217730211975,190.8735906204779,161.0490930306381
1.2539999999999174,108.45093536376953,157.0796356201172,0.44983597259485714,188.00499233985065,159.00692883445527
1.2544999999999173,108.4961929321289,157.0796356201172,0.4433540476469987,188.16073253908195,159.2001576058086
1.2549999999999173,108.54249572753906,157.0796356201172,0.43960790590143095,191.35463322388085,161.5637487296239
1.2554999999999172,108.59078216552734,157.0796356201172,0.4399038658982785,197.45299943109057,165.9440972656116
1.2559999999999172,108.64187622070312,157.0796356201172,0.44498917200774424,206.21851089569114,172.12733166032896
1.2564999999999171,108.69647979736328,157.0796356201172,0.45507297809960745,213.86465756275422,179.85779912589922
1.256999999999917,108.74785614013672,157.0796356201172,0.45832989276364533,205.32997868060545,172.91073969985067
1.257499999999917,108.79661560058594,157.0796356201172,0.45635533743447243,198.19516670513553,167.32362281652567
1.257999999999917,108.84369659423828,157.0796356201172,0.4512493621655078,193.49346297557855,163.73334009719295
1.258499999999917,108.8901138305664,157.0796356201172,0.44542866485748817,191.69699630987168,162.36722794949014
1.2589999999999169,108.93690490722656,157.0796356201172,0.441050124990503,192.97658424817075,163.25766747398927
1.2594999999999168,108.98506164550781,157.0796356201172,0.4398032110404711,197.29939208670922,166.31021511188743
1.2599999999999167,109.03548431396484,157.0796356201172,0.44282244823608985,204.49268602451866,171.34639629102952
1.2604999999999167,109.08898162841797,157.0796356201172,0.45066852351720854,214.28596431627557,178.131116623496
1.2609999999999166,109.14620971679688,157.0796356201172,0.4633770460902423,221.72789281606157,186.39040672420435
1.2614999999999166,109.20008087158203,157.0796356201172,0.4651911111238456,212.9568721095218,179.15306874699374
1.2619999999999165,109.25133514404297,157.0796356201172,0.46293551986109155,205.92655261115587,173.51341104521845
1.2624999999999165,109.30094909667969,157.0796356201172,0.4584123545771154,201.55707839232298,170.03370530678868
1.2629999999999164,109.35000610351562,157.0796356201172,0.4537886864590286,200.22955210322098,168.8761816098113
1.2634999999999164,109.39954376220703,157.0796356201172,0.45100925848869816,202.0432180261525,170.02185913784098
1.2639999999999163,109.45055389404297,157.0796356201172,0.45156331822873036,206.90827518320708,173.33551431973763
1.2644999999999162,109.5039291381836,157.0796356201172,0.4563963375405932,214.60612403209004,178.60600374081818
1.2649999999999162,109.56044006347656,157.0796356201172,0.46590642326684845,221.72572272129986,185.5718521408278
1.2654999999999161,109.61380004882812,157.0796356201172,0.4702553802093278,213.3060784373851,178.75319488817365
1.265999999999916,109.66448974609375,157.0796356201172,0.4688858805410364,205.90262885825254,172.99684316311294
1.266499999999916,109.71334075927734,157.0796356201172,0.4639319632240186,200.68056380503248,169.04267258137867
1.266999999999916,109.76131439208984,157.0796356201172,0.4578516032298744,198.21479388750183,167.19949596169914
1.267499999999916,109.80941009521484,157.0796356201172,0.4528434782101616,198.75137196427139,167.5584197101711
1.2679999999999159,109.8586196899414,157.0796356201172,0.4506526382305745,202.31238826657903,170.06716829037984
1.2684999999999158,109.90983581542969,157.0796356201172,0.4524906065176295,208.76488838022607,174.57716524521913
1.2689999999999158,109.96387481689453,157.0796356201172,0.4590137194111722,217.86665715906906,180.8740382223535
1.2694999999999157,110.02142333984375,157.0796356201172,0.4703591479543844,225.30942629206868,188.6975420320472
1.2699999999999156,110.07569122314453,157.0796356201172,0.4733623140152619,216.58954061712785,181.57105963252187
1.2704999999999156,110.12728881835938,157.0796356201172,0.4714605655731975,209.26382200137562,175.78662137287887
1.2709999999999155,110.17713165283203,157.0796356201172,0.4666562720165301,204.381608818706,172.001363441334
1.2714999999999155,110.22622680664062,157.0796356201172,0.46126310634105827,202.42191585895216,170.4516223337217
1.2719999999999154,110.27561950683594,157.0796356201172,0.4573426084785573,203.5555566020719,171.1720901270093
1.2724999999999154,110.32627868652344,157.0796356201172,0.45649827169626156,207.7445611616286,174.06579909826934
1.2729999999999153,110.37911224365234,157.0796356201172,0.4597952227124261,214.80721804576885,178.9483416296037
1.2734999999999153,110.43490600585938,157.0796356201172,0.46774982125533243,224.46119335788416,185.57615010967228
1.2739999999999152,110.49430847167969,157.0796356201172,0.48038201797635227,231.3890960759979,193.66504544817275
1.2744999999999151,110.5500259399414,157.0796356201172,0.48139673574927855,221.67981475694506,185.63654086956396
1.274999999999915,110.60286712646484,157.0796356201172,0.47844010546343013,213.8589036211707,179.35175776440522
1.275499999999915,110.65385437011719,157.0796356201172,0.47328409240179564,208.83105330835215,175.3550387440538
1.275999999999915,110.7041015625,157.0796356201172,0.4680463179301052,206.9567197835923,173.78616867164334
1.276499999999915,110.75467681884766,157.0796356201172,0.46462768718180425,208.31416017405678,174.60502336896747
1.2769999999999149,110.80658721923828,157.0796356201172,0.4644871650428989,212.79230168371586,177.65627022634652
1.2774999999999148,110.86073303222656,157.0796356201172,0.4685570866588724,220.15103014505593,182.70946348855105
1.2779999999999148,110.91789245605469,157.0796356201172,0.47723887093863593,226.76322046205195,189.48449573766368
1.2784999999999147,110.97142791748047,157.0796356201172,0.48032745418182377,217.01571192133488,181.5535041211633
1.2789999999999146,111.02196502685547,157.0796356201172,0.47773016122067374,208.58909416676835,174.97758807115915
1.2794999999999146,111.07042694091797,157.0796356201172,0.4716006619825703,202.6064024938932,170.4492282857566
1.2799999999999145,111.11785888671875,157.0796356201172,0.4643988089184585,199.59774300980257,168.22983567971474
1.2804999999999145,111.1653060913086,157.0796356201172,0.45832749694724967,199.7689804106417,168.37016106096988
1.2809999999999144,111.21381378173828,157.0796356201172,0.45514144799995443,203.10532687508527,170.7828143095244
1.2814999999999144,111.2643051147461,157.0796356201172,0.4560647961297297,209.43930047809533,175.28788555633625
1.2819999999999143,111.3176040649414,157.0796356201172,0.4617643497470109,218.49590574519527,181.6424713477361
1.2824999999999143,111.37442016601562,157.0796356201172,0.4723804699401448,225.6495684299555,189.56003188373577
1.2829999999999142,111.42749786376953,157.0796356201172,0.4737469942133928,215.65165928594814,181.3414394453506
1.2834999999999142,111.47764587402344,157.0796356201172,0.4704274915922942,207.52107223465256,174.88462623017355
1.283999999999914,111.52590942382812,157.0796356201172,0.464443696970224,202.2210242519839,170.7656922892038
1.284499999999914,111.57341003417969,157.0796356201172,0.4581241878935362,200.1490230449442,169.14496709220936
1.284999999999914,111.62125396728516,157.0796356201172,0.4535471643332462,201.40642482268112,169.99425724723636
1.285499999999914,111.67047882080078,157.0796356201172,0.4523240314106586,205.89471096703969,173.16353052259385
1.2859999999999139,111.7220230102539,157.0796356201172,0.4555083607208514,213.37825900914942,178.42255930939785
1.2864999999999138,111.77668762207031,157.0796356201172,0.4635802696615475,220.5129648356736,185.48749183288177
1.2869999999999138,111.82785034179688,157.0796356201172,0.466915865048221,210.99940595518592,177.76443633840026
1.2874999999999137,111.87614440917969,157.0796356201172,0.46431118057199233,202.84546841008216,171.41851225189183
1.2879999999999137,111.9225082397461,157.0796356201172,0.4580747967653795,197.2049981235579,167.1658976674519
1.2884999999999136,111.96798706054688,157.0796356201172,0.45080538884736393,194.6243064091584,165.2811402286593
1.2889999999999135,112.01367950439453,157.0796356201172,0.44482163760814286,195.31572869222424,165.82053238406164
1.2894999999999135,112.06062316894531,157.0796356201172,0.44196524338820237,199.26358007035745,168.69636666872827
1.2899999999999134,112.10977172851562,157.0796356201172,0.44350781728117805,206.29386705246915,173.72412735693257
1.2904999999999134,112.1619644165039,157.0796356201172,0.45011675666569606,216.1208034910936,180.65301607312176
1.2909999999999133,112.21792602539062,157.0796356201172,0.46188955831227047,223.86645978240145,189.18617478193346
1.2914999999999133,112.27037048339844,157.0796356201172,0.46329243474313514,214.42808216070492,181.39662495348216
1.2919999999999132,112.32009887695312,157.0796356201172,0.46034490581135407,206.93921248053863,175.39283587095133
1.2924999999999132,112.36817932128906,157.0796356201172,0.45506246146759577,202.36020653743665,171.76038612709362
1.292999999999913,112.41574096679688,157.0796356201172,0.4497764161273866,201.079876458345,170.6605875662245
1.293499999999913,112.46388244628906,157.0796356201172,0.4465569309677906,203.186915101659,172.06107671239053
1.293999999999913,112.5136489868164,157.0796356201172,0.4469778799445773,208.56723358906424,175.80403628448946
1.294499999999913,112.56597900390625,157.0796356201172,0.4520202194576173,216.96754615502823,181.64888569258122
1.2949999999999129,112.62165832519531,157.0796356201172,0.4620653415759553,224.40256158894732,189.29965182594546
1.2954999999999128,112.67399597167969,157.0796356201172,0.46509175003382863,215.29949061370897,181.86321484781632
1.2959999999999128,112.72362518310547,157.0796356201172,0.4628266860152979,207.66231108584373,175.84013246603539
1.2964999999999127,112.77149200439453,157.0796356201172,0.45745306132363317,202.62105876840744,171.94416774983068
1.2969999999999127,112.81864929199219,157.0796356201172,0.451470569514282,200.69860036171352,170.4413159594957
1.2974999999999126,112.86619567871094,157.0796356201172,0.4471066875753136,202.08417248862702,171.37691065787712
1.2979999999999126,112.91515350341797,157.0796356201172,0.44609746499784086,206.73932330873484,174.65074502247805
1.2984999999999125,112.96646881103516,157.0796356201172,0.4495908729694601,214.46765281668095,180.06489837184398
1.2989999999999124,113.02096557617188,157.0796356201172,0.4581254729329997,222.2850889132125,187.35468368702806
1.2994999999999124,113.07247161865234,157.0796356201172,0.4631509671678662,213.96922778045237,180.66706824211946
1.2999999999999123,113.12141418457031,157.0796356201172,0.461822855967523,206.5849090750117,174.9632840704065
1.3004999999999123,113.16860961914062,157.0796356201172,0.4565971006842771,201.4377865818444,171.0938226175835
1.3009999999999122,113.21504211425781,157.0796356201172,0.4501850994353291,199.1900547455606,169.4370428655741
1.3014999999999122,113.2617416381836,157.0796356201172,0.44498388479101997,200.13641118518404,170.12255463777745
1.3019999999999121,113.30972290039062,157.0796356201172,0.4428872260960241,204.3183061683151,173.11333404032948
1.302499999999912,113.35994720458984,157.0796356201172,0.44519689877213514,211.59975451175518,178.25859535478054
1.302999999999912,113.41323852539062,157.0796356201172,0.45259244412946054,221.71831980601826,185.32839159927994
1.303499999999912,113.47032928466797,157.0796356201172,0.4651705907580607,229.88313403227994,194.03696235082802
1.303999999999912,113.52423858642578,157.0796356201172,0.46780297117838765,221.22597398308855,186.91747252896985
1.3044999999999118,113.57562255859375,157.0796356201172,0.465864767144327,214.18555139163618,181.2790948270936
1.3049999999999118,113.62545013427734,157.0796356201172,0.4614365151605889,209.84101830441583,177.8136600281907
1.3054999999999117,113.67477416992188,157.0796356201172,0.4568865698871178,208.67001756961665,176.76233041883825
1.3059999999999117,113.72467041015625,157.0796356201172,0.4543009714349709,210.8229038727832,178.14794608309907
1.3064999999999116,113.77615356445312,157.0796356201172,0.4552585496638155,216.2268912983668,181.8495801072362
1.3069999999999116,113.83014678955078,157.0796356201172,0.46074293044601683,224.6546394612051,187.64994650998304
1.3074999999999115,113.88743591308594,157.0796356201172,0.47114189979028587,232.1736663037393,195.26618064028457
1.3079999999999115,113.94151306152344,157.0796356201172,0.47489799037951197,223.30302229762418,188.04375533911713
1.3084999999999114,113.99290466308594,157.0796356201172,0.4731349978038811,215.65394234496506,182.02674707337275
1.3089999999999113,114.0425033569336,157.0796356201172,0.46808855575913716,210.45104790652275,178.00892583533255
1.3094999999999113,114.09132385253906,157.0796356201172,0.46227986805292354,208.28655899687706,176.3150828985269
1.3099999999999112,114.14041900634766,157.0796356201172,0.45794301899103035,209.3973282167522,177.0305240230973
1.3104999999999112,114.1908187866211,157.0796356201172,0.45681948244291637,213.77613071037499,180.08109789088599
1.3109999999999111,114.24344635009766,157.0796356201172,0.46007047448216154,221.2453383865863,185.2843962226176
1.311499999999911,114.29914093017578,157.0796356201172,0.46825912534214864,231.50643455611,192.38337202481588
1.311999999999911,114.35858917236328,157.0796356201172,0.4814028094666178,238.97697954911504,201.06872040449258
1.312499999999911,114.41439819335938,157.0796356201172,0.48232848121019417,229.07045808959106,192.85230287856706
1.312999999999911,114.46737670898438,157.0796356201172,0.47928228662740935,221.18049257585668,186.46452350944153
1.3134999999999108,114.51858520507812,157.0796356201172,0.4741820857073106,216.28114757750615,182.5096550612762
1.3139999999999108,114.56916046142578,157.0796356201172,0.46924480130057883,214.759815843991,181.1507615743309
1.3144999999999107,114.62022399902344,157.0796356201172,0.4664314490398675,216.69403969422638,182.34843337030787
1.3149999999999107,114.67281341552734,157.0796356201172,0.46721700196170823,221.95132547418604,185.9314813011694
1.3154999999999106,114.72784423828125,157.0796356201172,0.47250307356603666,230.25459596776653,191.64143697642055
1.3159999999999106,114.78610229492188,157.0796356201172,0.48262011299136204,237.04801701959107,199.1613312816304
1.3164999999999105,114.84056854248047,157.0796356201172,0.4843134380948278,226.5575793717688,190.54269070313876
1.3169999999999105,114.89197540283203,157.0796356201172,0.48096540692685624,217.8188147214171,183.60247196942734
1.3174999999999104,114.94135284423828,157.0796356201172,0.4747100553244417,211.93198338154602,179.023420128343
1.3179999999999104,114.98982238769531,157.0796356201172,0.46797865781824266,209.38076340827186,177.0320406292064
1.3184999999999103,115.03852081298828,157.0796356201172,0.46293732474433924,210.31426801184338,177.63564624111334
1.3189999999999102,115.08851623535156,157.0796356201172,0.46127178662673735,214.6531048020578,180.6972457673369
1.3194999999999102,115.1407699584961,157.0796356201172,0.46409341983362795,222.1592525784206,185.98304298254737
1.3199999999999101,115.19610595703125,157.0796356201172,0.47191908872690774,229.343712041765,193.19329044071108
1.32049999999991,115.24781036376953,157.0796356201172,0.4748773970628742,219.15253312972163,184.91224047736773
1.32099999999991,115.29652404785156,157.0796356201172,0.47174956514286154,210.42451368322392,178.0991854765423
1.32149999999991,115.34321594238281,157.0796356201172,0.46498173579900354,204.38639711863624,173.5258630705305
1.32199999999991,115.38899993896484,157.0796356201172,0.4572652806533555,201.61799080094315,171.49037593752294
1.3224999999999099,115.43498992919922,157.0796356201172,0.4509858504593054,202.3393734342235,172.05261795078732
1.3229999999999098,115.4822769165039,157.0796356201172,0.4480283179174504,206.5229969818861,175.11372457580995
1.3234999999999097,115.53184509277344,157.0796356201172,0.4496794274121802,213.96798108139828,180.466845575585
1.3239999999999097,115.58455657958984,157.0796356201172,0.45659120172239764,224.35020534082406,187.8304919271734
1.3244999999999096,115.6411361694336,157.0796356201172,0.46881900507605684,232.1399339371299,196.8709733517266
1.3249999999999096,115.69390869140625,157.0796356201172,0.46882318039320453,221.6621956916663,188.15839514750135
1.3254999999999095,115.74381256103516,157.0796356201172,0.4648724290253596,213.5885532517574,181.60765312715742
1.3259999999999095,115.79202270507812,157.0796356201172,0.4590167055332188,208.8417969239413,177.77229472580896
1.3264999999999094,115.83976745605469,157.0796356201172,0.4535931946905716,207.7535616390089,176.7632591822163
1.3269999999999094,115.88821411132812,157.0796356201172,0.4506594285651145,210.34933626659992,178.49463059890934
1.3274999999999093,115.93846893310547,157.0796356201172,0.4517452091067472,216.4473071434905,182.7529793799521
1.3279999999999093,115.99148559570312,157.0796356201172,0.4577506010755209,225.7231760296989,189.24075714621256
1.3284999999999092,116.04805755615234,157.0796356201172,0.4689471473167999,233.03021686630615,197.60444058567802
1.3289999999999091,116.10081481933594,157.0796356201172,0.4694705859022898,222.46971182461127,188.84771098754615
1.329499999999909,116.15064239501953,157.0796356201172,0.4656537474815508,214.1319213600883,182.12075172758747
1.329999999999909,116.19866943359375,157.0796356201172,0.4595895267540848,209.02144169785214,178.03725222562932
1.330499999999909,116.2461166381836,157.0796356201172,0.4536905978592065,207.53264757315173,176.75557108840695
1.330999999999909,116.2941665649414,157.0796356201172,0.4500990049334461,209.73627173567306,178.2234313145207
1.3314999999999089,116.34390258789062,157.0796356201172,0.450435194958888,215.4828234439584,182.2508996684567
1.3319999999999088,116.39630889892578,157.0796356201172,0.455688719176468,224.47063229685,188.556527031159
1.3324999999999088,116.45221710205078,157.0796356201172,0.4662080651364346,232.00520596869066,196.79723418462942
1.3329999999999087,116.50447082519531,157.0796356201172,0.4676293313359211,221.8107277317771,188.3898301259162
1.3334999999999086,116.55387115478516,157.0796356201172,0.464226052858943,213.60191272572615,181.81814212552945
1.3339999999999086,116.60150146484375,157.0796356201172,0.45822559291292203,208.47268626352673,177.76628075439777
1.3344999999999085,116.64852905273438,157.0796356201172,0.4521518666646931,206.88612978580693,176.4484119845221
1.3349999999999085,116.69612884521484,157.0796356201172,0.44823881029947304,208.9633389982977,177.85286449605894
1.3354999999999084,116.74539184570312,157.0796356201172,0.4481890828145239,214.5913045143463,181.81881838609718
1.3359999999999084,116.79729461669922,157.0796356201172,0.45306477415567803,223.49422061850188,188.08516934363433
1.3364999999999083,116.8526840209961,157.0796356201172,0.4632717980275137,231.32390709322377,196.32249816176977
1.3369999999999083,116.90460968017578,157.0796356201172,0.4655442319703266,221.57789358162464,188.32335840374233
1.3374999999999082,116.95378875732422,157.0796356201172,0.46261996885910117,213.59916080854018,181.9736695024932
1.3379999999999082,117.00123596191406,157.0796356201172,0.456836894651573,208.56115948055356,178.02268878945137
1.338499999999908,117.04811096191406,157.0796356201172,0.45080747616811484,206.98816159139332,176.73603264899097
1.338999999999908,117.09554290771484,157.0796356201172,0.4468356332657211,209.04587391550064,178.13918451129672
1.339499999999908,117.14463806152344,157.0796356201172,0.44668322396993776,214.6533404839859,182.0978453153541
1.339999999999908,117.19636535644531,157.0796356201172,0.45146180024161303,223.5572078723279,188.36926504565182
1.3404999999999079,117.25157928466797,157.0796356201172,0.4616144975225542,231.64253129669783,196.636172081535
1.3409999999999078,117.30350494384766,157.0796356201172,0.464621211753092,222.32664904806052,189.02068543790153
1.3414999999999078,117.352783203125,157.0796356201172,0.4621690953774878,214.58398088658464,182.8849717664887
1.3419999999999077,117.40038299560547,157.0796356201172,0.4566737597448658,209.65626700247614,179.03600616671093
1.3424999999999077,117.44741821289062,157.0796356201172,0.4508075201170813,208.12046004564988,177.7847266035735
1.3429999999999076,117.4950180053711,157.0796356201172,0.44691930557786846,210.18052590611165,179.1893178553677
1.3434999999999075,117.54426574707031,157.0796356201172,0.44680753072499374,215.7828329126719,183.1385983312204
1.3439999999999075,117.59613800048828,157.0796356201172,0.45161398568041117,224.69298822385645,189.40575217216366
1.3444999999999074,117.65148162841797,157.0796356201172,0.46180532764997556,232.9526364224396,197.68388902696017
1.3449999999999074,117.70368194580078,157.0796356201172,0.46540453386856717,223.96858475488858,190.36430023897796
1.3454999999999073,117.75330352783203,157.0796356201172,0.4633479571864025,216.3905088316024,184.3785885420641
1.3459999999999073,117.80127716064453,157.0796356201172,0.45810517624448127,211.5182285128139,180.58315409317703
1.3464999999999072,117.84868621826172,157.0796356201172,0.45238710691955736,209.97345553906763,179.32754212904112
1.3469999999999072,117.89664459228516,157.0796356201172,0.44857019240056334,211.99255751214358,180.69765469653302
1.347499999999907,117.94622039794922,157.0796356201172,0.4484755871262259,217.54491610501572,184.60181092578117
1.347999999999907,117.99839782714844,157.0796356201172,0.4532660231422998,226.41195819711368,190.82650471422681
1.348499999999907,118.05402374267578,157.0796356201172,0.46342759625066643,234.7591476251886,199.07338023842763
1.348999999999907,118.10658264160156,157.0796356201172,0.46746506389699977,225.96244477028313,191.9267686945183
1.3494999999999069,118.15660095214844,157.0796356201172,0.46567186057415655,218.43738848264408,186.0003758823408
1.3499999999999068,118.20497131347656,157.0796356201172,0.4605616909246478,213.53240406009922,182.19096756631268
1.3504999999999068,118.25275421142578,157.0796356201172,0.4548751024140306,211.90626573985054,180.87928550932958
1.3509999999999067,118.30104064941406,157.0796356201172,0.4510097508799491,213.82197419130384,182.17343013048466
1.3514999999999067,118.35091400146484,157.0796356201172,0.4508062341140367,219.26759474758222,185.9971814491774
1.3519999999999066,118.40335083007812,157.0796356201172,0.4554479212917244,228.03712602244113,192.14729062006614
1.3524999999999066,118.45919799804688,157.0796356201172,0.465442427243882,236.41200212552565,200.33170212898335
1.3529999999999065,118.51200866699219,157.0796356201172,0.4697666336180409,227.66431417912773,193.2416336374319
1.3534999999999064,118.5622787475586,157.0796356201172,0.46809082695550297,220.09369904338382,187.29605060581548
1.3539999999999064,118.61087799072266,157.0796356201172,0.46297287605398313,215.0876267217486,183.42264701488912
1.3544999999999063,118.65885925292969,157.0796356201172,0.4571834169604618,213.3338619626078,182.02549953132015
1.3549999999999063,118.70730590820312,157.0796356201172,0.4531430884918899,215.11581178272112,183.22895918362036
1.3554999999999062,118.75729370117188,157.0796356201172,0.4527146634303384,220.43537654894732,186.9676766804267
1.3559999999999062,118.80980682373047,157.0796356201172,0.45710491574423273,229.09531489526614,193.04518010663935
1.3564999999999061,118.86569213867188,157.0796356201172,0.46684472683922196,237.47982207128368,201.17300280830878
1.356999999999906,118.91854858398438,157.0796356201172,0.4713189887072286,228.6910657633112,194.06203097718708
1.357499999999906,118.96884155273438,157.0796356201172,0.4696444387087736,221.0286375522596,188.05825918282582
1.357999999999906,119.01744079589844,157.0796356201172,0.46442404400313353,215.90871240164068,184.11096517336267
1.358499999999906,119.06539154052734,157.0796356201172,0.45846088116277056,214.039224450626,182.63959742469893
1.3589999999999058,119.11378479003906,157.0796356201172,0.45420150797412406,215.71701117402085,183.77860643522038
1.3594999999999058,119.16368865966797,157.0796356201172,0.45353274411851885,220.95222016354407,187.46867219741293
1.3599999999999057,119.21609497070312,157.0796356201172,0.4576841129145327,229.55183783231453,193.51626054735578
1.3604999999999057,119.27186584472656,157.0796356201172,0.4672059493861965,237.96124678033792,201.63344713442888
1.3609999999999056,119.3245849609375,157.0796356201172,0.4717116266547876,229.09952615909458,194.4696458890387
1.3614999999999056,119.37474060058594,157.0796356201172,0.46997346486336444,221.3568122978063,188.41021314354563
1.3619999999999055,119.42317962646484,157.0796356201172,0.46463343795553885,216.16666955653008,184.41699998391005
1.3624999999999055,119.47096252441406,157.0796356201172,0.4585241680468232,214.2476682194989,182.91713795742717
1.3629999999999054,119.51918029785156,157.0796356201172,0.4541160010199689,215.9024550692488,184.0490663279913
1.3634999999999053,119.56891632080078,157.0796356201172,0.4533155836231318,221.14325795921857,187.7546647225764
1.3639999999999053,119.62115478515625,157.0796356201172,0.4573674066566466,229.77624644459272,193.83939585788227
1.3644999999999052,119.67677307128906,157.0796356201172,0.46683022201074204,238.23408030157856,202.01270280429603
1.3649999999999052,119.72933197021484,157.0796356201172,0.4712603963554227,229.3015317411709,194.78961770569063
1.3654999999999051,119.77930450439453,157.0796356201172,0.4694363567460774,221.52016185282574,188.6968405964712
1.365999999999905,119.82758331298828,157.0796356201172,0.464023080010995,216.3289664226634,184.70035378142208
1.366499999999905,119.87521362304688,157.0796356201172,0.45787135950356816,214.4472826721577,183.22752586805777
1.366999999999905,119.92330169677734,157.0796356201172,0.45346544211972023,216.17569854765787,184.41493826925628
1.367499999999905,119.97293090820312,157.0796356201172,0.45272005482241745,221.52219031763198,188.20095715079694
1.3679999999999048,120.02510833740234,157.0796356201172,0.45688009618168535,230.28697834238665,194.3863255616848
1.3684999999999048,120.0806884765625,157.0796356201172,0.46649668091838487,238.79823415418193,202.6747691206016
1.3689999999999047,120.13319396972656,157.0796356201172,0.4707442124312781,229.7901660748918,195.37891061817373
1.3694999999999047,120.18312072753906,157.0796356201172,0.4688239488683424,222.00032644550706,189.26450201170297
1.3699999999999046,120.23136138916016,157.0796356201172,0.46340070778281084,216.86113193951437,185.2931801634294
1.3704999999999046,120.27897644042969,157.0796356201172,0.45732517334387696,215.0829376395785,183.88537805370066
1.3709999999999045,120.32710266113281,157.0796356201172,0.4530794527398603,216.95658983818944,185.1701635113126
1.3714999999999045,120.3768081665039,157.0796356201172,0.4525696998696282,222.4797242680274,189.07789085392668
1.3719999999999044,120.42910766601562,157.0796356201172,0.4570238244540983,231.4417735978167,195.4010329618618
1.3724999999999044,120.48486328125,157.0796356201172,0.4669690686847749,239.97899092155296,203.83488450219826
1.3729999999999043,120.53750610351562,157.0796356201172,0.47091569877420675,230.85138230883,196.42084681381655
1.3734999999999042,120.58755493164062,157.0796356201172,0.4688665192874098,223.04155243255101,190.26480416161775
1.3739999999999042,120.63594055175781,157.0796356201172,0.4634622005254106,217.9637294554429,186.31547018131863
1.3744999999999041,120.68373107910156,157.0796356201172,0.4575332383446792,216.30991155152918,184.97899422230245
1.374999999999904,120.73206329345703,157.0796356201172,0.4535421975382173,218.353915519249,186.37120897420633
1.375499999999904,120.78204345703125,157.0796356201172,0.4533702499847272,224.07735802335458,190.41015165631714
1.375999999999904,120.83464813232422,157.0796356201172,0.45821339899633967,233.25446622916195,196.87657511151542
1.376499999999904,120.8907699584961,157.0796356201172,0.4685632744354391,241.76297563897893,205.45480495981715
1.3769999999999039,120.9437026977539,157.0796356201172,0.4720760830991352,232.4260474777788,197.84127753788732
1.3774999999999038,120.99401092529297,157.0796356201172,0.46982492294519745,224.54012010970172,191.5914830463201
1.3779999999999037,121.04264831542969,157.0796356201172,0.46440772011200154,219.49007239461082,187.63201582739882
1.3784999999999037,121.09072875976562,157.0796356201172,0.458618574239009,217.94045971648583,186.3470869432003
1.3789999999999036,121.1393814086914,157.0796356201172,0.45488690423314826,220.14106054282422,187.8333820505233
1.3794999999999036,121.1897201538086,157.0796356201172,0.45505729239325127,226.05205977524676,191.9920664145199
1.3799999999999035,121.24273681640625,157.0796356201172,0.460284746602982,235.4283109397409,198.5888257398366
1.3804999999999035,121.29930114746094,157.0796356201172,0.47101953578949546,243.8458477790673,207.29434913701024
1.3809999999999034,121.35256958007812,157.0796356201172,0.47395652049100645,234.1846503182292,199.38113059834515
1.3814999999999034,121.40316009521484,157.0796356201172,0.471397657277464,226.14516247136245,192.97147201191498
1.3819999999999033,121.45205688476562,157.0796356201172,0.4658874223348286,221.0718390894124,188.96006400598125
1.3824999999999033,121.50040435791016,157.0796356201172,0.46017399630219147,219.59264435415574,187.7009453690102
1.3829999999999032,121.54936981201172,157.0796356201172,0.4566461403998766,221.92624377345317,189.26545421637124
1.3834999999999031,121.60004425048828,157.0796356201172,0.4571060850822866,228.00590398458215,193.53304010169902
1.383999999999903,121.6534423828125,157.0796356201172,0.4626638666337512,237.5628521970923,200.25066840353531
1.384499999999903,121.7104263305664,157.0796356201172,0.473726198149637,245.84105734006337,209.07263679172334
1.384999999999903,121.76396179199219,157.0796356201172,0.47594681910102277,235.74843017519294,200.76660281522194
1.385499999999903,121.81473541259766,157.0796356201172,0.47296812766253415,227.48978865334962,194.1413324658365
1.3859999999999029,121.86380004882812,157.0796356201172,0.46727595253665416,222.35763668588606,190.04936805333384
1.3864999999999028,121.91231536865234,157.0796356201172,0.4615681271290803,220.9337398637601,188.80590734500308
1.3869999999999028,121.96147155761719,157.0796356201172,0.4581894972910473,223.39815715420406,190.45027554551186
1.3874999999999027,122.01239013671875,157.0796356201172,0.4588971826441417,229.65136109242542,194.8351652213986
1.3879999999999026,122.06607055664062,157.0796356201172,0.46475351169246804,239.3963345050245,201.68480219748457
1.3884999999999026,122.12338256835938,157.0796356201172,0.47611874062746873,247.5115793287746,210.6340683731183
1.3889999999999025,122.17706298828125,157.0796356201172,0.47749271282175093,236.91332249289556,201.8683302507405
1.3894999999999025,122.22789001464844,157.0796356201172,0.4740026835029676,228.40490833744371,194.99809985289437
1.3899999999999024,122.2769775390625,157.0796356201172,0.46807093613811573,223.21450664136103,190.82316030499118
1.3904999999999024,122.3255386352539,157.0796356201172,0.46234107913707173,221.8674028779522,189.61103500748388
1.3909999999999023,122.3747787475586,157.0796356201172,0.4591106588638224,224.49698025356003,191.36214363383044
1.3914999999999023,122.42584228515625,157.0796356201172,0.4600874280099645,230.96454558857693,195.89706278416182
1.3919999999999022,122.47972106933594,157.0796356201172,0.46628029821790945,240.93979212842947,202.91312642545938
1.3924999999999021,122.53727722167969,157.0796356201172,0.4779962657390377,248.88781647185252,212.02254438705737
1.392999999999902,122.59101867675781,157.0796356201172,0.4784059715613785,237.74662930059313,202.75872994757992
1.393499999999902,122.64181518554688,157.0796356201172,0.4743459912754712,228.9937225075068,195.64001505783787
1.393999999999902,122.69085693359375,157.0796356201172,0.4681658933398792,223.77962255032614,191.4027357761479
1.394499999999902,122.73939514160156,157.0796356201172,0.4624472694368834,222.5622468912864,190.25776876494393
1.3949999999999019,122.78866577148438,157.0796356201172,0.45943279378626395,225.4197712057849,192.15971912033567
1.3954999999999018,122.83983612060547,157.0796356201172,0.46077174711243024,232.1676196871277,196.8916604154174
1.3959999999999018,122.89390563964844,157.0796356201172,0.46740884832036744,239.6810520428556,204.11987735050138
1.3964999999999017,122.9444580078125,157.0796356201172,0.4709627016599479,229.10274769099632,195.54944060814114
1.3969999999999017,122.99205017089844,157.0796356201172,0.4676616628170962,219.91426187255828,188.36699566449218
1.3974999999999016,123.03766632080078,157.0796356201172,0.4603830964552384,213.64230384375816,183.58627654044756
1.3979999999999015,123.08247375488281,157.0796356201172,0.45220531518518886,211.04634313418964,181.65020242296555
1.3984999999999015,123.12767028808594,157.0796356201172,0.4458385416925307,212.4358113423708,182.68997175159672
1.3989999999999014,123.17443084716797,157.0796356201172,0.4434090272845618,217.8036156450357,186.6228415288518
1.3994999999999014,123.22383117675781,157.0796356201172,0.4463288370323651,226.91648579817416,193.21642764604735
1.3999999999999013,123.27681732177734,157.0796356201172,0.4552398296469564,235.97354240915217,202.13227768696555
1.4004999999999013,123.32661437988281,157.0796356201172,0.4585281385172953,226.41712404500745,194.36137550670173
1.4009999999999012,123.37384796142578,157.0796356201172,0.45570120516388724,218.5117968714311,188.1182542251423
1.4014999999999012,123.41952514648438,157.0796356201172,0.4496300017876753,213.69458930567083,184.36577852622133
1.401999999999901,123.46482849121094,157.0796356201172,0.44334514717781515,212.64756606837184,183.49875604220549
1.402499999999901,123.51095581054688,157.0796356201172,0.4394688750461112,215.6158354569057,185.60790122176311
1.402999999999901,123.55905151367188,157.0796356201172,0.4399774534983051,222.53769381688585,190.57561372313754
1.403499999999901,123.61018371582031,157.0796356201172,0.44607306396546365,233.13277708704047,198.13913200874507
1.4039999999999009,123.66522979736328,157.0796356201172,0.4581611555735429,242.47099739175636,207.93327784616508
1.4044999999999008,123.71712493896484,157.0796356201172,0.4605757387004645,233.1283975226827,200.2168463061362
1.4049999999999008,123.76656341552734,157.0796356201172,0.4580495388062469,225.76210583701663,194.24540444412702
1.4054999999999007,123.81462860107422,157.0796356201172,0.45317377011787047,221.69011160617384,190.9048888600931
1.4059999999999007,123.86249542236328,157.0796356201172,0.44873558796837626,221.495575020706,190.5205799283465
1.4064999999999006,123.91139221191406,157.0796356201172,0.44712543736402854,225.34330985405492,193.12647383037432
1.4069999999999006,123.96244049072266,157.0796356201172,0.4500759108232877,233.10588020976778,198.5583971378479
1.4074999999999005,124.01665496826172,157.0796356201172,0.45854815281818806,241.6904302816069,206.51529052422245
1.4079999999999004,124.0679931640625,157.0796356201172,0.4638548114361035,232.9262290339243,199.4687695088651
1.4084999999999004,124.1168441772461,157.0796356201172,0.462290931184309,225.11806820783565,193.37290576255384
1.4089999999999003,124.16405487060547,157.0796356201172,0.45679783512857236,219.9322635449,189.37899391125868
1.4094999999999003,124.21068572998047,157.0796356201172,0.4505005236404516,218.23651394571033,188.03633107446618
1.4099999999999002,124.25790405273438,157.0796356201172,0.4461219791164562,220.41643050091122,189.5510489197703
1.4104999999999002,124.30683135986328,157.0796356201172,0.44576058930365264,226.51651440795362,193.89149090750587
1.4109999999999001,124.3585205078125,157.0796356201172,0.45076533935447405,236.336133057846,200.8583602420748
1.4114999999999,124.41390228271484,157.0796356201172,0.46169844599742915,245.8435979990271,210.13253816846645
1.4119999999999,124.46647644042969,157.0796356201172,0.46623363536916623,237.35765601042726,203.24633338142195
1.4124999999999,124.5167236328125,157.0796356201172,0.4647706552296704,230.14149520329312,197.5210414031294
1.4129999999999,124.5655288696289,157.0796356201172,0.4601279062138089,225.74484778032925,194.03017370423507
1.4134999999998998,124.6139907836914,157.0796356201172,0.45526878796552556,224.93730649064491,193.2532675170262
1.4139999999998998,124.66325378417969,157.0796356201172,0.4527357312825452,228.02574266651405,195.34054505842656
1.4144999999998997,124.71443176269531,157.0796356201172,0.45442184483701903,234.9904587037582,200.21493803750013
1.4149999999998997,124.7685546875,157.0796356201172,0.46146195161374803,245.5778760935756,207.63982592395152
1.4154999999998996,124.82649230957031,157.0796356201172,0.47422818135674744,254.7202674206763,217.2652731156517
1.4159999999998996,124.88130950927734,157.0796356201172,0.47722389451054953,245.40378198276966,209.58266712104222
1.4164999999998995,124.9336166381836,157.0796356201172,0.4751491801293738,237.7895835398711,203.4139561376518
1.4169999999998995,124.98441314697266,157.0796356201172,0.4705644379417723,233.28812166718583,199.72528419062658
1.4174999999998994,125.03485107421875,157.0796356201172,0.466205215177861,232.5519818196957,198.90155381078384
1.4179999999998993,125.08609008789062,157.0796356201172,0.4644146764338734,235.7944907022584,201.01780929155234
1.4184999999998993,125.13926696777344,157.0796356201172,0.4669035993065196,242.92063669691842,205.93705158700476
1.4189999999998992,125.19536590576172,157.0796356201172,0.474649994800852,253.6159678133525,213.37464981843445
1.4194999999998992,125.25524139404297,157.0796356201172,0.4879109983763627,261.9729426021754,222.94243191654624
1.4199999999998991,125.3115005493164,157.0796356201172,0.48896742409814015,251.20317395012438,213.96852813311156
1.420499999999899,125.36491394042969,157.0796356201172,0.48564056872548816,242.65207508434972,206.96063157558757
1.420999999999899,125.41661834716797,157.0796356201172,0.4802975011132907,237.57912563282258,202.75789872251394
1.421499999999899,125.46784210205078,157.0796356201172,0.47550258757551356,236.5097649975606,201.6352816594133
1.421999999999899,125.51980590820312,157.0796356201172,0.47345836031929894,239.5564680726565,203.58161539322498
1.4224999999998988,125.57364654541016,157.0796356201172,0.4757578911584877,246.54365357108276,208.3918810005268
1.4229999999998988,125.63036346435547,157.0796356201172,0.48328571780072976,253.87801733507132,215.72767876881932
1.4234999999998987,125.68341827392578,157.0796356201172,0.48644806734437135,242.68551244357556,206.6228499757446
1.4239999999998987,125.73338317871094,157.0796356201172,0.4829330133836997,232.92819304971803,198.938726726927
1.4244999999998986,125.78125,157.0796356201172,0.47560338528930246,226.1919146476308,193.74107316247841
1.4249999999998986,125.82818603515625,157.0796356201172,0.46749910977952336,223.26264470844592,191.49516317600612
1.4254999999998985,125.87543487548828,157.0796356201172,0.4612828564087367,224.4533713264815,192.33558701273532
1.4259999999998985,125.92416381835938,157.0796356201172,0.4590261241875183,229.7427223621721,196.16847495680338
1.4264999999998984,125.97547149658203,157.0796356201172,0.46208588886735663,238.8693529828682,202.73941017021667
1.4269999999998983,126.03028869628906,157.0796356201172,0.47105846611935015,247.4778769364704,211.67969303385672
1.4274999999998983,126.08149719238281,157.0796356201172,0.4729729624753329,236.503033538333,202.68669275613595
1.4279999999998982,126.12984466552734,157.0796356201172,0.46902206488206405,227.54100874135892,195.54456237854
1.4284999999998982,126.17643737792969,157.0796356201172,0.46206603462302037,222.00930896311695,191.19429837314817
1.4289999999998981,126.22251892089844,157.0796356201172,0.45510489102466,220.5487447251612,189.99008385039565
1.429499999999898,126.26935577392578,157.0796356201172,0.4507278500723787,223.35399699644034,191.9768234827439
1.429999999999898,126.31814575195312,157.0796356201172,0.4508732431304098,230.305747398119,196.98718414008812
1.430499999999898,126.36995697021484,157.0796356201172,0.4566996186344845,241.06060982628824,204.70577757442138
1.430999999999898,126.42568969726562,157.0796356201172,0.46856560828622096,249.9684791619079,214.71311952324146
1.4314999999998979,126.47769927978516,157.0796356201172,0.4687987601295942,238.8177364945037,205.4126067264873
1.4319999999998978,126.52693176269531,157.0796356201172,0.4645672174192863,230.32242762769928,198.45164054814504
1.4324999999998977,126.5746078491211,157.0796356201172,0.4584527284644711,225.69369055276775,194.61929771909507
1.4329999999998977,126.6220703125,157.0796356201172,0.4532165628314948,225.3993516856901,194.13647420600856
1.4334999999998976,126.67060089111328,157.0796356201172,0.45121589183563365,229.49459563293428,196.9410765802389
1.4339999999998976,126.72140502929688,157.0796356201172,0.4541270289975367,237.7467813967613,202.77954191899684
1.4344999999998975,126.77552032470703,157.0796356201172,0.4628249718155334,246.0298737733298,211.2667990200118
1.4349999999998975,126.82612609863281,157.0796356201172,0.46519487916893604,235.29169632099016,202.45944930900598
1.4354999999998974,126.8739242553711,157.0796356201172,0.46157371844167977,226.4665396532593,195.41264410559802
1.4359999999998974,126.91999816894531,157.0796356201172,0.4548404732222513,221.0495051532542,191.13138823336092
1.4364999999998973,126.96560668945312,157.0796356201172,0.4480735803651624,219.73716896602508,190.01634592603165
1.4369999999998972,127.01202392578125,157.0796356201172,0.4439502604932904,222.7597102886692,192.14164620291575
1.4374999999998972,127.06046295166016,157.0796356201172,0.4444819477894271,230.0181824033984,197.35657192847668
1.4379999999998971,127.11200714111328,157.0796356201172,0.45086829850543925,241.17813002595196,205.35297927651575
1.438499999999897,127.16758728027344,157.0796356201172,0.46347042771841307,250.6445991572218,215.71158255026586
1.438999999999897,127.21975708007812,157.0796356201172,0.4645461338576014,240.33524626275403,207.1159067620054
1.439499999999897,127.26935577392578,157.0796356201172,0.46113843056008014,232.49756668421418,200.67090162819648
1.439999999999897,127.31756591796875,157.0796356201172,0.4558741998239164,228.41570778230138,197.23567991428322
1.4404999999998969,127.36569213867188,157.0796356201172,0.4515488280838202,228.61103456932346,197.0830169463794
1.4409999999998968,127.41500091552734,157.0796356201172,0.45053156939139655,233.17399046761957,200.1853998349023
1.4414999999998968,127.4666748046875,157.0796356201172,0.4544859653639423,241.8931939477557,206.31076238401192
1.4419999999998967,127.52175903320312,157.0796356201172,0.46425444234879315,250.52485929655234,215.0856950651011
1.4424999999998966,127.57354736328125,157.0796356201172,0.4672815947681443,240.41221478326958,206.79599442218876
1.4429999999998966,127.6226806640625,157.0796356201172,0.4643919581181349,232.02729560123655,200.08145149380198
1.4434999999998965,127.67018127441406,157.0796356201172,0.4584525289172369,226.92735673046892,196.00872679337414
1.4439999999998965,127.7172622680664,157.0796356201172,0.45252014850501304,225.85532959432666,195.02413819880795
1.4444999999998964,127.76518249511719,157.0796356201172,0.44923859157825946,229.07244226945247,197.23262850473554
1.4449999999998964,127.81512451171875,157.0796356201172,0.450576013940283,236.4990102509258,202.5030276076808
1.4454999999998963,127.86817932128906,157.0796356201172,0.4576882805713813,247.8107462136344,210.53827934680433
1.4459999999998963,127.92524719238281,157.0796356201172,0.470904065944783,257.2588914489831,220.9236611123503
1.4464999999998962,127.97894287109375,157.0796356201172,0.47226881103606605,247.02566924406526,212.38827775137946
1.4469999999998961,128.0300750732422,157.0796356201172,0.4691634213582701,239.14590444557766,205.89573775835555
1.447499999999896,128.07977294921875,157.0796356201172,0.46418689442605937,234.948170294618,202.3463585025388
1.447999999999896,128.12933349609375,157.0796356201172,0.4600966671139295,234.9851891544346,202.04164404485445
1.448499999999896,128.17999267578125,157.0796356201172,0.4592250095110941,239.3672594658821,204.97226394592053
1.448999999999896,128.23292541503906,157.0796356201172,0.46320893191934687,247.894016817198,210.91645080399758
1.4494999999998959,128.2891845703125,157.0796356201172,0.4728825636872041,256.27535133357065,219.50514252688941
1.4499999999998958,128.342041015625,157.0796356201172,0.47583998333371524,245.78046499961152,210.90330323596237
1.4504999999998958,128.39212036132812,157.0796356201172,0.4727855896485857,236.97288355931738,203.8551732958708
1.4509999999998957,128.44046020507812,157.0796356201172,0.46659067508310115,231.4422349783872,199.4514352152932
1.4514999999998957,128.48825073242188,157.0796356201172,0.4603031311133079,229.95194216002878,198.1529045372608
1.4519999999998956,128.53677368164062,157.0796356201172,0.4565596501530031,232.7748596021034,200.0722627767399
1.4524999999998955,128.58718872070312,157.0796356201172,0.45733323921941027,239.8359838912556,205.08072191149566
1.4529999999998955,128.64060974121094,157.0796356201172,0.4638007416164196,250.81027282106785,212.87958085986037
1.4534999999998954,128.6979522705078,157.0796356201172,0.4763244125674221,259.96966919640516,223.04932148061965
1.4539999999998954,128.75172424316406,157.0796356201172,0.47731032144064645,249.10211290612722,213.99491673815243
1.4544999999998953,128.8027801513672,157.0796356201172,0.4736729479502456,240.66629620015394,207.07075670427463
1.4549999999998953,128.85227966308594,157.0796356201172,0.46805979195957226,235.99952943600027,203.1772828290654
1.4554999999998952,128.9015350341797,157.0796356201172,0.4632643243163699,235.65367325055914,202.6098626016682
1.4559999999998952,128.9518280029297,157.0796356201172,0.4616539758982671,239.733074773664,205.35041716774313
1.456499999999895,129.0043182373047,157.0796356201172,0.46490358811225474,248.0274251868577,211.16622924983008
1.456999999999895,129.06008911132812,157.0796356201172,0.4738835341342113,256.251741249125,219.675733892826
1.457499999999895,129.11227416992188,157.0796356201172,0.4762855174703126,245.14192412051028,210.5611925739834
1.457999999999895,129.1615753173828,157.0796356201172,0.47260526606898434,235.8939976239787,203.16358527956783
1.4584999999998949,129.20904541015625,157.0796356201172,0.4657730774761992,230.08593116556122,198.55710770315383
1.4589999999998948,129.25596618652344,157.0796356201172,0.45888624131112665,228.46219911022123,197.1818347487744
1.4594999999998948,129.30360412597656,157.0796356201172,0.4546260474720198,231.27456254196193,199.12949109592375
1.4599999999998947,129.3531951904297,157.0796356201172,0.45500179009703834,238.42517319882703,204.25034320167532
1.4604999999998947,129.40582275390625,157.0796356201172,0.4612104173225154,249.56480890118127,212.22447170443127
1.4609999999998946,129.46243286132812,157.0796356201172,0.47361239564805424,258.8045304815009,222.61127743072123
1.4614999999998946,129.515380859375,157.0796356201172,0.4739538210503212,247.55863595609438,213.2139535270101
1.4619999999998945,129.5655517578125,157.0796356201172,0.4698398703775516,239.00208645278454,206.16424943698757
1.4624999999998944,129.61422729492188,157.0796356201172,0.46394478038848996,234.42893670406178,202.32504813271166
1.4629999999998944,129.6627197265625,157.0796356201172,0.45908371966215167,234.34593127314838,201.95237837071252
1.4634999999998943,129.7123565673828,157.0796356201172,0.4576338276804141,238.81508244502237,204.99230716249477
1.4639999999998943,129.76434326171875,157.0796356201172,0.4612558575853716,247.58597626742088,211.17897626214628
1.4644999999998942,129.81971740722656,157.0796356201172,0.47077794374709947,255.9742238951235,220.0998140815903
1.4649999999998942,129.87144470214844,157.0796356201172,0.47240710056425406,244.61220911149675,210.72221712642525
1.465499999999894,129.92030334472656,157.0796356201172,0.46836757608773627,235.42777175173995,203.31196020765617
1.465999999999894,129.9674072265625,157.0796356201172,0.4615576809107032,229.93269438498484,198.89221934477027
1.466499999999894,130.01409912109375,157.0796356201172,0.45505059704240314,228.80773708753526,197.8518923074135
1.466999999999894,130.06166076660156,157.0796356201172,0.4514961105335014,232.24732904764645,200.23702687112947
1.467499999999894,130.1113739013672,157.0796356201172,0.4528447800462252,240.10135411135647,205.85674520663753
1.4679999999998938,130.16429138183594,157.0796356201172,0.46020285731532345,248.9312563755744,214.3536195251409
1.4684999999998938,130.21395874023438,157.0796356201172,0.4637926054787653,238.54411654555466,205.93223521495563
1.4689999999998937,130.2609100341797,157.0796356201172,0.4604942458539625,229.7300507035943,198.9775678359755
1.4694999999998937,130.3061981201172,157.0796356201172,0.45354747264681805,224.2219007723368,194.68775949955352
1.4699999999998936,130.3510284423828,157.0796356201172,0.4463178302134252,222.87912500659317,193.59779123449272
1.4704999999998936,130.39671325683594,157.0796356201172,0.44171491031893134,226.03341537779187,195.8652648555277
1.4709999999998935,130.44447326660156,157.0796356201172,0.4419357207194845,233.6393392268717,201.38341074570428
1.4714999999998934,130.49545288085938,157.0796356201172,0.4483048979844379,245.37832080367264,209.85748199502757
1.4719999999998934,130.55059814453125,157.0796356201172,0.46123393553662184,255.65912906319622,220.85783054354823
1.4724999999998933,130.60252380371094,157.0796356201172,0.4628472446185387,245.67744553285797,212.5394078539114
1.4729999999998933,130.6520538330078,157.0796356201172,0.4598011545372176,238.14238949038503,206.32062406605823
1.4734999999998932,130.7003173828125,157.0796356201172,0.4549244544316906,234.46136553485215,203.16797112471687
1.4739999999998932,130.74867248535156,157.0796356201172,0.45115746291363357,235.2223879673801,203.4136952042389
1.4744999999998931,130.79837036132812,157.0796356201172,0.45095577203319875,240.54002654714154,207.053702781787
1.474999999999893,130.8506317138672,157.0796356201172,0.4560046838848374,250.19423498540135,213.85212581589315
1.475499999999893,130.90650939941406,157.0796356201172,0.4671055422124714,259.37939059019277,223.41111103552313
1.475999999999893,130.95912170410156,157.0796356201172,0.4697795088027349,249.17293880376852,214.988631244009
1.476499999999893,131.0091552734375,157.0796356201172,0.4669054436547452,240.90678309274506,208.2813566401673
1.4769999999998928,131.05767822265625,157.0796356201172,0.46139697867499574,236.179814044475,204.40106051335863
1.4774999999998928,131.10592651367188,157.0796356201172,0.45632688026165924,235.73582396274844,203.80082292788023
1.4779999999998927,131.1551971435547,157.0796356201172,0.45431737916951376,239.80937624434344,206.56867950821524
1.4784999999998927,131.20672607421875,157.0796356201172,0.4572612096780995,248.27281259862997,212.53869120242294
1.4789999999998926,131.26156616210938,157.0796356201172,0.46618774217909664,257.39469037649417,221.365589608029
1.4794999999998926,131.31333923339844,157.0796356201172,0.47037336149727044,247.5627768396979,213.3882294124416
1.4799999999998925,131.36251831054688,157.0796356201172,0.4678652828796116,239.1121374947135,206.68383301330994
1.4804999999998925,131.41009521484375,157.0796356201172,0.46184656268628277,233.84150383027819,202.51765086134412
1.4809999999998924,131.4572296142578,157.0796356201172,0.4556165167044582,232.65763130025042,201.47220536554084
1.4814999999998923,131.5052032470703,157.0796356201172,0.4520083053627232,235.921920485637,203.7355712231943
1.4819999999998923,131.5552215576172,157.0796356201172,0.4531364469806756,243.60495561572048,209.21847491736688
1.4824999999998922,131.60841369628906,157.0796356201172,0.46025305308284464,255.39354760079456,217.63377331442814
1.4829999999998922,131.6656951904297,157.0796356201172,0.47372509885878294,265.43181803286393,228.55189900462403
1.4834999999998921,131.71969604492188,157.0796356201172,0.4753396777649443,255.14082748455746,219.9645544424382
1.483999999999892,131.7711639404297,157.0796356201172,0.4723276365901961,247.23057215913596,213.42255637118168
1.484499999999892,131.82127380371094,157.0796356201172,0.4674698704897592,243.14664278501516,209.9265277956513
1.484999999999892,131.87132263183594,157.0796356201172,0.4636477012551876,243.49990095804526,209.82827351055596
1.485499999999892,131.92259216308594,157.0796356201172,0.46326574863622944,248.41571970716095,213.1330264431957
1.4859999999998919,131.9762725830078,157.0796356201172,0.46797956322281425,257.6755327443574,219.60628940772813
1.4864999999998918,132.0334014892578,157.0796356201172,0.4785898452850081,266.370930008027,228.84568279514966
1.4869999999998917,132.0870361328125,157.0796356201172,0.48075483392893187,255.26921472060056,219.67849455295556
1.4874999999998917,132.13784790039062,157.0796356201172,0.47726294430667826,246.1820224317303,212.31519431757366
1.4879999999998916,132.1869354248047,157.0796356201172,0.4710411677886023,240.72509240513753,207.87434788703806
1.4884999999998916,132.235595703125,157.0796356201172,0.46516101721236375,239.64518962593456,206.80556951162907
1.4889999999998915,132.28512573242188,157.0796356201172,0.462249323510209,243.1716758142609,209.188190510108
1.4894999999998915,132.33676147460938,157.0796356201172,0.46421890592716225,251.16522222214084,214.8435192522153
1.4899999999998914,132.39158630371094,157.0796356201172,0.47213450764450626,259.8670235401962,223.4104537564532
1.4904999999998914,132.44302368164062,157.0796356201172,0.47544024783337235,248.95157334434262,214.53091053352418
1.4909999999998913,132.4916534423828,157.0796356201172,0.4719455712413572,239.6485262989185,207.1493747769758
1.4914999999998912,132.5384979248047,157.0796356201172,0.46489236692766217,233.74533840656986,202.51083750089438
1.4919999999998912,132.5847930908203,157.0796356201172,0.45762627954775675,232.12580878460975,201.17043677677506
1.4924999999998911,132.6318817138672,157.0796356201172,0.45302743559697184,235.12425264083612,203.28806205810906
1.492999999999891,132.6809844970703,157.0796356201172,0.4532578135974251,242.6807790784016,208.7454036895983
1.493499999999891,132.73324584960938,157.0796356201172,0.45960824816277623,254.44909548288842,217.2256365333811
1.493999999999891,132.7896270751953,157.0796356201172,0.47246453161790974,264.4069331303467,228.2692387954653
1.494499999999891,132.84246826171875,157.0796356201172,0.47303219436944094,253.29097432752812,218.96512922100266
1.4949999999998909,132.89266967773438,157.0796356201172,0.46910711411753825,244.9361074458417,212.04099295023278
1.4954999999998908,132.9414825439453,157.0796356201172,0.46352677842963885,240.7287163699011,208.44169101441616
1.4959999999998908,132.9902801513672,157.0796356201172,0.4592186347092838,241.21587431425993,208.46057770011868
1.4964999999998907,133.04039001464844,157.0796356201172,0.4586181021559176,246.46226193575063,212.04927565024767
1.4969999999998906,133.09304809570312,157.0796356201172,0.46338207780110996,256.1911440998107,218.92353907003405
1.4974999999998906,133.14930725097656,157.0796356201172,0.47427539834131427,265.03776757987356,228.63445751151258
1.4979999999998905,133.201904296875,157.0796356201172,0.47525745618513143,253.3723282673685,218.92960730292933
1.4984999999998905,133.2516326904297,157.0796356201172,0.4710579545716551,244.20571589136887,211.4272418151903
1.4989999999998904,133.29974365234375,157.0796356201172,0.4645947738919219,239.05714590093402,207.16703555459983
1.4994999999998904,133.3475799560547,157.0796356201172,0.4589326030118804,238.57863396678846,206.5193423990773
1.4999999999998903,133.396484375,157.0796356201172,0.45667592055241296,242.91348471229378,209.49269782139552
1.5004999999998903,133.44775390625,157.0796356201172,0.4596746539850803,251.84330341662516,215.84444943050255
1.5009999999998902,133.50247192382812,157.0796356201172,0.4688838505301871,260.7995206261413,225.15518155940782
1.5014999999998901,133.55364990234375,157.0796356201172,0.4708459677451292,249.46647287388055,215.82211304491184
1.50199999999989,133.60203552246094,157.0796356201172,0.466832128703886,240.30156756756983,208.42682357984532
1.50249999999989,133.64878845214844,157.0796356201172,0.45998402478602557,234.96246788610702,204.1152810396944
1.50299999999989,133.69520568847656,157.0796356201172,0.4535657214592873,234.21114506238956,203.34539614602684
1.50349999999989,133.74266052246094,157.0796356201172,0.4503648040414285,238.27412348075754,206.19161390620553
1.5039999999998899,133.7924346923828,157.0796356201172,0.45240542142273177,246.99501974350426,212.45986701405184
1.5044999999998898,133.84564208984375,157.0796356201172,0.4607926213767299,256.42829066537706,221.76557290920059
1.5049999999998898,133.89561462402344,157.0796356201172,0.46391903122588724,245.88470568768454,213.16603407168253
1.5054999999998897,133.9429473876953,157.0796356201172,0.4604828756698377,237.1750118710528,206.21309178832018
1.5059999999998896,133.98875427246094,157.0796356201172,0.4538183267381762,232.0833221077496,202.15701908933568
1.5064999999998896,134.03428649902344,157.0796356201172,0.44735381858710116,231.4725120524262,201.54120096048115
1.5069999999998895,134.08090209960938,157.0796356201172,0.4440167051070738,235.64501162780098,204.50395853429706
1.5074999999998895,134.12986755371094,157.0796356201172,0.44595050612547016,244.50054917332173,210.89805316640678
1.5079999999998894,134.1823272705078,157.0796356201172,0.4543500682104929,254.48332149135427,220.37226001005666
1.5084999999998894,134.2318878173828,157.0796356201172,0.4586942893448361,244.9365613441684,212.6556981259239
1.5089999999998893,134.27903747558594,157.0796356201172,0.45611728022114983,236.88047258486503,206.27236055814305
1.5094999999998893,134.3247833251953,157.0796356201172,0.4500750958794312,232.21224792920776,202.57194456534882
1.5099999999998892,134.37034606933594,157.0796356201172,0.4440947250580437,231.8865002390407,202.17966149411174
1.5104999999998892,134.41705322265625,157.0796356201172,0.44117871397940545,236.2749939506836,205.29509741650423
1.510999999999889,134.4661407470703,157.0796356201172,0.44352660031687546,245.32907413189514,211.81619225231452
1.511499999999889,134.51876831054688,157.0796356201172,0.4523697270914719,255.67276880179008,221.42427820531168
1.511999999999889,134.56875610351562,157.0796356201172,0.45767422316248674,246.8387568503321,214.38660678514265
1.512499999999889,134.61642456054688,157.0796356201172,0.4556387780196599,238.97396199955193,208.24973176637639
1.5129999999998889,134.66262817382812,157.0796356201172,0.44965924013021863,234.047545500777,204.39325682498642
1.5134999999998888,134.70851135253906,157.0796356201172,0.4433608172322681,233.1729111154133,203.586278080245
1.5139999999998888,134.75531005859375,157.0796356201172,0.43983253507150133,236.84940105820937,206.14387528896992
1.5144999999998887,134.8042755126953,157.0796356201172,0.4413697571217679,245.1285715348611,212.05394554658045
1.5149999999998887,134.85653686523438,157.0796356201172,0.4493114823143455,257.7319103975462,221.0656953324568
1.5154999999998886,134.91310119628906,157.0796356201172,0.4640116041230437,268.4307326728058,232.75328029590773
1.5159999999998885,134.9665985107422,157.0796356201172,0.46535791603894905,258.64516678098795,224.55438688385448
1.5164999999998885,135.0177764892578,157.0796356201172,0.4625538584174656,251.2966774570892,218.41472450403134
1.5169999999998884,135.06777954101562,157.0796356201172,0.45824553765847786,247.81980539383107,215.3000438650368
1.5174999999998884,135.11785888671875,157.0796356201172,0.4553936683798399,248.90134769489242,215.64545794855846
1.5179999999998883,135.16934204101562,157.0796356201172,0.4564277507034274,254.7000455415147,219.50024231872
1.5184999999998883,135.2234344482422,157.0796356201172,0.46295383485789915,264.99504097900905,226.6406359119393
1.5189999999998882,135.28118896484375,157.0796356201172,0.47565375540737004,273.89058726876885,236.64845512892728
1.5194999999998882,135.33546447753906,157.0796356201172,0.4765728267422751,262.75138337018325,227.35599301955787
1.519999999999888,135.3870086669922,157.0796356201172,0.47285622884092976,253.91278702985662,220.06803326033156
1.520499999999888,135.43695068359375,157.0796356201172,0.46712307912935397,248.8917118432434,215.80155918142324
1.520999999999888,135.486572265625,157.0796356201172,0.4623757212071051,248.4378209550779,215.0307559396676
1.521499999999888,135.53720092773438,157.0796356201172,0.46114714201521767,252.75855670648266,217.83479423769404
1.5219999999998879,135.59007263183594,157.0796356201172,0.46520281058531543,261.6708232448177,224.01287359046393
1.5224999999998878,135.64627075195312,157.0796356201172,0.47541174190936875,270.00285261519923,233.16413687864943
1.5229999999998878,135.6988525390625,157.0796356201172,0.4764151423582884,258.20374538327405,223.4068592519508
1.5234999999998877,135.74850463867188,157.0796356201172,0.4719873728321344,248.5702583587519,215.5859967294357
1.5239999999998877,135.79635620117188,157.0796356201172,0.4649547199220712,242.7058313319737,210.773569482936
1.5244999999998876,135.84371948242188,157.0796356201172,0.45850378986885604,241.4261716504736,209.48725247543456
1.5249999999998876,135.89190673828125,157.0796356201172,0.45535438591792526,244.98948734442178,211.83972073153035
1.5254999999998875,135.94219970703125,157.0796356201172,0.4574674240635463,253.25090833989037,217.65534960731728
1.5259999999998874,135.99574279785156,157.0796356201172,0.4658930947951341,261.7003996252608,226.55126601841857
1.5264999999998874,136.04568481445312,157.0796356201172,0.4672333926644221,249.9347705838368,216.88799597014
1.5269999999998873,136.09274291992188,157.0796356201172,0.4625334606921685,240.2479652723367,209.10358184552052
1.5274999999998873,136.1380157470703,157.0796356201172,0.4548432167309492,234.312889655705,204.3191229232191
1.5279999999998872,136.18280029296875,157.0796356201172,0.4475469311728958,232.9967985498188,203.08965967572522
1.5284999999998872,136.2284698486328,157.0796356201172,0.4435463106459539,236.59527733936022,205.55504515893
1.5289999999998871,136.2763214111328,157.0796356201172,0.4449630991549563,244.98927451903504,211.55819107710633
1.529499999999887,136.32748413085938,157.0796356201172,0.45296418956732937,254.01921336123746,220.72756468710372
1.529999999999887,136.3753204345703,157.0796356201172,0.4548833508184797,242.95657028145536,211.67919767999513
1.530499999999887,136.4204559326172,157.0796356201172,0.4505279244415088,233.88978594815455,204.4200939752309
1.530999999999887,136.4639892578125,157.0796356201172,0.44309770027860185,228.54041547588758,200.1153145289313
1.5314999999998868,136.5072021484375,157.0796356201172,0.43611163984992074,227.81144087172825,199.35235955709152
1.5319999999998868,136.55148315429688,157.0796356201172,0.4325804388657603,232.02269608303885,202.29339688834511
1.5324999999998867,136.59811401367188,157.0796356201172,0.43469328883464453,241.07012415655,208.7954506176521
1.5329999999998867,136.6482696533203,157.0796356201172,0.44362856641357457,250.79290201502639,218.49466247400343
1.5334999999998866,136.69537353515625,157.0796356201172,0.44627358560495234,240.74630110150267,210.28870277191027
1.5339999999998866,136.7400665283203,157.0796356201172,0.4427544774764327,232.57643849078372,203.7321261596463
1.5344999999998865,136.78338623046875,157.0796356201172,0.4363032581462793,228.0393290011908,200.03072144341365
1.5349999999998865,136.8265838623047,157.0796356201172,0.43046588492629506,228.06408665265556,199.8020727501941
1.5354999999998864,136.87100219726562,157.0796356201172,0.42825371200037776,232.98803613865448,203.228983192012
1.5359999999998863,136.91793823242188,157.0796356201172,0.43181700293028125,242.7177359362724,210.18191088388025
1.5364999999998863,136.9685516357422,157.0796356201172,0.44226006410198154,252.88359247503487,220.3047531882951
1.5369999999998862,137.01637268066406,157.0796356201172,0.44555280123897667,243.66171740368057,212.76700560482678
1.5374999999998862,137.06195068359375,157.0796356201172,0.4429245801245977,236.161935717844,206.71357067169032
1.5379999999998861,137.10629272460938,157.0796356201172,0.43754118477719034,232.16926081418583,203.38719775588402
1.538499999999886,137.150634765625,157.0796356201172,0.432883130952143,232.63610001943314,203.4333682078541
1.538999999999886,137.19625854492188,157.0796356201172,0.4318846238777188,237.91661235896467,207.05489721720934
1.539499999999886,137.2444305419922,157.0796356201172,0.43660784468264296,247.92907141470778,214.136347559821
1.539999999999886,137.29629516601562,157.0796356201172,0.4480757564101233,258.10569419359143,224.33120242659655
1.5404999999998858,137.34544372558594,157.0796356201172,0.45172558925000034,249.1603611889724,217.01152474138064
1.5409999999998858,137.3924102783203,157.0796356201172,0.449581712782844,241.784609837252,211.0363449165814
1.5414999999998857,137.4381103515625,157.0796356201172,0.44472284431882747,237.7921847611246,207.67852816085414
1.5419999999998857,137.4837646484375,157.0796356201172,0.4405446191157626,238.1590174601583,207.60699826466268
1.5424999999998856,137.5306396484375,157.0796356201172,0.4399042134628409,243.25760751257155,211.0423836471714
1.5429999999998856,137.5799560546875,157.0796356201172,0.4448063415323432,253.0203876627227,217.88265639909417
1.5434999999998855,137.6328582763672,157.0796356201172,0.45625041729217064,262.8492085722774,227.7913759185916
1.5439999999998855,137.68296813964844,157.0796356201172,0.4599121620493299,253.60405130809966,220.22819676610135
1.5444999999998854,137.73077392578125,157.0796356201172,0.45767982935987545,245.82707991360215,213.9387049012738
1.5449999999998854,137.77719116210938,157.0796356201172,0.45259886708324193,241.35970671750937,210.2160984521679
1.5454999999998853,137.8234100341797,157.0796356201172,0.4480295320308935,241.19974689914085,209.74522889050857
1.5459999999998852,137.87069702148438,157.0796356201172,0.4468094418481023,245.73704271940088,212.759267459611
1.5464999999998852,137.92027282714844,157.0796356201172,0.4509529401469556,254.91758474697622,219.1658747601881
1.5469999999998851,137.97325134277344,157.0796356201172,0.46150131749904444,264.2968120113952,228.63585745595338
1.547499999999885,138.02328491210938,157.0796356201172,0.46493296602697415,254.45018189912054,220.59310616901098
1.547999999999885,138.07083129882812,157.0796356201172,0.46220827737294795,246.05270748702947,213.83612946748383
1.548499999999885,138.11685180664062,157.0796356201172,0.4564133953580612,240.96686163070126,209.66696811650428
1.548999999999885,138.16250610351562,157.0796356201172,0.4509414291571042,240.20556790524702,208.77684983063745
1.5494999999998849,138.20909118652344,157.0796356201172,0.4486739321290588,244.1698160641887,211.40366468285737
1.5499999999998848,138.25784301757812,157.0796356201172,0.45168866935477314,252.81334499654793,217.45806745530908
1.5504999999998847,138.3098602294922,157.0796356201172,0.46110295018378294,261.9157158560087,226.61221979993215
1.5509999999998847,138.35879516601562,157.0796356201172,0.46422887580327676,251.55007039979785,218.15902236245705
1.5514999999998846,138.40513610839844,157.0796356201172,0.4609368430248781,242.69471242235127,211.06652515431742
1.5519999999998846,138.44985961914062,157.0796356201172,0.45439791424256654,237.2200321480182,206.63453035333094
1.5524999999998845,138.49415588378906,157.0796356201172,0.4480812686960514,236.14219619309338,205.55104471175264
1.5529999999998845,138.53932189941406,157.0796356201172,0.44494600174500076,239.86251994404503,208.04995626986977
1.5534999999998844,138.58663940429688,157.0796356201172,0.4471482734199872,248.33251389741957,214.0370763717579
1.5539999999998844,138.63720703125,157.0796356201172,0.4558717750151976,257.46677398023405,223.17872344580508
1.5544999999998843,138.6846466064453,157.0796356201172,0.4587534525950739,246.9254255335262,214.58526127962543
1.5549999999998843,138.7294921875,157.0796356201172,0.4551142543421544,238.0050781636879,207.45165107537676
1.5554999999998842,138.77272033691406,157.0796356201172,0.448204023017313,232.56727154686692,203.0665164768616
1.5559999999998841,138.8155975341797,157.0796356201172,0.4415669506134209,231.6174412874767,202.10663974600251
1.556499999999884,138.85940551757812,157.0796356201172,0.43822930917821235,235.54495886788422,204.79443171425595
1.556999999999884,138.90542602539062,157.0796356201172,0.44039584623526634,244.28829537675404,211.0239764779329
1.557499999999884,138.95481872558594,157.0796356201172,0.4492671213352579,253.69963689394768,220.44969301186015
1.557999999999884,139.00112915039062,157.0796356201172,0.45201128306744176,243.32922573671084,211.98049875371746
1.5584999999998839,139.044921875,157.0796356201172,0.4483682266878504,234.70209144334396,205.06163923234132
1.5589999999998838,139.08721923828125,157.0796356201172,0.4416149385958569,229.65521604884498,200.96409220474433
1.5594999999998838,139.1292724609375,157.0796356201172,0.4353264693195058,229.17109308509606,200.34752542295743
1.5599999999998837,139.17239379882812,157.0796356201172,0.43254585131840245,233.61709397706673,203.41785093037788
1.5604999999998836,139.21788024902344,157.0796356201172,0.4354640522009723,242.91044454029912,210.05310717768805
1.5609999999998836,139.26687622070312,157.0796356201172,0.4452316980184484,252.64057834493997,219.89214775110287
1.5614999999998835,139.3128662109375,157.0796356201172,0.44787726688898444,242.56450222211913,211.62903223677185
1.5619999999998835,139.3564453125,157.0796356201172,0.4444665522882464,234.3429888631648,204.9890041778005
1.5624999999998834,139.39866638183594,157.0796356201172,0.43823195757938277,229.77729575920043,201.22015619765082
1.5629999999998834,139.4407501220703,157.0796356201172,0.43271350284438015,229.8188941717976,200.9609077362111
1.5634999999998833,139.4840545654297,157.0796356201172,0.43090586542893505,234.80723296655026,204.3976386129099
1.5639999999998833,139.5298309326172,157.0796356201172,0.4349249934001684,244.6341896447969,211.39020210638384
1.5644999999998832,139.5792236328125,157.0796356201172,0.4458260355747356,254.51514580839856,221.5607910337949
1.5649999999998832,139.62564086914062,157.0796356201172,0.44827499460334314,244.56585645354642,213.3549885483802
1.565499999999883,139.66970825195312,157.0796356201172,0.44506558262830137,236.57541377231206,206.84410484700553
1.565999999999883,139.71246337890625,157.0796356201172,0.4393321818254029,232.30307668721633,203.24768692236213
1.566499999999883,139.7551727294922,157.0796356201172,0.4345293862277239,232.66498425479543,203.1789968033974
1.566999999999883,139.7991485595703,157.0796356201172,0.43356226352569976,237.97012893460578,206.8022477281213
1.5674999999998829,139.84564208984375,157.0796356201172,0.43844801423035445,248.08395188745226,213.95791465895002
1.5679999999998828,139.8957977294922,157.0796356201172,0.45014675621270395,257.853944160579,224.2512895245625
1.5684999999998828,139.9429168701172,157.0796356201172,0.4521895210808966,247.68347337882614,215.81615348268667
1.5689999999998827,139.9876251220703,157.0796356201172,0.4489072603808837,239.5937880247496,209.17637626561847
1.5694999999998827,140.031005859375,157.0796356201172,0.4433281152314166,235.29818259131494,205.51575134652225
1.5699999999998826,140.07432556152344,157.0796356201172,0.43881342762274905,235.67439369130443,205.41693993574006
1.5704999999998825,140.118896484375,157.0796356201172,0.43818157810106073,240.9991828259319,209.0184691572325
1.5709999999998825,140.16598510742188,157.0796356201172,0.44337042665493615,251.1107833011129,216.13921910726336
1.5714999999998824,140.21669006347656,157.0796356201172,0.4552782661388524,260.57073812473095,226.36628125831606
1.5719999999998824,140.26419067382812,157.0796356201172,0.4566880970468909,249.85243719844482,217.43836657573405
1.5724999999998823,140.30917358398438,157.0796356201172,0.45299416891098526,241.38263229302248,210.45852722419582
1.5729999999998823,140.3527374267578,157.0796356201172,0.44714853246732217,236.82335691438288,206.56548503477654
1.5734999999998822,140.39617919921875,157.0796356201172,0.44244775175736656,237.00916247332597,206.304074703836
1.5739999999998822,140.4408416748047,157.0796356201172,0.44165632963330226,242.18082080132615,209.78167724848694
1.574499999999882,140.4879608154297,157.0796356201172,0.44666964722788666,252.14636868283614,216.79129026389631
1.574999999999882,140.53866577148438,157.0796356201172,0.4583578329295461,261.261315543185,226.89864638316055
1.575499999999882,140.58592224121094,157.0796356201172,0.4589785808673428,249.85372900513985,217.364889855047
1.575999999999882,140.63055419921875,157.0796356201172,0.4546549726561735,240.92259143894057,209.98880325623048
1.5764999999998819,140.67367553710938,157.0796356201172,0.4483009602846725,236.06959418269474,205.85359771953418
1.5769999999998818,140.7166290283203,157.0796356201172,0.44318455534755374,236.07799290287542,205.45769318027334
1.5774999999998818,140.7607879638672,157.0796356201172,0.4420493514092357,241.14557322208995,208.87024143027466
1.5779999999998817,140.80738830566406,157.0796356201172,0.44677317228597024,251.04405264091238,215.85246595981928
1.5784999999998817,140.85752868652344,157.0796356201172,0.45820886240798936,259.9360853220844,225.9435929766913
1.5789999999998816,140.90408325195312,157.0796356201172,0.457986697084395,247.91793747413425,215.86475139342483
1.5794999999998816,140.9478759765625,157.0796356201172,0.45301794743087936,238.6581887112214,208.19507487039013
1.5799999999998815,140.99014282226562,157.0796356201172,0.4461963235073906,233.68533081593904,203.95213197905355
1.5804999999998814,141.03225708007812,157.0796356201172,0.4407790889001458,233.72038733524576,203.57917938118626
1.5809999999998814,141.07559204101562,157.0796356201172,0.4394993465276727,238.90871925733884,207.09964236699543
1.5814999999998813,141.12142944335938,157.0796356201172,0.4442140757588365,248.97752275280857,214.23662277861646
1.5819999999998813,141.17086791992188,157.0796356201172,0.4557402906069845,257.8259629890535,224.4973631268389
1.5824999999998812,141.21656799316406,157.0796356201172,0.4546960637358306,245.3978153908637,214.02661486059904
1.5829999999998812,141.25949096679688,157.0796356201172,0.44922905508755906,236.04303092164665,206.2351109709783
1.5834999999998811,141.30091857910156,157.0796356201172,0.44219896531212727,231.20243068808227,202.06554833810938
1.583999999999881,141.34225463867188,157.0796356201172,0.4368398830307033,231.52312346271313,201.89833885390172
1.584499999999881,141.38491821289062,157.0796356201172,0.43585439273263427,237.08831133625654,205.7047354756869
1.584999999999881,141.43019104003906,157.0796356201172,0.4410467503088723,244.64961572853719,213.16418175352018
1.585499999999881,141.4720001220703,157.0796356201172,0.44319589523252884,232.70940411711186,203.4176609439271
1.5859999999998808,141.51092529296875,157.0796356201172,0.4380241883167688,222.55183915934117,195.32783715575482
1.5864999999998808,141.54803466796875,157.0796356201172,0.42902579541699726,216.15114680307062,190.2540627075148
1.5869999999998807,141.5846405029297,157.0796356201172,0.4200758081007747,214.57968456986742,188.9112920818851
1.5874999999998807,141.62216186523438,157.0796356201172,0.41457405673546727,218.25698308562482,191.53415212540924
1.5879999999998806,141.66195678710938,157.0796356201172,0.4150813648963267,227.12194929475115,198.00779240474958
1.5884999999998806,141.70523071289062,157.0796356201172,0.42304693775213154,237.28517047103608,207.96068134835738
1.5889999999998805,141.7456512451172,157.0796356201172,0.425683529835883,227.47311157843367,199.9500278853502
1.5894999999998805,141.78384399414062,157.0796356201172,0.4218641512349923,219.64594159474078,193.66140545853284
1.5899999999998804,141.8208465576172,157.0796356201172,0.4151502500359511,215.66567695071998,190.39145421885067
1.5904999999998803,141.8579864501953,157.0796356201172,0.40939390461009023,216.51418808936666,190.80288026348066
1.5909999999998803,141.89662170410156,157.0796356201172,0.4078519691727994,222.5350203943955,195.08518796784082
1.5914999999998802,141.93804931640625,157.0796356201172,0.4127953309163923,233.6022291436114,203.08396555773413
1.5919999999998802,141.98341369628906,157.0796356201172,0.42527912103537285,244.6521549733489,214.39296108923725
1.5924999999998801,142.02618408203125,157.0796356201172,0.42789996012671005,235.79586874363335,207.03305057400615
1.59299999999988,142.0669708251953,157.0796356201172,0.42539203595572644,229.11302094352968,201.4901007741271
1.59349999999988,142.1068572998047,157.0796356201172,0.42096578310335436,226.34460937768225,198.98529042005822
1.59399999999988,142.14712524414062,157.0796356201172,0.4181431913966927,228.37479840198742,200.1167399616823
1.59449999999988,142.1890869140625,157.0796356201172,0.4198210493251981,235.4665984876505,205.0196266573284
1.5949999999998798,142.23399353027344,157.0796356201172,0.4278863849795153,247.42801994472367,213.49445233368417
1.5954999999998798,142.282958984375,157.0796356201172,0.4430593902524416,258.1245799879634,225.09839141192674
1.5959999999998797,142.32913208007812,157.0796356201172,0.4448610424479259,248.81643688985176,217.23959426618646
1.5964999999998797,142.3732147216797,157.0796356201172,0.4424736185621048,241.87908457203307,211.35551515706328
1.5969999999998796,142.4163055419922,157.0796356201172,0.4387272252732652,238.93907042972674,208.58133904487255
1.5974999999998796,142.45965576171875,157.0796356201172,0.4367995457607027,240.78947843357574,209.44474778208038
1.5979999999998795,142.50460815429688,157.0796356201172,0.4392831184276686,247.62141239626376,214.02517063852142
1.5984999999998795,142.55235290527344,157.0796356201172,0.44782720369146717,255.94094639301446,222.07953547936043
1.5989999999998794,142.59722900390625,157.0796356201172,0.4521908996196428,245.99953037690872,214.0115607532836
1.5994999999998794,142.63958740234375,157.0796356201172,0.44941264708916384,237.070695905852,206.88327386259957
1.5999999999998793,142.6802978515625,157.0796356201172,0.44284328570658504,231.307267724276,202.23119977290287
1.6004999999998792,142.72052001953125,157.0796356201172,0.4361959258606296,229.92796945373757,200.9104043236821
1.6009999999998792,142.76153564453125,157.0796356201172,0.43268999834800187,233.46737040582587,203.26355894082164
1.6014999999998791,142.8046417236328,157.0796356201172,0.4347154811955232,241.9537644345749,209.25849465757668
1.601999999999879,142.85098266601562,157.0796356201172,0.4436154872254065,251.5349546716498,218.58592365967937
1.602499999999879,142.89453125,157.0796356201172,0.4474273171725765,241.8366268711685,210.7127381576452
1.602999999999879,142.93572998046875,157.0796356201172,0.4444112825115654,233.490776038163,204.03901746271467
1.603499999999879,142.97549438476562,157.0796356201172,0.4380243563166373,228.52962898340738,200.00621211751542
1.6039999999998789,143.01502990722656,157.0796356201172,0.4319911812100704,228.07331978856817,199.39293915407902
1.6044999999998788,143.05560302734375,157.0796356201172,0.42947905937899133,232.57573197857712,202.48000315626652
1.6049999999998787,143.0985107421875,157.0796356201172,0.4327670090391056,241.9980178181036,209.18422400975447
1.6054999999998787,143.14486694335938,157.0796356201172,0.4430441281339611,251.82098046924426,219.15380561344566
1.6059999999998786,143.18832397460938,157.0796356201172,0.4458552014950956,241.8022162858661,210.91878157842999
1.6064999999998786,143.22943115234375,157.0796356201172,0.4425456256685524,233.56765985638467,204.23721647116992
1.6069999999998785,143.26919555664062,157.0796356201172,0.4364399464428902,229.0113130586215,200.4392771018915
1.6074999999998785,143.308837890625,157.0796356201172,0.4311510721118679,229.13710029876216,200.2093917951632
1.6079999999998784,143.34970092773438,157.0796356201172,0.4297223678989064,234.30149531101753,203.75000012597874
1.6084999999998784,143.39305114746094,157.0796356201172,0.43427890318565615,244.38387843640825,210.9125007745049
1.6089999999998783,143.43997192382812,157.0796356201172,0.445839221262858,254.12020219560594,221.29091157457137
1.6094999999998783,143.48379516601562,157.0796356201172,0.4473966951651884,243.50571786695903,212.45205942159342
1.6099999999998782,143.5251922607422,157.0796356201172,0.4436143637942688,235.14071935591184,205.55684245814828
1.6104999999998781,143.5652618408203,157.0796356201172,0.4376332550720491,230.76654876648723,201.8105920581521
1.610999999999878,143.60531616210938,157.0796356201172,0.43291304527609653,231.260244277071,201.79345387327854
1.611499999999878,143.64666748046875,157.0796356201172,0.43234361063870813,236.87341340739337,205.62208992351518
1.611999999999878,143.69058227539062,157.0796356201172,0.4378832889914678,247.39880240841813,213.0776247674015
1.612499999999878,143.73817443847656,157.0796356201172,0.45038682363854715,256.843249271926,223.69699491956143
1.6129999999998779,143.78237915039062,157.0796356201172,0.45050336320046047,245.3900387849935,214.0530265335723
1.6134999999998778,143.82403564453125,157.0796356201172,0.44602256573330296,236.6802490670545,206.7766329297561
1.6139999999998778,143.8643341064453,157.0796356201172,0.43990158797150886,232.29358706042802,202.93801278313956
1.6144999999998777,143.90463256835938,157.0796356201172,0.43544431793653937,232.9735508385033,203.0054223850714
1.6149999999998776,143.94630432128906,157.0796356201172,0.4353907268511903,238.86241033597358,207.00466503785472
1.6154999999998776,143.9906005859375,157.0796356201172,0.4415461551002517,246.57213125681642,214.6431420177006
1.6159999999998775,144.0315704345703,157.0796356201172,0.444101905183431,234.9343212514517,205.13496258752681
1.6164999999998775,144.06973266601562,157.0796356201172,0.4393528225880379,224.91839521915688,197.130815942361
1.6169999999998774,144.1061248779297,157.0796356201172,0.430815711519855,218.58406972061144,192.06907460444344
1.6174999999998774,144.14202880859375,157.0796356201172,0.422376877171754,217.0592864244641,190.71541346755487
1.6179999999998773,144.1788330078125,157.0796356201172,0.41743228116730224,220.7922165723701,193.3314890616936
1.6184999999998773,144.2178497314453,157.0796356201172,0.41851728107153585,229.72788078677874,199.8100433030719
1.6189999999998772,144.2602996826172,157.0796356201172,0.4270378267407685,239.66982504760563,209.7716168456693
1.6194999999998771,144.2998046875,157.0796356201172,0.4292297286668035,229.39412109651747,201.33055266750804
1.619999999999877,144.3369903564453,157.0796356201172,0.4251217092299857,221.2040621193946,194.70234892803745
1.620499999999877,144.37294006347656,157.0796356201172,0.4182566458482058,216.9737127362747,191.19406942108822
1.620999999999877,144.40896606445312,157.0796356201172,0.41246660300351157,217.67914814778158,191.46294584921418
1.621499999999877,144.44642639160156,157.0796356201172,0.4109833782040841,223.6426293779629,195.6805692303528
1.6219999999998769,144.48663330078125,157.0796356201172,0.41604056815826623,234.70389392327328,203.66431358273562
1.6224999999998768,144.53073120117188,157.0796356201172,0.42864550898648235,245.37033599777465,214.9716355857651
1.6229999999998768,144.5719451904297,157.0796356201172,0.43005261114665466,235.49900064676405,206.69155363640493
1.6234999999998767,144.6110076904297,157.0796356201172,0.4266350944053229,228.16867942463716,200.55975317450356
1.6239999999998767,144.64907836914062,157.0796356201172,0.4215786805355916,225.05714658921065,197.73953513250382
1.6244999999998766,144.68748474121094,157.0796356201172,0.4183848980578479,226.9797276377178,198.76738907379067
1.6249999999998765,144.7275848388672,157.0796356201172,0.4199227447439112,234.1265230534416,203.71529793160846
1.6254999999998765,144.7706298828125,157.0796356201172,0.4280280819126499,243.04458498627534,212.31910146938992
1.6259999999998764,144.8109130859375,157.0796356201172,0.43198246431444465,233.29064951224086,204.38286427121548
1.6264999999998764,144.8488311767578,157.0796356201172,0.4288525097777646,224.87462487955852,197.63780819254998
1.6269999999998763,144.88536071777344,157.0796356201172,0.4221897386313618,219.93271687991887,193.6095787439644
1.6274999999998763,144.92169189453125,157.0796356201172,0.41590711954384757,219.65188086490835,193.12904054940137
1.6279999999998762,144.95916748046875,157.0796356201172,0.41337913301268475,224.5211757172133,196.50359470416265
1.6284999999998762,144.9990997314453,157.0796356201172,0.41704757456773306,234.5116816113791,203.65635856375832
1.628999999999876,145.0426483154297,157.0796356201172,0.42816663375028596,245.0727245891442,214.22597173917774
1.629499999999876,145.0836181640625,157.0796356201172,0.4314993384868148,236.0543314499387,206.8053163895579
1.629999999999876,145.1225128173828,157.0796356201172,0.4288984832048198,228.80854622631148,200.88185808530267
1.630499999999876,145.16033935546875,157.0796356201172,0.4237774473652339,225.2729176865621,197.835663664938
1.6309999999998759,145.19834899902344,157.0796356201172,0.4198329272487202,226.47401192549583,198.379226937859
1.6314999999998758,145.23782348632812,157.0796356201172,0.4201429912424094,232.7709173165754,202.72409758682278
1.6319999999998758,145.280029296875,157.0796356201172,0.42678425023934874,244.02905429759494,210.7156857009394
1.6324999999998757,145.32606506347656,157.0796356201172,0.4406448066924087,254.4761948361834,221.93011574519463
1.6329999999998757,145.3692626953125,157.0796356201172,0.44251951518871085,244.73196259509166,213.74518889607776
1.6334999999998756,145.4102783203125,157.0796356201172,0.43963919073629526,237.26663854674064,207.4799775641624
1.6339999999998756,145.4501953125,157.0796356201172,0.43505563299905037,233.81720314804093,204.35386990142155
1.6344999999998755,145.49029541015625,157.0796356201172,0.4321383554931274,235.24576994300915,204.94618624986978
1.6349999999998754,145.53189086914062,157.0796356201172,0.43365225739263313,241.77792264630324,209.36077393028685
1.6354999999998754,145.5762176513672,157.0796356201172,0.44138523964450116,249.99776694997018,217.3566260754764
1.6359999999998753,145.61758422851562,157.0796356201172,0.44522929641749404,239.50229513909275,208.81545611783034
1.6364999999998753,145.65635681152344,157.0796356201172,0.4417374453438704,230.1965694127781,201.374479149566
1.6369999999998752,145.69349670410156,157.0796356201172,0.43442538025290234,224.2699041555046,196.59555844504592
1.6374999999998752,145.73016357421875,157.0796356201172,0.4271594992957883,222.95003686336784,195.33729670409375
1.6379999999998751,145.76771545410156,157.0796356201172,0.42329627852285534,226.75699122270407,197.92799908617965
1.638499999999875,145.8074188232422,157.0796356201172,0.42531865549990194,235.68434703853382,204.3055603735439
1.638999999999875,145.85047912597656,157.0796356201172,0.4345869710670469,245.46400039114562,214.11828560955837
1.639499999999875,145.89064025878906,157.0796356201172,0.43732625287740323,235.31526579859724,205.78932461819528
1.639999999999875,145.92848205566406,157.0796356201172,0.4336541017034315,226.97769329736974,199.03804111680859
1.6404999999998748,145.9650115966797,157.0796356201172,0.4270819692049906,222.41836421902084,195.2533575627
1.6409999999998748,146.00148010253906,157.0796356201172,0.4213973234444254,222.6821220405539,195.15197118670116
1.6414999999998747,146.0392303466797,157.0796356201172,0.41979518774467695,228.1384413020359,198.9460522195789
1.6419999999998747,146.0795440673828,157.0796356201172,0.42450007632418935,238.65624914636433,206.47796446917513
1.6424999999998746,146.12353515625,157.0796356201172,0.4365497472351184,248.7693944074089,217.31748744041482
1.6429999999998746,146.16448974609375,157.0796356201172,0.4377679078650691,238.2376537282719,208.4975910670079
1.6434999999998745,146.203125,157.0796356201172,0.4338898112992521,230.17536577666073,201.79060431298328
1.6439999999998745,146.24058532714844,157.0796356201172,0.428132362140556,226.31391145596857,198.39829702023127
1.6444999999998744,146.27818298339844,157.0796356201172,0.4240214217400236,227.50273253283646,198.88067279820058
1.6449999999998743,146.31729125976562,157.0796356201172,0.42446972125888044,233.95012143258063,203.32115157619293
1.6454999999998743,146.35914611816406,157.0796356201172,0.4313838114715118,242.31551679135075,211.4568428484818
1.6459999999998742,146.3979949951172,157.0796356201172,0.43468247417551914,231.58450301615008,202.70807640293393
1.6464999999998742,146.4342803955078,157.0796356201172,0.43062453316794636,222.31546717349352,195.2903798382487
1.6469999999998741,146.46900939941406,157.0796356201172,0.42284702045972894,216.6616903737949,190.7321014735022
1.647499999999874,146.50341796875,157.0796356201172,0.4153407502045099,215.81285440346352,189.8581537842773
1.647999999999874,146.5388641357422,157.0796356201172,0.4115701978098701,220.24953621759,192.9630375537855
1.648499999999874,146.57667541503906,157.0796356201172,0.41407627289357535,229.9246028973589,199.95071383222339
1.648999999999874,146.6180419921875,157.0796356201172,0.42419762204711453,240.2718351636717,210.43541316180716
1.6494999999998738,146.6566162109375,157.0796356201172,0.4265735917697722,230.4565657643329,202.32673749927272
1.6499999999998738,146.69302368164062,157.0796356201172,0.4230021632810416,222.73782495630684,196.0098965487343
1.6504999999998737,146.72833251953125,157.0796356201172,0.4169987671576857,219.01212120206574,192.82231309294644
1.6509999999998737,146.76382446289062,157.0796356201172,0.41236144704748173,220.2592001170126,193.43160021595213
1.6514999999998736,146.80084228515625,157.0796356201172,0.41225497809392414,226.78735864704035,198.0033709690458
1.6519999999998736,146.8406982421875,157.0796356201172,0.4187993556918934,238.40777330082253,206.33587208739291
1.6524999999998735,146.8844757080078,157.0796356201172,0.43286078444775533,249.02967802351705,217.95723836904787
1.6529999999998735,146.92530822753906,157.0796356201172,0.4336983238749173,238.8624102958075,209.3456978592574
1.6534999999998734,146.96395874023438,157.0796356201172,0.4302198931534579,231.43338797404564,203.04148272954842
1.6539999999998733,147.0016326904297,157.0796356201172,0.4254968279293504,228.37836241717767,200.17864791416181
1.6544999999998733,147.03964233398438,157.0796356201172,0.4229180758644516,230.46652568297534,201.25574088438148
1.6549999999998732,147.079345703125,157.0796356201172,0.4252409608347817,237.8397302215169,206.30106489507656
1.6554999999998732,147.1219940185547,157.0796356201172,0.4341992872105911,246.35038811920145,215.00060868318383
1.6559999999998731,147.1615753173828,157.0796356201172,0.43684861677054543,235.52252758973847,206.05663716144494
1.656499999999873,147.19862365722656,157.0796356201172,0.43296672142138154,226.44932155332344,198.66102241219664
1.656999999999873,147.23416137695312,157.0796356201172,0.42602905053687157,221.15715148355372,194.2642793005986
1.657499999999873,147.2694549560547,157.0796356201172,0.41978959778914116,220.73260658138148,193.61341040379702
1.657999999999873,147.3058624267578,157.0796356201172,0.4174806168902047,225.5747681849969,196.93929022132212
1.6584999999998729,147.3446807861328,157.0796356201172,0.42141031946698015,235.5710552634788,204.0935248997297
1.6589999999998728,147.38705444335938,157.0796356201172,0.43271555752678204,245.49699181154512,214.64715217053555
1.6594999999998727,147.42636108398438,157.0796356201172,0.43405704684755253,234.77993095676337,205.68030891406102
1.6599999999998727,147.46331787109375,157.0796356201172,0.43001080381575857,226.49436353581206,198.79748768207418
1.6604999999998726,147.49905395507812,157.0796356201172,0.4239374716522923,222.40841100287696,195.24411369563174
1.6609999999998726,147.53489685058594,157.0796356201172,0.41941425047739084,223.3971401122392,195.59987645868995
1.6614999999998725,147.5721893310547,157.0796356201172,0.41941946620047027,229.68670295085587,199.959841399278
1.6619999999998725,147.61219787597656,157.0796356201172,0.42593059030853136,238.08385177374186,208.06535158652275
1.6624999999998724,147.6492156982422,157.0796356201172,0.429303132235633,227.24748268125188,199.22058794401138
1.6629999999998724,147.68365478515625,157.0796356201172,0.4251215995641188,217.90276738796166,191.72967959919873
1.6634999999998723,147.71653747558594,157.0796356201172,0.41716188385290703,212.21700143489937,187.14727496991415
1.6639999999998722,147.74913024902344,157.0796356201172,0.40945805041339106,211.38686178596134,186.3042046677566
1.6644999999998722,147.78277587890625,157.0796356201172,0.40552638141069974,215.89545958383604,189.4952639564031
1.6649999999998721,147.8188018798828,157.0796356201172,0.4079588358095956,225.6925143051755,196.61921278659077
1.665499999999872,147.85842895507812,157.0796356201172,0.4181249833060033,236.19356449037716,207.27995234177394
1.665999999999872,147.895263671875,157.0796356201172,0.42037170024150816,226.30175082651743,199.07771099015602
1.666499999999872,147.929931640625,157.0796356201172,0.41669684841927196,218.63691044165193,192.77011087394553
1.666999999999872,147.96356201171875,157.0796356201172,0.41071820632198114,215.07211107755978,189.69125392197483
1.6674999999998719,147.9974365234375,157.0796356201172,0.4062435953718948,216.56236218453247,190.48895864839344
1.6679999999998718,148.0329132080078,157.0796356201172,0.40644454539443825,223.39209325932964,195.30800400615843
1.6684999999998718,148.0712890625,157.0796356201172,0.4134287829504649,235.34751258711617,203.92414550829557
1.6689999999998717,148.11367797851562,157.0796356201172,0.4280229817413194,246.1413609669097,215.84138743919598
1.6694999999998716,148.15306091308594,157.0796356201172,0.4285262667513851,235.84582949467213,207.06596187801182
1.6699999999998716,148.1903076171875,157.0796356201172,0.4249609640404332,228.50143426952792,200.76885566021213
1.6704999999998715,148.22662353515625,157.0796356201172,0.4204356632500977,225.68320984107783,198.05076480759934
1.6709999999998715,148.26336669921875,157.0796356201172,0.4182866281762728,228.10218379663846,199.36571085285073
1.6714999999998714,148.3018798828125,157.0796356201172,0.4212018518985563,235.84471790377972,204.70145519907788
1.6719999999998714,148.34341430664062,157.0796356201172,0.43080897211253255,244.41024588844465,213.7079836484538
1.6724999999998713,148.3817901611328,157.0796356201172,0.4327393479410187,233.25579229609605,204.4222928463854
1.6729999999998713,148.41763305664062,157.0796356201172,0.4285263783973446,224.16367139812863,196.9450432130814
1.6734999999998712,148.4520263671875,157.0796356201172,0.42159898047030553,219.09519124454886,192.67168611290145
1.6739999999998711,148.48626708984375,157.0796356201172,0.4156983406949636,219.07306447660466,192.29590284003953
1.674499999999871,148.521728515625,157.0796356201172,0.41403112234716805,224.4334193926839,195.99659089782716
1.674999999999871,148.5597381591797,157.0796356201172,0.4188392435467692,235.0017776233679,203.5748311530461
1.675499999999871,148.60140991210938,157.0796356201172,0.43115024585783035,244.99972928795478,214.55291392165842
1.675999999999871,148.63990783691406,157.0796356201172,0.4315191407481237,233.91023262931623,205.182785412121
1.6764999999998709,148.67605590820312,157.0796356201172,0.4271203638914027,225.65304570939927,198.2302334272529
1.6769999999998708,148.71104431152344,157.0796356201172,0.42122105813158345,221.88527487919174,194.85077233825038
1.6774999999998708,148.74624633789062,157.0796356201172,0.41731670671546106,223.38167189839425,195.54187660569366
1.6779999999998707,148.78305053710938,157.0796356201172,0.4182827013930716,230.27729705103627,200.32443083186016
1.6784999999998707,148.82269287109375,157.0796356201172,0.4259543067830644,238.64563319092582,208.87242039284484
1.6789999999998706,148.859130859375,157.0796356201172,0.427996957741362,227.20113139065887,199.40787268082394
1.6794999999998705,148.8929901123047,157.0796356201172,0.4232586255126894,217.75504519895551,191.72102378448815
1.6799999999998705,148.92530822753906,157.0796356201172,0.4153812615381895,212.3363076434485,187.2535500233714
1.6804999999998704,148.95745849609375,157.0796356201172,0.4082983264730997,212.0182242866011,186.73465359522547
1.6809999999998704,148.9907989501953,157.0796356201172,0.40541160875801335,217.17341539227374,190.36862767044732
1.6814999999998703,149.0266876220703,157.0796356201172,0.4091516011122152,227.6519054391921,197.97325657276457
1.6819999999998703,149.06626892089844,157.0796356201172,0.4206884985207393,238.03196343630265,209.07994304548225
1.6824999999998702,149.10281372070312,157.0796356201172,0.4213629503376297,227.32094936284776,200.0600128404474
1.6829999999998702,149.13711547851562,157.0796356201172,0.4170114836299362,219.42168808105754,193.43322505948714
1.68349999999987,149.17037963867188,157.0796356201172,0.41107151758147864,216.03206858450153,190.38839358217948
1.68399999999987,149.2039794921875,157.0796356201172,0.407193073933868,217.9543531995754,191.44586327474897
1.68449999999987,149.2393035888672,157.0796356201172,0.4083738954029001,225.33976673481462,196.6401278574951
1.68499999999987,149.2776336669922,157.0796356201172,0.4165153081729849,234.31099428532775,205.65116359329815
1.6854999999998699,149.31298828125,157.0796356201172,0.41902532788985325,223.63680528802584,196.8336126096827
1.6859999999998698,149.345947265625,157.0796356201172,0.4148155717568798,214.91917355730584,189.72866210826808
1.6864999999998698,149.37757873535156,157.0796356201172,0.40759679528998655,210.2104984702321,185.8055441410186
1.6869999999998697,149.40919494628906,157.0796356201172,0.40136689073379106,210.59884737062893,185.8115561246531
1.6874999999998697,149.4421844482422,157.0796356201172,0.39955947740274467,216.46348243050323,189.96105288585247
1.6879999999998696,149.47787475585938,157.0796356201172,0.4045815336415587,227.6544209036557,198.0752883783333
1.6884999999998695,149.5174102783203,157.0796356201172,0.4175237799777798,238.54763073240514,209.6840479886994
1.6889999999998695,149.5541229248047,157.0796356201172,0.4186794728540829,228.57336874479552,201.25479018532434
1.6894999999998694,149.58877563476562,157.0796356201172,0.4151051327037818,221.34063954844382,195.12744581467828
1.6899999999998694,149.62252807617188,157.0796356201172,0.4101822713380033,218.55762654817786,192.51020499063378
1.6904999999998693,149.65673828125,157.0796356201172,0.4075008067256099,221.03190489595292,193.9354643268228
1.6909999999998693,149.69277954101562,157.0796356201172,0.40997317639450415,228.91509341643652,199.44371495923824
1.6914999999998692,149.7318878173828,157.0796356201172,0.41939334071039613,238.04902586587014,208.71631029272353
1.6919999999998692,149.76812744140625,157.0796356201172,0.4221285340972804,227.70873755168523,200.1506025652065
1.692499999999869,149.80203247070312,157.0796356201172,0.41842458385580467,219.25116292075901,193.21681546477765
1.692999999999869,149.8346405029297,157.0796356201172,0.4118917893693411,214.7352434378523,189.39743598862376
1.693499999999869,149.86724853515625,157.0796356201172,0.40643207093281825,215.25274965388903,189.44803874701668
1.693999999999869,149.90122985839844,157.0796356201172,0.4053766660689723,221.18362610771564,193.5872851618224
1.6944999999998689,149.9378662109375,157.0796356201172,0.4110326317830375,232.37615134863773,201.63769001099487
1.6949999999998688,149.97833251953125,157.0796356201172,0.42441838056842573,243.002936277466,213.12820626453956
1.6954999999998688,150.015869140625,157.0796356201172,0.4254458470867958,232.76498189155555,204.45993879865802
1.6959999999998687,150.05126953125,157.0796356201172,0.4218294499817359,225.24432652720947,198.07829360662396
1.6964999999998687,150.085693359375,157.0796356201172,0.41687018257720826,222.1499341796877,195.19264176342085
1.6969999999998686,150.1204833984375,157.0796356201172,0.41408282889046294,224.28837796308972,196.33450384822365
1.6974999999998686,150.156982421875,157.0796356201172,0.4163236290388295,231.80877859090106,201.54211366940947
1.6979999999998685,150.19644165039062,157.0796356201172,0.4253628717258451,240.5007611052148,210.49357643495006
1.6984999999998684,150.23284912109375,157.0796356201172,0.42767749365765106,229.5241591362887,201.3879782510125
1.6989999999998684,150.26678466796875,157.0796356201172,0.4234914159737613,220.48707745330353,193.9841893119379
1.6994999999998683,150.29928588867188,157.0796356201172,0.41639563319630263,215.4424557544374,189.7538324047878
1.6999999999998683,150.33168029785156,157.0796356201172,0.4102736020268377,215.47457348740792,189.44184363589318
1.7004999999998682,150.3653106689453,157.0796356201172,0.40845618779650905,220.9550288413576,193.25661105412087
1.7009999999998682,150.40151977539062,157.0796356201172,0.41327646291875864,231.72291799698155,201.01066565500528
1.7014999999998681,150.44142150878906,157.0796356201172,0.4257999202466767,241.98541968598911,212.22293491942145
1.701999999999868,150.47824096679688,157.0796356201172,0.42623272146571267,231.0786238204835,202.9924529953266
1.702499999999868,150.51278686523438,157.0796356201172,0.4219180838008406,223.04026409908158,196.1996688574021
1.702999999999868,150.5462646484375,157.0796356201172,0.41620199705216165,219.555852541023,193.02674363171158
1.703499999999868,150.5800323486328,157.0796356201172,0.4126446265302211,221.40884618050356,193.98034906594776
1.7039999999998678,150.61549377441406,157.0796356201172,0.4141540326151983,228.72611287678959,199.076294913902
1.7044999999998678,150.65386962890625,157.0796356201172,0.4225495792687789,237.2950243125358,207.97190543811243
1.7049999999998677,150.6890869140625,157.0796356201172,0.42426723143124373,225.85682701916468,198.46528284411818
1.7054999999998677,150.7217559814453,157.0796356201172,0.4194920179158834,216.57954246965,190.86050308985708
1.7059999999998676,150.75299072265625,157.0796356201172,0.41186864091041664,211.47574858705332,186.59028169407685
1.7064999999998676,150.78414916992188,157.0796356201172,0.40533712202274125,211.5914985099261,186.3639602972967
1.7069999999998675,150.8166046142578,157.0796356201172,0.40328065419988535,217.2624594409228,190.35759744194868
1.7074999999998675,150.85169982910156,157.0796356201172,0.40806139504544525,228.29368405516345,198.35392490480768
1.7079999999998674,150.8905792236328,157.0796356201172,0.4207338973712923,238.74292998603062,209.84437907441108
1.7084999999998673,150.9263458251953,157.0796356201172,0.4206774606138078,227.74708438042566,200.50176264656145
1.7089999999998673,150.9598846435547,157.0796356201172,0.41613487353321943,219.86412613959743,193.80087984913987
1.7094999999998672,150.992431640625,157.0796356201172,0.41046244322689635,216.7169373971783,190.87170356414546
1.7099999999998672,151.025390625,157.0796356201172,0.4072298281070421,219.03267423360373,192.17401513315903
1.7104999999998671,151.06015014648438,157.0796356201172,0.4093285190367992,226.88750139228046,197.68180163123026
1.710999999999867,151.09799194335938,157.0796356201172,0.41851742023280775,235.71930774577424,207.01507201509088
1.711499999999867,151.13265991210938,157.0796356201172,0.41973527763790675,224.32119347999085,197.4841336717327
1.711999999999867,151.16485595703125,157.0796356201172,0.4149194883187535,215.3429749492231,190.0601953871211
1.712499999999867,151.1957244873047,157.0796356201172,0.4076627726106254,210.72059706159328,186.11635394143335
1.7129999999998669,151.22665405273438,157.0796356201172,0.40186553808002295,211.43252497564802,186.3085065887975
1.7134999999998668,151.259033203125,157.0796356201172,0.4008471094622702,217.75451798728005,190.7653746821673
1.7139999999998667,151.29420471191406,157.0796356201172,0.4068592353603118,229.43834595270081,199.22770842642166
1.7144999999998667,151.33328247070312,157.0796356201172,0.4208116539410335,240.061008539577,211.14991686764665
1.7149999999998666,151.36923217773438,157.0796356201172,0.42024265927840954,229.04172333262602,201.71264924119092
1.7154999999998666,151.40298461914062,157.0796356201172,0.4157676823577365,221.37942046030443,195.1117182693113
1.7159999999998665,151.43582153320312,157.0796356201172,0.41061581906389827,218.60717577851773,192.40746444950176
1.7164999999998665,151.46917724609375,157.0796356201172,0.40823445140003845,221.3753589085443,193.99904070318735
1.7169999999998664,151.50442504882812,157.0796356201172,0.4113754398476325,229.69444976155987,199.80854558902962
1.7174999999998664,151.54283142089844,157.0796356201172,0.42164201935480095,238.4632642849059,209.41177451357564
1.7179999999998663,151.57794189453125,157.0796356201172,0.42209110038829745,226.72873316270986,199.52195450781855
1.7184999999998662,151.61056518554688,157.0796356201172,0.41708489932553133,217.69322927278077,191.97190388963975
1.7189999999998662,151.64187622070312,157.0796356201172,0.41007055434394074,213.19584585413142,188.05684290644078
1.7194999999998661,151.6732635498047,157.0796356201172,0.40481909049403847,214.1324876350765,188.36537463086074
1.719999999999866,151.70616149902344,157.0796356201172,0.40451412631399625,220.70869997447238,192.9692444701234
1.720499999999866,151.7418670654297,157.0796356201172,0.4112620587669234,229.3676836218561,201.56092116296568
1.720999999999866,151.77456665039062,157.0796356201172,0.4136356048669194,218.3388575422808,192.4707008676107
1.721499999999866,151.80484008789062,157.0796356201172,0.4088757760560411,209.26939767397766,185.10742195373476
1.7219999999998659,151.83372497558594,157.0796356201172,0.400883191761159,204.29596155603156,181.00537789202073
1.7224999999998658,151.8625946044922,157.0796356201172,0.3938421259375408,204.55731049468986,180.95034527101583
1.7229999999998658,151.89283752441406,157.0796356201172,0.39136863732661153,210.45430320172957,185.171944570605
1.7234999999998657,151.92579650878906,157.0796356201172,0.3960164154006189,221.83388964976112,193.48713407804843
1.7239999999998656,151.96266174316406,157.0796356201172,0.4089426178233367,233.0287803139389,205.40537264816953
1.7244999999998656,151.99673461914062,157.0796356201172,0.4098184128062068,223.0790759335545,196.96892389320072
1.7249999999998655,152.02882385253906,157.0796356201172,0.4060655187149986,216.05908011841004,190.98574673162398
1.7254999999998655,152.0601348876953,157.0796356201172,0.4011878240734465,213.67890062079704,188.66705969410418
1.7259999999998654,152.09205627441406,157.0796356201172,0.3988782494862943,216.72722240341002,190.53039151684547
1.7264999999998654,152.1259307861328,157.0796356201172,0.4020980304611165,225.31907569486677,196.58690985282905
1.7269999999998653,152.16305541992188,157.0796356201172,0.4126040334164456,234.83045491863453,206.47717013613112
1.7274999999998653,152.1973114013672,157.0796356201172,0.41466916492996436,224.4744291726305,197.816747018739
1.7279999999998652,152.2293243408203,157.0796356201172,0.41084046902025684,216.34575002403687,191.05969703574618
1.7284999999998651,152.2602081298828,157.0796356201172,0.40472408784846314,212.4436927647764,187.64518319690646
1.728999999999865,152.29129028320312,157.0796356201172,0.40022309165052167,213.7912022406388,188.27551938008983
1.729499999999865,152.32394409179688,157.0796356201172,0.40062180613911785,220.6912616213927,193.10902001555687
1.729999999999865,152.3594512939453,157.0796356201172,0.4080929235246511,229.86173986905365,201.90237429405968
1.730499999999865,152.39231872558594,157.0796356201172,0.4119567380456049,220.0429394579258,193.8812275406278
1.7309999999998649,152.4229736328125,157.0796356201172,0.40839787864504207,211.69578651103367,187.1400895890631
1.7314999999998648,152.4523468017578,157.0796356201172,0.40138308668810385,207.10143191210494,183.3451834108214
1.7319999999998648,152.4817352294922,157.0796356201172,0.395137822301496,207.51592824935597,183.38828679701172
1.7324999999998647,152.51248168945312,157.0796356201172,0.393300447270346,213.43246184680376,187.5815404117615
1.7329999999998646,152.54591369628906,157.0796356201172,0.3984418237042583,224.769214884319,195.8049453804493
1.7334999999998646,152.58319091796875,157.0796356201172,0.4117438239521641,236.0635483100492,207.6146111593209
1.7339999999998645,152.6178741455078,157.0796356201172,0.41374108644454977,226.74926574411256,199.75996315189406
1.7344999999998645,152.65065002441406,157.0796356201172,0.4107672314595788,219.93338948957114,193.97748670744647
1.7349999999998644,152.68263244628906,157.0796356201172,0.406352253162947,217.45974229367104,191.5962333397376
1.7354999999998644,152.7151336669922,157.0796356201172,0.4042038726999104,220.2245190648232,193.22779605866452
1.7359999999998643,152.74949645996094,157.0796356201172,0.40730993708209084,228.42694355482075,198.95627998119625
1.7364999999998643,152.78695678710938,157.0796356201172,0.41748514703349215,237.75444883699598,208.47751768861627
1.7369999999998642,152.82162475585938,157.0796356201172,0.420358588084661,227.5775073566312,200.02504287799934
1.7374999999998642,152.85403442382812,157.0796356201172,0.4168508807867608,219.2454745665661,193.15708626217778
1.737999999999864,152.88522338867188,157.0796356201172,0.41062625452203955,214.88385056267575,189.41777750106212
1.738499999999864,152.9164276123047,157.0796356201172,0.4056281449865409,215.6176434307248,189.59416477153732
1.738999999999864,152.9490509033203,157.0796356201172,0.40520080595006464,221.8306037865513,193.911191809639
1.739499999999864,152.98434448242188,157.0796356201172,0.41161974461959083,233.34981100560515,202.1766595703202
1.7399999999998639,153.02345275878906,157.0796356201172,0.4258311263804083,243.90601686427627,213.88861263872755
1.7404999999998638,153.05955505371094,157.0796356201172,0.4262067904691656,233.21723031632135,204.75388598199794
1.7409999999998638,153.09347534179688,157.0796356201172,0.422356006058559,225.49317403763567,198.10737222735543
1.7414999999998637,153.12640380859375,157.0796356201172,0.417559383878167,222.3932579348435,195.1255852417926
1.7419999999998637,153.15968322753906,157.0796356201172,0.4152639198645939,224.65218607802782,196.2874216166943
1.7424999999998636,153.19468688964844,157.0796356201172,0.4182078135294578,232.33386466373656,201.565967262648
1.7429999999998635,153.23260498046875,157.0796356201172,0.4280057766457157,240.62612898717788,210.56576152612993
1.7434999999998635,153.26712036132812,157.0796356201172,0.4292603667737565,228.401052567386,200.2274441618132
1.7439999999998634,153.29893493652344,157.0796356201172,0.42458777348839055,218.52102767582508,191.97785436290215
1.7444999999998634,153.3291778564453,157.0796356201172,0.4173552666425081,212.9233479100084,187.1862813989848
1.7449999999998633,153.3591766357422,157.0796356201172,0.4113153418104984,212.56333412565274,186.49996034706322
1.7454999999998633,153.39031982421875,157.0796356201172,0.4096234773178046,217.68852259214438,190.02563615669436
1.7459999999998632,153.4238739013672,157.0796356201172,0.4144448692903571,228.02147129852426,197.47657129524413
1.7464999999998632,153.46092224121094,157.0796356201172,0.4267161885115612,237.36385902845174,208.27637073363775
1.746999999999863,153.49423217773438,157.0796356201172,0.42573268896844463,224.11280865424794,196.8269180080261
1.747499999999863,153.5247802734375,157.0796356201172,0.42030875612976776,214.3158048367933,188.42312752210378
1.747999999999863,153.5539093017578,157.0796356201172,0.413551959208114,209.4567406765448,184.071383415451
1.748499999999863,153.58303833007812,157.0796356201172,0.4088562434659566,210.13468198822358,184.1190428849452
1.7489999999998629,153.61355590820312,157.0796356201172,0.4090066281198156,216.3164136488197,188.4375257987233
1.7494999999998628,153.64669799804688,157.0796356201172,0.4157692497252343,223.7112423587627,196.55497385527806
1.7499999999998628,153.6757354736328,157.0796356201172,0.41589682956420454,209.02247208534658,183.98305249137007
1.7504999999998627,153.7015838623047,157.0796356201172,0.4095001824644037,197.33810997191122,174.20022197732806
1.7509999999998627,153.7255401611328,157.0796356201172,0.4000336528889841,190.41158267455987,168.4119719909296
1.7514999999998626,153.74905395507812,157.0796356201172,0.3913170016221536,189.06449796335636,167.12482624133605
1.7519999999998626,153.77362060546875,157.0796356201172,0.3867084197443244,193.44313389144602,170.33792999187816
1.7524999999998625,153.80055236816406,157.0796356201172,0.38864777424890323,203.19385411554356,177.67881641109818
1.7529999999998624,153.83099365234375,157.0796356201172,0.39833672722757113,212.7882874499846,188.5031007986986
1.7534999999998624,153.8573455810547,157.0796356201172,0.3966069538938065,198.37370287474263,175.94002644827222
1.7539999999998623,153.8808135986328,157.0796356201172,0.39002492507841396,188.10259045684236,167.1192496389008
1.7544999999998623,153.90289306640625,157.0796356201172,0.38187831121820526,183.27641764890888,162.8790336950092
1.7549999999998622,153.92514038085938,157.0796356201172,0.37578865532817485,184.35215170477534,163.4257221657332
1.7554999999998622,153.94903564453125,157.0796356201172,0.3748133087455937,191.18437671608362,168.5173749579806
1.7559999999998621,153.97586059570312,157.0796356201172,0.38093805623851174,199.74124646346706,177.5893880928215
1.756499999999862,153.9985809326172,157.0796356201172,0.3809064204053168,185.17757922942627,164.9615980314585
1.756999999999862,154.01829528808594,157.0796356201172,0.37442181957298254,174.27639903578213,155.7345709084824
1.757499999999862,154.0364532470703,157.0796356201172,0.36503296420883,168.6006607807978,150.95170435256793
1.757999999999862,154.0546112060547,157.0796356201172,0.35675261514379736,168.81647692807016,150.98234137840674
1.7584999999998618,154.0742950439453,157.0796356201172,0.353141635368919,174.94334771862006,155.71062014385137
1.7589999999998618,154.0968780517578,157.0796356201172,0.356744553273718,186.5238420637805,164.66744675195943
1.7594999999998617,154.1234893798828,157.0796356201172,0.36868857857403026,197.8229017666293,177.12735367470884
1.7599999999998617,154.14627075195312,157.0796356201172,0.3672340667190379,184.5027320838219,165.32050661760496
1.7604999999998616,154.1665496826172,157.0796356201172,0.36176287050136163,175.78584896106364,157.6503337005638
1.7609999999998616,154.18589782714844,157.0796356201172,0.35545636324363733,172.7835026631285,154.80641097057892
1.7614999999998615,154.20591735839844,157.0796356201172,0.35190236784925555,175.7999650931419,156.869993550086
1.7619999999998615,154.22805786132812,157.0796356201172,0.3540637628301739,184.5672331151234,163.4955561628718
1.7624999999998614,154.2536163330078,157.0796356201172,0.3636994739545525,194.38060896699707,174.0332771506603
1.7629999999998613,154.2752685546875,157.0796356201172,0.36388724248067966,180.75160107096139,161.999432398289
1.7634999999998613,154.294189453125,157.0796356201172,0.35881954205928746,171.10420642732666,153.63468030474655
1.7639999999998612,154.3118896484375,157.0796356201172,0.3516581385738387,166.83680506005484,149.84560236370805
1.7644999999998612,154.3299102783203,157.0796356201172,0.34625818225577326,168.4718194195938,150.89580402916738
1.7649999999998611,154.3497772216797,157.0796356201172,0.3459350024500167,175.9150489815784,156.577685133858
1.765499999999861,154.37278747558594,157.0796356201172,0.35290252889605944,185.76252415316532,166.34807914993456
1.765999999999861,154.39218139648438,157.0796356201172,0.3555648620305557,172.96909832072308,155.1714178395521
1.766499999999861,154.40892028808594,157.0796356201172,0.3513230188704226,163.39572759488843,147.0154438360429
1.766999999999861,154.4243621826172,157.0796356201172,0.3437557718369256,158.71523716680608,143.03717435899267
1.7674999999998608,154.4400177001953,157.0796356201172,0.33698927231644904,159.6894463037963,143.69677049016576
1.7679999999998608,154.45736694335938,157.0796356201172,0.33471513759451654,166.41874167853157,148.9487207437111
1.7684999999998607,154.47775268554688,157.0796356201172,0.33958788072652835,178.5133648667275,158.37748221236964
1.7689999999998607,154.5023193359375,157.0796356201172,0.35279368860932964,190.77111974066332,171.29709474687195
1.7694999999998606,154.52342224121094,157.0796356201172,0.35396141878977855,178.80520110919778,160.60703052565356
1.7699999999998606,154.542236328125,157.0796356201172,0.3506881741380277,170.8572136201516,153.5706370071315
1.7704999999998605,154.56021118164062,157.0796356201172,0.3460050457222875,168.19791538634846,151.00978930612945
1.7709999999998605,154.578857421875,157.0796356201172,0.34356745421236434,171.25329764912908,153.1227771898565
1.7714999999998604,154.59962463378906,157.0796356201172,0.34638649828578133,179.85745699122907,159.65077832363707
1.7719999999998604,154.62371826171875,157.0796356201172,0.3563131263034516,189.95708055817593,170.01174037169127
1.7724999999998603,154.6440887451172,157.0796356201172,0.35902536822582604,176.96183804414002,158.492954519644
1.7729999999998602,154.6617431640625,157.0796356201172,0.3556401645142098,167.32869114699878,150.1340684236191
1.7734999999998602,154.6780548095703,157.0796356201172,0.3493545981390649,162.60502987154058,145.99522622147768
1.7739999999998601,154.6945037841797,157.0796356201172,0.3439733810700971,163.456285293892,146.45867420782199
1.77449999999986,154.71255493164062,157.0796356201172,0.3428816848293295,169.9115524636604,151.4182236201617
1.77499999999986,154.73350524902344,157.0796356201172,0.348476751195222,181.53071352531836,160.41266000779675
1.77549999999986,154.7584228515625,157.0796356201172,0.36180920090674507,192.89743433847633,172.72342414646684
1.77599999999986,154.77940368652344,157.0796356201172,0.3625127769606611,179.37985666068525,160.56566986567427
1.7764999999998599,154.7977294921875,157.0796356201172,0.35879258084269827,170.11396721562102,152.32746725094745
1.7769999999998598,154.8148651123047,157.0796356201172,0.35352753743140103,166.24194378286592,148.7318898791635
1.7774999999998597,154.83238220214844,157.0796356201172,0.35012572095149974,168.10820745608433,149.89048296717488
1.7779999999998597,154.85169982910156,157.0796356201172,0.35150699820440173,175.49095640182207,155.4854876237607
1.7784999999998596,154.87403869628906,157.0796356201172,0.3595591352614923,184.59272281336536,164.8925374445981
1.7789999999998596,154.89205932617188,157.0796356201172,0.36179503679362585,169.6254554191974,151.55793855078673
1.7794999999998595,154.9069366455078,157.0796356201172,0.3574331800172756,158.37378624481667,141.8003863640699
1.7799999999998595,154.9201202392578,157.0796356201172,0.34963700088341837,152.28054719763713,136.57099712306632
1.7804999999998594,154.93316650390625,157.0796356201172,0.3421963408574924,151.9323295401116,136.16558567549671
1.7809999999998594,154.9475860595703,157.0796356201172,0.33857301364206205,157.3011692637699,140.4120904419965
1.7814999999998593,154.96469116210938,157.0796356201172,0.3413570805107657,167.90699425673273,148.7993424390144
1.7819999999998593,154.985595703125,157.0796356201172,0.35186374936597137,178.9037237484344,160.57164161118612
1.7824999999998592,155.0021514892578,157.0796356201172,0.3521599385122205,163.98256182392439,147.13650045178258
1.7829999999998591,155.01580810546875,157.0796356201172,0.34733216244666937,153.74141908659666,138.10445676251467
1.783499999999859,155.02813720703125,157.0796356201172,0.34036848346388504,149.22753865499115,134.0829697094775
1.783999999999859,155.04080200195312,157.0796356201172,0.33490952699190984,150.70234407939736,135.09539481131196
1.784499999999859,155.0552978515625,157.0796356201172,0.3341360121316764,157.88047483135912,140.75158421750749
1.784999999999859,155.0728759765625,157.0796356201172,0.34021612630862896,167.42660157779946,150.36982519557174
1.7854999999998589,155.08599853515625,157.0796356201172,0.3423752390377522,152.0039607906843,136.58194112919026
1.7859999999998588,155.09597778320312,157.0796356201172,0.33743895780945893,140.7702578142978,126.84795106640577
1.7864999999998588,155.10440063476562,157.0796356201172,0.3287507558511452,135.05142812918032,122.0047966731948
1.7869999999998587,155.11289978027344,157.0796356201172,0.32032857433257056,135.33881990787137,122.25351495018324
1.7874999999998586,155.123046875,157.0796356201172,0.315902723858378,141.5272450869272,127.34397279610104
1.7879999999998586,155.13619995117188,157.0796356201172,0.3183109732461869,153.07347246814714,136.7002267021591
1.7884999999998585,155.15345764160156,157.0796356201172,0.32899455437307157,165.26708249904587,149.51267688244224
1.7889999999998585,155.16656494140625,157.0796356201172,0.32937386126071166,150.9669107135286,136.561094995925
1.7894999999998584,155.177001953125,157.0796356201172,0.32479293931026526,141.7280986053092,128.3500640442336
1.7899999999998584,155.18649291992188,157.0796356201172,0.31837083424448115,138.46332289899024,125.38163042129686
1.7904999999998583,155.19668579101562,157.0796356201172,0.31385785429250423,141.33337964975755,127.58623751064863
1.7909999999998583,155.20909118652344,157.0796356201172,0.31454089741845886,149.97080185727896,134.4996397100678
1.7914999999998582,155.22500610351562,157.0796356201172,0.32256832599363244,160.71185968667703,145.37870818678138
1.7919999999998582,155.23670959472656,157.0796356201172,0.32480979935705523,146.22475775499248,132.31666128830824
1.792499999999858,155.24557495117188,157.0796356201172,0.3206643050156343,136.20382080685098,123.52681208388891
1.792999999999858,155.25323486328125,157.0796356201172,0.3133715186354218,131.84989149540218,119.7496345145217
1.793499999999858,155.2613067626953,157.0796356201172,0.3069412717460371,133.5527307787865,121.10511975406517
1.793999999999858,155.27137756347656,157.0796356201172,0.3050563689102225,141.12486082096112,127.2757130732567
1.7944999999998579,155.28477478027344,157.0796356201172,0.3103793209269278,153.95674163805876,137.62997095079166
1.7949999999998578,155.30258178710938,157.0796356201172,0.3240535942330804,166.79419148377016,151.3134170162828
1.7954999999998578,155.31631469726562,157.0796356201172,0.32445147198651647,153.0322396918262,138.71752258887363
1.7959999999998577,155.32754516601562,157.0796356201172,0.32085492045465946,144.4772940692317,130.96774703686992
1.7964999999998577,155.33798217773438,157.0796356201172,0.31609312444820176,141.929480787485,128.4820835262321
1.7969999999998576,155.34925842285156,157.0796356201172,0.3136759780812652,145.4622170672177,131.12272252683582
1.7974999999998575,155.3628692626953,157.0796356201172,0.3166200739177702,154.64112858764412,138.37167498816342
1.7979999999998575,155.38003540039062,157.0796356201172,0.32677770481979784,165.2823709520243,149.44452053058964
1.7984999999998574,155.39288330078125,157.0796356201172,0.3287854059205063,150.50566030338476,136.00898046404228
1.7989999999998574,155.40280151367188,157.0796356201172,0.3251347331780651,140.32753244522857,126.96754609777398
1.7994999999998573,155.41143798828125,157.0796356201172,0.31875657946187974,135.84887505967725,122.98181555797065
1.7999999999998573,155.42044067382812,157.0796356201172,0.3133930444127897,137.3841921049626,124.10895346555938
1.8004999999998572,155.43133544921875,157.0796356201172,0.31247090353907475,144.69067398491774,129.98366450868056
1.8009999999998572,155.44541931152344,157.0796356201172,0.3184306135846973,157.11987945476264,139.93937779672987
1.801499999999857,155.46372985839844,157.0796356201172,0.332294149677716,169.2186058003452,153.09726788404524
1.801999999999857,155.47763061523438,157.0796356201172,0.33235002007118825,154.34465549529315,139.42771426425213
1.802499999999857,155.48876953125,157.0796356201172,0.32852803464652386,144.8253392375326,130.7923279411751
1.802999999999857,155.49884033203125,157.0796356201172,0.3233990434656639,141.39236491163572,127.52928608248128
1.8034999999998569,155.509521484375,157.0796356201172,0.32035827553851215,144.05870496480748,129.44586245942003
1.8039999999998568,155.52230834960938,157.0796356201172,0.32233263470839146,152.34799748817895,135.98031171160406
1.8044999999998568,155.53842163085938,157.0796356201172,0.3311881576623364,162.22181431557135,146.3174617101806
1.8049999999998567,155.54977416992188,157.0796356201172,0.3329099007701772,146.04263145638586,131.57768814990678
1.8054999999998567,155.5579071044922,157.0796356201172,0.32860591974632364,134.7176852293653,121.53345007419668
1.8059999999998566,155.5644989013672,157.0796356201172,0.32118195393832755,129.26982758545972,116.76303310651147
1.8064999999998566,155.57125854492188,157.0796356201172,0.31435902963150575,129.95481268866203,117.25879844376941
1.8069999999998565,155.5797119140625,157.0796356201172,0.3116086569808288,136.48751333612933,122.60647610340978
1.8074999999998564,155.5912322998047,157.0796356201172,0.31551238099100626,148.19004159839935,132.10305572829367
1.8079999999998564,155.60684204101562,157.0796356201172,0.32729706035708417,159.99101421918562,144.84318327522794
1.8084999999998563,155.6177520751953,157.0796356201172,0.32711449829720823,144.1150127528763,130.26622999006844
1.8089999999998563,155.62571716308594,157.0796356201172,0.3224535884091318,133.9195085223201,121.0744122713159
1.8094999999998562,155.63253784179688,157.0796356201172,0.31608594071311613,130.04336136380496,117.52120139173412
1.8099999999998562,155.6399383544922,157.0796356201172,0.3115133546622754,132.43860560550075,119.34063448385666
1.8104999999998561,155.64944458007812,157.0796356201172,0.31186217394805105,140.5827247035305,125.91770429982058
1.810999999999856,155.6623077392578,157.0796356201172,0.3192156405626989,150.76580874536805,136.39572108014994
1.811499999999856,155.67034912109375,157.0796356201172,0.3208889925419694,134.25922834603287,121.33967106237398
1.811999999999856,155.67515563964844,157.0796356201172,0.31612677588273963,122.9493667560067,111.32868504256274
1.812499999999856,155.67852783203125,157.0796356201172,0.3079813582555205,117.77127021946532,106.85248176056875
1.8129999999998558,155.68222045898438,157.0796356201172,0.300350648920838,118.90962571871582,107.8308817188871
1.8134999999998558,155.6878204345703,157.0796356201172,0.2969139276064193,126.0220263450383,113.79072894342661
1.8139999999998557,155.6967010498047,157.0796356201172,0.3004439425645024,138.38407319126145,123.98090602196302
1.8144999999998557,155.70989990234375,157.0796356201172,0.3122618239538676,151.02680092248525,137.45681475207368
1.8149999999998556,155.71852111816406,157.0796356201172,0.3120541295665275,135.58518658301372,123.23083317406838
1.8154999999998556,155.72438049316406,157.0796356201172,0.3074952108685753,126.0936983921261,114.63919703157553
1.8159999999998555,155.72935485839844,157.0796356201172,0.30140707743140066,123.10146309872863,111.8514322834389
1.8164999999998555,155.73516845703125,157.0796356201172,0.2974162601634958,126.48479236723848,114.53381210097434
1.8169999999998554,155.743408203125,157.0796356201172,0.2987317936886201,135.65970417697358,122.01507648292517
1.8174999999998553,155.75527954101562,157.0796356201172,0.3074194958007141,146.68434660029112,133.39263450272875
1.8179999999998553,155.76248168945312,157.0796356201172,0.3090038151039294,130.8277904203267,118.85685431408936
1.8184999999998552,155.76669311523438,157.0796356201172,0.30468885417165037,120.37868702702772,109.5332799041365
1.8189999999998552,155.76971435546875,157.0796356201172,0.2974587552505657,116.176294140636,105.8352350978876
1.8194999999998551,155.7733154296875,157.0796356201172,0.29121064972488653,118.32813897743843,107.6191509599427
1.819999999999855,155.77906799316406,157.0796356201172,0.28959141486224765,126.42963587536703,114.36007867351759
1.820499999999855,155.788330078125,157.0796356201172,0.29523737098413666,139.70657331820382,125.26499880957975
1.820999999999855,155.80209350585938,157.0796356201172,0.3092358979227657,152.78186264206977,139.35602951433626
1.821499999999855,155.81138610839844,157.0796356201172,0.3088890730348213,137.7137486148895,125.3847037903052
1.8219999999998548,155.81802368164062,157.0796356201172,0.3049495560630458,128.71607130246466,117.13157274430563
1.8224999999998548,155.82388305664062,157.0796356201172,0.3000459455015931,126.24739238072277,114.6998815733352
1.8229999999998547,155.8306884765625,157.0796356201172,0.2976130038120807,130.11662541994485,117.70125054898968
1.8234999999998547,155.83998107910156,157.0796356201172,0.3006493357719751,139.6883183989962,125.42286173405343
1.8239999999998546,155.8529510498047,157.0796356201172,0.3109834102427688,150.60572645213574,136.93073579564762
1.8244999999998546,155.86117553710938,157.0796356201172,0.31225969074324733,134.53600914947427,122.12311120440702
1.8249999999998545,155.86636352539062,157.0796356201172,0.3082570703446498,123.98483439583266,112.62485858347965
1.8254999999998545,155.87030029296875,157.0796356201172,0.3017241178992464,119.71242379448776,108.78548893996341
1.8259999999998544,155.874755859375,157.0796356201172,0.29635280506454176,121.76634372386725,110.41130061686539
1.8264999999998544,155.88131713867188,157.0796356201172,0.2955830078805533,129.69775739370402,116.9394898921778
1.8269999999998543,155.89126586914062,157.0796356201172,0.30186017981289237,142.70114373505658,127.54939717932642
1.8274999999998542,155.90560913085938,157.0796356201172,0.31615609887722784,155.19693206770168,141.24433264527102
1.8279999999998542,155.91522216796875,157.0796356201172,0.31548224862349594,139.32683341128927,126.49301436433569
1.8284999999998541,155.92198181152344,157.0796356201172,0.31137538735034936,129.65083305254737,117.60360033768744
1.828999999999854,155.9277801513672,157.0796356201172,0.3062780929569237,126.56677289928994,114.61566479051604
1.829499999999854,155.9343719482422,157.0796356201172,0.3035082097582606,129.8340768509646,117.09516239141522
1.829999999999854,155.94325256347656,157.0796356201172,0.3059731347883181,138.7826753252588,124.29439583473406
1.830499999999854,155.95565795898438,157.0796356201172,0.3154884964885241,149.10051141736403,135.25515316526966
1.8309999999998539,155.9630126953125,157.0796356201172,0.3164900853134673,132.00942871257763,119.491145127103
1.8314999999998538,155.9670867919922,157.0796356201172,0.31200450457586254,120.63769175571962,109.26627424959885
1.8319999999998537,155.96974182128906,157.0796356201172,0.3047494273097662,115.68042845238928,104.86193096681724
1.8324999999998537,155.97276306152344,157.0796356201172,0.29838292047490766,117.13622036824732,106.03170221724022
1.8329999999998536,155.97776794433594,157.0796356201172,0.29635824859476206,124.52071695323107,112.17324504771486
1.8334999999998536,155.98605346679688,157.0796356201172,0.30120830083742395,137.0034791065464,122.4367381468476
1.8339999999998535,155.99862670898438,157.0796356201172,0.3140453920612215,149.23170297957984,135.80466455512993
1.8344999999998535,156.00624084472656,157.0796356201172,0.3131354480482138,132.6137235603781,120.37185507465584
1.8349999999998534,156.01087951660156,157.0796356201172,0.30838770557015177,122.43735749758775,111.06799086183469
1.8354999999998534,156.0144805908203,157.0796356201172,0.30236787614867505,119.02823632370341,107.86234838237358
1.8359999999998533,156.01885986328125,157.0796356201172,0.2984730066469433,122.09534111165968,110.26303250721436
1.8364999999998532,156.02554321289062,157.0796356201172,0.29974796394796055,130.93042510518336,117.47950311165252
1.8369999999998532,156.03575134277344,157.0796356201172,0.3081602827304475,141.43067593045424,128.52066484401712
1.8374999999998531,156.04083251953125,157.0796356201172,0.3090388213561707,124.06000620132109,112.49189310138874
1.837999999999853,156.0426483154297,157.0796356201172,0.30414596794077264,112.67600360030316,102.27480866272234
1.838499999999853,156.04310607910156,157.0796356201172,0.29630544753293775,107.90113623701819,98.0770207584591
1.838999999999853,156.04405212402344,157.0796356201172,0.28930172329918186,109.67562246566942,99.59247531938131
1.839499999999853,156.047119140625,157.0796356201172,0.286737107799084,117.46845838185787,106.17106944832183
1.8399999999998529,156.05360412597656,157.0796356201172,0.29127901687346547,130.41175039637503,116.92467303078524
1.8404999999998528,156.06455993652344,157.0796356201172,0.3040999760152557,143.21211282311714,130.8052157569294
1.8409999999998528,156.07061767578125,157.0796356201172,0.30305540256470215,126.8624503276899,115.59189260464855
1.8414999999998527,156.07383728027344,157.0796356201172,0.2982796920029374,117.17225267566961,106.70829702226659
1.8419999999998526,156.07620239257812,157.0796356201172,0.2923895868335712,114.39053047489273,104.05367684756024
1.8424999999998526,156.0795440673828,157.0796356201172,0.28886290456021135,118.16455391424581,107.0791747420426
1.8429999999998525,156.0854034423828,157.0796356201172,0.29079993171245283,127.73646347403958,114.94851236881827
1.8434999999998525,156.09500122070312,157.0796356201172,0.30014622211829256,138.82301830762378,126.63401285368849
1.8439999999998524,156.0995635986328,157.0796356201172,0.3008167471687596,121.8829922353779,110.95225325166494
1.8444999999998524,156.1010284423828,157.0796356201172,0.2961433753095855,111.10788498423886,101.22683281928838
1.8449999999998523,156.101318359375,157.0796356201172,0.288899221045101,107.04064165400382,97.59968352488276
1.8454999999998523,156.102294921875,157.0796356201172,0.2828671625255604,109.55765757321201,99.71100792540508
1.8459999999998522,156.1055450439453,157.0796356201172,0.2816211734392521,118.07681605003066,106.86743657683587
1.8464999999998521,156.1124267578125,157.0796356201172,0.2877174447076559,131.6895796953733,118.14647849788557
1.846999999999852,156.12388610839844,157.0796356201172,0.3021432195910769,144.782952825281,132.47319931135854
1.847499999999852,156.13050842285156,157.0796356201172,0.3008586465144402,128.6846561718497,117.42868718387516
1.847999999999852,156.13438415527344,157.0796356201172,0.2964623306949524,119.35546572359947,108.79480738317785
1.848499999999852,156.1374969482422,157.0796356201172,0.29141218263949964,116.97071237117706,106.41248158738273
1.8489999999998519,156.1416473388672,157.0796356201172,0.28904727218727716,121.12052455976946,109.68654609977175
1.8494999999998518,156.14837646484375,157.0796356201172,0.29230110559657957,131.00340025271052,117.74512086765803
1.8499999999998518,156.1588897705078,157.0796356201172,0.30292763800577305,141.9926772204792,129.53391705051038
1.8504999999998517,156.164306640625,157.0796356201172,0.30323281102252536,124.88663580318186,113.64359645257736
1.8509999999998517,156.16656494140625,157.0796356201172,0.2987297023382813,114.0533526424506,103.80120551885238
1.8514999999998516,156.16763305664062,157.0796356201172,0.29200992669565906,109.96670854826108,100.0920433784926
1.8519999999998515,156.1693572998047,157.0796356201172,0.28669565000574765,112.45047612275187,102.11199775510129
1.8524999999998515,156.17332458496094,157.0796356201172,0.2861928921769257,120.8834042796883,109.13433322093721
1.8529999999998514,156.18084716796875,157.0796356201172,0.2928945278275721,131.9980455958546,120.21227006994026
1.8534999999998514,156.18353271484375,157.0796356201172,0.295857070755516,115.67387232850068,105.18007458117015
1.8539999999998513,156.18316650390625,157.0796356201172,0.2919233780864352,104.88990350219204,95.57154714711514
1.8544999999998513,156.1815643310547,157.0796356201172,0.28419426729326247,100.45619704807369,91.76097225878722
1.8549999999998512,156.18055725097656,157.0796356201172,0.2767437471012939,102.46151145951688,93.57312971180346
1.8554999999998512,156.18173217773438,157.0796356201172,0.2734971665366521,110.49013895233686,100.45732579074969
1.855999999999851,156.18649291992188,157.0796356201172,0.2774595057916912,123.76172707583184,111.59900452227829
1.856499999999851,156.19586181640625,157.0796356201172,0.2900581949604468,137.58392812990778,126.001753324564
1.856999999999851,156.20077514648438,157.0796356201172,0.2910917050642741,122.68038730242196,112.13759297602992
1.857499999999851,156.203125,157.0796356201172,0.2877115812606709,113.9150122724223,104.11950493158466
1.8579999999998509,156.20481872558594,157.0796356201172,0.28271856224429576,111.73176513039847,102.02669676297795
1.8584999999998508,156.2075958251953,157.0796356201172,0.27980309525414143,115.92966284580208,105.45047747593702
1.8589999999998508,156.21299743652344,157.0796356201172,0.28225647021860567,125.8672214505193,113.65989307595515
1.8594999999998507,156.22225952148438,157.0796356201172,0.2921690623094119,137.68061322770265,125.70456121367715
1.8599999999998507,156.22689819335938,157.0796356201172,0.29491663492344083,122.09750475658609,111.27418462668766
1.8604999999998506,156.2286376953125,157.0796356201172,0.2918257686272082,112.0561822667128,102.21667670163036
1.8609999999998506,156.22930908203125,157.0796356201172,0.2857490404358221,108.30314696104868,98.86740494654615
1.8614999999998505,156.23065185546875,157.0796356201172,0.2805488576105751,110.87725691172449,101.01921199989076
1.8619999999998504,156.23428344726562,157.0796356201172,0.2798668509071371,119.32416982316009,108.0965887283013
1.8624999999998504,156.24147033691406,157.0796356201172,0.2863318466920382,132.83473010328572,119.26654738311017
1.8629999999998503,156.2532196044922,157.0796356201172,0.3010148114513986,146.16982797190437,133.52037989580165
1.8634999999998503,156.2603759765625,157.0796356201172,0.3016167491331679,130.83796955646304,119.19151202988165
1.8639999999998502,156.26483154296875,157.0796356201172,0.2985244444303852,121.67121175137314,110.72293503075907
1.8644999999998502,156.26846313476562,157.0796356201172,0.2942276937192063,119.05309147148633,108.14880605037462
1.86499999999985,156.27301025390625,157.0796356201172,0.2920993863355725,122.7396200913048,111.0263442532326
1.86549999999985,156.27996826171875,157.0796356201172,0.2951357069160639,132.0599104725551,118.60123499531619
1.86599999999985,156.29055786132812,157.0796356201172,0.30521836528465696,142.92440076100553,129.90850639760706
1.86649999999985,156.29615783691406,157.0796356201172,0.3074847327697059,126.1807448710007,114.37685262381748
1.86699999999985,156.29856872558594,157.0796356201172,0.3040533834709356,115.0846463104297,104.3479766420921
1.8674999999998498,156.2996063232422,157.0796356201172,0.29760423953235116,110.33000659541432,100.1049990185946
1.8679999999998498,156.3010711669922,157.0796356201172,0.29180618677307735,111.91793930266554,101.40201312723055
1.8684999999998497,156.3045196533203,157.0796356201172,0.2901468774383741,119.36895111159018,107.63636353758858
1.8689999999998497,156.31126403808594,157.0796356201172,0.2952108031711753,131.85886143593714,117.95733258110573
1.8694999999998496,156.32229614257812,157.0796356201172,0.3081689050332314,144.29687079534628,131.3460164369665
1.8699999999998496,156.328369140625,157.0796356201172,0.3083858417120323,127.6536957911383,115.82429305358602
1.8704999999998495,156.3314208984375,157.0796356201172,0.3044257136679879,117.37256502231273,106.40032956058133
1.8709999999998495,156.33338928222656,157.0796356201172,0.29882348517888163,113.78757950944457,103.04890476053166
1.8714999999998494,156.33607482910156,157.0796356201172,0.2949833982958107,116.61847157868291,105.28245093022714
1.8719999999998493,156.3410186767578,157.0796356201172,0.29599981796702185,125.16900611503172,112.31396389586995
1.8724999999998493,156.34942626953125,157.0796356201172,0.3039378946823356,135.69342969684797,123.15506935524034
1.8729999999998492,156.35260009765625,157.0796356201172,0.30601187955077847,118.06354208371245,106.83147826680616
1.8734999999998492,156.3524169921875,157.0796356201172,0.30175470565100504,106.3552071812196,96.31512970717293
1.8739999999998491,156.35079956054688,157.0796356201172,0.2940057188456812,101.20555486242505,91.82144974561689
1.874499999999849,156.34957885742188,157.0796356201172,0.28657229891297886,102.57048834837427,93.05085686561473
1.874999999999849,156.35037231445312,157.0796356201172,0.2831278002476884,109.93499277172585,99.35864285121141
1.875499999999849,156.35452270507812,157.0796356201172,0.28649285168446936,122.44673941550616,109.86092829052019
1.875999999999849,156.363037109375,157.0796356201172,0.29805148018912486,135.30068372422085,123.5126342905785
1.8764999999998488,156.3665771484375,157.0796356201172,0.2980807414020175,118.63972301260422,107.99042752036826
1.8769999999998488,156.36720275878906,157.0796356201172,0.2936109093051374,108.60821247397803,98.83148725612162
1.8774999999998487,156.3668975830078,157.0796356201172,0.2873576199214318,105.47375235862894,95.94151206136118
1.8779999999998487,156.36749267578125,157.0796356201172,0.2829242332779014,108.90132308220802,98.77662385838045
1.8784999999998486,156.3705596923828,157.0796356201172,0.2836011712061527,118.1495123225131,106.50415651765371
1.8789999999998486,156.37734985351562,157.0796356201172,0.2915815773926997,129.46942058093947,118.09852355914188
1.8794999999998485,156.37905883789062,157.0796356201172,0.2934443438412172,112.40230732046659,102.27774836516484
1.8799999999998485,156.3776397705078,157.0796356201172,0.2891316798950255,101.48444985571432,92.45588819094182
1.8804999999998484,156.3750457763672,157.0796356201172,0.28155875885400183,97.2774083475509,88.78222976426783
1.8809999999998483,156.3731231689453,157.0796356201172,0.2746614103401272,99.67431775006062,90.90202277979814
1.8814999999998483,156.37351989746094,157.0796356201172,0.2722243617277616,108.10774204847938,98.12491485662217
1.8819999999998482,156.37754821777344,157.0796356201172,0.2770732554138233,121.68141832616803,109.52927053457513
1.8824999999998482,156.38623046875,157.0796356201172,0.290443534308905,135.28386734762773,124.03909522711044
1.8829999999998481,156.39013671875,157.0796356201172,0.29019613271082856,119.366549556451,109.14743581408308
1.883499999999848,156.39134216308594,157.0796356201172,0.2861870119390509,110.2036689310065,100.69453988821412
1.883999999999848,156.39186096191406,157.0796356201172,0.2810265872025317,107.98737871078504,98.52892915478859
1.884499999999848,156.3935089111328,157.0796356201172,0.27824635436962564,112.32179056750202,102.05984179828268
1.884999999999848,156.39781188964844,157.0796356201172,0.28099751089712033,122.41654832783607,110.41701379457213
1.8854999999998479,156.406005859375,157.0796356201172,0.2912301483389939,134.01834873333348,122.54529953513041
1.8859999999998478,156.4092254638672,157.0796356201172,0.2926119136563893,117.31886951733033,106.99789203595205
1.8864999999998477,156.40940856933594,157.0796356201172,0.28873059311326477,106.84945722653558,97.48521953588134
1.8869999999998477,156.40850830078125,157.0796356201172,0.2822776175947118,103.09993102073224,94.10480443789073
1.8874999999998476,156.40835571289062,157.0796356201172,0.2770103631929398,105.90729583005235,96.4604406365047
1.8879999999998476,156.41055297851562,157.0796356201172,0.2764882638154452,114.66075925262584,103.82973697351854
1.8884999999998475,156.41641235351562,157.0796356201172,0.2832434653144901,128.43149907467992,115.26722088590822
1.8889999999998475,156.4268798828125,157.0796356201172,0.2982327241665157,141.65518394772118,129.6802087329757
1.8894999999998474,156.43246459960938,157.0796356201172,0.29752458149705363,125.41316488905996,114.43180242620457
1.8899999999998474,156.4352569580078,157.0796356201172,0.2936903054658166,115.9818675212773,105.66410632369251
1.8904999999998473,156.43724060058594,157.0796356201172,0.2890799401320672,113.49520892159238,103.17781199423122
1.8909999999998472,156.44024658203125,157.0796356201172,0.2869852492284675,117.51271981884398,106.34699092282344
1.8914999999998472,156.44578552246094,157.0796356201172,0.2903196403444507,127.2125013409512,114.27585260806515
1.8919999999998471,156.4550323486328,157.0796356201172,0.3008545000203907,138.10418746417426,125.89236122499808
1.892499999999847,156.45904541015625,157.0796356201172,0.30175100989878506,120.55093118216008,109.52783818069999
1.892999999999847,156.4597930908203,157.0796356201172,0.2975977461590284,109.34051783014725,99.32095023950922
1.893499999999847,156.45925903320312,157.0796356201172,0.2909361063672036,104.90774474918094,95.31721998152666
1.893999999999847,156.4593048095703,157.0796356201172,0.28536042448681515,107.04927095126742,97.0813706111008
1.8944999999998469,156.4615020751953,157.0796356201172,0.28429391065086335,115.12615915937882,103.86305791369021
1.8949999999998468,156.4671630859375,157.0796356201172,0.2902096662120134,128.19127948133558,114.69785155049746
1.8954999999998468,156.47723388671875,157.0796356201172,0.30411246997803393,140.717013632787,128.48144396919054
1.8959999999998467,156.4821319580078,157.0796356201172,0.30300678016989196,123.4892450416527,112.32907200420469
1.8964999999998466,156.4840087890625,157.0796356201172,0.29850602989437536,113.24719952167708,102.85547412949462
1.8969999999998466,156.4849090576172,157.0796356201172,0.29297971479546536,110.07097765649802,99.80491472868407
1.8974999999998465,156.48666381835938,157.0796356201172,0.28971268582182036,113.4819507707437,102.50793271424452
1.8979999999998465,156.49082946777344,157.0796356201172,0.2916695652845848,122.63105300211325,110.03747402139498
1.8984999999998464,156.49859619140625,157.0796356201172,0.30073626957395994,133.22236613343594,121.29921531457389
1.8989999999998464,156.5009307861328,157.0796356201172,0.3013682830188019,114.96128723042715,104.29486560778959
1.8994999999998463,156.49986267089844,157.0796356201172,0.29655184371152643,103.27670438484701,93.70166270845789
1.8999999999998463,156.49746704101562,157.0796356201172,0.288925879179342,98.5462142063135,89.50131397234767
1.9004999999998462,156.49562072753906,157.0796356201172,0.28217183922693917,100.52150924304648,91.20834410998391
1.9009999999998461,156.49595642089844,157.0796356201172,0.2798369413712315,108.52876257493222,98.03356214495768
1.901499999999846,156.49978637695312,157.0796356201172,0.28455305264219866,121.55486008897515,108.98247277566828
1.901999999999846,156.50799560546875,157.0796356201172,0.297215342242301,134.1347708500924,122.71153574689102
1.902499999999846,156.5110321044922,157.0796356201172,0.2958998465552465,116.88301871132744,106.54883567271638
1.902999999999846,156.51112365722656,157.0796356201172,0.29097454811413553,106.83267606904269,97.27867841498075
1.9034999999998459,156.51034545898438,157.0796356201172,0.28494584982641474,104.00275881275418,94.582972628923
1.9039999999998458,156.5105743408203,157.0796356201172,0.28124216111036615,107.86548495745005,97.74255108855226
1.9044999999998458,156.5133819580078,157.0796356201172,0.28296234222332123,117.53212177507449,105.79087216218873
1.9049999999998457,156.51995849609375,157.0796356201172,0.29206976529046513,128.69024135640046,117.60222769996795
1.9054999999998457,156.52120971679688,157.0796356201172,0.29243153826166157,110.7804910102071,100.90842614111621
1.9059999999998456,156.5192108154297,157.0796356201172,0.2874974593815785,99.64979207802128,90.80156655968639
1.9064999999998455,156.51608276367188,157.0796356201172,0.27995653075978433,95.60545178119577,87.20039594217772
1.9069999999998455,156.51370239257812,157.0796356201172,0.2735778440752063,98.34165746034941,89.56787751674955
1.9074999999998454,156.5137176513672,157.0796356201172,0.2719791914852677,107.13747874375198,97.07309207622548
1.9079999999998454,156.5174560546875,157.0796356201172,0.2777790293464203,120.86065648485777,108.68790797850144
1.9084999999998453,156.52561950683594,157.0796356201172,0.2912155970763262,133.56618011136544,122.59021266878364
1.9089999999998453,156.52879333496094,157.0796356201172,0.28968225099722406,116.94726074184443,106.97545105721288
1.9094999999998452,156.52920532226562,157.0796356201172,0.28507629616694274,107.63094597080169,98.31585129601486
1.9099999999998452,156.52896118164062,157.0796356201172,0.2798549156781191,105.57081314882994,96.24209410926976
1.910499999999845,156.5299072265625,157.0796356201172,0.27740038007311113,110.18720400275001,99.99431318233195
1.910999999999845,156.53358459472656,157.0796356201172,0.28070142858448144,120.5502002934833,108.57396517738461
1.911499999999845,156.5411834716797,157.0796356201172,0.2915278851706703,131.95048891820514,120.83069624293323
1.911999999999845,156.54351806640625,157.0796356201172,0.29143044743576096,114.31319995940504,104.33727044848524
1.9124999999998449,156.54270935058594,157.0796356201172,0.286771520893215,103.54713865991137,94.48533191540015
1.9129999999998448,156.5408172607422,157.0796356201172,0.28007117438933976,99.89182921649405,91.14213906302183
1.9134999999998448,156.53976440429688,157.0796356201172,0.27495863900869205,102.98847960879768,93.7298292679493
1.9139999999998447,156.54115295410156,157.0796356201172,0.2748714670503179,112.0753183702609,101.38610377193724
1.9144999999998447,156.54627990722656,157.0796356201172,0.28219248175496175,123.6571996625044,113.05954760369134
1.9149999999998446,156.54641723632812,157.0796356201172,0.284670095546489,106.87828406870216,97.48818640639075
1.9154999999998445,156.5435028076172,157.0796356201172,0.2806605091222983,96.24567280012293,87.92720287938813
1.9159999999998445,156.53952026367188,157.0796356201172,0.27315220588556616,92.33386840880532,84.53629328727605
1.9164999999998444,156.5363006591797,157.0796356201172,0.26619983671293473,95.04612430251747,86.96727329901515
1.9169999999998444,156.53550720214844,157.0796356201172,0.26373310489643975,103.8221795524099,94.5330562081677
1.9174999999998443,156.53846740722656,157.0796356201172,0.26870871856478495,117.77012978024153,106.31243281291849
1.9179999999998443,156.5461883544922,157.0796356201172,0.282420744058371,131.92613642001925,121.22736698556284
1.9184999999998442,156.54931640625,157.0796356201172,0.2828624325093599,116.57312146374805,106.83433282169844
1.9189999999998442,156.5498809814453,157.0796356201172,0.2794740170189873,107.88763634247766,98.79868620130884
1.919499999999844,156.54986572265625,157.0796356201172,0.27489333931849086,106.08527375115355,96.99335698005662
1.919999999999844,156.5510711669922,157.0796356201172,0.27270539632510127,110.78832478760613,100.84511664468486
1.920499999999844,156.5550537109375,157.0796356201172,0.2760997317155358,121.21995824003145,109.4956844949147
1.920999999999844,156.56298828125,157.0796356201172,0.28702606657202456,133.1682032659171,121.8973852289479
1.9214999999998439,156.56607055664062,157.0796356201172,0.28905563383561417,116.90247286794887,106.71882946413523
1.9219999999998438,156.56619262695312,157.0796356201172,0.28584526743333105,106.73874043172393,97.45427369215535
1.9224999999998438,156.56529235839844,157.0796356201172,0.28005030360119576,103.19473828557567,94.23178915969623
1.9229999999998437,156.56517028808594,157.0796356201172,0.2754122662124245,106.13041867361848,96.67840578054846
1.9234999999998437,156.5674285888672,157.0796356201172,0.2754696823724942,114.95350398219125,104.08914022815641
1.9239999999998436,156.5733184814453,157.0796356201172,0.28272679808501505,128.74999457331106,115.53124965656797
1.9244999999998436,156.5838165283203,157.0796356201172,0.2981197741506064,142.00213998173896,129.92112995244668
1.9249999999998435,156.58944702148438,157.0796356201172,0.29798180554200226,125.83595085407728,114.71840872943666
1.9254999999998434,156.59225463867188,157.0796356201172,0.2946351093298421,116.35429144180867,105.88734474531789
1.9259999999998434,156.59422302246094,157.0796356201172,0.2903923773369439,113.72113979242864,103.26006218919746
1.9264999999998433,156.59715270996094,157.0796356201172,0.2884996157622036,117.52306417619936,106.23434915815717
1.9269999999998433,156.6025390625,157.0796356201172,0.29185136469734585,126.96070154366085,113.93340645507878
1.9274999999998432,156.61154174804688,157.0796356201172,0.30223594876094884,137.6878226586165,125.29977607722455
1.9279999999998432,156.61526489257812,157.0796356201172,0.30373368217000213,119.95628091089635,108.75421783359141
1.9284999999998431,156.6156463623047,157.0796356201172,0.2999082391568652,108.4526917123386,98.28397282711875
1.928999999999843,156.61463928222656,157.0796356201172,0.29329486630580126,103.64809374986359,93.96545986049703
1.929499999999843,156.6140899658203,157.0796356201172,0.28747200442589155,105.36980641107183,95.38818540283556
1.929999999999843,156.6156005859375,157.0796356201172,0.2858706380782987,113.00475616808122,101.82156493286045
1.930499999999843,156.62046813964844,157.0796356201172,0.29102663039447385,125.62749561255875,112.31665043714473
1.9309999999998428,156.62960815429688,157.0796356201172,0.304060584864556,137.97989109676507,125.780972059793
1.9314999999998428,156.63352966308594,157.0796356201172,0.3035272553493529,120.46348348807817,109.36615001028964
1.9319999999998427,156.6343231201172,157.0796356201172,0.2991063714051695,109.86254072336806,99.59843207702103
1.9324999999998427,156.63404846191406,157.0796356201172,0.29323382597898306,106.29352131977181,96.24861478691139
1.9329999999998426,156.63453674316406,157.0796356201172,0.2892587895044937,109.3077142319201,98.66811664883458
1.9334999999998426,156.63735961914062,157.0796356201172,0.2902477555483914,118.08045539667918,105.945966189955
1.9339999999998425,156.64370727539062,157.0796356201172,0.2982354348817105,128.6675436524334,116.99975440780153
1.9344999999998425,156.6445770263672,157.0796356201172,0.2995437903897513,110.25290894816067,99.86104433639194
1.9349999999998424,156.64202880859375,157.0796356201172,0.2948202186425924,98.36408428406642,89.12056390319856
1.9354999999998423,156.63809204101562,157.0796356201172,0.28681620364952937,93.41367643211231,84.78450598189953
1.9359999999998423,156.63467407226562,157.0796356201172,0.2793086826140719,95.18151673702161,86.38628738203545
1.9364999999998422,156.63340759277344,157.0796356201172,0.2759721498260704,103.0160542997851,93.15073095787052
1.9369999999998422,156.63563537597656,157.0796356201172,0.27961446010695196,115.9601844226847,104.09312755544742
1.9374999999998421,156.642333984375,157.0796356201172,0.2915614436859809,129.00391038814132,118.09219116380194
1.937999999999842,156.64389038085938,157.0796356201172,0.29080016836298445,111.80842411776763,101.98986394509679
1.938499999999842,156.6425018310547,157.0796356201172,0.2859592701738949,101.7915204884103,92.78283333950749
1.938999999999842,156.64028930664062,157.0796356201172,0.27966294722301754,98.99970737650608,90.17214517359128
1.939499999999842,156.6391143798828,157.0796356201172,0.2754743568346669,102.92590345571314,93.45192959901983
1.9399999999998419,156.64056396484375,157.0796356201172,0.27664906908056164,112.69650166821165,101.66435495684182
1.9404999999998418,156.64585876464844,157.0796356201172,0.2853017194317743,124.24624122475241,113.68853247275354
1.9409999999998417,156.64590454101562,157.0796356201172,0.28627892369864144,106.6717670721213,97.30381336889819
1.9414999999998417,156.64283752441406,157.0796356201172,0.2816319519888727,95.82368716496669,87.46697850782088
1.9419999999998416,156.63868713378906,157.0796356201172,0.2741491010001868,92.0360605797516,84.11955618472814
1.9424999999998416,156.6353759765625,157.0796356201172,0.26771062512802085,95.02336539615858,86.7409752122161
1.9429999999998415,156.63453674316406,157.0796356201172,0.26605391665155764,104.07940655933598,94.511437038927
1.9434999999998415,156.63751220703125,157.0796356201172,0.27190086236505323,118.12209212098442,106.40957069489217
1.9439999999998414,156.64508056640625,157.0796356201172,0.2857871689444219,131.44597158001307,120.83019241736338
1.9444999999998414,156.64776611328125,157.0796356201172,0.28472863458157976,115.18884547444733,105.53582192752292
1.9449999999998413,156.64776611328125,157.0796356201172,0.28053495662446565,106.17042835722118,97.13783245111473
1.9454999999998412,156.64718627929688,157.0796356201172,0.2756830758791878,104.36670029277711,95.28876791917699
1.9459999999998412,156.64785766601562,157.0796356201172,0.27359695418846974,109.21462413850965,99.24404014975352
1.9464999999998411,156.65133666992188,157.0796356201172,0.2772990865920667,119.79623367167166,108.01542495023065
1.946999999999841,156.65878295898438,157.0796356201172,0.2885667700564347,131.44483243439586,120.45890697451615
1.947499999999841,156.6610565185547,157.0796356201172,0.28893402069727914,114.12744601805451,104.2426436141719
1.947999999999841,156.6602325439453,157.0796356201172,0.2847395407210177,103.5815021671093,94.57301898985294
1.948499999999841,156.65838623046875,157.0796356201172,0.278487213544378,100.07240680380345,91.34427319449098
1.9489999999998409,156.65737915039062,157.0796356201172,0.2738023540753729,103.2619582256957,93.99884029464124
1.9494999999998408,156.65884399414062,157.0796356201172,0.2741139943917238,112.40444093893902,101.68947062896002
1.9499999999998407,156.6640167236328,157.0796356201172,0.28178978378868297,124.03718419601358,113.375522667216
1.9504999999998407,156.66427612304688,157.0796356201172,0.28471040701094774,107.38896440024257,97.90750160701279
1.9509999999998406,156.66146850585938,157.0796356201172,0.2811055632114384,96.77688583543113,88.35162188962782
1.9514999999998406,156.65756225585938,157.0796356201172,0.2739355124908403,92.80384095749383,84.89590481756834
1.9519999999998405,156.65440368652344,157.0796356201172,0.26722531574130093,95.39657983059021,87.214350443347
1.9524999999998405,156.65359497070312,157.0796356201172,0.26487593575418883,104.01410502571315,94.63706600638467
1.9529999999998404,156.65650939941406,157.0796356201172,0.2698327990786743,117.78022965133728,106.25608635670697
1.9534999999998404,156.6641387939453,157.0796356201172,0.28341213360572176,131.8217972328426,121.0032925155336
1.9539999999998403,156.66712951660156,157.0796356201172,0.2842535546744094,116.36874549890254,106.51246452105637
1.9544999999998403,156.66749572753906,157.0796356201172,0.2810668203220984,107.4936926702582,98.3101867762435
1.9549999999998402,156.667236328125,157.0796356201172,0.27648526013854263,105.44215599516808,96.29556402720091
1.9554999999998401,156.66812133789062,157.0796356201172,0.27408829017696085,109.8611658330949,99.91597675551067
1.95599999999984,156.67169189453125,157.0796356201172,0.2770854877951913,119.99421724029808,108.32923727241653
1.95649999999984,156.67913818359375,157.0796356201172,0.2874879703350167,131.80848236855633,120.50002014116197
1.95699999999984,156.68170166015625,157.0796356201172,0.28996556016019776,115.3700597016095,105.16327169676556
1.95749999999984,156.6812286376953,157.0796356201172,0.28686519750082623,104.96123352280414,95.69534257996872
1.9579999999998399,156.67967224121094,157.0796356201172,0.28088351684743007,101.13058631616785,92.24880885291566
1.9584999999998398,156.67881774902344,157.0796356201172,0.27578931676461765,103.7634731435651,94.47010896886977
1.9589999999998398,156.6802520751953,157.0796356201172,0.2751729700308269,112.28839994425181,101.66943283659276
1.9594999999998397,156.68528747558594,157.0796356201172,0.28163576812485547,125.80812134591322,112.92562651866464
1.9599999999998396,156.6948699951172,157.0796356201172,0.2962358243526911,139.0433252804091,127.1634663173335
1.9604999999998396,156.69955444335938,157.0796356201172,0.29651388255317446,122.77012492435712,111.87271156209373
1.9609999999998395,156.70140075683594,157.0796356201172,0.2931843946884062,113.13871639286707,102.93594298009134
1.9614999999998395,156.70236206054688,157.0796356201172,0.288645844843964,110.34130554478895,100.20595923103092
1.9619999999998394,156.70425415039062,157.0796356201172,0.28622978883150857,113.98686313271561,103.0963463563264
1.9624999999998394,156.70858764648438,157.0796356201172,0.28893624437232485,123.29348486710977,110.74195959589106
1.9629999999998393,156.71653747558594,157.0796356201172,0.2986722393611279,134.1565141838138,122.09343343234171
1.9634999999998393,156.71922302246094,157.0796356201172,0.300645195582182,116.48641253270281,105.61110726706552
1.9639999999998392,156.71859741210938,157.0796356201172,0.2969299442846539,105.00422416229527,95.1835716617574
1.9644999999998392,156.7165985107422,157.0796356201172,0.29015300362679236,100.2068676021253,90.90716934272257
1.964999999999839,156.71505737304688,157.0796356201172,0.2839778524599849,101.94182733788348,92.38628994764142
1.965499999999839,156.71560668945312,157.0796356201172,0.2819333009131065,109.61131781066257,98.90102288072715
1.965999999999839,156.71954345703125,157.0796356201172,0.2866636997476614,122.30096193866106,109.5094685404506
1.966499999999839,156.7278289794922,157.0796356201172,0.2993792615510008,134.93628451758713,123.1231572523779
1.9669999999998389,156.73092651367188,157.0796356201172,0.29925979172954137,117.65566739288765,106.92797568955734
1.9674999999998388,156.73097229003906,157.0796356201172,0.2950323545651607,107.24840353693439,97.34768610249259
1.9679999999998388,156.73001098632812,157.0796356201172,0.28920401607470225,103.85289644785455,94.17174488650285
1.9684999999998387,156.72988891601562,157.0796356201172,0.2852008093962335,107.03690346715123,96.76498240059614
1.9689999999998387,156.7321319580078,157.0796356201172,0.28616588671733456,115.98759218440705,104.22548681881827
1.9694999999998386,156.7379608154297,157.0796356201172,0.2941945079539611,126.86111661850182,115.47640319664602
1.9699999999998385,156.7384033203125,157.0796356201172,0.29590465079972184,108.7553599668851,98.61604326345454
1.9704999999998385,156.73550415039062,157.0796356201172,0.29147680920117564,97.11312641480518,88.09559934516933
1.9709999999998384,156.7312774658203,157.0796356201172,0.2836986655548703,92.36789538000497,83.94178926999044
1.9714999999998384,156.7276153564453,157.0796356201172,0.2763901152333751,94.31552884006724,85.70310073090464
1.9719999999998383,156.72616577148438,157.0796356201172,0.2732668357935847,102.31634052884677,92.61505212003206
1.9724999999998383,156.72824096679688,157.0796356201172,0.2771641718976405,115.42162443735357,103.70005767541652
1.9729999999998382,156.7348175048828,157.0796356201172,0.2894107461290823,128.65789845853976,117.84109251455126
1.9734999999998382,156.73634338378906,157.0796356201172,0.2889908051542675,111.69857457080306,101.94532750240455
1.973999999999838,156.73497009277344,157.0796356201172,0.2844815951173259,101.84491139611231,92.87514043936906
1.974499999999838,156.7327880859375,157.0796356201172,0.2785034047758371,99.16367556293608,90.35232503091378
1.974999999999838,156.73165893554688,157.0796356201172,0.2746202909139948,103.16360957256215,93.68648282484915
1.975499999999838,156.73316955566406,157.0796356201172,0.27608373679367676,112.98318907606368,101.93106564515918
1.9759999999998379,156.738525390625,157.0796356201172,0.28499847701520387,124.57947792206375,113.97312386518897
1.9764999999998378,156.73867797851562,157.0796356201172,0.28629230330629085,107.10738037628157,97.67142538982083
1.9769999999998378,156.73570251464844,157.0796356201172,0.2819367793023024,96.28092960086057,87.84453901534371
1.9774999999998377,156.73162841796875,157.0796356201172,0.274701873317327,92.45603333558917,84.45577329464555
1.9779999999998377,156.72837829589844,157.0796356201172,0.2684480612278131,95.36494289363633,87.00136194233674
1.9784999999998376,156.7275848388672,157.0796356201172,0.2668935738791708,104.31575691004224,94.67437329793525
1.9789999999998376,156.7305450439453,157.0796356201172,0.2727527795976483,118.26344440056933,106.46309478813023
1.9794999999998375,156.7381134033203,157.0796356201172,0.28674918403558924,131.64122151452756,120.9168399488834
1.9799999999998374,156.74075317382812,157.0796356201172,0.28594159524859225,115.27208727429536,105.51314029426726
1.9804999999998374,156.74069213867188,157.0796356201172,0.28188054963280257,106.08495756338422,96.9632235090052
1.9809999999998373,156.73995971679688,157.0796356201172,0.277027653852068,104.07654050515163,94.93771652972389
1.9814999999998373,156.74044799804688,157.0796356201172,0.2747964987645264,108.70061844101093,98.70591818356172
1.9819999999998372,156.74366760253906,157.0796356201172,0.2782211199508502,119.05287187046677,107.29020155309804
1.9824999999998372,156.75079345703125,157.0796356201172,0.2891214910452401,130.58745035683202,119.55453286499873
1.9829999999998371,156.75271606445312,157.0796356201172,0.2897989388692133,113.1310196156201,103.21098959157123
1.983499999999837,156.75149536132812,157.0796356201172,0.28567638499833414,102.39554770901913,93.38278888484766
1.983999999999837,156.7491912841797,157.0796356201172,0.2792842873694574,98.66897472873346,89.98209735926471
1.984499999999837,156.7476806640625,157.0796356201172,0.2742658582202548,101.63150255196871,92.46538511466262
1.984999999999837,156.74856567382812,157.0796356201172,0.2740876146371965,110.55230887185033,99.99621442106273
1.9854999999998368,156.75314331054688,157.0796356201172,0.28118826785789136,122.13922650623576,111.54208549611386
1.9859999999998368,156.75274658203125,157.0796356201172,0.28444810218929617,105.39440047255964,95.99081364853801
1.9864999999998367,156.74928283691406,157.0796356201172,0.28087882156972077,94.64825895586588,86.3336249418611
1.9869999999998367,156.7446746826172,157.0796356201172,0.2734975793345584,90.5251494045243,82.77474002034023
1.9874999999998366,156.74078369140625,157.0796356201172,0.26637009863681127,92.9691093325083,85.0007210080273
1.9879999999998366,156.73924255371094,157.0796356201172,0.26345657930568245,101.4528795791873,92.35120058398041
1.9884999999998365,156.74139404296875,157.0796356201172,0.2677954471711779,115.1108898137592,103.92505380568218
1.9889999999998365,156.74822998046875,157.0796356201172,0.28080715274076207,129.24366944274763,118.6586991158992
1.9894999999998364,156.75047302246094,157.0796356201172,0.2819487000002244,113.82182998455212,104.20592832748957
1.9899999999998363,156.75009155273438,157.0796356201172,0.2787901228379764,104.95407003701466,96.03118698933586
1.9904999999998363,156.74908447265625,157.0796356201172,0.274039525215223,102.90406673109891,94.04732862759622
1.9909999999998362,156.74925231933594,157.0796356201172,0.27135173211389363,107.3328202016282,97.71180901593476
1.9914999999998362,156.75210571289062,157.0796356201172,0.27402150224061067,117.49422867292317,106.1894416401962
1.9919999999998361,156.75888061523438,157.0796356201172,0.28414219176637606,129.48928148562004,118.44936281601034
1.992499999999836,156.7608184814453,157.0796356201172,0.2869350285401557,113.2101181529192,103.2625677302957
1.992999999999836,156.759765625,157.0796356201172,0.28396400139358646,102.92982547094633,93.92114209679245
1.993499999999836,156.75765991210938,157.0796356201172,0.27798389440492444,99.21304589946236,90.59154277820139
1.993999999999836,156.75628662109375,157.0796356201172,0.27282281070606695,101.95737923270386,92.93026481236598
1.9944999999998358,156.75726318359375,157.0796356201172,0.2721339201522443,110.60028508139074,100.2544717640554
1.9949999999998358,156.76185607910156,157.0796356201172,0.27857423400693404,124.25065162798094,111.64734949005282
1.9954999999998357,156.77105712890625,157.0796356201172,0.2932313421615997,137.70178771345945,126.0359137039425
1.9959999999998357,156.77542114257812,157.0796356201172,0.29377181584255263,121.65096189753379,110.94682551067739
1.9964999999998356,156.77700805664062,157.0796356201172,0.2906491815615653,112.20269687201863,102.17466833754547
1.9969999999998356,156.7777557373047,157.0796356201172,0.28628554293569003,109.56297339523289,99.58574113134569
1.9974999999998355,156.77947998046875,157.0796356201172,0.28404122274064353,113.35111226713937,102.60328784742582
1.9979999999998355,156.78366088867188,157.0796356201172,0.28693944859488646,122.79264192658603,110.36877031931279
1.9984999999998354,156.79150390625,157.0796356201172,0.29689610632021557,133.80559018246953,121.83702275581173
1.9989999999998354,156.7941436767578,157.0796356201172,0.29910725678936495,116.3286356677038,105.5241627281165
1.9994999999998353,156.7935028076172,157.0796356201172,0.2956277601224037,104.98702459447894,95.21487425478094
1.9999999999998352,156.79151916503906,157.0796356201172,0.2890824099467417,100.29143749377808,91.02016979128912
