t,omega,omega_ref,i_rms,p_el,p_mech
0.0005,-0.021624313667416573,0.0,0.0,0.0,-0.0
0.001,-0.04324733093380928,0.0,0.0008915683294575511,0.04830211420933283,-0.0
0.0015,-0.06486905366182327,0.0,0.002459929167602896,-0.02684985594709527,-2.716905136836508e-10
0.002,-0.0864894688129425,0.0,0.05251245075907104,1.7469221968180704,-2.5252328291826205e-08
0.0025,-0.10810859501361847,0.0,0.09045499638727665,-3.2065178444181166,-3.183970027787587e-08
0.003,-0.12972669303417206,0.0,0.001950546360959058,-0.016939755905413238,6.836214746400011e-07
0.0035,-0.15134386718273163,0.0,0.061495747594169245,2.400878602425884,1.8732525435147297e-06
0.004,-0.17296011745929718,0.0,0.10620720948057044,-3.056648552938934,3.4413831383137345e-06
0.0045000000000000005,-0.19457419216632843,0.0,0.02376169076471292,-0.65020805601507,4.81010626353929e-07
0.005000000000000001,-0.21618607640266418,0.0,0.034568691084087146,1.1311894525019168,-3.4081599562918137e-06
0.005500000000000001,-0.2377958446741104,0.0,0.07517788732099336,-2.7169099895591797,-7.614051766493945e-06
0.006000000000000002,-0.2594066560268402,0.0,0.010749446641146097,0.49306565010485437,3.7118320312030846e-06
0.006500000000000002,-0.2810182571411133,0.0,0.07190291378173364,-1.991331290507198,1.5800480687393567e-05
0.007000000000000003,-0.30262550711631775,0.0,0.0018724587878620098,0.06230907460590106,-1.2966405243057946e-06
0.007500000000000003,-0.3242288827896118,0.0,0.04937412261480763,0.6811654452476714,-1.8476502066174334e-05
0.008000000000000004,-0.34582361578941345,0.0,0.07320276601131301,-2.031579431251925,-7.023427421620452e-05
0.008500000000000004,-0.3674056828022003,0.0,0.04155245037373297,-0.30143636661929557,-0.00015844899167867017
0.009000000000000005,-0.38899335265159607,0.0,0.06141939866276754,0.3044399455006316,-0.00011393508707946723
0.009500000000000005,-0.41058841347694397,0.0,0.07227632585257689,-0.3365845625002099,-4.8989473201892805e-05
0.010000000000000005,-0.4321753978729248,0.0,0.06161947895249272,-0.886809584682263,-0.0001101217570758613
0.010500000000000006,-0.45375117659568787,0.0,0.04674410971465944,-0.5004659322578622,-0.00020579544173063177
0.011000000000000006,-0.4753299355506897,0.0,0.05781364781088392,0.34234678132785235,-0.00017496664291872334
0.011500000000000007,-0.4969162046909332,0.0,0.08092631767218948,-1.802319446157074,-9.542034731022292e-05
0.012000000000000007,-0.5185019969940186,0.0,0.03881090791368003,-0.7188063547815241,-9.075920007156159e-05
0.012500000000000008,-0.5400911569595337,0.0,0.03137508647315217,-0.09869421919145566,-4.4492561430347254e-05
0.013000000000000008,-0.5616860389709473,0.0,0.05078051043653584,0.3029755514772473,3.262607569912349e-05
0.013500000000000009,-0.5832687616348267,0.0,0.07378751880702931,-1.7287523891996597,-9.317715677648239e-05
0.014000000000000009,-0.6048291325569153,0.0,0.04837769365734673,-0.3586416600214618,-0.0003510744413286752
0.01450000000000001,-0.6263923645019531,0.0,0.05406188703074496,-0.22345496223456573,-0.00031206490465117003
0.01500000000000001,-0.6479737162590027,0.0,0.051672251182823654,-0.560931243546599,-7.042068917763366e-05
0.01550000000000001,-0.6695645451545715,0.0,0.04650184895282158,-0.2601923190909068,7.10308986357376e-05
0.01600000000000001,-0.6911420822143555,0.0,0.06270960640046447,0.5307018273044533,-9.272035386502587e-05
0.01650000000000001,-0.7126830220222473,0.0,0.08693129045413704,-1.8135934220307917,-0.0005991385230718704
0.01700000000000001,-0.7342246770858765,0.0,0.043903015252549575,-0.8050347390124764,-0.0005869013179330515
0.017500000000000012,-0.7558043003082275,0.0,0.02644098443191918,-0.18614751208059593,-1.1589173097638616e-05
0.018000000000000013,-0.7774175405502319,0.0,0.04457541039393666,0.38565929618137373,0.0005316817312908883
0.018500000000000013,-0.7990068197250366,0.0,0.07345987338457394,-1.4829792833970883,0.00018325398756552656
0.019000000000000013,-0.8205171823501587,0.0,0.056282414203243696,-0.24943667259787478,-0.001085169775128043
0.019500000000000014,-0.8420191407203674,0.0,0.059697130927104956,-0.3344342574329804,-0.0012335611749170886
0.020000000000000014,-0.8635731339454651,0.0,0.04935315518526968,-0.7198242221507261,-0.00034358818376611753
0.020500000000000015,-0.8851772546768188,0.0,0.037597924550803595,-0.20746702701244868,0.0005574272719037953
0.021000000000000015,-0.9067714214324951,0.0,0.06105386823210118,0.8738978402440685,0.00041417311153481545
0.021500000000000016,-0.9282848238945007,0.0,0.0926453607434513,-1.6562138786491873,-0.0010517231625323967
0.022000000000000016,-0.9497656226158142,0.0,0.053135308560359015,-0.9054598026410554,-0.0016706613542009233
0.022500000000000017,-0.971309244632721,0.0,0.02522723608567981,-0.3578866517669844,-0.00046287636333488586
0.023000000000000017,-0.9929352402687073,0.0,0.03590299951726672,0.4290314983580116,0.001187735122296711
0.023500000000000017,-1.0145536661148071,0.0,0.07203027801374776,-1.1337992335579743,0.0010864706102646417
0.024000000000000018,-1.036012887954712,0.0,0.06502366896138365,-0.05218665536328221,-0.0021625334049912553
0.02450000000000002,-1.0574207305908203,0.0,0.0678202411519861,-0.41239967976867353,-0.0032656891822424147
0.02500000000000002,-1.0789064168930054,0.0,0.05003675313006136,-0.8902281292080672,-0.0016265725386491413
0.02550000000000002,-1.1005067825317383,0.0,0.02774260658672715,-0.16692529504851428,0.0008944852154666739
0.02600000000000002,-1.1221338510513306,0.0,0.05937849847011814,1.2446495581815946,0.0015392486725318941
0.02650000000000002,-1.143646001815796,0.0,0.09850380800660083,-1.4322448899906286,-0.0010297702400415395
0.02700000000000002,-1.1650516986846924,0.0,0.06325494781691784,-0.9694877465838526,-0.003498089644213589
0.02750000000000002,-1.186529278755188,0.0,0.028894591852435206,-0.5337093581523766,-0.0018272125002792928
0.02800000000000002,-1.208156943321228,0.0,0.026369708107371582,0.45945217401820965,0.001798036807736888
0.028500000000000022,-1.2298252582550049,0.0,0.07056724600454202,-0.7185604395277255,0.002858958371159758
0.029000000000000022,-1.2512338161468506,0.0,0.07426881183826078,0.22655184933364475,-0.0035569495987713574
0.029500000000000023,-1.2725149393081665,0.0,0.07762930857115978,-0.43904745413823243,-0.00682853620208288
0.030000000000000023,-1.2938872575759888,0.0,0.05412281268169826,-1.0546511751899512,-0.004548847233449387
0.030500000000000024,-1.3154609203338623,0.0,0.017466894699175832,-0.13532382539309998,0.00070376154808555
0.031000000000000024,-1.3371330499649048,0.0,0.05805211826998723,1.6384182320317917,0.0033847130660997118
0.03150000000000002,-1.3586705923080444,0.0,0.10452755467737929,-1.1330902395247133,-0.00018213398085066665
0.03200000000000002,-1.3799866437911987,0.0,0.0741544746234858,-0.984107141212165,-0.006264666603350329
0.03250000000000002,-1.4013636112213135,0.0,0.03684737919037065,-0.7062264802858381,-0.004614904621799408
0.03300000000000002,-1.4229751825332642,0.0,0.01616270899248252,0.6179131708666432,0.002025062182949247
0.03350000000000002,-1.4447481632232666,0.0,0.053272124774019394,-1.882496037321693,0.006756095114102695
0.03400000000000002,-1.4661537408828735,0.0,0.04613237735715071,2.1582494341185074,-0.003879842201833458
0.034500000000000024,-1.4872921705245972,0.0,0.10755739418480448,-0.9920095285911079,-0.011840414818659361
0.035000000000000024,-1.508517861366272,0.0,0.06441459634314756,-1.3128688817368341,-0.009343181883015092
0.035500000000000025,-1.530034065246582,0.0,0.006629738061197674,0.1068249834151429,-0.0005458863253906142
0.036000000000000025,-1.5517518520355225,0.0,0.03733458228173317,1.1226123462712196,0.005746296755024639
0.036500000000000025,-1.5736079216003418,0.0,0.06612348196771368,-2.3376435527721515,0.010213950630890227
0.037000000000000026,-1.5950417518615723,0.0,0.045518026790697365,2.01717628538814,-0.003069558772227633
0.037500000000000026,-1.6161667108535767,0.0,0.10738173774885801,-0.9461882926238732,-0.013055777438101669
0.03800000000000003,-1.6373554468154907,0.0,0.06476360320856475,-1.226903324361382,-0.011096734848976747
0.03850000000000003,-1.658856749534607,0.0,0.010397006160652087,0.08021320885306929,-0.0008278263199784725
0.03900000000000003,-1.6805758476257324,0.0,0.034493196397089816,-0.008225759315514974,0.006521975907625971
0.03950000000000003,-1.702168583869934,0.0,0.036344539896290474,-0.06423031343140193,0.0023471626260376825
0.04000000000000003,-1.7234089374542236,0.0,0.06120677059405995,-0.741075440226884,-0.00972073086980784
0.04050000000000003,-1.744684100151062,0.0,0.07779703603116207,0.9547836343573397,-0.008583302416165643
0.04100000000000003,-1.7662569284439087,0.0,0.09366541246865565,-0.03719211668686273,0.0018711714089031616
0.04150000000000003,-1.7880260944366455,0.0,0.07110061488494823,-1.280283201478644,0.008961021479723752
0.04200000000000003,-1.80962336063385,0.0,0.015282351088211995,-0.2542026837652501,0.002893514059231246
0.04250000000000003,-1.8307923078536987,0.0,0.055057296311815676,2.3523139386502625,-0.01271002732664848
0.04300000000000003,-1.8516592979431152,0.0,0.10303261315415499,-1.7880695647341183,-0.02398587652105387
0.04350000000000003,-1.8729283809661865,0.0,0.038771504784225294,-0.7519964927648309,-0.009154156740961608
0.04400000000000003,-1.8945505619049072,0.0,0.04849246017377402,1.8930832819277588,0.004165941793911866
0.04450000000000003,-1.9164212942123413,0.0,0.0952953086979283,-1.7808725496147113,0.01379232520986341
0.04500000000000003,-1.9380407333374023,0.0,0.03100980772513615,-0.4367246032465205,0.00425633516642454
0.045500000000000033,-1.9594802856445312,0.0,0.014938276727216879,0.5860514120511798,-0.002694903179569984
0.046000000000000034,-1.9807931184768677,0.0,0.046966997449187954,-1.4384891533009367,-0.007693801350095693
0.046500000000000034,-2.0024309158325195,0.0,0.02936369779136466,1.2870197702235453,0.005284492081012538
0.047000000000000035,-2.023989200592041,0.0,0.09989691427694351,0.32319867695289894,0.0021805220979893344
0.047500000000000035,-2.0450398921966553,0.0,0.09814536925618578,-0.23233084716241065,-0.018501708614875236
0.048000000000000036,-2.0660409927368164,0.0,0.07061268333298909,-1.035478198494205,-0.02069815045669941
0.048500000000000036,-2.0874197483062744,0.0,0.01948226969321185,-0.08897183769445721,-0.005084962502620447
0.04900000000000004,-2.109060525894165,0.0,0.01809742100805378,0.5872580464820953,0.005966268493086726
0.04950000000000004,-2.1308798789978027,0.0,0.0424924880891081,-1.447548887267592,0.013683115752658032
0.05000000000000004,-2.1520745754241943,0.0,0.0396152631185638,1.8014510966864592,-0.013001702458635507
0.05050000000000004,-2.1729235649108887,0.0,0.11115609106645138,0.30516736694888325,-0.028092012360837842
0.05100000000000004,-2.194305658340454,0.0,0.10049212360370949,-0.5773811359309524,-0.004917134524630593
0.05150000000000004,-2.2159485816955566,0.0,0.06258668999833102,-0.9075223674808315,0.006640224185800836
0.05200000000000004,-2.2372851371765137,0.0,0.025461335668178597,0.29968548619483343,-0.006938177677645803
0.05250000000000004,-2.2583975791931152,0.0,0.04347616113433479,-0.28116009923228635,-0.017075560359809415
0.05300000000000004,-2.2798397541046143,0.0,0.017165074501218774,-0.2669182032053073,-0.0021425083352611257
0.05350000000000004,-2.301657199859619,0.0,0.050449056899885894,2.067581136348918,0.015176248926997114
0.05400000000000004,-2.3233797550201416,0.0,0.114446295077006,0.404930492604125,0.0109646262569565
0.05450000000000004,-2.344356060028076,0.0,0.11046400979625025,-0.04158060870794872,-0.02386817898540993
0.05500000000000004,-2.365159511566162,0.0,0.08317130293334289,-0.929967450230932,-0.03219186796160085
0.05550000000000004,-2.3863935470581055,0.0,0.03543017431620144,-0.21869319795506204,-0.011867659354676669
0.05600000000000004,-2.407926559448242,0.0,0.010145425740053267,0.2906504583481323,0.0024840255441514938
0.05650000000000004,-2.4296627044677734,0.0,0.025196762763342474,-0.18177328172538404,0.012436122180746108
0.057000000000000044,-2.4509685039520264,0.0,0.027654804481315094,0.7614710476986489,-0.008479742045835084
0.057500000000000044,-2.4715991020202637,0.0,0.08569646748940865,0.6698778847561692,-0.0418666444074738
0.058000000000000045,-2.49253511428833,0.0,0.11173317347289925,1.4623283104090588,-0.02693934422015259
0.058500000000000045,-2.514069080352783,0.0,0.11301708788461201,-0.3486281049986702,0.0029587364888809474
0.059000000000000045,-2.5357911586761475,0.0,0.07362546759981883,-0.9434020818133599,0.012579974498842537
0.059500000000000046,-2.5569984912872314,0.0,0.040242917331317636,0.4680303682644654,-0.013556972316084891
0.060000000000000046,-2.5778307914733887,0.0,0.055924032059079795,-0.3137387335425504,-0.032946648109402635
0.06050000000000005,-2.5990450382232666,0.0,0.02243639196377946,-0.30928851198709206,-0.013296642594830608
0.06100000000000005,-2.6207947731018066,0.0,0.04783014955480306,1.9025650844397881,0.014733850601734391
0.06150000000000005,-2.6429123878479004,0.0,0.09205410096926894,-1.7024770769760198,0.034367648341043285
0.06200000000000005,-2.6643459796905518,0.0,0.03713934391245274,-0.019286823932152142,-0.001739834572852199
0.06250000000000004,-2.685284376144409,0.0,0.04487045330479931,1.2752153576552894,-0.028267766094375785
0.06300000000000004,-2.705869197845459,0.0,0.0732201807395946,-1.4421511137143088,-0.04755417521174138
0.06350000000000004,-2.7271692752838135,0.0,0.04316831101090989,1.0012245371546833,-0.008853988010557088
0.06400000000000004,-2.7489752769470215,0.0,0.07809239700498607,0.13297882494300067,0.018961968266683615
0.06450000000000004,-2.7708353996276855,0.0,0.05455754355422682,-0.9104659599457464,0.02219346191465446
0.06500000000000004,-2.7920122146606445,0.0,0.028472720783260342,0.733387158078985,-0.01573750940666581
0.06550000000000004,-2.8126986026763916,0.0,0.060951242172938576,-0.09029756112281534,-0.04336127714181263
0.06600000000000004,-2.8337504863739014,0.0,0.032787320336817354,-0.529154652337585,-0.022893743328460565
0.06650000000000005,-2.855365514755249,0.0,0.04192171476784883,1.5859727598546152,0.00914698133199719
0.06700000000000005,-2.8773672580718994,0.0,0.08485191401064683,-1.4214007525828964,0.03155682552299737
0.06750000000000005,-2.898589849472046,0.0,0.043613095997830253,0.4758996847797513,-0.013294601254307524
0.06800000000000005,-2.9192469120025635,0.0,0.0627991739387366,-0.0708951166821965,-0.04635142796534048
0.06850000000000005,-2.9402432441711426,0.0,0.035128068288150134,-0.2236564035492104,-0.026650040530186554
0.06900000000000005,-2.9618077278137207,0.0,0.04974394639984996,1.7269476623007314,0.006885787813460731
0.06950000000000005,-2.983764410018921,0.0,0.08821543959679973,-1.3330223749835663,0.03041238136896931
0.07000000000000005,-3.0048770904541016,0.0,0.05188212717003408,0.7058853962785817,-0.020019687689109937
0.07050000000000005,-3.0253746509552,0.0,0.07200772077928666,0.00023026582381840965,-0.057291976505681255
0.07100000000000005,-3.0462191104888916,0.0,0.044576107448307575,-0.21430401836407703,-0.03647991683243588
0.07150000000000005,-3.0676732063293457,0.0,0.052468789003944985,1.6484310193728209,0.0007477081870737667
0.07200000000000005,-3.0895497798919678,0.0,0.08728433351732831,-1.094033260986249,0.02692339431608972
0.07250000000000005,-3.1105127334594727,0.0,0.059347719645364574,1.0736350076382866,-0.029639655727247246
0.07300000000000005,-3.1308088302612305,0.0,0.08258875181677314,0.11865342208177543,-0.0715037682902734
0.07350000000000005,-3.1514627933502197,0.0,0.05538870753041021,-0.24211209536721334,-0.049346970943657024
0.07400000000000005,-3.172785758972168,0.0,0.05565152359653361,1.5372264063664047,-0.0071643242887490894
0.07450000000000005,-3.194572925567627,0.0,0.08603592213390965,-0.024448632861791886,0.022548820460919286
0.07500000000000005,-3.216240644454956,0.0,0.05535580198089906,-0.4334678154684135,0.015093225453401518
0.07550000000000005,-3.2369251251220703,0.0,0.05751518880789836,1.854843122225693,-0.04838592162472852
0.07600000000000005,-3.256901502609253,0.0,0.09484453688236465,0.41032985808301137,-0.09473035527235951
0.07650000000000005,-3.27726149559021,0.0,0.06920730403217842,-0.544387169519073,-0.0700900349497701
0.07700000000000005,-3.298370838165283,0.0,0.055011183844626506,1.2033289753102643,-0.0210231624467753
0.07750000000000005,-3.3200018405914307,0.0,0.07998785266349442,-0.02188104798488999,0.01354721343918037
0.07800000000000006,-3.341482400894165,0.0,0.05113047700652688,0.09477909861620021,0.003678098032637534
0.07850000000000006,-3.3619110584259033,0.0,0.06989409344683332,2.552385962820088,-0.06694785284928591
0.07900000000000006,-3.381582021713257,0.0,0.10951597768629329,-0.6413801054361143,-0.11849958562516313
0.07950000000000006,-3.4021990299224854,0.0,0.07911337741889359,1.0102235782909244,-0.05477045916955008
0.08000000000000006,-3.423487901687622,0.0,0.0864674060269154,0.05105867678988524,-0.009028014704376275
0.08050000000000006,-3.4446516036987305,0.0,0.05875704921934036,0.18811885228467198,-0.017615853499847005
0.08100000000000006,-3.4657070636749268,0.0,0.041740110595596014,0.3167178176415628,-0.025131036086127993
0.08150000000000006,-3.4866719245910645,0.0,0.03385612309841159,0.4221629149075469,-0.03152040631299193
0.08200000000000006,-3.507559299468994,0.0,0.032535340275733744,0.510276286320102,-0.03706899381846907
0.08250000000000006,-3.528378486633301,0.0,0.03459186831683108,-0.001578313254094188,-0.04199332040268677
0.08300000000000006,-3.549752712249756,0.0,0.045192601836326875,1.3421791232310416,-0.002767551209834543
0.08350000000000006,-3.571504592895508,0.0,0.07583588619875878,-0.06434137987364391,0.024291059650582415
0.08400000000000006,-3.592881917953491,0.0,0.0483266928137854,0.47395673756611906,-0.0023751331808927406
0.08450000000000006,-3.612962245941162,0.0,0.08323823125608511,0.9141350369586941,-0.0960289632628459
0.08500000000000006,-3.6331286430358887,0.0,0.0731643156123692,0.11150999193484101,-0.09023423437647597
0.08550000000000006,-3.6540071964263916,0.0,0.06616764208897188,1.3300921196088908,-0.038599311300087966
0.08600000000000006,-3.6753792762756348,0.0,0.08283107899980761,0.09769150561654671,-0.0024737205489563864
0.08650000000000006,-3.6963953971862793,0.0,0.0593017916474896,0.3787140478004245,-0.02869861316525805
0.08700000000000006,-3.7171385288238525,0.0,0.05037829844432281,0.6256508459954475,-0.04905775003119794
0.08750000000000006,-3.737673759460449,0.0,0.05120679423037202,0.828191974699859,-0.06478368071214402
0.08800000000000006,-3.7580478191375732,0.0,0.05597347561257931,0.12736802421171303,-0.07716142411761306
0.08850000000000006,-3.779020071029663,0.0,0.05544296028522225,1.2216027269825536,-0.032279796252022416
0.08900000000000007,-3.800403356552124,0.0,0.07581205313279894,0.12480239347500635,-0.0011247793911460676
0.08950000000000007,-3.8213136196136475,0.0,0.05696164380348036,0.5224900506140151,-0.03719061655220362
0.09000000000000007,-3.8418681621551514,0.0,0.05463813968926509,0.8584903787381752,-0.06462520714651317
0.09050000000000007,-3.862156391143799,0.0,0.06045732430502113,0.35639589575972946,-0.0854261897157425
0.09100000000000007,-3.883019208908081,0.0,0.06174799127971764,1.3013235547691748,-0.04119330270127138
0.09150000000000007,-3.9042763710021973,0.0,0.07892593427822575,0.22474628036628774,-0.010520539351452772
0.09200000000000007,-3.9249935150146484,0.0,0.06317378063392838,0.7201085745921427,-0.05285861513607252
0.09250000000000007,-3.9453065395355225,0.0,0.06408154296412176,1.1312512962189274,-0.08494940358216484
0.09300000000000007,-3.965317726135254,0.0,0.07174269919748014,0.4126115785033326,-0.10919209651882279
0.09350000000000007,-3.9859397411346436,0.0,0.06803966482558092,1.2661737042604746,-0.06098007819120201
0.09400000000000007,-4.006982803344727,0.0,0.08061396299070403,0.4477598322746184,-0.027479863380153454
0.09450000000000007,-4.02743673324585,0.0,0.07049264986508524,1.0306526682504706,-0.07493635813466293
0.09500000000000007,-4.047450542449951,0.0,0.0751835409178637,1.5076505772552553,-0.11087489633558437
0.09550000000000007,-4.067135810852051,0.0,0.0844904930046008,0.48136188382308254,-0.1379899882832611
0.09600000000000007,-4.087487697601318,0.0,0.0757852584709584,1.248689459275088,-0.0841317269272567
0.09650000000000007,-4.108299732208252,0.0,0.08352267840940225,0.7477370515619349,-0.04662646652073215
0.09700000000000007,-4.128471374511719,0.0,0.07922645061540937,1.4190089795139704,-0.09966674923826495
0.09750000000000007,-4.148163318634033,0.0,0.08714389500421094,0.8285412258845554,-0.13979279772867906
0.09800000000000007,-4.168481826782227,0.0,0.08263392308122335,1.4515368325089715,-0.08817571434179328
0.09850000000000007,-4.189231872558594,0.0,0.08945205262758356,0.8793119431243249,-0.052342448028380215
0.09900000000000007,-4.20924711227417,0.0,0.08617355752584287,1.6630589350470375,-0.11433973589565183
0.09950000000000007,-4.228715419769287,0.0,0.09534475927481526,0.9729602665129249,-0.161057569260205
0.10000000000000007,-4.248836040496826,0.0,0.08910436689647422,1.5168419706341347,-0.10624861430028641
0.10050000000000008,-4.269407272338867,0.0,0.09343463527152558,1.901264579513132,-0.0682099447808434
0.10100000000000008,-4.290275573730469,0.0,0.10019869295300193,0.8472559896480985,-0.04294662084176934
0.10150000000000008,-4.310211181640625,0.0,0.09387574527101783,1.8407760432010367,-0.1234398200964356
0.10200000000000008,-4.329456806182861,0.0,0.10341387548500104,1.2410845548944902,-0.18365611842156732
0.10250000000000008,-4.349356174468994,0.0,0.09722987013449512,1.6731301992041208,-0.1274884140438108
0.10300000000000008,-4.369706153869629,0.0,0.09962206937481619,1.9801165453545264,-0.0886174893599679
0.10350000000000008,-4.39035177230835,0.0,0.10437710664181497,1.1857621053063443,-0.06298370513465751
0.10400000000000008,-4.409951686859131,0.0,0.10275272887784216,2.316865261764193,-0.15535163796342044
0.10450000000000008,-4.4287800788879395,0.0,0.11501312356350354,1.4381019904742542,-0.22429495596123752
0.10500000000000008,-4.44831657409668,0.0,0.10623215464946009,1.7910401236389004,-0.1621388121977636
0.10550000000000008,-4.46834135055542,0.0,0.10592886657800515,2.0458281441280284,-0.11914190816651289
0.10600000000000008,-4.488687038421631,0.0,0.10865544941637419,1.6499743406504181,-0.09080244923032889
0.10650000000000008,-4.507884502410889,0.0,0.1126367241068662,2.907500966028095,-0.19457101392283965
0.10700000000000008,-4.526235580444336,0.0,0.12760052876074832,1.6695526321568823,-0.27189705357378435
0.10750000000000008,-4.545362949371338,0.0,0.1161743953201273,1.9461685778177427,-0.2023418660239136
0.10800000000000008,-4.565025806427002,0.0,0.11328014055384869,2.15133702940952,-0.15423698293015525
0.10850000000000008,-4.585041046142578,0.0,0.11404058582378507,2.2915845639074672,-0.12251885514266324
0.10900000000000008,-4.605277061462402,0.0,0.11590887911493969,1.9753314647319737,-0.10259082724996461
0.10950000000000008,-4.624138832092285,0.0,0.12255042135358567,3.4732585999213508,-0.22996742987782245
0.11000000000000008,-4.64199161529541,0.0,0.1399568706713356,2.038305836734951,-0.3244613524537638
0.11050000000000008,-4.660660743713379,0.0,0.12756821270156612,2.2178813340433563,-0.24957672098033853
0.11100000000000008,-4.679891586303711,0.0,0.1229327831109106,2.359754580100062,-0.19789262253411433
0.11150000000000009,-4.699491500854492,0.0,0.12205204644977999,2.460378056941115,-0.16395362357915308
0.11200000000000009,-4.719322204589844,0.0,0.1226825977000579,2.5336793818461585,-0.1427500012431334
0.11250000000000009,-4.739284992218018,0.0,0.12382360133255595,2.589676807880456,-0.13069711939841905
0.11300000000000009,-4.759310245513916,0.0,0.1250825564767942,2.4899495583717375,-0.12523511558000716
0.11350000000000009,-4.7776265144348145,0.0,0.13601453753936302,4.327970297238872,-0.2888668212396224
0.11400000000000009,-4.794693946838379,0.0,0.15678729219521337,2.6132858563385,-0.4095495093272064
0.11450000000000009,-4.8126301765441895,0.0,0.14360992710173442,2.6819254049541414,-0.3273760402821961
0.11500000000000009,-4.8311638832092285,0.0,0.13738596513465984,2.7533018297971443,-0.2707922485410653
0.11550000000000009,-4.850088596343994,0.0,0.13493691209694023,2.8106540584360014,-0.2338277440178383
0.11600000000000009,-4.869256496429443,0.0,0.13433715697883591,2.8596507562858173,-0.21091252599243993
0.11650000000000009,-4.888563632965088,0.0,0.13463047410578644,2.9044931335533164,-0.19806871402307266
0.11700000000000009,-4.907934665679932,0.0,0.13536791563300676,2.948003755711528,-0.192461590497399
0.11750000000000009,-4.927316188812256,0.0,0.1363448621581735,2.9919692512919887,-0.1920708592618708
0.11800000000000009,-4.946670055389404,0.0,0.13746871605526434,3.0374568808546454,-0.19545664005222707
0.11850000000000009,-4.965968608856201,0.0,0.13869646781263123,3.085060903662472,-0.2015928261680291
0.11900000000000009,-4.985191822052002,0.0,0.14000646510211037,3.1350785677437134,-0.2097483443823983
0.11950000000000009,-5.0043253898620605,0.0,0.14138612120932564,3.1876291305802598,-0.21940250293408875
0.12000000000000009,-5.023359298706055,0.0,0.14282678153828807,3.2427310426128377,-0.23018462427489916
0.1205000000000001,-5.042284965515137,0.0,0.14432168134383427,3.3003501610827777,-0.24183090881060657
0.1210000000000001,-5.061096668243408,0.0,0.14586517373918906,3.3604287011761684,-0.25415382735059083
0.1215000000000001,-5.079789638519287,0.0,0.14745244077303604,3.4229018090001677,-0.26702016757024644
0.1220000000000001,-5.098360538482666,0.0,0.14907936825892656,3.487706417191513,-0.2803354704074438
0.1225000000000001,-5.116806507110596,0.0,0.15074246345978085,3.5547854538552426,-0.294032874511625
0.1230000000000001,-5.135125160217285,0.0,0.15243877934936859,3.624089371930043,-0.3080652010903786
0.1235000000000001,-5.153314113616943,0.0,0.15416583816000937,3.69557621855815,-0.32239928849114974
0.1240000000000001,-5.1713714599609375,0.0,0.1559215568628855,3.7692109832910496,-0.3370120063986413
0.1245000000000001,-5.189295768737793,0.0,0.15770417816129007,3.844964647901818,-0.3518874029856811
0.12500000000000008,-5.207085132598877,0.0,0.15951220930569415,3.9228131915661058,-0.36701461001497526
0.12550000000000008,-5.224738597869873,0.0,0.16134437054134929,4.00273666600366,-0.382386494172914
0.12600000000000008,-5.24225378036499,0.0,0.16319955242618614,4.084718382651867,-0.3979984599646651
0.12650000000000008,-5.25963020324707,0.0,0.1650767811746254,4.168744247161725,-0.41384796131543555
0.12700000000000009,-5.2768659591674805,0.0,0.16697519172996234,4.254802217351887,-0.4299337356407347
0.12750000000000009,-5.293959617614746,0.0,0.1688940063268957,4.342881880312067,-0.44625557488797374
0.12800000000000009,-5.310909748077393,0.0,0.17083251825421047,4.432974132045656,-0.4628140273251019
0.1285000000000001,-5.3277153968811035,0.0,0.1727900794941426,4.525070932224875,-0.47961025269186014
0.1290000000000001,-5.344374179840088,0.0,0.1747660911908535,4.619165122337029,-0.49664571780166306
0.1295000000000001,-5.3608856201171875,0.0,0.17675999648117263,4.715250290709906,-0.5139223995117788
0.1300000000000001,-5.377247333526611,0.0,0.17877127496508355,4.813320686397811,-0.5314423664908654
0.1305000000000001,-5.393458366394043,0.0,0.1807994388688525,4.913371142662782,-0.5492080400824534
0.1310000000000001,-5.40951681137085,0.0,0.18284402945467151,5.015397033904536,-0.567221928823541
0.1315000000000001,-5.425421714782715,0.0,0.18490461475608577,5.1193942412154705,-0.5854867919301533
0.1320000000000001,-5.441171169281006,0.0,0.1869807874465705,5.225359130366673,-0.6040054210105327
0.1325000000000001,-5.45676326751709,0.0,0.1890721632458057,5.333288530777167,-0.6227807174626502
0.1330000000000001,-5.472196578979492,0.0,0.19117837936543003,5.443179719551954,-0.6418157349513278
0.1335000000000001,-5.487469673156738,0.0,0.19329909322105177,5.555030411032511,-0.6611136183586489
0.1340000000000001,-5.502580165863037,0.0,0.195433981338817,5.668838742846367,-0.6806774762288863
0.1345000000000001,-5.517527103424072,0.0,0.19758273821076666,5.784603261472005,-0.7005106595859706
0.1350000000000001,-5.532308578491211,0.0,0.19974507523126456,5.90232291085217,-0.7206164671166659
0.1355000000000001,-5.546922206878662,0.0,0.20192071977088988,6.021997013186938,-0.7409981861207854
0.1360000000000001,-5.561367034912109,0.0,0.20410941408778416,6.143625254680294,-0.7616593392158933
0.1365000000000001,-5.5756402015686035,0.0,0.2063109144643726,6.267207665276644,-0.7826032336863762
0.1370000000000001,-5.589740753173828,0.0,0.20852499021194149,6.3927446033833695,-0.8038334717534755
0.1375000000000001,-5.603665828704834,0.0,0.21075142288106774,6.520236735526149,-0.8253534157598063
0.1380000000000001,-5.6174139976501465,0.0,0.21299000536675028,6.649685010166187,-0.8471666528967128
0.1385000000000001,-5.630983829498291,0.0,0.2152405409446472,6.781090644101375,-0.8692767945579021
0.1390000000000001,-5.64437198638916,0.0,0.2175028426636106,6.914455098579477,-0.8916871699899765
0.1395000000000001,-5.657577037811279,0.0,0.21977673249206278,7.049780057220228,-0.9144014035958882
0.1400000000000001,-5.670597076416016,0.0,0.22206204058233703,7.187067408560036,-0.9374230508763355
0.1405000000000001,-5.683429718017578,0.0,0.22435860466128638,7.326319222394849,-0.9607555852266165
0.1410000000000001,-5.696073055267334,0.0,0.2266662693041172,7.467537736689348,-0.9844025497078112
0.1415000000000001,-5.708524227142334,0.0,0.2289848854828853,7.610725332756857,-1.0083673088943799
0.1420000000000001,-5.720781326293945,0.0,0.23131430986176343,7.755884522812536,-1.032653371069617
0.1425000000000001,-5.732842445373535,0.0,0.23365440440534613,7.903017930577215,-1.057264226537513
0.1430000000000001,-5.744704246520996,0.0,0.23600503583466145,8.052128280314758,-1.0822030745497768
0.1435000000000001,-5.7563652992248535,0.0,0.23836607528928425,8.20321837648873,-1.1074734329336648
0.1440000000000001,-5.767822742462158,0.0,0.24073739780016581,8.356291095927395,-1.133078517101668
0.1445000000000001,-5.779073715209961,0.0,0.24311888204111645,8.511349375124675,-1.1590214940641037
0.1450000000000001,-5.790116786956787,0.0,0.24551040997770804,8.66839619833523,-1.1853057712899056
0.1455000000000001,-5.800948619842529,0.0,0.24791186654919098,8.827434588545682,-1.211934325532716
0.1460000000000001,-5.811566352844238,0.0,0.25032313941208323,8.988467597177157,-1.2389101671978406
0.1465000000000001,-5.8219685554504395,0.0,0.25274411866513136,9.151498301792842,-1.2662365539115645
0.1470000000000001,-5.832151412963867,0.0,0.25517469672912996,9.316529797449915,-1.293916171056721
0.1475000000000001,-5.8421125411987305,0.0,0.25761476810909095,9.483565185065281,-1.32195193891233
0.1480000000000001,-5.851849555969238,0.0,0.26006422911161187,9.652607570739024,-1.3503467102549165
0.1485000000000001,-5.861359119415283,0.0,0.2625229777616569,9.823660067686992,-1.3791030418751609
0.1490000000000001,-5.870638847351074,0.0,0.2649909137626226,9.996725779597213,-1.4082236256815803
0.1495000000000001,-5.879685401916504,0.0,0.26746793813793956,10.171807812069309,-1.4377108405269752
0.1500000000000001,-5.8884968757629395,0.0,0.26995395335464184,10.348909258931105,-1.4675673189262375
0.1505000000000001,-5.897068977355957,0.0,0.27244886302381643,10.528033203196898,-1.497795007892662
0.1510000000000001,-5.905399799346924,0.0,0.274952571845876,10.709182722740778,-1.5283963413860389
0.1515000000000001,-5.913485527038574,0.0,0.27746498563289435,10.892360879867113,-1.559373160634554
0.1520000000000001,-5.921323776245117,0.0,0.2799860110738574,11.0775707254987,-1.5907275597889914
0.1525000000000001,-5.928911209106445,0.0,0.28251555572828446,11.264815299445747,-1.6224612634429727
0.1530000000000001,-5.936244487762451,0.0,0.28505352796273836,11.454097628229482,-1.654575863262134
0.1535000000000001,-5.943320274353027,0.0,0.2875998368489447,11.645420727400435,-1.687072812481029
0.1540000000000001,-5.950135707855225,0.0,0.290154392128882,11.838787600775001,-1.7199535578562803
0.1545000000000001,-5.9566874504089355,0.0,0.29271710413591334,12.034201241887747,-1.753219265703135
0.1550000000000001,-5.962972164154053,0.0,0.2952878837472818,12.231664634845288,-1.7868709463271923
0.1555000000000001,-5.968986511230469,0.0,0.29786664232910753,12.431180754903204,-1.8209094478700028
0.1560000000000001,-5.974727153778076,0.0,0.3004532916772195,12.632752568931233,-1.8553354500772294
0.1565000000000001,-5.980190277099609,0.0,0.3030477439563171,12.836383042135013,-1.8901493072915132
0.1570000000000001,-5.985373020172119,0.0,0.30564991172694383,13.042075127531444,-1.9253514882634992
0.1575000000000001,-5.99027156829834,0.0,0.30825970773903577,13.249831783554754,-1.9609419727885393
0.1580000000000001,-5.994882106781006,0.0,0.31087704509524683,13.459655962929977,-1.9969205344532106
0.1585000000000001,-5.99920129776001,0.0,0.3135018370521471,13.671550617895202,-2.033286895731708
0.1590000000000001,-6.003225326538086,0.0,0.31613399701323674,13.885518703258894,-2.0700404058162087
0.15950000000000011,-6.006950855255127,0.0,0.3187734385082877,14.101563178690332,-2.1071803537364837
0.16000000000000011,-6.010374069213867,0.0,0.3214200751626602,14.319687006153252,-2.144705634799284
0.16050000000000011,-6.013490676879883,0.0,0.3240738206036575,14.53989315798961,-2.182614729070643
0.16100000000000012,-6.016297817230225,0.0,0.32673458849617504,14.762184612739052,-2.220906382491396
0.16150000000000012,-6.0187907218933105,0.0,0.32940229243826147,14.986564360518706,-2.2595783908004905
0.16200000000000012,-6.020966529846191,0.0,0.33207684596115455,15.213035404007528,-2.2986289879172483
0.16250000000000012,-6.022820472717285,0.0,0.3347581624871251,15.441600757414157,-2.3380554175979653
0.16300000000000012,-6.024348735809326,0.0,0.3374461552594886,15.672263451229277,-2.377854993560205
0.16350000000000012,-6.025547981262207,0.0,0.3401407373385727,15.905026537582284,-2.418024930449106
0.16400000000000012,-6.026413440704346,0.0,0.3428418216132148,16.139893079546905,-2.4585615728528913
0.16450000000000012,-6.026941299438477,0.0,0.34554932062961025,16.376866168097443,-2.499461328891306
0.16500000000000012,-6.027127265930176,0.0,0.348263146713204,16.615948913824482,-2.540720089506476
0.16550000000000012,-6.026967525482178,0.0,0.3509832118451336,16.758864320916842,-2.582333612627856
0.16600000000000012,-6.031116485595703,0.0,0.35769852203542124,18.847396700267396,-2.064448148404451
0.16650000000000012,-6.038208961486816,0.0,0.3679413609904032,17.307859978115893,-1.7112967511199841
0.16700000000000012,-6.042439937591553,0.0,0.36414559572305183,17.51478595367681,-2.0583147127722796
0.16750000000000012,-6.044486999511719,0.0,0.3638897458357912,17.77420938278557,-2.3229404244959064
0.16800000000000012,-6.044870853424072,0.0,0.36543787905192454,18.046390861921385,-2.524184020979886
0.16850000000000012,-6.043961048126221,0.0,0.36783140359469935,18.323194626458463,-2.6802046593281257
0.16900000000000012,-6.042018890380859,0.0,0.37059778496579154,18.600845530017605,-2.80403851878202
0.16950000000000012,-6.0392303466796875,0.0,0.37350992976821273,18.607613410787373,-2.9050043320551997
0.17000000000000012,-6.040942668914795,0.0,0.37893617910012256,20.481086329362714,-2.3620665505785996
0.17050000000000012,-6.045722484588623,0.0,0.38747670410427326,19.16706626308114,-1.9930357188808607
0.17100000000000012,-6.047146320343018,0.0,0.3847254472423074,19.46581690444565,-2.399361677098595
0.17150000000000012,-6.046022891998291,0.0,0.3853332190603699,19.795785154890964,-2.706913268628551
0.17200000000000013,-6.04296875,0.0,0.3875399754422391,20.123652092489163,-2.938888147271955
0.17250000000000013,-6.038421630859375,0.0,0.3904214256643238,20.445181002506093,-3.1169679808602906
0.17300000000000013,-6.0326924324035645,0.0,0.393543845724247,20.17748730258633,-3.256697006804815
0.17350000000000013,-6.0317254066467285,0.0,0.3974913366788095,21.898176200305343,-2.68171649796486
0.17400000000000013,-6.034000396728516,0.0,0.4045612480019842,20.898536140115965,-2.2915590867100644
0.17450000000000013,-6.032513618469238,0.0,0.40294322718709275,21.283767566904533,-2.7447334863525934
0.17500000000000013,-6.028181552886963,0.0,0.40439137910302236,21.678720705158486,-3.085879877314424
0.17550000000000013,-6.02169942855835,0.0,0.4071957784360842,22.057188814441886,-3.3415529904074455
0.17600000000000013,-6.0135602951049805,0.0,0.41049817110168024,21.658139468468743,-3.5362962561853357
0.17650000000000013,-6.010290145874023,0.0,0.41359884425649485,23.22497135492824,-2.949180764774611
0.17700000000000013,-6.010327339172363,0.0,0.41960370053842,22.442882244967155,-2.551672619008717
0.17750000000000013,-6.006183624267578,0.0,0.41881456624898394,22.910126810043447,-3.0521550140279308
0.17800000000000013,-5.9988861083984375,0.0,0.4209214003642379,23.366989876913365,-3.4268340262526524
0.17850000000000013,-5.989213943481445,0.0,0.42421476473233005,23.06095335962863,-3.705830026242729
0.17900000000000013,-5.984279155731201,0.0,0.4271837172304356,24.463213006114895,-3.1358217269834148
0.17950000000000013,-5.982551097869873,0.0,0.4325381082479596,23.75370198908945,-2.7513174374954743
0.18000000000000013,-5.976171493530273,0.0,0.4322195621751206,24.30027143249304,-3.304275130044792
0.18050000000000013,-5.9662981033325195,0.0,0.43479805937263843,24.81776305342283,-3.7158602502723044
0.18100000000000013,-5.953802585601807,0.0,0.4384845520933013,24.229730478557258,-4.020326474008395
0.18150000000000013,-5.9462571144104,0.0,0.4404468986464102,25.544433485599193,-3.4266266539216725
0.18200000000000013,-5.942061424255371,0.0,0.44493920789708086,25.144152505104575,-3.026162726004766
0.18250000000000013,-5.932911396026611,0.0,0.4455469609095098,25.76558732020517,-3.6094252453793763
0.18300000000000013,-5.9200439453125,0.0,0.4487603217252299,26.33794434885048,-4.0418099241500896
0.18350000000000014,-5.904392242431641,0.0,0.4528711683489339,25.393204365976466,-4.359994444947745
0.18400000000000014,-5.8939714431762695,0.0,0.453693830461269,26.628375556988917,-3.7358124755024926
0.18450000000000014,-5.8870930671691895,0.0,0.45729003317468175,27.56353557369649,-3.31446312524862
0.18500000000000014,-5.882498264312744,0.0,0.4615899264179412,26.616690856420956,-3.043185770066087
0.18550000000000014,-5.871695518493652,0.0,0.46145206818228035,27.38978877368002,-3.766675721814702
0.18600000000000014,-5.8562774658203125,0.0,0.4648099948923187,28.083014041215094,-4.297444516000171
0.18650000000000014,-5.837433815002441,0.0,0.4693546976230924,26.99041134420855,-4.683695421559235
0.18700000000000014,-5.823851108551025,0.0,0.46962622898015927,28.088777347610886,-4.060107931438359
0.18750000000000014,-5.8138251304626465,0.0,0.4725007076679074,28.92889302724788,-3.6396696318131148
0.18800000000000014,-5.806082725524902,0.0,0.4761441454935589,28.33574683067463,-3.3697016988603528
0.18850000000000014,-5.7916259765625,0.0,0.4771766385078993,29.228017787221628,-4.139088591589058
0.18900000000000014,-5.77218770980835,0.0,0.48136650838292017,28.622445479773873,-4.7004027868988505
0.18950000000000014,-5.757319450378418,0.0,0.4824858045517914,29.52929121155362,-4.16218785022262
0.19000000000000014,-5.74551248550415,0.0,0.48531155217162186,30.23339332141071,-3.8020192346067043
0.19050000000000014,-5.735629081726074,0.0,0.4886155715316362,29.723798829843705,-3.5748538621462864
0.19100000000000014,-5.718348503112793,0.0,0.490201452053122,30.744038234497953,-4.410166500327803
0.19150000000000014,-5.695596694946289,0.0,0.4949674623568253,29.92358181593265,-5.0159986367796225
0.19200000000000014,-5.677488327026367,0.0,0.49550775813164133,30.744246160769933,-4.472927537597956
0.19250000000000014,-5.66248893737793,0.0,0.4977834689794594,31.388988856719134,-4.109152272920828
0.19300000000000014,-5.649440288543701,0.0,0.500635137467537,31.236206737633097,-3.879360958205081
0.19350000000000014,-5.628580093383789,0.0,0.5032783226587657,32.36588748826927,-4.744479844210704
0.19400000000000014,-5.601950168609619,0.0,0.5087515406324983,31.200576727574624,-5.368587946623755
0.19450000000000014,-5.580180644989014,0.0,0.5084768731651164,31.945640745501624,-4.805530382602381
0.19500000000000015,-5.561669826507568,0.0,0.5101063052880885,32.538616315346765,-4.4272180534898045
0.19550000000000015,-5.545209884643555,0.0,0.5124695495691485,33.010335390316,-4.186767227163039
0.19600000000000015,-5.529942035675049,0.0,0.5150499894344871,32.86061079132996,-4.043492762089319
0.19650000000000015,-5.50579833984375,0.0,0.5181531409503642,34.1849517544502,-5.003377487104806
0.19700000000000015,-5.475125312805176,0.0,0.5242929837811868,32.825957510381,-5.6906043945586084
0.19750000000000015,-5.449295520782471,0.0,0.5235527248796634,33.46130005831919,-5.136085141049475
0.19800000000000015,-5.426711559295654,0.0,0.5246610636137695,33.97784086850233,-4.76274877387252
0.19850000000000015,-5.406162261962891,0.0,0.526562417847541,34.396088677364055,-4.524808105389942
0.19900000000000015,-5.386788368225098,0.0,0.5287647507686483,34.74845552045455,-4.382123833998564
0.19950000000000015,-5.367978096008301,0.0,0.5310661148295263,34.840676911254526,-4.306385965026867
0.20000000000000015,-5.339224338531494,0.0,0.5351884490664659,36.39532875273831,-5.345309533182133
0.20050000000000015,-5.3031816482543945,125.66370614359174,0.5422683581844022,34.71265169054087,-6.082491682842734
0.20100000000000015,-5.272064208984375,125.66370614359174,0.5408576227360605,35.22990592331686,-5.527659240354758
0.20150000000000015,-5.244250297546387,125.66370614359174,0.5413251154329375,35.664007800279734,-5.152223466313533
0.20200000000000015,-5.218508243560791,125.66370614359174,0.5426876647144728,36.02387910631412,-4.910890656419731
0.20250000000000015,-5.193962574005127,125.66370614359174,0.5444555954758783,36.334775487379645,-4.763671427493735
0.20300000000000015,-5.169991493225098,125.66370614359174,0.5464101096318307,36.613984320505,-4.682392276859188
0.20350000000000015,-5.146154403686523,125.66370614359174,0.5484548797691178,36.87301600218219,-4.647195098831189
0.20400000000000015,-5.122137546539307,125.66370614359174,0.5505472011721404,37.11938883978905,-4.644051829800437
0.20450000000000015,-5.097718715667725,125.66370614359174,0.5526670395086647,37.35792297261083,-4.663036223625859
0.20500000000000015,-5.07274055480957,125.66370614359174,0.5548035932632409,37.591647003666196,-4.697112872276213
0.20550000000000015,-5.047090530395508,125.66370614359174,0.5569497327486149,37.82241825519298,-4.741285661487457
0.20600000000000016,-5.020690441131592,125.66370614359174,0.5590998542685516,38.05133965751156,-4.792001617922237
0.20650000000000016,-4.993483543395996,125.66370614359174,0.5612491376083849,38.27903561986186,-4.8467253604961735
0.20700000000000016,-4.965431213378906,125.66370614359174,0.5633933301965168,38.50583232400206,-4.903644029301113
0.20750000000000016,-4.9365057945251465,125.66370614359174,0.5655286979466781,38.73187383426396,-4.961454224861433
0.20800000000000016,-4.9066877365112305,125.66370614359174,0.5676520071281514,38.95719602968613,-5.019213430780923
0.20850000000000016,-4.875964641571045,125.66370614359174,0.5697604969078143,39.18177278364426,-5.076236084496825
0.20900000000000016,-4.844327926635742,125.66370614359174,0.5718518362349339,39.405544391764025,-5.132017399582125
0.20950000000000016,-4.811771869659424,125.66370614359174,0.5739240708519886,39.62843466836431,-5.1861808723656555
0.21000000000000016,-4.778293132781982,125.66370614359174,0.5759755672090018,39.85036076407772,-5.238441394880417
0.21050000000000016,-4.743890285491943,125.66370614359174,0.5780049578745162,40.07123876279292,-5.28857906258322
0.21100000000000016,-4.708563327789307,125.66370614359174,0.5800110925699706,40.290986451774224,-5.336420525240651
0.21150000000000016,-4.672313213348389,125.66370614359174,0.581992995399723,40.50952461966442,-5.38182566046258
0.21200000000000016,-4.635140895843506,125.66370614359174,0.5839498291699058,40.72677744600583,-5.424677434674931
0.21250000000000016,-4.597048759460449,125.66370614359174,0.585880866213722,40.942672397729346,-5.464877178184958
0.21300000000000016,-4.558039665222168,125.66370614359174,0.5877854649155629,41.15713991747844,-5.502339038979608
0.21350000000000016,-4.518115520477295,125.66370614359174,0.5896630511806225,41.370113069221,-5.536985087622152
0.21400000000000016,-4.477280616760254,125.66370614359174,0.5915131041189446,41.58152712573057,-5.568747141999429
0.21450000000000016,-4.435537815093994,125.66370614359174,0.5933351448857616,41.79131921157767,-5.59756060054522
0.21500000000000016,-4.3928914070129395,125.66370614359174,0.5951287281557621,41.99942803549152,-5.623366875701416
0.21550000000000016,-4.3493452072143555,125.66370614359174,0.5968934357870008,42.205793621072445,-5.646110280488215
0.21600000000000016,-4.304903507232666,125.66370614359174,0.5986288719340784,42.41035712162514,-5.665738708131073
0.21650000000000016,-4.259571075439453,125.66370614359174,0.600334659437315,42.613060662642596,-5.68220330712084
0.21700000000000016,-4.213352203369141,125.66370614359174,0.6020104371020829,42.81384726745782,-5.695456982578495
0.21750000000000017,-4.166252136230469,125.66370614359174,0.6036558578166332,43.01266076911723,-5.705456141075356
0.21800000000000017,-4.1182756423950195,125.66370614359174,0.6052705870976927,43.20944572391445,-5.712158675621269
0.21850000000000017,-4.069428443908691,125.66370614359174,0.6068543019094697,43.404147443344534,-5.715525857877111
0.21900000000000017,-4.019715309143066,125.66370614359174,0.6084066900561913,43.596711949678955,-5.715519660048944
0.21950000000000017,-3.9691426753997803,125.66370614359174,0.6099274495961803,43.787085996938806,-5.712106416008962
0.22000000000000017,-3.9177160263061523,125.66370614359174,0.6114162885117975,43.97521703708329,-5.705253127442071
0.22050000000000017,-3.865441083908081,125.66370614359174,0.6128729243219454,44.16105330029943,-5.694929128519733
0.22100000000000017,-3.812324285507202,125.66370614359174,0.6142970840599983,44.34454379930881,-5.6811068112357175
0.22150000000000017,-3.7583718299865723,125.66370614359174,0.6156885041596163,44.5256383200979,-5.663760245759132
0.22200000000000017,-3.703590154647827,125.66370614359174,0.6170469302620932,44.70428753092869,-5.64286588608282
0.22250000000000017,-3.6479859352111816,125.66370614359174,0.6183721173785048,44.88044295076988,-5.618402588027407
0.22300000000000017,-3.5915656089782715,125.66370614359174,0.6196638297429187,45.05405701095039,-5.590350885245627
0.22350000000000017,-3.534336566925049,125.66370614359174,0.6209218408373477,45.22508315054225,-5.5586948420255435
0.22400000000000017,-3.4763054847717285,125.66370614359174,0.6221459335956109,45.39347574887899,-5.5234194736092945
0.22450000000000017,-3.4174797534942627,125.66370614359174,0.6233359001570612,45.55919026933546,-5.484512978948507
0.22500000000000017,-3.3578665256500244,125.66370614359174,0.6244915421043717,45.722183275519804,-5.441965243794079
0.22550000000000017,-3.2974729537963867,125.66370614359174,0.625612670496515,45.88241245013873,-5.395768201429921
0.22600000000000017,-3.236307144165039,125.66370614359174,0.6266991058207824,46.039836672050036,-5.345917396213892
0.22650000000000017,-3.1743762493133545,125.66370614359174,0.6277506780919863,46.19441607113747,-5.29240886276482
0.22700000000000017,-3.1116883754730225,125.66370614359174,0.628767226942043,46.34611202844856,-5.235242244547377
0.22750000000000017,-3.0482513904571533,125.66370614359174,0.6297486015306735,46.494887305127904,-5.174418824317745
0.22800000000000017,-2.9840729236602783,125.66370614359174,0.6306946607810828,46.64070603370148,-5.109941484072375
0.22850000000000018,-2.919161319732666,125.66370614359174,0.6316052733229524,46.78353375673983,-5.041816311106221
0.22900000000000018,-2.853524684906006,125.66370614359174,0.6324803174546716,46.923337551210686,-4.970050964344553
0.22950000000000018,-2.7871713638305664,125.66370614359174,0.6333196813785044,47.06008602026953,-4.8946554657237025
0.23000000000000018,-2.720109701156616,125.66370614359174,0.6341232631418868,47.193749333163474,-4.8156417650412005
0.23050000000000018,-2.6523478031158447,125.66370614359174,0.63489097059783,47.32429935175143,-4.733023282482554
0.23100000000000018,-2.5838944911956787,125.66370614359174,0.6356227216395471,47.45170962246814,-4.646816572371656
0.23150000000000018,-2.514758348464966,125.66370614359174,0.6363184441405991,47.57595543114474,-4.557039608254935
0.23200000000000018,-2.4449477195739746,125.66370614359174,0.6369780759576444,47.6970138799195,-4.46371172799109
0.23250000000000018,-2.374471426010132,125.66370614359174,0.6376015650276228,47.81486393307297,-4.366854892862217
0.23300000000000018,-2.3033382892608643,125.66370614359174,0.6381888694115971,47.92948648497137,-4.266492794135747
0.23350000000000018,-2.2315568923950195,125.66370614359174,0.6387399573825304,48.04086439061647,-4.162650363968965
0.23400000000000018,-2.1591360569000244,125.66370614359174,0.6392548074191211,48.14898251318389,-4.055354609838815
0.23450000000000018,-2.0860848426818848,125.66370614359174,0.6397334082096467,48.25382780138616,-3.9446345828560676
0.23500000000000018,-2.0124118328094482,125.66370614359174,0.6401757587511409,48.35538934935481,-3.8305199823450375
0.23550000000000018,-1.9381262063980103,125.66370614359174,0.6405818684397522,48.45365841153412,-3.7130431309291296
0.23600000000000018,-1.8632367849349976,125.66370614359174,0.6409517570228498,48.54862848754397,-3.592237120959804
0.23650000000000018,-1.787752389907837,125.66370614359174,0.6412854547009752,48.64029538123325,-3.468136433272705
0.23700000000000018,-1.7116822004318237,125.66370614359174,0.6415830022217902,48.728657228668716,-3.340777580887111
0.23750000000000018,-1.6350349187850952,125.66370614359174,0.6418444508797457,48.81371454320784,-3.2101974361138383
0.23800000000000018,-1.5578197240829468,125.66370614359174,0.6420698625263922,48.89547029061326,-3.076435029740549
0.23850000000000018,-1.4800454378128052,125.66370614359174,0.6422593096778355,48.973929945635064,-2.9395298635151246
0.23900000000000018,-1.4017208814620972,125.66370614359174,0.6424128756145597,49.04910151687849,-2.7995225456596073
0.23950000000000018,-1.3228552341461182,125.66370614359174,0.6425306543869237,49.12099558868591,-2.6564554500704154
0.24000000000000019,-1.2434570789337158,125.66370614359174,0.6426127508315864,49.18962539310665,-2.5103707506521955
0.24050000000000019,-1.1635355949401855,125.66370614359174,0.642659280686077,49.25500686272318,-2.36131274826617
0.2410000000000002,-1.083099365234375,125.66370614359174,0.6426703706962971,49.31715865101535,-2.209325409649425
0.2415000000000002,-1.002157211303711,125.66370614359174,0.6426461586294672,49.37610216960722,-2.0544539858651234
0.2420000000000002,-0.9207180142402649,125.66370614359174,0.6425867932981638,49.431861655593295,-1.8967445949314001
0.2425000000000002,-0.8387903571128845,125.66370614359174,0.6424924346833134,49.48446423431674,-1.7362434228358774
0.2430000000000002,-0.756382942199707,125.66370614359174,0.6423632540957963,49.5339398631632,-1.5729975147800463
0.2435000000000002,-0.6735042929649353,125.66370614359174,0.6421994340099413,49.58032150714309,-1.4070540968750156
0.2440000000000002,-0.5901629328727722,125.66370614359174,0.6420011684355267,49.623645028215755,-1.2384608814435452
0.2445000000000002,-0.5063673853874207,125.66370614359174,0.641768662701117,49.663949366155215,-1.0672660059066221
0.2450000000000002,-0.4221259653568268,125.66370614359174,0.6415021338310392,49.70127643878061,-0.8935175303488075
0.2455000000000002,-0.33744701743125916,125.66370614359174,0.6412018103781222,49.73567124799193,-0.7172638745215135
0.2460000000000002,-0.2523387372493744,125.66370614359174,0.6408679326163789,49.767181905910086,-0.5385533778181039
0.2465000000000002,-0.16680927574634552,125.66370614359174,0.640500752673673,49.79585963475392,-0.35743445714818345
0.2470000000000002,-0.08086668699979782,125.66370614359174,0.640100534567938,49.821758783083396,-0.1739554344818686
0.2475000000000002,0.005481087602674961,125.66370614359174,0.6396675542537898,49.84493688743375,0.011835558903624093
0.2480000000000002,0.09222619235515594,125.66370614359174,0.6392020998156513,49.86545465600981,0.1998905850829972
0.2485000000000002,0.17936088144779205,125.66370614359174,0.6387044715094822,49.883375992535356,0.39016201113671656
0.2490000000000002,0.26687750220298767,125.66370614359174,0.6381749818603956,49.89876800878209,0.582602531297232
0.2495000000000002,0.3547685444355011,125.66370614359174,0.637613955761793,49.91170103405083,0.7771653318891006
0.25000000000000017,0.4430265724658966,125.66370614359174,0.6370217305755022,49.922248621590256,0.973803999201761
0.25050000000000017,0.5316442847251892,125.66370614359174,0.6363986562327743,49.930487536115415,1.1724727042500314
0.25100000000000017,0.6206144690513611,125.66370614359174,0.6357450952892573,49.93649777945025,1.3731261578785097
0.25150000000000017,0.7099301218986511,125.66370614359174,0.6350614230798657,49.94036260979188,1.575719926182477
0.25200000000000017,0.7995843291282654,125.66370614359174,0.6343480279131135,49.942168451581026,1.7802102183481123
0.25250000000000017,0.8895701766014099,125.66370614359174,0.6336053109720919,49.94200495444953,1.986553734244513
0.25300000000000017,0.9798811674118042,125.66370614359174,0.6328336865244354,49.93996497765285,2.1947086416594166
0.25350000000000017,1.0705106258392334,125.66370614359174,0.6320335820693559,49.93614454621377,2.40463329193235
0.25400000000000017,1.161452293395996,125.66370614359174,0.6312054383830654,49.930642838253526,2.6162875956245957
0.25450000000000017,1.2526997327804565,125.66370614359174,0.6303497096177534,49.92356214388569,2.8296317263860415
0.25500000000000017,1.3442471027374268,125.66370614359174,0.6294668633512391,49.915007877683244,3.0446279054419474
0.25550000000000017,1.43608820438385,125.66370614359174,0.6285573807819852,49.90508851040189,3.2612382870840793
0.25600000000000017,1.5282173156738281,125.66370614359174,0.6276217567654524,49.893915524097274,3.4794268786478386
0.2565000000000002,1.620628833770752,125.66370614359174,0.6266604998541218,49.88160341229392,3.699158767092099
0.2570000000000002,1.7133171558380127,125.66370614359174,0.6256741324822973,49.86826959897232,3.920399876309011
0.2575000000000002,1.8062769174575806,125.66370614359174,0.6246631909900218,49.85403438068965,4.143117538304203
0.2580000000000002,1.8995029926300049,125.66370614359174,0.6236282256486585,49.8390209296306,4.367280522058279
0.2585000000000002,1.992990255355835,125.66370614359174,0.6225698008779452,49.823355125279626,4.592858510608887
0.2590000000000002,2.0867340564727783,125.66370614359174,0.6214884950539487,49.807165633681386,4.819823219733386
0.2595000000000002,2.1807291507720947,125.66370614359174,0.6203849008688341,49.79058370249135,5.048145942603226
0.2600000000000002,2.2749714851379395,125.66370614359174,0.619259625115615,49.77374319733834,5.277801695344937
0.2605000000000002,2.3694562911987305,125.66370614359174,0.6181132889291296,49.756780406402704,5.508764823785599
0.2610000000000002,2.464179515838623,125.66370614359174,0.616946527558163,49.739834100514074,5.7410123261627
0.2615000000000002,2.5591368675231934,125.66370614359174,0.6157599906882285,49.72304530919967,5.974521650760178
0.2620000000000002,2.654324531555176,125.66370614359174,0.6145543421835724,49.70655733742129,6.209272366023549
0.2625000000000002,2.749738931655884,125.66370614359174,0.6133302602835767,49.6905155667892,6.445245614564553
0.2630000000000002,2.8453760147094727,125.66370614359174,0.6120884373732318,49.67506742169702,6.6824224367518905
0.2635000000000002,2.941232442855835,125.66370614359174,0.6108295800539553,49.66036227634019,6.9207865616044115
0.2640000000000002,3.0373051166534424,125.66370614359174,0.6095544091859803,49.64655125757504,7.160323292622452
0.2645000000000002,3.1335906982421875,125.66370614359174,0.6082636596100389,49.63378721185832,7.401018377281077
0.2650000000000002,3.230086088180542,125.66370614359174,0.6069580802166468,49.62222453935581,7.6428591195965945
0.2655000000000002,3.3267886638641357,125.66370614359174,0.6056384337827188,49.61201907397154,7.885834936502498
0.2660000000000002,3.4236955642700195,125.66370614359174,0.6043054968426512,49.60332795011373,8.129935653439585
0.2665000000000002,3.5208044052124023,125.66370614359174,0.6029600595380483,49.59630944825608,8.3751531822364
0.2670000000000002,3.618112802505493,125.66370614359174,0.6016029253951449,49.59112289299506,8.621480373734796
0.2675000000000002,3.715618371963501,125.66370614359174,0.6002349112307355,49.58792848595288,8.86891099484954
0.2680000000000002,3.813318967819214,125.66370614359174,0.5988568469231872,49.58688710257417,9.117440272498097
0.2685000000000002,3.911212682723999,125.66370614359174,0.5974695750095323,49.588160208974294,9.367064869573548
0.2690000000000002,4.009297847747803,125.66370614359174,0.5960739505670788,49.59190963971944,9.617782860119794
0.2695000000000002,4.107572555541992,125.66370614359174,0.5946708408013376,49.59829749399856,9.869592554581573
0.2700000000000002,4.206035137176514,125.66370614359174,0.5932611248615288,49.607485886181095,10.122493608092338
0.2705000000000002,4.304684638977051,125.66370614359174,0.5918456933113477,49.61963679268479,10.37648813558973
0.2710000000000002,4.403519630432129,125.66370614359174,0.5904254477314949,49.63491190120564,10.631577807685511
0.2715000000000002,4.502538681030273,125.66370614359174,0.5890013003863528,49.65347240362154,10.887764952735287
0.2720000000000002,4.601740837097168,125.66370614359174,0.587574173744607,49.67547875296062,11.145053666442472
0.2725000000000002,4.701125144958496,125.66370614359174,0.5861449998139712,49.70109053937734,11.403448616057755
0.2730000000000002,4.8006911277771,125.66370614359174,0.5847147197520255,49.730466245289236,11.662956150730357
0.2735000000000002,4.900437831878662,125.66370614359174,0.5832842832220797,49.7637630448274,11.923581937399005
0.2740000000000002,5.000364780426025,125.66370614359174,0.5818546477634265,49.80113659108734,12.185333221694972
0.2745000000000002,5.100471019744873,125.66370614359174,0.580426778120215,49.84274079876654,12.448216452799633
0.2750000000000002,5.200757026672363,125.66370614359174,0.5790016455274943,49.888727622349734,12.71224187796221
0.2755000000000002,5.3012213706970215,125.66370614359174,0.5775802269535513,49.93924682994328,12.977415336813591
0.2760000000000002,5.401865005493164,125.66370614359174,0.5761635042976837,49.994445772862534,13.243748684288695
0.2765000000000002,5.502686977386475,125.66370614359174,0.5747524635426977,50.054469151086046,13.511249231657082
0.2770000000000002,5.603687286376953,125.66370614359174,0.5733480938614834,49.84547013048767,13.779926678910591
0.2775000000000002,5.688282012939453,125.66370614359174,0.5740779563128843,47.6542995417434,12.122245629752452
0.2780000000000002,5.761196613311768,125.66370614359174,0.5760323329394768,43.360206840437485,10.932372872781087
0.2785000000000002,5.842831134796143,125.66370614359174,0.5699666198834696,45.28038567749013,12.106747866920818
0.2790000000000002,5.930909156799316,125.66370614359174,0.5666103626586139,46.78222945734825,13.054216584978914
0.2795000000000002,6.0236616134643555,125.66370614359174,0.5646588645169133,47.921822778907064,13.822095510996716
0.2800000000000002,6.119811534881592,125.66370614359174,0.5633692356086161,47.66861569139146,14.459237228879667
0.2805000000000002,6.2010111808776855,125.66370614359174,0.5612381166818388,45.156026410181205,12.797653618228798
0.2810000000000002,6.271585941314697,125.66370614359174,0.5604649105596259,41.938959370708176,11.611264617004183
0.2815000000000002,6.352476119995117,125.66370614359174,0.5561841009011728,44.537019600265545,13.07210543740517
0.2820000000000002,6.440941333770752,125.66370614359174,0.5544791250549961,45.302656796226586,14.230618923444403
0.2825000000000002,6.516918659210205,125.66370614359174,0.5514670362646564,42.87575057948061,12.771433183693695
0.2830000000000002,6.584043025970459,125.66370614359174,0.5493254577908917,40.95271930257795,11.737860909509845
0.2835000000000002,6.645063877105713,125.66370614359174,0.5470718652178315,38.455157430007795,11.036060204336776
0.2840000000000002,6.720284938812256,125.66370614359174,0.5428755512936941,42.34031357841279,13.070008177371767
0.2845000000000002,6.805847644805908,125.66370614359174,0.5423885451355245,43.18154398468573,14.644763587061934
0.2850000000000002,6.88027286529541,125.66370614359174,0.537504804767042,40.71344707414396,13.27298115898889
0.2855000000000002,6.94681453704834,125.66370614359174,0.5336559581902242,38.78477656362246,12.30665152858628
0.2860000000000002,7.007950305938721,125.66370614359174,0.5300227795835215,37.27481817585967,11.657882754764993
0.2865000000000002,7.065459251403809,125.66370614359174,0.5263027787466286,36.07772797783249,11.241478805968427
0.2870000000000002,7.120614051818848,125.66370614359174,0.5224268465197602,35.11519969082161,10.994511285518296
0.2875000000000002,7.174325942993164,125.66370614359174,0.5184116799944677,34.32927312655604,10.870885622226519
0.2880000000000002,7.227245330810547,125.66370614359174,0.5142969377308518,33.67701659400114,10.836977763441059
0.2885000000000002,7.279835224151611,125.66370614359174,0.5101211092162774,33.12665218742514,10.868334345276677
0.2890000000000002,7.332424640655518,125.66370614359174,0.5059142136178842,32.65469856431733,10.94721235480454
0.2895000000000002,7.385245323181152,125.66370614359174,0.5016972328184687,32.243848933054245,11.06075885979208
0.2900000000000002,7.4384613037109375,125.66370614359174,0.49748380310464785,31.881389386056604,11.199679679610389
0.2905000000000002,7.492185592651367,125.66370614359174,0.49328230778187043,31.55801842940462,11.357259759845846
0.2910000000000002,7.546497344970703,125.66370614359174,0.4890976948929558,31.26696607044492,11.528657496820411
0.2915000000000002,7.6014485359191895,125.66370614359174,0.48493285074444686,31.003337119165955,11.710383381496763
0.2920000000000002,7.657074451446533,125.66370614359174,0.48078955632985076,30.763622314088646,11.89993046115542
0.2925000000000002,7.713397979736328,125.66370614359174,0.47666911330243683,30.545335036026042,12.095501681623213
0.2930000000000002,7.770431041717529,125.66370614359174,0.4725727305650293,30.34674186416153,12.295809869682671
0.2935000000000002,7.828181266784668,125.66370614359174,0.4685017475232627,30.166662983070147,12.499941905153017
0.2940000000000002,7.886650085449219,125.66370614359174,0.4644577506413476,30.004324695265634,12.707249975531923
0.2945000000000002,7.945837020874023,125.66370614359174,0.4604426240055197,29.85925050585735,12.917281951276877
0.2950000000000002,8.005739212036133,125.66370614359174,0.4564585607042867,29.731180791044437,13.129725432433712
0.2955000000000002,8.066351890563965,125.66370614359174,0.4525080525617027,29.620013727623704,13.344368601776122
0.2960000000000002,8.127670288085938,125.66370614359174,0.4485938697036368,29.525761748424916,13.561074553973677
0.2965000000000002,8.189687728881836,125.66370614359174,0.44471903593067047,29.448519534428296,13.779757336760353
0.2970000000000002,8.252399444580078,125.66370614359174,0.44088680382766543,29.388440461961093,14.000373300840769
0.2975000000000002,8.31579875946045,125.66370614359174,0.437100631403134,29.345719261130416,14.222903878739052
0.2980000000000002,8.379878997802734,125.66370614359174,0.4333641610090732,29.320579241063008,14.447350912821705
0.2985000000000002,8.444635391235352,125.66370614359174,0.42968120071601823,29.313262804098315,14.673734309142926
0.2990000000000002,8.510061264038086,125.66370614359174,0.42605570769477896,29.324024452279502,14.90208138273746
0.2995000000000002,8.576151847839355,125.66370614359174,0.42249177355622874,29.35312554661745,15.132430487360391
0.3000000000000002,8.642900466918945,125.66370614359174,0.41899361098575727,29.400830380655055,15.364822197981333
0.3005000000000002,8.710304260253906,125.66370614359174,0.41556554134324974,29.467403168991037,15.59930785422401
0.3010000000000002,8.77835750579834,125.66370614359174,0.41221198265474834,29.553105733567058,15.83593660686443
0.3015000000000002,8.847055435180664,125.66370614359174,0.4089374377483723,29.65819571615295,16.074761302578356
0.3020000000000002,8.91639518737793,125.66370614359174,0.4057464823415406,29.78292515617474,16.315839652847075
0.3025000000000002,8.986372947692871,125.66370614359174,0.40264375276725006,29.92753925301675,16.55922860176912
0.3030000000000002,9.056983947753906,125.66370614359174,0.39963393273784004,30.0922754304258,16.804983881266544
0.3035000000000002,9.128226280212402,125.66370614359174,0.39672173970792834,30.277362462414914,17.053166786659183
0.3040000000000002,9.20009708404541,125.66370614359174,0.39391191010343835,30.483019725498014,17.303836939872816
0.3045000000000002,9.272594451904297,125.66370614359174,0.39120918360665885,30.709456519896175,17.557055637630107
0.3050000000000002,9.345714569091797,125.66370614359174,0.38861828639548623,30.956871453856824,17.81288028255794
0.3055000000000002,9.419456481933594,125.66370614359174,0.3861439133781729,31.225451826908763,18.07137325587695
0.3060000000000002,9.493818283081055,125.66370614359174,0.38379070922276737,31.515373086399357,18.332594580469628
0.3065000000000002,9.568799018859863,125.66370614359174,0.38156324856815005,31.826798281638766,18.596605432066976
0.3070000000000002,9.644396781921387,125.66370614359174,0.37946601528326246,32.159877545534684,18.863464333472866
0.3075000000000002,9.720611572265625,125.66370614359174,0.37750338100276715,32.51474756030797,19.133232595551743
0.3080000000000002,9.797441482543945,125.66370614359174,0.3756795829261507,32.891531048992164,19.40596674419008
0.3085000000000002,9.874885559082031,125.66370614359174,0.3739987012275847,33.290336259510056,19.681723969929102
0.3090000000000002,9.9529447555542,125.66370614359174,0.3724646361781895,33.711256488688676,19.96056396089491
0.3095000000000002,10.03161907196045,125.66370614359174,0.3710810854319315,34.15436956687343,20.24254311211512
0.3100000000000002,10.110906600952148,125.66370614359174,0.36985152140322597,34.143874842333176,20.527712383642633
0.3105000000000002,10.178352355957031,125.66370614359174,0.37036487677399166,30.8829907488986,18.254835946725066
0.3110000000000002,10.237298965454102,125.66370614359174,0.37252178799335023,26.313263421901073,16.621253236282918
0.3115000000000002,10.30309009552002,125.66370614359174,0.3649816524015718,29.32755158725107,18.13938067359472
0.3120000000000002,10.374083518981934,125.66370614359174,0.3616934886123279,31.757731154229663,19.344292993726278
0.3125000000000002,10.448990821838379,125.66370614359174,0.36064783768145886,32.415187196398904,20.303039591536084
0.3130000000000002,10.513518333435059,125.66370614359174,0.3569008810201675,29.194318834404253,18.24672044258569
0.3135000000000002,10.570633888244629,125.66370614359174,0.3548738108750598,26.762304043099764,16.779645335793806
0.3140000000000002,10.622579574584961,125.66370614359174,0.35261984428369886,23.887671207759528,15.764438732201821
0.3145000000000002,10.684839248657227,125.66370614359174,0.34719584741468007,28.74492650107563,18.061661885725677
0.3150000000000002,10.754775047302246,125.66370614359174,0.34770051155863774,30.455726236474785,19.83167358758016
0.3155000000000002,10.816200256347656,125.66370614359174,0.34111453908464917,27.565811014713272,18.104884791643723
0.3160000000000002,10.871582984924316,125.66370614359174,0.33614088698659117,25.43263178393853,16.8845526011492
0.3165000000000002,10.922805786132812,125.66370614359174,0.33151776726937404,23.886391262509576,16.056060479599857
0.3170000000000002,10.971223831176758,125.66370614359174,0.32680401704663037,22.778491923239432,15.512376889479222
0.3175000000000002,11.017809867858887,125.66370614359174,0.32192723832437153,22.000233021266496,15.175350497786608
0.3180000000000002,11.063264846801758,125.66370614359174,0.3169458052762754,21.472111202133735,14.988239066470232
0.3185000000000002,11.108091354370117,125.66370614359174,0.31194930777892893,21.13594959154061,14.909949405049728
0.31900000000000023,11.152650833129883,125.66370614359174,0.30702143537071613,20.949199215813447,14.910785677049807
0.31950000000000023,11.197203636169434,125.66370614359174,0.30222947986946386,20.880778812332768,14.969326989486158
0.32000000000000023,11.241935729980469,125.66370614359174,0.2976242315462309,20.90802279223701,15.070143943820227
0.32050000000000023,11.286981582641602,125.66370614359174,0.2932432063405051,21.01443679540618,15.20214175197995
0.32100000000000023,11.332440376281738,125.66370614359174,0.289114324911122,21.18804591502601,15.357357398088215
0.32150000000000023,11.378381729125977,125.66370614359174,0.285259021919987,21.420179437610955,15.530080493213537
0.32200000000000023,11.424857139587402,125.66370614359174,0.28169454902133995,21.704577504947128,15.716227505744795
0.32250000000000023,11.471904754638672,125.66370614359174,0.2784355351634685,22.036735240748815,15.912885278814738
0.32300000000000023,11.519553184509277,125.66370614359174,0.2754949576023429,22.413421968395713,16.11798231948954
0.32350000000000023,11.56782341003418,125.66370614359174,0.27288468168157276,22.83232921890021,16.330050790663556
0.32400000000000023,11.616731643676758,125.66370614359174,0.2706157013525411,23.291813423100095,16.548057209776434
0.32450000000000023,11.666291236877441,125.66370614359174,0.26869818298560305,23.790708112640573,16.771280480232
0.32500000000000023,11.716512680053711,125.66370614359174,0.2671413882271259,24.32818698197915,16.999222259655816
0.32550000000000023,11.767404556274414,125.66370614359174,0.2659535298824609,24.90366417465507,17.23154387369148
0.32600000000000023,11.818973541259766,125.66370614359174,0.26514159982760693,25.516721708630396,17.468020002024918
0.32650000000000023,11.871228218078613,125.66370614359174,0.26471119610628796,26.167056735263895,17.708511057083975
0.32700000000000023,11.924172401428223,125.66370614359174,0.2646663688641982,26.85444316472573,17.95292944688016
0.32750000000000024,11.977813720703125,125.66370614359174,0.2650094976696388,27.57870376821985,18.2012351636471
0.32800000000000024,12.032155990600586,125.66370614359174,0.26574120884024693,28.339689897803968,18.453412043945445
0.32850000000000024,12.087204933166504,125.66370614359174,0.26686033722482444,29.13726668728128,18.70946751067472
0.32900000000000024,12.142966270446777,125.66370614359174,0.26836393313600687,29.971302249875684,18.969423343100516
0.32950000000000024,12.199443817138672,125.66370614359174,0.27024731288916576,30.84165974169191,19.2333080591878
0.33000000000000024,12.25664234161377,125.66370614359174,0.2725041486277308,31.15829307475445,19.501157976062196
0.33050000000000024,12.310205459594727,125.66370614359174,0.2759337005950836,29.453085164210997,18.691987063451496
0.33100000000000024,12.360952377319336,125.66370614359174,0.2815138778367712,26.26707155018497,18.073722488547567
0.33150000000000024,12.414430618286133,125.66370614359174,0.27627602208962243,29.119047517940636,18.830945903979583
0.33200000000000024,12.470178604125977,125.66370614359174,0.2766900245580042,31.571512431376274,19.482207061738073
0.33250000000000024,12.527811050415039,125.66370614359174,0.28004835940606415,31.99001995003723,20.045250413592388
0.33300000000000024,12.581401824951172,125.66370614359174,0.27696984575145633,29.939480645819856,19.114954926700747
0.33350000000000024,12.631953239440918,125.66370614359174,0.27655595992169646,28.399637506067787,18.424587678779467
0.33400000000000024,12.680257797241211,125.66370614359174,0.2762020306125222,26.804175199547537,17.925953398634924
0.33450000000000024,12.733272552490234,125.66370614359174,0.2762882033777636,31.44054291247305,19.201299713757006
0.33500000000000024,12.789995193481445,125.66370614359174,0.2833366780616649,32.439447848923216,20.236219917157094
0.33550000000000024,12.842813491821289,125.66370614359174,0.2765636577446963,30.40153811786928,19.317548299626683
0.33600000000000024,12.89274787902832,125.66370614359174,0.2724815288543423,28.94965098412424,18.64997126437837
0.33650000000000024,12.940603256225586,125.66370614359174,0.26941161851883416,27.95574185320874,18.182071410832926
0.33700000000000024,12.986976623535156,125.66370614359174,0.26669350308508233,27.31122063778927,17.862781822357615
0.33750000000000024,13.032306671142578,125.66370614359174,0.26416073164231313,26.93585500466817,17.654082484839353
0.33800000000000024,13.076920509338379,125.66370614359174,0.26183129688218554,26.77035088478417,17.527860204881343
0.33850000000000025,13.121061325073242,125.66370614359174,0.2597755193032133,26.77088563413659,17.46340008437018
0.33900000000000025,13.164908409118652,125.66370614359174,0.2580650168178578,26.905109686679445,17.44548330360991
0.33950000000000025,13.208600997924805,125.66370614359174,0.2567565222197598,27.1491885544319,17.46296816849704
0.34000000000000025,13.252242088317871,125.66370614359174,0.25588957450158056,27.485601448892005,17.507710695241208
0.34050000000000025,13.29591178894043,125.66370614359174,0.25548895001197575,27.901499555229314,17.573775572971687
0.34100000000000025,13.339673042297363,125.66370614359174,0.25556808845874107,28.3874818233096,17.656846080725373
0.34150000000000025,13.383577346801758,125.66370614359174,0.256132152282006,28.936683478289126,17.753790462122033
0.34200000000000025,13.427664756774902,125.66370614359174,0.2571803672670086,29.544098825055467,17.86233724384677
0.34250000000000025,13.47197151184082,125.66370614359174,0.2587076797311398,30.20607939483883,17.980847061079192
0.34300000000000025,13.516525268554688,125.66370614359174,0.26070588397335925,30.9199629715259,18.108131860327415
0.34350000000000025,13.561354637145996,125.66370614359174,0.2631643812573969,31.683800098841623,18.243340170381707
0.34400000000000025,13.606481552124023,125.66370614359174,0.2660707022742351,32.496152890053374,18.385854002804898
0.34450000000000025,13.651927947998047,125.66370614359174,0.26941088683596676,33.3559474005131,18.535230159055374
0.34500000000000025,13.697713851928711,125.66370614359174,0.27316978280655796,34.26236549269726,18.691148556606095
0.34550000000000025,13.743857383728027,125.66370614359174,0.2773313003591066,35.214765780514064,18.853376557403042
0.34600000000000025,13.79037857055664,125.66370614359174,0.2818786409447867,36.21262591778381,19.021748359295977
0.34650000000000025,13.837292671203613,125.66370614359174,0.2867945091456721,37.25550051578694,19.196137129971337
0.34700000000000025,13.88461685180664,125.66370614359174,0.29206130937322805,38.342990480070966,19.376450616884053
0.34750000000000025,13.932366371154785,125.66370614359174,0.29766132634585946,38.74475482015559,19.562616084956183
0.34800000000000025,13.982211112976074,125.66370614359174,0.3036808395935611,39.156231006342715,20.218937281369914
0.34850000000000025,14.033180236816406,125.66370614359174,0.31163383252803945,37.63810945408851,20.609193782420125
0.34900000000000025,14.083592414855957,125.66370614359174,0.3105381651584512,39.73441236094989,20.527332265257726
0.34950000000000025,14.1338529586792,125.66370614359174,0.31442881572883263,41.721874649534804,20.55854239740084
0.35000000000000026,14.184234619140625,125.66370614359174,0.3208427199060754,41.67216540402911,20.6669387391443
0.35050000000000026,14.235063552856445,125.66370614359174,0.3206089107187815,41.224853381403356,20.869314150238292
0.35100000000000026,14.285926818847656,125.66370614359174,0.3227437950311004,40.82173638964913,20.954422765828955
0.35150000000000026,14.336581230163574,125.66370614359174,0.32491373926491723,40.484102724832375,20.96986561569617
0.35200000000000026,14.386898040771484,125.66370614359174,0.3264324242979379,39.992457290027225,20.947098632729794
0.35250000000000026,14.437832832336426,125.66370614359174,0.33013783684789627,44.083608113493774,21.20049659941586
0.35300000000000026,14.489534378051758,125.66370614359174,0.34051885123838155,44.22737537195027,21.499406439823645
0.35350000000000026,14.540477752685547,125.66370614359174,0.33650235546916807,43.28283014384298,21.355673811692856
0.35400000000000026,14.590690612792969,125.66370614359174,0.33479971739180403,42.623442781186505,21.217085071217223
0.35450000000000026,14.640239715576172,125.66370614359174,0.3341080976243222,42.197463959736446,21.095723688136264
0.35500000000000026,14.689204216003418,125.66370614359174,0.33387791686986107,41.96295136508849,20.99515473608282
0.35550000000000026,14.737661361694336,125.66370614359174,0.33393975787876673,41.88654576130999,20.91589833421722
0.35600000000000026,14.785685539245605,125.66370614359174,0.3342688858353048,41.94188449254394,20.856957440440638
0.35650000000000026,14.833344459533691,125.66370614359174,0.3348850847210174,42.10830054177525,20.816686649620326
0.35700000000000026,14.880699157714844,125.66370614359174,0.33581392137270366,42.36973693618952,20.79327704092546
0.35750000000000026,14.927803039550781,125.66370614359174,0.3370742704009097,42.71382924666928,20.78500538215348
0.35800000000000026,14.974702835083008,125.66370614359174,0.33867621863378095,43.13113579526591,20.79034871564108
0.35850000000000026,15.021443367004395,125.66370614359174,0.3406224789292621,43.61450127192556,20.80802676099889
0.35900000000000026,15.068062782287598,125.66370614359174,0.3429105323508255,44.1585389757422,20.83698994377911
0.35950000000000026,15.11459732055664,125.66370614359174,0.34553451040537453,44.75921594538947,20.876401035464667
0.36000000000000026,15.161079406738281,125.66370614359174,0.3484865740822387,45.41352493657402,20.925600200826793
0.36050000000000026,15.207539558410645,125.66370614359174,0.35175782307353237,46.11922804509016,20.984074671295847
0.36100000000000027,15.254008293151855,125.66370614359174,0.3553388474400204,46.87465833195416,21.05143107528649
0.36150000000000027,15.300512313842773,125.66370614359174,0.35922003570691213,47.67856762427497,21.1273639360218
0.36200000000000027,15.347078323364258,125.66370614359174,0.36339173010360337,48.53001058802862,21.211639060422062
0.36250000000000027,15.393733024597168,125.66370614359174,0.3678442933868352,49.42825697209129,21.304075786193486
0.36300000000000027,15.440500259399414,125.66370614359174,0.3725681295269324,50.37272552359544,21.404528890990004
0.36350000000000027,15.487404823303223,125.66370614359174,0.37755368412831425,51.3629344463104,21.512882779868125
0.36400000000000027,15.534469604492188,125.66370614359174,0.3827914392560773,52.39846436525632,21.629038928675303
0.36450000000000027,15.581718444824219,125.66370614359174,0.38827190990490823,53.47893076134042,21.752913242681153
0.36500000000000027,15.629172325134277,125.66370614359174,0.3939856453975792,54.60396344367203,21.884425701877703
0.36550000000000027,15.676855087280273,125.66370614359174,0.399923235889793,55.7731913216377,22.023504505724784
0.36600000000000027,15.724786758422852,125.66370614359174,0.4060753235235163,56.98623109219345,22.17007382922598
0.36650000000000027,15.772987365722656,125.66370614359174,0.4124326168136127,58.24267880393755,22.3240569291193
0.36700000000000027,15.821478843688965,125.66370614359174,0.4189859067988271,58.95033230724893,22.485377170482348
0.36750000000000027,15.872092247009277,125.66370614359174,0.42670808707859914,60.2050063102318,23.23194543604832
0.36800000000000027,15.923864364624023,125.66370614359174,0.4351170372751379,59.18650308937331,23.677552823637544
0.36850000000000027,15.974980354309082,125.66370614359174,0.43593801267558596,61.04630261857036,23.5449996609963
0.36900000000000027,16.025848388671875,125.66370614359174,0.44052375866996857,62.91902407137686,23.541317334652433
0.3695000000000003,16.076740264892578,125.66370614359174,0.4470601994039534,62.79323392080318,23.624973478001465
0.3700000000000003,16.128089904785156,125.66370614359174,0.4490912049491325,62.88044652552491,23.84890490393802
0.3705000000000003,16.179494857788086,125.66370614359174,0.45240742745281115,62.82164519073528,23.944386426589926
0.3710000000000003,16.230730056762695,125.66370614359174,0.4554413495245592,62.693226976137176,23.965287199089303
0.3715000000000003,16.281673431396484,125.66370614359174,0.4577831434656625,62.548213058583855,23.94674567304608
0.3720000000000003,16.332273483276367,125.66370614359174,0.4594702643030501,62.54450447842157,23.910276396677105
0.3725000000000003,16.383779525756836,125.66370614359174,0.4640890096520621,64.40805510061149,24.283432807387147
0.3730000000000003,16.434694290161133,125.66370614359174,0.4645579658445185,63.97052571238562,24.165351212855576
0.3735000000000003,16.48505210876465,125.66370614359174,0.4652419779163815,63.64817032585659,24.056882266730906
0.3740000000000003,16.534915924072266,125.66370614359174,0.46595603987927786,63.43775021422039,23.96763670929214
0.3745000000000003,16.5843563079834,125.66370614359174,0.4666707026477419,63.32879995146835,23.89953753228963
0.3750000000000003,16.633440017700195,125.66370614359174,0.46742293174672145,63.31071158064791,23.85239243817516
0.3755000000000003,16.682228088378906,125.66370614359174,0.4682608361888123,63.37372779017458,23.825015616858312
0.3760000000000003,16.73077964782715,125.66370614359174,0.4692249023487714,63.509367717630035,23.815856698996043
0.3765000000000003,16.779144287109375,125.66370614359174,0.4703440143603914,63.71054496615187,23.823326019357587
0.3770000000000003,16.82737159729004,125.66370614359174,0.4716367298404019,63.971509555727586,23.845973653731427
0.3775000000000003,16.875499725341797,125.66370614359174,0.4731138813954919,64.28770146635851,23.882540213974323
0.3780000000000003,16.923572540283203,125.66370614359174,0.4747810418848211,64.65557057458784,23.93199409011875
0.3785000000000003,16.971622467041016,125.66370614359174,0.47664043177487414,65.07239463659631,23.99349242696497
0.3790000000000003,17.019683837890625,125.66370614359174,0.4786922495026499,65.53611190193295,24.066373174592204
0.3795000000000003,17.06778907775879,125.66370614359174,0.48093553489232865,66.04517552763004,24.150119348107403
0.3800000000000003,17.115966796875,125.66370614359174,0.4833686945961662,66.59843165136259,24.24432703908733
0.3805000000000003,17.16424560546875,125.66370614359174,0.48598980002909165,67.19501983897678,24.34868469864186
0.3810000000000003,17.21265411376953,125.66370614359174,0.48879674007802804,67.83429346627865,24.462950947814285
0.3815000000000003,17.261220932006836,125.66370614359174,0.4917872866130349,68.51575690527652,24.586936328479773
0.3820000000000003,17.309968948364258,125.66370614359174,0.49495911066040876,69.23901658696039,24.720480450088296
0.3825000000000003,17.358922958374023,125.66370614359174,0.49830977362307594,70.00374320587322,24.863451190158496
0.3830000000000003,17.408111572265625,125.66370614359174,0.5018367081478974,70.80964273596689,25.015738391600095
0.3835000000000003,17.457555770874023,125.66370614359174,0.505537197028323,71.6564343217737,25.177230435791692
0.3840000000000003,17.507278442382812,125.66370614359174,0.5094083545700699,72.54383347777967,25.34782246161632
0.3845000000000003,17.557302474975586,125.66370614359174,0.513447112431344,73.47153935120654,25.527409513389184
0.3850000000000003,17.60765266418457,125.66370614359174,0.5176502105392153,74.43922507390262,25.715886178917007
0.3855000000000003,17.658348083496094,125.66370614359174,0.5220141929105467,75.44653046130504,25.913133060440696
0.3860000000000003,17.709409713745117,125.66370614359174,0.526535407864256,76.49305641868197,26.11902599061603
0.3865000000000003,17.7608585357666,125.66370614359174,0.5312100117071943,77.5783607656467,26.333431847668674
0.3870000000000003,17.812715530395508,125.66370614359174,0.5360339756451618,78.70195494070744,26.55620746059981
0.3875000000000003,17.8649959564209,125.66370614359174,0.5410030946180188,79.86330153101028,26.787190154936326
0.3880000000000003,17.9177188873291,125.66370614359174,0.5461129979963609,81.06181228167263,27.02621118839388
0.3885000000000003,17.970903396606445,125.66370614359174,0.5513591611861943,82.2968466287382,27.273089541256542
0.3890000000000003,18.024564743041992,125.66370614359174,0.5567369182344739,83.56771043771201,27.527625609706458
0.3895000000000003,18.078720092773438,125.66370614359174,0.562241474474851,83.75631527977762,27.78960938416527
0.3900000000000003,18.130268096923828,125.66370614359174,0.5672765444327357,83.28441364161414,26.925578495090225
0.3905000000000003,18.17974090576172,125.66370614359174,0.5726463282154052,81.64360383107241,26.244725947708996
0.3910000000000003,18.2313232421875,125.66370614359174,0.5739935871601263,84.26942198268384,27.089685572782184
0.3915000000000003,18.28468132019043,125.66370614359174,0.5781813666145615,84.84313473328473,27.819697554061577
0.3920000000000003,18.33519172668457,125.66370614359174,0.5797317670405271,83.60652462369215,26.85382125310892
0.3925000000000003,18.383535385131836,125.66370614359174,0.5814891382646511,82.50839272674092,26.128473850153608
0.3930000000000003,18.430267333984375,125.66370614359174,0.5826820618105304,81.55621403796667,25.60215689516152
0.3935000000000003,18.475818634033203,125.66370614359174,0.5831940985237568,80.74080517772732,25.229959465484786
0.3940000000000003,18.520519256591797,125.66370614359174,0.5831390834826979,80.04940920685586,24.97690927092298
0.3945000000000003,18.56462287902832,125.66370614359174,0.5826814705821827,79.4684009354187,24.81614299393332
0.3950000000000003,18.60832977294922,125.66370614359174,0.5819713129901486,78.98482348475429,24.7272164326756
0.3955000000000003,18.651790618896484,125.66370614359174,0.5811266310353419,78.58717856967867,24.694675297522224
0.3960000000000003,18.695127487182617,125.66370614359174,0.5802337746481273,78.26572675125368,24.70692070048742
0.3965000000000003,18.738439559936523,125.66370614359174,0.5793533734840474,78.01249468592229,24.75529316161985
0.3970000000000003,18.781803131103516,125.66370614359174,0.5785269733544243,77.82112539182134,24.83335006766599
0.3975000000000003,18.825286865234375,125.66370614359174,0.5777826822524235,77.6866591024669,24.93632718779174
0.3980000000000003,18.868942260742188,125.66370614359174,0.5771394682590271,77.6052968463027,25.06069828176776
0.3985000000000003,18.91282081604004,125.66370614359174,0.5766102351261092,77.57417554010196,25.203872854339664
0.3990000000000003,18.95696258544922,125.66370614359174,0.5762039352977212,77.59116825889063,25.363935759583207
0.3995000000000003,19.001407623291016,125.66370614359174,0.575926977114325,77.65471445247742,25.5394784088245
0.4000000000000003,19.04619026184082,125.66370614359174,0.5757841368324045,77.76368005188287,25.72945375356742
0.4005000000000003,19.091344833374023,125.66370614359174,0.575779134357982,77.91724460075326,25.933081812945627
0.4010000000000003,19.13690185546875,125.66370614359174,0.5759149857013038,78.11481184471799,26.149768873104957
0.4015000000000003,19.18288803100586,125.66370614359174,0.5761942110127669,78.35593970971446,26.379051542233523
0.4020000000000003,19.229333877563477,125.66370614359174,0.5766189508212688,78.64028609941865,26.62056606719267
0.4025000000000003,19.27626609802246,125.66370614359174,0.5771910257295867,78.96756726456489,26.87400772183582
0.4030000000000003,19.323711395263672,125.66370614359174,0.5779119623110576,79.33752602710528,27.139113898139072
0.4035000000000003,19.371692657470703,125.66370614359174,0.5787829997207964,79.74990773274199,27.415642559320318
0.4040000000000003,19.42023468017578,125.66370614359174,0.5798050864006864,80.20444197631525,27.703368407404685
0.4045000000000003,19.4693603515625,125.66370614359174,0.5809788719814055,80.70082889923057,28.002068896543502
0.4050000000000003,19.519094467163086,125.66370614359174,0.5823046981649583,81.23872893481557,28.31152338712152
0.4055000000000003,19.569454193115234,125.66370614359174,0.5837825904961883,81.81775501827998,28.631494744919234
0.4060000000000003,19.620464324951172,125.66370614359174,0.5854122515980505,82.43746681570136,28.961748034396347
0.4065000000000003,19.672142028808594,125.66370614359174,0.5871930567975622,83.09736645019491,29.302025841891574
0.4070000000000003,19.724504470825195,125.66370614359174,0.5891240523023434,83.79689522894688,29.652057440063658
0.4075000000000003,19.777572631835938,125.66370614359174,0.5912039555075591,84.53543122215662,30.011563230076845
0.4080000000000003,19.831361770629883,125.66370614359174,0.5934311575549075,85.31228756933847,30.380239404017832
0.4085000000000003,19.88588523864746,125.66370614359174,0.5958037282586495,86.12671110336942,30.757762682016754
0.4090000000000003,19.941160202026367,125.66370614359174,0.5983194225099461,86.97788151038732,31.14379851040837
0.4095000000000003,19.9971981048584,125.66370614359174,0.6009756887313258,87.86491064176447,31.537985853725534
0.4100000000000003,20.054012298583984,125.66370614359174,0.6037696784902019,88.78684208333767,31.939948531986353
0.4105000000000003,20.11161231994629,125.66370614359174,0.6066982573641493,89.7426510143405,32.34928585600501
0.4110000000000003,20.170007705688477,125.66370614359174,0.6097580171566167,89.98389276297628,32.7655782703962
0.4115000000000003,20.220914840698242,125.66370614359174,0.6134518294366841,86.9917067639733,29.82122777072912
0.4120000000000003,20.266393661499023,125.66370614359174,0.6167507218686074,83.18072277313107,27.689314498855083
0.4125000000000003,20.31690216064453,125.66370614359174,0.6151998730616517,86.53402966981507,29.803732331659653
0.4130000000000003,20.371355056762695,125.66370614359174,0.6166002661962232,87.64444088560843,31.49100050187503
0.4135000000000003,20.41944122314453,125.66370614359174,0.6160187526640547,84.3691499531028,28.96686926295628
0.4140000000000003,20.462976455688477,125.66370614359174,0.6152980396049933,81.69315810110933,27.16800381066692
0.4145000000000003,20.50336265563965,125.66370614359174,0.6138441601011787,79.5139394719975,25.93050972020109
0.4150000000000003,20.5416202545166,125.66370614359174,0.6116285562911898,77.72636687697144,25.10528343610329
0.4155000000000003,20.5784969329834,125.66370614359174,0.6088083095066901,76.24929604287175,24.58335956289523
0.4160000000000003,20.614543914794922,125.66370614359174,0.6055708896440403,75.0204461367463,24.2854595647257
0.4165000000000003,20.650169372558594,125.66370614359174,0.6020798912324079,73.99222978311148,24.154013662632337
0.4170000000000003,20.68567657470703,125.66370614359174,0.5984621862180872,73.12848176503233,24.147276391966223
0.4175000000000003,20.72129249572754,125.66370614359174,0.5948104840223819,72.4018703583847,24.235008438412063
0.4180000000000003,20.757192611694336,125.66370614359174,0.591190346704331,71.79185022204098,24.39532287126217
0.4185000000000003,20.793508529663086,125.66370614359174,0.5876473804641165,71.28305199089154,24.612372830857968
0.4190000000000003,20.830347061157227,125.66370614359174,0.5842131946666056,70.86402475756664,24.8746849111056
0.4195000000000003,20.867794036865234,125.66370614359174,0.5809098882053646,70.52626172961257,25.173937235221935
0.4200000000000003,20.90591812133789,125.66370614359174,0.5777532431017324,70.26345084885308,25.504074811885868
0.4205000000000003,20.94477653503418,125.66370614359174,0.5747549110107311,70.07090248675973,25.860672732958633
0.4210000000000003,20.98442268371582,125.66370614359174,0.5719238642767426,69.94511519861965,26.24048034985827
0.4215000000000003,21.024898529052734,125.66370614359174,0.5692673315927708,69.88344792865612,26.64107602125639
0.4220000000000003,21.06624412536621,125.66370614359174,0.5667913823799566,69.88387406491523,27.060636661258172
0.4225000000000003,21.108491897583008,125.66370614359174,0.5645012784417187,69.94479758237138,27.49775601415043
0.4230000000000003,21.15167808532715,125.66370614359174,0.5624016740666961,70.06491627922759,27.95133381661972
0.4235000000000003,21.195831298828125,125.66370614359174,0.5604967202810015,70.24312033939808,28.420470789052096
0.4240000000000003,21.240976333618164,125.66370614359174,0.5587901098068366,70.4784175474586,28.904408449948306
0.4245000000000003,21.28714370727539,125.66370614359174,0.5572850874480969,70.76987811836925,29.402495534454317
0.4250000000000003,21.334352493286133,125.66370614359174,0.5559844406958667,71.11659439323026,29.914131268565395
0.4255000000000003,21.382627487182617,125.66370614359174,0.5548904812557882,71.51765128051818,30.438764811775815
0.4260000000000003,21.431989669799805,125.66370614359174,0.5540050228925668,71.97210485677687,30.97586503082197
0.4265000000000003,21.48245620727539,125.66370614359174,0.5533293599543677,72.47896680509989,31.52490790004893
0.4270000000000003,21.53404426574707,125.66370614359174,0.5528642482877458,73.03719336151674,32.085373026102566
0.4275000000000003,21.58677101135254,125.66370614359174,0.5526098904082614,73.64567735221632,32.65673740191685
0.4280000000000003,21.64065170288086,125.66370614359174,0.5525659248980547,74.30324263369137,33.23846798794165
0.4285000000000003,21.695697784423828,125.66370614359174,0.5527314206240815,75.00864030924424,33.83001529358896
0.4290000000000003,21.75191879272461,125.66370614359174,0.5531048758538695,75.76054622414296,34.43081362205098
0.4295000000000003,21.809326171875,125.66370614359174,0.5536842220288892,76.55755936260594,35.04028527628598
0.4300000000000003,21.8679256439209,125.66370614359174,0.5544668317926801,77.39820103382614,35.657827095724286
0.4305000000000003,21.927724838256836,125.66370614359174,0.5554495313275846,78.28091451506448,36.2828214758217
0.4310000000000003,21.988727569580078,125.66370614359174,0.5566286162429996,78.06189582020201,36.9146262893988
0.4315000000000003,22.039196014404297,125.66370614359174,0.5571908709961756,72.88031179667858,32.357303132281935
0.43200000000000033,22.082189559936523,125.66370614359174,0.5576176276344439,67.96488835416591,29.120072952194253
0.43250000000000033,22.132308959960938,125.66370614359174,0.5545234661473568,72.34110260330141,32.34224459504991
0.43300000000000033,22.187986373901367,125.66370614359174,0.5546173405527716,73.67049279312317,34.89141852751432
0.43350000000000033,22.235191345214844,125.66370614359174,0.5506685380160815,68.81157293733105,31.199486400397547
0.43400000000000033,22.276479721069336,125.66370614359174,0.5469027558914852,65.0344286555833,28.622007010417537
0.43450000000000033,22.31379508972168,125.66370614359174,0.5426142379516372,62.118617289240646,26.8989691358669
0.43500000000000033,22.348554611206055,125.66370614359174,0.5377127671785892,59.861869614945675,25.79857789368397
0.43550000000000033,22.38178253173828,125.66370614359174,0.532329547506338,58.11368040255113,25.152628045135778
0.43600000000000033,22.414228439331055,125.66370614359174,0.5266435347619024,56.762256232471174,24.839524644430337
0.43650000000000033,22.446441650390625,125.66370614359174,0.5208177333707432,55.72460367133006,24.77147844295753
0.43700000000000033,22.47882652282715,125.66370614359174,0.5149817546828507,54.939173293399584,24.885156659289105
0.43750000000000033,22.511682510375977,125.66370614359174,0.5092322533648942,54.36036671233993,25.134883396261507
0.43800000000000033,22.545236587524414,125.66370614359174,0.5036390329146149,53.95442457007608,25.487712862496718
0.43850000000000033,22.579660415649414,125.66370614359174,0.4982518921949564,53.6963483316876,25.919858129695903
0.43900000000000033,22.615083694458008,125.66370614359174,0.49310647895753007,53.56759943073407,26.414113112486497
0.43950000000000033,22.651611328125,125.66370614359174,0.4882287533838875,53.55438334219097,26.958002429981423
0.44000000000000034,22.6893253326416,125.66370614359174,0.483638171573712,53.64637334151218,27.542437117890742
0.44050000000000034,22.728294372558594,125.66370614359174,0.47934984864715036,53.83576388632145,28.160757131000775
0.44100000000000034,22.768571853637695,125.66370614359174,0.47537596653964803,54.116570458189386,28.808032638298794
0.44150000000000034,22.81020736694336,125.66370614359174,0.47172664884813,54.48411319390086,29.48057806145562
0.44200000000000034,22.85323715209961,125.66370614359174,0.46841047329186136,54.93463704252287,30.175581137995838
0.44250000000000034,22.8976993560791,125.66370614359174,0.4654347454751153,55.465033108714714,30.890865076911947
0.44300000000000034,22.943622589111328,125.66370614359174,0.46280562123923125,56.07263470372017,31.624689215557513
0.44350000000000034,22.99103355407715,125.66370614359174,0.460528137348777,56.75506854812594,32.37562669319315
0.44400000000000034,23.03995704650879,125.66370614359174,0.45860619139458414,57.510146411876015,33.14246988953861
0.44450000000000034,23.09041404724121,125.66370614359174,0.4570424974669248,58.33578652277815,33.92415983207591
0.44500000000000034,23.142419815063477,125.66370614359174,0.45583853566959903,59.22995667537013,34.719734424351095
0.44550000000000034,23.195993423461914,125.66370614359174,0.4549945064443047,60.1906332476957,35.52830752062452
0.44600000000000034,23.251148223876953,125.66370614359174,0.4545092969024559,61.215771813453024,36.34902976666412
0.44650000000000034,23.307891845703125,125.66370614359174,0.4543804631560467,62.30328620355333,37.181069831126756
0.44700000000000034,23.36623764038086,125.66370614359174,0.4546042306118229,63.45103371983224,38.02361922175137
0.44750000000000034,23.426189422607422,125.66370614359174,0.45517551272318146,64.65680481356014,38.875858535293965
0.44800000000000034,23.487754821777344,125.66370614359174,0.45608794757971,64.62770400372744,39.73697168536581
0.44850000000000034,23.538816452026367,125.66370614359174,0.4554301533830271,58.91743277248833,34.88090596328756
0.44900000000000034,23.582468032836914,125.66370614359174,0.45498304820924385,54.500330886234615,31.451799666585984
0.44950000000000034,23.621051788330078,125.66370614359174,0.45309772019900146,50.25022021506732,29.110771583832676
0.45000000000000034,23.669240951538086,125.66370614359174,0.44811602124595024,56.81499687451631,33.717753174557
0.45050000000000034,23.72488784790039,125.66370614359174,0.44859653161419144,59.467276744639385,37.33696512981643
0.45100000000000035,23.772876739501953,125.66370614359174,0.44223898674584294,54.66475826161806,33.773342561322465
0.45150000000000035,23.81560707092285,125.66370614359174,0.43644318627694956,51.096809365166116,31.33101998711591
0.45200000000000035,23.854921340942383,125.66370614359174,0.4305052240539243,48.51002199559918,29.754062963446565
0.45250000000000035,23.89215850830078,125.66370614359174,0.42430115615762365,46.67231979756291,28.808671742420792
0.45300000000000035,23.92829132080078,125.66370614359174,0.41793514318488956,45.41206226401422,28.325144910733613
0.45350000000000035,23.964033126831055,125.66370614359174,0.4115672722686337,44.60251569326931,28.18077304534068
0.45400000000000035,23.999906539916992,125.66370614359174,0.40534856995220653,44.150099019151796,28.2869194848139
0.45450000000000035,24.036296844482422,125.66370614359174,0.399401829755957,43.98570925249541,28.579594284863933
0.45500000000000035,24.0734920501709,125.66370614359174,0.39382048404559084,44.05829589424216,29.01260213939339
0.45550000000000035,24.111709594726562,125.66370614359174,0.38867343022594675,44.33009476654403,29.552571711332632
0.45600000000000035,24.151113510131836,125.66370614359174,0.38401085245697725,44.773093773155104,30.175357117468835
0.45650000000000035,24.19183349609375,125.66370614359174,0.3798692445803961,45.366415496194115,30.863447613017257
0.45700000000000035,24.233966827392578,125.66370614359174,0.3762751861046137,46.094382471769144,31.604085139718865
0.45750000000000035,24.27759552001953,125.66370614359174,0.3732479493017268,46.94509007618421,32.387928653557225
0.45800000000000035,24.322782516479492,125.66370614359174,0.37080118007348134,47.909356291370194,33.20807272785629
0.45850000000000035,24.369583129882812,125.66370614359174,0.3689439132721448,48.97995055649224,34.05936074621691
0.45900000000000035,24.41804313659668,125.66370614359174,0.3676811459639265,50.151028812210875,34.93787844408162
0.45950000000000035,24.46819496154785,125.66370614359174,0.3670141426928351,51.41772063811244,35.840586187024
0.46000000000000035,24.520076751708984,125.66370614359174,0.3669406004158584,52.77582811646927,36.765086739276114
0.46050000000000035,24.573711395263672,125.66370614359174,0.367454760180829,54.22160672297795,37.70940868442085
0.46100000000000035,24.62912368774414,125.66370614359174,0.36854752241309274,55.751606310895525,38.67189782896614
0.46150000000000035,24.686336517333984,125.66370614359174,0.3702065985661595,57.362555950332435,39.65111614922748
0.46200000000000035,24.745361328125,125.66370614359174,0.37241671366706575,58.16649477971995,40.645757434183075
0.46250000000000036,24.79655647277832,125.66370614359174,0.37425236827480657,53.55728255842058,36.84767371750655
0.46300000000000036,24.842153549194336,125.66370614359174,0.3760415644002103,48.997716733159784,34.1357631575711
0.46350000000000036,24.894227981567383,125.66370614359174,0.37278827679671483,54.27769402373542,37.43388771980455
0.46400000000000036,24.95159912109375,125.66370614359174,0.37454392331131897,56.69367870679121,40.16522094044376
0.46450000000000036,25.002336502075195,125.66370614359174,0.3703500507523149,52.36336551721728,36.93036354134499
0.46500000000000036,25.04844856262207,125.66370614359174,0.3667128856532608,49.16469247824918,34.68328150208934
0.46550000000000036,25.091493606567383,125.66370614359174,0.3626210821627571,46.88214648286178,33.20606368135628
0.46600000000000036,25.13262367248535,125.66370614359174,0.35794807887719077,45.31276632031948,32.29831491747816
0.46650000000000036,25.172683715820312,125.66370614359174,0.35288993898399323,44.304015961346856,31.8130132812966
0.46700000000000036,25.21230697631836,125.66370614359174,0.34771356021636074,43.74155434342262,31.64277240025775
0.46750000000000036,25.2519588470459,125.66370614359174,0.3426645077007049,43.539759400379076,31.709269003490384
0.46800000000000036,25.291996002197266,125.66370614359174,0.33794110647685127,43.634583876455636,31.955448046312817
0.46850000000000036,25.332687377929688,125.66370614359174,0.3336938911844256,43.97814574210813,32.33975132426519
0.46900000000000036,25.374242782592773,125.66370614359174,0.33003311965110055,44.53462977945763,32.83189823775614
0.46950000000000036,25.41682243347168,125.66370614359174,0.32703745033463505,45.277188337157206,33.40978419903024
0.47000000000000036,25.460559844970703,125.66370614359174,0.32476137369602276,46.18560476656999,34.05723790368696
0.47050000000000036,25.505558013916016,125.66370614359174,0.3232408547510116,47.2445383292114,34.762361806777456
0.47100000000000036,25.55190658569336,125.66370614359174,0.3224973583406852,48.442210827747445,35.5163524472354
0.47150000000000036,25.59967613220215,125.66370614359174,0.3225406401658394,49.769427565646915,36.31262034727019
0.47200000000000036,25.6489315032959,125.66370614359174,0.32337069412326813,51.218850150587095,37.14617647591993
0.47250000000000036,25.699729919433594,125.66370614359174,0.3249791762018662,52.7844582933789,38.01317282280961
0.47300000000000036,25.75211524963379,125.66370614359174,0.3273505384263614,54.46115273397778,38.91056341521851
0.47350000000000037,25.80613136291504,125.66370614359174,0.33046302344019673,56.24446331057785,39.835885218335086
0.47400000000000037,25.861818313598633,125.66370614359174,0.33428960494115223,58.13033492079538,40.78708082455965
0.47450000000000037,25.91921043395996,125.66370614359174,0.338798908623576,60.114971135154036,41.76237126853303
0.47500000000000037,25.97833251953125,125.66370614359174,0.34395611732708353,60.83224612931637,42.760159791355754
0.47550000000000037,26.032915115356445,125.66370614359174,0.34628638875903295,57.79625973306921,40.48731644806328
0.47600000000000037,26.084108352661133,125.66370614359174,0.34927632163760547,55.361098034295495,38.79953838518454
0.47650000000000037,26.132850646972656,125.66370614359174,0.3506900000743218,52.77177250060725,37.5935789511165
0.47700000000000037,26.18737030029297,125.66370614359174,0.3497832029401795,58.96996424088675,40.69957228820826
0.47750000000000037,26.246713638305664,125.66370614359174,0.3558410824230864,61.42996438707801,43.32544493414455
0.47800000000000037,26.301876068115234,125.66370614359174,0.3515630209744069,58.31777706434237,41.21920296806247
0.47850000000000037,26.354076385498047,125.66370614359174,0.34840172532184177,56.07287856121805,39.74158027742054
0.47900000000000037,26.404293060302734,125.66370614359174,0.3454312969347028,54.54816303631072,38.77152300415755
0.47950000000000037,26.453266143798828,125.66370614359174,0.3424629480193699,53.59874805223718,38.186849992445026
0.48000000000000037,26.501556396484375,125.66370614359174,0.3396049758878439,53.11346311889198,37.896038131462255
0.48050000000000037,26.549592971801758,125.66370614359174,0.3370383941070303,53.00744531879149,37.830971221552055
0.48100000000000037,26.597702026367188,125.66370614359174,0.33493237321390984,53.21611066113895,37.94109388352725
0.48150000000000037,26.646146774291992,125.66370614359174,0.3334189277794806,53.69043576706167,38.18897234203336
0.4820000000000004,26.695125579833984,125.66370614359174,0.3325908098992689,54.39326469397191,38.54688749124136
0.4825000000000004,26.74480438232422,125.66370614359174,0.3325071587941108,55.296429624976305,38.99432151243759
0.4830000000000004,26.79531478881836,125.66370614359174,0.3332006486723613,56.37851971647614,39.51604124547164
0.4835000000000004,26.846771240234375,125.66370614359174,0.3346838896383608,57.62316387382926,40.10069899072434
0.4840000000000004,26.899267196655273,125.66370614359174,0.3369545131968506,59.0177179049618,40.73977164107654
0.4845000000000004,26.952882766723633,125.66370614359174,0.3399990121929759,60.55226720564649,41.4267925828866
0.4850000000000004,27.007692337036133,125.66370614359174,0.3437955949089201,62.218873617252534,42.156789861533106
0.4855000000000004,27.06375503540039,125.66370614359174,0.34831632162412773,64.01100978642515,42.92585052469199
0.4860000000000004,27.121131896972656,125.66370614359174,0.3535287395290404,65.92313641975822,43.73083910442424
0.4865000000000004,27.179874420166016,125.66370614359174,0.35939716905512353,67.9503878477936,44.56915469682112
0.4870000000000004,27.240026473999023,125.66370614359174,0.36588374259008155,70.08833911708948,45.43856932088515
0.4875000000000004,27.301633834838867,125.66370614359174,0.3729492573623988,70.97580338226396,46.33712397146345
0.4880000000000004,27.36127471923828,125.66370614359174,0.3775877236984567,69.53215920900458,45.36483155195058
0.4885000000000004,27.419227600097656,125.66370614359174,0.3825591213780552,68.18052029653012,44.536790082356845
0.4890000000000004,27.475801467895508,125.66370614359174,0.3858452663094093,66.36374317080448,43.87251725922181
0.4895000000000004,27.536060333251953,125.66370614359174,0.3869148719805478,71.76362996456557,46.00101054870184
0.4900000000000004,27.59960174560547,125.66370614359174,0.39435147361043166,73.6154537675754,47.92067966727557
0.4905000000000004,27.66045379638672,125.66370614359174,0.3922275870768347,71.37164913968994,46.5406459959256
0.4910000000000004,27.719287872314453,125.66370614359174,0.3909916633693122,69.69683979236723,45.52221814293134
0.4915000000000004,27.77667808532715,125.66370614359174,0.3898186351141082,68.52443728288048,44.81676034320852
0.4920000000000004,27.833084106445312,125.66370614359174,0.3885570089398345,67.77568733020773,44.362207015436574
0.4925000000000004,27.888874053955078,125.66370614359174,0.38731802941588855,67.38564824801931,44.10904733447399
0.4930000000000004,27.9443416595459,125.66370614359174,0.3862719154049331,67.30175485972809,44.0184612639244
0.4935000000000004,27.999723434448242,125.66370614359174,0.38557323368960844,67.48202081066337,44.060327725013806
0.4940000000000004,28.055217742919922,125.66370614359174,0.3853401712696058,67.89326608489245,44.21145947226446
0.4945000000000004,28.11098289489746,125.66370614359174,0.3856544146503402,68.50947318316005,44.45407962028847
0.4950000000000004,28.167156219482422,125.66370614359174,0.3865675238831911,69.31033293297949,44.774604207690835
0.4955000000000004,28.223854064941406,125.66370614359174,0.38810819353436155,70.28000375536642,45.162641844296644
0.4960000000000004,28.281177520751953,125.66370614359174,0.39028846715248505,71.40608247361868,45.61021412143684
0.4965000000000004,28.339216232299805,125.66370614359174,0.3931084871678868,72.678769135133,46.111148318225275
0.4970000000000004,28.39805030822754,125.66370614359174,0.3965599218174396,74.0902011829618,46.66060846190175
0.4975000000000004,28.457752227783203,125.66370614359174,0.400628366677766,75.6339302129914,47.25473842242474
0.4980000000000004,28.518388748168945,125.66370614359174,0.4052950127656019,77.30451569727309,47.890392520236524
0.4985000000000004,28.580020904541016,125.66370614359174,0.41053781634438513,79.09721265732007,48.564930520104866
0.4990000000000004,28.642704010009766,125.66370614359174,0.4163323409207326,81.00773368679312,49.276064137385674
0.4995000000000004,28.706491470336914,125.66370614359174,0.42265238758095736,83.03206899026213,50.02174926515578
0.5000000000000003,28.77143096923828,125.66370614359174,0.42947048790322423,85.16635135854023,50.800094654813826
0.5005000000000003,28.837568283081055,125.66370614359174,0.43675830547576894,86.46800459548037,51.60930579628194
0.5010000000000002,28.902345657348633,125.66370614359174,0.443805693912064,85.66573391860072,50.942217917622735
0.5015000000000002,28.965795516967773,125.66370614359174,0.4501872301270805,83.888532571475,50.28688598425863
0.5020000000000001,29.03156280517578,125.66370614359174,0.45231080924560935,87.94721641944356,51.749542486945245
0.5025000000000001,29.099533081054688,125.66370614359174,0.45870499138721926,89.33977509675928,53.15411227944708
0.503,29.165163040161133,125.66370614359174,0.4593350639001542,87.39200191867394,51.91139941846336
0.5035,29.228914260864258,125.66370614359174,0.4601339935186577,85.77686342805087,50.9297568480019
0.5039999999999999,29.29121971130371,125.66370614359174,0.4603357527105591,84.49983439080229,50.192313455666714
0.5044999999999998,29.35243797302246,125.66370614359174,0.45990174466009276,83.53556779633098,49.6618873782771
0.5049999999999998,29.412872314453125,125.66370614359174,0.45903898309380725,82.85536494722611,49.305403499574
0.5054999999999997,29.472776412963867,125.66370614359174,0.45799282506536276,82.43118636662372,49.094854304074715
0.5059999999999997,29.532360076904297,125.66370614359174,0.4569756798145784,82.23763596479465,49.00721230372484
0.5064999999999996,29.591800689697266,125.66370614359174,0.4561505871495703,82.25277453913799,49.02393049738497
0.5069999999999996,29.65125274658203,125.66370614359174,0.45563481676912865,82.45823216398938,49.13028254962097
0.5074999999999995,29.710844039916992,125.66370614359174,0.4555090901167147,82.83893984246333,49.31466614338446
0.5079999999999995,29.77069091796875,125.66370614359174,0.45582690118756675,83.38268565733763,49.567993667724394
0.5084999999999994,29.830894470214844,125.66370614359174,0.45662216691369795,84.07961846666471,49.88313633558664
0.5089999999999993,29.89154624938965,125.66370614359174,0.45791494105758285,84.92176758215895,50.254475652883066
0.5094999999999993,29.952728271484375,125.66370614359174,0.4597154573724947,85.90261212600171,50.67753178864269
0.5099999999999992,30.01451873779297,125.66370614359174,0.4620268942926865,87.01671298302323,51.148677650133855
0.5104999999999992,30.076984405517578,125.66370614359174,0.46484722656358857,88.25940831169582,51.664894471395414
0.5109999999999991,30.140195846557617,125.66370614359174,0.4681704549661776,89.62656768072938,52.22361875437697
0.5114999999999991,30.20421028137207,125.66370614359174,0.4719874292409675,91.1143972965488,52.822575767170505
0.511999999999999,30.269084930419922,125.66370614359174,0.4762864145894274,92.71928790322534,53.45969831404238
0.512499999999999,30.334875106811523,125.66370614359174,0.48105350153744797,94.43769765108128,54.13304518329501
0.5129999999999989,30.401628494262695,125.66370614359174,0.48627292407777184,96.26606289312993,54.840732272292165
0.5134999999999988,30.469392776489258,125.66370614359174,0.4919273250852609,98.20073105670023,55.580902386620984
0.5139999999999988,30.5382080078125,125.66370614359174,0.4979979917565898,100.2379107836139,56.351679143861496
0.5144999999999987,30.608116149902344,125.66370614359174,0.5044650730125827,101.43332507131879,57.1511605072586
0.5149999999999987,30.675086975097656,125.66370614359174,0.5109019545170886,99.59675919721113,55.4771674393865
0.5154999999999986,30.739606857299805,125.66370614359174,0.5162464469861359,97.09148922947018,54.09037864037006
0.5159999999999986,30.807119369506836,125.66370614359174,0.5177344907761467,101.42043996339689,56.05375864881681
0.5164999999999985,30.87727165222168,125.66370614359174,0.5231013378714514,102.73661990042476,57.8154196825025
0.5169999999999985,30.943906784057617,125.66370614359174,0.5229365122088886,99.83579085797123,55.76601916724805
0.5174999999999984,31.00783348083496,125.66370614359174,0.5227097461699393,97.44063629359609,54.202712035835596
0.5179999999999984,31.069730758666992,125.66370614359174,0.5218215849701885,95.51708901488473,53.05373871132415
0.5184999999999983,31.130144119262695,125.66370614359174,0.5202833244855088,94.00453640378726,52.2344662135969
0.5189999999999982,31.18950080871582,125.66370614359174,0.5183061572554073,92.84869983482477,51.67783184324245
0.5194999999999982,31.248146057128906,125.66370614359174,0.5161257990315603,92.00304115297492,51.33155885486039
0.5199999999999981,31.306352615356445,125.66370614359174,0.513943322927206,91.42878824957843,51.155281431510275
0.5204999999999981,31.364343643188477,125.66370614359174,0.5119127720077893,91.09431950430832,51.118059306080056
0.520999999999998,31.42230796813965,125.66370614359174,0.5101456336354822,90.97423638828859,51.196291702176204
0.521499999999998,31.480396270751953,125.66370614359174,0.5087198093421047,91.04834014975035,51.37199478693524
0.5219999999999979,31.538742065429688,125.66370614359174,0.5076883706542769,91.30064096757823,51.63146884278838
0.5224999999999979,31.597457885742188,125.66370614359174,0.5070866368227827,91.71846619170192,51.96422031024406
0.5229999999999978,31.656646728515625,125.66370614359174,0.5069374040172384,92.29169476290942,52.362150716162816
0.5234999999999977,31.716394424438477,125.66370614359174,0.5072546048354234,93.01212123129733,52.8189081259575
0.5239999999999977,31.776784896850586,125.66370614359174,0.5080457751284213,93.87294027812715,53.32942901709767
0.5244999999999976,31.837888717651367,125.66370614359174,0.5093136726320636,94.86833681082716,53.889554693145804
0.5249999999999976,31.899776458740234,125.66370614359174,0.5110573206758199,95.99316494751842,54.49578033656016
0.5254999999999975,31.962507247924805,125.66370614359174,0.5132726781410184,97.24270002257393,55.14503205862584
0.5259999999999975,32.02614212036133,125.66370614359174,0.5159530775339997,98.61244908096498,55.834538728950754
0.5264999999999974,32.090728759765625,125.66370614359174,0.5190895258685028,100.09800770575879,56.56169439790705
0.5269999999999974,32.156314849853516,125.66370614359174,0.5226709304255924,101.69495315132619,57.3239996315707
0.5274999999999973,32.22294998168945,125.66370614359174,0.5266842879598366,103.39876541947898,58.119005868345475
0.5279999999999972,32.29066848754883,125.66370614359174,0.5311148589594334,105.20476997700283,58.94424162156532
0.5284999999999972,32.35950469970703,125.66370614359174,0.5359463391133394,107.10809692384659,59.797208490329666
0.5289999999999971,32.42949295043945,125.66370614359174,0.5411610323988775,107.38162652382618,60.67535954806655
0.5294999999999971,32.49386978149414,125.66370614359174,0.5440062961748294,103.26086047972635,57.15154828727314
0.529999999999997,32.5539665222168,125.66370614359174,0.5461606564116562,99.72497034608246,54.47259234935541
0.530499999999997,32.61086654663086,125.66370614359174,0.5465397491553401,96.74843450973286,52.48477329272192
0.5309999999999969,32.6654052734375,125.66370614359174,0.5451973407882694,94.2667179778726,51.035299793634834
0.5314999999999969,32.71824645996094,125.66370614359174,0.542531348586582,92.2186065975977,50.00588382149203
0.5319999999999968,32.769893646240234,125.66370614359174,0.538978811775237,90.54951352613108,49.30593777040819
0.5324999999999968,32.82075500488281,125.66370614359174,0.534914830550394,89.21266206495238,48.866614771184175
0.5329999999999967,32.87114334106445,125.66370614359174,0.5306317598799564,88.16911075919225,48.63583345618016
0.5334999999999966,32.92132568359375,125.66370614359174,0.526346957094001,87.38711314414634,48.574366217252134
0.5339999999999966,32.97151184082031,125.66370614359174,0.522218155717992,86.84116155487365,48.65268431930891
0.5344999999999965,33.02187728881836,125.66370614359174,0.518358576999393,86.51093912797072,48.84855493532932
0.5349999999999965,33.072574615478516,125.66370614359174,0.5148493038872054,86.38031011709921,49.14518561387713
0.5354999999999964,33.12373733520508,125.66370614359174,0.5117485821956972,86.43641482734941,49.529804015090434
0.5359999999999964,33.17547607421875,125.66370614359174,0.5090984632810914,86.66889513240638,49.99257421600617
0.5364999999999963,33.2278938293457,125.66370614359174,0.5069293803903949,87.06925300210021,50.52580972780411
0.5369999999999963,33.28108596801758,125.66370614359174,0.5052632128437061,87.63033199001248,51.12336900700244
0.5374999999999962,33.33513641357422,125.66370614359174,0.5041152887371527,88.34590606689872,51.78020039289605
0.5379999999999961,33.39012145996094,125.66370614359174,0.503495668122843,89.21035869274974,52.492015593879024
0.5384999999999961,33.446109771728516,125.66370614359174,0.5034099554791579,90.21843574568962,53.255045093564576
0.538999999999996,33.503173828125,125.66370614359174,0.5038598171784877,91.36505773126046,54.06587733609111
0.539499999999996,33.56136703491211,125.66370614359174,0.5048433249106651,92.64517879447108,54.92129176428946
0.5399999999999959,33.62074279785156,125.66370614359174,0.5063552057638622,94.05368238138668,55.818194276485784
0.5404999999999959,33.681358337402344,125.66370614359174,0.5083870514425194,95.58530525084494,56.75355604318774
0.5409999999999958,33.74325180053711,125.66370614359174,0.5109275183265221,97.23458325931695,57.72432674174794
0.5414999999999958,33.80646514892578,125.66370614359174,0.5139625358531499,98.99581384039524,58.727438019590515
0.5419999999999957,33.871036529541016,125.66370614359174,0.5174755311290281,99.90076639904346,59.759767106097
0.5424999999999957,33.92869186401367,125.66370614359174,0.5209123998926883,94.61700184676545,55.174727387733746
0.5429999999999956,33.98120880126953,125.66370614359174,0.5228401933508977,89.74153219921571,51.76651805249314
0.5434999999999955,34.03912353515625,125.66370614359174,0.5214497303521658,95.36545752306988,55.533337860808125
0.5439999999999955,34.10146713256836,125.66370614359174,0.5241478929928267,97.20476966578286,58.65902441174277
0.5444999999999954,34.15754318237305,125.66370614359174,0.5202621201945447,91.67733080843453,54.47424292450493
0.5449999999999954,34.2091064453125,125.66370614359174,0.5162827777916316,87.36638949750922,51.47284511331481
0.5454999999999953,34.25754928588867,125.66370614359174,0.5116950582714255,84.07084664955876,49.41079650084184
0.5459999999999953,34.30392074584961,125.66370614359174,0.5065457764128302,81.58831194863096,48.056697089842714
0.5464999999999952,34.34900665283203,125.66370614359174,0.5010671175042337,79.7629751833733,47.2388947657332
0.5469999999999952,34.39340591430664,125.66370614359174,0.495511056324365,78.47554544604507,46.83064961295252
0.5474999999999951,34.437583923339844,125.66370614359174,0.4900932233230979,77.63492906409269,46.738510470129164
0.547999999999995,34.481895446777344,125.66370614359174,0.48498121464968413,77.17166622913805,46.893559396330005
0.548499999999995,34.52662658691406,125.66370614359174,0.48029903562151666,77.03277022605496,47.24491151548771
0.5489999999999949,34.571998596191406,125.66370614359174,0.4761358572543236,77.17769408585139,47.754851953249016
0.5494999999999949,34.61820602416992,125.66370614359174,0.47255454153125004,77.57520146324956,48.39528979071419
0.5499999999999948,34.6653938293457,125.66370614359174,0.46959850813531573,78.20095763271823,49.14507680353066
0.5504999999999948,34.71369552612305,125.66370614359174,0.4672967773837981,79.03568871786439,49.988115684559254
0.5509999999999947,34.763221740722656,125.66370614359174,0.4656674701535178,80.06378512980652,50.91192154907241
0.5514999999999947,34.814064025878906,125.66370614359174,0.4647201483909664,81.27224913888308,51.906588909761595
0.5519999999999946,34.866310119628906,125.66370614359174,0.4644573495897382,82.64990704449262,52.96405882615397
0.5524999999999946,34.92002868652344,125.66370614359174,0.46487559826971203,84.18682317504971,54.077548288021205
0.5529999999999945,34.975284576416016,125.66370614359174,0.46596610241393965,85.87386710813877,55.24117631990336
0.5534999999999944,35.032135009765625,125.66370614359174,0.4677152797020206,87.70239625748896,56.44967239260353
0.5539999999999944,35.09062576293945,125.66370614359174,0.4701052060678194,89.66402526560802,57.69816432886663
0.5544999999999943,35.15080261230469,125.66370614359174,0.47311404277843855,90.66517812903942,58.98204933077948
0.5549999999999943,35.203514099121094,125.66370614359174,0.4754715579588885,84.65537376810255,53.82078852355028
0.5554999999999942,35.25077819824219,125.66370614359174,0.4764077773336721,79.79713074661747,50.05158882808187
0.5559999999999942,35.2941780090332,125.66370614359174,0.47497281789372003,75.62269625180701,47.38804907466155
0.5564999999999941,35.34532165527344,125.66370614359174,0.4720927536709154,83.6112335118446,52.933351630347744
0.556999999999994,35.40269088745117,125.66370614359174,0.47523895599612587,86.6592412751574,57.43064802440334
0.557499999999994,35.45397186279297,125.66370614359174,0.4687248659133402,81.00969960514395,53.198118625440124
0.557999999999994,35.501014709472656,125.66370614359174,0.46258748244461423,76.8042657886003,50.263124153459486
0.5584999999999939,35.5452880859375,125.66370614359174,0.4563701687604605,73.78557337508076,48.35578618269226
0.5589999999999938,35.58787536621094,125.66370614359174,0.45008041998334924,71.70456455767317,47.21871381656822
0.5594999999999938,35.62960433959961,125.66370614359174,0.4438994933519736,70.37281888447576,46.66224583696196
0.5599999999999937,35.67109298706055,125.66370614359174,0.43803410955116173,69.64818204079351,46.5470949756861
0.5604999999999937,35.71281433105469,125.66370614359174,0.4326638670770759,69.42337286189047,46.77098531095557
0.5609999999999936,35.7551383972168,125.66370614359174,0.42792844573669747,69.61728838774243,47.25872347992019
0.5614999999999936,35.79835510253906,125.66370614359174,0.42392969781437123,70.16837544134981,47.95485587923991
0.5619999999999935,35.842689514160156,125.66370614359174,0.4207380557936857,71.02959281283148,48.81826562955964
0.5624999999999934,35.88832473754883,125.66370614359174,0.41839911477255465,72.16459837064005,49.81822776554857
0.5629999999999934,35.93541717529297,125.66370614359174,0.41693904953805594,73.54487686384641,50.931525399592566
0.5634999999999933,35.984092712402344,125.66370614359174,0.4163686780008894,75.14758690162967,52.14032748531283
0.5639999999999933,36.034454345703125,125.66370614359174,0.41668639572452754,76.95395511465516,53.43065977885717
0.5644999999999932,36.08658981323242,125.66370614359174,0.4178803015236417,78.94808441394316,54.79129921707928
0.5649999999999932,36.14057540893555,125.66370614359174,0.41992980165876825,81.116074178244,56.212971832566446
0.5654999999999931,36.19647216796875,125.66370614359174,0.4228069089529278,83.44537432669102,57.68776351990079
0.5659999999999931,36.25434112548828,125.66370614359174,0.42647737875985997,84.6382628795003,59.208723863607126
0.566499999999993,36.3052978515625,125.66370614359174,0.4284855032874463,78.82818377035771,54.277253019012875
0.566999999999993,36.351226806640625,125.66370614359174,0.42932810231748575,74.20319518329332,50.69267956826154
0.5674999999999929,36.39362716674805,125.66370614359174,0.4278787358613968,70.5226464217548,48.18727395236912
0.5679999999999928,36.44385528564453,125.66370614359174,0.42625101411085425,79.09387701749334,53.95815229588152
0.5684999999999928,36.500465393066406,125.66370614359174,0.43117599299819703,82.47213438825037,58.70373962730018
0.5689999999999927,36.55136489868164,125.66370614359174,0.42416280495443354,77.06785577470185,54.61524517620699
0.5694999999999927,36.598350524902344,125.66370614359174,0.4178881434750107,73.16340100065594,51.820811972223616
0.5699999999999926,36.64283752441406,125.66370614359174,0.41181428403583636,70.4934681336453,50.05591795554985
0.5704999999999926,36.68589401245117,125.66370614359174,0.40591193249473706,68.80197613206097,49.06597910251449
0.5709999999999925,36.72832107543945,125.66370614359174,0.4003541024772847,67.8947454880327,48.66276957456715
0.5714999999999925,36.770729064941406,125.66370614359174,0.3953490819235669,67.62489647181462,48.707618035631505
0.5719999999999924,36.8135871887207,125.66370614359174,0.39107910013595953,67.88124390596865,49.09834797932631
0.5724999999999923,36.85726547241211,125.66370614359174,0.38768360454093725,68.57941851634408,49.75955320669659
0.5729999999999923,36.902042388916016,125.66370614359174,0.38525971621332283,69.65508571949113,50.635361054319816
0.5734999999999922,36.948150634765625,125.66370614359174,0.3838681347474488,71.05878428754093,51.68414790070801
0.5739999999999922,36.99577331542969,125.66370614359174,0.38353982990099383,72.75201588431672,52.87460546134141
0.5744999999999921,37.045066833496094,125.66370614359174,0.38428194442696745,74.70429706855512,54.18289479906541
0.5749999999999921,37.096153259277344,125.66370614359174,0.386082599002858,76.89094837646006,55.5905335406094
0.575499999999992,37.149139404296875,125.66370614359174,0.388914742337904,79.29144484829585,57.08289224439358
0.575999999999992,37.20410919189453,125.66370614359174,0.3927392898231744,81.88819192270276,58.64807066711826
0.5764999999999919,37.26114273071289,125.66370614359174,0.3975077608253776,83.57677254618098,60.27612089909926
0.5769999999999919,37.31265640258789,125.66370614359174,0.4012507629544563,78.78168964505169,56.24343272677552
0.5774999999999918,37.36008071899414,125.66370614359174,0.4036065310631582,74.89322529083584,53.26267223883439
0.5779999999999917,37.404598236083984,125.66370614359174,0.4034338304547225,71.59220860705612,51.15227082141918
0.5784999999999917,37.456180572509766,125.66370614359174,0.4025025627757233,80.04490346858545,56.51820696161991
0.5789999999999916,37.513668060302734,125.66370614359174,0.4087051563657524,83.61420868753144,61.03830574566258
0.5794999999999916,37.56624221801758,125.66370614359174,0.4028666827065329,78.82751891615261,57.433983742536235
0.5799999999999915,37.61542892456055,125.66370614359174,0.3977579780852784,75.40079298236023,54.964087369680236
0.5804999999999915,37.66246032714844,125.66370614359174,0.3928481760726073,73.11397236246185,53.41113808056716
0.5809999999999914,37.708274841308594,125.66370614359174,0.38813613714908113,71.74550598855406,52.558138934530604
0.5814999999999914,37.75358200073242,125.66370614359174,0.383823548873999,71.12481298911264,52.242815658115155
0.5819999999999913,37.7989387512207,125.66370614359174,0.3801403888840134,71.12108455592455,52.3443641500889
0.5824999999999912,37.84477233886719,125.66370614359174,0.3772819941728546,71.63404058655023,52.77285821681906
0.5829999999999912,37.89142990112305,125.66370614359174,0.3753928395930271,72.58666805084334,53.46127107214582
0.5834999999999911,37.939178466796875,125.66370614359174,0.37456817618962335,73.91954538764553,54.35942686293033
0.5839999999999911,37.98823928833008,125.66370614359174,0.3748613017820939,75.58643647785192,55.42953020236855
0.584499999999991,38.038795471191406,125.66370614359174,0.376291633423658,77.5508956749452,56.64281944214188
0.584999999999991,38.09099578857422,125.66370614359174,0.378851939136502,79.78367138667915,57.97708771258474
0.5854999999999909,38.14497375488281,125.66370614359174,0.38251437600710236,82.2607348921575,59.41488073453917
0.5859999999999909,38.20083236694336,125.66370614359174,0.3872354354168472,84.96179427086848,60.94212950937526
0.5864999999999908,38.258663177490234,125.66370614359174,0.3929599991406093,87.8691817401354,62.5471954531065
0.5869999999999908,38.318546295166016,125.66370614359174,0.3996246888456623,89.33467294262336,64.22015349112345
0.5874999999999907,38.37400817871094,125.66370614359174,0.4030070142451246,85.3112847775162,60.922095426739595
0.5879999999999906,38.426109313964844,125.66370614359174,0.4055667636494772,81.9868433133861,58.42467605858493
0.5884999999999906,38.47576141357422,125.66370614359174,0.40600378986758023,79.35890028464269,56.61922584582339
0.5889999999999905,38.52370834350586,125.66370614359174,0.4044794843197698,77.36788092811317,55.37803408149439
0.5894999999999905,38.570556640625,125.66370614359174,0.40157703841639025,75.9513837109181,54.596914950168305
0.5899999999999904,38.616790771484375,125.66370614359174,0.3979127489543892,75.0504559987528,54.19257857720343
0.5904999999999904,38.66281509399414,125.66370614359174,0.39401228332954824,74.61247447920505,54.099274949458334
0.5909999999999903,38.7089729309082,125.66370614359174,0.3902870574146691,74.59210849441095,54.26551120884418
0.5914999999999903,38.75553894042969,125.66370614359174,0.38704478781193435,74.95115985545573,54.651091780080655
0.5919999999999902,38.802757263183594,125.66370614359174,0.38450859338641924,75.65781841500359,55.22466907084687
0.5924999999999901,38.850830078125,125.66370614359174,0.38283538614068297,76.68567529549351,55.96167183105553
0.5929999999999901,38.89994430541992,125.66370614359174,0.3821308530035683,78.0126957984174,56.8426938973794
0.59349999999999,38.950252532958984,125.66370614359174,0.3824608449656184,79.6202606186068,57.85216682792011
0.59399999999999,39.00190734863281,125.66370614359174,0.38385982272502195,81.49232581501794,58.97739952751161
0.5944999999999899,39.055030822753906,125.66370614359174,0.3863371605722507,83.61471691222154,60.20775698256716
0.5949999999999899,39.109737396240234,125.66370614359174,0.389882000065574,85.97455360603685,61.53410296933477
0.5954999999999898,39.16613006591797,125.66370614359174,0.394467164256481,88.55979192933174,62.9483487484884
0.5959999999999898,39.224308013916016,125.66370614359174,0.40005246338123257,91.35886715189618,64.44313169741055
0.5964999999999897,39.28435516357422,125.66370614359174,0.4065875807773655,94.36042033280583,66.01154914924578
0.5969999999999897,39.346343994140625,125.66370614359174,0.4140146284601512,96.28042222054964,67.64698085092064
0.5974999999999896,39.405025482177734,125.66370614359174,0.4197948074375126,93.25129262663357,65.14691185930641
0.5979999999999895,39.4610595703125,125.66370614359174,0.42412790994785193,90.55502615224495,63.14959664924529
0.5984999999999895,39.51505661010742,125.66370614359174,0.4259473100421405,88.34493911169956,61.63198829233917
0.5989999999999894,39.57447052001953,125.66370614359174,0.42808067484092804,93.93594546024292,66.01126812517111
0.5994999999999894,39.631195068359375,125.66370614359174,0.42693720471757474,91.05045375099988,63.980395396958826
0.5999999999999893,39.68598937988281,125.66370614359174,0.42505345927692906,88.89431653131048,62.537513577335446
0.6004999999999893,39.7395133972168,125.66370614359174,0.4225902014989467,87.42594543639281,61.61394220254137
0.6009999999999892,39.792301177978516,125.66370614359174,0.4198968787495851,86.55724600985867,61.1122578240646
0.6014999999999892,39.844783782958984,125.66370614359174,0.4173298535715666,86.21332116812559,60.955426551988374
0.6019999999999891,39.8973274230957,125.66370614359174,0.41518455321020764,86.33207142273201,61.083277625050194
0.602499999999989,39.95022201538086,125.66370614359174,0.4136831590713384,86.86263879425198,61.44896117874395
0.602999999999989,40.003719329833984,125.66370614359174,0.4129818597647673,87.76360783994753,62.01602878868608
0.6034999999999889,40.05802917480469,125.66370614359174,0.41318310538148223,89.0012242567059,62.755991607978764
0.6039999999999889,40.11334228515625,125.66370614359174,0.41434743575542915,90.5477702213919,63.646407796631145
0.6044999999999888,40.1698112487793,125.66370614359174,0.4165032638323498,92.38015787535718,64.66932116593294
0.6049999999999888,40.22758102416992,125.66370614359174,0.4196544836034575,94.47875511402636,65.81012155801359
0.6054999999999887,40.286773681640625,125.66370614359174,0.4237862655460106,96.82643154665975,67.05661002801095
0.6059999999999887,40.347496032714844,125.66370614359174,0.4288694865337625,99.40779986158431,68.39831900189667
0.6064999999999886,40.409854888916016,125.66370614359174,0.43486417687574597,102.20862337080833,69.82601734608367
0.6069999999999885,40.473934173583984,125.66370614359174,0.44172226606869547,105.21536080406936,71.331282754147
0.6074999999999885,40.5398063659668,125.66370614359174,0.4493898169995287,106.94294987636776,72.90623165048585
0.6079999999999884,40.602298736572266,125.66370614359174,0.45494860854543656,103.79823459421488,70.27874575957303
0.6084999999999884,40.66204833984375,125.66370614359174,0.4590371335482025,100.94890552171019,68.1519095281291
0.6089999999999883,40.71965408325195,125.66370614359174,0.4607039739044278,98.51408019094039,66.50813986045928
0.6094999999999883,40.77565383911133,125.66370614359174,0.4602490941050319,96.52425680725857,65.28853058142195
0.6099999999999882,40.83049392700195,125.66370614359174,0.4582985617029142,94.97941116993505,64.43619054791137
0.6104999999999882,40.88457489013672,125.66370614359174,0.45547304831395863,93.86381148996239,63.900367925440094
0.6109999999999881,40.93822479248047,125.66370614359174,0.45228821665155655,93.1548324016332,63.637641708767006
0.611499999999988,40.99174118041992,125.66370614359174,0.4491414338579538,92.82800726965043,63.611870344247876
0.611999999999988,41.04537582397461,125.66370614359174,0.4463269111272528,92.85968234760088,63.79340618466339
0.6124999999999879,41.09934616088867,125.66370614359174,0.44405693862626266,93.22820692597367,64.15810852766029
0.6129999999999879,41.15385437011719,125.66370614359174,0.44248131063445945,93.91427484852959,64.68634212406495
0.6134999999999878,41.20907211303711,125.66370614359174,0.4417027929181753,94.90080825214427,65.36200412491685
0.6139999999999878,41.265159606933594,125.66370614359174,0.4417886578517759,96.17262288157818,66.17173178646155
0.6144999999999877,41.322261810302734,125.66370614359174,0.4427790107089351,97.71601516915312,67.10421239310068
0.6149999999999877,41.38050842285156,125.66370614359174,0.4446927371842739,99.51834876196561,68.14962943543445
0.6154999999999876,41.44002151489258,125.66370614359174,0.44753179520030884,101.56767947596185,69.2992365200448
0.6159999999999876,41.50090789794922,125.66370614359174,0.4512844067783584,103.8524349873726,70.54500356948837
0.6164999999999875,41.563270568847656,125.66370614359174,0.45592754475369185,106.36115266448681,71.879374328462
0.6169999999999874,41.627197265625,125.66370614359174,0.4614289742476947,109.08227221337111,73.29504933388363
0.6174999999999874,41.69276428222656,125.66370614359174,0.4677490069270305,112.00397683239572,74.78484439387663
0.6179999999999873,41.76005172729492,125.66370614359174,0.4748420548443277,113.76012531018968,76.34160975436994
0.6184999999999873,41.82340621948242,125.66370614359174,0.4804472249389563,110.03316765351278,73.17196322448652
0.6189999999999872,41.88359832763672,125.66370614359174,0.4842218334967447,106.68237762556608,70.63416140566132
0.6194999999999872,41.94134521484375,125.66370614359174,0.485408450070847,103.81512420702214,68.68141279866269
0.6199999999999871,41.997249603271484,125.66370614359174,0.48438778749506384,101.4484309358182,67.22938229170246
0.6204999999999871,42.05183029174805,125.66370614359174,0.48181697898877923,99.57189718262502,66.20257135998145
0.620999999999987,42.10551071166992,125.66370614359174,0.47832840508610164,98.16186199390422,65.53656301969855
0.621499999999987,42.158668518066406,125.66370614359174,0.4744423961227104,97.18964611645258,65.17797693951776
0.6219999999999869,42.211612701416016,125.66370614359174,0.4705589124722867,96.62614481020687,65.08331275763544
0.6224999999999868,42.26461410522461,125.66370614359174,0.4669746440458648,96.44411933469715,65.21749852037455
0.6229999999999868,42.31791305541992,125.66370614359174,0.463904955037016,96.61910495620066,65.55235706479534
0.6234999999999867,42.3717155456543,125.66370614359174,0.46150349203998714,97.12953557354285,66.0651745952032
0.6239999999999867,42.426204681396484,125.66370614359174,0.45987760736320843,97.95646257313675,66.73748206088682
0.6244999999999866,42.48155212402344,125.66370614359174,0.45909974850447866,99.08309600472178,67.55404309432559
0.6249999999999866,42.53790283203125,125.66370614359174,0.4592155901933645,100.49429927002952,68.5019956070695
0.6254999999999865,42.59539794921875,125.66370614359174,0.4602497652654242,102.17610769921582,69.57022639147489
0.6259999999999865,42.65415573120117,125.66370614359174,0.4622099336958012,104.11530429902992,70.74882494092068
0.6264999999999864,42.71429443359375,125.66370614359174,0.4650897599200764,106.29906447518532,72.02872469094957
0.6269999999999863,42.775909423828125,125.66370614359174,0.46887120616797834,108.71466966053991,73.40136525034127
0.6274999999999863,42.83909606933594,125.66370614359174,0.4735264130828106,111.34928401196228,74.8585061754915
0.6279999999999862,42.903934478759766,125.66370614359174,0.4790193344099488,114.18978577856691,76.39203589474339
0.6284999999999862,42.970497131347656,125.66370614359174,0.4853072163576413,115.87778089570962,77.99386456218554
0.6289999999999861,43.032291412353516,125.66370614359174,0.4902162125909649,111.20289195693226,74.00661740045659
0.6294999999999861,43.09034729003906,125.66370614359174,0.4931141713568492,107.12667164774696,70.88924417276917
0.629999999999986,43.14556884765625,125.66370614359174,0.4933508632445942,103.70849289575077,68.53794208469236
0.630499999999986,43.19870376586914,125.66370614359174,0.4913545362322204,100.92379547766734,66.82076515638428
0.6309999999999859,43.250362396240234,125.66370614359174,0.4878048906986338,98.73178652669098,65.62781248246814
0.6314999999999859,43.301055908203125,125.66370614359174,0.48334718363332263,97.08657461381594,64.8698602761347
0.6319999999999858,43.35120391845703,125.66370614359174,0.4785109167321547,95.94314494869127,64.47553179199612
0.6324999999999857,43.401161193847656,125.66370614359174,0.4737037932953825,95.26029778173162,64.38825675302094
0.6329999999999857,43.451236724853516,125.66370614359174,0.4692296042076857,95.00173607409299,64.56339004498527
0.6334999999999856,43.501678466796875,125.66370614359174,0.4653103537492837,95.13609980134038,64.96563159666029
0.6339999999999856,43.55272674560547,125.66370614359174,0.462105801703961,95.63645827361674,65.5669551501752
0.6344999999999855,43.60456848144531,125.66370614359174,0.4597287252991688,96.47957279946247,66.34478554761118
0.6349999999999855,43.65739059448242,125.66370614359174,0.45825612097602886,97.64510999534208,67.2806791660139
0.6354999999999854,43.71134567260742,125.66370614359174,0.45773715944788923,99.11490195089104,68.35917488070903
0.6359999999999854,43.76658248901367,125.66370614359174,0.458198773683104,100.87229799871717,69.56699268850691
0.6364999999999853,43.82322311401367,125.66370614359174,0.4596496348959437,102.901622804421,70.89235079424485
0.6369999999999852,43.88138198852539,125.66370614359174,0.4620830966800675,105.18773898976198,72.32450663241167
0.6374999999999852,43.94116973876953,125.66370614359174,0.46547951801271104,107.71570443428989,73.85339920623917
0.6379999999999851,44.00267028808594,125.66370614359174,0.46980823319331,110.47051131909731,75.46934201608943
0.6384999999999851,44.06596755981445,125.66370614359174,0.47502932625320615,113.43689321501559,77.16287110450216
0.638999999999985,44.131126403808594,125.66370614359174,0.48109528639525395,114.65998196597616,78.92457220737558
0.639499999999985,44.190635681152344,125.66370614359174,0.48367809672654105,108.86747819715494,74.04364966275824
0.6399999999999849,44.245849609375,125.66370614359174,0.4847373627879448,104.04212004085487,70.33563892593466
0.6404999999999849,44.29790496826172,125.66370614359174,0.4835064385412051,100.15280995067704,67.62192218528139
0.6409999999999848,44.347713470458984,125.66370614359174,0.48032298634910225,97.10360626597465,65.70881837257757
0.6414999999999847,44.39601135253906,125.66370614359174,0.47581113110674117,94.80216740500272,64.44200533098278
0.6419999999999847,44.44339370727539,125.66370614359174,0.4705830761473119,93.16526152867769,63.70024958044431
0.6424999999999846,44.49034881591797,125.66370614359174,0.46514894885192526,92.12065877970244,63.38903893216738
0.6429999999999846,44.53727722167969,125.66370614359174,0.45990506381818935,91.60714394526634,63.4349661750658
0.6434999999999845,44.58451461791992,125.66370614359174,0.4551481622888009,91.57351109442848,63.781020176174465
0.6439999999999845,44.632347106933594,125.66370614359174,0.4510951551128057,91.9771032312548,64.3827430939721
0.6444999999999844,44.6810188293457,125.66370614359174,0.4479010756394707,92.78223920901183,65.20516015834257
0.6449999999999844,44.73073959350586,125.66370614359174,0.44567328052851046,93.95871878788193,66.22037483202803
0.6454999999999843,44.781700134277344,125.66370614359174,0.4444819754294688,95.48049861919152,67.40572269035776
0.6459999999999843,44.83405685424805,125.66370614359174,0.4443677994634788,97.32457271436013,68.74231957932689
0.6464999999999842,44.88795852661133,125.66370614359174,0.4453472991902952,99.47005716769935,70.2140191599109
0.6469999999999841,44.94353485107422,125.66370614359174,0.44741700579931537,101.89746155002383,71.80658395057368
0.6474999999999841,45.000892639160156,125.66370614359174,0.45055665153401037,104.58812223814436,73.507074431335
0.647999999999984,45.06013488769531,125.66370614359174,0.4547318867399119,107.52377133834273,75.30343397559032
0.648499999999984,45.121341705322266,125.66370614359174,0.45989671206439453,110.68621627617365,77.18413294574631
0.6489999999999839,45.18458938598633,125.66370614359174,0.4659957305280798,111.78767416637152,79.13796559126511
0.6494999999999839,45.24182891845703,125.66370614359174,0.46725623847084496,105.43320350612848,73.80706437723438
0.6499999999999838,45.29457092285156,125.66370614359174,0.46729042530937703,100.26990808939085,69.82044044466163
0.6504999999999838,45.34407043457031,125.66370614359174,0.4652450795422085,96.21605358416109,66.96014889888569
0.6509999999999837,45.39133071899414,125.66370614359174,0.46141311053911416,93.13478521218212,64.99909889143179
0.6514999999999836,45.43715286254883,125.66370614359174,0.45640189132383713,90.90374971961486,63.75854674816123
0.6519999999999836,45.482173919677734,125.66370614359174,0.4508202909551669,89.41759356294114,63.09936553699612
0.6524999999999835,45.52692413330078,125.66370614359174,0.4451809597927283,88.5876381576776,62.913876248752814
0.6529999999999835,45.57182693481445,125.66370614359174,0.43988455589989817,88.34028479774588,63.11887415324963
0.6534999999999834,45.61724090576172,125.66370614359174,0.4352316849319389,88.6148462750619,63.64998368931074
0.6539999999999834,45.6634635925293,125.66370614359174,0.4314412438778245,89.36124724786436,64.45710565638842
0.6544999999999833,45.71075439453125,125.66370614359174,0.4286674985795456,90.53784734520049,65.50086932606023
0.6549999999999833,45.75932693481445,125.66370614359174,0.4270137770630202,92.10951304283213,66.74984832592264
0.6554999999999832,45.80937957763672,125.66370614359174,0.4265427962076746,94.04598427890942,68.17848004741364
0.6559999999999832,45.86107635498047,125.66370614359174,0.42728433252105613,96.32053501429081,69.76542697144578
0.6564999999999831,45.9145622253418,125.66370614359174,0.4292410412110841,98.90890270048354,71.49238682034314
0.656999999999983,45.96996307373047,125.66370614359174,0.4323930941663489,101.78845112414382,73.34318880241047
0.657499999999983,46.02738952636719,125.66370614359174,0.43670210858275094,104.93752873926137,75.30313085926592
0.6579999999999829,46.086936950683594,125.66370614359174,0.44211464905317244,107.14422814887953,77.35848930586697
0.6584999999999829,46.141109466552734,125.66370614359174,0.4464880392230511,101.4304104979985,72.49547693665208
0.6589999999999828,46.19120788574219,125.66370614359174,0.44846746874694415,96.66525803392952,68.81047229057829
0.6594999999999828,46.23834228515625,125.66370614359174,0.4475052891240886,92.85172176190157,66.13957897380664
0.6599999999999827,46.283409118652344,125.66370614359174,0.44416549279386575,89.91113578680789,64.296318946673
0.6604999999999827,46.3271484375,125.66370614359174,0.439250994797663,87.76128269383055,63.1299168012784
0.6609999999999826,46.37016677856445,125.66370614359174,0.43351075875063055,86.32446192824825,62.5204319290688
0.6614999999999825,46.412960052490234,125.66370614359174,0.4275597928035023,85.53101505288845,62.373262648670135
0.6619999999999825,46.45594787597656,125.66370614359174,0.4218755124316826,85.32038811226305,62.61410260023675
0.6624999999999824,46.49948501586914,125.66370614359174,0.41681740924801836,85.64079521813848,63.18455396112457
0.6629999999999824,46.54386901855469,125.66370614359174,0.41265014933836075,86.4481801703865,64.03847746731822
0.6634999999999823,46.5893669128418,125.66370614359174,0.4095635009946813,87.7049069495545,65.1390675164718
0.6639999999999823,46.63620376586914,125.66370614359174,0.4076877111444653,89.37842763138167,66.45648931777664
0.6644999999999822,46.6845817565918,125.66370614359174,0.4071048563573821,91.44005822786167,67.96607401986186
0.6649999999999822,46.734676361083984,125.66370614359174,0.40785723136590346,93.86392028528417,69.64690362283964
0.6654999999999821,46.786643981933594,125.66370614359174,0.4099538149006926,96.62606342046669,71.4807488523747
0.665999999999982,46.84062576293945,125.66370614359174,0.41337561877947043,99.7037610826306,73.45126697315354
0.666499999999982,46.8967399597168,125.66370614359174,0.4180804441953729,103.07496073591457,75.543387379803
0.6669999999999819,46.95509338378906,125.66370614359174,0.42400731401339925,106.71786586379376,77.74288439515762
0.6674999999999819,47.01577377319336,125.66370614359174,0.4310806607635798,108.4302379910313,80.03604071940319
0.6679999999999818,47.07123947143555,125.66370614359174,0.43316577570508424,102.67143101498877,75.22294018711482
0.6684999999999818,47.122779846191406,125.66370614359174,0.4339177663672119,97.99604691119389,71.61038351787909
0.6689999999999817,47.1715087890625,125.66370614359174,0.4324762976368436,94.37290905008449,69.0335855405486
0.6694999999999817,47.21833038330078,125.66370614359174,0.4291978399392221,91.69965343224848,67.30332427091048
0.6699999999999816,47.263980865478516,125.66370614359174,0.4247630897158617,89.87634808213467,66.26607269521467
0.6704999999999816,47.3090705871582,125.66370614359174,0.4198455907171062,88.81193431849546,65.7993277003573
0.6709999999999815,47.354095458984375,125.66370614359174,0.41500973469804703,88.42656156146212,65.80615184604946
0.6714999999999814,47.39948272705078,125.66370614359174,0.41069473488724023,88.65177221839676,66.21014654518143
0.6719999999999814,47.44557571411133,125.66370614359174,0.4072272252772197,89.42952095749982,66.95100243500694
0.6724999999999813,47.492679595947266,125.66370614359174,0.4048403715080244,90.71066520661822,67.98086720569286
0.6729999999999813,47.54105758666992,125.66370614359174,0.4036917529348337,92.45331259100143,69.26134296962636
0.6734999999999812,47.5909309387207,125.66370614359174,0.40387802245633286,94.62124027649024,70.76110535286861
0.6739999999999812,47.64249801635742,125.66370614359174,0.40544648307590153,97.1824918528217,72.45407140333687
0.6744999999999811,47.69593048095703,125.66370614359174,0.40840433445797514,100.10819094768283,74.31796144254807
0.6749999999999811,47.75137710571289,125.66370614359174,0.4127263398311061,103.37157321760884,76.33321345179844
0.675499999999981,47.80897521972656,125.66370614359174,0.4183614510192681,106.94721886305925,78.48217948108125
0.675999999999981,47.868831634521484,125.66370614359174,0.42523869006798154,109.53702465741335,80.74848240861625
0.6764999999999809,47.924400329589844,125.66370614359174,0.43068348848837323,104.7833158473777,76.73453337199282
0.6769999999999808,47.976627349853516,125.66370614359174,0.43370450450794784,100.71797925620334,73.6153616026504
0.6774999999999808,48.0263786315918,125.66370614359174,0.4337494752140508,97.43090205085628,71.31648185962737
0.6779999999999807,48.07439041137695,125.66370614359174,0.431417416006196,94.90817358523255,69.71847558665081
0.6784999999999807,48.12128829956055,125.66370614359174,0.427550646603109,93.11179067855475,68.71655392225323
0.6789999999999806,48.1676025390625,125.66370614359174,0.42293126536199105,91.9940966571058,68.2221940063999
0.6794999999999806,48.213783264160156,125.66370614359174,0.4181988934180339,91.50572300671537,68.16216742031344
0.6799999999999805,48.260215759277344,125.66370614359174,0.41384705346062756,91.59967962111641,68.47659482435094
0.6804999999999805,48.30724334716797,125.66370614359174,0.4102433493685115,92.23309062335521,69.11672466565635
0.6809999999999804,48.35515213012695,125.66370614359174,0.4076531648462664,93.36757217551494,70.04272772272674
0.6814999999999803,48.404205322265625,125.66370614359174,0.40626028157759503,94.96888954770165,71.22179860265368
0.6819999999999803,48.45462417602539,125.66370614359174,0.4061831206287768,97.00628417406708,72.62647651981321
0.6824999999999802,48.50661849975586,125.66370614359174,0.40748718849170845,99.45169907886356,74.23333610942217
0.6829999999999802,48.560367584228516,125.66370614359174,0.4101947773078526,102.27902735816589,76.02187742291885
0.6834999999999801,48.61602783203125,125.66370614359174,0.4142928736528667,105.46344487566436,77.97368886264825
0.6839999999999801,48.67374801635742,125.66370614359174,0.4197399509061603,108.98085085479383,80.07181858141213
0.68449999999998,48.73365020751953,125.66370614359174,0.4264720269909066,112.80741894373848,82.30024936701888
0.68499999999998,48.795841217041016,125.66370614359174,0.4344081400835764,115.14691660804122,84.6435468027816
0.6854999999999799,48.85393524169922,125.66370614359174,0.43904808630260844,110.48711045342591,80.7436761769545
0.6859999999999798,48.908809661865234,125.66370614359174,0.44170426255628537,106.50040098678583,77.69100457835731
0.6864999999999798,48.96128845214844,125.66370614359174,0.441728236253268,103.28473291874076,75.42912684819044
0.6869999999999797,49.0120735168457,125.66370614359174,0.4396288135200414,100.83286412348394,73.85099077812377
0.6874999999999797,49.061767578125,125.66370614359174,0.4361829444773698,99.11075573900928,72.85983367110036
0.6879999999999796,49.11088943481445,125.66370614359174,0.43212495547079327,98.07295524827168,72.37227296992666
0.6884999999999796,49.159881591796875,125.66370614359174,0.4280579596023861,97.67116018889277,72.31829352238236
0.6889999999999795,49.20912170410156,125.66370614359174,0.42444599487481227,97.85870620009898,72.6399397603375
0.6894999999999795,49.258941650390625,125.66370614359174,0.42163163043879354,98.59255470382097,73.28951404048145
0.6899999999999794,49.30963897705078,125.66370614359174,0.4198582483577209,99.83382847905499,74.227689168421
0.6904999999999794,49.36145782470703,125.66370614359174,0.4192900135499987,101.5475663959283,75.42171575912444
0.6909999999999793,49.414634704589844,125.66370614359174,0.4200279496584347,103.70211045542551,76.8439594550399
0.6914999999999792,49.469364166259766,125.66370614359174,0.422122482086906,106.26836772931931,78.47057405144317
0.6919999999999792,49.52582931518555,125.66370614359174,0.4255833225180197,109.21908130858318,80.2805178998632
0.6924999999999791,49.58418273925781,125.66370614359174,0.4303875214973001,112.52817734465259,82.25471052843584
0.6929999999999791,49.64457321166992,125.66370614359174,0.43648628408701656,116.17021537323991,84.37544617763076
0.693499999999979,49.70711135864258,125.66370614359174,0.4438108995726258,120.11994702898122,86.62585790860366
0.693999999999979,49.77191162109375,125.66370614359174,0.452277950509437,122.0927015892782,88.98963025575597
0.6944999999999789,49.83244323730469,125.66370614359174,0.4558442110081341,117.1243655537682,84.8501759292048
0.6949999999999789,49.88962936401367,125.66370614359174,0.45778871734309023,112.90409249166062,81.6124846004526
0.6954999999999788,49.94431686401367,125.66370614359174,0.45741108307150036,109.51409808450119,79.21071766970384
0.6959999999999787,49.99723434448242,125.66370614359174,0.4551418870688662,106.93459605190522,77.52832077013623
0.6964999999999787,50.04900360107422,125.66370614359174,0.4516927384219215,105.12184298214319,76.46105059499995
0.6969999999999786,50.100154876708984,125.66370614359174,0.4477472931746952,104.02286102519632,75.91966606457926
0.6974999999999786,50.15113067626953,125.66370614359174,0.4438696745074755,103.58346744446436,75.82954634152799
0.6979999999999785,50.202327728271484,125.66370614359174,0.4404935437109589,103.75234116879929,76.12912753292954
0.6984999999999785,50.25407791137695,125.66370614359174,0.4379374510828395,104.4826827362195,76.76780089017066
0.6989999999999784,50.30667495727539,125.66370614359174,0.4364256394962939,105.73249824282261,77.70385706768889
0.6994999999999784,50.36037826538086,125.66370614359174,0.4361070978849579,107.46416328293286,78.90257968851068
0.6999999999999783,50.41541290283203,125.66370614359174,0.4370710716580139,109.64366691183382,80.33460074113427
0.7004999999999783,50.47197723388672,125.66370614359174,0.43935922230286767,112.2397678710339,81.97455207674344
0.7009999999999782,50.53025436401367,125.66370614359174,0.4429751928401753,115.22318861680543,83.79999077062475
0.7014999999999781,50.59039306640625,125.66370614359174,0.4478923336859571,118.56590762816715,85.79050877603858
0.7019999999999781,50.65253829956055,125.66370614359174,0.4540601553056349,122.24057193972507,87.92712092088274
0.702499999999978,50.716796875,125.66370614359174,0.46140986098115827,124.82189338358276,90.19170533651756
0.702999999999978,50.776859283447266,125.66370614359174,0.46718034516267265,119.92796740089163,86.03983290937333
0.7034999999999779,50.83356857299805,125.66370614359174,0.4702711001844768,115.61628619754109,82.72886762319389
0.7039999999999779,50.88772201538086,125.66370614359174,0.47032170409793167,112.02933087675149,80.21734254714887
0.7044999999999778,50.94001007080078,125.66370614359174,0.4679902946297659,109.18736020174255,78.40606167184991
0.7049999999999778,50.99103927612305,125.66370614359174,0.4641287026292981,107.07428661032708,77.20246518000937
0.7054999999999777,51.041324615478516,125.66370614359174,0.45951167288575895,105.65625583431587,76.52511810078035
0.7059999999999776,51.0913200378418,125.66370614359174,0.45476683560152165,104.89231702262555,76.30461515739778
0.7064999999999776,51.141414642333984,125.66370614359174,0.4503756893051165,104.74030243664568,76.48278870035402
0.7069999999999775,51.19194793701172,125.66370614359174,0.44669555380548076,105.1597303819875,77.01122462561
0.7074999999999775,51.243221282958984,125.66370614359174,0.44398398170051767,106.11294005793464,77.84956322263206
0.7079999999999774,51.29549789428711,125.66370614359174,0.44241966236799224,107.56523725398048,78.96384154512488
0.7084999999999774,51.34901809692383,125.66370614359174,0.4421187212000667,109.484536008594,80.3250428623436
0.7089999999999773,51.40399169921875,125.66370614359174,0.4431470388778956,111.84078676874978,81.90783974349107
0.7094999999999773,51.46060562133789,125.66370614359174,0.44552964353884317,114.60535676246104,83.68958972016208
0.7099999999999772,51.51902389526367,125.66370614359174,0.4492581472755766,117.75045058919152,85.64952850956129
0.7104999999999771,51.57939529418945,125.66370614359174,0.45429694649545616,121.24861189670189,87.76815650669728
0.7109999999999771,51.641849517822266,125.66370614359174,0.4605886347228682,125.07231993994864,90.0267571293231
0.711499999999977,51.70649337768555,125.66370614359174,0.4680588554017263,127.21873666595066,92.40703603239035
0.711999999999977,51.7663459777832,125.66370614359174,0.4719203364642676,121.46458889227424,87.55947425009568
0.7124999999999769,51.82246017456055,125.66370614359174,0.47357575903971855,116.57234223127705,83.7827323693164
0.7129999999999769,51.87578582763672,125.66370614359174,0.4725680672548164,112.61665972495837,80.9800355791603
0.7134999999999768,51.927127838134766,125.66370614359174,0.4694645602591784,109.56408480363542,79.00590799472607
0.7139999999999768,51.9771728515625,125.66370614359174,0.46505415092778823,107.35934748994977,77.7341453864463
0.7144999999999767,52.02649688720703,125.66370614359174,0.46006912638260017,105.93986819381301,77.05880644390726
0.7149999999999767,52.075584411621094,125.66370614359174,0.45510800708613636,105.24344870867576,76.89250414336779
0.7154999999999766,52.12486267089844,125.66370614359174,0.450631380822582,105.21200392015308,77.16379647677282
0.7159999999999765,52.17469024658203,125.66370614359174,0.4469803669266778,105.79292015971788,77.81431423334692
0.7164999999999765,52.225379943847656,125.66370614359174,0.4443987323936908,106.93908246904736,78.79611134223757
0.7169999999999764,52.2772102355957,125.66370614359174,0.44305234652621384,108.6082287591574,80.06933252488044
0.7174999999999764,52.33042526245117,125.66370614359174,0.4430446477032587,110.76202790789728,81.6002464360668
0.7179999999999763,52.385231018066406,125.66370614359174,0.4444285875327714,113.36510881851787,83.35964324088094
0.7184999999999763,52.44182205200195,125.66370614359174,0.4472159817567916,116.38416009693606,85.32161223130954
0.7189999999999762,52.5003547668457,125.66370614359174,0.45138512936178765,119.78715510797531,87.46251843309798
0.7194999999999762,52.56097412109375,125.66370614359174,0.45688731976357033,123.54271920086978,89.76029718587658
0.7199999999999761,52.623802185058594,125.66370614359174,0.4636525894789899,126.0011917395676,92.19387580932352
0.720499999999976,52.68169021606445,125.66370614359174,0.46808537267122363,119.98548943505111,87.09774476159659
0.720999999999976,52.73573684692383,125.66370614359174,0.46986080429287064,114.86690608516628,83.13738702681059
0.7214999999999759,52.786930084228516,125.66370614359174,0.4686675513741388,110.72548396754738,80.20711402602892
0.7219999999999759,52.83610534667969,125.66370614359174,0.46518243446621715,107.52710159683903,78.1521397602785
0.7224999999999758,52.88396453857422,125.66370614359174,0.46027000349074987,105.21498851115685,76.83886172698271
0.7229999999999758,52.931114196777344,125.66370614359174,0.4547170539799706,103.72468175478211,76.15549442344255
0.7234999999999757,52.978057861328125,125.66370614359174,0.44916333576699696,102.99194424813457,76.00996700387566
0.7239999999999757,53.02523422241211,125.66370614359174,0.44410184015674753,102.95660882098309,76.32703260239762
0.7244999999999756,53.073020935058594,125.66370614359174,0.43989966238299727,103.5639828956124,77.04519190952813
0.7249999999999756,53.12174606323242,125.66370614359174,0.43682131475656266,104.76488616042741,78.11385021548912
0.7254999999999755,53.171688079833984,125.66370614359174,0.435048709144065,106.51499739335074,79.49083275009612
0.7259999999999754,53.22311019897461,125.66370614359174,0.43469683104346557,108.77391832785402,81.14036654681273
0.7264999999999754,53.27622604370117,125.66370614359174,0.43582580801035165,111.5041874398035,83.03135792315712
0.7269999999999753,53.33123016357422,125.66370614359174,0.4384504552124738,114.67036653627251,85.13611836351154
0.7274999999999753,53.3882942199707,125.66370614359174,0.44254824145693406,118.23825620199423,87.42933844316397
0.7279999999999752,53.44756317138672,125.66370614359174,0.4480663112234545,122.17425740854877,89.88730576345752
0.7284999999999752,53.50916290283203,125.66370614359174,0.45492789040382015,124.64000055065065,92.48733813357477
0.7289999999999751,53.5656852722168,125.66370614359174,0.4586991028587741,118.32683173673865,87.15125593099016
0.7294999999999751,53.6182975769043,125.66370614359174,0.4599490218311595,113.04020804002798,83.04840563466492
0.729999999999975,53.66804885864258,125.66370614359174,0.4583374556507397,108.8359833234884,80.0544464002387
0.730499999999975,53.71581268310547,125.66370614359174,0.4545316539946944,105.6591222801774,77.99748675225817
0.7309999999999749,53.76233673095703,125.66370614359174,0.44939853920616185,103.43688240549162,76.73095315100977
0.7314999999999748,53.8082389831543,125.66370614359174,0.44373201720658456,102.09249647000105,76.1331201325361
0.7319999999999748,53.85404968261719,125.66370614359174,0.4381799202756694,101.55211101660879,76.10426924279346
0.7324999999999747,53.90022659301758,125.66370614359174,0.4332420950135582,101.74789588693541,76.56315581346891
0.7329999999999747,53.94715118408203,125.66370614359174,0.42928983312676516,102.61890202376298,77.4434689634417
0.7334999999999746,53.99516677856445,125.66370614359174,0.4265882332137546,104.11069483282822,78.69069139926155
0.7339999999999746,54.04456329345703,125.66370614359174,0.4253156461268998,106.1744044611508,80.25934765210478
0.7344999999999745,54.09560012817383,125.66370614359174,0.4255792346837878,108.76557395334555,82.11078906130089
0.7349999999999745,54.14849853515625,125.66370614359174,0.4274273522208449,111.84301803427628,84.2113811858346
0.7354999999999744,54.203453063964844,125.66370614359174,0.4308597784061582,115.3677998510497,86.53110833910584
0.7359999999999743,54.26063537597656,125.66370614359174,0.4358366512462487,119.30237014725571,89.04249301551486
0.7364999999999743,54.320186614990234,125.66370614359174,0.44228658714813984,123.60987753291917,91.71976165728522
0.7369999999999742,54.382232666015625,125.66370614359174,0.45011416399715165,125.67379420547151,94.5382590328201
0.7374999999999742,54.439022064208984,125.66370614359174,0.45188857669571664,118.97417009118941,88.91800053871327
0.7379999999999741,54.491825103759766,125.66370614359174,0.4519209864303308,113.52061101454979,84.6649155487113
0.7384999999999741,54.54176330566406,125.66370614359174,0.4496652377410402,109.31436423160356,81.62421317957892
0.738999999999974,54.58978271484375,125.66370614359174,0.44564303619976114,106.25889168597152,79.59767675051926
0.739499999999974,54.636653900146484,125.66370614359174,0.4406324410909879,104.25083033099752,78.41909950503252
0.7399999999999739,54.68303680419922,125.66370614359174,0.4353706805677499,103.1906257760193,77.9521122037196
0.7404999999999738,54.72947692871094,125.66370614359174,0.43046597533830644,102.98725097330137,78.08591476189656
0.7409999999999738,54.77644348144531,125.66370614359174,0.4263866406175909,103.55971134201427,78.73077808690321
0.7414999999999737,54.8243293762207,125.66370614359174,0.4234752620757456,104.83674644312379,79.81378037238728
0.7419999999999737,54.87348175048828,125.66370614359174,0.4219681907032179,106.75563306478503,81.27512707258435
0.7424999999999736,54.924190521240234,125.66370614359174,0.4220137684151714,109.2606415988441,83.06502133378764
0.7429999999999736,54.97671127319336,125.66370614359174,0.42368784463942577,112.30146161011692,85.14117374640975
0.7434999999999735,55.03126525878906,125.66370614359174,0.42700690842555367,115.8317619075102,87.46680429146586
0.7439999999999735,55.088043212890625,125.66370614359174,0.43193951522680996,119.8079579844926,90.00909587339558
0.7444999999999734,55.1472053527832,125.66370614359174,0.43841651380958807,124.18820650382652,92.73800846419948
0.7449999999999734,55.208885192871094,125.66370614359174,0.44634029441410794,126.50013907864565,95.62539426731038
0.7454999999999733,55.26552963256836,125.66370614359174,0.44874194688056407,119.99845808908091,90.16611092106724
0.7459999999999732,55.31834030151367,125.66370614359174,0.44918786564130786,114.66696829429746,86.00959609212377
0.7464999999999732,55.368377685546875,125.66370614359174,0.44719947710098656,110.5386870886242,83.0261137065065
0.7469999999999731,55.41655731201172,125.66370614359174,0.4433561937660834,107.5388233751413,81.03524012831333
0.7474999999999731,55.463626861572266,125.66370614359174,0.43847833570013484,105.57848452831361,79.88256013003017
0.747999999999973,55.51023864746094,125.66370614359174,0.4333338778814465,104.56761937138558,79.4394252552203
0.748499999999973,55.55693054199219,125.66370614359174,0.42855346199150596,104.42130805608511,79.59997191733494
0.7489999999999729,55.604164123535156,125.66370614359174,0.4246215377591309,105.06233102595999,80.27750869055369
0.7494999999999729,55.652347564697266,125.66370614359174,0.42189176226243225,106.42158945680451,81.40088354376718
0.7499999999999728,55.70181655883789,125.66370614359174,0.42060725569597834,108.43739321278359,82.91113589479858
0.7504999999999727,55.75286865234375,125.66370614359174,0.42091938886850533,111.0542441484532,84.75870514839504
0.7509999999999727,55.80577087402344,125.66370614359174,0.4229038292373417,114.22148255879998,86.9011031256758
0.7514999999999726,55.86073684692383,125.66370614359174,0.42657425175299835,117.8919970198221,89.30100483268399
0.7519999999999726,55.917964935302734,125.66370614359174,0.4318944032891847,122.02109440221815,91.92483911689223
0.7524999999999725,55.97761917114258,125.66370614359174,0.43878899023773543,126.56556569062874,94.74163224043753
0.7529999999999725,56.039833068847656,125.66370614359174,0.447153551727753,128.89096703979178,97.72216312614134
0.7534999999999724,56.09712219238281,125.66370614359174,0.4494166889587709,122.42480531611189,92.3013211080275
0.7539999999999724,56.15065002441406,125.66370614359174,0.4498160237726491,117.12405277839571,88.16554245630542
0.7544999999999723,56.20146179199219,125.66370614359174,0.447865404991016,113.03123614534576,85.1965617726514
0.7549999999999722,56.25044631958008,125.66370614359174,0.4441351915311452,110.07736415230221,83.22090568887144
0.7554999999999722,56.29835891723633,125.66370614359174,0.4394397207492371,108.17670172100456,82.0882999940925
0.7559999999999721,56.34584045410156,125.66370614359174,0.4345425042155597,107.24064304429398,81.67234717235225
0.7564999999999721,56.393428802490234,125.66370614359174,0.43006992110939124,107.18460096745744,81.86823819240419
0.756999999999972,56.441593170166016,125.66370614359174,0.42650146657889887,107.93095767793588,82.58955369113579
0.757499999999972,56.49073028564453,125.66370614359174,0.42418465357347845,109.40972601333458,83.76486240649324
0.7579999999999719,56.54118728637695,125.66370614359174,0.42335512193179176,111.55798814991296,85.33460676846357
0.7584999999999719,56.59326171875,125.66370614359174,0.424155578391714,114.31877284560865,87.24837226137899
0.7589999999999718,56.647216796875,125.66370614359174,0.42665222301872047,117.63976062342307,89.46264097342306
0.7594999999999718,56.703269958496094,125.66370614359174,0.4308489727929301,121.47203097786164,91.93894490266258
0.7599999999999717,56.76162338256836,125.66370614359174,0.43670006533134886,125.76895744332334,94.64247605381951
0.7604999999999716,56.82242965698242,125.66370614359174,0.444121418585457,128.91594243336152,97.54092394595196
0.7609999999999716,56.878814697265625,125.66370614359174,0.44933566789060625,123.08614752696445,92.61024246584357
0.7614999999999715,56.93172073364258,125.66370614359174,0.451505432379376,118.09282585448808,88.73960611236025
0.7619999999999715,56.98204803466797,125.66370614359174,0.4504847551786466,114.08512562520438,85.88112619364384
0.7624999999999714,57.030582427978516,125.66370614359174,0.4470988976587576,111.07039379199081,83.91526477428374
0.7629999999999714,57.0780143737793,125.66370614359174,0.4423307410010747,109.01645946652938,82.72939606564023
0.7634999999999713,57.124942779541016,125.66370614359174,0.4370594732541795,107.87235850864867,82.22336341331618
0.7639999999999713,57.17188262939453,125.66370614359174,0.43199569444021446,107.58001335893537,82.31063936868875
0.7644999999999712,57.219295501708984,125.66370614359174,0.42768430193149587,108.08051906288115,82.91752538974089
0.7649999999999711,57.2675666809082,125.66370614359174,0.4245265365699744,109.31712313687514,83.9813941906416
0.7654999999999711,57.317054748535156,125.66370614359174,0.4228038468665162,111.23627389444486,85.44877435707953
0.765999999999971,57.368064880371094,125.66370614359174,0.42269850798330166,113.787613764271,87.27338662407402
0.766499999999971,57.420867919921875,125.66370614359174,0.4243105294724236,116.92345767842782,89.41446087425065
0.7669999999999709,57.4756965637207,125.66370614359174,0.427671797477502,120.59807591207036,91.83528907107147
0.7674999999999709,57.53276062011719,125.66370614359174,0.4327584905561037,124.76696029649251,94.50208029044865
0.7679999999999708,57.59223937988281,125.66370614359174,0.43950243321278293,129.3861659836834,97.38302988163818
0.7684999999999708,57.65427780151367,125.66370614359174,0.4478016145983071,132.22776191948952,100.44760839896904
0.7689999999999707,57.711761474609375,125.66370614359174,0.4516006131392214,126.0989682146874,95.29218771096659
0.7694999999999707,57.76569747924805,125.66370614359174,0.4529215625197981,120.95210809577709,91.28645019335875
0.7699999999999706,57.81703186035156,125.66370614359174,0.4514847775639711,116.90199355577965,88.36405971522346
0.7704999999999705,57.86659240722656,125.66370614359174,0.44800726981531863,113.92932739359122,86.38854802946479
0.7709999999999705,57.91509246826172,125.66370614359174,0.4433994172838866,111.98192537942595,85.2343613123894
0.7714999999999704,57.96314239501953,125.66370614359174,0.4384900452781432,110.99363829336937,84.79142198565381
0.7719999999999704,58.01128005981445,125.66370614359174,0.43395196388163704,110.89469360170833,84.965530849859
0.7724999999999703,58.059967041015625,125.66370614359174,0.4302988715366945,111.61699858660369,85.6769196537126
0.7729999999999703,58.10960388183594,125.66370614359174,0.42790391858558435,113.09640217000693,86.85810211705937
0.7734999999999702,58.16054153442383,125.66370614359174,0.42702181126343486,115.27322150632372,88.45157233258635
0.7739999999999702,58.21308898925781,125.66370614359174,0.427808865063284,118.09185884121625,90.40764741446762
0.7744999999999701,58.267513275146484,125.66370614359174,0.43034013555302336,121.50001053677664,92.68257920969299
0.77499999999997,58.32404708862305,125.66370614359174,0.43462421430982384,125.44775936715894,95.23699675783404
0.77549999999997,58.38288879394531,125.66370614359174,0.44061641541081326,129.88670806934297,98.03464633042309
0.7759999999999699,58.4442138671875,125.66370614359174,0.4482307717600387,133.2102147686123,101.04142727061856
0.7764999999999699,58.501224517822266,125.66370614359174,0.45375397918307225,127.36655534791137,96.09756416752903
0.7769999999999698,58.554813385009766,125.66370614359174,0.4560486103568992,122.31722496515188,92.18323723723111
0.7774999999999698,58.6058464050293,125.66370614359174,0.45506170470017776,118.24254842743868,89.27332102562086
0.7779999999999697,58.65510177612305,125.66370614359174,0.45167346338646125,115.16921233467357,87.26215093962124
0.7784999999999697,58.70325469970703,125.66370614359174,0.44690059041736757,113.07698319578276,86.0453622555524
0.7789999999999696,58.75090408325195,125.66370614359174,0.44164467774143673,111.92189966030963,85.52742014019226
0.7794999999999696,58.79857635498047,125.66370614359174,0.43663178997237423,111.64957596935128,85.62403227106478
0.7799999999999695,58.84672546386719,125.66370614359174,0.4324173662376526,112.20255320393107,86.26212018846633
0.7804999999999694,58.89575958251953,125.66370614359174,0.4294091561102415,113.52397513909561,87.37865926779055
0.7809999999999694,58.9460334777832,125.66370614359174,0.42789151196074404,115.55909009527525,88.91901821348326
0.7814999999999693,58.99786376953125,125.66370614359174,0.4280463203818621,118.25553991062009,90.8352729232277
0.7819999999999693,59.0515251159668,125.66370614359174,0.42997028234167306,121.56303231401806,93.08462922476613
0.7824999999999692,59.107261657714844,125.66370614359174,0.43368955172519946,125.43275326252777,95.62808983887608
0.7829999999999692,59.165279388427734,125.66370614359174,0.43917275790070326,129.816722413774,98.4293339904449
0.7834999999999691,59.225765228271484,125.66370614359174,0.4463430144446651,134.6671996628793,101.45387110964802
0.783999999999969,59.28886413574219,125.66370614359174,0.4550890645076191,137.35573287889184,104.66833051130361
0.784499999999969,59.34724044799805,125.66370614359174,0.4579942918698456,130.8072018817125,99.1689330690315
0.784999999999969,59.40195846557617,125.66370614359174,0.45865802682336115,125.36584891709026,94.91723229977396
0.7854999999999689,59.454010009765625,125.66370614359174,0.45678252566740857,121.12965921164825,91.83410050293212
0.7859999999999688,59.50425720214844,125.66370614359174,0.453052058215937,118.06264942394925,89.76854353561824
0.7864999999999688,59.553443908691406,125.66370614359174,0.4483515108180343,116.0987235022381,88.58298007763722
0.7869999999999687,59.602210998535156,125.66370614359174,0.4434907732134927,115.1600879946268,88.15740253566925
0.7874999999999687,59.65110778808594,125.66370614359174,0.4391275975837238,115.1671003135416,88.38932512871088
0.7879999999999686,59.70061111450195,125.66370614359174,0.43576212235764394,116.043142684018,89.19199257922074
0.7884999999999686,59.751136779785156,125.66370614359174,0.4337537987916421,117.71652726186012,90.49190860167603
0.7889999999999685,59.80304718017578,125.66370614359174,0.4333426148848961,120.12073656050117,92.2262727198096
0.7894999999999684,59.85664749145508,125.66370614359174,0.4346689278431568,123.19381769975149,94.34060392727517
0.7899999999999684,59.91221618652344,125.66370614359174,0.4377908823988382,126.87742354710606,96.78674552873119
0.7904999999999683,59.96997833251953,125.66370614359174,0.44269981611520637,131.11578288812134,99.52113974930809
0.7909999999999683,60.03014373779297,125.66370614359174,0.4493341793796282,135.85474926983733,102.50354669313833
0.7914999999999682,60.09286880493164,125.66370614359174,0.45759221617946655,138.72595941322797,105.69594130291813
0.7919999999999682,60.150848388671875,125.66370614359174,0.4610787172536474,132.07223310026905,100.09204070662304
0.7924999999999681,60.20513153076172,125.66370614359174,0.4619591226876431,126.49426602138932,95.73645743199053
0.7929999999999681,60.256710052490234,125.66370614359174,0.4600558562414375,122.11158496802081,92.55834836919882
0.793499999999968,60.30643844604492,125.66370614359174,0.45613615987950157,118.90107186126524,90.41118238878991
0.793999999999968,60.355064392089844,125.66370614359174,0.45113906129606945,116.80482522319576,89.15974916362222
0.7944999999999679,60.40324020385742,125.66370614359174,0.44591229853884523,115.7501103195415,88.68508241263216
0.7949999999999678,60.45151901245117,125.66370614359174,0.44114212678999526,115.6602204305504,88.88487090155914
0.7954999999999678,60.50038528442383,125.66370614359174,0.4373514920082752,116.46002239676366,89.67198889286232
0.7959999999999677,60.55025863647461,125.66370614359174,0.4349187418996844,118.07830565226651,90.97220287844516
0.7964999999999677,60.60151290893555,125.66370614359174,0.43409958388076936,120.44831560167889,92.72174248677703
0.7969999999999676,60.65446090698242,125.66370614359174,0.4350470961669089,123.50734157182129,94.86497931683057
0.7974999999999676,60.70938491821289,125.66370614359174,0.43782909934690023,127.19588701513919,97.35247535974042
0.7979999999999675,60.76652526855469,125.66370614359174,0.4424435122558678,131.45672706374583,100.13931031162723
0.7984999999999675,60.82608413696289,125.66370614359174,0.44883235137143856,136.2340182713601,103.18376317225992
0.7989999999999674,60.88822937011719,125.66370614359174,0.45689466733237133,139.21129281936012,106.4462910108163
0.7994999999999673,60.94554901123047,125.66370614359174,0.46039523729524723,132.36013658392824,100.66980877010737
0.7999999999999673,60.999122619628906,125.66370614359174,0.4611555822615276,126.62803965354274,96.18931901321768
0.8004999999999672,61.049957275390625,125.66370614359174,0.45905669910753694,122.13484401640495,92.92931589204836
0.8009999999999672,61.098934173583984,125.66370614359174,0.4549063660097267,118.85451932179159,90.7373279360484
0.8014999999999671,61.146812438964844,125.66370614359174,0.44967201545642704,116.72600532952234,89.47303338100394
0.8019999999999671,61.19425964355469,125.66370614359174,0.44422262554472314,115.673389185618,89.0131112459606
0.802499999999967,61.24184036254883,125.66370614359174,0.4392609340909891,115.61685448762012,89.25150499206612
0.802999999999967,61.2900505065918,125.66370614359174,0.4353226040132457,116.47824830470432,90.09782730979911
0.8034999999999669,61.339324951171875,125.66370614359174,0.43279521133501897,118.18341854335702,91.47495728970605
0.8039999999999669,61.39002990722656,125.66370614359174,0.4319401952600328,120.66272199845568,93.31647536778033
0.8044999999999668,61.442501068115234,125.66370614359174,0.432912854204318,123.85058436851988,95.56434532384739
0.8049999999999667,61.497013092041016,125.66370614359174,0.43577986512733197,127.68464568434723,98.16681152100796
0.8054999999999667,61.553810119628906,125.66370614359174,0.44053502036841163,132.1047989357591,101.07674556107466
0.8059999999999666,61.613101959228516,125.66370614359174,0.44711382261797666,137.05228781293863,104.25028628699619
0.8064999999999666,61.6750602722168,125.66370614359174,0.45540714912747415,139.95208412456705,107.64578570710577
0.8069999999999665,61.7320556640625,125.66370614359174,0.45818079240947446,132.8070551351591,101.62687721549761
0.8074999999999665,61.78523254394531,125.66370614359174,0.45842093778658843,126.90442991522866,96.99812632753522
0.8079999999999664,61.83564758300781,125.66370614359174,0.4559713255954656,122.34004272162994,93.66591924584836
0.8084999999999664,61.884220123291016,125.66370614359174,0.45161213629620156,119.06740207278257,91.46110090006597
0.8089999999999663,61.931739807128906,125.66370614359174,0.44629563160039765,117.00965666946009,90.23052086043351
0.8094999999999662,61.978885650634766,125.66370614359174,0.44088229609560114,116.07855416301835,89.84089720921831
0.8099999999999662,62.0262451171875,125.66370614359174,0.43606898914748515,116.18445696635331,90.1783640906177
0.8104999999999661,62.07432556152344,125.66370614359174,0.43238540422369476,117.24121188047418,91.14626969997397
0.8109999999999661,62.123565673828125,125.66370614359174,0.43021136235328583,119.16797061282621,92.6623515145759
0.811499999999966,62.17434310913086,125.66370614359174,0.42979790239376214,121.88931834744977,94.65587773430398
0.811999999999966,62.22698974609375,125.66370614359174,0.4312871483671026,125.33455820574461,97.06506396352083
0.8124999999999659,62.28178787231445,125.66370614359174,0.4347303055647531,129.43665947828387,99.83484331946187
0.8129999999999659,62.33898162841797,125.66370614359174,0.44010429329251366,134.1311577240241,102.91506493403294
0.8134999999999658,62.39876937866211,125.66370614359174,0.44732742038747464,137.77452903338062,106.25904219979552
0.8139999999999658,62.45397186279297,125.66370614359174,0.45249423141203754,131.12451097878835,100.62857011316171
0.8144999999999657,62.50557327270508,125.66370614359174,0.45408997592288736,125.45380955033008,96.20972636704998
0.8149999999999656,62.55451583862305,125.66370614359174,0.4522533854699214,120.94910344774752,92.96825579573583
0.8154999999999656,62.601654052734375,125.66370614359174,0.4479937542625408,117.62833692214322,90.78018704242523
0.8159999999999655,62.64773178100586,125.66370614359174,0.4424207472840058,115.45975855213341,89.52380056696725
0.8164999999999655,62.69340896606445,125.66370614359174,0.43650762746574034,114.38668289195452,89.08762510961641
0.8169999999999654,62.7392578125,125.66370614359174,0.43103693929165493,114.34155777516263,89.37285360502688
0.8174999999999654,62.78578567504883,125.66370614359174,0.4266070841587622,115.25365250577683,90.29317707444282
0.8179999999999653,62.833431243896484,125.66370614359174,0.4236549083579574,117.05283614098907,91.77334194719882
0.8184999999999653,62.88258743286133,125.66370614359174,0.4224791065487384,119.67106425890488,93.74728896821486
0.8189999999999652,62.93359375,125.66370614359174,0.4232607230618779,123.04260492097265,96.15621391639687
0.8194999999999651,62.98674774169922,125.66370614359174,0.4260810726660521,127.10363951711047,98.94683091229842
0.8199999999999651,63.04230880737305,125.66370614359174,0.43093829009710555,131.79161591795597,102.06988715632258
0.820499999999965,63.10049057006836,125.66370614359174,0.43776333408868684,137.04456688364385,105.47894013941908
0.820999999999965,63.16147994995117,125.66370614359174,0.44643556274211027,140.25352337917897,109.12944328642709
0.8214999999999649,63.217689514160156,125.66370614359174,0.44935927603435327,133.20249863478048,103.1904031860366
0.8219999999999649,63.27022171020508,125.66370614359174,0.44968638539924916,127.3967400659161,98.62801227579821
0.8224999999999648,63.32011795043945,125.66370614359174,0.44730719262990337,122.95316786861447,95.36818689950314
0.8229999999999648,63.368282318115234,125.66370614359174,0.4430486505747481,119.83677995353831,93.2527596570008
0.8234999999999647,63.41550827026367,125.66370614359174,0.4379034191649933,117.97665417575234,92.1345675312353
0.8239999999999646,63.46248245239258,125.66370614359174,0.4327643121556953,117.28680645559061,91.88303607306527
0.8244999999999646,63.50979232788086,125.66370614359174,0.42835186640730644,117.67743391257481,92.38484019746254
0.8249999999999645,63.557952880859375,125.66370614359174,0.42521028486111023,119.06057568840734,93.54245508385739
0.8254999999999645,63.60741424560547,125.66370614359174,0.4237243650279266,121.35244136761197,95.27179757265102
0.8259999999999644,63.658565521240234,125.66370614359174,0.4241407127353324,124.47386545077926,97.49966644380707
0.8264999999999644,63.711734771728516,125.66370614359174,0.4265884819635736,128.3498024416981,100.16133215183172
0.8269999999999643,63.767215728759766,125.66370614359174,0.4310990318754937,132.90841394402938,103.1984816657889
0.8274999999999643,63.82524871826172,125.66370614359174,0.4376248017036978,138.08006420895293,106.5574556140486
0.8279999999999642,63.886043548583984,125.66370614359174,0.44605743725296376,141.55995694484892,110.18790525331485
0.8284999999999642,63.94226837158203,125.66370614359174,0.44996574592789407,134.75385316278215,104.44821775601704
0.8289999999999641,63.994937896728516,125.66370614359174,0.45088836660371173,129.05878061741734,99.98447735547717
0.829499999999964,64.0450210571289,125.66370614359174,0.44883162862584886,124.64076748341876,96.75844215077112
0.829999999999964,64.09339141845703,125.66370614359174,0.44471031171992115,121.49961818389768,94.63846161900395
0.8304999999999639,64.14081573486328,125.66370614359174,0.43957665508979415,119.58833355778654,93.49542492322162
0.8309999999999639,64.18795776367188,125.66370614359174,0.434365559767389,118.83728581825304,93.2109490313608
0.8314999999999638,64.23541259765625,125.66370614359174,0.42982891165141573,119.16775792750296,93.67988141709661
0.8319999999999638,64.28368377685547,125.66370614359174,0.42653537820450044,120.49918578685144,94.81001702305713
0.8324999999999637,64.3332290649414,125.66370614359174,0.42488937892701467,122.75257420755989,96.52064466000456
0.8329999999999637,64.38443756103516,125.66370614359174,0.4251532654411633,125.85169880005667,98.74053091933773
0.8334999999999636,64.4376449584961,125.66370614359174,0.42746845001662526,129.7231150150364,101.40593261633398
0.8339999999999635,64.49314880371094,125.66370614359174,0.43187522189080896,134.2955996076407,104.45879992478761
0.8344999999999635,64.55120086669922,125.66370614359174,0.43833178110909016,139.499391891914,107.84522230970693
0.8349999999999634,64.61200714111328,125.66370614359174,0.44673264182849126,143.17689011388902,111.51418111244281
0.8354999999999634,64.66838073730469,125.66370614359174,0.45120281010356666,136.50195289145742,105.88220202114296
0.8359999999999633,64.72126770019531,125.66370614359174,0.4524523230125369,130.85992927390765,101.46638075088825
0.8364999999999633,64.77161407470703,125.66370614359174,0.45057006169490205,126.44930391632302,98.25270693203163
0.8369999999999632,64.82026672363281,125.66370614359174,0.4465276734420043,123.29221531062265,96.12664428231429
0.8374999999999632,64.86796569824219,125.66370614359174,0.44141448233484026,121.35667851594397,94.97044637358282
0.8379999999999631,64.91537475585938,125.66370614359174,0.4361908365616757,120.5830173501376,94.67318276489323
0.838499999999963,64.96308898925781,125.66370614359174,0.43162697421455565,120.89895065635544,95.13443291567944
0.838999999999963,65.01161193847656,125.66370614359174,0.4283052244742174,122.22789109003223,96.26484066390258
0.8394999999999629,65.0614013671875,125.66370614359174,0.42664020333241526,124.49308214779514,97.98522980614958
0.8399999999999629,65.11284637451172,125.66370614359174,0.4269016021237913,127.61929244338396,100.22497461679497
0.8404999999999628,65.16629028320312,125.66370614359174,0.42923564540192655,131.53316192436012,102.92028806014488
0.8409999999999628,65.22203826904297,125.66370614359174,0.4336851604138631,136.1628757012529,106.01259508353033
0.8414999999999627,65.28033447265625,125.66370614359174,0.44020889475089336,141.43756722891607,109.44707844851915
0.8419999999999627,65.3414077758789,125.66370614359174,0.44870026656811396,145.18243588385226,113.17159463804329
0.8424999999999626,65.3980712890625,125.66370614359174,0.4532485152713272,138.4770321726229,107.51391165906502
0.8429999999999626,65.45126342773438,125.66370614359174,0.45451611603704134,132.7945370993696,103.06520413773188
0.8434999999999625,65.50192260742188,125.66370614359174,0.45262765866160554,128.3462684810785,99.82104698725416
0.8439999999999624,65.55087280273438,125.66370614359174,0.4485752912540406,125.16193671066229,97.6723130702253
0.8444999999999624,65.59888458251953,125.66370614359174,0.44346097740945967,123.21394906521991,96.5043082265912
0.8449999999999623,65.64661407470703,125.66370614359174,0.43825340698274046,122.44489244789449,96.2075032434907
0.8454999999999623,65.69464111328125,125.66370614359174,0.4337283413892953,122.78330713273077,96.68181891629999
0.8459999999999622,65.74349212646484,125.66370614359174,0.4304713884970387,124.15243523534375,97.83759656260942
0.8464999999999622,65.79362487792969,125.66370614359174,0.42889842470309963,126.47465122184076,99.59484941530374
0.8469999999999621,65.84542083740234,125.66370614359174,0.42927853868347715,129.6733482161489,101.88179870562733
0.8474999999999621,65.89924621582031,125.66370614359174,0.43175570725927975,133.67341113793952,104.63331410488111
0.847999999999962,65.95539093017578,125.66370614359174,0.4363691861159087,138.40097622205252,107.78924264777741
0.848499999999962,66.01411437988281,125.66370614359174,0.4430732291581561,143.78289447794975,111.29310313243303
0.8489999999999619,66.07563018798828,125.66370614359174,0.451756263143408,147.4713439748513,115.0909338577578
0.8494999999999618,66.13265991210938,125.66370614359174,0.45591568988568726,140.56614558923988,109.26677956180876
0.8499999999999618,66.18617248535156,125.66370614359174,0.45689845923960315,134.74463565828364,104.70006678389056
0.8504999999999617,66.23712158203125,125.66370614359174,0.45482116030319897,130.21080013169663,101.38056824821955
0.8509999999999617,66.28634643554688,125.66370614359174,0.4506628017262149,126.98664086170174,99.19228569317498
0.8514999999999616,66.33464050292969,125.66370614359174,0.44551549720932954,125.03793152062381,98.01470001166457
0.8519999999999616,66.38265991210938,125.66370614359174,0.44034058528141906,124.30151543988389,97.73330253288394
0.8524999999999615,66.43099975585938,125.66370614359174,0.4359075659226521,124.7008854668255,98.24376168684465
0.8529999999999615,66.4802017211914,125.66370614359174,0.43279572447365344,126.15475904341432,99.45271137684263
0.8534999999999614,66.53070831298828,125.66370614359174,0.4314138404294399,128.58136305460056,101.27682110604935
0.8539999999999613,66.58293151855469,125.66370614359174,0.4320228683770241,131.9002035297653,103.64133659548784
0.8544999999999613,66.63721466064453,125.66370614359174,0.4347577439383652,136.03244954222035,106.47828498595352
0.8549999999999612,66.69386291503906,125.66370614359174,0.4396481840669441,140.90062778314748,109.7248791648232
0.8554999999999612,66.75312805175781,125.66370614359174,0.4466389461147029,146.42804175613017,113.32207187018122
0.8559999999999611,66.81522369384766,125.66370614359174,0.45560952399034066,149.93912251534212,117.21342019851217
0.8564999999999611,66.8726577758789,125.66370614359174,0.4589208715179172,142.66463573145086,111.08120326792843
0.856999999999961,66.92645263671875,125.66370614359174,0.4593203067595284,136.6078100212694,106.31248711226337
0.857499999999961,66.97762298583984,125.66370614359174,0.456874359667303,131.94442521184848,102.875295892118
0.8579999999999609,67.02706146240234,125.66370614359174,0.4525165204713708,128.67293344467708,100.63400802472147
0.8584999999999608,67.07555389404297,125.66370614359174,0.4473073677891727,126.74102539157741,99.45301727659951
0.8589999999999608,67.12381744384766,125.66370614359174,0.4421856636680902,126.0714686757793,99.2062706495045
0.8594999999999607,67.17244720458984,125.66370614359174,0.43790307321716865,126.57658485201704,99.78032172614218
0.8599999999999607,67.22197723388672,125.66370614359174,0.43502296771453497,128.16600894252525,101.07451253767637
0.8604999999999606,67.27288818359375,125.66370614359174,0.43393852993862697,130.75037633660833,102.99961511647479
0.8609999999999606,67.32556915283203,125.66370614359174,0.4348948066676198,134.24265829957722,105.47584036799857
0.8614999999999605,67.38037872314453,125.66370614359174,0.43801060991910934,138.5582344555572,108.43092259843488
0.8619999999999605,67.43760681152344,125.66370614359174,0.4432998613378831,143.6143677662427,111.79822505191983
0.8624999999999604,67.49752044677734,125.66370614359174,0.45069256098886135,149.32947248164257,115.5152552725819
0.8629999999999604,67.56031036376953,125.66370614359174,0.46005511851031006,152.5396000236694,119.52232318488484
0.8634999999999603,67.61815643310547,125.66370614359174,0.46205767246477264,144.73195915326474,112.94438161646838
0.8639999999999602,67.67220306396484,125.66370614359174,0.4615781032986561,138.35098867996493,107.89459140638363
0.8644999999999602,67.7235336303711,125.66370614359174,0.45859109216544397,133.5225346316186,104.30272373352808
0.8649999999999601,67.77310943603516,125.66370614359174,0.4539518291363475,130.2050771455525,102.0003983782573
0.8654999999999601,67.82176208496094,125.66370614359174,0.4486670368504944,128.31635165288648,100.8275334602742
0.86599999999996,67.8702163696289,125.66370614359174,0.4436369050754948,127.75640441035662,100.63961138711917
0.86649999999996,67.91911315917969,125.66370614359174,0.4395828117734359,128.4200249463897,101.30916186947793
0.8669999999999599,67.968994140625,125.66370614359174,0.4370416688183998,130.20302608805082,102.72460378121237
0.8674999999999599,68.02032470703125,125.66370614359174,0.4363815973947597,133.00486606202,104.78801914830994
0.8679999999999598,68.07352447509766,125.66370614359174,0.43782307107517965,136.7292227225012,107.41262558513334
0.8684999999999597,68.12893676757812,125.66370614359174,0.4414609611640757,141.28352640344164,110.5202639990272
0.8689999999999597,68.18685913085938,125.66370614359174,0.4472866164575994,146.5780567168928,114.0392847708542
0.8694999999999596,68.24752807617188,125.66370614359174,0.4552097277099545,150.42520233437693,117.90273651615426
0.8699999999999596,68.3034896850586,125.66370614359174,0.45941079041558613,142.92838877202522,111.56668945459248
0.8704999999999595,68.35575866699219,125.66370614359174,0.46005386471145,136.61178562478725,106.60623703173431
0.8709999999999595,68.40533447265625,125.66370614359174,0.4574152500495475,131.6902138287771,103.00533840563502
0.8714999999999594,68.45311737060547,125.66370614359174,0.45258142611419044,128.18487887186032,100.63671526005086
0.8719999999999594,68.49993133544922,125.66370614359174,0.4467188891037405,126.05754165993697,99.36893721929967
0.8724999999999593,68.54647827148438,125.66370614359174,0.44084510962686313,125.23915094186005,99.07731413913568
0.8729999999999593,68.5933837890625,125.66370614359174,0.4357741276489545,125.64616736218623,99.64803591376992
0.8734999999999592,68.6412124633789,125.66370614359174,0.43212054603997346,127.18955190738211,100.97888320667641
0.8739999999999591,68.69043731689453,125.66370614359174,0.4303194980767991,129.7792701008623,102.97819231240605
0.8744999999999591,68.74148559570312,125.66370614359174,0.4306488179522133,133.32617289585946,105.56322960478911
0.874999999999959,68.79471588134766,125.66370614359174,0.4332504718656441,137.7424366108059,108.65830493734084
0.875499999999959,68.85045623779297,125.66370614359174,0.4381516712321694,142.9412901954517,112.19309748760271
0.8759999999999589,68.90895080566406,125.66370614359174,0.4452863128633842,148.83646199926142,116.10108380687328
0.8764999999999589,68.97042846679688,125.66370614359174,0.4545165695872842,152.2747391678909,120.31844687276482
0.8769999999999588,69.02689361572266,125.66370614359174,0.4563727233520587,144.19632832619448,113.50279940022602
0.8774999999999588,69.07952880859375,125.66370614359174,0.4556319148917513,137.64440486751144,108.30523451971128
0.8779999999999587,69.12945556640625,125.66370614359174,0.452340260954817,132.74215768685445,104.64850356595835
0.8784999999999586,69.17767333984375,125.66370614359174,0.44741046099692716,129.44007601762667,102.35392506843407
0.8789999999999586,69.22504425048828,125.66370614359174,0.4418951133753077,127.64758823551807,101.25200532693786
0.8794999999999585,69.27230834960938,125.66370614359174,0.4367308273169991,127.25645932409365,101.18968985512207
0.8799999999999585,69.32013702392578,125.66370614359174,0.43266640579224247,128.1533383962899,102.03177171775593
0.8804999999999584,69.36907958984375,125.66370614359174,0.43025665439359734,130.22605129993883,103.65953200480327
0.8809999999999584,69.41962432861328,125.66370614359174,0.42987737355405214,133.36618867024052,105.96842763609432
0.8814999999999583,69.47219848632812,125.66370614359174,0.4317463843148399,137.46963188909461,108.86539516535022
0.8819999999999583,69.52715301513672,125.66370614359174,0.43594644231913365,142.43604122972408,112.26626237720339
0.8824999999999582,69.58478546142578,125.66370614359174,0.442449202300798,148.16792010592178,116.0935474551151
0.8829999999999582,69.64533996582031,125.66370614359174,0.4511396568075544,151.91306731952784,120.27462111081135
0.8834999999999581,69.70104217529297,125.66370614359174,0.45399388568937055,144.01661151696578,113.6057115787806
0.883999999999958,69.75300598144531,125.66370614359174,0.45378722731255094,137.52756365997303,108.47291533876825
0.884499999999958,69.80229949951172,125.66370614359174,0.4506975734622226,132.61737458589948,104.831647969722
0.8849999999999579,69.84988403320312,125.66370614359174,0.4457444303094926,129.2700687765464,102.52711282081222
0.8854999999999579,69.89662170410156,125.66370614359174,0.44005728249112785,127.41799266075571,101.4059753804788
0.8859999999999578,69.94324493408203,125.66370614359174,0.43463047873095617,126.96843089246003,101.32592763985429
0.8864999999999578,69.99041748046875,125.66370614359174,0.4302582800978693,127.81837850823841,102.15875673770333
0.8869999999999577,70.0386962890625,125.66370614359174,0.4275322774828577,129.86236593782488,103.79013940552056
0.8874999999999577,70.08858489990234,125.66370614359174,0.42685787859087515,132.99610157459574,106.11809535567951
0.8879999999999576,70.1405029296875,125.66370614359174,0.42847569009065845,137.11772366261124,109.05077885344775
0.8884999999999575,70.19481658935547,125.66370614359174,0.432484425814952,142.12778924149583,112.50432653035656
0.8889999999999575,70.25183868408203,125.66370614359174,0.4388650451842284,147.9286858602262,116.40087796874019
0.8894999999999574,70.31181335449219,125.66370614359174,0.44750581010208307,151.9406589711985,120.66689008684719
0.8899999999999574,70.36709594726562,125.66370614359174,0.4509269659668173,144.22809899472668,114.15231522179398
0.8904999999999573,70.41873168945312,125.66370614359174,0.4510540261944746,137.84997421247857,109.11333828081922
0.8909999999999573,70.4677734375,125.66370614359174,0.44814434730674024,133.01051525572626,105.53091320664676
0.8914999999999572,70.51515197753906,125.66370614359174,0.44328040367267946,129.71614843430385,103.26825585924483
0.8919999999999572,70.56172180175781,125.66370614359174,0.43763720522011124,127.91414141910933,102.18397502001078
0.8924999999999571,70.60820007324219,125.66370614359174,0.4322427520102685,127.52149437682736,102.14346650942122
0.892999999999957,70.65525817871094,125.66370614359174,0.4279164234422848,128.4412773179005,103.02331853687504
0.893499999999957,70.70345306396484,125.66370614359174,0.4252680327562038,130.57152903570122,104.71194791671824
0.8939999999999569,70.75328826904297,125.66370614359174,0.4247150252439492,133.80963684091944,107.10867153494085
0.8944999999999569,70.80519104003906,125.66370614359174,0.426504279987352,138.0540956160468,110.12192682440764
0.8949999999999568,70.85953521728516,125.66370614359174,0.43073556942387586,143.20484756069675,113.66739672487239
0.8954999999999568,70.91663360595703,125.66370614359174,0.4373865692538337,149.16293906377197,117.66621820916622
0.8959999999999567,70.97673797607422,125.66370614359174,0.44633907154261454,153.2753130692187,122.0434618214525
0.8964999999999567,71.03224182128906,125.66370614359174,0.44979972494740106,145.646542466823,115.60163225096794
0.8969999999999566,71.08416748046875,125.66370614359174,0.44999115961090624,139.338199896292,110.61289545529726
0.8974999999999566,71.13355255126953,125.66370614359174,0.4471799613884994,134.5681447006323,107.07204297696939
0.8979999999999565,71.18132019042969,125.66370614359174,0.4424564708287633,131.3513299728788,104.85102229532406
0.8984999999999564,71.22830963134766,125.66370614359174,0.43700252262264805,129.6399434979209,103.81365963179871
0.8989999999999564,71.27525329589844,125.66370614359174,0.4318507519578232,129.35344631820024,103.82824604207093
0.8994999999999563,71.32281494140625,125.66370614359174,0.4278221386332376,130.395676618052,104.77262380756238
0.8999999999999563,71.3715591430664,125.66370614359174,0.4255245296942005,132.6642592432117,106.53538367555379
0.9004999999999562,71.4219741821289,125.66370614359174,0.42536974931166704,136.05532613363735,109.01521780298592
0.9009999999999562,71.4745101928711,125.66370614359174,0.427595847641208,140.4655044832047,112.11945778528491
0.9014999999999561,71.52952575683594,125.66370614359174,0.4322914969099923,145.79241294060319,115.76223804030651
0.9019999999999561,71.58734130859375,125.66370614359174,0.43942222490915067,151.934428280853,119.86290297690338
0.902499999999956,71.64820861816406,125.66370614359174,0.44885785519155896,155.9851760342361,124.34451464600373
0.902999999999956,71.70446014404297,125.66370614359174,0.4519123448413121,148.2754073330434,117.8364269636587
0.9034999999999559,71.75714874267578,125.66370614359174,0.4519011397698427,141.93193768393533,112.80636367479649
0.9039999999999558,71.80729675292969,125.66370614359174,0.4490528165897599,137.16768453864373,109.24902079837163
0.9044999999999558,71.8558578491211,125.66370614359174,0.44442448587312483,133.99227380034927,107.03403303153051
0.9049999999999557,71.90365600585938,125.66370614359174,0.43917430152526526,132.35283460729823,106.02246251078985
0.9054999999999557,71.95144653320312,125.66370614359174,0.4343161997325042,132.16406477340774,106.07976055069321
0.9059999999999556,71.9998779296875,125.66370614359174,0.4306541916736767,133.32530262994993,107.0808568880952
0.9064999999999556,72.04952239990234,125.66370614359174,0.4287791026200706,135.72988264246607,108.91149474837893
0.9069999999999555,72.10088348388672,125.66370614359174,0.42908514050884505,139.2697987709677,111.46757588884326
0.9074999999999555,72.1543960571289,125.66370614359174,0.4317925401085537,143.83764220742586,114.65363811578214
0.9079999999999554,72.21041870117188,125.66370614359174,0.436972902866201,149.3270585909602,118.38107790988163
0.9084999999999553,72.26927185058594,125.66370614359174,0.4445764944673526,155.63248853284912,122.56652845781588
0.9089999999999553,72.33120727539062,125.66370614359174,0.4544605079430466,159.49001886334273,127.1303626632393
0.9094999999999552,72.38839721679688,125.66370614359174,0.45675876124740983,151.49048537218988,120.37806753817917
0.9099999999999552,72.44194030761719,125.66370614359174,0.45628591144586617,144.96655491891258,115.1858539777936
0.9104999999999551,72.49291229248047,125.66370614359174,0.4532110140254962,140.10793690406905,111.5323953671879
0.9109999999999551,72.5422592163086,125.66370614359174,0.44853580376937496,136.90485255387082,109.27216192379848
0.911499999999955,72.59085845947266,125.66370614359174,0.4433774179844183,135.28921023347903,108.25436506750196
0.911999999999955,72.63946533203125,125.66370614359174,0.43871790408428424,135.16356951944675,108.33496224710005
0.9124999999999549,72.68872833251953,125.66370614359174,0.43533436551944116,136.4173734599855,109.38120058559977
0.9129999999999548,72.73924255371094,125.66370614359174,0.4337933195987327,138.93567912635203,111.27250713951996
0.9134999999999548,72.79149627685547,125.66370614359174,0.4344663684995902,142.60336142050244,113.89938209647228
0.9139999999999547,72.84593963623047,125.66370614359174,0.4375529658375855,147.30671799914109,117.16171426497455
0.9144999999999547,72.90291595458984,125.66370614359174,0.4431063858044204,152.93369013000694,120.96671563618064
0.9149999999999546,72.9627456665039,125.66370614359174,0.4510616856678239,157.5272258970631,125.2272341250991
0.9154999999999546,73.01820373535156,125.66370614359174,0.45638450576300854,150.09802357754614,118.94928651350267
0.9159999999999545,73.07018280029297,125.66370614359174,0.4574980494811803,143.7295951366956,113.94966400705498
0.9164999999999545,73.1196060180664,125.66370614359174,0.4549644417937836,138.74974999464257,110.29827569416459
0.9169999999999544,73.1673583984375,125.66370614359174,0.4500811511720126,135.2493749740343,107.9207550751278
0.9174999999999544,73.2142333984375,125.66370614359174,0.44416757099755266,133.23220283179035,106.7167105291927
0.9179999999999543,73.2609634399414,125.66370614359174,0.43835536937811503,132.65221007813844,106.5778856676619
0.9184999999999542,73.3082046508789,125.66370614359174,0.4335431887995837,133.43579313765494,107.39694115606672
0.9189999999999542,73.35653686523438,125.66370614359174,0.4304037778453372,135.49466561212787,109.07127448668648
0.9194999999999541,73.4064712524414,125.66370614359174,0.42940456143529837,138.73297695889522,111.50411390885978
0.9199999999999541,73.45845794677734,125.66370614359174,0.4308303606681063,143.0509531760762,114.60421840099508
0.920499999999954,73.51289367675781,125.66370614359174,0.4348068882053508,148.34653802497493,118.28496774458648
0.920999999999954,73.5700912475586,125.66370614359174,0.44132598129556666,154.5159610036834,122.46321966140553
0.9214999999999539,73.6303482055664,125.66370614359174,0.45027277925985343,158.9802675967361,127.05838727095887
0.9219999999999539,73.68608093261719,125.66370614359174,0.454190417155927,151.20786480678623,120.49359752554776
0.9224999999999538,73.73827362060547,125.66370614359174,0.45448911248929585,144.72369420219272,115.36580627020633
0.9229999999999537,73.78792572021484,125.66370614359174,0.4516035737523301,139.79931008221982,111.70778239998927
0.9234999999999537,73.83597564697266,125.66370614359174,0.4467330937220883,136.4807704786439,109.41264445982999
0.9239999999999536,73.88326263427734,125.66370614359174,0.4411322849560505,134.73792795792318,108.35541872779524
0.9244999999999536,73.93053436279297,125.66370614359174,0.4358852614485103,134.49874973755615,108.40900334347813
0.9249999999999535,73.97846221923828,125.66370614359174,0.4318495898864555,135.6692517261252,109.45138627174322
0.9254999999999535,74.02762603759766,125.66370614359174,0.4296571417001065,138.14478658557167,111.3682771613286
0.9259999999999534,74.07855224609375,125.66370614359174,0.4297319524448509,141.81601545926245,114.0534088943546
0.9264999999999534,74.13168334960938,125.66370614359174,0.4323130965584411,146.57173808591997,117.40758254610981
0.9269999999999533,74.1874008178711,125.66370614359174,0.43748034572768923,152.29996745875494,121.33735505099051
0.9274999999999533,74.24602508544922,125.66370614359174,0.4451824751277026,158.88810793489174,125.75364878955443
0.9279999999999532,74.30781555175781,125.66370614359174,0.4552673129906638,162.88279435403368,130.57051344525718
0.9284999999999531,74.36478424072266,125.66370614359174,0.4571643942323827,154.5198658588137,123.5042008480177
0.9289999999999531,74.41805267333984,125.66370614359174,0.4563060964141065,147.75385786893335,118.09966134581695
0.929499999999953,74.46874237060547,125.66370614359174,0.4529164154085444,142.77391101588918,114.33262427782574
0.929999999999953,74.5178451538086,125.66370614359174,0.4480304790357592,139.56209396740624,112.04810896242917
0.9304999999999529,74.56624603271484,125.66370614359174,0.44279013103998593,138.04049851076505,111.08527369863528
0.9309999999999529,74.61473083496094,125.66370614359174,0.43819514293215883,138.10099424866505,111.29003475459027
0.9314999999999528,74.66399383544922,125.66370614359174,0.43503249884420647,139.62185546484554,112.51979992569433
0.9319999999999528,74.7146224975586,125.66370614359174,0.43386942102246534,142.4766803675789,114.64431082490715
0.9324999999999527,74.76713562011719,125.66370614359174,0.4350683851120406,146.53867521676563,117.54465713257754
0.9329999999999526,74.82196807861328,125.66370614359174,0.43881050392008114,151.6822900859258,121.11142252717276
0.9334999999999526,74.8794937133789,125.66370614359174,0.44512344526209086,157.78345545828444,125.24271991092509
0.9339999999999525,74.94001770019531,125.66370614359174,0.45391224839854033,162.1812946729561,129.84232890405477
0.9344999999999525,74.99590301513672,125.66370614359174,0.4575730365196404,154.06895938970905,122.9858971477699
0.9349999999999524,75.04816436767578,125.66370614359174,0.45758886274551847,147.31359326425854,117.63349337623205
0.9354999999999524,75.09782409667969,125.66370614359174,0.45442470680614694,142.19076008901516,113.8169655737685
0.9359999999999523,75.14584350585938,125.66370614359174,0.44930075136855,138.74457070921844,111.42424612859503
0.9364999999999523,75.19308471679688,125.66370614359174,0.44348833393363524,136.94088509993696,110.32447285792287
0.9369999999999522,75.24031066894531,125.66370614359174,0.43808534730790333,136.70245005996483,110.38441502340332
0.9374999999999521,75.28821563720703,125.66370614359174,0.43395989229104937,137.92929515737296,111.47592656749482
0.9379999999999521,75.33740234375,125.66370614359174,0.4317503500476339,140.51027959756127,113.47864865458217
0.938499999999952,75.38838958740234,125.66370614359174,0.43188254417831595,144.32920542755053,116.28028045503805
0.938999999999952,75.44163513183594,125.66370614359174,0.4345923726039445,149.26772579331052,119.77568998502986
0.9394999999999519,75.49752807617188,125.66370614359174,0.4399518608306862,155.20646758704984,123.86553639097617
0.9399999999999519,75.55638885498047,125.66370614359174,0.4478984559721989,160.12657285565882,128.45486216480958
0.9404999999999518,75.6108627319336,125.66370614359174,0.4530689688934589,152.37837363765712,121.90874546502852
0.9409999999999518,75.6618423461914,125.66370614359174,0.45386627164327326,145.78434565348232,116.71994518115507
0.9414999999999517,75.71029663085938,125.66370614359174,0.4509723540162057,140.6944712600889,112.97243479506103
0.9419999999999517,75.75713348388672,125.66370614359174,0.4457712628735047,137.20612688442432,110.59356532465902
0.9424999999999516,75.80319213867188,125.66370614359174,0.4396488415216195,135.32257422447222,109.47998759263609
0.9429999999999515,75.8492202758789,125.66370614359174,0.4337887583339199,134.9927272062683,109.51752087283799
0.9434999999999515,75.89591217041016,125.66370614359174,0.4291280057967999,136.1347996088085,110.59107945950089
0.9439999999999514,75.94387817382812,125.66370614359174,0.4263625863656575,138.65012737981712,112.58909202259633
0.9444999999999514,75.99363708496094,125.66370614359174,0.42596638285182203,142.43087294671318,115.4049606781569
0.9449999999999513,76.04566192626953,125.66370614359174,0.4282134425895496,147.36404641707546,118.93705451052703
0.9454999999999513,76.10035705566406,125.66370614359174,0.43320315523918307,153.3334080849321,123.08790750889008
0.9459999999999512,76.1580581665039,125.66370614359174,0.4408892540886287,160.2202327348001,127.76323230496473
0.9464999999999512,76.21903991699219,125.66370614359174,0.45111201686604885,164.55746341554277,132.8709860992507
0.9469999999999511,76.27526092529297,125.66370614359174,0.4530927297160999,156.0952390373517,125.71401351729493
0.947499999999951,76.32785034179688,125.66370614359174,0.4521852638168838,149.27640268358635,120.25491343627115
0.947999999999951,76.37791442871094,125.66370614359174,0.4487067735107138,144.3124865224486,116.48567186810914
0.9484999999999509,76.42646789550781,125.66370614359174,0.443763599691669,141.19472274621575,114.25709512467337
0.9489999999999509,76.47441864013672,125.66370614359174,0.43855178638100006,139.84769168096486,113.40914429098139
0.9494999999999508,76.5225601196289,125.66370614359174,0.4341112100536165,140.16128487263933,113.78530125308754
0.9499999999999508,76.57160949707031,125.66370614359174,0.4312552458340456,142.00874673875632,115.23845618133984
0.9504999999999507,76.62216186523438,125.66370614359174,0.43056320923769004,145.25651011314284,117.63240647454353
0.9509999999999507,76.67475128173828,125.66370614359174,0.4323952489173925,149.76907914341075,120.84135235749508
0.9514999999999506,76.72982788085938,125.66370614359174,0.4369169907322367,155.41106531271046,124.7483220836845
0.9519999999999506,76.78776550292969,125.66370614359174,0.4441302969853175,162.04770337637802,129.243377257473
0.9524999999999505,76.848876953125,125.66370614359174,0.453907999152578,166.4102148908255,134.22192563288596
0.9529999999999504,76.9052505493164,125.66370614359174,0.456373655447802,157.9229218813134,127.0432076911435
0.9534999999999504,76.95796966552734,125.66370614359174,0.45568143523645227,151.00754272450678,121.51860650420862
0.9539999999999503,77.00814056396484,125.66370614359174,0.4522213942881557,145.90882659848077,117.66198531236616
0.9544999999999503,77.05674743652344,125.66370614359174,0.4471557054875742,142.64081257341348,115.33952545230046
0.9549999999999502,77.10469055175781,125.66370614359174,0.4417198760773001,141.14335894363393,114.40122138136404
0.9554999999999502,77.15278625488281,125.66370614359174,0.43698424241875544,141.31639181515507,114.69693564925805
0.9559999999999501,77.20172882080078,125.66370614359174,0.43378785146083465,143.03951424812408,116.08331492849702
0.9564999999999501,77.25212860107422,125.66370614359174,0.43273284838126924,146.18291352090725,118.4261841377223
0.95699999999995,77.30453491210938,125.66370614359174,0.43419979173548023,150.61297712630838,121.60050770211919
0.95749999999995,77.35939025878906,125.66370614359174,0.43837183323790174,156.19483219075698,125.48913331556977
0.9579999999999499,77.41708374023438,125.66370614359174,0.44526472251821614,162.79320993274854,129.9813118985404
0.9584999999999498,77.4779281616211,125.66370614359174,0.45476098516490426,167.28985822240818,134.97112023692776
0.9589999999999498,77.53404998779297,125.66370614359174,0.45755884588616663,158.75803079680983,127.75464232410508
0.9594999999999497,77.5865249633789,125.66370614359174,0.45697095210988775,151.7665632643863,122.17780724506626
0.9599999999999497,77.63642120361328,125.66370614359174,0.4534664519008736,146.58230271005345,118.2680610745201
0.9604999999999496,77.68474578857422,125.66370614359174,0.4482624720984735,143.2331888091109,115.9001698555241
0.9609999999999496,77.7323989868164,125.66370614359174,0.44263205854176835,141.66788129595696,114.92924857208114
0.9614999999999495,77.78018188476562,125.66370614359174,0.43767347402284995,141.79155555109872,115.20790798091664
0.9619999999999495,77.82880401611328,125.66370614359174,0.4342479340776324,143.48656126705671,116.5939600437845
0.9624999999999494,77.87889862060547,125.66370614359174,0.43297553031556874,146.6240454691594,118.95326471716825
0.9629999999999493,77.93098449707031,125.66370614359174,0.43425084162847477,151.07005900159177,122.1599269704181
0.9634999999999493,77.98554229736328,125.66370614359174,0.4382669214596081,156.68843525601878,126.095451431146
0.9639999999999492,78.04295349121094,125.66370614359174,0.44504515629245567,163.3418934244197,130.6472435622232
0.9644999999999492,78.10353088378906,125.66370614359174,0.45446964758527725,167.91727565592925,135.70722522168364
0.9649999999999491,78.15937042236328,125.66370614359174,0.4572411729701853,159.2720447047623,128.39299776310784
0.9654999999999491,78.21154022216797,125.66370614359174,0.45656523493186074,152.19679397505243,122.74698434152977
0.965999999999949,78.2611312866211,125.66370614359174,0.4529472857034342,146.96260710585645,118.79801658795907
0.966499999999949,78.30915832519531,125.66370614359174,0.4476300415997849,143.59778341320072,116.41950791632354
0.9669999999999489,78.35652160644531,125.66370614359174,0.44190544207659416,142.04983883108167,115.46444997187648
0.9674999999999488,78.40404510498047,125.66370614359174,0.436886114099167,142.22181761116371,115.78292443863737
0.9679999999999488,78.45244598388672,125.66370614359174,0.4334436438824308,143.99326619477486,117.2299300930004
0.9684999999999487,78.5023422241211,125.66370614359174,0.4322043171799438,147.23205338850855,119.66831792937093
0.9689999999999487,78.55429077148438,125.66370614359174,0.43356447021709377,151.80060229626963,122.96915945782563
0.9694999999999486,78.60874938964844,125.66370614359174,0.4377145684608119,157.55885262029747,127.0107605666742
0.9699999999999486,78.6661148071289,125.66370614359174,0.4446696917391812,164.3654244731303,131.67733605594506
0.9704999999999485,78.72669982910156,125.66370614359174,0.4543049975866001,168.93141960197673,136.8575606189679
0.9709999999999485,78.78247833251953,125.66370614359174,0.45665933090030225,160.10175885966,129.3832329395198
0.9714999999999484,78.83456420898438,125.66370614359174,0.4557021382902477,152.9315964156938,123.64661724388067
0.9719999999999483,78.88407135009766,125.66370614359174,0.451923023032261,147.6776930052708,119.66566901159707
0.9724999999999483,78.9320297241211,125.66370614359174,0.44655207832525984,144.35482697871953,117.3026039510466
0.9729999999999482,78.9793701171875,125.66370614359174,0.44087412444127977,142.89919705954463,116.40113114070488
0.9734999999999482,79.02691650390625,125.66370614359174,0.43599630833928105,143.20419069809319,116.80347251490491
0.9739999999999481,79.07540130615234,125.66370614359174,0.4327834133875624,145.14091921249405,118.35789793485354
0.9744999999999481,79.12545776367188,125.66370614359174,0.43185177372545314,148.56970228996013,120.92135561426639
0.974999999999948,79.17762756347656,125.66370614359174,0.433584029531409,153.34605028576823,124.35957886146116
0.975499999999948,79.23238372802734,125.66370614359174,0.4381537901531561,159.32344713369005,128.54603350337499
0.9759999999999479,79.29011535644531,125.66370614359174,0.44555757185074735,166.35439116037907,133.36039751978274
0.9764999999999479,79.35113525390625,125.66370614359174,0.45565205429946826,170.79632120739666,138.68708229819373
0.9769999999999478,79.4072265625,125.66370614359174,0.4572051270961196,161.68089309142886,130.96399873564133
0.9774999999999477,79.45955657958984,125.66370614359174,0.4557685196815019,154.37296496971993,125.09059076597397
0.9779999999999477,79.50930786132812,125.66370614359174,0.45176725406456947,149.09633785467028,121.06102176710719
0.9784999999999476,79.55753326416016,125.66370614359174,0.44637999014243807,145.83833925356825,118.71592717967572
0.9789999999999476,79.60519409179688,125.66370614359174,0.4408563272842811,144.51368253950847,117.88217142137582
0.9794999999999475,79.65312194824219,125.66370614359174,0.43627582817278165,144.99861824168366,118.38860270372119
0.9799999999999475,79.7020492553711,125.66370614359174,0.4334776040714509,147.15026622752828,120.07267623820853
0.9804999999999474,79.75263214111328,125.66370614359174,0.4330512549624678,150.81722459676183,122.78243881545474
0.9809999999999474,79.80541229248047,125.66370614359174,0.43535097473254786,155.84492235890625,126.37606289727994
0.9814999999999473,79.86085510253906,125.66370614359174,0.44052129662470285,162.07795676149877,130.72045218113254
0.9819999999999472,79.91934204101562,125.66370614359174,0.44853102200839223,167.23739365670605,135.6894748052665
0.9824999999999472,79.97332000732422,125.66370614359174,0.45312927242895396,158.82307606756405,128.57646554117102
0.9829999999999471,80.02375030517578,125.66370614359174,0.4532692015552113,151.74353405980412,122.97295978080187
0.9834999999999471,80.0716323852539,125.66370614359174,0.44976302822104025,146.38164655332946,118.98418094261623
0.983999999999947,80.1179428100586,125.66370614359174,0.4440927208628701,142.8423065185768,116.5379829376155
0.984499999999947,80.16358184814453,125.66370614359174,0.43772429261614126,141.12460886945675,115.5234195498489
0.9849999999999469,80.2093505859375,125.66370614359174,0.43190553142489996,141.16557040525814,115.81370514630137
0.9854999999999469,80.25598907470703,125.66370614359174,0.42761840525881806,142.86623113326894,117.27797286931806
0.9859999999999468,80.30414581298828,125.66370614359174,0.42558022567952253,146.10701911309755,119.78679169467041
0.9864999999999468,80.35438537597656,125.66370614359174,0.42625928695069315,150.7564369997003,123.21430879664953
0.9869999999999467,80.40719604492188,125.66370614359174,0.4298972762119058,156.67573207322482,127.43859525166214
0.9874999999999466,80.46299743652344,125.66370614359174,0.4365387250970774,163.72125898454837,132.34115922329943
0.9879999999999466,80.52212524414062,125.66370614359174,0.4460675946648202,168.8723610710804,137.8061375701294
0.9884999999999465,80.57669830322266,125.66370614359174,0.449255307331562,160.30631085771125,130.55662101354767
0.9889999999999465,80.62774658203125,125.66370614359174,0.4487267527462008,153.3107588823028,124.96720952693843
0.9894999999999464,80.67635345458984,125.66370614359174,0.4451364155185338,148.20624375017576,121.10589864040143
0.9899999999999464,80.72352600097656,125.66370614359174,0.4398459675028927,145.04828245716322,118.86753515089939
0.9904999999999463,80.77018737792969,125.66370614359174,0.4342389039977783,143.79827771747895,118.11584696868
0.9909999999999463,80.81716918945312,125.66370614359174,0.4294966305504836,144.3639452239327,118.70433803361527
0.9914999999999462,80.86520385742188,125.66370614359174,0.42653739678948904,146.62303626143893,120.48643582979409
0.9919999999999461,80.91494750976562,125.66370614359174,0.42601093746947555,150.43700894372654,123.31997475644688
0.9924999999999461,80.96694946289062,125.66370614359174,0.42831342723354665,155.65851927547365,127.06848816615681
0.992999999999946,81.02169036865234,125.66370614359174,0.43361360057014464,162.13525661327375,131.60103807426995
0.993499999999946,81.07957458496094,125.66370614359174,0.44188811905606257,167.74792197202615,136.7913131670904
0.9939999999999459,81.1332778930664,125.66370614359174,0.44731838753121894,159.82864215010275,130.10599686370557
0.9944999999999459,81.18364715576172,125.66370614359174,0.4480402734822387,153.0932732864077,124.78572257393395
0.9949999999999458,81.23163604736328,125.66370614359174,0.44496736498866235,147.98989031299456,120.9931914682701
0.9954999999999458,81.2781753540039,125.66370614359174,0.43966421376853226,144.6693153791361,118.6975404866879
0.9959999999999457,81.3241195678711,125.66370614359174,0.4336583882653678,143.16129726544702,117.81536284437061
0.9964999999999457,81.37027740478516,125.66370614359174,0.42824283482797865,143.42269155812318,118.23781643586372
0.9969999999999456,81.41738891601562,125.66370614359174,0.42443050435113017,145.36667581498764,119.84513646138231
0.9974999999999455,81.46607971191406,125.66370614359174,0.4229561835762038,148.88027960418762,122.51410464345082
0.9979999999999455,81.51693725585938,125.66370614359174,0.42429263700446407,153.83458053000862,126.12166747746528
0.9984999999999454,81.5704574584961,125.66370614359174,0.42867443266555366,160.0904328710009,130.54615543959596
0.9989999999999454,81.6270523071289,125.66370614359174,0.4361301018497108,167.50158068239116,135.6674715661247
0.9994999999999453,81.68707275390625,125.66370614359174,0.4465223321342991,172.8226324336503,141.36682815874423
0.9999999999999453,81.74272155761719,125.66370614359174,0.4497759491138603,164.50271446222246,134.32562044849448
1.0004999999999453,81.79499053955078,125.66370614359174,0.44945884614788006,157.70884319976935,128.8800647666013
1.0009999999999453,81.84490966796875,125.66370614359174,0.4462157058424189,152.7911877014863,125.13044274072321
1.0014999999999452,81.89347839355469,125.66370614359174,0.4413987108523032,149.82458746069014,122.9926662562077
1.0019999999999452,81.94160461425781,125.66370614359174,0.43638326813145284,148.78167731786195,122.34326704427319
1.002499999999945,81.9901123046875,125.66370614359174,0.43233963223851674,149.57575400959644,123.04287670878341
1.002999999999945,82.03973388671875,125.66370614359174,0.43016929005561855,152.08616563286503,124.94811364708588
1.003499999999945,82.09111022949219,125.66370614359174,0.43049911660981954,156.1731203791614,127.91721502113484
1.003999999999945,82.14480590820312,125.66370614359174,0.4336978164345646,161.68596023309658,131.81220649274758
1.0044999999999449,82.2012939453125,125.66370614359174,0.43990494194675867,168.46754339739346,136.49921043424888
1.0049999999999448,82.2609634399414,125.66370614359174,0.44906957317904567,173.98532885864265,141.84795702321802
1.0054999999999448,82.31645202636719,125.66370614359174,0.45397255811377923,165.9459612079894,135.0573336963554
1.0059999999999447,82.36860656738281,125.66370614359174,0.45448628160060467,159.13984007529345,129.65398687345476
1.0064999999999447,82.41837310791016,125.66370614359174,0.4514635479642937,154.0167364388506,125.80823295992472
1.0069999999999446,82.46669006347656,125.66370614359174,0.44641284383702945,150.72534191466528,123.49053317412138
1.0074999999999446,82.5144271850586,125.66370614359174,0.4408184727357735,149.29118275252034,122.61612821914711
1.0079999999999445,82.5624008178711,125.66370614359174,0.4359360066196823,149.665525890549,123.07311478424828
1.0084999999999444,82.611328125,125.66370614359174,0.4327424085826999,151.7550302849437,124.73752316781533
1.0089999999999444,82.66187286376953,125.66370614359174,0.4319362663874787,155.43954150432282,127.48129071996097
1.0094999999999443,82.71459197998047,125.66370614359174,0.43395476502402974,160.58245350646118,131.17591805910914
1.0099999999999443,82.76998901367188,125.66370614359174,0.4389998056984185,167.03655035963226,135.69399633698433
1.0104999999999442,82.8284683227539,125.66370614359174,0.44707267918269844,174.64720806274212,140.90941869443503
1.0109999999999442,82.89037322998047,125.66370614359174,0.45801590849216917,179.67265238191152,146.6972218626426
1.011499999999944,82.94768524169922,125.66370614359174,0.46027382515607906,170.79296957816626,139.17228089020114
1.011999999999944,83.0014419555664,125.66370614359174,0.4593195314319096,163.61099279678118,133.38375995980692
1.012499999999944,83.0527572631836,125.66370614359174,0.4557328517282104,158.44492286973255,129.4070937206396
1.012999999999944,83.10265350341797,125.66370614359174,0.4507956924165783,155.34065203353796,127.13335423026399
1.013499999999944,83.15206909179688,125.66370614359174,0.44582657575068474,154.2469588618691,126.41874357469528
1.0139999999999438,83.20185852050781,125.66370614359174,0.4419482760222546,155.0570774618485,127.10702020842845
1.0144999999999438,83.25275421142578,125.66370614359174,0.44002062907324224,157.63306612303973,129.04047432915513
1.0149999999999437,83.30541229248047,125.66370614359174,0.4406332081997569,161.81984874154685,132.06495885937633
1.0154999999999437,83.36038970947266,125.66370614359174,0.44412200273474967,167.45292749151054,136.03149545910725
1.0159999999999436,83.41816711425781,125.66370614359174,0.45059943424650517,174.36236945152538,140.7962737301334
1.0164999999999436,83.47913360595703,125.66370614359174,0.45999383440652364,179.495375060073,146.2198688184038
1.0169999999999435,83.53549194335938,125.66370614359174,0.4634476714249118,170.53641930646805,138.63762962658186
1.0174999999999434,83.58824157714844,125.66370614359174,0.46290711679957897,163.10228742025316,132.69617224065118
1.0179999999999434,83.63844299316406,125.66370614359174,0.4591542473961769,157.58160240755834,128.51239433612824
1.0184999999999433,83.68709564208984,125.66370614359174,0.4536265163434334,154.07035101130845,126.00876894572404
1.0189999999999433,83.73513793945312,125.66370614359174,0.4477550869247088,152.55266607505126,125.06333327807656
1.0194999999999432,83.78341674804688,125.66370614359174,0.442754168302099,152.94667775184462,125.53487318498766
1.0199999999999432,83.83269500732422,125.66370614359174,0.43956550009470885,155.13187196141877,127.2759297670077
1.0204999999999431,83.88362121582031,125.66370614359174,0.4388551756735091,158.9652137730325,130.1390745367774
1.020999999999943,83.93678283691406,125.66370614359174,0.4410293553786723,164.29030924738615,133.97957574588216
1.021499999999943,83.99267578125,125.66370614359174,0.4462606873013783,170.94240257417508,138.65597521393866
1.021999999999943,84.05170440673828,125.66370614359174,0.4545240369867443,176.4914091139689,144.029791758163
1.022499999999943,84.10624694824219,125.66370614359174,0.4590990498817722,167.6722796382852,136.57776697840828
1.0229999999999428,84.1572265625,125.66370614359174,0.4589871418041795,160.23675749795552,130.67717240225664
1.0234999999999428,84.2056655883789,125.66370614359174,0.45517930726682154,154.63484085717806,126.48416644490747
1.0239999999999427,84.2525634765625,125.66370614359174,0.4492711811165537,151.00543148466568,123.95040673714918
1.0244999999999427,84.29883575439453,125.66370614359174,0.4428083393437706,149.36258705106073,122.97402582793634
1.0249999999999426,84.34532928466797,125.66370614359174,0.4370953771251755,149.64508194387614,123.42745490206933
1.0254999999999426,84.392822265625,125.66370614359174,0.4331503738535829,151.74637149993424,125.17224158962063
1.0259999999999425,84.44197845458984,125.66370614359174,0.4317048989188979,155.53254546870056,128.06659056203065
1.0264999999999425,84.49339294433594,125.66370614359174,0.43321888854105134,160.85277688848305,131.9689251110332
1.0269999999999424,84.54757690429688,125.66370614359174,0.43790477503337666,167.54522745095153,136.73913209174367
1.0274999999999423,84.60494995117188,125.66370614359174,0.44576164300671445,175.4403163977324,142.23871445956286
1.0279999999999423,84.66586303710938,125.66370614359174,0.4566185165838973,180.4598103744095,148.3305460204396
1.0284999999999422,84.72183227539062,125.66370614359174,0.45761511131794746,170.73034442230045,140.0644633682659
1.0289999999999422,84.7740707397461,125.66370614359174,0.45561987847913304,163.04739979391383,133.8363393024305
1.0294999999999421,84.82380676269531,125.66370614359174,0.45122637983778807,157.66940054332554,129.66643956034915
1.029999999999942,84.87215423583984,125.66370614359174,0.4457240646055505,154.58647131064612,127.39378676881697
1.030499999999942,84.92012786865234,125.66370614359174,0.44044256569809176,153.7016108603288,126.83280860794926
1.030999999999942,84.96862030029297,125.66370614359174,0.43651301302983725,154.8696468886561,127.79310437351559
1.031499999999942,85.01841735839844,125.66370614359174,0.4347941209184012,157.9195898766904,130.08846396626217
1.0319999999999419,85.0701904296875,125.66370614359174,0.43586006471219196,162.6671911597668,133.54030807790275
1.0324999999999418,85.12451934814453,125.66370614359174,0.44001570730158246,168.92158942200007,137.97826577250314
1.0329999999999417,85.18187713623047,125.66370614359174,0.44732892813619884,176.48855523338702,143.23933120376145
1.0334999999999417,85.2426528930664,125.66370614359174,0.4576752908200378,181.41477898606476,149.16659996250536
1.0339999999999416,85.29843139648438,125.66370614359174,0.45881679702214145,171.51458455601232,140.7542777103819
1.0344999999999416,85.35043334960938,125.66370614359174,0.456800944474717,163.65435965547528,134.38928462171907
1.0349999999999415,85.39987182617188,125.66370614359174,0.45226051935366535,158.10990614017678,130.10081117006627
1.0354999999999415,85.4478759765625,125.66370614359174,0.446523759388474,154.8818090552961,127.73290908171454
1.0359999999999414,85.49546813964844,125.66370614359174,0.4409531177198867,153.87908305027366,127.1022869971289
1.0364999999999414,85.5435562133789,125.66370614359174,0.4367084520383275,154.9595088510687,128.01902223889326
1.0369999999999413,85.59292602539062,125.66370614359174,0.4346738828875588,157.95291060981342,130.29613883817254
1.0374999999999412,85.6442642211914,125.66370614359174,0.4354452780023031,162.67433288633956,133.753475676022
1.0379999999999412,85.69815826416016,125.66370614359174,0.4393444501991984,168.93110484216461,138.21847887034772
1.0384999999999411,85.75508880615234,125.66370614359174,0.44645053340648205,176.52637131243696,143.52553572913962
1.038999999999941,85.81544494628906,125.66370614359174,0.45664435398417574,181.56239998859982,149.51481241770338
1.039499999999941,85.87080383300781,125.66370614359174,0.45785416046337424,171.58829602688124,141.03880677172933
1.039999999999941,85.9223861694336,125.66370614359174,0.45580374739109497,163.67027171260725,134.6284258706952
1.040499999999941,85.9714126586914,125.66370614359174,0.45117291615717553,158.09340792399007,130.31800090106861
1.0409999999999409,86.01901245117188,125.66370614359174,0.4453256308237864,154.86227313897757,127.95311249337509
1.0414999999999408,86.06622314453125,125.66370614359174,0.43965129425155436,153.88713848854627,127.35027241651157
1.0419999999999408,86.11395263671875,125.66370614359174,0.43533045683148214,155.02514674755963,128.31816565614614
1.0424999999999407,86.16300201416016,125.66370614359174,0.4332622715052799,158.104140969882,130.66764462659359
1.0429999999999406,86.21405792236328,125.66370614359174,0.4340516942181739,162.9362148966801,134.2157957535744
1.0434999999999406,86.26771545410156,125.66370614359174,0.43802343098052143,169.32503576338382,138.786930579893
1.0439999999999405,86.32445526123047,125.66370614359174,0.44525370604149084,177.06956108078677,144.21201169387876
1.0444999999999405,86.38467407226562,125.66370614359174,0.4556158244280653,182.1590686351726,150.32760060311145
1.0449999999999404,86.43987274169922,125.66370614359174,0.45658014245562195,172.07913784063211,141.75565134790494
1.0454999999999404,86.49129486083984,125.66370614359174,0.45436743256760787,164.12339377758883,135.3017886269869
1.0459999999999403,86.54017639160156,125.66370614359174,0.44965720788321734,158.5691502840216,130.99456693252083
1.0464999999999403,86.58767700195312,125.66370614359174,0.4438137035560352,155.4121800948142,128.67231364274534
1.0469999999999402,86.63482666015625,125.66370614359174,0.4382278993774109,154.55456228328242,128.14479732224498
1.0474999999999401,86.68254852294922,125.66370614359174,0.43408016172086017,155.84574658422855,129.21450002396344
1.04799999999994,86.73165130615234,125.66370614359174,0.43226532498230547,159.1062667810971,131.6864738926777
1.04849999999994,86.78282928466797,125.66370614359174,0.4333786733074455,164.14119377173807,135.37233473283453
1.04899999999994,86.83667755126953,125.66370614359174,0.43773012169710995,170.7473859051685,140.09117280657875
1.04949999999994,86.8936767578125,125.66370614359174,0.44537756533677114,176.63034320870455,145.66894053181971
1.0499999999999399,86.94619750976562,125.66370614359174,0.45005122504392475,167.53680498714326,137.98279390922977
1.0504999999999398,86.99519348144531,125.66370614359174,0.4497219935999883,159.91290932575737,131.92512151743014
1.0509999999999398,87.04170989990234,125.66370614359174,0.44553706301850626,154.2547790054155,127.68326711335382
1.0514999999999397,87.0867691040039,125.66370614359174,0.43923371556827856,150.72266427733462,125.22155601727508
1.0519999999999397,87.13134002685547,125.66370614359174,0.4324772879013705,149.33797234486738,124.44062842704358
1.0524999999999396,87.17631530761719,125.66370614359174,0.42667102754099917,150.0371063456951,125.20854698886698
1.0529999999999395,87.22249603271484,125.66370614359174,0.4229073329407747,152.70426030314,127.37775270474494
1.0534999999999395,87.27058410644531,125.66370614359174,0.42196235703539015,157.1912735151563,130.79407800500195
1.0539999999999394,87.32121276855469,125.66370614359174,0.424306763148266,163.32937992288544,135.3012341167037
1.0544999999999394,87.3749008178711,125.66370614359174,0.43013019694242105,170.93603374389494,140.74266454050456
1.0549999999999393,87.43209075927734,125.66370614359174,0.4393814492279331,177.1718876487011,146.96224244464975
1.0554999999999393,87.48495483398438,125.66370614359174,0.44337402244375584,168.35433697565392,139.50055921487134
1.0559999999999392,87.53447723388672,125.66370614359174,0.4429132892816868,161.12808330476625,133.71726067370014
1.0564999999999392,87.58171081542969,125.66370614359174,0.4390542201713422,155.957939515624,129.78929261722496
1.056999999999939,87.62769317626953,125.66370614359174,0.43346290229652223,152.97826206313817,127.66917986011707
1.057499999999939,87.67339324951172,125.66370614359174,0.42775305968737376,152.18949354049187,127.24732736286776
1.057999999999939,87.71969604492188,125.66370614359174,0.4232786529711161,153.51059738346046,128.38274236802013
1.058499999999939,87.76740264892578,125.66370614359174,0.42107466374836966,156.81084830774662,130.91970836271892
1.0589999999999389,87.81722259521484,125.66370614359174,0.42184804133249804,161.9289849690787,134.6965866087899
1.0594999999999388,87.86974334716797,125.66370614359174,0.42599136418827227,168.6844799791112,139.5500672818916
1.0599999999999388,87.92549896240234,125.66370614359174,0.43361507040713937,176.88404812500966,145.31710334999013
1.0604999999999387,87.98489379882812,125.66370614359174,0.4445968882962738,182.8628082068278,151.83537792399477
1.0609999999999387,88.03990936279297,125.66370614359174,0.44727585853093144,173.88059706556152,144.20818797078812
1.0614999999999386,88.09156036376953,125.66370614359174,0.4463462752370807,166.6891538296401,138.38413893572462
1.0619999999999385,88.14096069335938,125.66370614359174,0.4426506223316848,161.6950347862663,134.50668099636812
1.0624999999999385,88.1891860961914,125.66370614359174,0.4376899460550794,158.98709378229088,132.4986081775625
1.0629999999999384,88.2372055053711,125.66370614359174,0.4329555631869412,158.53060092080318,132.22699685599687
1.0634999999999384,88.28592681884766,125.66370614359174,0.42969753528134763,160.21686522125694,133.53239539660763
1.0639999999999383,88.33613586425781,125.66370614359174,0.42885346872341146,163.8929825802825,136.2441653572973
1.0644999999999383,88.3885269165039,125.66370614359174,0.43103717393037644,169.37952351149147,140.1884231702357
1.0649999999999382,88.44369506835938,125.66370614359174,0.43655642961141045,176.48076381764668,145.19165999500157
1.0654999999999382,88.50212860107422,125.66370614359174,0.4454516708744151,182.77301311218326,151.08207898394286
1.065999999999938,88.5565414428711,125.66370614359174,0.4509312632972574,174.43433192738374,144.04396312784993
1.066499999999938,88.60770416259766,125.66370614359174,0.4514176473440335,167.33097827669926,138.39474367991852
1.066999999999938,88.65658569335938,125.66370614359174,0.44809142068406216,162.04975862083995,134.40972998652256
1.067499999999938,88.7041244506836,125.66370614359174,0.4427124313711215,158.81649761829973,132.11676199164205
1.0679999999999379,88.75125122070312,125.66370614359174,0.4369577487180792,157.69639866557034,131.45904082798208
1.0684999999999378,88.798828125,125.66370614359174,0.4322299949099636,158.6540868560534,132.3323149513755
1.0689999999999378,88.8476333618164,125.66370614359174,0.4296082694511118,161.5907734068711,134.60613591046018
1.0694999999999377,88.89839172363281,125.66370614359174,0.42984442003441153,166.3671723187922,138.1359293345861
1.0699999999999377,88.95169067382812,125.66370614359174,0.4333777463355838,172.81740683653683,142.7694115688465
1.0704999999999376,89.0080795288086,125.66370614359174,0.44036491247109144,180.75736955023905,148.35014754903827
1.0709999999999376,89.06798553466797,125.66370614359174,0.450725391003505,186.99770821991714,154.71912124543252
1.0714999999999375,89.12369537353516,125.66370614359174,0.454770886350616,178.29199825354274,147.34944793564077
1.0719999999999374,89.17610931396484,125.66370614359174,0.45454516085754365,171.0918942066005,141.5643030689159
1.0724999999999374,89.22624969482422,125.66370614359174,0.45108153300769593,165.908988161897,137.58713595958181
1.0729999999999373,89.27511596679688,125.66370614359174,0.4460084465473609,162.90864188681363,135.4006185763993
1.0734999999999373,89.32366943359375,125.66370614359174,0.44090078654694836,162.10986620769265,134.9134909069323
1.0739999999999372,89.3727798461914,125.66370614359174,0.4370725373349101,163.44136498284817,135.99482210359199
1.0744999999999372,89.4232406616211,125.66370614359174,0.43551833039058535,166.77581876018266,138.4931592988834
1.0749999999999371,89.47575378417969,125.66370614359174,0.43690716636065224,171.95076482559523,142.2469941057441
1.075499999999937,89.53092193603516,125.66370614359174,0.44159996206295804,178.7810800239517,147.0902094114653
1.075999999999937,89.58924865722656,125.66370614359174,0.4496850239740885,187.06635991008585,152.85472392054103
1.076499999999937,89.6511459350586,125.66370614359174,0.4610286295586288,192.77293642690748,159.371681193654
1.076999999999937,89.70845794677734,125.66370614359174,0.4631771732774921,183.2194204042307,151.25247977867178
1.0774999999999368,89.76223754882812,125.66370614359174,0.4618504424309251,175.54005430968323,145.01459901640715
1.0779999999999368,89.81362915039062,125.66370614359174,0.45788680546904303,170.144642959535,140.80259855567078
1.0784999999999367,89.86370849609375,125.66370614359174,0.4527526316609112,167.1175501790686,138.5327499722853
1.0789999999999367,89.91348266601562,125.66370614359174,0.44790181183107364,166.41645600965953,138.06375809470617
1.0794999999999366,89.96385192871094,125.66370614359174,0.4445499808350418,167.92299359422162,139.2266309995089
1.0799999999999366,90.01563262939453,125.66370614359174,0.44360560142205036,171.47311128127117,141.8405831662184
1.0804999999999365,90.06951141357422,125.66370614359174,0.4456603137620531,176.8751541559229,145.72110457053867
1.0809999999999365,90.12609100341797,125.66370614359174,0.4510077282163108,183.9203673007149,150.68380908184753
1.0814999999999364,90.18586730957031,125.66370614359174,0.45968185830912184,189.86475271718973,156.54585268291183
1.0819999999999363,90.24117279052734,125.66370614359174,0.4640600777963343,180.46099190436442,148.59363348740996
1.0824999999999363,90.29293060302734,125.66370614359174,0.4635741936932863,172.54028621977747,142.26677173010023
1.0829999999999362,90.34217071533203,125.66370614359174,0.4594121550226076,166.65559815001285,137.80328091318717
1.0834999999999362,90.3899154663086,125.66370614359174,0.45331458032471494,162.99742179362522,135.19330187498355
1.0839999999999361,90.43716430664062,125.66370614359174,0.4469395481495432,161.6004195219797,134.34875757561574
1.084499999999936,90.48480224609375,125.66370614359174,0.4416744193062401,162.40225186047869,135.1389265538317
1.084999999999936,90.53364562988281,125.66370614359174,0.43858611534917064,165.27973936908555,137.41050875259836
1.085499999999936,90.58443450927734,125.66370614359174,0.43841606136740824,170.0710244017086,140.99866801965413
1.085999999999936,90.63777923583984,125.66370614359174,0.4415937290243402,176.58893929174027,145.73278366572663
1.0864999999999359,90.69422149658203,125.66370614359174,0.4482657183064857,184.62901106544746,151.43944932963578
1.0869999999999358,90.75418090820312,125.66370614359174,0.45834071685891387,190.5371163761366,157.94375820594482
1.0874999999999357,90.80941009521484,125.66370614359174,0.46065815016789197,180.51911377503941,149.4376318635833
1.0879999999999357,90.86099243164062,125.66370614359174,0.4590108337346768,172.4475731959754,142.9113961056169
1.0884999999999356,90.91011047363281,125.66370614359174,0.4544131791183813,166.74879969595995,138.50840652213097
1.0889999999999356,90.95787811279297,125.66370614359174,0.44846523262333055,163.5116233270642,136.13865671697235
1.0894999999999355,91.00534057617188,125.66370614359174,0.44272327161204966,162.69345781832527,135.65355426392887
1.0899999999999355,91.05342864990234,125.66370614359174,0.4384873143372937,164.1723251180062,136.87614259980253
1.0904999999999354,91.10298156738281,125.66370614359174,0.436736002659563,167.7781251002949,139.61719556284052
1.0909999999999354,91.15471649169922,125.66370614359174,0.4381153350253599,173.31134131120842,143.68342836258998
1.0914999999999353,91.2092514038086,125.66370614359174,0.44295423333734024,180.55399000506688,148.88139103045557
1.0919999999999352,91.26709747314453,125.66370614359174,0.45130128314337115,186.75528593997893,155.01898015346626
1.0924999999999352,91.32039642333984,125.66370614359174,0.4552897639531982,177.06843868475264,146.8220149626253
1.0929999999999351,91.3701400756836,125.66370614359174,0.45436955530029416,169.03904904174868,140.3979933390275
1.093499999999935,91.41741180419922,125.66370614359174,0.4497962750708639,163.2038014742142,135.96775335085854
1.093999999999935,91.46329498291016,125.66370614359174,0.443373407154238,159.7331309286938,133.50186060280456
1.094499999999935,91.5088119506836,125.66370614359174,0.4368152434681457,158.64284982105093,132.894690337505
1.094999999999935,91.55488586425781,125.66370614359174,0.43155541582214046,159.8527141226939,133.99962067942585
1.0954999999999349,91.60237121582031,125.66370614359174,0.4286920133135367,163.222320277399,136.64866862312195
1.0959999999999348,91.6520004272461,125.66370614359174,0.42897731956736723,168.57306148082833,140.66315554388777
1.0964999999999347,91.70442199707031,125.66370614359174,0.4328287473211334,175.70135717252083,145.85937470441792
1.0969999999999347,91.7601547241211,125.66370614359174,0.44035981590954143,184.38658406052605,152.0512798817649
1.0974999999999346,91.81964874267578,125.66370614359174,0.4514313902764145,190.44973108825974,159.05186890384894
1.0979999999999346,91.8743667602539,125.66370614359174,0.45268748512942725,180.2615368171298,150.37066114680056
1.0984999999999345,91.92549133300781,125.66370614359174,0.4505250886752721,172.289545603924,143.86353700279122
1.0989999999999345,91.97428131103516,125.66370614359174,0.4458719259278789,166.90419636135334,139.63577241067065
1.0994999999999344,92.02188873291016,125.66370614359174,0.44027291032767923,164.1453328569987,137.56081929076018
1.0999999999999344,92.06941223144531,125.66370614359174,0.4352500215087418,163.92996877479132,137.4599018738112
1.1004999999999343,92.11779022216797,125.66370614359174,0.43206852512315325,166.1020425539104,139.13059495543837
1.1009999999999343,92.16788482666016,125.66370614359174,0.4316591780612351,170.4620000970418,142.3618053081126
1.1014999999999342,92.22041320800781,125.66370614359174,0.4346025965796434,176.7842889816974,146.94103850946576
1.1019999999999341,92.27598571777344,125.66370614359174,0.44114828858085703,184.8274598360822,152.65767785355402
1.102499999999934,92.3351058959961,125.66370614359174,0.4512603855641581,190.89297581719924,159.30406544869524
1.102999999999934,92.3895492553711,125.66370614359174,0.4535456757214081,180.86577827098185,150.77718074352083
1.103499999999934,92.4404296875,125.66370614359174,0.45187449713360245,172.84512698728662,144.26943872252969
1.103999999999934,92.48892974853516,125.66370614359174,0.4472939009505973,167.28124611304528,139.94458679361287
1.1044999999999339,92.53617858886719,125.66370614359174,0.4414551728553852,164.27315761960378,137.72124571108586
1.1049999999999338,92.583251953125,125.66370614359174,0.43596503454891095,163.77987336877345,137.45229238840807
1.1054999999999338,92.63108825683594,125.66370614359174,0.43216263793580195,165.67503455683135,138.95735624366708
1.1059999999999337,92.68054962158203,125.66370614359174,0.4310472891337513,169.77993333101543,142.04049980799908
1.1064999999999336,92.73236846923828,125.66370614359174,0.43326314785213776,175.88341004757424,146.4994151887566
1.1069999999999336,92.78717041015625,125.66370614359174,0.43911514179287503,183.75363340664893,152.13001163823495
1.1074999999999335,92.84547424316406,125.66370614359174,0.44861071615872405,190.1554901250765,158.728430175108
1.1079999999999335,92.89930725097656,125.66370614359174,0.4519918524676605,180.48248979406628,150.52445337309456
1.1084999999999334,92.94967651367188,125.66370614359174,0.45088186180118367,172.60364609653755,144.17146142884135
1.1089999999999334,92.9977035522461,125.66370614359174,0.4464825382244844,167.04700156245153,139.89308759671297
1.1094999999999333,93.04448699951172,125.66370614359174,0.4405626107337947,163.96900507778707,137.65385344400553
1.1099999999999333,93.09105682373047,125.66370614359174,0.4348142945638383,163.3695090118699,137.3389896905054
1.1104999999999332,93.13836669921875,125.66370614359174,0.4306453648616553,165.1510071365592,138.79080358489938
1.1109999999999332,93.18727111816406,125.66370614359174,0.4291141279992501,169.15492903375312,141.8289267475127
1.111499999999933,93.2385025024414,125.66370614359174,0.43091575302869484,175.18385472917706,146.2614674928609
1.111999999999933,93.2927017211914,125.66370614359174,0.43639667403151206,183.01493758878317,151.89096880461906
1.112499999999933,93.35039520263672,125.66370614359174,0.44559417688505254,189.72991577025977,158.51735715637287
1.112999999999933,93.40382385253906,125.66370614359174,0.44983394622333184,180.41859013041898,150.6369808272736
1.1134999999999329,93.45389556884766,125.66370614359174,0.44921077236279744,172.73029727088226,144.46461054906325
1.1139999999999328,93.50169372558594,125.66370614359174,0.445041257442174,167.25657346045531,140.27508176964355
1.1144999999999328,93.54827117919922,125.66370614359174,0.4391815670378024,164.2006133728523,138.07175958343936
1.1149999999999327,93.59464263916016,125.66370614359174,0.43338734319122646,163.59519272350983,137.76707199810997
1.1154999999999327,93.64175415039062,125.66370614359174,0.42911586093136317,165.36572847626158,139.22209665741306
1.1159999999999326,93.6904525756836,125.66370614359174,0.42746577822604925,169.36929637310453,142.26912677378408
1.1164999999999325,93.7414779663086,125.66370614359174,0.42916466677156107,175.4187761027163,146.7244994864343
1.1169999999999325,93.79547882080078,125.66370614359174,0.434582880475062,183.29764562037164,152.39570795213092
1.1174999999999324,93.85299682617188,125.66370614359174,0.4437725339909778,190.25236607591555,159.0852039213204
1.1179999999999324,93.90641021728516,125.66370614359174,0.44861430631468185,181.25698720278174,151.48367819385317
1.1184999999999323,93.95658111572266,125.66370614359174,0.4483818461501664,173.75445635605772,145.47514093042616
1.1189999999999323,94.00453186035156,125.66370614359174,0.44446270426019324,168.38529546095086,141.37601043627876
1.1194999999999322,94.0512924194336,125.66370614359174,0.4387663389803732,165.38862259000703,139.22082567437963
1.1199999999999322,94.09786987304688,125.66370614359174,0.43308614199540574,164.82216834961446,138.94356011746555
1.120499999999932,94.14518737792969,125.66370614359174,0.4289072163075697,166.62836574210976,140.41986647613697
1.120999999999932,94.19409942626953,125.66370614359174,0.4273488847382595,170.67552563407162,143.49163680695696
1.121499999999932,94.24534606933594,125.66370614359174,0.42915327507272955,176.78351206125677,147.98113937845423
1.121999999999932,94.29957580566406,125.66370614359174,0.43469960757137294,184.73962566172546,153.69911191051358
1.1224999999999319,94.35733032226562,125.66370614359174,0.44404371260038666,191.8388281997969,160.44925791237304
1.1229999999999318,94.41110229492188,125.66370614359174,0.44924481813835176,183.0509080279192,153.02932351485575
1.1234999999999318,94.46170043945312,125.66370614359174,0.44927673142556096,175.66711467970762,147.12115360348704
1.1239999999999317,94.5101089477539,125.66370614359174,0.4455640445954689,170.36321299761,143.07215309540325
1.1244999999999317,94.55735778808594,125.66370614359174,0.4400415403169901,167.40375964867724,140.93950003871242
1.1249999999999316,94.60441589355469,125.66370614359174,0.4345189055943428,166.86374407420226,140.67240245574564
1.1254999999999316,94.65222930908203,125.66370614359174,0.43049151833015475,168.69693788567207,142.15656822926354
1.1259999999999315,94.70162200927734,125.66370614359174,0.4290846146428707,172.77867513459475,145.24006368671778
1.1264999999999314,94.75334930419922,125.66370614359174,0.43104296364471517,178.93266480234746,149.7486348708594
1.1269999999999314,94.80805969238281,125.66370614359174,0.43674609102276,186.94768553080712,155.49444607299333
1.1274999999999313,94.86628723144531,125.66370614359174,0.44624867747702934,194.0996661231836,162.28111330418645
1.1279999999999313,94.92058563232422,125.66370614359174,0.45159046317339846,185.36506432373275,154.9081439475379
1.1284999999999312,94.97172546386719,125.66370614359174,0.4517310066667312,177.9909209672792,149.00709024443643
1.1289999999999312,95.02069091796875,125.66370614359174,0.44811324205562764,172.67506979000828,144.94462803313147
1.1294999999999311,95.06847381591797,125.66370614359174,0.44268076916561816,169.6971147546976,142.79098234257728
1.129999999999931,95.11607360839844,125.66370614359174,0.43724700748859535,169.14164349631582,142.50372114885897
1.130499999999931,95.16439819335938,125.66370614359174,0.43330804447992216,170.96808479325136,143.973392574944
1.130999999999931,95.21430206298828,125.66370614359174,0.4319879564981836,175.05455039262714,147.05054822208783
1.131499999999931,95.26652526855469,125.66370614359174,0.4340294184204879,181.22539819709712,151.5615640323948
1.1319999999999308,95.32171630859375,125.66370614359174,0.43980975252748644,189.26846522537687,157.31794558974616
1.1324999999999308,95.38042449951172,125.66370614359174,0.44938190320072935,196.4057460917629,164.12170862099904
1.1329999999999307,95.43516540527344,125.66370614359174,0.4546657511341244,187.5633991796075,156.65632765646055
1.1334999999999307,95.48672485351562,125.66370614359174,0.45474779968065543,180.08791405389903,150.66996557437693
1.1339999999999306,95.53607177734375,125.66370614359174,0.4510816854355784,174.68597950020967,146.53604880477977
1.1344999999999306,95.584228515625,125.66370614359174,0.4456131159207076,171.64155347507918,144.32776924872292
1.1349999999999305,95.63217163085938,125.66370614359174,0.4401548331168051,171.04085299622776,144.00346733559772
1.1354999999999305,95.68083190917969,125.66370614359174,0.4362010183545184,172.8429720954522,145.45305725723154
1.1359999999999304,95.7310562133789,125.66370614359174,0.43487319379409045,176.9242436063363,148.5253570922972
1.1364999999999303,95.7835922241211,125.66370614359174,0.4369112286056413,183.1061680305668,153.0442674867107
1.1369999999999303,95.83909606933594,125.66370614359174,0.44268973652108756,191.1729127522269,158.81825968630164
1.1374999999999302,95.89810180664062,125.66370614359174,0.45225927403268906,198.2587859231949,165.6458698176771
1.1379999999999302,95.95305633544922,125.66370614359174,0.45729344858080806,189.17821478490754,157.97467129558282
1.1384999999999301,96.0047607421875,125.66370614359174,0.45716152345583183,181.52499754471575,151.83781591006544
1.13899999999993,96.05422973632812,125.66370614359174,0.45332146457548134,176.00078692234354,147.60297072223844
1.13949999999993,96.10247039794922,125.66370614359174,0.4477172998269256,172.88259108541953,145.33587914038372
1.13999999999993,96.1504898071289,125.66370614359174,0.4421596577081926,172.24973610520703,144.98803826815455
1.14049999999993,96.19922637939453,125.66370614359174,0.4381403583327654,174.05448471436597,146.44292753912492
1.1409999999999298,96.24952697753906,125.66370614359174,0.436777747512978,178.16636812564906,149.5432584710031
1.1414999999999298,96.30215454101562,125.66370614359174,0.43880725364316864,184.40009008075984,154.1071028537587
1.1419999999999297,96.35775756835938,125.66370614359174,0.4445977373854098,192.53301713299226,159.93726131873126
1.1424999999999297,96.41687774658203,125.66370614359174,0.4541930457004667,199.55188174279118,166.82678316596122
1.1429999999999296,96.4718246459961,125.66370614359174,0.4587792893509365,190.1491349265558,158.87450878666087
1.1434999999999296,96.52345275878906,125.66370614359174,0.4583038443045621,182.2896108077383,152.55748645697844
1.1439999999999295,96.57279205322266,125.66370614359174,0.45421514094304816,176.6550226552304,148.22528535774424
1.1444999999999295,96.62090301513672,125.66370614359174,0.4484473490842427,173.50344571771362,145.9261812915178
1.1449999999999294,96.6688003540039,125.66370614359174,0.44280454634721705,172.89822453183086,145.59719179217154
1.1454999999999294,96.71744537353516,125.66370614359174,0.43877264901108287,174.77780808927403,147.10962578502128
1.1459999999999293,96.76769256591797,125.66370614359174,0.43746234819413937,178.999486306746,150.29568681782808
1.1464999999999292,96.82029724121094,125.66370614359174,0.4395983052905682,185.36686812362703,154.96416139095948
1.1469999999999292,96.87593078613281,125.66370614359174,0.4455354862820122,193.64708040965925,160.90954917600664
1.1474999999999291,96.93511962890625,125.66370614359174,0.45530189749430144,200.5843771195485,167.9172636842132
1.147999999999929,96.989990234375,125.66370614359174,0.4592286326843007,190.80991519926042,159.6358679738861
1.148499999999929,97.04145812988281,125.66370614359174,0.45830519388189445,182.7483897722899,153.13180824735275
1.148999999999929,97.09061431884766,125.66370614359174,0.45394602127583644,177.04574874689587,148.72468509510838
1.149499999999929,97.13855743408203,125.66370614359174,0.4480590439137707,173.92864832234974,146.4354533262168
1.1499999999999289,97.18632507324219,125.66370614359174,0.4424307511126169,173.43498412248033,146.17927527412894
1.1504999999999288,97.2348861694336,125.66370614359174,0.438531464192347,175.48212935828536,147.80964860988726
1.1509999999999287,97.28512573242188,125.66370614359174,0.4374536890131215,179.9094915471084,151.14399635170517
1.1514999999999287,97.33779907226562,125.66370614359174,0.43989929462007726,186.5051505136679,155.97850082603702
1.1519999999999286,97.39356994628906,125.66370614359174,0.4461964558186547,195.0224742877507,162.09671799756137
1.1524999999999286,97.45296478271484,125.66370614359174,0.4563449598702878,201.84481987375335,169.27442314946876
1.1529999999999285,97.50786590576172,125.66370614359174,0.4593890658167962,191.65337707640467,160.6179210411969
1.1534999999999285,97.55928802490234,125.66370614359174,0.45792435743538146,183.39554312205064,153.91885813501688
1.1539999999999284,97.60838317871094,125.66370614359174,0.4532995171343167,177.66513540552756,149.45494089804822
1.1544999999999284,97.65628814697266,125.66370614359174,0.44737260438996657,174.64469117507315,147.2100639592901
1.1549999999999283,97.70408630371094,125.66370614359174,0.44189495853768246,174.33708864532977,147.07026973738817
1.1554999999999283,97.75275421142578,125.66370614359174,0.43830569282660686,176.63134683247634,148.86574060315024
1.1559999999999282,97.80319213867188,125.66370614359174,0.4376635316719088,181.34339985399924,152.3949181467251
1.1564999999999281,97.85615539550781,125.66370614359174,0.4406318478054503,188.24146796352954,157.43819223718984
1.156999999999928,97.91230010986328,125.66370614359174,0.44749732378885526,197.06178985732078,163.76573814035225
1.157499999999928,97.97216033935547,125.66370614359174,0.45821933599579856,203.70741407978952,171.1418518092522
1.157999999999928,98.0273208618164,125.66370614359174,0.46015438929662794,193.02945776252852,162.04338696009503
1.158499999999928,98.07891082763672,125.66370614359174,0.4580479214076018,184.55450742483393,155.12023351958035
1.1589999999999279,98.1281509399414,125.66370614359174,0.45315095109067166,178.80774396411678,150.59584182328837
1.1594999999999278,98.17623901367188,125.66370614359174,0.4472454615013501,175.9148915943436,148.40708577332293
1.1599999999999278,98.22428131103516,125.66370614359174,0.4420269123566191,175.8343342817727,148.40343300507794
1.1604999999999277,98.2732925415039,125.66370614359174,0.43888488219145644,178.41961150438647,150.38626867621156
1.1609999999999276,98.32416534423828,125.66370614359174,0.4388272362658209,183.45779124318076,154.13088554972296
1.1614999999999276,98.3776626586914,125.66370614359174,0.44246343069458294,190.6931363413466,159.3987999809987
1.1619999999999275,98.4344482421875,125.66370614359174,0.45002608275924655,199.84164527478396,165.94452802070026
1.1624999999999275,98.4950180053711,125.66370614359174,0.4614254707646805,206.2254701250367,173.5191153299292
1.1629999999999274,98.55064392089844,125.66370614359174,0.46203161493189854,194.9573051677841,163.88371212453816
1.1634999999999274,98.60256958007812,125.66370614359174,0.45916369108080896,186.20994940203676,156.68181119615738
1.1639999999999273,98.65211486816406,125.66370614359174,0.4539498071919053,180.42347048615295,152.06947543754256
1.1644999999999273,98.7005386352539,125.66370614359174,0.4480727193592887,177.6541247068131,149.9260270883902
1.1649999999999272,98.74898529052734,125.66370614359174,0.4431528111787993,177.8064316153335,150.0566376680532
1.1654999999999271,98.79849243164062,125.66370614359174,0.44051341858974724,180.6914772959084,152.2281655668125
1.165999999999927,98.8499526977539,125.66370614359174,0.4410970178287064,186.06225218541647,156.1885552781674
1.166499999999927,98.9041519165039,125.66370614359174,0.44544741843254415,193.63516569486677,161.67737422807025
1.166999999999927,98.96170043945312,125.66370614359174,0.45373505204982983,200.31825908780647,168.43111594707173
1.167499999999927,99.01461029052734,125.66370614359174,0.4571291636520103,189.58606344771113,159.33051185214646
1.1679999999999269,99.06390380859375,125.66370614359174,0.45538518534157263,180.79552008487738,152.23927519818804
1.1684999999999268,99.1107406616211,125.66370614359174,0.4500343788788981,174.59719950590608,147.464557833219
1.1689999999999268,99.15630340576172,125.66370614359174,0.44309836287726573,171.2071434309031,145.00651329831905
1.1694999999999267,99.20170593261719,125.66370614359174,0.43646762792414756,170.64698302653395,144.75823325501017
1.1699999999999267,99.24797821044922,125.66370614359174,0.43170585092630875,172.81389962417944,146.55051013377968
1.1704999999999266,99.29603576660156,125.66370614359174,0.42998186596707455,177.52426353304978,150.17769218161487
1.1709999999999265,99.3466796875,125.66370614359174,0.4320479167149351,184.54100689252948,155.4127291108384
1.1714999999999265,99.4006118774414,125.66370614359174,0.43824988137679716,193.59078330902054,162.01584873328872
1.1719999999999264,99.45836639404297,125.66370614359174,0.448572151201066,200.73103096206913,169.7394666539238
1.1724999999999264,99.5114974975586,125.66370614359174,0.45058770066179943,190.0325916838118,160.62317979212773
1.1729999999999263,99.5611343383789,125.66370614359174,0.44835542031706804,181.62648489525816,153.75670827169264
1.1734999999999263,99.60852813720703,125.66370614359174,0.4432605072305647,176.0600258111537,149.37803874385972
1.1739999999999262,99.65491485595703,125.66370614359174,0.4372002748628325,173.46534807204884,147.42691135943437
1.1744999999999262,99.70142364501953,125.66370614359174,0.43196358547942304,173.79880940635485,147.74950061761476
1.174999999999926,99.74908447265625,125.66370614359174,0.4290094412399061,176.9058407765577,150.13956231770928
1.175499999999926,99.798828125,125.66370614359174,0.42938567612965484,182.56095115995063,154.3617081902624
1.175999999999926,99.85143280029297,125.66370614359174,0.43370797779141795,190.49257005915226,160.1645348035011
1.176499999999926,99.90755462646484,125.66370614359174,0.442182758305567,197.85622871035253,167.28804568634206
1.1769999999999259,99.95941162109375,125.66370614359174,0.4465408637378495,187.90271473893299,158.86526211349982
1.1774999999999258,100.0079345703125,125.66370614359174,0.44548657192840035,179.71186536318135,152.27332954278867
1.1779999999999258,100.05422973632812,125.66370614359174,0.4406767294676383,174.01334021639747,147.89094067050306
1.1784999999999257,100.09943389892578,125.66370614359174,0.434242533972643,171.07962168354422,145.7704636792383
1.1789999999999257,100.1446304321289,125.66370614359174,0.4281600243363219,170.96995575901198,145.839949943967
1.1794999999999256,100.19084930419922,125.66370614359174,0.4240548261472999,173.60541662983718,147.95268673867432
1.1799999999999256,100.23900604248047,125.66370614359174,0.42313200717770955,178.81620279991978,151.91642942275325
1.1804999999999255,100.28990936279297,125.66370614359174,0.4261525166605462,186.3716270101834,157.51090376003492
1.1809999999999254,100.34424591064453,125.66370614359174,0.43344540447869223,195.99916343020448,164.49819249160208
1.1814999999999254,100.402587890625,125.66370614359174,0.44495972694373315,203.57441993061872,172.62904313150278
1.1819999999999253,100.45661163330078,125.66370614359174,0.4474212725349266,193.52648182032564,164.05749047022437
1.1824999999999253,100.50736999511719,125.66370614359174,0.44580056824811204,185.659612387669,157.60067928392453
1.1829999999999252,100.55608367919922,125.66370614359174,0.44147337768237804,180.56839992133828,153.54820833049186
1.1834999999999252,100.60391998291016,125.66370614359174,0.4363317242915016,178.41790196130762,151.87576793402013
1.1839999999999251,100.65200805664062,125.66370614359174,0.4321544787869449,179.18476599342512,152.45254331789326
1.184499999999925,100.70136260986328,125.66370614359174,0.43037793432580623,182.72556601778453,155.08595750237464
1.184999999999925,100.75289154052734,125.66370614359174,0.43201261445892103,188.81930008307515,159.54759585496947
1.185499999999925,100.80736541748047,125.66370614359174,0.437626246962491,197.19401611312182,165.58823650156066
1.185999999999925,100.86544036865234,125.66370614359174,0.44737470273865504,204.6352507383619,172.946601378595
1.1864999999999248,100.91938781738281,125.66370614359174,0.45172598033053335,194.9355092957314,164.72534447372544
1.1869999999999248,100.9700927734375,125.66370614359174,0.4509696860615657,186.94424004857774,158.2586859563155
1.1874999999999247,101.01863098144531,125.66370614359174,0.44669516835759915,181.4170798535219,153.95755477870262
1.1879999999999247,101.06610107421875,125.66370614359174,0.4409733172517374,178.64354113979832,151.89506082210127
1.1884999999999246,101.11360168457031,125.66370614359174,0.43572619681260305,178.69201739777017,152.01151063714977
1.1889999999999246,101.16211700439453,125.66370614359174,0.43252418961255434,181.48701344284828,154.16628771995576
1.1894999999999245,101.21257781982422,125.66370614359174,0.4325147952935547,186.85798080223682,158.16900405648406
1.1899999999999245,101.2657699584961,125.66370614359174,0.43640360684477625,194.57041132202065,163.79807264831732
1.1904999999999244,101.32238006591797,125.66370614359174,0.44447369699098677,204.3456959474443,170.81205894160988
1.1909999999999243,101.38294219970703,125.66370614359174,0.456643314212889,211.68968618458302,178.95652915618382
1.1914999999999243,101.43909454345703,125.66370614359174,0.4587298208944671,201.32642532409767,170.10206284512722
1.1919999999999242,101.49189758300781,125.66370614359174,0.45695898846016825,193.1885775913192,163.39543181100348
1.1924999999999242,101.54255676269531,125.66370614359174,0.45265077219122857,187.870882962237,159.1293275664777
1.1929999999999241,101.5922622680664,125.66370614359174,0.4476328099427844,185.53416844382798,157.27671002405472
1.193499999999924,101.64212799072266,125.66370614359174,0.4436253768736841,186.14857696236606,157.70176811197356
1.193999999999924,101.69319152832031,125.66370614359174,0.4420130531757527,189.5625654532435,160.20554270976268
1.194499999999924,101.74634552001953,125.66370614359174,0.4437640477821238,195.54584684372296,164.55220874210178
1.194999999999924,101.80236053466797,125.66370614359174,0.4494165385282683,203.8163418643351,170.48450748437963
1.1954999999999238,101.86188507080078,125.66370614359174,0.45911145896752564,210.90716741565222,177.73269746884554
1.1959999999999238,101.91700744628906,125.66370614359174,0.4627632506973913,200.44986727033952,168.85584684595813
1.1964999999999237,101.96865844726562,125.66370614359174,0.46141922492594956,191.85054271263624,161.87888772259527
1.1969999999999237,102.01797485351562,125.66370614359174,0.4566504298768548,185.8442066988581,157.19036989614744
1.1974999999999236,102.06609344482422,125.66370614359174,0.4504948258900702,182.69809483818003,154.83976974558075
1.1979999999999236,102.1141357421875,125.66370614359174,0.4448445372782408,182.4605158003637,154.7470137226025
1.1984999999999235,102.16311645507812,125.66370614359174,0.44124602328504886,185.03749913349048,156.75360519893988
1.1989999999999235,102.21395874023438,125.66370614359174,0.4408300733140205,190.2411658317783,160.65306352071653
1.1994999999999234,102.2674789428711,125.66370614359174,0.44429329710228554,197.82050256418393,166.209140447268
1.1999999999999234,102.32434844970703,125.66370614359174,0.4519167999120771,207.48103099880666,173.16671847840286
1.2004999999999233,102.38512420654297,125.66370614359174,0.46362170135865566,214.50479857010396,181.25859575994775
1.2009999999999232,102.44110870361328,125.66370614359174,0.4647125761993011,203.1757172501681,171.56774085420437
1.2014999999999232,102.49349975585938,125.66370614359174,0.46204008610654285,194.35032896994957,164.28591724478525
1.2019999999999231,102.54358673095703,125.66370614359174,0.45693253065556283,188.57127835287028,159.6536945844439
1.202499999999923,102.5926284790039,125.66370614359174,0.45121216428107597,185.95093805442534,157.5960080634259
1.202999999999923,102.64179992675781,125.66370614359174,0.4465951232218435,186.41922263330613,157.9382700197855
1.203499999999923,102.69215393066406,125.66370614359174,0.4444635758593499,189.79039937377854,160.44952520273125
1.203999999999923,102.74461364746094,125.66370614359174,0.44578264942641804,195.80441471360103,164.8670220479678
1.2044999999999229,102.79997253417969,125.66370614359174,0.4510841813062666,204.15271905650454,170.9103216042762
1.2049999999999228,102.85885620117188,125.66370614359174,0.4604980359934297,211.03832394262002,178.28928877850862
1.2054999999999227,102.91297149658203,125.66370614359174,0.462813902620892,199.60946600541064,168.5607156239456
1.2059999999999227,102.96340942382812,125.66370614359174,0.46039538238153493,190.43165794591852,161.08010675100294
1.2064999999999226,103.01142120361328,125.66370614359174,0.4547959266645717,184.15923324022876,156.16204166997758
1.2069999999999226,103.05824279785156,125.66370614359174,0.4480400271585755,180.98751844994726,153.78954771109727
1.2074999999999225,103.10504913330078,125.66370614359174,0.4420153477299195,180.90628195347017,153.82947914486127
1.2079999999999225,103.15290832519531,125.66370614359174,0.43826363624140496,183.7728229264799,156.0801945990181
1.2084999999999224,103.20277404785156,125.66370614359174,0.43790216510500485,189.3577359975245,160.29935114420044
1.2089999999999224,103.25546264648438,125.66370614359174,0.44160007081095726,197.37385578681693,166.2202463069343
1.2094999999999223,103.31165313720703,125.66370614359174,0.449597024561377,204.84713957384076,173.5614743637988
1.2099999999999222,103.36335754394531,125.66370614359174,0.453364840788535,193.9841931273962,164.36454496224482
1.2104999999999222,103.41155242919922,125.66370614359174,0.4515484050731909,185.092674768573,157.1941993633347
1.2109999999999221,103.45741271972656,125.66370614359174,0.4459587519243478,178.93800784919696,152.44923489957873
1.211499999999922,103.50214385986328,125.66370614359174,0.4388286593290073,175.79828429262727,150.1784611340832
1.211999999999922,103.5468978881836,125.66370614359174,0.4322099503766258,175.72282261765903,150.29579050989122
1.212499999999922,103.5927505493164,125.66370614359174,0.4277840614574458,178.61139066984785,152.63286596831034
1.212999999999922,103.6406478881836,125.66370614359174,0.42678840830909304,184.26438496313494,156.97037406905136
1.2134999999999219,103.69145202636719,125.66370614359174,0.4299878760216756,192.41493631261872,163.05707882212428
1.2139999999999218,103.745849609375,125.66370614359174,0.4376860847968141,202.7496000070343,170.62121287434488
1.2144999999999218,103.80441284179688,125.66370614359174,0.44978263883731107,210.39710982719058,179.37777867681075
1.2149999999999217,103.85828399658203,125.66370614359174,0.4504186894246951,199.13516941256586,169.71442413456856
1.2154999999999216,103.90870666503906,125.66370614359174,0.447499613246021,190.6214787980791,162.64437531758287
1.2159999999999216,103.95703887939453,125.66370614359174,0.4424051317119345,185.37189739363214,158.38853935485565
1.2164999999999215,104.00460052490234,125.66370614359174,0.43701446525246845,183.46624905047,156.84607489685314
1.2169999999999215,104.05258178710938,125.66370614359174,0.4330904631470159,184.8020365672722,157.81680560641934
1.2174999999999214,104.10208129882812,125.66370614359174,0.43203343618977746,189.16131763405332,161.04462347898087
1.2179999999999214,104.1540298461914,125.66370614359174,0.4347862728277547,196.2520535776406,166.24199663895965
1.2184999999999213,104.209228515625,125.66370614359174,0.4418170240700657,205.73399811176756,173.10418133664757
1.2189999999999213,104.26831817626953,125.66370614359174,0.45316112232410827,212.99800620690056,181.31730391221274
1.2194999999999212,104.32270050048828,125.66370614359174,0.4543462623269718,201.65882444958086,171.6026480329766
1.2199999999999211,104.37356567382812,125.66370614359174,0.4516534254410652,192.90579523112245,164.36180357167925
1.220499999999921,104.4222412109375,125.66370614359174,0.4464984156778321,187.32188087215147,159.86618926862803
1.220999999999921,104.47001647949219,125.66370614359174,0.440809728093637,185.03747941968913,158.0539296503314
1.221499999999921,104.51808166503906,125.66370614359174,0.43639956605683894,185.98597857493675,158.7520295990993
1.221999999999921,104.5675277709961,125.66370614359174,0.4347212518679355,189.97470524214089,161.72308612873118
1.2224999999999209,104.61931610107422,125.66370614359174,0.4367750691356791,196.7291342599739,166.69221146424948
1.2229999999999208,104.67424011230469,125.66370614359174,0.44308712726867056,205.92076943630624,173.36274845358525
1.2234999999999208,104.73296356201172,125.66370614359174,0.45374499795359385,213.32248274044386,181.4255874578556
1.2239999999999207,104.78707885742188,125.66370614359174,0.4557155967547373,202.137403153111,171.8716532114701
1.2244999999999207,104.83770751953125,125.66370614359174,0.4533411611251062,193.3510288335608,164.64657652903418
1.2249999999999206,104.88611602783203,125.66370614359174,0.44816308322023846,187.61917014964527,160.0773723978584
1.2254999999999205,104.9335708618164,125.66370614359174,0.4422046440316782,185.12634130343585,158.14483137040844
1.2259999999999205,104.98125457763672,125.66370614359174,0.437350557049358,185.84466636393026,158.7062035156006
1.2264999999999204,105.0302505493164,125.66370614359174,0.43511822009015505,189.60889169808556,161.54519213135785
1.2269999999999204,105.08151245117188,125.66370614359174,0.43656854498279407,196.1635108150807,166.4012620369649
1.2274999999999203,105.13587188720703,125.66370614359174,0.44228328479227347,205.1927332539175,172.98714049830232
1.2279999999999203,105.19398498535156,125.66370614359174,0.45239594354098345,212.7973207726229,180.99922671201094
1.2284999999999202,105.24759674072266,125.66370614359174,0.45502577309687126,201.7900354980634,171.62061329582858
1.2289999999999202,105.29776000976562,125.66370614359174,0.45292228251879435,193.0362353904403,164.4567032839438
1.22949999999992,105.34571838378906,125.66370614359174,0.4477420312466374,187.25223798793007,159.88108705481858
1.22999999999992,105.39270782470703,125.66370614359174,0.44159652540248806,184.6667894565869,157.9096735051277
1.23049999999992,105.43989562988281,125.66370614359174,0.4364381415500828,185.28315016999412,158.4242146907511
1.23099999999992,105.4883804321289,125.66370614359174,0.4338418826200017,188.95755274221693,161.22513714958637
1.2314999999999199,105.53911590576172,125.66370614359174,0.4349194800130222,195.4488047686791,166.06282039039496
1.2319999999999198,105.59293365478516,125.66370614359174,0.44029522537010274,204.45003891120132,172.6565880826573
1.2324999999999198,105.65050506591797,125.66370614359174,0.4501337173021122,212.27571127828116,180.70620806652997
1.2329999999999197,105.70368957519531,125.66370614359174,0.453255958414941,201.4743160007149,171.51852961521882
1.2334999999999197,105.75349426269531,125.66370614359174,0.45139217609428123,192.82301275049306,164.45880237993012
1.2339999999999196,105.8011245727539,125.66370614359174,0.446283580793939,187.08438374393995,159.93782639341552
1.2344999999999196,105.8478012084961,125.66370614359174,0.4401078009263583,184.52039291167492,157.99896572572976
1.2349999999999195,105.89469909667969,125.66370614359174,0.4348677428294809,185.15704188833553,158.54266085481913
1.2354999999999194,105.94290161132812,125.66370614359174,0.4321791159384697,188.86558128963048,161.38153484465755
1.2359999999999194,105.99337768554688,125.66370614359174,0.4331859132573322,195.4140969766716,166.27344607043145
1.2364999999999193,106.04694366455078,125.66370614359174,0.4385352889927726,204.5006915313051,172.94160783524163
1.2369999999999193,106.10430908203125,125.66370614359174,0.4484042828602939,212.5194772995139,181.0871117267169
1.2374999999999192,106.15737915039062,125.66370614359174,0.45183958492317344,201.91580340884164,172.07451210128417
1.2379999999999192,106.20713806152344,125.66370614359174,0.45018053423717125,193.39613512191042,165.12797712631064
1.238499999999919,106.25477600097656,125.66370614359174,0.44521504349712543,187.75530156323262,160.68630734938213
1.238999999999919,106.3014907836914,125.66370614359174,0.4391572636550598,185.2777826363819,158.8127370703548
1.239499999999919,106.34845733642578,125.66370614359174,0.4340369482628031,186.00426010578764,159.42068548285062
1.239999999999919,106.3967514038086,125.66370614359174,0.43148861497335406,189.81489074983784,162.33068528494445
1.240499999999919,106.44734191894531,125.66370614359174,0.4326672259211159,196.4823805115445,167.30480333930274
1.2409999999999188,106.50106811523438,125.66370614359174,0.4382231655588824,205.70624500849453,174.0677566548816
1.2414999999999188,106.5586166381836,125.66370614359174,0.4483300060531171,213.84606039959178,182.32003629056578
1.2419999999999187,106.61194610595703,125.66370614359174,0.4518937227193342,203.36372872698612,173.41000343116914
1.2424999999999187,106.66200256347656,125.66370614359174,0.45036805669324387,194.93547311082793,166.53250279753905
1.2429999999999186,106.70996856689453,125.66370614359174,0.44555416516517277,189.37516109717407,162.14449799203695
1.2434999999999186,106.75704956054688,125.66370614359174,0.4396749325272089,186.97962450607616,160.32111158539607
1.2439999999999185,106.80439758300781,125.66370614359174,0.43476447742211255,187.79664915228093,160.98274281566276
1.2444999999999184,106.85309600830078,125.66370614359174,0.4324565876450854,191.70963288882757,163.95342883191248
1.2449999999999184,106.90412139892578,125.66370614359174,0.4339002962533717,198.49165952228756,168.99617563699283
1.2454999999999183,106.95829010009766,125.66370614359174,0.4397359506777645,207.84049046546934,175.83471437643104
1.2459999999999183,107.01631164550781,125.66370614359174,0.45012514833073264,216.00908786652911,184.16725262205085
1.2464999999999182,107.07011413574219,125.66370614359174,0.4536352630227689,205.5110326963315,175.23811292353176
1.2469999999999182,107.12065887451172,125.66370614359174,0.4521247219750147,197.07643167904212,168.343741871131
1.2474999999999181,107.16911315917969,125.66370614359174,0.447387256713114,191.52570951764773,163.94840914088607
1.247999999999918,107.21668243408203,125.66370614359174,0.4416361715131056,189.1581905725671,162.13028046546182
1.248499999999918,107.26453399658203,125.66370614359174,0.4368953843248582,190.021422974653,162.81025760504292
1.248999999999918,107.3137435913086,125.66370614359174,0.43478648101949935,193.9965603335779,165.81102126050007
1.249499999999918,107.36528015136719,125.66370614359174,0.43644423511634967,200.85295650479375,170.89290983332054
1.2499999999999178,107.41998291015625,125.66370614359174,0.442494066288555,210.28354721792482,177.7760957394189
1.2504999999999178,107.47853088378906,125.66370614359174,0.4530840834141705,218.40038210057813,186.15448274739734
1.2509999999999177,107.53280639648438,125.66370614359174,0.4563672826909089,207.7283145716074,177.06861645477906
1.2514999999999177,107.58377838134766,125.66370614359174,0.4547246125256363,199.17400319114003,170.0625598183089
1.2519999999999176,107.63264465332031,125.66370614359174,0.4499346078177494,193.5520930718016,165.59623773983859
1.2524999999999176,107.68060302734375,125.66370614359174,0.44419372465911283,191.154369725298,163.74124783706884
1.2529999999999175,107.72884368896484,125.66370614359174,0.4395105663557451,192.0205949328334,164.41186447294606
1.2534999999999175,107.7784423828125,125.66370614359174,0.43749147984777836,196.0239587558388,167.42408513523168
1.2539999999999174,107.83036804199219,125.66370614359174,0.4392557387804106,202.9257211602398,172.5315826533399
1.2544999999999173,107.88545989990234,125.66370614359174,0.44541392117984013,212.4106468649937,179.44791255563797
1.2549999999999173,107.94438934326172,125.66370614359174,0.45610141696352097,220.42906405168418,187.86043576447756
1.2554999999999172,107.99894714355469,125.66370614359174,0.4589943218158218,209.4497590160284,178.50189414385534
1.2559999999999172,108.05013275146484,125.66370614359174,0.45707601799469744,200.69241845731094,171.31436348536985
1.2564999999999171,108.09916687011719,125.66370614359174,0.4521077107288039,194.95300131802748,166.74125103416839
1.256999999999917,108.14728546142578,125.66370614359174,0.4462677916875753,192.50511574468135,164.83763568411598
1.257499999999917,108.19567108154297,125.66370614359174,0.44154968949651463,193.37261532258154,165.50357737868
1.257999999999917,108.24542236328125,125.66370614359174,0.43954523722523586,197.41446207330839,168.54270805048893
1.258499999999917,108.29751586914062,125.66370614359174,0.44135859419658546,204.3789378743009,173.69767473603116
1.2589999999999169,108.35277557373047,125.66370614359174,0.4475847685492256,213.9387947326502,180.67202466234681
1.2594999999999168,108.41190338134766,125.66370614359174,0.45834425925324496,221.84754242569778,189.1440381565448
1.2599999999999167,108.46650695800781,125.66370614359174,0.46069001466888215,210.4796573931829,179.43941831437172
1.2604999999999167,108.51765441894531,125.66370614359174,0.4583828154134971,201.48970767695573,172.0416267417553
1.2609999999999166,108.56661987304688,125.66370614359174,0.45316090161095707,195.64103729750212,167.3654746862918
1.2614999999999166,108.61465454101562,125.66370614359174,0.4471818123484559,193.17766908817524,165.43944831755223
1.2619999999999165,108.66297912597656,125.66370614359174,0.44242262395591914,194.09875848438003,166.1418329920559
1.2624999999999165,108.71269226074219,125.66370614359174,0.44045900048416126,198.24218923340868,169.25800878378078
1.2629999999999164,108.7647933959961,125.66370614359174,0.44237642187161297,205.33786574068378,174.5150925889625
1.2634999999999164,108.82009887695312,125.66370614359174,0.4487483524246764,215.04223325939122,181.60310832139513
1.2639999999999163,108.87930297851562,125.66370614359174,0.45967256860655303,222.8470604480366,190.18843418116822
1.2644999999999162,108.93382263183594,125.66370614359174,0.4613154500083462,211.05586605020963,180.10141834881696
1.2649999999999162,108.98481750488281,125.66370614359174,0.4585431228758669,201.84853319230402,172.49694941628675
1.2654999999999161,109.0335922241211,125.66370614359174,0.45305619352792376,195.9408505927934,167.74935131745633
1.265999999999916,109.08146667480469,125.66370614359174,0.4469814019702277,193.5352450011489,165.85079943379338
1.266499999999916,109.12966918945312,125.66370614359174,0.442271982474173,194.59691892900952,166.65027823023678
1.266999999999916,109.1793212890625,125.66370614359174,0.440479252195709,198.93547343404157,169.90920157987605
1.267499999999916,109.2314224243164,125.66370614359174,0.44265966722302047,206.2567750176407,175.33467034969067
1.2679999999999159,109.28680419921875,125.66370614359174,0.4493528376679157,216.1964878472785,182.59976354917464
1.2684999999999158,109.34613800048828,125.66370614359174,0.4606210377820887,223.89316474531574,191.35625050611836
1.2689999999999158,109.40062713623047,125.66370614359174,0.46140195101911596,211.66009093570298,180.8622058862269
1.2694999999999157,109.4515151977539,125.66370614359174,0.45811166701416406,202.26282155844982,173.06144566757388
1.2699999999999156,109.50017547607422,125.66370614359174,0.45238980381157096,196.3540284377668,168.27619425247724
1.2704999999999156,109.5479736328125,125.66370614359174,0.44631411390209125,194.08229207078713,166.4527107326021
1.2709999999999155,109.59616088867188,125.66370614359174,0.4417989592814929,195.3695009702844,167.4034396781026
1.2714999999999155,109.64588928222656,125.66370614359174,0.44035617754508094,199.9897669624399,170.86030495838534
1.2719999999999154,109.69815826416016,125.66370614359174,0.44299702095171695,207.6193408456829,176.50616281813046
1.2724999999999154,109.7537841796875,125.66370614359174,0.45021103428686504,215.41025152994072,183.99387332980646
1.2729999999999153,109.8049545288086,125.66370614359174,0.4543035049531285,203.94119787003467,174.29083889228087
1.2734999999999153,109.85260772705078,125.66370614359174,0.4522348998003381,194.47753063581513,166.6464865398615
1.2739999999999152,109.89794158935547,125.66370614359174,0.4461347050678537,187.97581856605046,161.61035681722052
1.2744999999999151,109.94219207763672,125.66370614359174,0.43850476265033905,184.82111761604153,159.31355289003722
1.274999999999915,109.98658752441406,125.66370614359174,0.43161818847395517,185.11175838688303,159.70546274239584
1.275499999999915,110.03227996826172,125.66370614359174,0.4273273601073727,188.75386016610722,162.61935664667485
1.275999999999915,110.08029174804688,125.66370614359174,0.4269758468157246,195.5224204916955,167.81284512374177
1.276499999999915,110.13152313232422,125.66370614359174,0.4313562800158228,205.10140203462316,174.99343264518748
1.2769999999999149,110.18672943115234,125.66370614359174,0.4407213008847806,213.9744449174057,183.83490396314275
1.2774999999999148,110.23773193359375,125.66370614359174,0.44419853339938437,203.17280633539025,174.66247847866185
1.2779999999999148,110.28553009033203,125.66370614359174,0.4422404360059571,194.61032855023868,167.67867389531753
1.2784999999999147,110.33134460449219,125.66370614359174,0.4369118891673969,189.1685021529738,163.3902029499199
1.2789999999999146,110.37644958496094,125.66370614359174,0.43064572169095144,187.16898532073796,161.88798263846053
1.2794999999999146,110.42207336425781,125.66370614359174,0.42564100451390696,188.65869730805298,163.08839410679929
1.2799999999999145,110.46932983398438,125.66370614359174,0.4236477452366635,193.50109144457159,166.79696307671261
1.2804999999999145,110.51924896240234,125.66370614359174,0.4258695766057897,201.435021626995,172.7476373318641
1.2809999999999144,110.57268524169922,125.66370614359174,0.43293185592728795,212.11335855851314,180.62735001305893
1.2814999999999144,110.63035583496094,125.66370614359174,0.44491877846591726,220.96304261287278,190.0919670596811
1.2819999999999143,110.68376922607422,125.66370614359174,0.4471093417054837,210.08487833241713,180.76796823185012
1.2824999999999143,110.73402404785156,125.66370614359174,0.44498364516868577,201.7693149651662,173.85680531537346
1.2829999999999142,110.78240203857422,125.66370614359174,0.4403324491709267,196.78860113733168,169.79202990540477
1.2834999999999142,110.83020782470703,125.66370614359174,0.43536675505456296,195.37635212725263,168.60074364979266
1.283999999999914,110.87867736816406,125.66370614359174,0.4320974121497467,197.51013493889582,170.1488866218029
1.284499999999914,110.92893981933594,125.66370614359174,0.43208953235060404,202.99807475427312,174.201802015849
1.284999999999914,110.98197937011719,125.66370614359174,0.4363614786243334,211.53436259088772,180.46104973764702
1.285499999999914,111.03862762451172,125.66370614359174,0.44536878923028395,220.03574362944775,188.58738585626128
1.2859999999999139,111.09130859375,125.66370614359174,0.4503212838547252,209.71800738323546,179.8568034895156
1.2864999999999138,111.14083099365234,125.66370614359174,0.4493173330801693,201.16975326506028,172.92155898393335
1.2869999999999138,111.18829345703125,125.66370614359174,0.44448146453256643,195.43535314529927,168.42409574480916
1.2874999999999137,111.23487854003906,125.66370614359174,0.43831421649308694,192.96345976708002,166.56255753338897
1.2879999999999137,111.28178405761719,125.66370614359174,0.4330758025650067,193.8935127713632,167.3304903722186
1.2884999999999136,111.33010864257812,125.66370614359174,0.43058167535616937,198.15607751196188,170.5885661166844
1.2889999999999135,111.3808822631836,125.66370614359174,0.43211222102163765,205.53819515793214,176.10963855642552
1.2894999999999135,111.43497467041016,125.66370614359174,0.43837943722607287,215.7265910290784,183.60738301637045
1.2899999999999134,111.49312591552734,125.66370614359174,0.4495545082242286,224.74356829691095,192.75513140654698
1.2904999999999134,111.5472640991211,125.66370614359174,0.4533122210248147,214.3562513519795,183.91042747179108
1.2909999999999133,111.59830474853516,125.66370614359174,0.45198021772767266,206.07043118599034,177.0987201095706
1.2914999999999133,111.64743041992188,125.66370614359174,0.4475360536005063,200.82023839419955,172.8852075334367
1.2919999999999132,111.69584655761719,125.66370614359174,0.4423245547435842,198.96337335750164,171.40002428663252
1.2924999999999132,111.74475860595703,125.66370614359174,0.43845771795534344,200.567962322429,172.58360338916208
1.292999999999913,111.79527282714844,125.66370614359174,0.4375959489606244,205.5076942394493,176.25451934421005
1.293499999999913,111.848388671875,125.66370614359174,0.44085755535831,213.5235136909766,182.15171741349297
1.293999999999913,111.90494537353516,125.66370614359174,0.44879954167868086,224.2643301262763,189.96130216461074
1.294499999999913,111.96563720703125,125.66370614359174,0.46146533647552096,232.76045212124112,199.33405709092892
1.2949999999999129,112.02193450927734,125.66370614359174,0.4633869160718764,221.4043711994627,189.58540662592196
1.2954999999999128,112.07491302490234,125.66370614359174,0.46115418265280816,212.61271798315178,182.25235063254723
1.2959999999999128,112.12586212158203,125.66370614359174,0.45650127125885853,207.1778150853424,177.78754867040584
1.2964999999999127,112.17607116699219,125.66370614359174,0.4515648753946333,205.34181568379987,176.2252723776567
1.2969999999999127,112.2267837524414,125.66370614359174,0.4482857086842873,207.08308021307454,177.4319403356682
1.2974999999999126,112.27912139892578,125.66370614359174,0.44817124765683514,212.20480053509397,181.16855580605042
1.2979999999999126,112.33406829833984,125.66370614359174,0.4522025747632158,220.39198299166583,187.128902333561
1.2984999999999125,112.3924560546875,125.66370614359174,0.460822904050444,228.3733888116181,194.9635014544158
1.2989999999999124,112.44648742675781,125.66370614359174,0.46503656135274163,216.95824335082764,185.2898137288386
1.2994999999999124,112.49706268310547,125.66370614359174,0.46328411428597804,207.46633879976486,177.57579849627243
1.2999999999999123,112.54531860351562,125.66370614359174,0.4576957738834533,200.93630216123316,172.4493968525223
1.3004999999999123,112.59249114990234,125.66370614359174,0.45075259719481386,197.80215265727153,170.08823489846048
1.3009999999999122,112.6397933959961,125.66370614359174,0.44469515396003834,198.18631556951422,170.4655570157567
1.3014999999999122,112.6883773803711,125.66370614359174,0.4413284636464881,202.00046488392263,173.422002402886
1.3019999999999121,112.73926544189453,125.66370614359174,0.44193592740706894,209.0112408654881,178.71041986506373
1.302499999999912,112.7933578491211,125.66370614359174,0.4472457140518771,218.8838092273761,186.02463314933317
1.302999999999912,112.85138702392578,125.66370614359174,0.45745324975336205,227.50273317558583,195.0182168723969
1.303499999999912,112.90495300292969,125.66370614359174,0.46007121185403255,215.80956260402024,185.05058179848098
1.303999999999912,112.95511627197266,125.66370614359174,0.45757148659320207,206.55964304827023,177.44583915891695
1.3044999999999118,113.0031509399414,125.66370614359174,0.4519828052445706,200.6382189883609,172.71441935986329
1.3049999999999118,113.05036926269531,125.66370614359174,0.4456797736773043,198.35139463338174,170.93206796148542
1.3054999999999117,113.09801483154297,125.66370614359174,0.4408014641696593,199.7209540264177,171.99258073792097
1.3059999999999117,113.14724731445312,125.66370614359174,0.43903495998727915,204.57807913864445,175.67374842853062
1.3064999999999116,113.1990966796875,125.66370614359174,0.44152035065747025,212.62402974329783,181.67802908853685
1.3069999999999116,113.25443267822266,125.66370614359174,0.44882515896054226,223.47023820998058,189.65836206526828
1.3074999999999115,113.3139419555664,125.66370614359174,0.46098792017372736,231.82962053052165,199.23499429574187
1.3079999999999115,113.36865997314453,125.66370614359174,0.4614181116253298,219.33275081779087,188.47672349684365
1.3084999999999114,113.41986083984375,125.66370614359174,0.457947040114529,209.90811577437134,180.5869731444502
1.3089999999999113,113.4689712524414,125.66370614359174,0.45232989276868163,204.24884639021266,175.92591658604582
1.3094999999999113,113.51738739013672,125.66370614359174,0.44671975041849565,202.50461937470385,174.4418717050353
1.3099999999999112,113.5664291381836,125.66370614359174,0.4430720303714204,204.57527645283014,175.93004873627888
1.3104999999999112,113.61725616455078,125.66370614359174,0.4428945080044082,210.19589849750386,180.09126276128163
1.3109999999999111,113.6708984375,125.66370614359174,0.44714358680774946,218.9912560484442,186.5674858264839
1.311499999999911,113.72818756103516,125.66370614359174,0.45621021317062616,227.00020396286698,194.9638459789569
1.311999999999911,113.78079223632812,125.66370614359174,0.4585098826233322,214.62765252966796,184.40904334828085
1.312499999999911,113.82981872558594,125.66370614359174,0.45551752630030484,204.818795317051,176.348971503695
1.312999999999911,113.8765869140625,125.66370614359174,0.4492901133123987,198.47230034468262,171.29419939570417
1.3134999999999108,113.9224624633789,125.66370614359174,0.4422657677313806,195.89690951351307,169.31461831903556
1.3139999999999108,113.9687271118164,125.66370614359174,0.4366578561886449,197.11049750461763,170.29477110137663
1.3144999999999107,114.01658630371094,125.66370614359174,0.43422848409393594,201.93567511665935,174.00098100459968
1.3149999999999107,114.06709289550781,125.66370614359174,0.43618231305027166,210.06174954136384,180.12269161923294
1.3154999999999106,114.12113952636719,125.66370614359174,0.44312975019469786,221.085725543085,188.2987851349963
1.3159999999999106,114.17945098876953,125.66370614359174,0.4551240404821889,229.75230654044194,198.1347787433374
1.3164999999999105,114.23300170898438,125.66370614359174,0.45544668860438786,217.2499329312531,187.36532246135255
1.3169999999999105,114.28309631347656,125.66370614359174,0.4518455237037201,207.92594212238865,179.55082919589327
1.3174999999999104,114.33118438720703,125.66370614359174,0.446143764114445,202.47539813990863,175.05171832096661
1.3179999999999104,114.37870025634766,125.66370614359174,0.44055559646154435,201.0410975293356,173.8096243536006
1.3184999999999103,114.42696380615234,125.66370614359174,0.4370838984198148,203.5116088764753,175.60983007423218
1.3189999999999102,114.4771728515625,125.66370614359174,0.43726277163890903,209.60750892549208,180.14101216797036
1.3194999999999102,114.53034210205078,125.66370614359174,0.4420479515210234,218.93670707923673,187.0313223008104
1.3199999999999101,114.58733367919922,125.66370614359174,0.45180295390459074,227.25772407577657,195.8710730514809
1.32049999999991,114.63969421386719,125.66370614359174,0.45375222313312585,214.97169308594255,185.36213093422236
1.32099999999991,114.6885757446289,125.66370614359174,0.450698400256113,205.40350923798732,177.45592297610742
1.32149999999991,114.73532104492188,125.66370614359174,0.44468247749751494,199.42984448033448,172.65036853639984
1.32199999999991,114.78131866455078,125.66370614359174,0.4381356292225597,197.33456100099013,170.9978297034671
1.3224999999999099,114.827880859375,125.66370614359174,0.4332619947300111,199.11063208582485,172.36470406086232
1.3229999999999098,114.87620544433594,125.66370614359174,0.43179674237547067,204.55580910867482,176.49881535489757
1.3234999999999097,114.92735290527344,125.66370614359174,0.43489273175692456,213.3346686160247,183.0710638199305
1.3239999999999097,114.98220825195312,125.66370614359174,0.44308742810382246,222.23151458641382,191.70190636094432
1.3244999999999096,115.03286743164062,125.66370614359174,0.4470930449568754,210.92564979320383,182.12203666271085
1.3249999999999096,115.08025360107422,125.66370614359174,0.4450145522282441,201.79565130404944,174.6919061324559
1.3254999999999095,115.12560272216797,125.66370614359174,0.43919198232837287,195.90852776359935,170.06333431782957
1.3259999999999095,115.17020416259766,125.66370614359174,0.43229672035427774,193.69692226187007,168.41287047490493
1.3264999999999094,115.21532440185547,125.66370614359174,0.4267274268043386,195.26468390271796,169.698787154635
1.3269999999999094,115.26217651367188,125.66370614359174,0.42439476556405087,200.49196399079784,173.73653954696334
1.3274999999999093,115.31180572509766,125.66370614359174,0.4266120911208292,209.1041202463266,180.24621449571274
1.3279999999999093,115.36514282226562,125.66370614359174,0.4340511038798001,220.71780104523054,188.88345702187922
1.3284999999999092,115.42292785644531,125.66370614359174,0.4467777397235456,230.29275921468334,199.25990418265064
1.3289999999999091,115.47644805908203,125.66370614359174,0.4484288522433465,218.94457198519004,189.49272519474113
1.329499999999909,115.52684783935547,125.66370614359174,0.4459286062290818,210.47455284780955,182.38455088043094
1.329999999999909,115.57549285888672,125.66370614359174,0.441221199495323,205.7015293783278,178.4099556326842
1.330499999999909,115.62374877929688,125.66370614359174,0.43661840979064626,204.8574057298532,177.5939722993698
1.330999999999909,115.67291259765625,125.66370614359174,0.4341873961219392,207.88991023569685,179.7775391746129
1.3314999999999089,115.72415924072266,125.66370614359174,0.435492496373148,214.55650305953205,184.68449381712023
1.3319999999999088,115.77851104736328,125.66370614359174,0.44148781312368435,224.4853190983437,191.9630439765591
1.3324999999999088,115.83680725097656,125.66370614359174,0.45251100382090115,233.31590080694215,201.21225811204133
1.3329999999999087,115.89082336425781,125.66370614359174,0.4553108201144902,221.83280486780552,191.38646863434164
1.3334999999999086,115.94157409667969,125.66370614359174,0.45315023513438607,212.82495739883547,183.9167774677901
1.3339999999999086,115.99034118652344,125.66370614359174,0.44808649380362997,207.26232559417815,179.39228778847158
1.3344999999999085,116.03844451904297,125.66370614359174,0.44255320449412416,205.49576073205617,177.93078254624484
1.3349999999999085,116.087158203125,125.66370614359174,0.4387407402410935,207.5618906306566,179.44165613431093
1.3354999999999084,116.1376724243164,125.66370614359174,0.43835393653946975,213.28472759843376,183.69925821880625
1.3359999999999084,116.19102478027344,125.66370614359174,0.44250430002935237,222.34208507080177,190.38880193915094
1.3364999999999083,116.24810028076172,125.66370614359174,0.4516870633574286,231.29862739606,199.13606518316402
1.3369999999999083,116.30107116699219,125.66370614359174,0.45602407524469313,220.16695871025985,189.69695271950206
1.3374999999999082,116.35081481933594,125.66370614359174,0.4543666836090458,211.06285206572016,182.26364471099632
1.3379999999999082,116.39849090576172,125.66370614359174,0.449033404964807,205.1183461079953,177.54963698800915
1.338499999999908,116.44537353515625,125.66370614359174,0.44265993114680974,202.81090974472292,175.773561507609
1.338999999999908,116.49271392822266,125.66370614359174,0.43760267130768793,204.27221265198006,176.9199433961077
1.339499999999908,116.54169464111328,125.66370614359174,0.43572710376049134,209.39745186878912,180.8187941019282
1.339999999999908,116.59337615966797,125.66370614359174,0.4383061252150734,217.9173837866042,187.19616053074455
1.3404999999999079,116.6486587524414,125.66370614359174,0.445984749462613,229.44675825601337,195.707130358919
1.3409999999999078,116.70829010009766,125.66370614359174,0.458821169903241,238.74995913886565,205.95807122267146
1.3414999999999078,116.76350402832031,125.66370614359174,0.4603001434861354,226.88645798536163,195.74550512487443
1.3419999999999077,116.81544494628906,125.66370614359174,0.45760482040375366,217.91208648607383,188.21128527282278
1.3424999999999077,116.86549377441406,125.66370614359174,0.4526827819240085,212.67249267533543,183.85070250385402
1.3429999999999076,116.91500091552734,125.66370614359174,0.44782696907033925,211.41184033888973,182.6967433075269
1.3434999999999075,116.96528625488281,125.66370614359174,0.44508336782429525,214.08059848214708,184.5908365816638
1.3439999999999075,117.01753234863281,125.66370614359174,0.44600247072053406,220.43184534210204,189.25179999808702
1.3444999999999074,117.07274627685547,125.66370614359174,0.4515370861459954,230.08400303580828,196.31876903147304
1.3449999999999074,117.13178253173828,125.66370614359174,0.4620363323122052,238.5618219285423,205.37889582670442
1.3454999999999073,117.18624877929688,125.66370614359174,0.4642354996503097,226.16059398250016,194.76528777923477
1.3459999999999073,117.23722839355469,125.66370614359174,0.46140380514707036,216.39747516584455,186.67335182992713
1.3464999999999072,117.2860336303711,125.66370614359174,0.4556378869373343,210.23770189710052,181.67959876464764
1.3469999999999072,117.33404541015625,125.66370614359174,0.44938755126040664,208.01713258172884,179.88209779260322
1.347499999999907,117.382568359375,125.66370614359174,0.44485521817337387,209.75383291214615,181.16952987160923
1.347999999999907,117.43280792236328,125.66370614359174,0.44376001447272373,215.2505103680625,185.29482172715643
1.348499999999907,117.48583984375,125.66370614359174,0.4472301301886299,224.16158454124266,191.9213070480703
1.348999999999907,117.54253387451172,125.66370614359174,0.4557764404546405,232.89438419803668,200.65252671560748
1.3494999999999069,117.59480285644531,125.66370614359174,0.4591309297359444,220.75000951947604,190.33634892830946
1.3499999999999068,117.64363098144531,125.66370614359174,0.4565283153574499,210.95128078490885,182.3211437385137
1.3504999999999068,117.69027709960938,125.66370614359174,0.45032991130936767,204.58917949031056,177.27649586989045
1.3509999999999067,117.736083984375,125.66370614359174,0.4432016316586297,202.09521821309204,175.3745265218269
1.3514999999999067,117.78236389160156,125.66370614359174,0.43752778583433843,203.55776321762863,176.55803308890472
1.3519999999999066,117.83033752441406,125.66370614359174,0.43519609383560537,208.83060956118604,180.6188487152488
1.3524999999999066,117.8810806274414,125.66370614359174,0.4374888633907772,217.6045286771119,187.2475195531768
1.3529999999999065,117.9355239868164,125.66370614359174,0.4450419213840644,229.45550714528034,196.0658378513764
1.3534999999999064,117.9944076538086,125.66370614359174,0.45788529614006346,238.75465962369202,206.64873965775908
1.3539999999999064,118.04859924316406,125.66370614359174,0.45807086752043036,226.05375437804693,195.67491362320362
1.3544999999999063,118.09941101074219,125.66370614359174,0.4544423799325847,216.70517746002872,187.78093715876983
1.3549999999999063,118.14832305908203,125.66370614359174,0.44894085084978824,211.46106526650783,183.37931876888797
1.3554999999999062,118.1968002319336,125.66370614359174,0.44385173329876704,210.47748082736447,182.42432474584302
1.3559999999999062,118.2461929321289,125.66370614359174,0.44121006043501226,213.628613146128,184.69053330103512
1.3564999999999061,118.2977294921875,125.66370614359174,0.4425362034879313,220.60021542814098,189.839084055763
1.356999999999906,118.35244750976562,125.66370614359174,0.44872553908924906,230.95034938911297,197.45849938428333
1.357499999999906,118.41118621826172,125.66370614359174,0.46004605568182694,239.47408956037305,207.09094961527362
1.357999999999906,118.465087890625,125.66370614359174,0.460568290626884,226.30108152880752,195.74120986998938
1.358499999999906,118.51543426513672,125.66370614359174,0.4567921415209664,216.34830931415866,187.3955780471352
1.3589999999999058,118.56368255615234,125.66370614359174,0.45071938615186247,210.44545937966242,182.5193729004945
1.3594999999999058,118.61131286621094,125.66370614359174,0.44472616229431905,208.80692929596077,181.10787828692003
1.3599999999999057,118.65968322753906,125.66370614359174,0.4409493677018512,211.34851239986327,182.964212952922
1.3604999999999057,118.71004486083984,125.66370614359174,0.44102257715485227,217.78518233777942,187.76895062300332
1.3609999999999056,118.76345825195312,125.66370614359174,0.44595692899235545,227.6948849265265,195.12322908806672
1.3614999999999056,118.82081604003906,125.66370614359174,0.45612263391605656,236.40934785862734,204.57666508879487
1.3619999999999055,118.87344360351562,125.66370614359174,0.4573971115283962,223.4226774138895,193.43521997280376
1.3624999999999055,118.92254638671875,125.66370614359174,0.4537953655902846,213.46581724553755,185.15080670748182
1.3629999999999054,118.96955871582031,125.66370614359174,0.4474879243451826,207.4556052942702,180.25475886400122
1.3634999999999053,119.01593017578125,125.66370614359174,0.4409929495477105,205.67152225808937,178.79350889200282
1.3639999999999053,119.06302642822266,125.66370614359174,0.43656806610264465,208.076085357605,180.60662279894714
1.3644999999999052,119.11209869384766,125.66370614359174,0.4359564356684396,214.41710194208062,185.39993731606734
1.3649999999999052,119.16423797607422,125.66370614359174,0.4402646265125761,224.29472396345406,192.79138298408637
1.3654999999999051,119.22034454345703,125.66370614359174,0.4499345660013576,233.4151079541491,202.34076911763626
1.365999999999905,119.27191925048828,125.66370614359174,0.4519521134180924,220.89399418624782,191.630369503804
1.366499999999905,119.32009887695312,125.66370614359174,0.4487153063951755,211.2310962059752,183.6271318090573
1.366999999999905,119.36627960205078,125.66370614359174,0.44252641660961795,205.41729526740508,178.92347355533306
1.367499999999905,119.41188049316406,125.66370614359174,0.436014619837873,203.78712794159202,177.6126126771952
1.3679999999999048,119.45826721191406,125.66370614359174,0.43152764757100465,206.3418955548026,179.5669443339594
1.3684999999999048,119.5066909790039,125.66370614359174,0.43088186090323727,212.85590344060464,184.5145947778506
1.3689999999999047,119.5582504272461,125.66370614359174,0.43523725306761846,222.94644261189183,192.08782130762293
1.3694999999999047,119.61384582519531,125.66370614359174,0.445065233085357,232.48281013156463,201.8546637098839
1.3699999999999046,119.6651382446289,125.66370614359174,0.4477342177489738,220.53789444767813,191.65218201336873
1.3704999999999046,119.71320343017578,125.66370614359174,0.44499199346415375,211.29388442214236,184.00559693894846
1.3709999999999045,119.75938415527344,125.66370614359174,0.4392099603594213,205.8015724388771,179.56182009403716
1.3714999999999045,119.80506896972656,125.66370614359174,0.4330749128425235,204.4403672343384,178.45554693280317
1.3719999999999044,119.85161590576172,125.66370614359174,0.4289764953656077,207.24278921776383,180.58801736733216
1.3724999999999044,119.90026092529297,125.66370614359174,0.4287571126268275,214.0040776495637,185.70672503297286
1.3729999999999043,119.95209503173828,125.66370614359174,0.433586450558267,224.35465650016104,193.45620059409623
1.3734999999999042,120.00804138183594,125.66370614359174,0.44393106531086346,234.17233441664467,203.41143778042414
1.3739999999999042,120.05986785888672,125.66370614359174,0.44710983715427716,222.7085280102432,193.62395817155544
1.3744999999999041,120.10859680175781,125.66370614359174,0.44485616924742594,213.8019593541526,186.25070727627897
1.374999999999904,120.15550994873047,125.66370614359174,0.43955772034248025,208.55192462809728,181.98536322192425
1.375499999999904,120.20198059082031,125.66370614359174,0.4339109563684241,207.37452766876999,180.99807158449585
1.375999999999904,120.24934387207031,125.66370614359174,0.43030599479914133,210.32777123990667,183.21464149266166
1.376499999999904,120.298828125,125.66370614359174,0.4305769360885876,217.22393428374085,188.39907282792697
1.3769999999999039,120.35151672363281,125.66370614359174,0.4358794612154687,227.70408723625866,196.20636008068115
1.3774999999999038,120.4083251953125,125.66370614359174,0.4466654231971019,237.60412348855033,206.21741646876936
1.3779999999999037,120.46110534667969,125.66370614359174,0.45017652250276147,226.36836155438797,196.62580408619223
1.3784999999999037,120.51082611083984,125.66370614359174,0.448249387417226,217.57162036870253,189.3371531830372
1.3789999999999036,120.55874633789062,125.66370614359174,0.44326687890436706,212.3525925551665,185.08233305076695
1.3794999999999036,120.60621643066406,125.66370614359174,0.4379137574974176,211.15705098051515,184.0592957910977
1.3799999999999035,120.654541015625,125.66370614359174,0.43456458314202495,214.06359266829406,186.21302012887705
1.3804999999999035,120.70494079589844,125.66370614359174,0.4350378440949132,220.89823648653402,191.32028476019744
1.3809999999999034,120.75850677490234,125.66370614359174,0.4404784212152379,231.31058501244055,199.04407406264735
1.3814999999999034,120.8161392211914,125.66370614359174,0.4513359260167856,241.13011811455064,208.9696281631639
1.3819999999999033,120.86974334716797,125.66370614359174,0.4549981025605053,229.83578033624335,199.33249446967565
1.3824999999999033,120.92024993896484,125.66370614359174,0.45315408182264955,220.9050172813475,191.93636620818353
1.3829999999999032,120.96890258789062,125.66370614359174,0.44819290644459275,215.50725793804966,187.5379758850918
1.3834999999999031,121.01702880859375,125.66370614359174,0.44279541457566046,214.11050087197893,186.35384999427995
1.383999999999903,121.06594848632812,125.66370614359174,0.43933038554656106,216.808415447735,188.34142280787617
1.384499999999903,121.11686706542969,125.66370614359174,0.4396151317553023,223.43665194287783,193.28524144001875
1.384999999999903,121.1708755493164,125.66370614359174,0.44480191999383245,233.65027807280802,200.8525717063144
1.385499999999903,121.22887420654297,125.66370614359174,0.45535651123788384,243.3309889509794,210.6302677933473
1.3859999999999029,121.28276824951172,125.66370614359174,0.45901451487117634,231.7838732206651,200.78586187585765
1.3864999999999028,121.33348846435547,125.66370614359174,0.4570390197222816,222.58070546993798,193.17722679834074
1.3869999999999028,121.38227844238281,125.66370614359174,0.4518488216030512,216.91152246974534,188.57494956449534
1.3874999999999027,121.43047332763672,125.66370614359174,0.4461420690785571,215.25746749155888,187.2040893947948
1.3879999999999026,121.47938537597656,125.66370614359174,0.4423020421038888,217.72009656421739,189.0267558351293
1.3884999999999026,121.53023529052734,125.66370614359174,0.4421640889122983,224.13891056367234,193.82927990733123
1.3889999999999025,121.5841064453125,125.66370614359174,0.4469034667689726,234.1697107646476,201.27842638130542
1.3894999999999025,121.64192199707031,125.66370614359174,0.4570111221261301,243.7625481040583,210.95887613956427
1.3899999999999024,121.69554138183594,125.66370614359174,0.4605465721993093,231.91953403128366,200.86973211960955
1.3904999999999024,121.74592590332031,125.66370614359174,0.45832721820852934,222.45903828174883,193.06163458505867
1.3909999999999023,121.79431915283203,125.66370614359174,0.4528153401022876,216.57918999231842,188.30742730935992
1.3914999999999023,121.84207153320312,125.66370614359174,0.4467414867047402,214.7633125010036,186.83076136416457
1.3919999999999022,121.89051818847656,125.66370614359174,0.4425170474985115,217.11193682356168,188.5905592152118
1.3924999999999021,121.94088745117188,125.66370614359174,0.44200433140800327,223.46105573520921,193.36854477198324
1.392999999999902,121.99427032470703,125.66370614359174,0.4464029026958984,233.46103946194353,200.82578938881406
1.393499999999902,122.05159759521484,125.66370614359174,0.45622164951593647,243.07200782905437,210.5404638189664
1.393999999999902,122.10467529296875,125.66370614359174,0.45954431748024227,231.00481726345976,200.26313873909663
1.394499999999902,122.15446472167969,125.66370614359174,0.4570668616857211,221.39431191777803,192.33422118379963
1.3949999999999019,122.2022476196289,125.66370614359174,0.45129466738282464,215.4246707576102,187.49741965753483
1.3954999999999018,122.2493667602539,125.66370614359174,0.4450429029007646,213.5695022714157,185.9722090543275
1.3959999999999018,122.29717254638672,125.66370614359174,0.44075666661246526,215.9064344091761,187.70416197587807
1.3964999999999017,122.34687805175781,125.66370614359174,0.4402912910957619,222.24224369109135,192.45612379776696
1.3969999999999017,122.39957427978516,125.66370614359174,0.4448109038223078,232.19605204340183,199.86734871393162
1.3974999999999016,122.45616149902344,125.66370614359174,0.45477537841537624,241.72335024430836,209.49269918710203
1.3979999999999015,122.5083236694336,125.66370614359174,0.4583889425603319,229.25392881199332,198.7418163607269
1.3984999999999015,122.55703735351562,125.66370614359174,0.4563626324322642,219.27125084627772,190.37744631952464
1.3989999999999014,122.60357666015625,125.66370614359174,0.45110759092461733,212.91704183099552,185.13714970278784
1.3994999999999014,122.64929962158203,125.66370614359174,0.4452762990202061,210.61672181116492,183.20502017357495
1.3999999999999013,122.69551849365234,125.66370614359174,0.44118718360151077,212.41963222394193,184.50283815185966
1.4004999999999013,122.74345397949219,125.66370614359174,0.440613747797995,218.11835430100555,188.77806422627953
1.4009999999999012,122.79415130615234,125.66370614359174,0.44469179182523044,227.32771683675776,195.66029550088948
1.4014999999999012,122.84849548339844,125.66370614359174,0.45390691207307765,236.4749575873834,204.69887152724843
1.401999999999901,122.89799499511719,125.66370614359174,0.4584405178308897,222.96834653627485,192.910518019386
1.402499999999901,122.94367980957031,125.66370614359174,0.45686046852894496,211.92698542054382,183.5830154572597
1.402999999999901,122.98683166503906,125.66370614359174,0.45152685803334847,204.48058901193832,177.4353701462324
1.403499999999901,123.02882385253906,125.66370614359174,0.4450709048476256,201.04823387948002,174.63661392885462
1.4039999999999009,123.07096862792969,125.66370614359174,0.4398190506650554,201.68067146591528,175.0990572887801
1.4044999999999008,123.114501953125,125.66370614359174,0.4375992334608415,206.17727742465263,178.56466821770644
1.4049999999999008,123.16047668457031,125.66370614359174,0.4396538354650477,214.16334631287344,184.66028672685036
1.4054999999999007,123.20977020263672,125.66370614359174,0.4466145614480489,225.14258516868318,192.93436120389103
1.4059999999999007,123.26306915283203,125.66370614359174,0.45854691677347303,233.9102023310364,202.88221729504735
1.4064999999999006,123.31044006347656,125.66370614359174,0.4598965173125809,217.64241853791412,188.34816426935066
1.4069999999999006,123.35338592529297,125.66370614359174,0.4568485141582263,205.20619133346642,177.51023226457454
1.4074999999999005,123.39353942871094,125.66370614359174,0.45125431771026175,197.25273008388234,170.68465977095377
1.4079999999999004,123.43246459960938,125.66370614359174,0.44532913492057513,193.81809914236405,167.70576410845965
1.4084999999999004,123.4715805053711,125.66370614359174,0.44106900609760735,194.66605193105886,168.2329555389656
1.4089999999999003,123.51212310791016,125.66370614359174,0.44002014184513366,199.3812154146046,171.8170448127215
1.4094999999999003,123.55511474609375,125.66370614359174,0.4431843071069109,207.42923261702134,177.94092350749654
1.4099999999999002,123.60134887695312,125.66370614359174,0.4510046701757017,214.98599553483754,186.04579175232325
1.4104999999999002,123.6408462524414,125.66370614359174,0.45342562396487757,196.481305610225,169.42021326705333
1.4109999999999001,123.67523193359375,125.66370614359174,0.4500664923450619,182.01870819893747,156.8631160996489
1.4114999999999,123.70629119873047,125.66370614359174,0.4429516103235085,172.24476725313437,148.64192487327085
1.4119999999999,123.73567199707031,125.66370614359174,0.4345044735521821,167.18918732277513,144.55142558945613
1.4124999999999,123.76490783691406,125.66370614359174,0.426946354618747,166.61500085950007,144.22213188562665
1.4129999999999,123.79531860351562,125.66370614359174,0.42208867748255885,170.10969032387217,147.18345074891425
1.4134999999998998,123.8280258178711,125.66370614359174,0.4212329870693511,177.1436825828492,152.90209930032245
1.4139999999998998,123.86389923095703,125.66370614359174,0.4251221797872615,187.10942102059778,160.80658475043697
1.4144999999998997,123.9035873413086,125.66370614359174,0.4339513830035339,195.34132282379548,170.30383036995661
1.4149999999998997,123.93584442138672,125.66370614359174,0.43379125532880014,175.14693579891764,151.9360420477548
1.4154999999998996,123.96282958984375,125.66370614359174,0.4289181724366454,160.3809939415743,138.91174661617305
1.4159999999998996,123.98664855957031,125.66370614359174,0.421129597681894,151.23077086013583,131.09149735262443
1.4164999999998995,124.00918579101562,125.66370614359174,0.4126931457006397,147.35794287401936,127.93648741659725
1.4169999999998995,124.03207397460938,125.66370614359174,0.40572626617669455,148.24880699769423,128.82557898587055
1.4174999999998994,124.05667114257812,125.66370614359174,0.40194403374253873,153.2821333169315,133.0979946384719
1.4179999999998993,124.08406829833984,125.66370614359174,0.4025298709206351,161.77106889445784,140.07688342433644
1.4184999999998993,124.11507415771484,125.66370614359174,0.40807858592930607,170.29607554422768,149.08332027982237
1.4189999999998992,124.13847351074219,125.66370614359174,0.4093637360077824,149.65160214593317,130.23359119590802
1.4194999999998992,124.15656280517578,125.66370614359174,0.4046797104330544,134.67549763789063,117.06388380646585
1.4199999999998991,124.17155456542969,125.66370614359174,0.39606286943601887,125.5464441396986,109.39240927726962
1.420499999999899,124.18544006347656,125.66370614359174,0.3860697064932771,121.9132984526604,106.64400725664893
1.420999999999899,124.1999282836914,125.66370614359174,0.377115799101931,123.25134294921493,108.1674402604393
1.421499999999899,124.21646118164062,125.66370614359174,0.3712282301376748,128.92915216880687,113.27635502540093
1.421999999999899,124.23621368408203,125.66370614359174,0.36989254136135924,138.24972238117462,121.2715048444391
1.4224999999998988,124.26004791259766,125.66370614359174,0.3739478020004627,150.4773614763089,131.45373446450247
1.4229999999998988,124.28856658935547,125.66370614359174,0.3835670676464727,160.74051781157462,143.13243042405222
1.4234999999998987,124.30953979492188,125.66370614359174,0.3819341771792514,140.4745897821123,124.4136352765622
1.4239999999998987,124.3256607055664,125.66370614359174,0.3764042847547168,127.03803579732948,112.34618261538579
1.4244999999998986,124.33937072753906,125.66370614359174,0.3686408093421966,120.15303875648632,106.36773487812015
1.4249999999998986,124.3527603149414,125.66370614359174,0.3609495900524866,119.10925150113725,105.59553575165197
1.4254999999998985,124.3675765991211,125.66370614359174,0.3555438682143152,123.11161702004995,109.14761106014883
1.4259999999998985,124.38520050048828,125.66370614359174,0.3541912024362036,131.32499302229235,116.16473742333291
1.4264999999998984,124.40670013427734,125.66370614359174,0.3580121676504287,142.89957802255157,125.81906209104869
1.4269999999998983,124.43280792236328,125.66370614359174,0.367403040483838,153.22376003679037,137.31741026794734
1.4274999999998983,124.4513931274414,125.66370614359174,0.3665735849236547,133.09413097548432,118.62921632389958
1.4279999999998982,124.4651870727539,125.66370614359174,0.36169286507704723,119.8924279133969,106.71296421325033
1.4284999999998982,124.47667694091797,125.66370614359174,0.3543815107944704,113.32462450218658,100.98562751785356
1.4289999999998981,124.48799133300781,125.66370614359174,0.347009757661712,112.66691230520286,100.54684252109283
1.429499999999898,124.50088500976562,125.66370614359174,0.34188782193868117,117.10778820049752,104.49925218319869
1.429999999999898,124.51675415039062,125.66370614359174,0.3408512644359439,125.75358907841395,111.94224832841883
1.430499999999898,124.53663635253906,125.66370614359174,0.34496810480151907,137.65298898406752,121.93295735326268
1.430999999999898,124.56123352050781,125.66370614359174,0.3546829237012271,148.47621919872958,133.72985250113004
1.4314999999998979,124.57846069335938,125.66370614359174,0.3546882416000182,128.77274555352471,115.37800260077908
1.4319999999998978,124.59099578857422,125.66370614359174,0.3505117983544014,115.85631594684337,103.7016294087211
1.4324999999998977,124.60124206542969,125.66370614359174,0.3436123665444401,109.32571397586058,97.98989259717298
1.4329999999998977,124.61125183105469,125.66370614359174,0.33642059712249994,108.55555600548722,97.44297410860956
1.4334999999998976,124.62278747558594,125.66370614359174,0.33130401394913056,112.81466490965457,101.23705150556852
1.4339999999998976,124.63725280761719,125.66370614359174,0.3301922279945984,121.31399969839212,108.55074402233359
1.4344999999998975,124.65573120117188,125.66370614359174,0.3343465843376481,133.2359501582124,118.5787209504567
1.4349999999998975,124.67899322509766,125.66370614359174,0.344253120103472,144.4199438889038,130.5387471311022
1.4354999999998974,124.6950454711914,125.66370614359174,0.3451224839399317,125.18247090559322,112.55925520670498
1.4359999999998974,124.70652770996094,125.66370614359174,0.34172502233112456,112.65756027340514,101.19204075547792
1.4364999999998973,124.7158203125,125.66370614359174,0.33549771166589704,106.46134775140366,95.74518142064628
1.4369999999998972,124.72499084472656,125.66370614359174,0.32889915804909237,105.98325733017866,95.43310065456446
1.4374999999998972,124.73576354980469,125.66370614359174,0.32433542465463644,110.50399365294605,99.4420886121397
1.4379999999998971,124.74954223632812,125.66370614359174,0.32377005723710583,119.24400985026224,106.95782578511877
1.438499999999897,124.76741027832031,125.66370614359174,0.3284844344025231,131.39321258358348,117.1796782154263
1.438999999999897,124.7901382446289,125.66370614359174,0.3389677422823934,142.929589546111,129.32825156386843
1.439499999999897,124.8057861328125,125.66370614359174,0.3408616827681981,124.11918015211398,111.69345737737328
1.439999999999897,124.81696319580078,125.66370614359174,0.3383720120835959,111.85679135607579,100.52429577983797
1.4404999999998969,124.82598876953125,125.66370614359174,0.3329195656734872,105.79855774662417,95.1692175774504
1.4409999999998968,124.83489227294922,125.66370614359174,0.3269661560378257,105.36591781493146,94.87335735904566
1.4414999999998968,124.84538269042969,125.66370614359174,0.3229209903898491,109.86491157242669,98.84602211926283
1.4419999999998967,124.85884857177734,125.66370614359174,0.32275103521185206,118.53620847293529,106.29011885579597
1.4424999999998966,124.8763656616211,125.66370614359174,0.3277464230119462,130.58595773086762,116.4178522750807
1.4429999999998966,124.89869689941406,125.66370614359174,0.33841438982162364,142.1849690487195,128.45928412036193
1.4434999999998965,124.91397094726562,125.66370614359174,0.34136022778317165,123.47528814730751,110.87523036784113
1.4439999999998965,124.92474365234375,125.66370614359174,0.33966117799630946,111.13758272946932,99.61430593852894
1.4444999999998964,124.93328857421875,125.66370614359174,0.33474452647856234,104.87624881857691,94.06878678818
1.4449999999998964,124.94161224365234,125.66370614359174,0.3290742469426362,104.15109178590453,93.51752072795283
1.4454999999998963,124.95140075683594,125.66370614359174,0.32505986379570495,108.29889062962526,97.19561711204217
1.4459999999998963,124.96404266357422,125.66370614359174,0.3246823775036844,116.58519539971638,104.32580409939008
1.4464999999998962,124.98059844970703,125.66370614359174,0.3292718563062054,128.23645475223398,114.1354835704905
1.4469999999998961,125.00183868408203,125.66370614359174,0.3394009971008317,139.77330843954638,125.86632738902762
1.447499999999896,125.01598358154297,125.66370614359174,0.3435033027432929,120.93071017747347,108.1289061775638
1.447999999999896,125.02550506591797,125.66370614359174,0.34244506361524213,108.2962363156979,96.60149234939665
1.448499999999896,125.03267669677734,125.66370614359174,0.33772976506417973,101.62880605571102,90.7200383494248
1.448999999999896,125.03947448730469,125.66370614359174,0.3318657138163841,100.43101928227496,89.79711520664043
1.4494999999998959,125.04759216308594,125.66370614359174,0.32729855343988895,104.07386203888898,93.09387170647592
1.4499999999998958,125.05840301513672,125.66370614359174,0.32606511642701724,111.85043598905122,99.85311299826606
1.4504999999998958,125.072998046875,125.66370614359174,0.32958482981339526,123.00947228274822,109.31769984668092
1.4509999999998957,125.09214782714844,125.66370614359174,0.3385452991043305,134.5818733983474,120.74102947136875
1.4514999999998957,125.1041488647461,125.66370614359174,0.3439105470250162,115.60229560472794,102.8618795486182
1.4519999999998956,125.11144256591797,125.66370614359174,0.34338196485122385,102.68713497075939,91.10789512785308
1.4524999999998955,125.11627960205078,125.66370614359174,0.3386164831698202,95.65363070804091,84.95809541427299
1.4529999999998955,125.12064361572266,125.66370614359174,0.33222238539901244,94.04941325565868,83.7581869043602
1.4534999999998954,125.12621307373047,125.66370614359174,0.3267281300407151,97.28087056364683,86.7946204658657
1.4539999999998954,125.13439178466797,125.66370614359174,0.32427028239642847,104.66900636515723,93.32944106057748
1.4544999999998953,125.14627075195312,125.66370614359174,0.32639726690066456,115.48448619565197,102.61990487462742
1.4549999999998953,125.16267395019531,125.66370614359174,0.333941067726401,128.74983266523668,113.9299657656172
1.4554999999998952,125.18363189697266,125.66370614359174,0.34582319968248987,139.36256521909095,125.37800026866148
1.4559999999998952,125.1971664428711,125.66370614359174,0.3479385064451506,119.75729865668829,106.79811660031133
1.456499999999895,125.20601654052734,125.66370614359174,0.34621307917276667,107.07934401552943,95.07421003792467
1.456999999999895,125.21257781982422,125.66370614359174,0.3418845858936109,100.75584438019925,89.34941714135482
1.457499999999895,125.21888732910156,125.66370614359174,0.3371798725940376,100.04585356712793,88.71825273234658
1.457999999999895,125.22661590576172,125.66370614359174,0.33427267483770423,104.14249959380682,92.28236204838777
1.4584999999998949,125.2370834350586,125.66370614359174,0.3349188667409485,112.20991785264037,99.16886210008175
1.4589999999998948,125.25128936767578,125.66370614359174,0.34026081359501875,123.2877193480094,108.53830483987129
1.4594999999998948,125.26964569091797,125.66370614359174,0.35013555818368464,133.12048442320048,118.94084884082483
1.4599999999998947,125.280029296875,125.66370614359174,0.3530842722392817,112.06451372716994,98.98366108619543
1.4604999999998947,125.2852554321289,125.66370614359174,0.3512843187303621,98.03721860703855,86.07781245639516
1.4609999999998946,125.28780364990234,125.66370614359174,0.3460604095342545,90.48440046063668,79.35681893873864
1.4614999999998946,125.2897720336914,125.66370614359174,0.3397396205835143,88.67871094139737,77.90731064062395
1.4619999999998945,125.29290008544922,125.66370614359174,0.3346217625252779,91.82475131769502,80.825065810964
1.4624999999998944,125.29859161376953,125.66370614359174,0.3326409400474682,99.09629340781123,87.23276384215862
1.4629999999998944,125.3078842163086,125.66370614359174,0.33516840740319986,109.63989239521132,96.28731688154336
1.4634999999998943,125.32147979736328,125.66370614359174,0.3428029918360492,120.38450980415908,107.06867195242053
1.4639999999998943,125.3270492553711,125.66370614359174,0.3471184016263315,99.1440352104867,86.96472922959495
1.4644999999998942,125.32743072509766,125.66370614359174,0.3454755629343973,84.91228817578363,73.96730951333882
1.4649999999998942,125.32513427734375,125.66370614359174,0.3394970149163521,77.18740535487862,67.23608392305493
1.465499999999894,125.3222885131836,125.66370614359174,0.3317420062179153,75.2797491685075,65.8762804091997
1.465999999999894,125.32069396972656,125.66370614359174,0.32472195764190726,78.42159714791943,68.99655755347442
1.466499999999894,125.32177734375,125.66370614359174,0.32060032387800097,85.80649644286612,75.72786324175077
1.466999999999894,125.32666015625,125.66370614359174,0.32099484472421197,96.61262244268376,85.23166295538071
1.467499999999894,125.33611297607422,125.66370614359174,0.3268295124178533,109.38464546683085,96.70316552904336
1.4679999999998938,125.3490219116211,125.66370614359174,0.33478477521947814,117.39899113940832,105.3960994241253
1.4684999999998938,125.35433197021484,125.66370614359174,0.33617729354700887,97.30077175155635,86.3351100383419
1.4689999999998937,125.35506439208984,125.66370614359174,0.33333769819749254,84.84665047697976,74.85769118074954
1.4694999999998937,125.35379791259766,125.66370614359174,0.3277424574361479,79.19728245730707,69.8427778537953
1.4699999999998936,125.35266876220703,125.66370614359174,0.32176526238535014,79.41739153791598,70.19002956691396
1.4704999999998936,125.35340118408203,125.66370614359174,0.3177096539921802,84.55747374728539,74.85795950762437
1.4709999999998935,125.3573226928711,125.66370614359174,0.3174472656706186,93.67683215970777,82.86870493488942
1.4714999999998934,125.36540985107422,125.66370614359174,0.3221971502009453,105.33228605653592,93.3064987080638
1.4719999999998934,125.37691497802734,125.66370614359174,0.3294750686318083,113.3831153902388,101.88777822475672
1.4724999999998933,125.3806381225586,125.66370614359174,0.3313475666726181,92.82790155535359,82.38232912322974
1.4729999999998933,125.37965393066406,125.66370614359174,0.32858082149353757,79.99714001973764,70.57688209745267
1.4734999999998932,125.3765869140625,125.66370614359174,0.3226609927711587,74.06413220269324,65.34978139378359
1.4739999999998932,125.37361907958984,125.66370614359174,0.31604027698079795,74.10119333349326,65.5982850325411
1.4744999999998931,125.37252044677734,125.66370614359174,0.3111333866828669,79.1632303483082,70.2774681251568
1.474999999999893,125.3746566772461,125.66370614359174,0.30994611937430333,88.3115797512349,78.40538513432679
1.475499999999893,125.38105010986328,125.66370614359174,0.3138344597494816,100.21088112522665,89.06166914711558
1.475999999999893,125.39120483398438,125.66370614359174,0.3209404123302574,109.3484427629086,98.5181256825409
1.476499999999893,125.39373016357422,125.66370614359174,0.3235429355440196,89.1835782177749,79.38472079106242
1.4769999999998928,125.39166259765625,125.66370614359174,0.3211227429736021,76.65838825685796,67.88111947351533
1.4774999999998928,125.38762664794922,125.66370614359174,0.31525823877377973,70.99295010612788,62.925711171173994
1.4779999999998927,125.38379669189453,125.66370614359174,0.30851044187730653,71.29294961593415,63.44425619380999
1.4784999999998927,125.38195037841797,125.66370614359174,0.3034033566629901,76.636802558283,68.41158685831182
1.4789999999998926,125.38346862792969,125.66370614359174,0.3020476891719483,86.10195292651734,76.85898730779847
1.4794999999998926,125.3893814086914,125.66370614359174,0.3058844149299469,98.451843326901,87.87435190721786
1.4799999999998925,125.39945220947266,125.66370614359174,0.3135553282970466,108.67283003501541,98.30344384946243
1.4804999999998925,125.4020767211914,125.66370614359174,0.3167408714269107,89.02456348517515,79.64896475173767
1.4809999999998924,125.40026092529297,125.66370614359174,0.31480249858224196,76.88816782364847,68.4948266485394
1.4814999999998923,125.39656829833984,125.66370614359174,0.30933672681982444,71.53307547403605,63.80820477609209
1.4819999999998923,125.39318084716797,125.66370614359174,0.3029569367753787,72.10067522879947,64.55013900375832
1.4824999999998922,125.39185333251953,125.66370614359174,0.2982407378518787,77.69485076781336,69.7204678529531
1.4829999999998922,125.39396667480469,125.66370614359174,0.2973397862310803,87.41094247017885,78.3679157773606
1.4834999999998921,125.40056610107422,125.66370614359174,0.3017120934864753,100.1017702338167,89.59214372205587
1.483999999999892,125.41162872314453,125.66370614359174,0.31043443405855137,111.14450615396214,100.82047524510004
1.484499999999892,125.4153823852539,125.66370614359174,0.3140694471298294,91.8579212994475,82.48780500447457
1.484999999999892,125.41475677490234,125.66370614359174,0.31267034130286653,79.92838639833084,71.49624802936007
1.485499999999892,125.41228485107422,125.66370614359174,0.30777962774478806,74.67625886290243,66.86591105411202
1.4859999999998919,125.41010284423828,125.66370614359174,0.30199688001303265,75.28053786247665,67.5966626488883
1.4864999999998918,125.40996551513672,125.66370614359174,0.2978894332619837,80.87279034788229,72.71660964572212
1.4869999999998917,125.41324615478516,125.66370614359174,0.2975906249836449,90.56874216129347,81.29494555232871
1.4874999999998917,125.42096710205078,125.66370614359174,0.3025326541535834,103.3139871141957,92.44595502433062
1.4879999999998916,125.43336486816406,125.66370614359174,0.3122524450527268,114.86727550880228,104.18310904765234
1.4884999999998916,125.43846893310547,125.66370614359174,0.3163339304774136,95.63790817087514,85.8824326252903
1.4889999999998915,125.43913269042969,125.66370614359174,0.31543810853540605,83.60071468695995,74.76545411256028
1.4894999999998915,125.4378662109375,125.66370614359174,0.3110373387979251,78.13022847017542,69.9060448654574
1.4899999999998914,125.43677520751953,125.66370614359174,0.3056855893803265,78.44611216139663,70.3440462370559
1.4904999999998914,125.43759155273438,125.66370614359174,0.301909173608211,83.71080305663567,75.1373110581307
1.4909999999998913,125.44169616699219,125.66370614359174,0.30180747658265844,93.06366597424952,83.3772243383819
1.4914999999998912,125.45010375976562,125.66370614359174,0.3067975789650182,105.55336423334033,94.19454676800338
1.4919999999998912,125.46329498291016,125.66370614359174,0.31695607103125434,117.4262640263711,106.19270068952378
1.4924999999998911,125.4690933227539,125.66370614359174,0.32161310686691086,97.9698943699453,87.66238200623867
1.492999999999891,125.47032165527344,125.66370614359174,0.32112113849909174,85.55016581976686,76.18703895262317
1.493499999999891,125.46943664550781,125.66370614359174,0.3169324751837379,79.59954809338471,70.89220511929982
1.493999999999891,125.46853637695312,125.66370614359174,0.3115774536875417,79.38137536462143,70.85646115491542
1.494499999999891,125.4693603515625,125.66370614359174,0.3075605039562745,84.09175498344129,75.16688611054558
1.4949999999998909,125.47327423095703,125.66370614359174,0.30697918583023664,92.89624647800198,82.93695370592992
1.4954999999998908,125.4813232421875,125.66370614359174,0.3112847949936324,104.95147739979649,93.31409686320482
1.4959999999998908,125.49421691894531,125.66370614359174,0.32114981329112247,117.1558584388462,105.48250503891832
1.4964999999998907,125.49959564208984,125.66370614359174,0.32656319399034467,97.36443468942687,86.63280914380283
1.4969999999998906,125.50023651123047,125.66370614359174,0.32637719153659506,84.47486925934302,74.74601654962368
1.4974999999998906,125.49858856201172,125.66370614359174,0.32210719295174967,77.980362624113,68.99626654513706
1.4979999999998905,125.49674224853516,125.66370614359174,0.316316329188187,77.18974225869084,68.49856625525187
1.4984999999998905,125.49644470214844,125.66370614359174,0.31153616075234014,81.33409033944568,72.3674723820856
1.4989999999998904,125.49907684326172,125.66370614359174,0.3099142009764928,89.60598409251918,79.73714946486209
1.4994999999998904,125.50569915771484,125.66370614359174,0.3129894309955527,101.1828845668999,89.77045516528118
1.4999999999998903,125.51705932617188,125.66370614359174,0.321551226567825,114.60621870974921,101.66283298055455
1.5004999999998903,125.53207397460938,125.66370614359174,0.3320856083784233,123.03167309713278,110.84560932168131
1.5009999999998902,125.53960418701172,125.66370614359174,0.3343696728499361,103.36986624096518,92.0636826963828
1.5014999999998901,125.5426025390625,125.66370614359174,0.3329834564267993,91.18552877196815,80.6863155101291
1.50199999999989,125.5435791015625,125.66370614359174,0.32917393169852444,85.64793444466518,75.61588147131602
1.50249999999989,125.54461669921875,125.66370614359174,0.32515516422833207,85.83174669385218,75.77004821638748
1.50299999999989,125.5473861694336,125.66370614359174,0.32308436963661513,90.79757745446,80.12146549893465
1.50349999999989,125.55317687988281,125.66370614359174,0.32468481340703803,99.615014805791,87.70370127674109
1.5039999999998899,125.56290435791016,125.66370614359174,0.33104379134073525,110.85716621332753,97.61050431893933
1.5044999999998898,125.57588195800781,125.66370614359174,0.33973894771144164,118.48937340153824,105.78260169145545
1.5049999999998898,125.58081817626953,125.66370614359174,0.34268200610897964,97.32541039302068,85.58841971453346
1.5054999999998897,125.58073425292969,125.66370614359174,0.3410706505015427,83.73136407433994,72.97973892179165
1.5059999999998896,125.57821655273438,125.66370614359174,0.3362390868256057,76.90355759913464,66.85787844908768
1.5064999999998896,125.57540893554688,125.66370614359174,0.3304924549005875,75.93587265883176,66.13883587174568
1.5069999999998895,125.57405853271484,125.66370614359174,0.32610565224160826,79.90399127056894,69.79379788168727
1.5074999999998895,125.57551574707031,125.66370614359174,0.32497596467204104,87.8892636749742,76.85493595424289
1.5079999999998894,125.5807876586914,125.66370614359174,0.32841927005553423,98.61859982075191,86.41444187692218
1.5084999999998894,125.58946990966797,125.66370614359174,0.33498779245907967,107.1374744440579,95.00451641694085
1.5089999999998893,125.59004211425781,125.66370614359174,0.33908746205501816,85.74157456495165,74.641677692904
1.5094999999998893,125.5855484008789,125.66370614359174,0.3374355843005788,71.89503886498521,61.9151482236337
1.5099999999998892,125.57861328125,125.66370614359174,0.3316665726984114,64.8529242750944,55.75832377680606
1.5104999999998892,125.5714111328125,125.66370614359174,0.3243157298617155,63.75067914413159,55.1097739663161
1.510999999999889,125.56575012207031,125.66370614359174,0.3178692597631308,67.69378262694342,58.956143546145576
1.511499999999889,125.56302642822266,125.66370614359174,0.3144558084372844,75.78426968442434,66.33947563229574
1.511999999999889,125.56429290771484,125.66370614359174,0.31563989260149183,86.88413951082825,76.35735522490536
1.512499999999889,125.5694580078125,125.66370614359174,0.32077931878332644,97.75446498078725,86.14694149492361
1.5129999999998889,125.577392578125,125.66370614359174,0.3277981322497758,104.04605748661137,93.1191369209497
1.5134999999998888,125.57785034179688,125.66370614359174,0.3289122726205275,84.32355005038185,74.35179827637286
1.5139999999998888,125.57400512695312,125.66370614359174,0.3259179453129571,72.60530841350624,63.515804575368335
1.5144999999998887,125.5684814453125,125.66370614359174,0.32039525624743687,67.85272934785489,59.30629870990336
1.5149999999998887,125.56342315673828,125.66370614359174,0.31472514942845353,68.99012046318128,60.49038629922189
1.5154999999998886,125.56053924560547,125.66370614359174,0.3111883539753811,74.96824318490637,65.93177202930644
1.5159999999998885,125.56110382080078,125.66370614359174,0.31160754716719335,84.60661845668147,74.5855020572766
1.5164999999998885,125.56544494628906,125.66370614359174,0.3161051309275073,95.10995958597086,84.08929512299066
1.5169999999998884,125.57251739501953,125.66370614359174,0.3224725720725845,101.39183866114608,90.94957584431339
1.5174999999998884,125.57193756103516,125.66370614359174,0.3238373042980412,81.18183591541397,71.71653830644298
1.5179999999998883,125.56690979003906,125.66370614359174,0.3207733686683179,69.08828007552478,60.55457102238122
1.5184999999998883,125.56012725830078,125.66370614359174,0.31485013703093506,64.08038320783274,56.15449218176994
1.5189999999998882,125.55380249023438,125.66370614359174,0.3085226198603447,65.08546718135428,57.27765827988602
1.5194999999998882,125.54966735839844,125.66370614359174,0.3041840920610673,71.05443991052351,62.78132785364327
1.519999999999888,125.54904174804688,125.66370614359174,0.3037899783417164,80.88344294824795,71.61379573534543
1.520499999999888,125.55256652832031,125.66370614359174,0.308040434016137,92.31675605333749,82.01817824844828
1.520999999999888,125.55914306640625,125.66370614359174,0.31438270253798994,99.54070882883526,89.68611453782077
1.521499999999888,125.55818176269531,125.66370614359174,0.3162058399676395,79.63788906504567,70.74756754720522
1.5219999999998879,125.55286407470703,125.66370614359174,0.3133781357070846,67.799016518828,59.83242699478881
1.5224999999998878,125.5458984375,125.66370614359174,0.3075113833672801,63.03342933180079,55.666883175442074
1.5229999999998878,125.53947448730469,125.66370614359174,0.3011461153268718,64.29593364452613,57.03667921660303
1.5234999999998877,125.53535461425781,125.66370614359174,0.2967700429967423,70.55582240502322,62.81531862875463
1.5239999999998877,125.53488159179688,125.66370614359174,0.2964254389107531,80.79153592714519,71.96135030231586
1.5244999999998876,125.53893280029297,125.66370614359174,0.3013098670180338,93.28550009299616,83.33408906413128
1.5249999999998876,125.5463638305664,125.66370614359174,0.3083749660496149,101.37209729467315,91.83096280777497
1.5254999999998875,125.54638671875,125.66370614359174,0.31052959484974363,81.82893479745708,73.21876245133623
1.5259999999998874,125.54215240478516,125.66370614359174,0.30810976160231185,70.25200903591728,62.523162113718996
1.5264999999998874,125.53631591796875,125.66370614359174,0.30268325538927543,65.69325998213154,58.51415490726751
1.5269999999998873,125.53108215332031,125.66370614359174,0.2968062922682086,67.13746181136875,60.00857064998386
1.5274999999998873,125.52819061279297,125.66370614359174,0.2929911953279024,73.57465395166005,65.9015066383149
1.5279999999998872,125.52899169921875,125.66370614359174,0.29329116367876673,84.01785698174352,75.16622195941281
1.5284999999998872,125.5344467163086,125.66370614359174,0.2990229125760065,96.9504100976225,86.84903859553437
1.5289999999998871,125.54356384277344,125.66370614359174,0.30718510011801525,105.72293604506478,96.05370023479115
1.529499999999887,125.54534149169922,125.66370614359174,0.3096381364997217,86.40397272140284,77.6323459212991
1.529999999999887,125.54287719726562,125.66370614359174,0.30771085785345237,74.90633001557057,66.97450746412753
1.530499999999887,125.5387954711914,125.66370614359174,0.30287954741023926,70.33197784371846,62.903035719062004
1.530999999999887,125.5352554321289,125.66370614359174,0.29765658446669313,71.70215580592648,64.2732649999748
1.5314999999998868,125.53400421142578,125.66370614359174,0.294516633966187,78.03352245481726,70.00818887602338
1.5319999999998868,125.53636932373047,125.66370614359174,0.2954697476242055,88.35854652939963,79.10115995501451
1.5324999999998867,125.54331970214844,125.66370614359174,0.3017892028937114,101.23675008216746,90.61280389392944
1.5329999999998867,125.55410766601562,125.66370614359174,0.31086854592329266,110.44038395144597,100.26308497532959
1.5334999999998866,125.55752563476562,125.66370614359174,0.3137006433911252,91.05203364598205,81.75684723617924
1.5339999999998866,125.55660247802734,125.66370614359174,0.3122272443061834,79.3243310607317,70.86063928584343
1.5344999999998865,125.5539321899414,125.66370614359174,0.30784311952624954,74.41548353179162,66.45277735923935
1.5349999999998865,125.55164337158203,125.66370614359174,0.3030007139605348,75.38852561594938,67.42962860353319
1.5354999999998864,125.55147552490234,125.66370614359174,0.3001208835627052,81.29166796294331,72.744613615146
1.5359999999998863,125.55475616455078,125.66370614359174,0.3011729944800458,91.18139431246537,81.4136726640697
1.5364999999998863,125.56246185302734,125.66370614359174,0.30741762591404065,103.71319393104437,92.51412050058686
1.5369999999998862,125.57408142089844,125.66370614359174,0.316795890807741,113.19202297159832,102.38165711856183
1.5374999999998862,125.57820892333984,125.66370614359174,0.32017380966481823,93.46946261412997,83.55027770649293
1.5379999999998861,125.57781982421875,125.66370614359174,0.3190383766637917,81.26102244198513,72.21061102717952
1.538499999999886,125.57547760009766,125.66370614359174,0.3147695563613428,75.78492517480434,67.2936074704959
1.538999999999886,125.57330322265625,125.66370614359174,0.30979788294209865,76.14897841549553,67.73481875821994
1.539499999999886,125.57303619384766,125.66370614359174,0.3065262912706333,81.43561957637029,72.51701626983996
1.539999999999886,125.57601928710938,125.66370614359174,0.3069321073389214,90.72768877051732,80.67814807941397
1.5404999999998858,125.58323669433594,125.66370614359174,0.3123249324150554,102.79473712975367,91.31191856209637
1.5409999999998858,125.59445190429688,125.66370614359174,0.32131370743884197,112.62717183933682,101.36892889576511
1.5414999999998857,125.5980224609375,125.66370614359174,0.3254206526469546,92.51328771698596,82.17290635174224
1.5419999999998857,125.5969009399414,125.66370614359174,0.3245173936029733,79.79185050247455,70.39036160341445
1.5424999999998856,125.59363555908203,125.66370614359174,0.32005791556061763,73.74308231067344,65.00097439773704
1.5429999999998856,125.59036254882812,125.66370614359174,0.3145166013059752,73.52067968901272,64.97645915907536
1.5434999999998855,125.58882141113281,125.66370614359174,0.3103372318992143,78.24191838303003,69.3265294991785
1.5439999999998855,125.59037780761719,125.66370614359174,0.3095640284634855,87.01613329944277,77.10912011142409
1.5444999999998854,125.5960464477539,125.66370614359174,0.31361085390840193,98.73297555613499,87.432535765675
1.5449999999998854,125.6058578491211,125.66370614359174,0.3217944840183906,109.18270658884715,97.86262553306884
1.5454999999998853,125.60796356201172,125.66370614359174,0.32672776974523965,88.85819046655416,78.4856243460786
1.5459999999998852,125.60527801513672,125.66370614359174,0.3260036957702312,75.8245701809642,66.46519992882341
1.5464999999998852,125.60034942626953,125.66370614359174,0.3212130416751438,69.4236193796221,60.82733461800729
1.5469999999998851,125.59532165527344,125.66370614359174,0.31492882833553476,68.85397824633695,60.57771338004224
1.547499999999885,125.59195709228516,125.66370614359174,0.30968437833586204,73.26633280431047,64.75088603625825
1.547999999999885,125.5916519165039,125.66370614359174,0.3076322669274246,81.7946855908588,72.42268172966511
1.548499999999885,125.5954360961914,125.66370614359174,0.31031911721341054,93.4413819552274,82.71389800305737
1.548999999999885,125.6036376953125,125.66370614359174,0.31773832707840405,105.83692686150775,93.8065595314223
1.5494999999998849,125.6150131225586,125.66370614359174,0.3268263842910674,113.07975324903191,101.78477198921406
1.5499999999998848,125.61895751953125,125.66370614359174,0.3286006941011678,93.54930552086003,83.12915179437915
1.5504999999998847,125.61853790283203,125.66370614359174,0.32665430995331995,81.79954028826124,72.17115485258307
1.5509999999998847,125.61634063720703,125.66370614359174,0.3223673118657977,76.86638288980963,67.68595672179114
1.5514999999998846,125.61445617675781,125.66370614359174,0.3180124240335277,77.72855619585931,68.49851633205168
1.5519999999998846,125.61457824707031,125.66370614359174,0.31578221108640475,83.37681357386619,73.51427747582761
1.5524999999998845,125.61796569824219,125.66370614359174,0.3174134009388368,92.78063789142462,81.71828643806313
1.5529999999998845,125.62535858154297,125.66370614359174,0.3236897872733281,104.01536976800082,91.80162971522242
1.5534999999998844,125.63558959960938,125.66370614359174,0.33151777277314426,110.54830560279844,98.95017283160196
1.5539999999998844,125.63793182373047,125.66370614359174,0.333654728901596,89.75594977732189,79.1023931760761
1.5544999999998843,125.635498046875,125.66370614359174,0.3314863797499141,76.8602370673958,67.131436932363
1.5549999999998843,125.6309585571289,125.66370614359174,0.3263996725494432,70.91251300633729,61.806765458224554
1.5554999999998842,125.62646484375,125.66370614359174,0.320721762337952,70.90143950844192,61.94755650367069
1.5559999999998841,125.62377166748047,125.66370614359174,0.3167399777112089,75.82492825272635,66.45403345999355
1.556499999999884,125.62420654296875,125.66370614359174,0.3163369149241789,84.70673528173562,74.30651166498228
1.556999999999884,125.62871551513672,125.66370614359174,0.3207702423346924,96.02535288103284,84.55975833354043
1.557499999999884,125.63624572753906,125.66370614359174,0.32727361429027363,103.31202027733174,92.14910430020733
1.557999999999884,125.63582611083984,125.66370614359174,0.3302302385034544,82.35899469604934,72.18577382578513
1.5584999999998839,125.630615234375,125.66370614359174,0.3280489124812781,69.27966393702347,60.124992684166315
1.5589999999998838,125.6232681274414,125.66370614359174,0.3223072290460929,63.17605032168472,54.76778522329041
1.5594999999998838,125.61599731445312,125.66370614359174,0.3154988837471982,63.072312868873766,54.955313121774054
1.5599999999998837,125.61058044433594,125.66370614359174,0.3100755183628659,67.99137328341229,59.602629133677155
1.5604999999998836,125.60839080810547,125.66370614359174,0.3081014482087275,76.97400208498294,67.69945340586234
1.5609999999998836,125.61041259765625,125.66370614359174,0.31102274849994327,88.63300358360672,78.30569347335982
1.5614999999998835,125.61589050292969,125.66370614359174,0.316803249208883,97.25897745353635,86.96534537014723
1.5619999999998835,125.61361694335938,125.66370614359174,0.32048879191317636,76.80393151586038,67.50668871038775
1.5624999999998834,125.60671997070312,125.66370614359174,0.3184545916572663,64.14894668412468,55.893091834039275
1.5629999999998834,125.59786987304688,125.66370614359174,0.3124474094087577,58.45007621440628,50.96967182986785
1.5634999999998833,125.58927917480469,125.66370614359174,0.30512678978000907,58.76902095042481,51.608499000019535
1.5639999999998833,125.58272552490234,125.66370614359174,0.29910588091565726,64.15423556444458,56.74553635344522
1.5644999999998832,125.57962036132812,125.66370614359174,0.2966071051210846,73.66302747006597,65.38394956404822
1.5649999999998832,125.58097076416016,125.66370614359174,0.29920975893325685,86.00677573938245,76.59139498480124
1.565499999999883,125.5862808227539,125.66370614359174,0.30536927311297807,96.02127703169685,86.52679320210373
1.565999999999883,125.58414459228516,125.66370614359174,0.3094958783917586,76.35116359439758,67.8206027792068
1.566499999999883,125.57762908935547,125.66370614359174,0.3078065403118342,64.36231725284593,56.82492599921217
1.566999999999883,125.56936645507812,125.66370614359174,0.30209565632613633,59.26165676934288,52.4369613943566
1.5674999999998829,125.56155395507812,125.66370614359174,0.29511499853408135,60.14653012934767,53.56582397294267
1.5679999999998828,125.55598449707031,125.66370614359174,0.2895728351941897,66.08954833703629,59.17308552112798
1.5684999999998828,125.55403137207031,125.66370614359174,0.28776410861627566,76.16373519785964,68.27907159942663
1.5689999999998827,125.5567398071289,125.66370614359174,0.29129125122744826,89.15343614261936,79.96234640505635
1.5694999999998827,125.56383514404297,125.66370614359174,0.29892017450824454,100.22395537540206,90.99878209811692
1.5699999999998826,125.56372833251953,125.66370614359174,0.3032344622403373,81.22182146651151,72.90768678376125
1.5704999999998825,125.55941009521484,125.66370614359174,0.3020699593579937,69.73667794423592,62.33400219057702
1.5709999999998825,125.55345916748047,125.66370614359174,0.297126666957821,65.02588760009168,58.233479996198895
1.5714999999998824,125.54804229736328,125.66370614359174,0.29113521755515837,66.22328991374218,59.557801066548265
1.5719999999998824,125.54490661621094,125.66370614359174,0.28678842596202686,72.42735622174706,65.29902187359082
1.5724999999998823,125.54544067382812,125.66370614359174,0.28633654966679745,82.72927425721598,74.49916307536031
1.5729999999998823,125.55065155029297,125.66370614359174,0.2912975250054117,95.98505007189569,86.25192802633572
1.5734999999998822,125.56051635742188,125.66370614359174,0.3007307634451082,107.59855281359883,97.9489387226024
1.5739999999998822,125.56324768066406,125.66370614359174,0.305165556436878,88.8264379042167,80.04493950455772
1.574499999999882,125.561767578125,125.66370614359174,0.3045592005501131,77.38162869803332,69.45227077319686
1.574999999999882,125.55858612060547,125.66370614359174,0.30044361950276155,72.57523544857153,65.18741853077661
1.575499999999882,125.55582427978516,125.66370614359174,0.29544010211995503,73.58128581288608,66.24712751465734
1.575999999999882,125.55522155761719,125.66370614359174,0.29213963688446365,79.52841660043396,71.65687772365779
1.5764999999998819,125.55813598632812,125.66370614359174,0.2926834191023848,89.53072104975793,80.48356948904471
1.5769999999998818,125.56556701660156,125.66370614359174,0.29848808155127055,102.53341339056693,91.83944799471365
1.5774999999998818,125.57772827148438,125.66370614359174,0.3090455513061185,114.27626649151196,103.72955883017744
1.5779999999998817,125.5826416015625,125.66370614359174,0.31377864100699476,95.21844515117459,85.52933765555052
1.5784999999998817,125.58314514160156,125.66370614359174,0.3136050971477686,83.30450285984962,74.47088802174677
1.5789999999998816,125.58173370361328,125.66370614359174,0.3099386734582158,77.90464338385394,69.62856094744495
1.5794999999998816,125.58047485351562,125.66370614359174,0.30529593771491476,78.23775262399782,70.04263947281721
1.5799999999998815,125.58110809326172,125.66370614359174,0.3021707620513529,83.46734145634187,74.77172197515235
1.5804999999998814,125.58497619628906,125.66370614359174,0.30263019441655215,92.73501888259023,82.90807192232832
1.5809999999998814,125.59308624267578,125.66370614359174,0.3080652779504896,105.09493362155584,93.58344939879586
1.5814999999998813,125.60591125488281,125.66370614359174,0.31856055869215044,116.8696078382356,105.4156872127302
1.5819999999998813,125.61125183105469,125.66370614359174,0.32391474920996627,97.21053018113123,86.63770798024869
1.5824999999998812,125.61192321777344,125.66370614359174,0.32401037309438485,84.54446649314963,74.89604672116643
1.5829999999998812,125.6103744506836,125.66370614359174,0.3202765775899849,78.3052850417917,69.31686219856157
1.5834999999998811,125.60868835449219,125.66370614359174,0.3152110860153569,77.75998179187677,68.97965171870939
1.583999999999881,125.60859680175781,125.66370614359174,0.3112874053920616,82.10967311502762,72.97307514090535
1.584499999999881,125.61145782470703,125.66370614359174,0.31058619448545893,90.52565835755645,80.41255601038952
1.584999999999881,125.61831665039062,125.66370614359174,0.3145696011430083,102.17066728467923,90.4476700673467
1.585499999999881,125.62987518310547,125.66370614359174,0.3239535779762088,114.19220249845183,102.26483165990479
1.5859999999998808,125.63375854492188,125.66370614359174,0.330213068674045,93.99442216547152,82.98991340278374
1.5864999999998808,125.63275146484375,125.66370614359174,0.3304724849031232,80.67541154626763,70.69843463239823
1.5869999999998807,125.62930297851562,125.66370614359174,0.32630983152970316,73.73489024518932,64.56344538379096
1.5874999999998807,125.62551879882812,125.66370614359174,0.3203053998450796,72.48883666323489,63.69963411014565
1.5879999999998806,125.62313079833984,125.66370614359174,0.31499961436883206,76.17592968835562,67.22224101057445
1.5884999999998806,125.62354278564453,125.66370614359174,0.3125676018831816,83.99630557644184,74.26667290335263
1.5889999999998805,125.6278305053711,125.66370614359174,0.3146118160663269,95.13467116744215,83.99725976935036
1.5894999999998805,125.6367416381836,125.66370614359174,0.3220190515298288,108.18377620758619,95.6109563924339
1.5899999999998804,125.64920806884766,125.66370614359174,0.33161639116811187,116.63351822006044,104.58174275166259
1.5904999999998803,125.6540756225586,125.66370614359174,0.33473916911733453,96.62612085963677,85.46205514959512
1.5909999999998803,125.654296875,125.66370614359174,0.33357100852734334,84.1066374318708,73.80565905494858
1.5914999999998802,125.65241241455078,125.66370614359174,0.3294938426023891,78.25260822228192,68.51091436632278
1.5919999999998802,125.65052032470703,125.66370614359174,0.32481466144105864,78.14617806510886,68.49253775584994
1.5924999999998801,125.65031433105469,125.66370614359174,0.32177898549158146,82.85481784861113,72.72130429909586
1.59299999999988,125.6530990600586,125.66370614359174,0.32221522730727925,91.45410576872766,80.22945580993348
1.59349999999988,125.65980529785156,125.66370614359174,0.32733240399146446,102.57133799967467,90.10963981691336
1.59399999999988,125.66979217529297,125.66370614359174,0.3350383066835603,110.54984441926945,98.35586328807454
1.59449999999988,125.67172241210938,125.66370614359174,0.3388120408379903,89.33272066538187,78.10893542277799
1.5949999999998798,125.66864013671875,125.66370614359174,0.33740078805104273,75.70879543811704,65.5103501165295
1.5954999999998798,125.66315460205078,125.66370614359174,0.3323013656792908,68.8815450980325,59.457320348167116
1.5959999999998797,125.65742492675781,125.66370614359174,0.32593930319348396,67.95069290734077,58.86227407810337
1.5964999999998797,125.65322875976562,125.66370614359174,0.3206996585667292,71.99650514995518,62.693382237816515
1.5969999999998796,125.65193176269531,125.66370614359174,0.31859730200123104,80.10359995649853,69.9799755916597
1.5974999999998796,125.654541015625,125.66370614359174,0.3210704963758322,91.03976648076174,79.81136209394109
1.5979999999998795,125.66072845458984,125.66370614359174,0.32692681642058957,100.1611603384868,88.78284004330199
1.5984999999998795,125.6589126586914,125.66370614359174,0.33168820055085746,79.05057834393833,68.69046739754025
1.5989999999998794,125.65215301513672,125.66370614359174,0.3302391243600406,65.50513905328171,56.268222515795514
1.5994999999998794,125.6430892944336,125.66370614359174,0.32435077372709253,58.78444000000396,50.448459067180515
1.5999999999998793,125.6339111328125,125.66370614359174,0.3166701573927212,58.02736417798143,50.16807466140293
1.6004999999998792,125.62641906738281,125.66370614359174,0.3097888353603456,62.34136758705784,54.41160428541812
1.6009999999998792,125.62203979492188,125.66370614359174,0.3059417945624231,70.82909037948647,62.21853143222178
1.6014999999998791,125.621826171875,125.66370614359174,0.3067916922628683,82.37428646053051,72.6834204028093
1.601999999999879,125.62572479248047,125.66370614359174,0.3118420056722828,93.80224618115878,83.01407333594608
1.602499999999879,125.63260650634766,125.66370614359174,0.3189609390046537,100.7232380472114,90.51364270399138
1.602999999999879,125.63218688964844,125.66370614359174,0.3204364660301809,81.47763027752941,72.18590553965063
1.603499999999879,125.62763214111328,125.66370614359174,0.3177083115064331,70.23022374281808,61.779563039518386
1.6039999999998789,125.62157440185547,125.66370614359174,0.3124077944174719,65.94371614078015,57.9921761302747
1.6044999999998788,125.61614990234375,125.66370614359174,0.3069803518844788,67.54312923342106,59.59166595920882
1.6049999999998787,125.61305236816406,125.66370614359174,0.3037682381045498,73.97883728691707,65.44138695704603
1.6054999999998787,125.61356353759766,125.66370614359174,0.30463644502737447,84.07935751362494,74.49515132378036
1.6059999999998786,125.6180419921875,125.66370614359174,0.30975315787678864,95.11168234070387,84.46606346935492
1.6064999999998786,125.62541961669922,125.66370614359174,0.31677506866963984,101.82631348873801,91.7567827635658
1.6069999999998785,125.62528228759766,125.66370614359174,0.3183412225450324,82.02215800590601,72.87990374945576
1.6074999999998785,125.6208267211914,125.66370614359174,0.31564618683513185,70.3004785858839,62.025697793722614
1.6079999999998784,125.6147232055664,125.66370614359174,0.3102247655234151,65.63165862036296,57.8920690743515
1.6084999999998784,125.60916900634766,125.66370614359174,0.3045257349186025,66.94423929757194,59.24505232833559
1.6089999999998783,125.60587310791016,125.66370614359174,0.30093727010061955,73.18969760259628,64.94487875630499
1.6094999999998783,125.60617065429688,125.66370614359174,0.3013920603600061,83.27055070774318,73.9415921526267
1.6099999999998782,125.61068725585938,125.66370614359174,0.30658215300155484,94.98538898417966,84.5563354374171
1.6104999999998781,125.61831665039062,125.66370614359174,0.3137665610486812,102.31501124312122,92.38450500368795
1.610999999999878,125.61843872070312,125.66370614359174,0.31572115014882324,82.54341895317411,73.53518622101296
1.611499999999878,125.6142349243164,125.66370614359174,0.3132784968093952,70.7861121797171,62.649446340340205
1.611999999999878,125.60836029052734,125.66370614359174,0.30796673915956896,66.05566320684724,58.46285334215208
1.612499999999878,125.60301208496094,125.66370614359174,0.302266677716934,67.310366813063,59.76807517694378
1.6129999999998779,125.59992218017578,125.66370614359174,0.29860980416131516,73.52267937869219,65.4438804151963
1.6134999999998778,125.60041809082031,125.66370614359174,0.29897596689396116,83.68236406389386,74.45288254621121
1.6139999999998778,125.60540771484375,125.66370614359174,0.30455656205054815,96.12461864979237,85.73428473530227
1.6144999999998777,125.61371612548828,125.66370614359174,0.312160585121006,104.0322369147948,94.09267887429912
1.6149999999998776,125.61453247070312,125.66370614359174,0.3144983402085903,84.28953752655706,75.26208955771041
1.6154999999998776,125.6109848022461,125.66370614359174,0.31237716102897906,72.46769337688937,64.30860956395529
1.6159999999998775,125.6057357788086,125.66370614359174,0.30729419703001315,67.62513989221469,60.010596474603545
1.6164999999998775,125.6009521484375,125.66370614359174,0.30173720693321104,68.7530122799972,61.19138104235013
1.6169999999998774,125.59838104248047,125.66370614359174,0.29815481718885656,74.8473803001207,66.75152794261284
1.6174999999998774,125.599365234375,125.66370614359174,0.2985486035501799,84.92694137376338,75.66892464451041
1.6179999999998773,125.60485076904297,125.66370614359174,0.3042106203273864,97.48836811556595,86.99385280037018
1.6184999999998773,125.61388397216797,125.66370614359174,0.31226773547363806,106.0120960595751,95.91233603784524
1.6189999999998772,125.61543273925781,125.66370614359174,0.31505232799401034,86.29903297047491,77.10372077381379
1.6194999999998771,125.61258697509766,125.66370614359174,0.3132848429027191,74.37919025199773,66.05454461583004
1.619999999999877,125.60795593261719,125.66370614359174,0.3084441894102067,69.36480758968325,61.593553192863105
1.620499999999877,125.60372924804688,125.66370614359174,0.30301927012160046,70.28622150680424,62.58085486478988
1.620999999999877,125.60163116455078,125.66370614359174,0.29946423514967024,76.16832232901632,67.94368836896547
1.621499999999877,125.60301971435547,125.66370614359174,0.29979312594070784,86.05095374015094,76.67917340956848
1.6219999999998769,125.60884094238281,125.66370614359174,0.3053208962753722,98.52559364951092,87.85118187590132
1.6224999999998768,125.61841583251953,125.66370614359174,0.31369348995381097,107.61520029576764,97.26006370817358
1.6229999999998768,125.62047576904297,125.66370614359174,0.3169872832050401,87.84940044219915,78.3984228974677
1.6234999999998767,125.61807250976562,125.66370614359174,0.31555421527486416,75.74216362644965,67.17850951182818
1.6239999999998767,125.61380004882812,125.66370614359174,0.31087386396343264,70.46292921805686,62.480959957873246
1.6244999999998766,125.60981750488281,125.66370614359174,0.30544177764674507,71.08400215682701,63.203964651817394
1.6249999999998765,125.60786437988281,125.66370614359174,0.30172091209794905,76.6614709716628,68.302678769946
1.6254999999998765,125.60928344726562,125.66370614359174,0.3017459086856327,86.25837389897319,76.79454065585016
1.6259999999998764,125.61507415771484,125.66370614359174,0.3068704722309296,98.56884514972967,87.7580283139015
1.6264999999998764,125.6247787475586,125.66370614359174,0.3153145721485741,108.20854275381528,97.60752333911235
1.6269999999998763,125.62693786621094,125.66370614359174,0.31918355436125134,88.33402843272474,78.64471194044953
1.6274999999998763,125.62454986572266,125.66370614359174,0.3180430992837399,75.98899935883797,67.21846826818594
1.6279999999998762,125.62018585205078,125.66370614359174,0.31340289626094847,70.4014332858428,62.26030395370728
1.6284999999998762,125.61600494384766,125.66370614359174,0.30778372368022155,70.68662889219848,62.705828157375606
1.628999999999876,125.6137466430664,125.66370614359174,0.3036738232680739,75.9327257397773,67.53766981298375
1.629499999999876,125.6147689819336,125.66370614359174,0.3031476334674921,85.22663931856482,75.79331386724444
1.629999999999876,125.62007904052734,125.66370614359174,0.30761959606709693,97.36988140228907,86.56560723187714
1.630499999999876,125.6294937133789,125.66370614359174,0.31591797078156525,107.62167670230656,96.8824888131701
1.6309999999998759,125.63134002685547,125.66370614359174,0.3204140710197155,87.66570125863454,77.84965452714154
1.6314999999998758,125.6285629272461,125.66370614359174,0.31953312357980246,75.11730685659269,66.25857605557269
1.6319999999998758,125.62373352050781,125.66370614359174,0.3148444567124507,69.2634235337024,61.090587934654984
1.6324999999998757,125.6189956665039,125.66370614359174,0.30891686869197116,69.2625298406685,61.31787442023592
1.6329999999998757,125.61610412597656,125.66370614359174,0.30428415029505407,74.234820772328,65.94984543359628
1.6334999999998756,125.6164321899414,125.66370614359174,0.30307984115619024,83.29092895353261,74.04340794264003
1.6339999999998756,125.62100982666016,125.66370614359174,0.3067957603511246,95.3393039903156,84.7052017523105
1.6344999999998755,125.62989807128906,125.66370614359174,0.31487154488938357,106.30709291660305,95.57643911994502
1.6349999999998754,125.63123321533203,125.66370614359174,0.3200043894938136,86.36860120536541,76.57065399004247
1.6354999999998754,125.62792205810547,125.66370614359174,0.31937304758958857,73.71902915845067,64.91275204638852
1.6359999999998753,125.62251281738281,125.66370614359174,0.31462098071891875,67.70380661679475,59.63363362907829
1.6364999999998753,125.61714935302734,125.66370614359174,0.3083798669766477,67.524108708656,59.741795477339664
1.6369999999998752,125.61359405517578,125.66370614359174,0.3032425352498971,72.33158068034983,64.27307516526365
1.6374999999998752,125.61322784423828,125.66370614359174,0.30141164380082347,81.25987227869815,72.3033857798006
1.6379999999998751,125.61710357666016,125.66370614359174,0.3044602485455772,93.31996010340069,82.95270073810777
1.638499999999875,125.62556457519531,125.66370614359174,0.31241891676612743,106.19926739505583,94.4751060235748
1.638999999999875,125.6373519897461,125.66370614359174,0.32206357182640194,113.82656647511327,102.85630473727633
1.639499999999875,125.64185333251953,125.66370614359174,0.3238574807731671,94.67878377414809,84.54905940920658
1.639999999999875,125.64212036132812,125.66370614359174,0.3221215881887824,83.28792358236508,73.89797875527015
1.6404999999998748,125.64070892333984,125.66370614359174,0.31820046505374266,78.69109947828827,69.68523265547711
1.6409999999998748,125.63971710205078,125.66370614359174,0.3143549074042672,79.86790407224002,70.74035616559642
1.6414999999998747,125.64080047607422,125.66370614359174,0.3127663102979395,85.80908987938706,75.97161061215775
1.6419999999998747,125.64523315429688,125.66370614359174,0.3151448786879391,95.49125844821108,84.3656199964335
1.6424999999998746,125.65376281738281,125.66370614359174,0.32227355813035197,107.0282154628713,94.68170307419749
1.6429999999998746,125.66521453857422,125.66370614359174,0.33085121226193726,113.67366726141411,102.0220805756354
1.6434999999998745,125.66881561279297,125.66370614359174,0.33293219678588226,93.05921061639067,82.31959025637175
1.6439999999998745,125.66769409179688,125.66370614359174,0.33099464562040803,80.30048792199023,70.4361780120182
1.6444999999998744,125.66447448730469,125.66370614359174,0.3263435003526609,74.4509544385238,65.15043088715873
1.6449999999998743,125.66130828857422,125.66370614359174,0.32124862340020455,74.50155280551608,65.28816635650557
1.6454999999998743,125.659912109375,125.66370614359174,0.31794639188510154,79.4520483519744,69.75452988895871
1.6459999999998742,125.66162109375,125.66370614359174,0.31826298946060355,88.32773154148583,77.53354613441012
1.6464999999998742,125.6673583984375,125.66370614359174,0.3233960017661576,99.59523662220073,87.68277699591268
1.6469999999998741,125.67609405517578,125.66370614359174,0.3304990291070006,106.74388756859526,95.20721374777992
1.647499999999874,125.67683410644531,125.66370614359174,0.33345690156625934,85.68907934540775,75.12401589307036
1.647999999999874,125.6727066040039,125.66370614359174,0.33147935930883726,72.46335444969952,62.89480472664489
1.648499999999874,125.66637420654297,125.66370614359174,0.32606887630660714,66.17401154611125,57.32990761772992
1.648999999999874,125.66001892089844,125.66370614359174,0.3196527937335971,65.8503902811348,57.27764658293951
1.6494999999998738,125.65541076660156,125.66370614359174,0.31462109871055705,70.52018240311418,61.65892662252539
1.6499999999998738,125.6539077758789,125.66370614359174,0.31297937782923996,79.22856200917191,69.46830841173062
1.6504999999998737,125.65650177001953,125.66370614359174,0.316126414839422,90.59000122281297,79.76977750317343
1.6509999999998737,125.66243743896484,125.66370614359174,0.32204673538266226,98.9485049625664,88.1729536715058
1.6514999999998736,125.66050720214844,125.66370614359174,0.32586266523598645,78.16627732283816,68.3902934001187
1.6519999999998736,125.65381622314453,125.66370614359174,0.3239499465515332,65.15540832201157,56.43764946101274
1.6524999999998735,125.64503479003906,125.66370614359174,0.3180272235921175,59.07967886222061,51.16638083287312
1.6529999999998735,125.63636779785156,125.66370614359174,0.31070959024414563,59.007871136665806,51.453579264898735
1.6534999999998734,125.62960815429688,125.66370614359174,0.30456566445702216,63.99494213698224,56.23965482798743
1.6539999999998733,125.62614440917969,125.66370614359174,0.3017855489657731,73.10411822726174,64.53166923907831
1.6544999999998733,125.62701416015625,125.66370614359174,0.30394343073340807,85.06361262337298,75.4007151978124
1.6549999999998732,125.63172149658203,125.66370614359174,0.3096317292819142,94.88138816907977,85.06654796972062
1.6554999999998732,125.62885284423828,125.66370614359174,0.3140259191393863,74.8413179088702,66.01140607483372
1.6559999999998731,125.62147521972656,125.66370614359174,0.3123438465931657,62.47779567249308,54.687722570993195
1.656499999999873,125.61223602294922,125.66370614359174,0.30642329747657726,57.00650468385199,49.995118290752806
1.656999999999873,125.60333251953125,125.66370614359174,0.2990198861742307,57.53225903042237,50.84468348549735
1.657499999999873,125.5965576171875,125.66370614359174,0.2928428095551571,63.1341945024835,56.19995459565797
1.657999999999873,125.59333038330078,125.66370614359174,0.29020915285882354,72.89092594516102,65.08307385812031
1.6584999999998729,125.59467315673828,125.66370614359174,0.29277845079569703,85.61109876176157,76.57413158342177
1.6589999999998728,125.6003646850586,125.66370614359174,0.29952534540957876,96.70840823632395,87.505511841011
1.6594999999998727,125.59878540039062,125.66370614359174,0.304180015724789,77.49474202705278,69.22806600546636
1.6599999999998727,125.59293365478516,125.66370614359174,0.3029441050591789,65.81268974042241,58.507879134586545
1.6604999999998726,125.58541107177734,125.66370614359174,0.29762162154266203,60.92735259660747,54.30065323955633
1.6609999999998726,125.5783920288086,125.66370614359174,0.2910036594498118,61.97866077045569,55.557808260986725
1.6614999999998725,125.57364654541016,125.66370614359174,0.28584120048051526,68.06989671066161,61.2712468251291
1.6619999999998725,125.57257080078125,125.66370614359174,0.28446198487839053,78.29584484793014,70.4827240270346
1.6624999999998724,125.5761947631836,125.66370614359174,0.2884809458429458,91.53397692884586,82.28546824441933
1.6629999999998724,125.58452606201172,125.66370614359174,0.297145795364955,103.42151603853793,94.12365859700688
1.6634999999998723,125.58576202392578,125.66370614359174,0.3018739373286793,84.70858223636222,76.29239485078256
1.6639999999998722,125.58281707763672,125.66370614359174,0.3012105993372735,73.34251566595856,65.80485379763357
1.6644999999998722,125.57823944091797,125.66370614359174,0.2967987396197173,68.63946288917025,61.67754318152719
1.6649999999998721,125.57414245605469,125.66370614359174,0.2913460234429318,69.77704850650817,62.906611999742694
1.665499999999872,125.57228088378906,125.66370614359174,0.28752745218173653,75.88612940441367,68.51667111881794
1.665999999999872,125.57402801513672,125.66370614359174,0.2875709882317218,86.08176833753943,77.57339543640127
1.666499999999872,125.58039855957031,125.66370614359174,0.2929706930823597,99.32194684223356,89.18743377377567
1.666999999999872,125.59163665771484,125.66370614359174,0.3033209861035395,111.4720476558056,101.41208261939971
1.6674999999998719,125.59573364257812,125.66370614359174,0.30819066360323966,92.70999261925735,83.50204757756717
1.6679999999998718,125.59555053710938,125.66370614359174,0.3080387816262583,81.10004662106836,72.73742134395995
1.6684999999998718,125.59355926513672,125.66370614359174,0.30433590349976314,76.01435454136819,68.19483821113043
1.6689999999998717,125.59185028076172,125.66370614359174,0.29965760805638203,76.67301259485173,68.91555302840506
1.6694999999998716,125.59215545654297,125.66370614359174,0.29655583402429075,82.23959206467225,73.95820742215227
1.6699999999998716,125.5958251953125,125.66370614359174,0.29714468876475464,91.85476012558406,82.4143624904119
1.6704999999998715,125.60386657714844,125.66370614359174,0.3028378825671745,104.57813292724445,93.41446020307846
1.6709999999998715,125.61676788330078,125.66370614359174,0.313744910680884,116.70757539541482,105.6193368801746
1.6714999999998714,125.62232971191406,125.66370614359174,0.3190559735903432,97.42230880024844,87.19448613961536
1.6719999999998714,125.62334442138672,125.66370614359174,0.3192452903306225,85.11757348089657,75.77552937490665
1.6724999999998713,125.62226104736328,125.66370614359174,0.31572344517010614,79.22714802942768,70.49396168173911
1.6729999999998713,125.62114715576172,125.66370614359174,0.3109918138276768,79.01808007805188,70.43262480860443
1.6734999999998712,125.6217269897461,125.66370614359174,0.30753211508161066,83.69084650763128,74.68214266397823
1.6739999999998711,125.6253662109375,125.66370614359174,0.3074208341126402,92.41552459398878,82.35886921327412
1.674499999999871,125.6330795288086,125.66370614359174,0.31209382749562475,104.35318363537553,92.6125125583264
1.674999999999871,125.64557647705078,125.66370614359174,0.32222057437090973,116.48868822576421,104.62907715557422
1.675499999999871,125.6504898071289,125.66370614359174,0.3283398288202669,96.5590125091714,85.5969094000112
1.675999999999871,125.65058898925781,125.66370614359174,0.3287314313249415,83.47460484582062,73.49429333796965
1.6764999999998709,125.64830780029297,125.66370614359174,0.32490480529501037,76.73555402902359,67.50217670309073
1.6769999999998708,125.64572143554688,125.66370614359174,0.31939872626135635,75.65885277648356,66.74090758174977
1.6774999999998708,125.64456176757812,125.66370614359174,0.314720749184004,79.48386807255885,70.32987166529009
1.6779999999998707,125.64622497558594,125.66370614359174,0.3130053857041123,87.41114577437322,77.40748943940997
1.6784999999998707,125.6517562866211,125.66370614359174,0.3158017163579466,98.6256173143926,87.14026577914723
1.6789999999998706,125.6618881225586,125.66370614359174,0.32393765700048877,111.7055598018509,98.72674174684525
1.6794999999998705,125.67558288574219,125.66370614359174,0.3341452525685744,120.04932685399719,107.67844132446008
1.6799999999998705,125.68165588378906,125.66370614359174,0.3371854516337555,100.02200654957277,88.52053296847055
1.6804999999998704,125.68305206298828,125.66370614359174,0.33616669410859906,87.44615974280816,76.7801708813369
1.6809999999998704,125.68229675292969,125.66370614359174,0.3323946038640609,81.50109717901806,71.36258941855031
1.6814999999998703,125.68147277832031,125.66370614359174,0.3281103273184709,81.27135791087062,71.18779846267682
1.6819999999998703,125.6822509765625,125.66370614359174,0.32550016873285115,85.82685822940245,75.23091827733143
1.6824999999998702,125.6859359741211,125.66370614359174,0.3263368961565418,94.24562035215459,82.52783562570363
1.6829999999998702,125.6934585571289,125.66370614359174,0.3317832502114608,105.14965333826643,92.17430786466853
1.68349999999987,125.70416259765625,125.66370614359174,0.33972412091320386,112.86320272896408,100.19781963613661
1.68399999999987,125.70671844482422,125.66370614359174,0.3435143263081872,91.3942904595524,79.69818359822455
1.68449999999987,125.70414733886719,125.66370614359174,0.3421884690125057,77.49330469226092,66.82750203063794
1.68499999999987,125.69905853271484,125.66370614359174,0.33720378741206286,70.36758038092894,60.4875141899197
1.6854999999998699,125.69361877441406,125.66370614359174,0.33093858061467507,69.12100986207568,59.59440722937502
1.6859999999998698,125.68958282470703,125.66370614359174,0.32573351653651006,72.83804357495029,63.11981764623216
1.6864999999998698,125.68831634521484,125.66370614359174,0.32356730091786096,80.60737693547198,70.09626981648239
1.6869999999998697,125.69084167480469,125.66370614359174,0.32585906599433634,91.2036705911854,79.61600354001763
1.6874999999998697,125.69682312011719,125.66370614359174,0.3314705864257066,100.95370334143709,88.3032770241775
1.6879999999998696,125.70516204833984,125.66370614359174,0.33870171551934464,106.11396014677382,94.24695192521341
1.6884999999998695,125.70579528808594,125.66370614359174,0.33978487590140355,85.7945392713363,74.87718336832525
1.6889999999998695,125.70189666748047,125.66370614359174,0.3368976270316925,73.50406647397966,63.47669694386068
1.6894999999998694,125.69609832763672,125.66370614359174,0.3315489601047325,68.16919473358207,58.70926016125995
1.6899999999998694,125.6905517578125,125.66370614359174,0.32600648978022345,68.69305302160649,59.32088798975307
1.6904999999998693,125.68692779541016,125.66370614359174,0.3224407145609442,74.01433341372625,64.16215065088724
1.6909999999998693,125.68649291992188,125.66370614359174,0.3225910552695566,82.89047123862005,72.18067756398159
1.6914999999998692,125.68936920166016,125.66370614359174,0.3262618273242007,92.09580759130725,80.50042152082277
1.6919999999998692,125.69454956054688,125.66370614359174,0.33173854420617227,97.36915042483065,86.29260685179369
1.692499999999869,125.69181060791016,125.66370614359174,0.3332804827720925,76.44678439575652,66.38603051464337
1.692999999999869,125.68441009521484,125.66370614359174,0.3300336866292773,63.71973391919603,54.66942745748071
1.693499999999869,125.6750717163086,125.66370614359174,0.32364129324197366,58.12516494041501,49.794216492142695
1.693999999999869,125.66602325439453,125.66370614359174,0.3165491390614848,58.57035343723055,50.49421335078758
1.6944999999998689,125.65899658203125,125.66370614359174,0.31113607045195235,63.994317764394275,55.60826004757947
1.6949999999998688,125.65534973144531,125.66370614359174,0.30937727563128586,73.2434217464172,64.0726775361661
1.6954999999998688,125.6554946899414,125.66370614359174,0.3117806091440704,83.6462743563545,73.6165536645557
1.6959999999998687,125.65841674804688,125.66370614359174,0.3164389271930344,90.3489135052135,80.57585894098287
1.6964999999998687,125.6536636352539,125.66370614359174,0.31854758018906215,70.06278013493923,61.305614234988475
1.6969999999998686,125.6445083618164,125.66370614359174,0.3153273341470193,57.96464148805245,50.225222236484804
1.6974999999998686,125.63367462158203,125.66370614359174,0.3085879650860737,53.02999571574112,46.01541122008751
1.6979999999998685,125.62340545654297,125.66370614359174,0.30097121006555244,54.19069691750284,47.42888501239813
1.6984999999998684,125.61548614501953,125.66370614359174,0.29505827835631576,60.40034276105309,53.31552833842735
1.6989999999998684,125.61126708984375,125.66370614359174,0.29301487224763023,70.57891579815691,62.61688441284311
1.6994999999998683,125.6114501953125,125.66370614359174,0.29586800247762907,82.60982107036631,73.67774081431313
1.6999999999998683,125.61495971679688,125.66370614359174,0.30127113626341817,90.75399744022724,82.02418733199292
1.7004999999998682,125.61115264892578,125.66370614359174,0.30363449619466865,71.41628218778591,63.6437136334896
1.7009999999998682,125.60324096679688,125.66370614359174,0.30081302861110165,60.1822780594802,53.33533310349545
1.7014999999998681,125.59393310546875,125.66370614359174,0.29461216696989384,56.064622724571045,49.82300798108651
1.701999999999868,125.58544921875,125.66370614359174,0.2877568766461341,58.01965912182807,51.88909557085998
1.702499999999868,125.57955932617188,125.66370614359174,0.2829202853066701,65.01589414283771,58.40292226013869
1.702999999999868,125.57762145996094,125.66370614359174,0.28231601246294535,76.04138544340074,68.31810661796465
1.703499999999868,125.58056640625,125.66370614359174,0.287336171059704,89.48832055636208,80.5915179434036
1.7039999999998678,125.58724975585938,125.66370614359174,0.2948285082116675,98.52216378181475,89.97237795058187
1.7044999999998678,125.58683776855469,125.66370614359174,0.29715906049509067,79.83639184491602,72.16451335834343
1.7049999999998677,125.58247375488281,125.66370614359174,0.2950101898452881,69.10834704128166,62.23763300401129
1.7054999999998677,125.57681274414062,125.66370614359174,0.2899844397712,65.38884016308684,58.96790353145644
1.7059999999998676,125.57202911376953,125.66370614359174,0.28471603059569184,67.66125946258795,61.1751192325612
1.7064999999998676,125.56986999511719,125.66370614359174,0.2817942853666721,74.91271888519294,67.75508933268803
1.7069999999998675,125.57166290283203,125.66370614359174,0.2833041078046868,86.15204058998927,77.68005184418334
1.7074999999998675,125.57835388183594,125.66370614359174,0.2905189033717271,99.85275884344624,89.99403197893915
1.7079999999998674,125.58898162841797,125.66370614359174,0.30020551708518206,109.2088323327507,99.8926313020869
1.7084999999998673,125.592529296875,125.66370614359174,0.30254524195388033,90.6018963337689,82.11067043531102
1.7089999999998673,125.59204864501953,125.66370614359174,0.3010787449013077,79.7537640704494,71.98779870988155
1.7094999999998672,125.59011840820312,125.66370614359174,0.2971532720827542,75.76578265391716,68.36129568260779
1.7099999999998672,125.5888900756836,125.66370614359174,0.29321097014672604,77.65942019746127,70.09638391982153
1.7104999999998671,125.59004974365234,125.66370614359174,0.29165836728828276,84.45084461974483,76.12276206766393
1.710999999999867,125.59492492675781,125.66370614359174,0.29440078479866827,95.17148497083109,85.43822107931481
1.711499999999867,125.60443878173828,125.66370614359174,0.3025690643988156,108.35601926493584,97.10614118316397
1.711999999999867,125.61785888671875,125.66370614359174,0.3133102937815792,117.54792683897878,106.93728914076678
1.712499999999867,125.62397003173828,125.66370614359174,0.31596538556490994,98.34819433609599,88.56271097303532
1.7129999999998669,125.62574005126953,125.66370614359174,0.31493957841575665,86.72191105761813,77.68217706483203
1.7134999999998668,125.62572479248047,125.66370614359174,0.31143384232027005,81.83008569209372,73.19062420917552
1.7139999999998667,125.62603759765625,125.66370614359174,0.3077458073209871,82.73989705170636,73.99687505640054
1.7144999999998667,125.62835693359375,125.66370614359174,0.3061531808265194,88.50370377314326,79.06413663134668
1.7149999999998666,125.63400268554688,125.66370614359174,0.3084794629065884,98.18210097105064,87.41622030013563
1.7154999999998666,125.64391326904297,125.66370614359174,0.31585271186776054,110.41878933728087,98.1368680837239
1.7159999999998665,125.65760803222656,125.66370614359174,0.32612858714357523,119.40830026697358,107.64781585384624
1.7164999999998665,125.66362762451172,125.66370614359174,0.32952537969790996,99.27689777034026,88.3885001278492
1.7169999999998664,125.6649398803711,125.66370614359174,0.3286895245351346,86.58502153480094,76.55043689036886
1.7174999999998664,125.66407775878906,125.66370614359174,0.3248705268246196,80.55907049308479,71.0774989731543
1.7179999999998663,125.66314697265625,125.66370614359174,0.32036472801476823,80.31576917307021,70.91562207376292
1.7184999999998662,125.66386413574219,125.66370614359174,0.3174520633687983,84.94655871128839,75.05671442402455
1.7189999999998662,125.66756439208984,125.66370614359174,0.3180087192019124,93.54315708412129,82.54684127714481
1.7194999999998661,125.67520904541016,125.66370614359174,0.3232867787490847,104.88817365313358,92.48696155472771
1.719999999999866,125.68660736083984,125.66370614359174,0.33199867287609286,114.11945869390226,101.90795339105914
1.720499999999866,125.6900634765625,125.66370614359174,0.3364490484691371,93.24307980617716,81.96963135678513
1.720999999999866,125.68854522705078,125.66370614359174,0.3356664033680656,79.72664282344653,69.45098570139805
1.721499999999866,125.6845932006836,125.66370614359174,0.331110596477033,72.86284379447065,63.33726558480076
1.7219999999998659,125.68035888671875,125.66370614359174,0.3252094684542265,71.81730176684037,62.60515797266176
1.7224999999998658,125.67757415771484,125.66370614359174,0.32035933429638636,75.7187552962063,66.26959535927229
1.7229999999998658,125.67762756347656,125.66370614359174,0.3185870372502166,83.68727602396986,73.39367749516904
1.7234999999998657,125.68153381347656,125.66370614359174,0.3213425533167837,94.64226788189019,83.09059392481913
1.7239999999998656,125.68938446044922,125.66370614359174,0.32817643859354295,105.76117742062688,93.0014987926514
1.7244999999998656,125.69998168945312,125.66370614359174,0.33656172777634563,111.9118557850311,99.91311274424336
1.7249999999998655,125.7029037475586,125.66370614359174,0.3382156518343575,91.7187029617753,80.62932400424872
1.7254999999998655,125.70125579833984,125.66370614359174,0.33600250851156205,79.38204045837874,69.14181233556947
1.7259999999998654,125.69763946533203,125.66370614359174,0.3313328952765944,73.9017105654868,64.18711398196864
1.7264999999998654,125.69417572021484,125.66370614359174,0.3264435674670606,74.23314854690075,64.56327735314186
1.7269999999998653,125.69254302978516,125.66370614359174,0.32349002800462606,79.3525861166617,69.15786295085633
1.7274999999998653,125.69400024414062,125.66370614359174,0.3241988631308439,88.15554160082046,76.94447187858634
1.7279999999998652,125.69908905029297,125.66370614359174,0.329014119913493,98.28270048528437,86.06823613790809
1.7284999999998651,125.70669555664062,125.66370614359174,0.3354889157673311,104.1159596569925,92.40649912230201
1.728999999999865,125.70625305175781,125.66370614359174,0.33766770463731016,82.88601472316114,72.1697340391887
1.729499999999865,125.70095825195312,125.66370614359174,0.3350925166250977,69.67213590350951,59.96008180565566
1.729999999999865,125.69348907470703,125.66370614359174,0.32929482121608944,63.4885533456662,54.50211744057668
1.730499999999865,125.6860580444336,125.66370614359174,0.32266131177058666,63.298712621894616,54.58270118630719
1.7309999999998649,125.68041229248047,125.66370614359174,0.31752746616824506,68.0832897685198,59.07924038237159
1.7314999999998648,125.67790222167969,125.66370614359174,0.31584098613646777,76.82248707675055,66.95597476359171
1.7319999999998648,125.67937469482422,125.66370614359174,0.3187543283485949,87.7480361712806,76.96642475314574
1.7324999999998647,125.68370819091797,125.66370614359174,0.32381066414913623,94.76887322755232,84.15246495692267
1.7329999999998646,125.68011474609375,125.66370614359174,0.3267378831866139,73.81978078081764,64.22882829110569
1.7334999999998646,125.67180633544922,125.66370614359174,0.32408633304400836,60.89661297139936,52.37470123289653
1.7339999999998645,125.66149139404297,125.66370614359174,0.31760716766820535,55.05637025592386,47.34083564390322
1.7344999999998645,125.65142059326172,125.66370614359174,0.3099011805089493,55.29084044184386,47.93104095212933
1.7349999999998644,125.64337921142578,125.66370614359174,0.30351903006518255,60.59878046865213,53.03273583120128
1.7354999999998644,125.63875579833984,125.66370614359174,0.3006298479493717,70.00244866997538,61.61494777647041
1.7359999999998643,125.6385498046875,125.66370614359174,0.3027788984335329,82.070791862563,72.72195112825534
1.7364999999998643,125.64177703857422,125.66370614359174,0.3077040599922876,90.69275709772337,81.32972287237266
1.7369999999998642,125.6374282836914,125.66370614359174,0.31110918735142323,70.67176663597058,62.30629428838443
1.7374999999998642,125.6286849975586,125.66370614359174,0.3086737476160419,58.606710805009165,51.26715886795773
1.737999999999864,125.61825561523438,125.66370614359174,0.3022577556155755,53.59852977207373,47.00589630855358
1.738499999999864,125.60836029052734,125.66370614359174,0.29461737527123943,54.668347598913904,48.355635974249495
1.738999999999864,125.60079956054688,125.66370614359174,0.2884648628941932,60.833266365288864,54.22286781843558
1.739499999999864,125.59696960449219,125.66370614359174,0.28610737420809096,71.1258134097152,63.58815238867179
1.7399999999998639,125.59788513183594,125.66370614359174,0.28916290560181324,84.17820690162554,75.50168524809324
1.7404999999998638,125.60279846191406,125.66370614359174,0.29557655296536867,94.20542420284595,85.549440186313
1.7409999999998638,125.60051727294922,125.66370614359174,0.2991257198778262,75.20188529424284,67.47273038573111
1.7414999999998637,125.5941390991211,125.66370614359174,0.29723699166106526,64.00154419945522,57.18266731641296
1.7419999999998637,125.58631134033203,125.66370614359174,0.29169435376506675,59.75114453022674,53.53017816670846
1.7424999999998636,125.5792236328125,125.66370614359174,0.28527160910273414,61.50388700757056,55.389367245423756
1.7429999999998635,125.57464599609375,125.66370614359174,0.28070369486917013,68.29833999265864,61.69530281055141
1.7434999999998635,125.57395935058594,125.66370614359174,0.2802697424272458,79.18088127243553,71.44812632983646
1.7439999999998634,125.5781478881836,125.66370614359174,0.2854808945304842,92.82598739595237,83.71098636047648
1.7444999999998634,125.58670043945312,125.66370614359174,0.2943397403592257,103.59237573783258,94.68337835174204
1.7449999999998633,125.58824157714844,125.66370614359174,0.29784323225770665,85.11585785929773,77.06216432133667
1.7454999999998633,125.58576965332031,125.66370614359174,0.29666016385516114,74.24111980248331,66.98641787200006
1.7459999999998632,125.58186340332031,125.66370614359174,0.29234104473323097,70.16401143832836,63.37035992066376
1.7464999999998632,125.57865142822266,125.66370614359174,0.2875178368926834,71.97409362754361,65.13467412853414
1.746999999999863,125.577880859375,125.66370614359174,0.2847882521254315,78.73664880729041,71.24858332947895
1.747499999999863,125.58088684082031,125.66370614359174,0.28626291879658894,89.51790788886056,80.73734801970859
1.747999999999863,125.5886459350586,125.66370614359174,0.2932685405678431,103.0506645073323,92.68262154924697
1.748499999999863,125.60086059570312,125.66370614359174,0.3040415318227357,113.88062845531246,103.89550838877797
1.7489999999998629,125.60596466064453,125.66370614359174,0.3076330756081022,95.1948097501511,86.03360156576768
1.7494999999998628,125.60688018798828,125.66370614359174,0.3070227667582088,83.90365976520395,75.50576874044053
1.7499999999998628,125.60611724853516,125.66370614359174,0.30353583706120063,79.25900739650248,71.28785760809929
1.7504999999998627,125.60577392578125,125.66370614359174,0.2996165194600522,80.393261553916,72.34696120489004
1.7509999999998627,125.60755920410156,125.66370614359174,0.29768737012907176,86.4052305043372,77.68760477558816
1.7514999999998626,125.61279296875,125.66370614359174,0.29970653108683415,96.38791478920136,86.36222262891341
1.7519999999998626,125.62244415283203,125.66370614359174,0.3069068944586739,109.16819677147136,97.47356576006568
1.7524999999998625,125.63645935058594,125.66370614359174,0.31806373819883077,119.74627466488559,108.44153139543442
1.7529999999998624,125.64305114746094,125.66370614359174,0.32214764075060714,100.27333232146918,89.81345932480075
1.7534999999998624,125.64510345458984,125.66370614359174,0.3218525755195597,88.02465882355466,78.39069026781408
1.7539999999998623,125.64508819580078,125.66370614359174,0.31844388352118785,82.31519613105863,73.20323909088391
1.7544999999998623,125.64510345458984,125.66370614359174,0.3142791750253931,82.32574854261907,73.25949929310559
1.7549999999998622,125.64683532714844,125.66370614359174,0.3117029965346148,87.19366757718686,77.59606370583553
1.7554999999998622,125.65162658691406,125.66370614359174,0.3126442501634677,96.04311301139182,85.29053262944869
1.7559999999998621,125.66046905517578,125.66370614359174,0.3183852300000225,107.823257235984,95.46548601349079
1.756499999999862,125.67355346679688,125.66370614359174,0.3284363320892511,118.35035884089866,106.14932397204801
1.756999999999862,125.67889404296875,125.66370614359174,0.33343969179755967,97.97585807112922,86.67559149002851
1.757499999999862,125.67932891845703,125.66370614359174,0.3332735457072691,84.71230930291863,74.36762346783135
1.757999999999862,125.67736053466797,125.66370614359174,0.32933832531723656,77.94147726592625,68.30080080357736
1.7584999999998618,125.6750717163086,125.66370614359174,0.32405301641799894,76.89441397015862,67.51785726060173
1.7589999999998618,125.67420959472656,125.66370614359174,0.31981330662244906,80.74780184029622,71.08190171370381
1.7594999999998617,125.67613220214844,125.66370614359174,0.3186406210285988,88.6567486130971,78.09093107074494
1.7599999999998617,125.6818618774414,125.66370614359174,0.32197271838046976,99.69572477913864,87.68307721761632
1.7604999999998616,125.69190216064453,125.66370614359174,0.33009609861127376,111.85828865538159,98.49785281501123
1.7609999999998616,125.70494079589844,125.66370614359174,0.33959768548642416,118.64766194017196,106.05879432397991
1.7614999999998615,125.7102279663086,125.66370614359174,0.3417750391021758,98.28416656247006,86.5815812272114
1.7619999999998615,125.71080017089844,125.66370614359174,0.3401618539953268,85.59452835569657,74.72800200646354
1.7624999999998614,125.70922088623047,125.66370614359174,0.3360526347833352,79.65423603165065,69.30788891163924
1.7629999999998613,125.70758056640625,125.66370614359174,0.3316250535238494,79.47384619806823,69.17244697750826
1.7634999999998613,125.70757293701172,125.66370614359174,0.3289956641230553,84.07028925995233,73.24784731710847
1.7639999999998612,125.71045684814453,125.66370614359174,0.32986872644610604,92.48401223805789,80.5356008438738
1.7644999999998612,125.7171401977539,125.66370614359174,0.33534617214223567,103.13909345388751,90.10808351653495
1.7649999999998611,125.72647094726562,125.66370614359174,0.34238465124987494,109.33534963818475,96.75152960069305
1.765499999999861,125.72753143310547,125.66370614359174,0.3452684645980605,87.5544487734809,75.96595097672613
1.765999999999861,125.72346496582031,125.66370614359174,0.34323103208163447,73.61636184558277,63.06901755295859
1.766499999999861,125.71692657470703,125.66370614359174,0.3377375825860278,66.61594613347386,56.85663314173431
1.766999999999861,125.71012115478516,125.66370614359174,0.3311351313961066,65.57598548962783,56.167819563392406
1.7674999999998608,125.70480346679688,125.66370614359174,0.32573201670155455,69.52183274326366,59.91838763100649
1.7679999999998608,125.70234680175781,125.66370614359174,0.32347428881605267,77.49923288057774,67.10079506363836
1.7684999999998607,125.7037353515625,125.66370614359174,0.32574578717768654,88.1089423481902,76.77903713189636
1.7689999999998607,125.7081298828125,125.66370614359174,0.3305613567104622,95.69802825104625,84.32445217361085
1.7694999999998606,125.70437622070312,125.66370614359174,0.3344953539369127,74.17393336387879,63.85379800726814
1.7699999999998606,125.69564819335938,125.66370614359174,0.33230220466050625,60.49843430685047,51.33120255844649
1.7704999999998605,125.68463134765625,125.66370614359174,0.32578401403880264,53.82025988003737,45.5823463176375
1.7709999999998605,125.67357635498047,125.66370614359174,0.3175654420058007,53.19874505408031,45.46604729636826
1.7714999999998604,125.66429138183594,125.66370614359174,0.31021610111680287,57.68351053902542,49.910293816619294
1.7719999999998604,125.65818786621094,125.66370614359174,0.3059555218596078,66.33512902002198,57.91382293879662
1.7724999999998603,125.65631866455078,125.66370614359174,0.3064364691411658,77.88588553418757,68.54227413702
1.7729999999998602,125.65811157226562,125.66370614359174,0.31039384602851317,88.07738040310586,77.76869814049242
1.7734999999998602,125.66258239746094,125.66370614359174,0.31649390206203565,94.14651216509498,84.47055237829763
1.7739999999998601,125.65986633300781,125.66370614359174,0.3171765981551758,75.17460672555362,66.43457201744398
1.77449999999986,125.65320587158203,125.66370614359174,0.31370060877690986,64.3968952797983,56.49768296927305
1.77499999999986,125.64525604248047,125.66370614359174,0.3078047524463332,60.68289743101173,53.2711994526574
1.77549999999986,125.63818359375,125.66370614359174,0.3019734888912277,62.89148121557859,55.460894043816815
1.77599999999986,125.6336669921875,125.66370614359174,0.29857115973945747,69.92495849639032,61.885656425451934
1.7764999999998599,125.63296508789062,125.66370614359174,0.29946481240212375,80.4443942155122,71.4676889458263
1.7769999999998598,125.63593292236328,125.66370614359174,0.30393703712779085,90.63478612931995,80.67890556882674
1.7774999999998597,125.64160919189453,125.66370614359174,0.3104200501483404,96.7902547960749,87.49927680359234
1.7779999999998597,125.64002227783203,125.66370614359174,0.3111044093812135,77.61452126706882,69.23705307044034
1.7784999999998596,125.63441467285156,125.66370614359174,0.3078055492008125,66.70459651595893,59.14108768392344
1.7789999999998596,125.62748718261719,125.66370614359174,0.3021347354821671,62.93353717116727,55.825175351006116
1.7794999999998595,125.62142181396484,125.66370614359174,0.2965685658023654,65.1601447784626,57.994382404607336
1.7799999999998595,125.6179428100586,125.66370614359174,0.29350103872607736,72.28446923273741,64.46496524977611
1.7804999999998594,125.61831665039062,125.66370614359174,0.2948278055303607,83.0257954373178,74.15533958770709
1.7809999999998594,125.6226577758789,125.66370614359174,0.30020632585677426,94.08780751814581,84.14033712006338
1.7814999999998593,125.62997436523438,125.66370614359174,0.30757390609197494,100.86880366836786,91.60186349108999
1.7819999999998593,125.63007354736328,125.66370614359174,0.3084935676218435,81.85994785819038,73.47279970795599
1.7824999999998592,125.62616729736328,125.66370614359174,0.3056356144238506,71.0240657741183,63.406884146772114
1.7829999999998591,125.62092590332031,125.66370614359174,0.3005161941283703,67.27296219032837,60.059233472155
1.783499999999859,125.61652374267578,125.66370614359174,0.29557800883899377,69.49274527050153,62.164235067768885
1.783999999999859,125.61466979980469,125.66370614359174,0.2931913420192493,76.60264250628026,68.55869566734198
1.784499999999859,125.61664581298828,125.66370614359174,0.2952202182873155,87.3980008792429,78.17524202134328
1.784999999999859,125.62281036376953,125.66370614359174,0.3016929092270461,99.10134252894923,88.7018931471821
1.7854999999998589,125.63208770751953,125.66370614359174,0.31000882559599635,106.21946242669722,96.5432443277302
1.7859999999998588,125.63409423828125,125.66370614359174,0.3112026833759203,87.09550147747338,78.27828875463622
1.7864999999998588,125.63200378417969,125.66370614359174,0.3087957780507655,76.02793955327505,67.96019997214876
1.7869999999998587,125.6284408569336,125.66370614359174,0.30418631717340083,71.97344919090285,64.28979413266276
1.7874999999998586,125.62557983398438,125.66370614359174,0.29974431892666537,73.85085283478027,66.03464159887739
1.7879999999998586,125.62511444091797,125.66370614359174,0.2977811312721742,80.60359186410679,72.05563789570189
1.7884999999998585,125.62833404541016,125.66370614359174,0.3001142915947625,91.1163243146156,81.30289029106892
1.7889999999998585,125.63583374023438,125.66370614359174,0.30721621294222384,103.12566804610117,92.07763228293967
1.7894999999998584,125.64649200439453,125.66370614359174,0.31600539101124364,110.33606340479069,100.01377251668109
1.7899999999998584,125.64970397949219,125.66370614359174,0.3175848245878954,90.77992688665098,81.32246552114954
1.7904999999998583,125.64861297607422,125.66370614359174,0.31550442545215684,79.17211779089256,70.4901356594244
1.7909999999998583,125.64583587646484,125.66370614359174,0.3110875017568889,74.51810756944461,66.26146216260645
1.7914999999998582,125.64352416992188,125.66370614359174,0.30665078530745044,75.772815652427,67.43618882466525
1.7919999999998582,125.64339447021484,125.66370614359174,0.30446908615564644,81.90709666617037,72.89901935198674
1.792499999999858,125.646728515625,125.66370614359174,0.3063540720689726,91.90538335520611,81.61767227989158
1.792999999999858,125.65438842773438,125.66370614359174,0.3133065876306319,104.02974576805056,92.50713212468698
1.793499999999858,125.66520690917969,125.66370614359174,0.3219013958763253,111.31501160462916,100.42686395414484
1.793999999999858,125.6683578491211,125.66370614359174,0.32403725450684623,91.18230499119393,81.18823740764873
1.7944999999998579,125.6669692993164,125.66370614359174,0.32214505545116345,78.91375295119877,69.76335352554806
1.7949999999998578,125.66366577148438,125.66370614359174,0.31755965620498655,73.56630835815807,64.93677277058835
1.7954999999998578,125.66059875488281,125.66370614359174,0.3126074391873716,74.13282883098255,65.53745800867577
1.7959999999998577,125.65949249267578,125.66370614359174,0.309585305921673,79.61295953886864,70.4717016095538
1.7964999999998577,125.66166687011719,125.66370614359174,0.31036159796153595,89.03022877775433,78.72312099694807
1.7969999999998576,125.6680679321289,125.66370614359174,0.3161396934843045,100.86341753806533,89.34769837805109
1.7974999999998575,125.67771911621094,125.66370614359174,0.3240443552416018,108.59979516146322,97.51098758704215
1.7979999999998575,125.67958068847656,125.66370614359174,0.3269354276570573,88.10652203612344,77.94833453147989
1.7984999999998574,125.6767578125,125.66370614359174,0.3251805280461441,75.39270315163611,66.16040992549132
1.7989999999998574,125.67186737060547,125.66370614359174,0.32022746779776146,69.57324817346685,60.97438648502511
1.7994999999998573,125.6670913696289,125.66370614359174,0.31448794705203603,69.6832156681017,61.25027463624684
1.7999999999998573,125.66417694091797,125.66370614359174,0.310343126960551,74.75361269088472,65.91694014627492
1.8004999999998572,125.66446685791016,125.66370614359174,0.30977005692030063,83.83111492651567,73.9741598111598
1.8009999999998572,125.66893005371094,125.66370614359174,0.3141076071134171,95.52548988252873,84.48909459454765
1.801499999999857,125.6768798828125,125.66370614359174,0.32122852063853585,104.0935015373165,93.23236305833927
1.801999999999857,125.67704772949219,125.66370614359174,0.32490535424907313,83.58455821342564,73.68097543570836
1.802499999999857,125.6725082397461,125.66370614359174,0.3232925062397896,70.77098709335598,61.85683049569438
1.802999999999857,125.6658935546875,125.66370614359174,0.31798787700203424,64.82595758680489,56.63132963143669
1.8034999999998569,125.65939331054688,125.66370614359174,0.31152666837977006,64.82630603877361,56.89629117474687
1.8039999999998568,125.65475463867188,125.66370614359174,0.30640710919977066,69.83320849183326,61.60315765385428
1.8044999999998568,125.65337371826172,125.66370614359174,0.30473572685845407,78.91473547365133,69.76733226485592
1.8049999999998567,125.65625,125.66370614359174,0.3079890086557529,90.7975048635606,80.46621323887466
1.8054999999998567,125.6629409790039,125.66370614359174,0.31468832822337517,100.44262107480208,90.07748444510618
1.8059999999998566,125.6619873046875,125.66370614359174,0.3190276987937795,80.25284861049488,70.85068980259588
1.8064999999998566,125.65642547607422,125.66370614359174,0.3176205241806836,67.66273991889682,59.27202727552611
1.8069999999998565,125.64887237548828,125.66370614359174,0.3121840607632196,61.90086981414407,54.25988693040679
1.8074999999998564,125.64151000976562,125.66370614359174,0.30536924879675853,62.083450919036956,54.73970164641626
1.8079999999998564,125.63612365722656,125.66370614359174,0.29978624581016067,67.29943560775403,59.68649827162629
1.8084999999998563,125.63409423828125,125.66370614359174,0.29765405141405166,76.63598710334578,68.13172155545857
1.8089999999998563,125.6364517211914,125.66370614359174,0.30055042753837113,88.91666551886996,79.16310677288163
1.8094999999998562,125.64302825927734,125.66370614359174,0.30751846786124726,99.66520959307483,89.76671180861428
1.8099999999998562,125.64215087890625,125.66370614359174,0.31232831885927886,79.97583783558152,71.02249873836985
1.8104999999998561,125.63680267333984,125.66370614359174,0.31123667490990253,67.76418543713123,59.80136996584918
1.810999999999856,125.62957763671875,125.66370614359174,0.3060025910818928,62.31185321180342,55.073173229169
1.811499999999856,125.62265014648438,125.66370614359174,0.2993454273473759,62.77295097122617,55.80040274872436
1.811999999999856,125.6177749633789,125.66370614359174,0.29394507386863816,68.26312969671665,60.98428427724441
1.812499999999856,125.61636352539062,125.66370614359174,0.29208025239791735,77.88796756395273,69.67445284761764
1.8129999999998558,125.61945343017578,125.66370614359174,0.2953641430790718,90.55586305037323,80.97078089786847
1.8134999999998558,125.62711334228516,125.66370614359174,0.30327093715458336,102.20944761255686,92.46726784949176
1.8139999999998557,125.62747192382812,125.66370614359174,0.3083881054047171,82.96200976666236,74.13438356111376
1.8144999999998557,125.62346649169922,125.66370614359174,0.3077112514134044,71.04181642778236,63.16258650441764
1.8149999999998556,125.61764526367188,125.66370614359174,0.3029550932133333,65.78314036545054,58.57713237441557
1.8154999999998556,125.61213684082031,125.66370614359174,0.2968396487075633,66.37845247650513,59.38096048494885
1.8159999999998555,125.60871124267578,125.66370614359174,0.29205005942649614,71.97110646390287,64.60454017621129
1.8164999999998555,125.60874938964844,125.66370614359174,0.29085759351791696,81.68656563410602,73.31845852427088
1.8169999999998554,125.61329650878906,125.66370614359174,0.29484895301446773,94.51919158365912,84.63736956562282
1.8174999999998553,125.62266540527344,125.66370614359174,0.30391996437414337,106.7665216613534,96.76132424611718
1.8179999999998553,125.62480163574219,125.66370614359174,0.3092993336388967,87.70306552225955,78.58632218452989
1.8184999999998552,125.62256622314453,125.66370614359174,0.309060253174679,75.79944331802436,67.60065948504176
1.8189999999998552,125.61845397949219,125.66370614359174,0.3048288774553259,70.4445421469203,62.88643523071419
1.8194999999998551,125.61457824707031,125.66370614359174,0.29927479585187944,70.87144284450166,63.48869185074096
1.819999999999855,125.6126937866211,125.66370614359174,0.29503817581671904,76.25384437824222,68.46902582677997
1.820499999999855,125.61416625976562,125.66370614359174,0.29434308142609306,85.74002255023632,76.92105418465991
1.820999999999855,125.62004089355469,125.66370614359174,0.2987342026334932,98.42030060613953,87.97639131636348
1.821499999999855,125.63087463378906,125.66370614359174,0.30859162851043187,111.00576685266803,100.43929043104232
1.8219999999998548,125.63441467285156,125.66370614359174,0.31433857960490225,91.8134653319357,82.12737382396323
1.8224999999998548,125.63346862792969,125.66370614359174,0.3144752836184675,79.61577689724649,70.85370432387755
1.8229999999998547,125.6304931640625,125.66370614359174,0.3105663010705295,73.85944487322047,65.75558383855989
1.8234999999998547,125.6275863647461,125.66370614359174,0.30523009613849933,73.82106611421557,65.91937483645087
1.8239999999998546,125.62648010253906,125.66370614359174,0.3010589934516214,78.70764418391501,70.43775306719911
1.8244999999998546,125.62854766845703,125.66370614359174,0.30024248115039587,87.69318971960377,78.42781392828205
1.8249999999998545,125.63484191894531,125.66370614359174,0.30432028843574555,99.94051115072575,89.0388698665129
1.8254999999998545,125.64607238769531,125.66370614359174,0.31403355634474167,112.59316897249934,101.45549748435221
1.8259999999998544,125.64990997314453,125.66370614359174,0.3203883849434419,93.14187326619147,82.8961058664719
1.8264999999998544,125.64911651611328,125.66370614359174,0.3208255706242599,80.52334401921092,71.24638469841932
1.8269999999998543,125.6461181640625,125.66370614359174,0.3169434290833751,74.24852774584313,65.69882571049591
1.8274999999998542,125.64299011230469,125.66370614359174,0.31136335280300537,73.64248315963356,65.38150427775145
1.8279999999998542,125.64147186279297,125.66370614359174,0.3066732257959961,77.94947740191829,69.41869108723523
1.8284999999998541,125.64295196533203,125.66370614359174,0.30507732085907835,86.37235562538712,76.95142307364146
1.828999999999854,125.64848327636719,125.66370614359174,0.3081680857491233,98.09625977300193,87.14704324476443
1.829499999999854,125.6588134765625,125.66370614359174,0.3167766207606035,111.71884856835479,99.2035293404964
1.829999999999854,125.67294311523438,125.66370614359174,0.32763396788645005,120.6477063496374,108.76199921119064
1.830499999999854,125.67964935302734,125.66370614359174,0.33064184790509,101.16546982381574,90.11555027803897
1.8309999999998539,125.6818618774414,125.66370614359174,0.3298039522785225,89.09927648612656,78.82637518458559
1.8314999999998538,125.68207550048828,125.66370614359174,0.3263939277754563,83.63436796875416,73.8130321266834
1.8319999999998537,125.682373046875,125.66370614359174,0.3226481615538457,83.85964634045125,74.004564548011
1.8324999999998537,125.68440246582031,125.66370614359174,0.3207509943826323,88.84726438647813,78.38203342823735
1.8329999999998536,125.68946075439453,125.66370614359174,0.3224554397585542,97.67584071124435,85.98497485226878
1.8334999999998536,125.69847106933594,125.66370614359174,0.328878847122518,108.9683527968087,95.91107804530401
1.8339999999998535,125.71080780029297,125.66370614359174,0.33783632695372523,116.94895215093852,104.3167697830038
1.8344999999998535,125.71511840820312,125.66370614359174,0.3414737236887053,95.81867958672981,84.11819987458037
1.8349999999998534,125.71439361572266,125.66370614359174,0.3403742323027419,82.19464932666277,71.45949032124362
1.8354999999998534,125.71119689941406,125.66370614359174,0.33589576207986305,75.2905330289635,65.25887060652857
1.8359999999998533,125.70767974853516,125.66370614359174,0.33035258958770564,74.21583357024849,64.44450385401606
1.8364999999998532,125.70558166503906,125.66370614359174,0.3260324442566224,78.05913850297652,67.99686161579082
1.8369999999998532,125.70624542236328,125.66370614359174,0.3248525494143899,85.91216238677796,74.954983476982
1.8374999999998531,125.7106704711914,125.66370614359174,0.3281581789675401,96.54825720150168,84.41591194384786
1.837999999999853,125.71855926513672,125.66370614359174,0.3347452330263775,105.32400107735327,93.13081449303483
1.838499999999853,125.71830749511719,125.66370614359174,0.33954973171875247,83.83925085275995,72.65352287014649
1.838999999999853,125.71293640136719,125.66370614359174,0.3383456065251073,69.8465317253346,59.779773962077115
1.839499999999853,125.70504760742188,125.66370614359174,0.3328116667831551,62.619603387078726,53.45924236526194
1.8399999999998529,125.69684600830078,125.66370614359174,0.32549631446394556,61.31065521713886,52.64230665656659
1.8404999999998528,125.69010162353516,125.66370614359174,0.3188982286291473,65.03906762123309,56.32476105805724
1.8409999999998528,125.68624114990234,125.66370614359174,0.3151686293049757,72.91810420002452,63.55555598117027
1.8414999999998527,125.6863021850586,125.66370614359174,0.31591202133457186,83.85388115304075,73.43722254371755
1.8419999999998526,125.6903076171875,125.66370614359174,0.32074625416808855,94.80724616867174,83.3266220677719
1.8424999999998526,125.69709777832031,125.66370614359174,0.32754358536077544,101.2831051200342,90.34700415223567
1.8429999999998525,125.69635009765625,125.66370614359174,0.3292859809468592,81.37699424544854,71.39166007566094
1.8434999999998525,125.69121551513672,125.66370614359174,0.32657995832474596,69.4482152549497,60.368966839187806
1.8439999999998524,125.68434143066406,125.66370614359174,0.3210626237133596,64.47469760085609,55.98494324034151
1.8444999999998524,125.67787170410156,125.66370614359174,0.31514998361438473,65.3948969477631,57.01422913848862
1.8449999999998523,125.67352294921875,125.66370614359174,0.31116412931588633,71.17095621539173,62.32614847416662
1.8454999999998523,125.67257690429688,125.66370614359174,0.3109859445211065,80.66443219133295,70.8796623114558
1.8459999999998522,125.67546844482422,125.66370614359174,0.3150043725093834,91.28742163048848,80.53052791917445
1.8464999999998521,125.6811294555664,125.66370614359174,0.3210090609410184,97.82868495553934,87.49639924228764
1.846999999999852,125.67909240722656,125.66370614359174,0.32300052073937935,77.4964127881753,68.14021653255408
1.847499999999852,125.67256927490234,125.66370614359174,0.3201736003618744,65.26310454762734,56.86535243475879
1.847999999999852,125.66426086425781,125.66370614359174,0.31417651947716724,60.11397297779829,52.37243787142285
1.848499999999852,125.65637969970703,125.66370614359174,0.3075171854918275,60.989820620354266,53.429389352210826
1.8489999999998519,125.65067291259766,125.66370614359174,0.3026468855347159,66.85212119319642,58.898184349595866
1.8494999999998518,125.64847564697266,125.66370614359174,0.3015950937264903,76.63324444538458,67.7301742330188
1.8499999999998518,125.65052032470703,125.66370614359174,0.30531973503067955,88.2908084733525,78.38311677362375
1.8504999999998517,125.65570068359375,125.66370614359174,0.31129238916308544,95.87462656291056,86.26232322069428
1.8509999999998517,125.6533432006836,125.66370614359174,0.3136851852423706,75.970385577266,67.31903379610603
1.8514999999998516,125.64664459228516,125.66370614359174,0.3110647228210625,64.11551715573526,56.40588482048924
1.8519999999998515,125.63829803466797,125.66370614359174,0.30512640138553226,59.33400542721319,52.2589065965691
1.8524999999998515,125.6305160522461,125.66370614359174,0.2984726842140263,60.59286400021904,53.670254807760216
1.8529999999998514,125.62506103515625,125.66370614359174,0.2936588219087995,66.87066329460922,59.517851882408756
1.8534999999998514,125.62328338623047,125.66370614359174,0.2928063177712606,77.17298880824038,68.7629152285551
1.8539999999998513,125.62615966796875,125.66370614359174,0.29732883254535,89.96874812199376,80.44333512142244
1.8544999999998513,125.63253784179688,125.66370614359174,0.3042139448681603,98.4822598812181,89.24814931731544
1.8549999999998512,125.63154602050781,125.66370614359174,0.3068436918173097,79.05743921857173,70.74343444179041
1.8554999999998512,125.6263427734375,125.66370614359174,0.3046429996530708,67.57799947988573,60.146387811110415
1.855999999999851,125.61958312988281,125.66370614359174,0.2992447865870099,63.10925890708981,56.238343156004
1.856499999999851,125.61346435546875,125.66370614359174,0.29325917763687037,64.64715809982245,57.84355910306913
1.856999999999851,125.6097412109375,125.66370614359174,0.28925832820457803,71.19005804400598,63.86226623078829
1.857499999999851,125.6097640991211,125.66370614359174,0.2893592430260484,81.75673071289836,73.27087759902385
1.8579999999998509,125.614501953125,125.66370614359174,0.2949360277483507,94.87312398074707,85.11720702513334
1.8584999999998508,125.62305450439453,125.66370614359174,0.30320423870706886,104.10466609740307,94.69947921402321
1.8589999999998508,125.62434387207031,125.66370614359174,0.3060426838257692,84.98872342013635,76.46250964332003
1.8594999999998507,125.62145233154297,125.66370614359174,0.3043742504567833,73.65484552586126,65.95348383554115
1.8599999999998507,125.61698913574219,125.66370614359174,0.29971192940528185,69.21924440218874,62.01036831897585
1.8604999999998506,125.61312103271484,125.66370614359174,0.29459892061107457,70.71512317544462,63.498848367415825
1.8609999999998506,125.61157989501953,125.66370614359174,0.2915448869276621,77.16813859260319,69.34932200229419
1.8614999999998505,125.61370849609375,125.66370614359174,0.2925928658561149,87.61712489289322,78.56013492806518
1.8619999999998504,125.62046813964844,125.66370614359174,0.29903966988995845,100.65590750388182,90.19490237587466
1.8624999999998504,125.63118743896484,125.66370614359174,0.3084392519776869,110.21774616069649,100.162469611942
1.8629999999998503,125.63459777832031,125.66370614359174,0.31157181418566976,90.99046297870152,81.79590814513847
1.8634999999998503,125.63370513916016,125.66370614359174,0.3103731991017849,79.37510681678093,70.99108190337878
1.8639999999998502,125.63108825683594,125.66370614359174,0.30624143764583006,74.54361918696567,66.642614239683
1.8644999999998502,125.62886810302734,125.66370614359174,0.30162908082663875,75.57094087810007,67.65828498865989
1.86499999999985,125.62877655029297,125.66370614359174,0.2989625586730542,81.51453696187103,72.99995516101444
1.86549999999985,125.63214874267578,125.66370614359174,0.3002167332641845,91.43776266073657,81.68957057074493
1.86599999999985,125.63993835449219,125.66370614359174,0.30665511432540626,104.02657046431237,92.80843662658586
1.86649999999985,125.65172576904297,125.66370614359174,0.31636551697619625,113.72705629859176,102.87400501590282
1.86699999999985,125.65603637695312,125.66370614359174,0.3200133435488922,94.05285475233904,84.07329232549264
1.8674999999998498,125.65583038330078,125.66370614359174,0.3191355419920223,81.84090704665826,72.71543052386261
1.8679999999998498,125.65364074707031,125.66370614359174,0.3151041530244835,76.32320365178221,67.74754360490267
1.8684999999998497,125.65159606933594,125.66370614359174,0.3103331867654848,76.61985309497723,68.11674122603817
1.8689999999998497,125.65142822265625,125.66370614359174,0.30721541381106404,81.82322741925803,72.8146205893682
1.8694999999998496,125.65447235107422,125.66370614359174,0.30772313555215214,91.02391572984524,80.88568570007034
1.8699999999998496,125.66170501708984,125.66370614359174,0.31316742515534646,103.02206161386489,91.42831801062286
1.8704999999998495,125.67296600341797,125.66370614359174,0.32231625226828103,112.97297338755628,101.56710497815338
1.8709999999998495,125.67655944824219,125.66370614359174,0.3267179926762079,92.78760963215574,82.28974997676937
1.8714999999998494,125.6754150390625,125.66370614359174,0.3260335235898656,79.94741567773427,70.38795899674263
1.8719999999998493,125.67207336425781,125.66370614359174,0.32172282220287596,73.74671397977613,64.8562602316835
1.8724999999998493,125.66866302490234,125.66370614359174,0.31624646762560116,73.35199827872353,64.67708398309983
1.8729999999998492,125.66691589355469,125.66370614359174,0.31203933037547166,77.89112975334001,68.86855391165149
1.8734999999998492,125.66820526123047,125.66370614359174,0.31114586060849553,86.48191779085367,76.49503212720576
1.8739999999998491,125.67353820800781,125.66370614359174,0.3149931857841419,98.04540337247496,86.66954655398891
1.874499999999849,125.68303680419922,125.66370614359174,0.32307393934961565,108.58917073011033,97.12405102215303
1.874999999999849,125.68476104736328,125.66370614359174,0.3283507730903538,88.12957836673553,77.61039635364027
1.875499999999849,125.68164825439453,125.66370614359174,0.3277983406073507,74.92394225518548,65.43187549378739
1.875999999999849,125.67622375488281,125.66370614359174,0.32304167786592336,68.32816737385835,59.62728575796732
1.8764999999998488,125.6706314086914,125.66370614359174,0.3166556688679351,67.55374751021192,59.211544223119404
1.8769999999998488,125.66664123535156,125.66370614359174,0.31117731888558536,71.76204515501905,63.226549622880995
1.8774999999998487,125.6656494140625,125.66370614359174,0.30877392982436597,80.09560729026423,70.75376294686949
1.8779999999998487,125.66869354248047,125.66370614359174,0.3110231901330284,91.58672063119,80.9181008563341
1.8784999999998486,125.67617797851562,125.66370614359174,0.3181029726557489,104.0111476333292,92.05969856457926
1.8789999999998486,125.68683624267578,125.66370614359174,0.3269206110831018,111.35590397086402,100.05670495403089
1.8794999999998485,125.69001770019531,125.66370614359174,0.32901083940621934,91.68225627434465,81.26534971172124
1.8799999999998485,125.68878173828125,125.66370614359174,0.32714678511970896,79.77715849192555,70.17649034700291
1.8804999999998484,125.68572235107422,125.66370614359174,0.3227567730491602,74.68782830064292,65.57327433645348
1.8809999999998483,125.68294525146484,125.66370614359174,0.3181408546111591,75.40294898809324,66.28610134531793
1.8814999999998483,125.68213653564453,125.66370614359174,0.3155246036548386,80.92122127512465,71.22453327394425
1.8819999999998482,125.68456268310547,125.66370614359174,0.31668888627818653,90.23879215184698,79.37649485010643
1.8824999999998482,125.69105529785156,125.66370614359174,0.32258947482638606,101.57560836512744,89.58285271287085
1.8829999999998481,125.70042419433594,125.66370614359174,0.33013226266967455,108.30276891647958,96.83123708000478
1.883499999999848,125.7018814086914,125.66370614359174,0.3325858581762948,87.46295999896812,76.93989824363538
1.883999999999848,125.69856262207031,125.66370614359174,0.3304987747410117,74.5131908042229,64.93303080677298
1.884499999999848,125.693115234375,125.66370614359174,0.32531579883272793,68.51459497604105,59.58706212773049
1.884999999999848,125.68772888183594,125.66370614359174,0.3194005588915203,68.46456736363287,59.72574128595698
1.8854999999998479,125.68414306640625,125.66370614359174,0.31508062154208133,73.36778324370411,64.25258092528166
1.8859999999998478,125.68370056152344,125.66370614359174,0.31428633569650616,82.25284550368451,72.14999575024682
1.8864999999998477,125.68736267089844,125.66370614359174,0.3183269952074582,93.63453671389985,82.47375130606761
1.8869999999998477,125.69412994384766,125.66370614359174,0.3246314185456362,101.23773883327522,90.29321040464662
1.8874999999998476,125.6929931640625,125.66370614359174,0.32787113983118915,80.37969380708981,70.42213069475305
1.8879999999998476,125.68709564208984,125.66370614359174,0.32578710032535846,67.38031079464695,58.445665630053355
1.8884999999998475,125.67910766601562,125.66370614359174,0.320013700795455,61.351327504514096,53.17379611255598
1.8889999999998475,125.67122650146484,125.66370614359174,0.31308085061164864,61.32555114293138,53.453624974008996
1.8894999999998474,125.66523742675781,125.66370614359174,0.3074790180274061,66.33241298364717,58.20445325525155
1.8899999999998474,125.66252136230469,125.66370614359174,0.3053148144981055,75.41716119669547,66.41871788322392
1.8904999999998473,125.66407775878906,125.66370614359174,0.30807493033736255,87.21860577989813,77.15771529528675
1.8909999999998472,125.66918182373047,125.66370614359174,0.3138568224804036,96.17098228327819,86.09192086915468
1.8914999999998472,125.66661071777344,125.66370614359174,0.31774906998793095,75.88029755761436,66.78752129924867
1.8919999999998471,125.65946960449219,125.66370614359174,0.3158378029955134,63.36777584433454,55.305785226706696
1.892499999999847,125.65042114257812,125.66370614359174,0.3099034106760402,57.7975637749044,50.50172028396102
1.892999999999847,125.64167022705078,125.66370614359174,0.30262684223074016,58.238868355613974,51.254033851171094
1.893499999999847,125.63501739501953,125.66370614359174,0.2966470389380222,63.74579393536245,56.50349018467385
1.893999999999847,125.63184356689453,125.66370614359174,0.2942122119028219,73.37950474173371,65.25641884855645
1.8944999999998469,125.6331787109375,125.66370614359174,0.2969207505455909,85.86859839091665,76.58228883723896
1.8949999999998468,125.63855743408203,125.66370614359174,0.30330801351680897,96.1374205734905,86.75791139824496
1.8954999999998468,125.63655090332031,125.66370614359174,0.3075684662820315,76.61879653817795,68.18868769982336
1.8959999999998467,125.63021087646484,125.66370614359174,0.3060306124828576,64.75195858323104,57.295847759894976
1.8964999999998466,125.62216186523438,125.66370614359174,0.3004925117557949,59.75079438507122,52.98719024571025
1.8969999999998466,125.61457824707031,125.66370614359174,0.2937039618308423,60.71950365227091,54.17908420416024
1.8974999999998465,125.60926055908203,125.66370614359174,0.2883766641186806,66.73607460054282,59.83853870615433
1.8979999999998465,125.60757446289062,125.66370614359174,0.2868067989430903,76.87741898181311,68.98972202702173
1.8984999999998464,125.61056518554688,125.66370614359174,0.29059120340648725,89.94142423682815,80.71370039152613
1.8989999999998464,125.61799621582031,125.66370614359174,0.298552087954937,101.14879530161322,91.89488740456738
1.8994999999998463,125.61824798583984,125.66370614359174,0.3029626955593306,82.2131781573401,73.85717395038614
1.8999999999998463,125.61430358886719,125.66370614359174,0.3019552142009507,70.7609969940708,63.29985512344127
1.9004999999998462,125.60872650146484,125.66370614359174,0.2972133433661254,66.0562259518226,59.18916212683268
1.9009999999998461,125.6036605834961,125.66370614359174,0.29144425063702306,67.23952184019525,60.48409259189272
1.901499999999846,125.60086059570312,125.66370614359174,0.2873229964777162,73.41505095466403,66.18243588573546
1.901999999999846,125.6017074584961,125.66370614359174,0.28708300810119736,83.67846407929888,75.33051725201263
1.902499999999846,125.60720825195312,125.66370614359174,0.29222704430535457,96.9002126695346,87.02512228250544
1.902999999999846,125.61737060546875,125.66370614359174,0.301883543147996,108.54467018826902,98.75681205958433
1.9034999999998459,125.62039184570312,125.66370614359174,0.30642941560239967,89.72794859996696,80.80149326746759
1.9039999999998458,125.6191635131836,125.66370614359174,0.30595124311054683,78.20735421743669,70.12822762483076
1.9044999999998458,125.61619567871094,125.66370614359174,0.30196931805719296,73.30071073169493,65.7627862055301
1.9049999999998457,125.61360168457031,125.66370614359174,0.2970771123276354,74.18913039389052,66.70847450893802
1.9054999999998457,125.61312103271484,125.66370614359174,0.2938438165347887,80.00745299329799,71.99614703706258
1.9059999999998456,125.61609649658203,125.66370614359174,0.2943963316362342,89.87489148160809,80.69692733385142
1.9064999999998455,125.62354278564453,125.66370614359174,0.3001482565287762,102.75341476555492,91.92626270870721
1.9069999999998455,125.63569641113281,125.66370614359174,0.31068586027462597,114.48223450096837,103.77895783282004
1.9074999999998454,125.64056396484375,125.66370614359174,0.3155826634498163,95.30140555674605,85.45644966052623
1.9079999999998454,125.64097595214844,125.66370614359174,0.3154953008418031,83.24165277823289,74.2610882691494
1.9084999999998453,125.63939666748047,125.66370614359174,0.31185151557812457,77.67988268202569,69.27452520006419
1.9089999999998453,125.63793182373047,125.66370614359174,0.3071549698790752,77.84214556583643,69.54222474962465
1.9094999999998452,125.6382827758789,125.66370614359174,0.30389133684123715,82.89834747596815,74.12717923086188
1.9099999999998452,125.6418228149414,125.66370614359174,0.30413020303574695,91.9954487006733,82.12524287115997
1.910499999999845,125.64955139160156,125.66370614359174,0.30927931967471617,104.20469894550203,92.67090501205719
1.910999999999845,125.66197204589844,125.66370614359174,0.31952934680825323,115.99673433109102,104.46331396707512
1.911499999999845,125.6668701171875,125.66370614359174,0.3250979956628414,96.20931110207137,85.56228820997724
1.911999999999845,125.66704559326172,125.66370614359174,0.3252479889552559,83.40287633943635,73.69728132403128
1.9124999999998449,125.66495513916016,125.66370614359174,0.32145085419926467,77.0173766312157,67.99975570240045
1.9129999999998448,125.66268920898438,125.66370614359174,0.3162120585530705,76.32648814001998,67.55282055282949
1.9134999999998448,125.66197204589844,125.66370614359174,0.3120148768043195,80.53727374112994,71.44832648663808
1.9139999999998447,125.6641845703125,125.66370614359174,0.3109594287428784,88.82592290466323,78.80428405965444
1.9144999999998447,125.67035675048828,125.66370614359174,0.31453920812648356,100.35894838949821,88.7721394853017
1.9149999999998446,125.68120574951172,125.66370614359174,0.32350863179279693,113.5973800483217,100.53951386871509
1.9154999999998445,125.69544219970703,125.66370614359174,0.3339624741312839,121.34754768018938,109.04873908311693
1.9159999999998445,125.70207977294922,125.66370614359174,0.33642825312629465,101.42318867507916,89.97460410218717
1.9164999999998444,125.70411682128906,125.66370614359174,0.3352371493444243,89.05151133128369,78.38992128439749
1.9169999999998444,125.70406341552734,125.66370614359174,0.331624948541102,83.35525946603745,73.15513315029752
1.9174999999998443,125.70401763916016,125.66370614359174,0.3277613938394511,83.37917882654156,73.15748011066296
1.9179999999998443,125.70563507080078,125.66370614359174,0.3257666210915172,88.16430475927808,77.34855148490378
1.9184999999998442,125.71018981933594,125.66370614359174,0.32734025118159316,96.76769965222732,84.74747967899461
1.9189999999998442,125.7186050415039,125.66370614359174,0.3335646662838847,107.69568361580194,94.43837755328478
1.919499999999844,125.72996520996094,125.66370614359174,0.3417368256580924,114.65291977180125,101.87219834489875
1.919999999999844,125.73314666748047,125.66370614359174,0.3449350019341049,93.12862259551976,81.30629419001488
1.920499999999844,125.73121643066406,125.66370614359174,0.34340171512271467,79.27434164067624,68.44672486146587
1.920999999999844,125.7267837524414,125.66370614359174,0.3385189473992637,72.24089086021709,62.14971064310022
1.9214999999998439,125.72201538085938,125.66370614359174,0.3325865728307689,71.0928423023416,61.298348109467156
1.9219999999998438,125.7186508178711,125.66370614359174,0.3278753746708506,74.88652937469891,64.8407786333987
1.9224999999998438,125.71805572509766,125.66370614359174,0.3262919673876875,82.69063100021889,71.79306381375393
1.9229999999998437,125.7212142944336,125.66370614359174,0.32918035190366207,93.18126853989142,81.23621694623712
1.9234999999998437,125.72754669189453,125.66370614359174,0.33489490607916933,101.1954817061532,89.21022539758991
1.9239999999998436,125.72566986083984,125.66370614359174,0.33926198679987335,79.54199534719707,68.589996039808
1.9244999999998436,125.71869659423828,125.66370614359174,0.33757651268792793,65.56059476592768,55.75096613950203
1.9249999999998435,125.70926666259766,125.66370614359174,0.33156897371855604,58.46023339818128,49.57893922985059
1.9254999999998434,125.69960021972656,125.66370614359174,0.3238053559185736,57.34600713659016,48.97728638268023
1.9259999999998434,125.69149780273438,125.66370614359174,0.31679989799944636,61.302551095113756,52.9074083255179
1.9264999999998433,125.6863784790039,125.66370614359174,0.31272177118126787,69.4173641541902,60.393102353084466
1.9269999999998433,125.6852798461914,125.66370614359174,0.31319189213892334,80.50606674300948,70.51867502194386
1.9274999999998432,125.68792724609375,125.66370614359174,0.3173855568357558,90.90636666826754,79.92553029319527
1.9279999999998432,125.69325256347656,125.66370614359174,0.32363181619538023,97.05244459511911,86.64418064387814
1.9284999999998431,125.691162109375,125.66370614359174,0.3248814716220402,77.46970568044348,68.01715285813901
1.928999999999843,125.68485260009766,125.66370614359174,0.32173859819025874,65.98362645990787,57.424263735277655
1.929499999999843,125.677001953125,125.66370614359174,0.3159073944359504,61.535783813090376,53.521174008523396
1.929999999999843,125.66975402832031,125.66370614359174,0.30994165181696953,62.99676936050967,55.04205825330493
1.930499999999843,125.66481018066406,125.66370614359174,0.3061248181310568,69.29221176509928,60.823495108276646
1.9309999999998428,125.66343688964844,125.66370614359174,0.3063007511932699,79.1846496218829,69.80354753613548
1.9314999999998428,125.66577911376953,125.66370614359174,0.31032738994660475,89.46607929235687,79.13019398423823
1.9319999999998427,125.67081451416016,125.66370614359174,0.3163698926117428,95.75631069005944,85.92247584424959
1.9324999999998427,125.66832733154297,125.66370614359174,0.3178878005952752,75.88516071771417,67.00265037101305
1.9329999999998426,125.66155242919922,125.66370614359174,0.3148468005980767,64.22261726220465,56.22660436981274
1.9334999999998426,125.6531982421875,125.66370614359174,0.3090038971754501,59.67004435265308,52.24470285968837
1.9339999999998425,125.64545440673828,125.66370614359174,0.30280001763618103,61.12118327203432,53.78558395148993
1.9344999999998425,125.64006042480469,125.66370614359174,0.2986318990252876,67.50769849223212,59.686232566984714
1.9349999999998424,125.63833618164062,125.66370614359174,0.29846561288585316,77.66684901364961,68.88250123742552
1.9354999999998423,125.64068603515625,125.66370614359174,0.30268403946252864,88.93625972274836,79.14241595138736
1.9359999999998423,125.64606475830078,125.66370614359174,0.3090457501003192,96.12605035269027,86.75915443217643
1.9364999999998422,125.64403533935547,125.66370614359174,0.3109051276691086,76.58234232011554,68.14642441522933
1.9369999999998422,125.6378173828125,125.66370614359174,0.30814871740468575,65.18174059371442,57.60726988673731
1.9374999999998421,125.6301040649414,125.66370614359174,0.3025342521324421,60.86611312822189,53.83107643270474
1.937999999999842,125.62307739257812,125.66370614359174,0.2965545380534889,62.55650302278242,55.57313507215924
1.938499999999842,125.61848449707031,125.66370614359174,0.29266811389630154,69.20283203047481,61.688403814802605
1.938999999999842,125.6176528930664,125.66370614359174,0.29289053693984396,79.72046407410535,71.12438014684511
1.939499999999842,125.62125396728516,125.66370614359174,0.29804102459282095,91.98660433523207,82.27473629172032
1.9399999999998419,125.62818145751953,125.66370614359174,0.30533672118787764,99.90071714578336,90.63085863276953
1.9404999999998418,125.62779235839844,125.66370614359174,0.307422158903027,80.62052859919164,72.24906479422364
1.9409999999998417,125.62326049804688,125.66370614359174,0.30508475218419717,69.37643219844234,61.82121499827944
1.9414999999998417,125.61723327636719,125.66370614359174,0.3000004847111716,65.15356233463068,58.082878035778926
1.9419999999998416,125.61190032958984,125.66370614359174,0.2946398467984937,66.90323090016832,59.82197052769722
1.9424999999998416,125.60900115966797,125.66370614359174,0.29144865349053906,73.59666632127814,65.91646476742169
1.9429999999998415,125.6098403930664,125.66370614359174,0.29241830131204843,84.23362844422803,75.32987719035928
1.9434999999998415,125.61536407470703,125.66370614359174,0.29878405983457407,97.20929927254285,87.07831439839586
1.9439999999998414,125.62437438964844,125.66370614359174,0.30714400097124195,105.49956230029349,95.8697164314462
1.9444999999998414,125.62604522705078,125.66370614359174,0.30942914385484716,86.18091134939547,77.42467233001274
1.9449999999998413,125.62348937988281,125.66370614359174,0.30753147324738805,74.7706084318532,66.80529665894532
1.9454999999998412,125.61934661865234,125.66370614359174,0.30297758391600527,70.30475864094632,62.795064462325406
1.9459999999998412,125.61576080322266,125.66370614359174,0.2981779971589691,71.76703323868341,64.2172956889296
1.9464999999998411,125.61447143554688,125.66370614359174,0.29551652920218796,78.15314930751671,69.97513496962843
1.946999999999841,125.61679077148438,125.66370614359174,0.29692938590433327,88.48416399568711,79.05043712203404
1.947499999999841,125.62367248535156,125.66370614359174,0.30363314542956804,101.24877560329739,90.49765563045669
1.947999999999841,125.63416290283203,125.66370614359174,0.3126255325334363,109.83973260864279,99.58673855871604
1.948499999999841,125.63720703125,125.66370614359174,0.3153098700402768,90.27486164927579,80.89676646299668
1.9489999999998409,125.6358871459961,125.66370614359174,0.3137723848914603,78.47427009640111,69.89933287763837
1.9494999999998408,125.63278198242188,125.66370614359174,0.30950551856651426,73.52506629429536,65.43156456982771
1.9499999999998407,125.63004302978516,125.66370614359174,0.30485181338787354,74.45396250567482,66.35570032740003
1.9504999999998407,125.62940216064453,125.66370614359174,0.30214959282141546,80.28887672395939,71.60451224645975
1.9509999999998406,125.63217163085938,125.66370614359174,0.30331143091342516,90.0755490850237,80.18194959950607
1.9514999999998406,125.6393051147461,125.66370614359174,0.30956762725052056,102.40454256194224,91.15884970873228
1.9519999999998405,125.6501235961914,125.66370614359174,0.3185239641623424,111.27077827019366,100.42359922538303
1.9524999999998405,125.6533432006836,125.66370614359174,0.32181303348871476,91.30102703982539,81.35037803642993
1.9529999999998404,125.65200805664062,125.66370614359174,0.3205360101360041,78.96497781243973,69.87331878231103
1.9534999999998404,125.648681640625,125.66370614359174,0.31621383227041444,73.40966226556279,64.88027187926747
1.9539999999998403,125.6455078125,125.66370614359174,0.3111944498454903,73.70682233758396,65.27111932109771
1.9544999999998403,125.64421844482422,125.66370614359174,0.30782381787008684,78.91873287809594,70.00674825927942
1.9549999999998402,125.64616394042969,125.66370614359174,0.3080501946681529,88.11746373668402,78.11208830412554
1.9554999999998401,125.65230560302734,125.66370614359174,0.31318052569840604,100.01308714455726,88.6734467952697
1.95599999999984,125.6622314453125,125.66370614359174,0.32152746953577555,109.33692792562232,98.19592446225136
1.95649999999984,125.66444396972656,125.66370614359174,0.3255773515487602,89.0263919583331,78.81464211185293
1.95699999999984,125.66194152832031,125.66370614359174,0.32447787734009215,76.24290690765795,66.96659884795466
1.95749999999984,125.65730285644531,125.66370614359174,0.3198609411284761,70.19433463954343,61.58690337334814
1.9579999999998399,125.65267181396484,125.66370614359174,0.3141451015465981,69.99762351520332,61.610205144523924
1.9584999999998398,125.6498031616211,125.66370614359174,0.30974201638020704,74.74904187622147,66.0230381076352
1.9589999999998398,125.6500473022461,125.66370614359174,0.3086893032851827,83.54614873504791,73.86904802462456
1.9594999999998397,125.65442657470703,125.66370614359174,0.31241474248138645,95.22055786903047,84.24793151262249
1.9599999999998396,125.66279602050781,125.66370614359174,0.3199443346492494,105.30514970118672,94.28132133877202
1.9604999999998396,125.66343688964844,125.66370614359174,0.32479003529433903,84.91988015240113,74.85350680924765
1.9609999999998395,125.65931701660156,125.66370614359174,0.32384368876113834,71.96791414310078,62.90335281132091
1.9614999999998395,125.65301513671875,125.66370614359174,0.31888796047172696,65.71680779542706,57.41210089483284
1.9619999999998394,125.64669036865234,125.66370614359174,0.31245296922083415,65.32700583059102,57.34781092047985
1.9624999999998394,125.6421127319336,125.66370614359174,0.3070533806558736,69.92667225294159,61.72110573559928
1.9629999999998393,125.64066314697266,125.66370614359174,0.30484449955611337,78.63646642285924,69.59267016231206
1.9634999999998393,125.64337921142578,125.66370614359174,0.30738751304751033,90.39837602597612,80.07377147004091
1.9639999999998392,125.6504135131836,125.66370614359174,0.3143603450161257,102.47592927336292,90.90282690515038
1.9644999999998392,125.6605453491211,125.66370614359174,0.32307426947754797,109.57885099303962,98.726245745699
1.964999999999839,125.6633529663086,125.66370614359174,0.3246733727227703,90.27130941395818,80.29053700073881
1.965499999999839,125.66190338134766,125.66370614359174,0.322533382639303,78.84431726921774,69.62432965174173
1.965999999999839,125.6588134765625,125.66370614359174,0.3181971148670624,74.26899856806926,65.46635918643766
1.966499999999839,125.65617370605469,125.66370614359174,0.31390049098999256,75.49166001367276,66.6114513435567
1.9669999999998389,125.65565490722656,125.66370614359174,0.311816302684832,81.48413984750935,71.94654953733871
1.9674999999998388,125.65851593017578,125.66370614359174,0.31366833864031013,91.14805574730624,80.44550219107936
1.9679999999998388,125.66532135009766,125.66370614359174,0.3198838837806754,102.1865131838514,90.35340918592159
1.9684999999998387,125.67493438720703,125.66370614359174,0.32767465199679596,108.60785063959989,97.42230587653536
1.9689999999998387,125.67677307128906,125.66370614359174,0.32955155367394456,88.12862422279106,77.8730146846539
1.9694999999998386,125.67398071289062,125.66370614359174,0.3272490409856308,75.63420752183568,66.249616077949
1.9699999999998385,125.66921997070312,125.66370614359174,0.32228231268698576,70.10867988485072,61.28724931459951
1.9704999999998385,125.66465759277344,125.66370614359174,0.31691319157025494,70.50731135248897,61.776616308443344
1.9709999999998384,125.6620101928711,125.66370614359174,0.3133841477723091,75.80848036041453,66.60071182728896
1.9714999999998384,125.66259765625,125.66370614359174,0.3135379326006887,85.00105997154965,74.72967745109612
1.9719999999998383,125.66728210449219,125.66370614359174,0.3184463283558356,96.35288880375556,85.02066763981708
1.9724999999998383,125.67489624023438,125.66370614359174,0.3251890831261084,103.33994823651645,92.40616138927227
1.9729999999998382,125.67465209960938,125.66370614359174,0.3277673009577829,82.59895216761622,72.63666969308896
1.9734999999998382,125.6697006225586,125.66370614359174,0.32546781257927826,69.82213813851823,60.815976218885126
1.973999999999838,125.6627197265625,125.66370614359174,0.31995059118636754,64.03980570483351,55.70928428512384
1.974499999999838,125.6559066772461,125.66370614359174,0.3136066943766727,64.2400449436451,56.128085918528186
1.974999999999838,125.6510238647461,125.66370614359174,0.30881244509962014,69.4246028094086,60.96954805991235
1.975499999999838,125.64942169189453,125.66370614359174,0.3075642725254551,78.62190172630334,69.21296617071798
1.9759999999998379,125.6520767211914,125.66370614359174,0.311238006875154,90.37104605010656,79.91253512183022
1.9764999999998378,125.65801239013672,125.66370614359174,0.3173512268001479,98.46285262518846,88.16652353421865
1.9769999999998378,125.65620422363281,125.66370614359174,0.3206043248174513,78.02233945928712,68.70936745967514
1.9774999999998377,125.6498031616211,125.66370614359174,0.3184399658937543,65.47939994454042,57.154235718089936
1.9779999999998377,125.64147186279297,125.66370614359174,0.31266269927820534,59.916233696783635,52.30811277700686
1.9784999999998376,125.63343048095703,125.66370614359174,0.30580269368920093,60.357012776511944,53.01151374952464
1.9789999999998376,125.62744140625,125.66370614359174,0.30037417972755803,65.82840686564616,58.181407057808784
1.9794999999998375,125.62488555908203,125.66370614359174,0.29851263974645065,75.37538025627788,66.81001512799583
1.9799999999998374,125.62677001953125,125.66370614359174,0.30171715210772865,87.639578101805,77.95920429572585
1.9804999999998374,125.63239288330078,125.66370614359174,0.3080221547794838,96.98756622871257,87.33964069743854
1.9809999999998373,125.63050079345703,125.66370614359174,0.3117531912362598,77.15823114993815,68.47331610549097
1.9814999999998373,125.62419891357422,125.66370614359174,0.30988770859026693,65.11472111118724,57.3909928094117
1.9819999999998372,125.61612701416016,125.66370614359174,0.30429312143092974,59.991583815304985,52.95043350121193
1.9824999999998372,125.60848999023438,125.66370614359174,0.29758927528329676,60.84927526616026,54.02784801643959
1.9829999999998371,125.60305786132812,125.66370614359174,0.29238123852005826,66.73943999371964,59.56502944657703
1.983499999999837,125.6012191772461,125.66370614359174,0.29088004801283074,76.7236584921339,68.57098618279915
1.983999999999837,125.60396575927734,125.66370614359174,0.2946245723861188,89.52183785211899,80.11831896506827
1.984499999999837,125.6108627319336,125.66370614359174,0.3020027701722923,99.90473406942027,90.53263180481423
1.984999999999837,125.61045837402344,125.66370614359174,0.30600192749872096,80.64608846305619,72.197203409611
1.9854999999998368,125.60578918457031,125.66370614359174,0.304586864416929,69.02330021079317,61.47611295948304
1.9859999999998368,125.59944915771484,125.66370614359174,0.2995737908426242,64.22273210379379,57.28358561843261
1.9864999999998367,125.59361267089844,125.66370614359174,0.2935845721907887,65.341521858506,58.5362954856415
1.9869999999998367,125.59002685546875,125.66370614359174,0.2892302419077284,71.45733810467145,64.2049692566917
1.9874999999998366,125.59008026123047,125.66370614359174,0.28870628936029014,81.65000843674834,73.31909820772088
1.9879999999998366,125.59476470947266,125.66370614359174,0.2935044873462241,94.71198734269505,84.96546240050006
1.9884999999998365,125.60386657714844,125.66370614359174,0.3023319640691819,105.7283907591794,96.08362739820389
1.9889999999998365,125.60576629638672,125.66370614359174,0.30652204302376534,86.7224476844466,77.9650740066614
1.9894999999998364,125.60340118408203,125.66370614359174,0.3056075739133057,75.17874139827242,67.27390110270552
1.9899999999998363,125.59933471679688,125.66370614359174,0.30128341869824204,70.33721193053051,62.98308841495598
1.9904999999998363,125.59568786621094,125.66370614359174,0.29609825435674636,71.33432823056152,64.0523295572125
1.9909999999998362,125.59420776367188,125.66370614359174,0.292595566061065,77.27699534832503,69.48404480306964
1.9914999999998362,125.59625244140625,125.66370614359174,0.29289585861440737,87.26692081065033,78.33107044649722
1.9919999999998361,125.60281372070312,125.66370614359174,0.2984176461847612,100.1814090676706,89.69732399084664
1.992499999999836,125.61392974853516,125.66370614359174,0.30828875219627594,111.47272679853863,101.13397645592327
1.992999999999836,125.61775970458984,125.66370614359174,0.3127852852929826,92.30365640754486,82.8401266580289
1.993499999999836,125.61720275878906,125.66370614359174,0.3122933477831989,80.42417019582078,71.8098724398974
1.993999999999836,125.61475372314453,125.66370614359174,0.3084100026911814,75.13123759464014,67.07305635854351
1.9944999999998358,125.61253356933594,125.66370614359174,0.3036011960881457,75.60442746190999,67.6318221052609
1.9949999999998358,125.61225891113281,125.66370614359174,0.3003337187173729,80.98378322105765,72.52053318391027
1.9954999999998357,125.61528015136719,125.66370614359174,0.3006674926547801,90.39679964502042,80.81621093629639
1.9959999999998357,125.62261199951172,125.66370614359174,0.30599664847358365,102.82361982186832,91.6411071572121
1.9964999999998356,125.63452911376953,125.66370614359174,0.31601138926230804,114.26309584668455,103.15662759520772
1.9969999999998356,125.63897705078125,125.66370614359174,0.3210632878204722,94.64193144038484,84.42665674450997
1.9974999999998355,125.63882446289062,125.66370614359174,0.3208635560632707,82.16100178991495,72.84563517814125
1.9979999999998355,125.63654327392578,125.66370614359174,0.3170109465132328,76.17768795436618,67.49560221702795
1.9984999999998354,125.63423156738281,125.66370614359174,0.3119475613796985,75.917654801553,67.41800055503748
1.9989999999998354,125.63361358642578,125.66370614359174,0.30811655963996387,80.55673227857903,71.67707291837095
1.9994999999998353,125.63605499267578,125.66370614359174,0.30758252819767246,89.25045214695335,79.37262824721917
1.9999999999998352,125.64258575439453,125.66370614359174,0.3117928773739055,101.09156138811262,89.64424629310128
