{
  "limits": {},
  "params": {
    "dvq_max": 792.835733021295,
    "integrator_limit": 2.705515691440155,
    "k_age": -0.25696437793814375,
    "ki": 0.9728884039383336,
    "kp": 3.1026372146994903,
    "tau_action": 0.03657446103954239,
    "vq_max": 221.4093090805818
  },
  "policy_id": "mic_rule_search_15_s1",
  "policy_type": "mic_rule",
  "testsuite_overrides": {
    "controller": "foc",
    "dt": 0.001,
    "duration": 0.2,
    "log_root": "logs",
    "run_prefix": "iter_15_s1",
    "seed": 1
  },
  "with_identification": true
}
