{
  "limits": {},
  "params": {
    "dvq_max": 2389.51051039306,
    "integrator_limit": 2.541837138092609,
    "k_age": 0.004686855817390256,
    "ki": 0.9531939083047116,
    "kp": 1.5862323577867448,
    "tau_action": 0.014091892219985191,
    "vq_max": 228.97354622344022
  },
  "policy_id": "mic_rule_search_2_s2",
  "policy_type": "mic_rule",
  "testsuite_overrides": {
    "controller": "foc",
    "dt": 0.001,
    "duration": 0.2,
    "log_root": "logs",
    "run_prefix": "iter_2_s2",
    "seed": 2
  },
  "with_identification": true
}
