{
  "limits": {},
  "params": {
    "dvq_max": 1096.5398215380505,
    "integrator_limit": 1.6382152696158652,
    "k_age": -0.30893290849760946,
    "ki": 0.48782175377426396,
    "kp": 4.351253599914626,
    "tau_action": 0.028375537031033595,
    "vq_max": 224.45654785303856
  },
  "policy_id": "mic_rule_search_7_s2",
  "policy_type": "mic_rule",
  "testsuite_overrides": {
    "controller": "foc",
    "dt": 0.001,
    "duration": 0.2,
    "log_root": "logs",
    "run_prefix": "iter_7_s2",
    "seed": 2
  },
  "with_identification": true
}
