{
  "limits": {},
  "params": {
    "dvq_max": 554.0912746375602,
    "integrator_limit": 1.869232932629894,
    "k_age": 0.4805166506472687,
    "ki": 1.1519058960630815,
    "kp": 3.071058246995673,
    "tau_action": 0.0018196018805742898,
    "vq_max": 164.4167928402225
  },
  "policy_id": "mic_rule_search_18_s1",
  "policy_type": "mic_rule",
  "testsuite_overrides": {
    "controller": "foc",
    "dt": 0.001,
    "duration": 0.2,
    "log_root": "logs",
    "run_prefix": "iter_18_s1",
    "seed": 1
  },
  "with_identification": true
}
