{
  "limits": {},
  "params": {
    "dvq_max": 1275.3689232983315,
    "integrator_limit": 3.68411189588884,
    "k_age": 0.31021723599658957,
    "ki": 0.5010126827248811,
    "kp": 3.130008083709125,
    "tau_action": 0.04510829752197914,
    "vq_max": 237.93425712451835
  },
  "policy_id": "mic_rule_search_3_s1",
  "policy_type": "mic_rule",
  "testsuite_overrides": {
    "controller": "foc",
    "dt": 0.001,
    "duration": 0.2,
    "log_root": "logs",
    "run_prefix": "iter_3_s1",
    "seed": 1
  },
  "with_identification": true
}
