{
  "limits": {},
  "params": {
    "dvq_max": 1478.240125586562,
    "integrator_limit": 3.4486107809906383,
    "k_age": 0.4230824398201768,
    "ki": 1.8467620318925613,
    "kp": 4.396174817031596,
    "tau_action": 0.027029996247402724,
    "vq_max": 227.78077456294548
  },
  "policy_id": "mic_rule_search_12_s0",
  "policy_type": "mic_rule",
  "testsuite_overrides": {
    "controller": "foc",
    "dt": 0.001,
    "duration": 0.2,
    "log_root": "logs",
    "run_prefix": "iter_12_s0",
    "seed": 0
  },
  "with_identification": true
}
