{
  "policy_id": "mic_tuned_stage11",
  "policy_type": "mic_rule",
  "params": {
    "kp": 2.2129830206970165,
    "ki": 0.7170407640190779,
    "integrator_limit": 0.7235028213034004,
    "vq_max": 223.62947331624508,
    "dvq_max": 1629.0294817171691,
    "tau_action": 0.04515053537704636,
    "k_age": 0.20200414976193715
  },
  "limits": {},
  "testsuite_overrides": {
    "duration": 0.2,
    "dt": 0.001,
    "controller": "foc"
  },
  "with_identification": true,
  "conditions_reference": {
    "suite_hash": "6c82b0b51498ebd987a87ae40d86f3f7f6fdece4377bc4d10475c046cef672ea",
    "source": "stage11_random_search",
    "iters": 60,
    "seeds": 3,
    "baseline_score": 45.75448117807897,
    "best_score": 47.87827879746856,
    "improvement_pct": 4.641725935266655
  }
}
