{
  "policy_id": "pid_tuned_stage11",
  "policy_type": "pid_speed",
  "params": {
    "kp": 4.04463635236381,
    "ki": 1.0973986076711786,
    "integrator_limit": 0.5491459505740663
  },
  "limits": {},
  "testsuite_overrides": {
    "duration": 0.2,
    "dt": 0.001,
    "controller": "foc"
  },
  "with_identification": true,
  "conditions_reference": {
    "suite_hash": "6c82b0b51498ebd987a87ae40d86f3f7f6fdece4377bc4d10475c046cef672ea",
    "source": "stage11_random_search",
    "iters": 20,
    "seeds": 3,
    "baseline_score": 45.63136895366076,
    "best_score": 47.688597576170224,
    "improvement_pct": 4.508364902658531
  }
}
