{
  "motor_name": "demo",
  "source": "simulation",
  "timestamp": "2025-12-04T20:25:31.591552Z",
  "tests": {
    "rs_leq_test": {
      "u_d_step": 50.0,
      "total_time": 0.5,
      "rs_fit_error": 0.0256671858965301,
      "leq_fit_error": 0.48769438906820045
    },
    "locked_rotor_q_test": {
      "u_q_step": 50.0,
      "total_time": 0.5
    },
    "mech_runup_coast_test": {
      "torque_ref": 1.0,
      "runup_time": 0.5,
      "coast_time": 0.5
    },
    "refinement": {
      "enabled": true,
      "method": "multi_test_least_squares",
      "status": "ok"
    }
  },
  "estimated_params": {
    "Rs": 17.45517781045331,
    "Rr": 9.999998452889532,
    "Ls": 2.9542806979720804,
    "Lr": 1.4778565904001888,
    "Lm": 1.594549314603146,
    "J": 0.01,
    "B": 0.001084293285114197
  },
  "true_params_if_available": {
    "Rs": 17.006802721088434,
    "Rr": 42.17957024079473,
    "Ls": 2.9004078946977008,
    "Lr": 2.9004078946977008,
    "Lm": 2.850407894697701,
    "J": 0.01,
    "B": 0.001084293285114197
  },
  "relative_error_percent": {
    "Rs": 2.6364455254654757,
    "Rr": 76.29184366791426,
    "Ls": 1.8574216189683406,
    "Lr": 49.046594684082514,
    "Lm": 44.058907584093134,
    "J": 0.0,
    "B": 0.0
  }
}