{
  "bench_version": "0.1.0",
  "config": {
    "controller": "scalar",
    "disturbance_profile": null,
    "dt": 0.01,
    "duration": 0.2,
    "foc": {
      "id_ref": 0.4,
      "iq_limit": 2.0,
      "ki_id": 100.0,
      "ki_iq": 100.0,
      "ki_speed": 2.5,
      "kp_id": 1.0,
      "kp_iq": 1.0,
      "kp_speed": 0.5,
      "v_limit": 311.7691453623979
    },
    "inverter": {
      "Vdc": 540.0,
      "f_pwm": 10000.0
    },
    "load_config": {
      "mode": "torque",
      "speed_int_limit": 0.0,
      "speed_ki": 0.0,
      "speed_kp": 0.0,
      "t_max": 2.4696456686673414,
      "tau_load": 0.05
    },
    "load_profile": {
      "amplitude": 0.0,
      "frequency": 0.0,
      "initial": 0.0,
      "kind": "constant",
      "seed": null,
      "step_interval": 0.0,
      "step_time": 0.0,
      "value": 0.0
    },
    "log_root": "logs\\vf_default_20251219_235123",
    "motor": {
      "B": 0.001084293285114197,
      "I_n": 0.7,
      "J": 0.01,
      "Lm": 2.850407894697701,
      "Lr_sigma": 0.05,
      "Ls_sigma": 0.05,
      "Rr": 42.17957024079473,
      "Rs": 17.006802721088434,
      "p": 2
    },
    "param_drift": null,
    "run_name": "E1",
    "safety": {
      "i_inst_max": 7.0,
      "i_rms_max": 3.5,
      "omega_max": 455.53093477052005,
      "vdc_max": 648.0
    },
    "scalar_vf": {
      "f_max": 50.0,
      "f_min": 1.0,
      "k_vf": 4.387862045841156,
      "u_boost": 25.0
    },
    "sensor": {
      "currents": {
        "delay_steps": 0,
        "quant": 0.0,
        "sigma": 0.0
      },
      "omega": {
        "delay_steps": 0,
        "quant": 0.0,
        "sigma": 0.0
      },
      "seed": null,
      "vdc": {
        "delay_steps": 0,
        "quant": 0.0,
        "sigma": 0.0
      }
    },
    "speed_profile": {
      "amplitude": 0.0,
      "frequency": 0.0,
      "initial": 0.0,
      "kind": "step",
      "seed": null,
      "step_interval": 0.0,
      "step_time": 0.020000000000000004,
      "value": 121.47491593880534
    }
  },
  "context": null,
  "disqualified": true,
  "identification": null,
  "metrics": {
    "current_scale": 10.768225784060103,
    "disqualified": 1.0,
    "dt": 0.01,
    "duration": 0.019999999999999997,
    "energy_proxy": 210.15185447716283,
    "i_rms": 4.7847575727118885,
    "iae": 0.006747678178813705,
    "overshoot": 0.6747678178813705,
    "power_scale": 474.68270073064207,
    "ref_scale": 1.0,
    "ripple": 4.80162912377369,
    "safety_trip": 1.0,
    "settling_time": 0.0,
    "smoothness": 0.0,
    "voltage_scale": 29.387862045841157
  },
  "npz_path": "logs\\vf_default_20251219_235123\\E1\\timeseries.npz",
  "score": 0.0,
  "seed": null,
  "steps": 3
}
