t,omega,omega_ref,i_rms,p_el,p_mech
0.001,-0.05000000074505806,125.66370614359174,0.0,1.6782927833565473,-0.0
0.002,-0.09999624639749527,125.66370614359174,0.004761904761904762,1.6806770757468705,1.2705017295065645e-22
0.003,-0.14998875558376312,125.66370614359174,0.014639489178426559,1.2399925767231557,1.2060320346698192e-10
0.004,-0.19997763633728027,125.66370614359174,0.08001951636227435,3.9611790660477317,5.668232941446576e-07
0.005,-0.24996303021907806,125.66370614359174,0.16623626982925507,-5.065290335278776,1.938833100543935e-06
0.006,-0.2999436557292938,125.66370614359174,0.029958363681559144,0.9326834056444469,-3.7149517984783376e-06
0.007,-0.3499191105365753,125.66370614359174,0.11505442176967766,7.499300599352487,-1.4441001805339545e-05
0.008,-0.3998890817165375,125.66370614359174,0.25609865347539296,-3.0569303444405724,-3.034914128471679e-05
0.009000000000000001,-0.44985657930374146,125.66370614359174,0.18066416616321854,-1.0723231334240033,-2.259869519677858e-05
0.010000000000000002,-0.4998210072517395,125.66370614359174,0.11123697003519253,0.700315936505373,-1.8140448398856693e-05
0.011000000000000003,-0.5497816205024719,125.66370614359174,0.05110134349648959,2.098412638405833,-2.1256127217590992e-05
0.012000000000000004,-0.5997374057769775,125.66370614359174,0.024419211471111226,3.1802187322160202,-3.5376074732804365e-05
0.013000000000000005,-0.6496875882148743,125.66370614359174,0.0641205239544156,0.27592740584412834,-6.252837794500912e-05
0.014000000000000005,-0.6996423006057739,125.66370614359174,0.0828653515122374,7.017937811451247,4.7496513288915326e-05
0.015000000000000006,-0.7496009469032288,125.66370614359174,0.2267466473130344,0.598612594062836,0.0001666127052899254
0.016000000000000007,-0.79954993724823,125.66370614359174,0.18273594823511527,1.5360462960732664,8.413100487097027e-05
0.017000000000000008,-0.849486231803894,125.66370614359174,0.1475704142328524,2.70045541310168,-6.372948935195854e-05
0.01800000000000001,-0.8994060754776001,125.66370614359174,0.13321458260633431,4.06397925684905,-0.000295588420367704
0.01900000000000001,-0.9493054747581482,125.66370614359174,0.1497221861767823,5.758839399885055,-0.0006300827801244347
0.02000000000000001,-0.999180018901825,125.66370614359174,0.19415428795110365,4.7099326609370715,-0.0010834304460681716
0.02100000000000001,-1.0490607023239136,125.66370614359174,0.2119089102278424,6.484917708958191,-0.0009307065935206889
0.022000000000000013,-1.0989463329315186,125.66370614359174,0.24969018816034952,8.346798626886303,-0.0007851922168841972
0.023000000000000013,-1.148834228515625,125.66370614359174,0.30005403458651647,10.3254712642335,-0.0006831274555184003
0.024000000000000014,-1.198720097541809,125.66370614359174,0.3581794300228517,11.767119079731188,-0.0006708963545104833
0.025000000000000015,-1.2485309839248657,125.66370614359174,0.425163178350315,17.47362832134781,-0.002476177176456926
0.026000000000000016,-1.2982521057128906,125.66370614359174,0.5181512323238446,17.493956698326983,-0.0048109259521322625
0.027000000000000017,-1.347960114479065,125.66370614359174,0.5863177865668548,20.555009135026292,-0.005246287016326226
0.028000000000000018,-1.3976484537124634,125.66370614359174,0.6591744240714659,23.934007333802114,-0.005884398706348691
0.02900000000000002,-1.4473066329956055,125.66370614359174,0.7361469619523072,27.62638590969531,-0.006859378985623598
0.03000000000000002,-1.4969205856323242,125.66370614359174,0.8167729903203977,31.6819947219609,-0.008308646709167068
0.03100000000000002,-1.546472191810608,125.66370614359174,0.9008471180606227,36.15082105777384,-0.010397489435765123
0.03200000000000002,-1.595938801765442,125.66370614359174,0.9883167522627813,41.08208654894437,-0.01332122222225123
0.03300000000000002,-1.6452932357788086,125.66370614359174,1.0792157244556106,46.52380472229704,-0.017307056444786497
0.03400000000000002,-1.6945024728775024,125.66370614359174,1.1736225026120735,52.522365570421925,-0.022615904166404768
0.035000000000000024,-1.743528127670288,125.66370614359174,1.2716336043148555,59.12214550340869,-0.02954412582192809
0.036000000000000025,-1.7923253774642944,125.66370614359174,1.3733466087582653,66.36514431169046,-0.038425160391096704
0.037000000000000026,-1.8408429622650146,125.66370614359174,1.4788493881045468,74.29065050729217,-0.049631025520001364
0.03800000000000003,-1.8890221118927002,125.66370614359174,1.58821346686395,82.93493612315366,-0.06357360024094619
0.03900000000000003,-1.936797022819519,125.66370614359174,1.7014901731425653,92.33098176836893,-0.08070568695837681
0.04000000000000003,-1.9840933084487915,125.66370614359174,1.8187086991748824,102.50823246262206,-0.10152167833383985
0.04100000000000003,-2.0308287143707275,125.66370614359174,1.9398754700192609,113.49238450697149,-0.12655787879203073
0.04200000000000003,-2.076911211013794,125.66370614359174,2.064974400645152,125.30520339154404,-0.15639217631927904
0.04300000000000003,-2.1222403049468994,125.66370614359174,2.1939677430874087,137.96437249469372,-0.19164324522217813
0.04400000000000003,-2.1667051315307617,125.66370614359174,2.3267973096042374,151.48337209373915,-0.23296878026956705
0.04500000000000003,-2.210184335708618,125.66370614359174,2.4633859179461313,165.87138798545172,-0.2810628938051751
0.046000000000000034,-2.2525458335876465,125.66370614359174,2.603638948698003,181.13324880586373,-0.3366524350707128
0.047000000000000035,-2.2936463356018066,125.66370614359174,2.7474459370021282,191.4402818770435,-0.4004920310378453
0.048000000000000036,-2.33420991897583,125.66370614359174,2.8896847748336874,202.96016638621427,-0.4325048304062764
0.04900000000000004,-2.374112367630005,125.66370614359174,3.0297261577181143,214.0473512089017,-0.4711401828283999
0.05000000000000004,-2.4132027626037598,125.66370614359174,3.1671940326645465,224.72467507032823,-0.5179530572307637
0.05100000000000004,-2.451310396194458,125.66370614359174,3.301862296533807,235.03736650898344,-0.5741567172995062
0.05200000000000004,-2.488246440887451,125.66370614359174,3.4336069384872685,245.0346544760865,-0.6409835060258368
0.05300000000000004,-2.5238022804260254,125.66370614359174,3.5623848105966003,254.76921215551914,-0.719667409595637
0.05400000000000004,-2.557750940322876,125.66370614359174,3.688217763111824,264.29645582562296,-0.811420508664448
0.05500000000000004,-2.5898475646972656,125.66370614359174,3.8111802582008765,273.67384916902364,-0.9174062986106185
0.05600000000000004,-2.6198291778564453,125.66370614359174,3.9313894921633614,282.96022247630555,-1.0387098679829396
0.057000000000000044,-2.647416591644287,125.66370614359174,4.048997340003164,292.21511157030056,-1.176306063616043
0.058000000000000045,-2.672314167022705,125.66370614359174,4.164183631922679,301.4981207885859,-1.3310243728420244
0.059000000000000045,-2.694211006164551,125.66370614359174,4.2771504105174145,310.8683139099867,-1.5035119986472307
0.060000000000000046,-2.712782859802246,125.66370614359174,4.388116917292204,320.3836364359591,-1.6941955089202545
0.06100000000000005,-2.727691888809204,125.66370614359174,4.497315129399273,330.10037214384425,-1.9032398313711216
0.06200000000000005,-2.7385895252227783,125.66370614359174,4.604985720351746,340.07263632162704,-2.1305080286678235
0.06300000000000004,-2.7451159954071045,125.66370614359174,4.7113743574797295,350.35190757886176,-2.375518467514724
0.06400000000000004,-2.74690318107605,125.66370614359174,4.816728277897749,360.98659961201537,-2.6374043653930235
0.06500000000000004,-2.7435755729675293,125.66370614359174,4.9212931063646765,372.0216737907579,-2.9148728361155207
0.06600000000000004,-2.734750747680664,125.66370614359174,5.025309894442141,383.498292930943,-3.206164486429236
0.06700000000000005,-2.7200427055358887,125.66370614359174,5.129012372039466,395.45351613605186,-3.5090180265555873
0.06800000000000005,-2.699061632156372,125.66370614359174,5.232624410647178,407.9200341274593,-3.8206337601330667
0.06900000000000005,-2.6714162826538086,125.66370614359174,5.336357702938681,420.92594405023556,-4.137643135625924
0.07000000000000005,-2.6367154121398926,125.66370614359174,5.440409666441544,434.4945623401245,-4.456081212749062
0.07100000000000005,-2.5945684909820557,125.66370614359174,5.544961580035814,448.64427387306466,-4.771362189135841
0.07200000000000005,-2.544588327407837,125.66370614359174,5.650176961468368,463.3884152947878,-5.078262936647726
0.07300000000000005,-2.486391544342041,125.66370614359174,5.756200192196563,478.73519014766197,-5.370908319947533
0.07400000000000005,-2.419599771499634,125.66370614359174,5.863155392997906,494.6876131775161,-5.642762968837326
0.07500000000000005,-2.343841552734375,125.66370614359174,5.971145550204325,511.24348101647223,-5.886630580535451
0.07600000000000005,-2.258753776550293,125.66370614359174,6.080251888429522,528.3953663001516,-6.0946587008395126
0.07700000000000005,-2.1639819145202637,125.66370614359174,6.190533481528924,546.1306321897528,-6.2583465448275515
0.07800000000000006,-2.0591814517974854,125.66370614359174,6.3020270895118395,564.4314642317479,-6.368561695733288
0.07900000000000006,-1.9440193176269531,125.66370614359174,6.414747205428526,565.5872112506725,-6.4155633918519674
0.08000000000000006,-1.821508765220642,125.66370614359174,6.5204304533853845,567.7837645237119,-6.27927788938065
0.08100000000000006,-1.6913830041885376,125.66370614359174,6.619669473283341,569.3350355233713,-6.088608874902858
0.08200000000000006,-1.5533469915390015,125.66370614359174,6.712682685432931,570.3221466511407,-5.837765753220498
0.08300000000000006,-1.4071096181869507,125.66370614359174,6.799708656908393,570.8477669516775,-5.519269027594988
0.08400000000000006,-1.252387285232544,125.66370614359174,6.88100117969858,571.0137296632561,-5.125190214019813
0.08500000000000006,-1.0889047384262085,125.66370614359174,6.956827329274123,570.9205582095842,-4.6471973408642375
0.08600000000000006,-0.9163975715637207,125.66370614359174,7.027465832617578,570.6669494601705,-4.076604091178589
0.08700000000000006,-0.7346136569976807,125.66370614359174,7.093205546790047,570.3492903219008,-3.404422337950656
0.08800000000000006,-0.5433151125907898,125.66370614359174,7.154344019152533,570.06120950705,-2.6214242127826846
0.08900000000000007,-0.3422796130180359,125.66370614359174,7.211186107569632,569.8931624467601,-1.7182079166197601
0.09000000000000007,-0.13130180537700653,125.66370614359174,7.264042642240861,569.932046739323,-0.685269702922831
0.09100000000000007,0.0898052453994751,125.66370614359174,7.313229113246261,570.260845054879,0.4869190227405458
0.09200000000000007,0.3212091624736786,125.66370614359174,7.359064369720953,570.9582920178599,1.8078336049625705
0.09300000000000007,0.5630572438240051,125.66370614359174,7.401869317970069,572.0985612630793,3.28681490412239
0.09400000000000007,0.8154757618904114,125.66370614359174,7.441965606951763,573.7509686183686,4.9329884175646646
0.09500000000000007,1.0785694122314453,125.66370614359174,7.479674290517767,575.979687212591,6.755184265727285
0.09600000000000007,1.3524209260940552,125.66370614359174,7.515314456717353,578.843470248667,8.76185943561937
0.09700000000000007,1.6370909214019775,125.66370614359174,7.549201815433787,582.3953772218097,10.961024059899234
0.09800000000000007,1.9326177835464478,125.66370614359174,7.5816472367119365,586.6824995076379,13.360171608950754
0.09900000000000007,2.239017963409424,125.66370614359174,7.612955233415504,591.7456814965612,15.966216653485475
0.10000000000000007,2.556286096572876,125.66370614359174,7.64342238337202,597.6192338122895,18.78543716252315
0.10100000000000008,2.8843958377838135,125.66370614359174,7.673335687954447,604.3306356251767,21.823428369862096
0.10200000000000008,3.2233004570007324,125.66370614359174,7.702970866123135,611.9002236563529,25.085062222164826
0.10300000000000008,3.572932481765747,125.66370614359174,7.732590585302109,620.340866166183,28.574446458863473
0.10400000000000008,3.93320631980896,125.66370614359174,7.762442633058664,629.657621029819,32.2949141110118
0.10500000000000008,4.304018020629883,125.66370614359174,7.792758036341355,615.8168228836042,36.24899835838962
0.10600000000000008,4.681232452392578,125.66370614359174,7.81460240926204,600.3293397895841,40.028038824767215
0.10700000000000008,5.064540386199951,125.66370614359174,7.827354090012305,584.6667982812172,43.92566464853723
0.10800000000000008,5.4536662101745605,125.66370614359174,7.831428607690381,569.0694550998264,47.93835569363632
0.10900000000000008,5.848335266113281,125.66370614359174,7.8272990345218805,553.7638017029936,52.05931189436781
0.11000000000000008,6.248272895812988,125.66370614359174,7.815479659359976,538.9760767598078,56.28148709372012
0.11100000000000008,6.6532063484191895,125.66370614359174,7.796527525247235,524.9312710036818,60.59769655939227
0.11200000000000009,7.062865734100342,125.66370614359174,7.771044135949635,511.8515201255603,65.00069184160029
0.11300000000000009,7.476983547210693,125.66370614359174,7.739676913875639,499.95438036596266,69.4832263287194
0.11400000000000009,7.895297527313232,125.66370614359174,7.703120281991039,489.45099802077925,74.03815443978512
0.11500000000000009,8.317551612854004,125.66370614359174,7.6621162226499715,480.5441785993285,78.65851543883218
0.11600000000000009,8.743496894836426,125.66370614359174,7.617454140760847,473.426363915664,83.33761724940203
0.11700000000000009,9.172892570495605,125.66370614359174,7.569969833061012,468.2775282436721,88.06911852107272
0.11800000000000009,9.60550594329834,125.66370614359174,7.520543341819692,465.2630076870429,92.84709786641389
0.11900000000000009,10.041116714477539,125.66370614359174,7.4700954532747,464.53128006374754,97.6661589404328
0.12000000000000009,10.479515075683594,125.66370614359174,7.4195825928398715,466.21171583221184,102.52146853319032
0.1210000000000001,10.92050552368164,125.66370614359174,7.3699898759052225,470.4123238373231,107.40884038773667
0.1220000000000001,11.363903999328613,125.66370614359174,7.322322100902072,477.21751886757323,112.32474247006694
0.1230000000000001,11.809540748596191,125.66370614359174,7.27759252629743,486.6859411243482,117.26634663290136
0.1240000000000001,12.257264137268066,125.66370614359174,7.236809360403914,479.0891918328457,122.231573391377
0.12500000000000008,12.704103469848633,125.66370614359174,7.19253921796203,459.6509701211127,126.47150436098924
0.12600000000000008,13.149476051330566,125.66370614359174,7.139805436183844,441.9437053486332,130.528398464823
0.12700000000000009,13.592864990234375,125.66370614359174,7.079715724871366,426.480308463904,134.39945419695857
0.12800000000000009,14.033799171447754,125.66370614359174,7.013556466808366,413.636258412458,138.0795831793679
0.1290000000000001,14.471856117248535,125.66370614359174,6.942733654291357,403.76426315124576,141.56641211332118
0.1300000000000001,14.906661987304688,125.66370614359174,6.868773009605861,397.19055333075016,144.86031433634741
0.1310000000000001,15.337892532348633,125.66370614359174,6.79331743373517,394.2097296851079,147.96436584610885
0.1320000000000001,15.765275955200195,125.66370614359174,6.718119954895416,395.07963463112156,150.88427833669493
0.1330000000000001,16.188589096069336,125.66370614359174,6.64503091678676,400.0163469653288,153.62822779605452
0.1340000000000001,16.6076602935791,125.66370614359174,6.575978127454106,409.18938795454363,156.20670953769894
0.1350000000000001,17.022367477416992,125.66370614359174,6.512938826936615,422.717230261053,158.63231157895927
0.1360000000000001,17.432636260986328,125.66370614359174,6.4579027045792925,440.6632027334218,160.9194562374632
0.1370000000000001,17.838443756103516,125.66370614359174,6.412825863459158,463.03188384581824,163.08416604285804
0.1380000000000001,18.23980712890625,125.66370614359174,6.379576605847079,489.7660744139239,165.1436647322032
0.1390000000000001,18.636789321899414,125.66370614359174,6.3598751396060225,480.8457665861829,167.11611817680466
0.1400000000000001,19.0284481048584,125.66370614359174,6.3344398082951825,475.5776114242063,168.6139502566688
0.1410000000000001,19.41423225402832,125.66370614359174,6.306614197066827,473.7153545026802,169.76232847535388
0.1420000000000001,19.793668746948242,125.66370614359174,6.278390758212124,475.5901728054258,170.5783425827477
0.1430000000000001,20.16636085510254,125.66370614359174,6.2518398974454215,481.5117688990254,171.08230944059815
0.1440000000000001,20.531997680664062,125.66370614359174,6.229096958218962,491.73304231256685,171.2979267651968
0.1450000000000001,20.890338897705078,125.66370614359174,6.212322127804787,506.4435724188492,171.25172258968615
0.1460000000000001,21.241228103637695,125.66370614359174,6.203650470092053,525.7638986961886,170.9727022347075
0.1470000000000001,21.58457374572754,125.66370614359174,6.205133247448609,549.7405704454021,170.4916896869486
0.1480000000000001,21.920358657836914,125.66370614359174,6.218672897467429,578.3421000174455,169.84088070008215
0.1490000000000001,22.248632431030273,125.66370614359174,6.245955420644465,611.4559439424429,169.05324104107044
0.1500000000000001,22.569507598876953,125.66370614359174,6.28838509764456,613.6082607118424,168.16193539551455
0.1510000000000001,22.884464263916016,125.66370614359174,6.328442759824409,612.2956538030224,167.81145748759863
0.1520000000000001,23.192914962768555,125.66370614359174,6.365259778753393,613.538828400669,167.06663921122671
0.1530000000000001,23.494340896606445,125.66370614359174,6.400543532800507,617.7697342796728,165.94821972726615
0.1540000000000001,23.78831672668457,125.66370614359174,6.43607038673095,625.336427303363,164.4900690237202
0.1550000000000001,24.07450294494629,125.66370614359174,6.473632808842089,636.52313259547,162.7291383952726
0.1560000000000001,24.352649688720703,125.66370614359174,6.515000399962349,651.543328544478,160.704831563267
0.1570000000000001,24.62259864807129,125.66370614359174,6.561876514489969,670.5333821457773,158.45840870972478
0.1580000000000001,24.884267807006836,125.66370614359174,6.615851787565091,693.5472612655346,156.03225059307923
0.1590000000000001,25.137659072875977,125.66370614359174,6.678356739243631,720.5524821737049,153.46926106234378
0.16000000000000011,25.382848739624023,125.66370614359174,6.750616126033936,751.4274274153075,150.8121586184297
0.16100000000000012,25.61998176574707,125.66370614359174,6.833607951405712,745.5420798591393,148.10281259525362
0.16200000000000012,25.851436614990234,125.66370614359174,6.90930231603065,737.7935115005675,146.5133639684666
0.16300000000000012,26.07672119140625,125.66370614359174,6.977027515546486,731.6407086962912,144.58184230647404
0.16400000000000012,26.295412063598633,125.66370614359174,7.038319100843978,727.6472090459711,142.33560053277247
0.16500000000000012,26.507179260253906,125.66370614359174,7.094810625613229,726.3004941109149,139.81910834664393
0.16600000000000012,26.711780548095703,125.66370614359174,7.148184325636346,728.0187438303899,137.07928073134408
0.16700000000000012,26.909069061279297,125.66370614359174,7.20014064415841,733.1419233499321,134.16470418101255
0.16800000000000012,27.098989486694336,125.66370614359174,7.252364012495555,741.9236940259298,131.1248976314158
0.16900000000000012,27.281564712524414,125.66370614359174,7.306485186493045,754.5247425642242,128.00951502774205
0.17000000000000012,27.456907272338867,125.66370614359174,7.3640412026130875,771.0077112668686,124.86767154767186
0.17100000000000012,27.625202178955078,125.66370614359174,7.426434455846118,791.333877602037,121.74715019963004
0.17200000000000013,27.786710739135742,125.66370614359174,7.494892764717716,773.9480278485182,118.693745435549
0.17300000000000013,27.94339942932129,125.66370614359174,7.553512044593216,752.1543137050526,116.67668988549562
0.17400000000000013,28.095027923583984,125.66370614359174,7.600161341383998,732.2799056105858,114.47254736597044
0.17500000000000013,28.241424560546875,125.66370614359174,7.636611914135325,715.1341592849482,112.12004523403394
0.17600000000000013,28.38250732421875,125.66370614359174,7.6647963152483625,701.3884142168317,109.6711742503478
0.17700000000000013,28.518291473388672,125.66370614359174,7.686739195512094,691.6193943435147,107.17903057245887
0.17800000000000013,28.648876190185547,125.66370614359174,7.704526755784616,686.2985949897356,104.69681732439905
0.17900000000000013,28.774450302124023,125.66370614359174,7.720270978456286,685.7826450647904,102.27702291776828
0.18000000000000013,28.895280838012695,125.66370614359174,7.736068163062394,690.3057517049327,99.97055597802667
0.18100000000000013,29.011709213256836,125.66370614359174,7.753952369756032,699.9744148318578,97.82595033207446
0.18200000000000013,29.124155044555664,125.66370614359174,7.77584500228399,714.7645416843807,95.88865247050376
0.18300000000000013,29.233089447021484,125.66370614359174,7.803502422976398,691.1432522181129,94.20028048177208
0.18400000000000014,29.33933448791504,125.66370614359174,7.821360323116659,662.2605896597923,92.96894505144303
0.18500000000000014,29.442977905273438,125.66370614359174,7.827108303899953,637.125828595811,91.77039094355591
0.18600000000000014,29.544189453125,125.66370614359174,7.8229828994091255,616.6385409096595,90.65282253729706
0.18700000000000014,29.643218994140625,125.66370614359174,7.811410198212642,601.4938095213396,89.66791981385956
0.18800000000000014,29.740398406982422,125.66370614359174,7.794923790832145,592.2511051898235,88.86622356594013
0.18900000000000014,29.836135864257812,125.66370614359174,7.776124133695179,589.3247827444926,88.29621878518452
0.19000000000000014,29.930910110473633,125.66370614359174,7.757629803603577,592.9761391812171,88.00349980916626
0.19100000000000014,30.025259017944336,125.66370614359174,7.742020092599217,603.3083143233899,88.02998931000027
0.19200000000000014,30.119775772094727,125.66370614359174,7.731769903862823,620.264142940465,88.41326412974118
0.19300000000000014,30.21510124206543,125.66370614359174,7.729179038383986,613.4220869157415,89.18596459417839
0.19400000000000014,30.310903549194336,125.66370614359174,7.724048354147002,586.6633194710336,89.76170563121543
0.19500000000000015,30.4074649810791,125.66370614359174,7.708154232561591,564.8159778769138,90.51351486007708
0.19600000000000015,30.50514793395996,125.66370614359174,7.684008320389275,548.9077798272659,91.49314208362003
0.19700000000000015,30.604387283325195,125.66370614359174,7.654383328418526,539.5961454360771,92.7472692767453
0.19800000000000015,30.705678939819336,125.66370614359174,7.622166860497524,537.3762834941836,94.32030946510271
0.19900000000000015,30.80958366394043,125.66370614359174,7.590307300345979,542.5738893311003,96.25365010912678
0.20000000000000015,30.91670799255371,125.66370614359174,7.561749009717444,555.3386061732156,98.58485299887141
0.20100000000000015,31.027706146240234,125.66370614359174,7.539356159341755,575.640689126039,101.34699577296881
0.20200000000000015,31.14326286315918,125.66370614359174,7.525827093189156,603.2709416315445,104.56803894573655
0.20300000000000015,31.264080047607422,125.66370614359174,7.52360293526948,604.9198121816701,108.27029077914109
0.20400000000000015,31.388668060302734,125.66370614359174,7.520557750065207,587.0489691378758,111.07300790118641
0.20500000000000015,31.517324447631836,125.66370614359174,7.509131712850407,574.5407688500186,114.09979339649075
0.20600000000000016,31.650436401367188,125.66370614359174,7.491945649774219,568.334803755179,117.40763833872515
0.20700000000000016,31.788448333740234,125.66370614359174,7.471850215037695,568.997528623542,121.04127851689309
0.20800000000000016,31.931859970092773,125.66370614359174,7.4517750912757945,576.9210300148902,125.04279933223576
0.20900000000000016,32.08121871948242,125.66370614359174,7.43465976248132,592.3162083645279,129.4508834747053
0.21000000000000016,32.23711395263672,125.66370614359174,7.423373547560135,615.2071062334927,134.300014660031
0.21100000000000016,32.4001579284668,125.66370614359174,7.42062588401691,645.4286331175828,139.61968367960952
0.21200000000000016,32.57098388671875,125.66370614359174,7.4288706835576415,682.627757026429,145.43372597305387
0.21300000000000016,32.75023651123047,125.66370614359174,7.450210478328678,675.653095046603,151.75969661101365
0.21400000000000016,32.935394287109375,125.66370614359174,7.464270516718896,663.7431877049889,156.52001570390797
0.21500000000000016,33.126617431640625,125.66370614359174,7.470540815133425,657.0914115422372,161.45471216147638
0.21600000000000016,33.32415008544922,125.66370614359174,7.471645093877051,656.4789772714786,166.63255141481272
0.21700000000000016,33.5283088684082,125.66370614359174,7.470344262822604,662.446025558294,172.1047473366836
0.21800000000000017,33.73945999145508,125.66370614359174,7.469444928610967,675.3488385298853,177.91970439159138
0.21900000000000017,33.95803451538086,125.66370614359174,7.471724142270711,695.3505916591149,184.12219982119444
0.22000000000000017,34.18449020385742,125.66370614359174,7.479844893944703,722.4149262943346,190.75216170068154
0.22100000000000017,34.41932678222656,125.66370614359174,7.496264901998479,756.3033336258927,197.8437620446757
0.22200000000000017,34.663063049316406,125.66370614359174,7.523143275564073,749.7887704351695,205.42435601415357
0.22300000000000017,34.912803649902344,125.66370614359174,7.542284149102275,732.7598633497853,211.1102645899385
0.22400000000000017,35.168453216552734,125.66370614359174,7.550788906409672,720.6738871696995,216.82752025521478
0.22500000000000017,35.43004608154297,125.66370614359174,7.5513597250835645,714.5771845657442,222.662916736799
0.22600000000000017,35.697696685791016,125.66370614359174,7.5469192465694395,715.2092545123039,228.68561177998455
0.22700000000000017,35.971614837646484,125.66370614359174,7.540495583384524,723.105828188946,234.96299065235908
0.22800000000000017,36.25208282470703,125.66370614359174,7.535145850935747,738.5846338718195,241.55916622981178
0.22900000000000018,36.539451599121094,125.66370614359174,7.533867238227525,761.7340897539653,248.53342234560586
0.23000000000000018,36.83413314819336,125.66370614359174,7.539496992236861,792.4066202632607,255.93864678929194
0.23100000000000018,37.13656997680664,125.66370614359174,7.554605385550592,782.527292878427,263.8196436059322
0.23200000000000018,37.443790435791016,125.66370614359174,7.561236107304853,761.5794718044547,269.5992697495133
0.23300000000000018,37.755516052246094,125.66370614359174,7.556241085763697,746.385970258836,275.2631108371317
0.23400000000000018,38.071624755859375,125.66370614359174,7.542724254368856,738.1688510778707,280.92239191846295
0.23500000000000018,38.39211654663086,125.66370614359174,7.52406684050063,737.7918258721212,286.6720555329268
0.23600000000000018,38.71711349487305,125.66370614359174,7.5037947263366345,745.8717655173241,292.6059137003779
0.23700000000000018,39.046844482421875,125.66370614359174,7.485485532474451,762.7598523606604,298.81442366640067
0.23800000000000018,39.38164138793945,125.66370614359174,7.472657120628374,788.5268062295424,305.38234330972125
0.23900000000000018,39.721900939941406,125.66370614359174,7.4686392187712025,822.9542387388879,312.3861254787649
0.24000000000000019,40.06810760498047,125.66370614359174,7.476433836696762,805.6315956649051,319.8918389918919
0.2410000000000002,40.417354583740234,125.66370614359174,7.472899273476133,787.688283663457,325.15757744618486
0.2420000000000002,40.769283294677734,125.66370614359174,7.459611229205873,776.9390731436788,330.1982621335693
0.2430000000000002,41.12371826171875,125.66370614359174,7.440232747738056,774.5170526625401,335.15407761405226
0.2440000000000002,41.48064422607422,125.66370614359174,7.418656700302191,781.225940425895,340.14955262608663
0.2450000000000002,41.84018325805664,125.66370614359174,7.398881015991947,797.5627775008337,345.30726477740006
0.2460000000000002,42.20259475708008,125.66370614359174,7.384877659909237,823.6969243504186,350.7446809507842
0.2470000000000002,42.56825256347656,125.66370614359174,7.380438478892373,859.4560854930262,356.5706203219675
0.2480000000000002,42.937625885009766,125.66370614359174,7.389004259784309,849.5234117157839,362.8817985786839
0.2490000000000002,43.30846405029297,125.66370614359174,7.389646640875161,832.5203472906462,367.3048115322141
0.25000000000000017,43.68028259277344,125.66370614359174,7.3809184190174,823.1164899382076,371.3419138247649
0.25100000000000017,44.05281066894531,125.66370614359174,7.366759471383137,822.6207620097894,375.1568147018058
0.25200000000000017,44.42595291137695,125.66370614359174,7.351389282113543,831.9076363740701,378.90464502099667
0.25300000000000017,44.79978561401367,125.66370614359174,7.339127006208037,851.4941335585042,382.7394640495106
0.25400000000000017,45.174556732177734,125.66370614359174,7.334230062434828,881.5147857795077,386.8098594153798
0.25500000000000017,45.55064010620117,125.66370614359174,7.340706947853162,921.7052727399266,391.2540053675838
0.25600000000000017,45.92853927612305,125.66370614359174,7.3621137827180725,908.710191249428,396.19523318148197
0.2570000000000002,46.3065299987793,125.66370614359174,7.374003229519392,894.2827803441579,399.56738707471237
0.2580000000000002,46.684085845947266,125.66370614359174,7.377397436819892,887.8264947725002,402.44217859311385
0.2590000000000002,47.060882568359375,125.66370614359174,7.376440760094899,890.6200514427395,405.0048104673743
0.2600000000000002,47.436805725097656,125.66370614359174,7.375501644950958,903.5073166541217,407.4371962849014
0.2610000000000002,47.811927795410156,125.66370614359174,7.378984872793508,926.9202465547152,409.9197217750177
0.2620000000000002,48.18649673461914,125.66370614359174,7.3911415454037535,960.8520453233408,412.6254260215914
0.2630000000000002,48.560916900634766,125.66370614359174,7.415857167966653,959.1543916409344,415.71405106679936
0.2640000000000002,48.93438720703125,125.66370614359174,7.436775944645246,937.8187139943062,418.01184051990265
0.2650000000000002,49.30622482299805,125.66370614359174,7.446231796210621,923.8949129346017,419.6019757843135
0.2660000000000002,49.67595291137695,125.66370614359174,7.448388091280896,919.1777931356005,420.6827137699634
0.2670000000000002,50.04332733154297,125.66370614359174,7.447820217767596,924.8331151830643,421.46372805081336
0.2680000000000002,50.40830993652344,125.66370614359174,7.449242885729252,941.571344422694,422.157324541553
0.2690000000000002,50.771080017089844,125.66370614359174,7.457310516151623,969.6109668673148,422.97132222743727
0.2700000000000002,51.13198471069336,125.66370614359174,7.476388460915125,1008.6546663999211,424.10135102475357
0.2710000000000002,51.491539001464844,125.66370614359174,7.510307211859265,985.3845219665764,425.72373487293
0.2720000000000002,51.84895324707031,125.66370614359174,7.531418943528003,966.1155133261502,426.48394307763834
0.2730000000000002,52.203651428222656,125.66370614359174,7.542722216487373,955.6758454199243,426.59326186905304
0.2740000000000002,52.5552864074707,125.66370614359174,7.548817551277242,955.5072560980127,426.2777880521359
0.2750000000000002,52.90374755859375,125.66370614359174,7.554526145136647,966.5378157283618,425.77071274890346
0.2760000000000002,53.24913024902344,125.66370614359174,7.56466994613332,989.1553030380884,425.30290709075666
0.2770000000000002,53.591739654541016,125.66370614359174,7.583834218956849,1023.176688292342,425.0942809659856
0.2780000000000002,53.93205642700195,125.66370614359174,7.616109254801571,996.5765899228371,425.34500948995594
0.2790000000000002,54.26961135864258,125.66370614359174,7.6352625931077,970.8955067331899,425.0379070229916
0.2800000000000002,54.60380935668945,125.66370614359174,7.642642931186982,954.5290899973396,424.02230250859105
0.2810000000000002,54.93430709838867,125.66370614359174,7.643131334404869,949.1745610934325,422.5431417115736
0.2820000000000002,55.2609748840332,125.66370614359174,7.641909697507465,955.9150672215619,420.85751820727546
0.2830000000000002,55.58393859863281,125.66370614359174,7.644204771565238,975.2203181814842,419.2209324197292
0.2840000000000002,55.90351867675781,125.66370614359174,7.655027307812087,1006.9123309500375,417.87654806628905
0.2850000000000002,56.2202262878418,125.66370614359174,7.678884444316878,974.39442473509,417.0451832628064
0.2860000000000002,56.53369140625,125.66370614359174,7.6883460281070395,945.854465700276,415.7282858705776
0.2870000000000002,56.843406677246094,125.66370614359174,7.685946349391919,928.0004059016637,413.7666070175735
0.2880000000000002,57.14910125732422,125.66370614359174,7.677051906163425,922.567682271387,411.42847409079184
0.2890000000000002,57.450767517089844,125.66370614359174,7.667331640460613,930.6010666860697,408.9930506243469
0.2900000000000002,57.748619079589844,125.66370614359174,7.6624712977778815,952.4391966835142,406.7341749015673
0.2910000000000002,58.043087005615234,125.66370614359174,7.667870590439854,941.650498054041,404.9085370595974
0.2920000000000002,58.33430480957031,125.66370614359174,7.669487955293342,905.2291174512164,403.1723291462701
0.2930000000000002,58.621726989746094,125.66370614359174,7.6565924199321955,879.7482355592124,400.7354161762113
0.2940000000000002,58.90505599975586,125.66370614359174,7.634795839982506,867.692178565761,397.8766067509539
0.2950000000000002,59.18425750732422,125.66370614359174,7.610326975675662,870.5273585792038,394.89683682404427
0.2960000000000002,59.45953369140625,125.66370614359174,7.589610198542802,888.9390216533918,392.09585901192185
0.2970000000000002,59.7313346862793,125.66370614359174,7.578931353518266,922.7864130898806,389.7587153146697
0.2980000000000002,60.00030517578125,125.66370614359174,7.584053311411578,906.4131459680888,388.1423028271663
0.2990000000000002,60.26634216308594,125.66370614359174,7.582639751482095,881.2286322080649,386.3537639156499
0.3000000000000002,60.52915573120117,125.66370614359174,7.571492176033345,868.8193613190118,384.1581628495409
0.3010000000000002,60.788692474365234,125.66370614359174,7.5566823130545195,871.063834873729,381.84659732198185
0.3020000000000002,61.04514694213867,125.66370614359174,7.544636894086837,888.861562257256,379.71683023497724
0.3030000000000002,61.2989387512207,125.66370614359174,7.541707380935868,922.2459623593973,378.05401163720273
0.3040000000000002,61.55068588256836,125.66370614359174,7.553769436499186,919.4341788447513,377.11641323060593
0.3050000000000002,61.80042266845703,125.66370614359174,7.564306685653383,892.5174759237578,376.1837100629911
0.3060000000000002,62.0478401184082,125.66370614359174,7.563331905067396,877.527099757133,374.8297429756259
0.3070000000000002,62.292850494384766,125.66370614359174,7.556708348704817,876.7608480401495,373.3398663289196
0.3080000000000002,62.53561782836914,125.66370614359174,7.550809177887728,891.386996013814,372.0111573410566
0.3090000000000002,62.77652359008789,125.66370614359174,7.552026158162582,921.672371426312,371.130596788104
0.3100000000000002,63.016151428222656,125.66370614359174,7.5663644357019555,966.9494575549555,370.9598364904414
0.3110000000000002,63.255252838134766,125.66370614359174,7.59900745000492,939.7145393671153,371.7208761086223
0.3120000000000002,63.493228912353516,125.66370614359174,7.617897425945564,920.1028920213938,371.7155359423905
0.3130000000000002,63.72991943359375,125.66370614359174,7.62753334523573,913.2586963935103,371.482759326677
0.3140000000000002,63.96538543701172,125.66370614359174,7.633906795262534,920.724173787012,371.31670319931317
0.3150000000000002,64.19992065429688,125.66370614359174,7.643158707561487,943.1153061868563,371.5030809174708
0.3160000000000002,64.43401336669922,125.66370614359174,7.6611863565956275,980.0916591914566,372.30554191119813
0.3170000000000002,64.6683120727539,125.66370614359174,7.6932293902101785,948.2528321764757,373.9503706146512
0.3180000000000002,64.9020004272461,125.66370614359174,7.709734032476513,918.6278204929938,374.54063263694985
0.31900000000000023,65.13485717773438,125.66370614359174,7.712849259635898,901.911772413374,374.8153755589988
0.32000000000000023,65.36688995361328,125.66370614359174,7.70882366898572,900.1539486471946,375.09504935226084
0.32100000000000023,65.59834289550781,125.66370614359174,7.704244800147383,914.3596643541833,375.6923428606375
0.32200000000000023,65.8296890258789,125.66370614359174,7.705618903477953,944.496312982496,376.8985936786558
0.32300000000000023,66.06158447265625,125.66370614359174,7.718937528574682,910.6542811649514,378.9665325799178
0.32400000000000023,66.29297637939453,125.66370614359174,7.717012673063104,875.8547236243727,379.66273744754886
0.32500000000000023,66.52368927001953,125.66370614359174,7.700590941557207,855.8763169058557,380.08870473106356
0.32600000000000023,66.7537841796875,125.66370614359174,7.676669176377214,853.0222016929094,380.6089633664259
0.32700000000000023,66.98359680175781,125.66370614359174,7.652694307937951,868.3830979323893,381.5737696715752
0.32800000000000024,67.21371459960938,125.66370614359174,7.636078629568847,901.8839881668167,383.30600469977986
0.32900000000000024,67.44489288330078,125.66370614359174,7.633699934961831,872.6848271757488,386.0816038602585
0.33000000000000024,67.67591857910156,125.66370614359174,7.618248962171631,843.6733494785354,387.2173681521455
0.33100000000000024,67.90672302246094,125.66370614359174,7.591082337845566,831.5529595170264,388.2581842223395
0.33200000000000024,68.13751983642578,125.66370614359174,7.559895515977464,838.4165383993571,389.60067988057455
0.33300000000000024,68.36880493164062,125.66370614359174,7.5327610893734285,865.0184040185351,391.613974353396
0.33400000000000024,68.60130310058594,125.66370614359174,7.5175624608159195,910.8363625806551,394.6282483614097
0.33500000000000024,68.8359146118164,125.66370614359174,7.521404947196468,886.031725565271,398.91405475378843
0.33600000000000024,69.07121276855469,125.66370614359174,7.5125414096636325,868.8036569239541,401.24850080489637
0.33700000000000024,69.30723571777344,125.66370614359174,7.495933597308112,869.0049390361349,403.64408507707253
0.33800000000000024,69.54429626464844,125.66370614359174,7.479369288488738,888.2230050110268,406.50365910775366
0.33900000000000025,69.7829818725586,125.66370614359174,7.470756373867761,926.7079066224318,410.18828401118867
0.34000000000000025,70.02408599853516,125.66370614359174,7.47752785779034,926.3965982589666,415.0089025361829
0.34100000000000025,70.26644134521484,125.66370614359174,7.4816025080386455,901.2851287066487,418.2441980514046
0.34200000000000025,70.50990295410156,125.66370614359174,7.473428106851369,891.8312374720381,421.2659351506963
0.34300000000000025,70.75459289550781,125.66370614359174,7.460445081272452,900.7697744792816,424.4977357165914
0.34400000000000025,71.00093078613281,125.66370614359174,7.450679332863355,929.2275643302671,428.3422115477159
0.34500000000000025,71.24958038330078,125.66370614359174,7.452043902416619,976.9610937481776,433.1638002867713
0.34600000000000025,71.50141143798828,125.66370614359174,7.471708236194459,966.7087183331367,439.2642798437262
0.34700000000000025,71.75493621826172,125.66370614359174,7.4830302385163145,948.149158053736,443.2851316931311
0.34800000000000025,72.0100326538086,125.66370614359174,7.4841266826892685,945.7411754873522,447.14815678319576
0.34900000000000025,72.26687622070312,125.66370614359174,7.482534796060468,961.7106497829681,451.296609306701
0.35000000000000026,72.52591705322266,125.66370614359174,7.486111341070246,996.7426470464629,456.1384130878753
0.35100000000000026,72.7878646850586,125.66370614359174,7.502362378111673,999.6726533434306,462.0323190697182
0.35200000000000026,73.05146789550781,125.66370614359174,7.5164038325510845,968.5299367534026,466.1565845375081
0.35300000000000026,73.31636810302734,125.66370614359174,7.514711258648423,952.5608331438933,469.78624451422877
0.35400000000000026,73.58255767822266,125.66370614359174,7.504828142212285,955.2018215916115,473.4091622084888
0.35500000000000026,73.85032653808594,125.66370614359174,7.495107262389151,978.0938504199551,477.5008537866946
0.35600000000000026,74.12026977539062,125.66370614359174,7.493951877647129,1021.3601785791761,482.5003795675192
0.35700000000000026,74.39322662353516,125.66370614359174,7.509143198133934,1008.226024861675,488.7797728832919
0.35800000000000026,74.66759490966797,125.66370614359174,7.515098643875958,984.8201225399615,492.7311691819741
0.35900000000000026,74.94316101074219,125.66370614359174,7.509130123253831,979.0224378326992,496.37582710021974
0.36000000000000026,75.22006225585938,125.66370614359174,7.499503775434602,993.4433548428184,500.2456333857036
0.36100000000000027,75.4987564086914,125.66370614359174,7.4949161513215765,1028.9246625882615,504.835745000839
0.36200000000000027,75.77997589111328,125.66370614359174,7.503729876720075,1028.1353167482305,510.58364538482897
0.36300000000000027,76.06242370605469,125.66370614359174,7.509203460732131,998.0283161797063,514.3736448229685
0.36400000000000027,76.34571838378906,125.66370614359174,7.4999863599604675,985.3954814496904,517.6318613675556
0.36500000000000027,76.62989807128906,125.66370614359174,7.48453159484053,993.6844826751488,520.9352572180037
0.36600000000000027,76.91533660888672,125.66370614359174,7.472059821189068,1024.3385527873438,524.8417529851187
0.36700000000000027,77.20272827148438,125.66370614359174,7.471696056343419,1077.043907034189,529.8591127296888
0.36800000000000027,77.49303436279297,125.66370614359174,7.491666517333873,1058.2451937366654,536.4078081796852
0.36900000000000027,77.78455352783203,125.66370614359174,7.499401016264563,1043.3683607170333,540.3427305129817
0.3700000000000003,78.07713317871094,125.66370614359174,7.4986956145688906,1047.8548431090476,544.0550299197735
0.3710000000000003,78.37098693847656,125.66370614359174,7.498357620274948,1073.7124899152923,548.1380412681357
0.3720000000000003,78.66667175292969,125.66370614359174,7.507286565640427,1121.077126599119,553.1299718344255
0.3730000000000003,78.96503448486328,125.66370614359174,7.533646724926135,1105.4930900063393,559.4894615438542
0.3740000000000003,79.26451110839844,125.66370614359174,7.5490261373913885,1083.116213203893,563.413120138068
0.3750000000000003,79.56477355957031,125.66370614359174,7.5523939073562465,1079.2666976516632,566.8225667476298
0.3760000000000003,79.8658676147461,125.66370614359174,7.5524905237368865,1096.6616021523866,570.346478333554
0.3770000000000003,80.1682357788086,125.66370614359174,7.558418490908694,1136.0047562099414,574.5762187897509
0.3780000000000003,80.47261047363281,125.66370614359174,7.578775040706798,1120.7248948635988,580.0319161107417
0.3790000000000003,80.77758026123047,125.66370614359174,7.589230747402133,1090.6112261950043,583.2153500682932
0.3800000000000003,81.08268737792969,125.66370614359174,7.585078217473026,1079.6918067205938,585.6858206907214
0.3810000000000003,81.3879165649414,125.66370614359174,7.5755047534898905,1091.2968784724417,588.1306630113122
0.3820000000000003,81.69366455078125,125.66370614359174,7.570296138847301,1126.544282252705,591.2121499297875
0.3830000000000003,82.00065612792969,125.66370614359174,7.578892522255406,1114.309766212326,595.5242868394517
0.3840000000000003,82.30765533447266,125.66370614359174,7.580037976302169,1082.364560306738,597.797233018245
0.3850000000000003,82.61421203613281,125.66370614359174,7.566701564688928,1071.2377025788078,599.3372706927046
0.3860000000000003,82.92034912109375,125.66370614359174,7.548733697724599,1084.4981838947476,600.8896559145286
0.3870000000000003,83.22650146484375,125.66370614359174,7.5366732875255575,1123.2833081951658,603.1772084966467
0.3880000000000003,83.53349304199219,125.66370614359174,7.5406916250181,1117.0568266086136,606.8490733201077
0.3890000000000003,83.84027099609375,125.66370614359174,7.540145511794935,1090.1890025953155,608.7461761708663
0.3900000000000003,84.14644622802734,125.66370614359174,7.527446956309374,1085.2902247203465,610.0092275005437
0.3910000000000003,84.4521255493164,125.66370614359174,7.512820417274496,1105.7506105779294,611.4121479415955
0.3920000000000003,84.75782012939453,125.66370614359174,7.5070741851962115,1152.3740737439539,613.7018346267332
0.3930000000000003,85.064453125,125.66370614359174,7.520442734298521,1149.1780810303069,617.541100681565
0.3940000000000003,85.37104034423828,125.66370614359174,7.529777021523043,1128.542776734489,619.735096798268
0.3950000000000003,85.67724609375,125.66370614359174,7.5288910375312765,1129.6902428847604,621.351622268909
0.3960000000000003,85.98319244384766,125.66370614359174,7.527840048215698,1155.6838579858652,623.1621312366104
0.3970000000000003,86.28942108154297,125.66370614359174,7.537068878751369,1206.954523275611,625.9063240461035
0.3980000000000003,86.59683990478516,125.66370614359174,7.566227700324539,1197.2706163564048,630.231244059239
0.3990000000000003,86.9043960571289,125.66370614359174,7.587526051282502,1177.0991164456304,632.7557701403092
0.4000000000000003,87.21172332763672,125.66370614359174,7.598011113762699,1177.9528789353017,634.6213257437807
0.4010000000000003,87.51887512207031,125.66370614359174,7.607439229219536,1202.734347480421,636.5991156355401
0.4020000000000003,87.82633972167969,125.66370614359174,7.625843705285533,1251.721120857786,639.426856461337
0.4030000000000003,88.13495635986328,125.66370614359174,7.662387456654,1225.9535622299834,643.7455203798298
0.4040000000000003,88.44346618652344,125.66370614359174,7.684212390137725,1200.1314051323495,645.8502413626417
0.4050000000000003,88.75142669677734,125.66370614359174,7.693138600112443,1195.7620427969362,647.1705117935596
0.4060000000000003,89.05886840820312,125.66370614359174,7.699160006068951,1215.7318103163022,648.5164879398034
0.4070000000000003,89.36622619628906,125.66370614359174,7.712511630786707,1260.2594126453848,650.6597588292269
0.4080000000000003,89.67433166503906,125.66370614359174,7.742542280396069,1216.212840417124,654.2683599468605
0.4090000000000003,89.9816665649414,125.66370614359174,7.751344355534975,1186.1647297802283,655.1817887949018
0.4100000000000003,90.287841796875,125.66370614359174,7.746871215523497,1179.9846127399373,655.3520571460238
0.4110000000000003,90.59294128417969,125.66370614359174,7.739996603450063,1200.275643039399,655.6632392058121
0.4120000000000003,90.89751434326172,125.66370614359174,7.741702199263816,1176.6191815734194,656.9421382837098
0.4130000000000003,91.20060729980469,125.66370614359174,7.733384250262552,1127.807237302426,656.4787835945996
0.4140000000000003,91.50159454345703,125.66370614359174,7.705545920495587,1104.3202179589855,654.8390156621954
0.4150000000000003,91.80039978027344,125.66370614359174,7.670100738001267,1111.0407344804669,653.0158425710462
0.4160000000000003,92.09748840332031,125.66370614359174,7.6400497371616485,1149.4895446200705,652.0010427941737
0.4170000000000003,92.393798828125,125.66370614359174,7.628062950169371,1129.1241357126203,652.6920297424135
0.4180000000000003,92.68838500976562,125.66370614359174,7.607817434986019,1104.3949108500292,651.6340284175994
0.4190000000000003,92.9810791015625,125.66370614359174,7.578734914808196,1109.119296274566,650.2066484722533
0.4200000000000003,93.2722396850586,125.66370614359174,7.55380052395088,1146.093521358994,649.4268605689009
0.4210000000000003,93.56273651123047,125.66370614359174,7.546167116627789,1214.6036508682753,650.2429434172799
0.4220000000000003,93.85383605957031,125.66370614359174,7.567528794078705,1194.2849801397604,653.445857097309
0.4230000000000003,94.14443969726562,125.66370614359174,7.5772562569008075,1193.8250702188475,654.5733828370358
0.4240000000000003,94.43460845947266,125.66370614359174,7.5857573532186375,1220.595674953027,655.8008970616738
0.4250000000000003,94.72486114501953,125.66370614359174,7.604498201414656,1275.2371332407326,658.025838990652
0.4260000000000003,95.01612854003906,125.66370614359174,7.6440565782953955,1263.071406797539,662.0254644393209
0.4270000000000003,95.30752563476562,125.66370614359174,7.6743467290753316,1241.045840324127,664.3344341017331
0.4280000000000003,95.59866333007812,125.66370614359174,7.692707251781457,1242.1814112392651,665.9154846331845
0.4290000000000003,95.88963317871094,125.66370614359174,7.709793494352648,1269.5682615329206,667.6671148803822
0.4300000000000003,96.18097686767578,125.66370614359174,7.73645477114445,1258.732426988178,670.4438675935345
0.4310000000000003,96.47195434570312,125.66370614359174,7.756252854313941,1209.8535409464203,671.8156963055997
0.43200000000000033,96.7618408203125,125.66370614359174,7.754228818192877,1184.1988846153545,671.7635646641031
0.43300000000000033,97.05043029785156,125.66370614359174,7.741767259144691,1187.484912114999,671.2938847432123
0.43400000000000033,97.33805084228516,125.66370614359174,7.731528145091964,1221.6709026619435,671.4358288247018
0.43500000000000033,97.62550354003906,125.66370614359174,7.735887038972051,1189.5326378354764,673.1266381447248
0.43600000000000033,97.91167449951172,125.66370614359174,7.726234280736007,1153.8109291278543,672.6387388471644
0.43700000000000033,98.19623565673828,125.66370614359174,7.702555759309954,1148.1205414004605,671.4744709168149
0.43800000000000033,98.47942352294922,125.66370614359174,7.678272384223711,1175.9856375245404,670.7574771863075
0.43900000000000033,98.76202392578125,125.66370614359174,7.667180793286535,1165.16926689201,671.5434347288291
0.44000000000000034,99.04330444335938,125.66370614359174,7.651923671032365,1128.1099812784325,670.9051774915318
0.44100000000000034,99.32294464111328,125.66370614359174,7.622322266915517,1122.1322480704664,669.5653492050408
0.44200000000000034,99.60118103027344,125.66370614359174,7.592374452496232,1151.7306995815527,668.6979731114496
0.44300000000000034,99.87883758544922,125.66370614359174,7.57686387590369,1217.0023298853657,669.4321257179963
0.44400000000000034,100.15718078613281,125.66370614359174,7.58937897648275,1200.323662163335,672.7262793854032
0.44500000000000034,100.43517303466797,125.66370614359174,7.592377015035782,1197.683882575533,673.9387724219929
0.44600000000000034,100.71293640136719,125.66370614359174,7.59361468719312,1226.1605481293377,675.3604414288368
0.44700000000000034,100.99107360839844,125.66370614359174,7.606167051931858,1286.5401480973542,678.0468827847767
0.44800000000000034,101.27066802978516,125.66370614359174,7.642145909198137,1274.0285136991422,682.9007255061313
0.44900000000000034,101.55070495605469,125.66370614359174,7.668516541011782,1257.671283091001,685.7306644729211
0.45000000000000034,101.8309555053711,125.66370614359174,7.685351368623671,1268.2082068052428,688.1175333833603
0.45100000000000035,102.11172485351562,125.66370614359174,7.7045856088847415,1306.9655634980813,691.0934641913891
0.45200000000000035,102.39370727539062,125.66370614359174,7.737486908412862,1286.6572004731845,695.5489437685217
0.45300000000000035,102.67584228515625,125.66370614359174,7.758401451258838,1248.1523029040368,697.8093379409528
0.45400000000000035,102.95761108398438,125.66370614359174,7.761342262497823,1237.4515119660582,699.0176447307992
0.45500000000000035,103.23907470703125,125.66370614359174,7.759234832553978,1259.070070120695,700.3486587679743
0.45600000000000035,103.52084350585938,125.66370614359174,7.765607621045166,1241.0508607318409,702.9267005409862
0.45700000000000035,103.80196380615234,125.66370614359174,7.7634512747136055,1191.5724050131744,703.535160660903
0.45800000000000035,104.08190155029297,125.66370614359174,7.740856071823161,1173.1803317650938,703.0210315319421
0.45900000000000035,104.36076354980469,125.66370614359174,7.712141070472261,1191.527331192945,702.7078186527415
0.46000000000000035,104.63927459716797,125.66370614359174,7.692738765550616,1245.2189289253631,703.8830117068878
0.46100000000000035,104.91859436035156,125.66370614359174,7.6961973161711255,1213.9777231042424,707.5023523409405
0.46200000000000035,105.1974105834961,125.66370614359174,7.684870521806295,1202.757425985441,708.3638268036028
0.46300000000000036,105.47586822509766,125.66370614359174,7.669226652912393,1226.767093875878,709.5239915354896
0.46400000000000036,105.75469970703125,125.66370614359174,7.664030365335312,1278.2528191668712,712.2539054994053
0.46500000000000036,106.03488159179688,125.66370614359174,7.679376530996014,1257.0615807450483,717.0276314337624
0.46600000000000036,106.31525421142578,125.66370614359174,7.682954554875045,1244.9253361406418,719.3843783070498
0.46700000000000036,106.59587860107422,125.66370614359174,7.680395958810056,1265.3489614731861,721.8640495064518
0.46800000000000036,106.87738800048828,125.66370614359174,7.68551899117943,1304.8988148917758,725.706211242821
0.46900000000000036,107.160400390625,125.66370614359174,7.7051105422609965,1283.8504196979254,730.8972552550767
0.47000000000000036,107.4438247680664,125.66370614359174,7.712780098963088,1262.0463760808152,733.7530409525498
0.47100000000000036,107.72755432128906,125.66370614359174,7.709900998954385,1268.4377398954853,736.3981828564492
0.47200000000000036,108.01197052001953,125.66370614359174,7.708818003465784,1290.492515023976,739.8827254272261
0.47300000000000036,108.29741668701172,125.66370614359174,7.71549031169365,1267.3990411911914,744.1023016041211
0.47400000000000037,108.5828857421875,125.66370614359174,7.710705283227462,1233.9898037069245,746.1605529904524
0.47500000000000037,108.86815643310547,125.66370614359174,7.691619040557604,1226.039724961817,747.738822285824
0.47600000000000037,109.1534194946289,125.66370614359174,7.669715938636787,1236.0841791089642,749.7218223913294
0.47700000000000037,109.43892669677734,125.66370614359174,7.652397289415953,1211.8493894642204,752.2740449351817
0.47800000000000037,109.72368621826172,125.66370614359174,7.625087919817885,1171.3974821832514,752.6394040096591
0.47900000000000037,110.00752258300781,125.66370614359174,7.58225449277398,1161.8172035278574,752.5928369644156
0.48000000000000037,110.29080200195312,125.66370614359174,7.537716432606973,1175.246692763615,753.347499620338
0.48100000000000037,110.57395935058594,125.66370614359174,7.500843324186948,1165.1093014998733,755.0710011127181
0.4820000000000004,110.8562240600586,125.66370614359174,7.460891808774952,1133.9730605001087,755.0518490247238
0.4830000000000004,111.13764190673828,125.66370614359174,7.409828814828572,1137.7204419904047,755.1424840388461
0.4840000000000004,111.41891479492188,125.66370614359174,7.36305951430683,1166.9631403634519,756.7755465055111
0.4850000000000004,111.70074462890625,125.66370614359174,7.330597712100558,1178.077757261558,759.9783025915749
0.4860000000000004,111.98255920410156,125.66370614359174,7.3030768976995,1162.904025288141,761.904768743924
0.4870000000000004,112.26457977294922,125.66370614359174,7.269722470261792,1182.2591857433308,764.3424358843122
0.4880000000000004,112.54769897460938,125.66370614359174,7.245726494140926,1224.3707276888745,768.7887117841466
0.4890000000000004,112.83267211914062,125.66370614359174,7.239501904968949,1247.1655009998292,774.9699673605388
0.4900000000000004,113.11886596679688,125.66370614359174,7.240628897641637,1237.432397673648,779.7485901793019
0.4910000000000004,113.40638732910156,125.66370614359174,7.23546465215946,1257.6125701941835,784.7832563202807
0.4920000000000004,113.69596099853516,125.66370614359174,7.237421431824588,1295.465923589297,791.5010576890215
0.4930000000000004,113.98810577392578,125.66370614359174,7.252910247607022,1311.062689842366,799.4542141846231
0.4940000000000004,114.28182983398438,125.66370614359174,7.2707477237054885,1288.2241652772123,805.1654678978816
0.4950000000000004,114.57687377929688,125.66370614359174,7.275175564298734,1291.1966542258733,810.3164039502391
0.4960000000000004,114.87361145019531,125.66370614359174,7.278540493403748,1309.785562580805,816.3615184954609
0.4970000000000004,115.17224884033203,125.66370614359174,7.287251079765913,1340.083559646914,822.9197082603449
0.4980000000000004,115.4731216430664,125.66370614359174,7.305868781263014,1301.9366035976288,830.272342284645
0.4990000000000004,115.77452087402344,125.66370614359174,7.303773071308428,1284.233685998769,833.7139619543998
0.5000000000000003,116.0765380859375,125.66370614359174,7.292704116259305,1282.8969362133553,837.3727088180968
0.5010000000000003,116.37916564941406,125.66370614359174,7.280187035963002,1295.0301422362431,841.0327088275229
0.5020000000000003,116.68257141113281,125.66370614359174,7.272170111299612,1244.3729429562807,845.0965377075794
0.5030000000000003,116.98492431640625,125.66370614359174,7.240934639894881,1213.7642711013036,844.885791227881
0.5040000000000003,117.28639221191406,125.66370614359174,7.198067881938954,1205.306335742654,845.0316412271671
0.5050000000000003,117.58715057373047,125.66370614359174,7.15368996582463,1215.7039180846443,845.5808671367631
0.5060000000000003,117.88762664794922,125.66370614359174,7.116020607382314,1172.2401922094964,847.1165265719536
0.5070000000000003,118.18624877929688,125.66370614359174,7.060320957491331,1149.7659013445336,844.9459993172756
0.5080000000000003,118.4836196899414,125.66370614359174,6.998334765306555,1155.0894310604126,844.1672853544515
0.5090000000000003,118.78040313720703,125.66370614359174,6.9422098096656875,1183.0626117722916,844.9310294149814
0.5100000000000003,119.07747650146484,125.66370614359174,6.9013324486665,1162.5088379827744,847.7866529809567
0.5110000000000003,119.37362670898438,125.66370614359174,6.851685256257385,1162.0007671183073,847.7425094651842
0.5120000000000003,119.66986083984375,125.66370614359174,6.8045224392337875,1189.1717405887446,850.0994772155798
0.5130000000000003,119.96714782714844,125.66370614359174,6.7714089463104985,1236.9531949670247,854.7985467202303
0.5140000000000003,120.26654052734375,125.66370614359174,6.760215350552414,1233.7013236556668,862.0486782048704
0.5150000000000003,120.56676483154297,125.66370614359174,6.7444953863142585,1246.599439285795,866.2702538400728
0.5160000000000003,120.8687744140625,125.66370614359174,6.733953787798716,1280.936207427634,872.7867640073234
0.5170000000000003,121.17330932617188,125.66370614359174,6.7371829810570665,1329.336321986563,881.1683976812724
0.5180000000000003,121.48103332519531,125.66370614359174,6.759067373941803,1319.5551451027336,891.2199474328413
0.5190000000000003,121.79009246826172,125.66370614359174,6.770270789206166,1321.3999274952987,896.7883587569748
0.5200000000000004,122.10089874267578,125.66370614359174,6.77927154577421,1338.1871834706467,903.4110528331312
0.5210000000000004,122.41362762451172,125.66370614359174,6.792642475433988,1364.2427730889742,910.4762262621126
0.5220000000000004,122.72832489013672,125.66370614359174,6.8142291800265005,1328.494991751515,917.697038684239
0.5230000000000004,123.04244232177734,125.66370614359174,6.814789579724557,1302.795115307445,918.6928173246647
0.5240000000000004,123.35599517822266,125.66370614359174,6.803026834332575,1291.9225226633353,919.6963150064432
0.5250000000000004,123.66881561279297,125.66370614359174,6.786548584902445,1292.366911869239,920.2789639702103
0.5260000000000004,123.98075866699219,125.66370614359174,6.771088997208678,1236.008400221931,920.4797684041403
0.5270000000000004,124.2891616821289,125.66370614359174,6.730318926413954,1192.819581741764,914.0317096658058
0.5280000000000004,124.59431457519531,125.66370614359174,6.67433291810627,1171.7306291893528,908.2239260553756
0.5290000000000004,124.89644622802734,125.66370614359174,6.61391493048667,1169.4943022866146,902.9401057045603
0.5300000000000004,125.19596099853516,125.66370614359174,6.557961616318026,1120.4323048438089,898.6126322757777
0.5310000000000004,125.49077606201172,125.66370614359174,6.483211160826539,1089.2337576025423,888.9811967499511
0.5320000000000004,125.78204345703125,125.66370614359174,6.401402330727654,1087.459402548627,882.1908785772436
0.5330000000000004,126.07083892822266,125.66370614359174,6.325832902651988,1109.6483702571852,878.0279615823663
0.5340000000000004,126.35834503173828,125.66370614359174,6.266972614819898,1090.1512242968931,876.8343940879992
0.5350000000000004,126.64305877685547,125.66370614359174,6.201525055191707,1089.953445006607,871.7832784888116
0.5360000000000004,126.92678833007812,125.66370614359174,6.1419038113023054,1118.416576890515,871.2916044884859
0.5370000000000004,127.2109603881836,125.66370614359174,6.100206062452348,1167.574925610073,874.4241857826032
0.5380000000000004,127.49686431884766,125.66370614359174,6.084541100525551,1169.6485301565792,880.8725475949269
0.5390000000000004,127.78273010253906,125.66370614359174,6.067170144156467,1187.4291305141205,882.7875412682639
0.5400000000000004,128.07005310058594,125.66370614359174,6.059344097386242,1224.4852057045503,888.5670810209048
0.5410000000000004,128.35960388183594,125.66370614359174,6.068412567049395,1244.611710621339,896.3675345031595
0.5420000000000004,128.64833068847656,125.66370614359174,6.083261989111537,1223.5064049315565,896.2813874199462
0.5430000000000004,128.93618774414062,125.66370614359174,6.086518897541688,1224.065089140485,896.1366277698091
0.5440000000000004,129.2239990234375,125.66370614359174,6.090220273990737,1238.2573978097078,898.0630754485303
0.5450000000000004,129.51174926757812,125.66370614359174,6.100289356783017,1231.1680871068897,899.9588031758478
0.5460000000000004,129.79544067382812,125.66370614359174,6.105551480054612,1181.5909337437652,891.4334167714617
0.5470000000000004,130.0746307373047,125.66370614359174,6.089362054095157,1152.8300701673409,881.7268473955669
0.5480000000000004,130.34994506835938,125.66370614359174,6.064288335051784,1138.9583273451735,873.5248653515579
0.5490000000000004,130.62123107910156,125.66370614359174,6.0377790858989515,1135.96412138267,864.8681663054986
0.5500000000000004,130.88829040527344,125.66370614359174,6.015859083211142,1078.6448510031003,855.63119760139
0.5510000000000004,131.14781188964844,125.66370614359174,5.970138816577072,1035.7804537369786,837.5947019573168
0.5520000000000004,131.40086364746094,125.66370614359174,5.913521008889568,1013.0603905859224,822.2645211350206
0.5530000000000004,131.6477508544922,125.66370614359174,5.855751348975919,1006.2966066104376,807.644801126688
0.5540000000000004,131.8888702392578,125.66370614359174,5.805090635374665,952.6243637646868,793.9723949158124
0.5550000000000004,132.12152099609375,125.66370614359174,5.735225745680166,916.4668398119504,773.02222933706
0.5560000000000004,132.34767150878906,125.66370614359174,5.660116575931815,906.053190046522,757.1993805775617
0.5570000000000004,132.56834411621094,125.66370614359174,5.591406126968343,914.9959804073382,743.9603854016937
0.5580000000000004,132.7845458984375,125.66370614359174,5.538426028007208,881.4952241541455,733.3475084893001
0.5590000000000004,132.99398803710938,125.66370614359174,5.474868567417513,865.6702653113113,716.567367074922
0.5600000000000004,133.1991424560547,125.66370614359174,5.414923274692122,875.4170803993819,706.3061300781264
0.5610000000000004,133.40110778808594,125.66370614359174,5.369536651687109,902.0972437544734,698.918207014978
0.5620000000000004,133.60076904296875,125.66370614359174,5.346536247267724,883.627564006425,693.7985898150492
0.5630000000000004,133.7953643798828,125.66370614359174,5.316807721842457,878.9617864757306,681.3328988748711
0.5640000000000004,133.98696899414062,125.66370614359174,5.293502696527358,893.6430846409769,674.3359568346237
0.5650000000000004,134.17588806152344,125.66370614359174,5.284529287971404,918.685894192489,668.1028406383164
0.5660000000000004,134.36203002929688,125.66370614359174,5.29496750997686,891.8264987799389,661.6321616194953
0.5670000000000004,134.54165649414062,125.66370614359174,5.292841432218995,873.7179393060287,644.9951713244519
0.5680000000000004,134.7160186767578,125.66370614359174,5.29018305129581,869.0767501197255,631.7047766257406
0.5690000000000004,134.88450622558594,125.66370614359174,5.293120201986176,870.3344438350391,616.662289056056
0.5700000000000004,135.0462646484375,125.66370614359174,5.305982915986356,816.8194991869968,599.2662785582453
0.5710000000000004,135.19699096679688,125.66370614359174,5.2971136455831545,770.0314979174578,570.1414283037866
0.5720000000000004,135.33790588378906,125.66370614359174,5.278229370074203,738.0950576068262,544.1835583416454
0.5730000000000004,135.46836853027344,125.66370614359174,5.2570164686260785,714.2274861116698,516.4563587844135
0.5740000000000004,135.587890625,125.66370614359174,5.2395219515123035,639.9137042219014,487.2279190223931
0.5750000000000004,135.69235229492188,125.66370614359174,5.196321469818129,572.390472380982,446.78824068555883
0.5760000000000004,135.7838897705078,125.66370614359174,5.13844051451466,529.5135617142527,412.0073176814208
0.5770000000000004,135.86358642578125,125.66370614359174,5.078151185851399,504.66421364269735,380.10501643481143
0.5780000000000004,135.9322052001953,125.66370614359174,5.0249786028324746,439.505100353514,350.17176030386753
0.5790000000000004,135.98626708984375,125.66370614359174,4.952387605084593,380.72027205288333,310.76548249550603
0.5800000000000004,136.02931213378906,125.66370614359174,4.870054089548934,355.7055299274294,280.8916056843078
0.5810000000000004,136.06417846679688,125.66370614359174,4.79400082190098,357.45920357376275,258.70715408667957
0.5820000000000004,136.09243774414062,125.66370614359174,4.736820704833407,325.5204013631899,240.7804008846106
0.5830000000000004,136.1103973388672,125.66370614359174,4.672826091531999,294.1087365013116,212.77746801852007
0.5840000000000004,136.12181091308594,125.66370614359174,4.6091320906653594,297.0994147174938,195.01095192765055
0.5850000000000004,136.13006591796875,125.66370614359174,4.562529790314746,328.3600841161615,186.38322030455126
0.5860000000000004,136.13604736328125,125.66370614359174,4.5458296425070674,321.86148176858626,180.21202754638068
0.5870000000000004,136.1341552734375,125.66370614359174,4.529646470739724,304.4243411810199,158.8010974439903
0.5880000000000004,136.12701416015625,125.66370614359174,4.51720171021517,314.1364727360387,144.46034477147018
0.5890000000000004,136.11717224121094,125.66370614359174,4.522550255954427,347.1607977665465,137.13552746196743
0.5900000000000004,136.10430908203125,125.66370614359174,4.556024479708625,334.03936375691086,128.88543284304697
0.5910000000000004,136.0803985595703,125.66370614359174,4.5843614599212,298.01567808373295,98.7594414562546
0.5920000000000004,136.046875,125.66370614359174,4.607005857620438,281.6232445701384,72.60051339747773
0.5930000000000004,136.00543212890625,125.66370614359174,4.6351684862656235,284.47981488565097,51.05696486941066
0.5940000000000004,135.95596313476562,125.66370614359174,4.678551729116073,243.49677802921676,29.175437841110586
0.5950000000000004,135.88938903808594,125.66370614359174,4.707431886170276,171.66878802469972,-17.345326920609327
0.5960000000000004,135.8076171875,125.66370614359174,4.717369662637475,120.34781169212545,-58.610312362053534
0.5970000000000004,135.71322631835938,125.66370614359174,4.719797496422761,93.2034957149306,-92.86271047327327
0.5980000000000004,135.6077880859375,125.66370614359174,4.7268427652110505,39.36405885765339,-122.71659843183089
0.5990000000000004,135.48313903808594,125.66370614359174,4.718809912068099,-49.90119698034122,-174.72720610798734
0.6000000000000004,135.34303283691406,125.66370614359174,4.685547549039234,-110.12666609309741,-216.4022361921261
0.6010000000000004,135.1919403076172,125.66370614359174,4.6407261136756075,-135.94868641632425,-245.91218193650246
0.6020000000000004,135.0335235595703,125.66370614359174,4.600140292811591,-130.4237186222033,-265.37683523623
0.6030000000000004,134.86883544921875,125.66370614359174,4.578585865972979,-184.64133539317433,-282.0558204089398
0.6040000000000004,134.69351196289062,125.66370614359174,4.5324280955073455,-223.8918898727737,-310.3631034078378
0.6050000000000004,134.51235961914062,125.66370614359174,4.480239155989338,-226.37720526286304,-325.6319747083515
0.6060000000000004,134.32952880859375,125.66370614359174,4.439278491273811,-193.0662760416791,-329.7872736492289
0.6070000000000004,134.14564514160156,125.66370614359174,4.426999750248602,-215.20958949477446,-332.17857876967815
0.6080000000000004,133.95533752441406,125.66370614359174,4.401162066692627,-232.45597100270282,-348.9172974585427
0.6090000000000004,133.76260375976562,125.66370614359174,4.376143893989955,-217.12610345594115,-354.97871990107643
0.6100000000000004,133.57069396972656,125.66370614359174,4.368078415947501,-169.87468007313555,-352.31451589998795
0.6110000000000004,133.37925720214844,125.66370614359174,4.392964320751185,-180.49032627319386,-350.53962213976615
0.6120000000000004,133.18121337890625,125.66370614359174,4.407307960749775,-197.2308597618628,-367.7230294684509
0.6130000000000004,132.97935485839844,125.66370614359174,4.421195598754554,-188.14133366510626,-377.3061031536233
0.6140000000000004,132.77597045898438,125.66370614359174,4.447890541062969,-153.65738107692468,-380.82227363531103
0.6150000000000004,132.57040405273438,125.66370614359174,4.5002641092751645,-178.34625980517333,-386.0775110217656
0.6160000000000004,132.35450744628906,125.66370614359174,4.535874908047882,-216.72105946166522,-412.800841137108
0.6170000000000004,132.1310272216797,125.66370614359174,4.5610677213148145,-231.92421567951277,-432.20306202822565
0.6180000000000004,131.90248107910156,125.66370614359174,4.587697074257078,-222.11706906398948,-444.8696084051955
0.6190000000000004,131.66905212402344,125.66370614359174,4.628403105622841,-264.65942489280627,-457.02540111831837
0.6200000000000004,131.42308044433594,125.66370614359174,4.646555244870538,-323.97064081904495,-489.13386887773
0.6210000000000004,131.16847229003906,125.66370614359174,4.644726948287766,-355.814142031383,-510.8849832101034
0.6220000000000004,130.90911865234375,125.66370614359174,4.635840714201956,-355.9159406267524,-522.3972997186175
0.6230000000000004,130.6466064453125,125.66370614359174,4.63518519543281,-393.7629597883759,-529.6189059698672
0.6240000000000004,130.37454223632812,125.66370614359174,4.614269670940152,-449.76078238900385,-553.4553606489087
0.6250000000000004,130.09815979003906,125.66370614359174,4.571720912180859,-471.2150234669307,-563.6209418686321
0.6260000000000004,129.82244873046875,125.66370614359174,4.522941072362165,-453.2774750358245,-560.7173981520702
0.6270000000000004,129.54983520507812,125.66370614359174,4.486819919029638,-460.1053074634346,-551.5480082166579
0.6280000000000004,129.2743377685547,125.66370614359174,4.441142235073447,-488.4426362144026,-557.8961192391631
0.6290000000000004,129.00132751464844,125.66370614359174,4.381471288658536,-479.6018002697284,-550.3619814149669
0.6300000000000004,128.7356414794922,125.66370614359174,4.325305375985503,-430.54185156837735,-530.4090016209573
0.6310000000000004,128.479248046875,125.66370614359174,4.293145599361744,-357.9582347091639,-505.5393710155806
0.6320000000000005,128.2316436767578,125.66370614359174,4.297998670890245,-360.5690805857232,-482.0658026069858
0.6330000000000005,127.98838806152344,125.66370614359174,4.282875116592842,-337.541241424699,-470.07739209297307
0.6340000000000005,127.75264739990234,125.66370614359174,4.2770821620094015,-284.10296111285,-450.0522655259177
0.6350000000000005,127.525146484375,125.66370614359174,4.296738214630565,-260.968220711991,-428.2781116471407
0.6360000000000005,127.29684448242188,125.66370614359174,4.315827762797254,-273.50626647508915,-429.60270148632213
0.6370000000000005,127.07080078125,125.66370614359174,4.325707540146295,-261.7497257829634,-423.1387673360957
0.6380000000000005,126.84984588623047,125.66370614359174,4.339192791874584,-223.87697541792215,-409.5254246605098
0.6390000000000005,126.63475036621094,125.66370614359174,4.369923929492542,-216.60775932760072,-394.04128769276156
0.6400000000000005,126.41609191894531,125.66370614359174,4.392894576029673,-248.02625206665167,-402.42582578012906
0.6410000000000005,126.19719696044922,125.66370614359174,4.397865232306936,-255.40425755848943,-402.3396436451225
0.6420000000000005,125.98152160644531,125.66370614359174,4.397255988166239,-235.1305736316941,-393.598153687993
0.6430000000000005,125.77070617675781,125.66370614359174,4.405166137588292,-196.01488378086617,-380.74110094310385
0.6440000000000005,125.56393432617188,125.66370614359174,4.431677160589707,-233.20928449997132,-370.01928765989817
0.6450000000000005,125.35579681396484,125.66370614359174,4.422531510833582,-253.50046468092998,-372.8482093506684
0.6460000000000005,125.15038299560547,125.66370614359174,4.401234467730828,-243.36865194119963,-365.4738431180332
0.6470000000000005,124.95020294189453,125.66370614359174,4.383019729964781,-210.49216548155042,-351.84173253294483
0.6480000000000005,124.75536346435547,125.66370614359174,4.379711989726805,-245.06175915869204,-338.0227972222973
0.6490000000000005,124.56110382080078,125.66370614359174,4.341664086438882,-262.2194286990722,-336.05692323376127
0.6500000000000005,124.37237548828125,125.66370614359174,4.2911992037404385,-244.243969122461,-321.8464183346032
0.6510000000000005,124.19244384765625,125.66370614359174,4.245708965620286,-199.4905661187486,-299.56108634748676
0.6520000000000005,124.02208709716797,125.66370614359174,4.219042990994916,-212.90958432646255,-275.4279525373276
0.6530000000000005,123.85672760009766,125.66370614359174,4.165206390866659,-210.51561227293487,-262.73026047545795
0.6540000000000005,123.70145416259766,125.66370614359174,4.105808633110725,-171.7122996645351,-237.45637744041323
0.6550000000000005,123.55964660644531,125.66370614359174,4.059503428057089,-105.79164429097452,-203.963614851015
0.6560000000000005,123.43190002441406,125.66370614359174,4.040643804858938,-94.8381664590037,-169.05296069184925
0.6570000000000005,123.31271362304688,125.66370614359174,4.003318785400708,-73.03088317822623,-147.7991656319022
0.6580000000000005,123.2064437866211,125.66370614359174,3.9684526478604303,-19.117947795319687,-115.85045407341987
0.6590000000000005,123.11595916748047,125.66370614359174,3.953152247302985,58.186604806602396,-76.94883040653596
0.6600000000000005,123.04100036621094,125.66370614359174,3.9694613586058023,76.44879688828908,-38.69512692157862
0.6610000000000005,122.97442626953125,125.66370614359174,3.9680954237863237,99.49349667175818,-18.05896711840489
0.6620000000000005,122.9195327758789,125.66370614359174,3.9690533896161444,148.263470733735,10.632993682812652
0.6630000000000005,122.87872314453125,125.66370614359174,3.986361260789025,181.39881162040274,45.249411532770154
0.6640000000000005,122.84075164794922,125.66370614359174,4.00086760323353,168.19697234999535,52.19183425252018
0.6650000000000005,122.80847930908203,125.66370614359174,3.9986547480715178,177.7377722456893,66.18156703282112
0.6660000000000005,122.785400390625,125.66370614359174,3.993216351605925,213.52616702954654,88.71267831153769
0.6670000000000005,122.77466583251953,125.66370614359174,3.9988945844090775,237.34838685683914,119.02782439725631
0.6680000000000005,122.76496124267578,125.66370614359174,3.9987165504813866,215.0226635147099,121.5561256542729
0.6690000000000005,122.759521484375,125.66370614359174,3.978783387281435,217.65917309636683,132.0081184793273
0.6700000000000005,122.76237487792969,125.66370614359174,3.9536828582203936,249.6118196688911,152.3710677216832
0.6710000000000005,122.77755737304688,125.66370614359174,3.9393671337063356,307.4432589982347,182.66668331688416
0.6720000000000005,122.80558776855469,125.66370614359174,3.947896271788902,311.9849066006879,214.27971258876644
0.6730000000000005,122.83797454833984,125.66370614359174,3.933605335616344,316.7587912663475,225.02649430420857
0.6740000000000005,122.87840270996094,125.66370614359174,3.9153172559217757,349.56475258079365,244.87304625102473
0.6750000000000005,122.9307632446289,125.66370614359174,3.9087032650760674,373.8394990278633,274.3211750224054
0.6760000000000005,122.98397827148438,125.66370614359174,3.8976381567553298,354.32297721916353,276.55984419909186
0.6770000000000005,123.04132080078125,125.66370614359174,3.8693657637435597,360.96758990286156,286.85203325790224
0.6780000000000005,123.10701751708984,125.66370614359174,3.8395391424264202,398.17446872021907,307.57791068051336
0.6790000000000005,123.1854248046875,125.66370614359174,3.825037490136486,429.7524502605536,339.1010280142184
0.6800000000000005,123.26586151123047,125.66370614359174,3.8103388714318847,418.95162624363115,344.34378843105816
0.6810000000000005,123.35163879394531,125.66370614359174,3.7830288396357266,434.80672515048695,357.7746178098583
0.6820000000000005,123.44698333740234,125.66370614359174,3.759244521083558,481.1812111035295,381.6966409452411
0.6830000000000005,123.55622863769531,125.66370614359174,3.7559252479620793,519.9415036853745,416.3836906330512
0.6840000000000005,123.6685791015625,125.66370614359174,3.754941550534832,516.9105069307269,424.4735094856499
0.6850000000000005,123.78683471679688,125.66370614359174,3.744704810248847,538.082408864193,439.5315720991846
0.6860000000000005,123.91470336914062,125.66370614359174,3.7404054834575904,586.9487355278607,463.816130619853
0.6870000000000005,124.05597686767578,125.66370614359174,3.757495989134836,622.691482574328,497.62820831791305
0.6880000000000005,124.19940948486328,125.66370614359174,3.7741081325855346,616.5571723991326,503.59117350153514
0.6890000000000005,124.34703063964844,125.66370614359174,3.779675481525799,631.0286689061234,514.6314556426158
0.6900000000000005,124.50186157226562,125.66370614359174,3.7879787090271226,669.9878252650586,533.2770103802495
0.6910000000000005,124.66720581054688,125.66370614359174,3.8130488333108885,692.2407800890805,560.1993103211279
0.6920000000000005,124.83151245117188,125.66370614359174,3.8322103627479307,672.3215253873449,558.3942666981281
0.6930000000000005,124.99637603759766,125.66370614359174,3.8352763908705927,671.343180981844,560.5499895581313
0.6940000000000005,125.16461181640625,125.66370614359174,3.835645462600397,694.1897220368417,569.7674053332227
0.6950000000000005,125.33951568603516,125.66370614359174,3.847413503738825,702.8516846809005,587.3264588034206
0.6960000000000005,125.5098876953125,125.66370614359174,3.851104783531879,669.1889694142969,576.7682423325673
0.6970000000000005,125.67752838134766,125.66370614359174,3.8354607730918864,656.01011779938,570.7024390934606
0.6980000000000005,125.84566497802734,125.66370614359174,3.8146664772735766,669.026127294254,572.7653194637226
0.6990000000000005,126.01821899414062,125.66370614359174,3.8040864031892307,675.0574832527155,584.697426752106
0.7000000000000005,126.18476104736328,125.66370614359174,3.788986814674581,638.6195691845115,570.3488820748048
0.7010000000000005,126.34770202636719,125.66370614359174,3.7559719782916727,625.4843131957857,562.003553870795
0.7020000000000005,126.51090240478516,125.66370614359174,3.7203513032438145,641.3628982896728,563.4204860986649
0.7030000000000005,126.67889404296875,125.66370614359174,3.6987945716954362,687.2151431598066,576.3387172017989
0.7040000000000005,126.85606384277344,125.66370614359174,3.7067461025564152,696.2508319859928,600.4672315165617
0.7050000000000005,127.03130340576172,125.66370614359174,3.700323267474502,691.1119198960951,596.4231303893063
0.7060000000000005,127.20751190185547,125.66370614359174,3.6933536611265123,710.0332803886174,599.7426483678414
0.7070000000000005,127.38825988769531,125.66370614359174,3.70030397212086,753.9472330943959,612.1862117919964
0.7080000000000005,127.57691192626953,125.66370614359174,3.734016086742026,755.04554202968,633.3205963613274
0.7090000000000005,127.76136779785156,125.66370614359174,3.7482157842140027,738.4961942483739,623.541270747798
0.7100000000000005,127.9434814453125,125.66370614359174,3.7559326726717477,741.1908543461728,618.459313427341
0.7110000000000005,128.1259307861328,125.66370614359174,3.769892664096276,765.0578939379064,620.2441803740171
0.7120000000000005,128.31143188476562,125.66370614359174,3.8017874779529706,745.6153805061832,629.0092651684567
0.7130000000000005,128.4874725341797,125.66370614359174,3.8087314321774564,705.586188230661,605.5808556576815
0.7140000000000005,128.65570068359375,125.66370614359174,3.8013831841564834,684.3616642111485,586.3423954919907
0.7150000000000005,128.8189697265625,125.66370614359174,3.7926947792626984,685.498841642193,574.3180892566842
0.7160000000000005,128.98043823242188,125.66370614359174,3.795500700345868,652.9633589508448,570.441460997095
0.7170000000000005,129.1283416748047,125.66370614359174,3.775083844350529,597.2706885365144,536.05592395475
0.7180000000000005,129.26522827148438,125.66370614359174,3.737403018481428,564.1975818845967,508.1969574789739
0.7190000000000005,129.39505004882812,125.66370614359174,3.696661807722341,558.5530670715369,490.4759423097681
0.7200000000000005,129.52224731445312,125.66370614359174,3.6679512762476203,533.9547129464571,484.1349715366566
0.7210000000000005,129.63624572753906,125.66370614359174,3.6252181840282947,482.9879751513155,450.4050425185164
0.7220000000000005,129.74085998535156,125.66370614359174,3.5687481786022195,459.5131973014565,426.4257715627373
0.7230000000000005,129.84109497070312,125.66370614359174,3.5146369957604495,467.5079455933373,415.38613518564574
0.7240000000000005,129.94216918945312,125.66370614359174,3.479853793317191,466.4033826295459,417.93487124857495
0.7250000000000005,130.03407287597656,125.66370614359174,3.4429563708933957,434.41813968479795,394.4128522530458
0.7260000000000005,130.12081909179688,125.66370614359174,3.3996265771191556,429.71630354244866,381.2314240207288
0.7270000000000005,130.20724487304688,125.66370614359174,3.366011753780256,455.0724083993203,380.6786021810924
0.7280000000000005,130.298095703125,125.66370614359174,3.358539001228179,471.12667273496254,392.50159191093604
0.7290000000000005,130.382568359375,125.66370614359174,3.3548007959228205,450.45166662052185,376.13630138972474
0.7300000000000005,130.46360778808594,125.66370614359174,3.3471887875247472,451.7267039250261,367.4409229390538
0.7310000000000005,130.54486083984375,125.66370614359174,3.349550217613764,477.337848354672,368.2297732944883
0.7320000000000005,130.62974548339844,125.66370614359174,3.375539576126539,488.97692158306603,377.9876797940762
0.7330000000000005,130.70616149902344,125.66370614359174,3.4017604553672487,457.6287141686699,356.0642797154928
0.7340000000000005,130.77584838867188,125.66370614359174,3.4176658892020226,442.645172077406,338.7133754889119
0.7350000000000005,130.8414764404297,125.66370614359174,3.434926588669184,447.5814775860956,328.2432027971466
0.7360000000000005,130.90573120117188,125.66370614359174,3.465579865054929,440.217919425663,324.8196898411009
0.7370000000000005,130.95608520507812,125.66370614359174,3.4918758412266833,384.2072373201981,288.55377594695483
0.7380000000000005,130.9943084716797,125.66370614359174,3.498526193062134,344.06170643306274,256.84650316348416
0.7390000000000005,131.0233917236328,125.66370614359174,3.4969618377154967,325.2478995633424,232.98721761701748
0.7400000000000005,131.04676818847656,125.66370614359174,3.499967451776236,329.10780464516864,218.06040614904987
0.7410000000000005,131.06747436523438,125.66370614359174,3.519910178148322,301.72133615359706,211.11339431459294
0.7420000000000005,131.07345581054688,125.66370614359174,3.521276874723735,248.69925889868773,172.53597976496883
0.7430000000000005,131.0680389404297,125.66370614359174,3.5091755203044555,218.05324342195783,142.6304082608107
0.7440000000000005,131.0552215576172,125.66370614359174,3.4967140322567825,212.53995231720774,123.2345070100084
0.7450000000000006,131.03878784179688,125.66370614359174,3.4973938766739217,187.5959211763055,113.71605156728518
0.7460000000000006,131.00746154785156,125.66370614359174,3.484991051859045,131.83673361215156,74.68844521482328
0.7470000000000006,130.96543884277344,125.66370614359174,3.457408694010428,101.66103665128037,46.61107958235126
0.7480000000000006,130.9175262451172,125.66370614359174,3.4287484887874453,100.13888018744957,31.214138577268653
0.7490000000000006,130.86827087402344,125.66370614359174,3.4141312862086237,91.15308563292186,27.616474344222226
0.7500000000000006,130.8069610595703,125.66370614359174,3.395678395189456,45.461311892583495,-3.8894734231966326
0.7510000000000006,130.7382354736328,125.66370614359174,3.36434418267724,26.986371950615208,-23.30756718226577
0.7520000000000006,130.6671600341797,125.66370614359174,3.3350223963647427,38.351124124702224,-29.476964644132376
0.7530000000000006,130.5982208251953,125.66370614359174,3.323800354443636,77.44275097943331,-23.866656669507176
0.7540000000000006,130.53456115722656,125.66370614359174,3.345439422094704,80.27843726282813,-10.071317883611082
0.7550000000000006,130.46481323242188,125.66370614359174,3.35493718818172,67.15245574163343,-26.00172285143591
0.7560000000000006,130.3923797607422,125.66370614359174,3.3665525969468173,77.0447173308134,-32.96331282384647
0.7570000000000006,130.3203582763672,125.66370614359174,3.3935767367035337,108.50424905230983,-31.932593483119476
0.7580000000000006,130.2505645751953,125.66370614359174,3.447703220909829,98.26633717361878,-26.064291726931135
0.7590000000000006,130.17059326171875,125.66370614359174,3.4836603704670375,66.45496523010796,-52.60596952071619
0.7600000000000006,130.08314514160156,125.66370614359174,3.5124835315485137,53.76641399219196,-72.05263123168274
0.7610000000000006,129.99093627929688,125.66370614359174,3.545667945425795,60.58791132287667,-84.35322951561324
0.7620000000000006,129.8959503173828,125.66370614359174,3.5940499572303857,29.522842564995287,-91.5506467179964
0.7630000000000006,129.78616333007812,125.66370614359174,3.619372303232274,-26.3600534513236,-129.87739053667946
0.7640000000000006,129.66517639160156,125.66370614359174,3.6273781608816353,-60.43559959664201,-158.85663141555995
0.7650000000000006,129.5369110107422,125.66370614359174,3.6301294272411067,-70.4292769673924,-177.56248462223272
0.7660000000000006,129.40481567382812,125.66370614359174,3.640200087646403,-102.98595918461963,-187.35776955599545
0.7670000000000006,129.2583770751953,125.66370614359174,3.6310175835662264,-163.57487648263634,-224.21421562690693
0.7680000000000006,129.102783203125,125.66370614359174,3.6007764960574433,-195.67929506667224,-247.5953943662763
0.7690000000000006,128.9435577392578,125.66370614359174,3.56361213114747,-196.62438927848274,-256.73217644545605
0.7700000000000006,128.78550720214844,125.66370614359174,3.5351422407961053,-203.0861521723677,-253.39126796808435
0.7710000000000006,128.61917114257812,125.66370614359174,3.4994751705257676,-242.69236605506669,-274.4028063915294
0.7720000000000006,128.45045471191406,125.66370614359174,3.447826262056113,-249.83590483458772,-280.2042850324463
0.7730000000000006,128.2852020263672,125.66370614359174,3.3966972717430566,-223.0137353080529,-270.9804188096643
0.7740000000000006,128.12823486328125,125.66370614359174,3.3642881876871455,-165.692871073429,-249.4698540988752
0.7750000000000006,127.98255920410156,125.66370614359174,3.3677093129940507,-144.60939520100567,-220.2974526369322
0.7760000000000006,127.83792877197266,125.66370614359174,3.3621369836074764,-134.38374001688032,-217.40737918063408
0.7770000000000006,127.69810485839844,125.66370614359174,3.3640110866155606,-98.69155403933308,-204.91823452005772
0.7780000000000006,127.56595611572266,125.66370614359174,3.388136471879491,-73.80919325664246,-185.15499363184716
0.7790000000000006,127.42945861816406,125.66370614359174,3.415152314601875,-94.40472927328885,-196.06767128616653
0.7800000000000006,127.2918472290039,125.66370614359174,3.431561775060462,-94.11310192457107,-198.70593924808978
0.7810000000000006,127.15644836425781,125.66370614359174,3.4498959571577075,-71.24339320953203,-192.89176196558702
0.7820000000000006,127.0258560180664,125.66370614359174,3.4831728788075784,-28.29861749543669,-180.51736582873758
0.7830000000000006,126.90132904052734,125.66370614359174,3.542603750792918,-32.6695477117404,-164.97269163917713
0.7840000000000006,126.77082061767578,125.66370614359174,3.5800818699870454,-55.270593061541696,-179.99527334227278
0.7850000000000006,126.63716888427734,125.66370614359174,3.6084742380026977,-58.47220686047588,-187.78873480158245
0.7860000000000006,126.50309753417969,125.66370614359174,3.639263108182441,-42.33907983422252,-188.6749381021395
0.7870000000000006,126.3704833984375,125.66370614359174,3.6831971822270657,-69.24816753409516,-184.82758989277895
0.7880000000000006,126.22795104980469,125.66370614359174,3.6986422268067685,-114.94490744786096,-209.6642089792897
0.7890000000000006,126.07952880859375,125.66370614359174,3.69492375203039,-137.00658660677095,-224.3121755921943
0.7900000000000006,125.92943572998047,125.66370614359174,3.684745444296604,-133.73207632408457,-228.2907416334994
0.7910000000000006,125.78125762939453,125.66370614359174,3.681264030672721,-157.8383982257165,-223.21925761395434
0.7920000000000006,125.62506866455078,125.66370614359174,3.653471495294284,-202.10647453330438,-243.08891370282726
0.7930000000000006,125.46643829345703,125.66370614359174,3.6050795274785377,-215.57292789895706,-248.95495071936958
0.7940000000000006,125.31103515625,125.66370614359174,3.5515504017893433,-196.5401280840073,-240.56427332022108
0.7950000000000006,125.16375732421875,125.66370614359174,3.5096496309483585,-189.9602954022097,-219.99324227928443
0.7960000000000006,125.0152816772461,125.66370614359174,3.4565372526115885,-207.46059752943776,-222.7446490730873
0.7970000000000006,124.87154388427734,125.66370614359174,3.39155744173986,-191.32542628866196,-210.68696312569037
0.7980000000000006,124.73827362060547,125.66370614359174,3.3328030018337254,-141.32890278823032,-184.38016168934303
0.7990000000000006,124.62005615234375,125.66370614359174,3.299387651446132,-101.79889117193969,-146.7033174776896
0.8000000000000006,124.50660705566406,125.66370614359174,3.2677820774858635,-91.57338563592336,-134.73684316491537
0.8010000000000006,124.40260314941406,125.66370614359174,3.2361171338337416,-52.459708909075424,-111.11768612476303
0.8020000000000006,124.31238555908203,125.66370614359174,3.221647267643023,14.585341657209925,-76.80593544413567
0.8030000000000006,124.23902893066406,125.66370614359174,3.2408711341103875,60.366676769963945,-34.85971513194608
0.8040000000000006,124.17041015625,125.66370614359174,3.260937473833453,72.97111943265352,-23.100810282481632
0.8050000000000006,124.10945129394531,125.66370614359174,3.2809575212258992,106.21870549202025,-4.094067844961074
0.8060000000000006,124.05892944335938,125.66370614359174,3.3139956162492235,159.78471948181746,21.800510574995467
0.8070000000000006,124.0207290649414,125.66370614359174,3.3718716549757857,181.33854819883618,52.35242102624748
0.8080000000000006,123.9815902709961,125.66370614359174,3.4166829001593837,168.64223302479434,49.99599755318085
0.8090000000000006,123.94369506835938,125.66370614359174,3.4490915201602457,172.50376984039164,53.06203976539514
0.8100000000000006,123.90962219238281,125.66370614359174,3.4803894604224213,194.8311230242389,62.496893412810635
0.8110000000000006,123.8815689086914,125.66370614359174,3.5217402213006372,187.3931840443368,77.40462601507878
0.8120000000000006,123.8468246459961,125.66370614359174,3.5409157138287095,146.53066296186023,60.80247388897637
0.8130000000000006,123.8084945678711,125.66370614359174,3.536992977795477,126.0787476126246,51.90283689223291
0.8140000000000006,123.7705078125,125.66370614359174,3.5226985522254095,129.95450641893441,52.713272174328445
0.8150000000000006,123.73675537109375,125.66370614359174,3.5118361145220933,119.16691823462527,63.18392707400135
0.8160000000000006,123.6961898803711,125.66370614359174,3.482779808006868,75.54776656702457,46.29509222493504
0.8170000000000006,123.65354919433594,125.66370614359174,3.430098171617442,60.12780194311161,41.152479190853306
0.8180000000000006,123.61441802978516,125.66370614359174,3.369584890732683,76.93140283922862,49.798982788676895
0.8190000000000006,123.58425903320312,125.66370614359174,3.3190109977222906,93.5132738261626,71.95860198807542
0.8200000000000006,123.55317687988281,125.66370614359174,3.2643697086231023,76.28955889066657,69.65209894214759
0.8210000000000006,123.52659606933594,125.66370614359174,3.1969820777344347,90.91385406813596,80.73713452962261
0.8220000000000006,123.51042175292969,125.66370614359174,3.135553154419956,139.75787398072762,106.4547752920082
0.8230000000000006,123.5101318359375,125.66370614359174,3.1003441385016237,188.67591354103607,145.67751214379703
0.8240000000000006,123.51532745361328,125.66370614359174,3.0744950347064037,201.6039665475807,159.22973076690778
0.8250000000000006,123.53031158447266,125.66370614359174,3.0494623929977323,241.60776918995245,183.43353638987068
0.8260000000000006,123.55961608886719,125.66370614359174,3.0425950928430656,309.53125641199625,218.87949637871785
0.8270000000000006,123.60713958740234,125.66370614359174,3.070556713523572,364.07823362587885,264.0030238007717
0.8280000000000006,123.66075897216797,125.66370614359174,3.1041981299849795,380.50120800824715,279.1909173943059
0.8290000000000006,123.72271728515625,125.66370614359174,3.137247344999423,414.70204002172295,299.98401561360583
0.8300000000000006,123.79563903808594,125.66370614359174,3.1820946058774733,467.95558151278846,327.31748495183126
0.8310000000000006,123.88175964355469,125.66370614359174,3.2500663597374895,495.1199337768766,360.2690759372286
0.8320000000000006,123.9676513671875,125.66370614359174,3.3068795601814105,482.97986772446245,359.9503582912835
0.8330000000000006,124.05433654785156,125.66370614359174,3.3485851443275587,483.3435692464036,362.1954600918999
0.8340000000000006,124.14374542236328,125.66370614359174,3.3859480346722446,499.83940625316114,369.2474481376325
0.8350000000000006,124.23802185058594,125.66370614359174,3.429957744028817,492.6661484969496,381.6183287452695
0.8360000000000006,124.3241958618164,125.66370614359174,3.453972871326502,445.9752600171815,361.7565437064273
0.8370000000000006,124.40399169921875,125.66370614359174,3.451704197602889,415.4355696339671,346.14274990222805
0.8380000000000006,124.48056030273438,125.66370614359174,3.435570010470561,406.9824854278674,338.33490855394615
0.8390000000000006,124.55769348144531,125.66370614359174,3.41948998565994,392.02871662197026,339.97996465556037
0.8400000000000006,124.62447357177734,125.66370614359174,3.389534796533496,337.670554742856,314.3441361483124
0.8410000000000006,124.68450164794922,125.66370614359174,3.333399737967303,308.2078952560273,297.68512048489146
0.8420000000000006,124.74290466308594,125.66370614359174,3.266675221625433,309.81817847632624,293.7808502567828
0.8430000000000006,124.80540466308594,125.66370614359174,3.2074801317357116,344.0225067638568,304.1759840555302
0.8440000000000006,124.87749481201172,125.66370614359174,3.1742433870924276,357.441661789774,328.2967980061359
0.8450000000000006,124.94913482666016,125.66370614359174,3.130344349851322,357.02628260905465,327.3869594814364
0.8460000000000006,125.02510833740234,125.66370614359174,3.0887316338469257,385.9406351934801,338.4327867999211
0.8470000000000006,125.11055755615234,125.66370614359174,3.0675175664191845,444.3442722862686,362.381815379437
0.8480000000000006,125.21003723144531,125.66370614359174,3.0833442874099313,474.9777846317712,397.82630262214735
0.8490000000000006,125.3122787475586,125.66370614359174,3.0913158734680106,487.8306390374333,405.0777978028356
0.8500000000000006,125.42034149169922,125.66370614359174,3.1047908829790285,522.1712266398172,420.0695179336267
0.8510000000000006,125.5375747680664,125.66370614359174,3.1375302370613753,548.4436161194991,443.49761959821296
0.8520000000000006,125.6523666381836,125.66370614359174,3.170551574505543,529.7872720390889,437.7855573563665
0.8530000000000006,125.76605987548828,125.66370614359174,3.188630545924736,525.4602942984781,435.44457118469853
0.8540000000000006,125.88115692138672,125.66370614359174,3.203771574473056,540.1467239711418,439.40955072279775
0.8550000000000006,126.00061798095703,125.66370614359174,3.2288230055349514,574.7671574943658,450.8273783777444
0.8560000000000006,126.12714385986328,125.66370614359174,3.2753419223477236,572.4934357591119,469.1350762451449
0.8570000000000007,126.24807739257812,125.66370614359174,3.2989604750578523,547.6860820393676,455.48062417457874
0.8580000000000007,126.36517333984375,125.66370614359174,3.31042992606269,539.1980772489256,446.23475487711755
0.8590000000000007,126.48111724853516,125.66370614359174,3.3219960499411285,549.8982582768169,443.7446987803773
0.8600000000000007,126.59872436523438,125.66370614359174,3.345607768019552,529.3745690327112,448.39747001865584
0.8610000000000007,126.70581817626953,125.66370614359174,3.344807423032758,484.1467666391793,422.1558839376759
0.8620000000000007,126.80477905273438,125.66370614359174,3.3257342201952977,458.1818359703438,401.88141335339765
0.8630000000000007,126.89921569824219,125.66370614359174,3.301881802811714,455.72329693069537,390.7107651817319
0.8640000000000007,126.99311065673828,125.66370614359174,3.287430676528653,435.9340180977765,389.662473517557
0.8650000000000007,127.07565307617188,125.66370614359174,3.256188659324233,388.88333116418255,361.05025405385646
0.8660000000000007,127.15043640136719,125.66370614359174,3.2078303396667125,366.2072389408694,341.5771519337134
0.8670000000000007,127.2223129272461,125.66370614359174,3.1578450312267727,372.1761374285261,334.3677940508672
0.8680000000000007,127.29640197753906,125.66370614359174,3.123007739269987,372.932949195468,340.20783863018835
0.8690000000000007,127.36285400390625,125.66370614359174,3.084146315761486,342.9923407500272,320.95898126391245
0.8700000000000007,127.42584991455078,125.66370614359174,3.0355565460740492,339.22867055235236,312.31391365802193
0.8710000000000007,127.49048614501953,125.66370614359174,2.993895288572378,364.8387924950716,316.6676441329784
0.8720000000000007,127.56185150146484,125.66370614359174,2.976733215119875,387.37363838993866,334.02267972874586
0.8730000000000007,127.62979888916016,125.66370614359174,2.96477572589937,374.94364563637396,325.5016732441031
0.8740000000000007,127.69772338867188,125.66370614359174,2.9492338415818833,384.815079259964,325.62530493445956
0.8750000000000007,127.76969909667969,125.66370614359174,2.945138169834395,419.37360711027924,336.16907228155026
0.8760000000000007,127.84961700439453,125.66370614359174,2.9674599719941845,445.0685028011952,356.69216163093904
0.8770000000000007,127.92610168457031,125.66370614359174,2.993132233438945,431.0791532308381,348.14496145978177
0.8780000000000007,128.00111389160156,125.66370614359174,3.011588000581045,433.0634504898052,344.60555961277606
0.8790000000000007,128.077392578125,125.66370614359174,3.0349530795233175,454.01337577639384,348.0730570580195
0.8800000000000007,128.15768432617188,125.66370614359174,3.0754281565122965,462.92931464920423,358.57037529004845
0.8810000000000007,128.2297821044922,125.66370614359174,3.1121357743236353,427.4300495881677,337.77210051432803
0.8820000000000007,128.2949676513672,125.66370614359174,3.13153943099251,404.924284784958,320.24102585463527
0.8830000000000007,128.35569763183594,125.66370614359174,3.1447453260101113,400.208163640717,308.9466469433409
0.8840000000000007,128.41481018066406,125.66370614359174,3.1639030426542782,414.45230178697034,304.94946217567684
0.8850000000000007,128.47486877441406,125.66370614359174,3.2003943657579064,395.6366946911348,307.5353750666298
0.8860000000000007,128.52349853515625,125.66370614359174,3.2143078283233177,352.68119765770115,278.30384573920094
0.8870000000000007,128.56314086914062,125.66370614359174,3.2136480962662293,327.53829603963186,255.2800579934716
0.8880000000000007,128.59707641601562,125.66370614359174,3.210734962927674,323.29319351821806,240.6911766471117
0.8890000000000007,128.62863159179688,125.66370614359174,3.2181622551446596,297.5218982672684,234.60654329066685
0.8900000000000007,128.6464080810547,125.66370614359174,3.2069482038232735,243.6289986222792,199.19826395501815
0.8910000000000007,128.6539306640625,125.66370614359174,3.177426988154872,211.8597767471962,172.84338688138774
0.8920000000000007,128.6557159423828,125.66370614359174,3.143331932586958,206.08467144603847,158.0686023044094
0.8930000000000007,128.65631103515625,125.66370614359174,3.119607704612416,193.922257291448,155.02971637903434
0.8940000000000007,128.64552307128906,125.66370614359174,3.088215405557875,148.93048501745074,125.72010977427128
0.8950000000000007,128.6278533935547,125.66370614359174,3.0414348381934047,129.85409748519993,107.97896369008146
0.8960000000000007,128.6085662841797,125.66370614359174,2.9946974193578577,140.059748569306,103.80277886871237
0.8970000000000007,128.5927276611328,125.66370614359174,2.9650652548543026,178.4613013146774,112.68950790788783
0.8980000000000007,128.58441162109375,125.66370614359174,2.968678411690229,188.4473809199552,131.99631314741134
0.8990000000000007,128.5728759765625,125.66370614359174,2.9611466233569828,183.95323501836353,123.69973671023322
0.9000000000000007,128.56185913085938,125.66370614359174,2.958113129323995,202.58618379007135,125.04864826211117
0.9010000000000007,128.55494689941406,125.66370614359174,2.974040340911006,243.2053792516141,135.55206127785723
0.9020000000000007,128.55462646484375,125.66370614359174,3.021504282113255,248.05804954899156,152.52599601100576
0.9030000000000007,128.54867553710938,125.66370614359174,3.052690379369946,232.74491672445163,138.0332660210336
0.9040000000000007,128.5394744873047,125.66370614359174,3.0811380559991277,234.51751953209228,129.66227832600418
0.9050000000000007,128.5294952392578,125.66370614359174,3.1184308445051077,253.5763678666854,127.67445037017437
0.9060000000000007,128.52056884765625,125.66370614359174,3.1749810962477403,235.29450060762957,130.3383964665413
0.9070000000000007,128.50009155273438,125.66370614359174,3.20768462467388,193.23247297140176,100.64062849035945
0.9080000000000007,128.47048950195312,125.66370614359174,3.2259177115479516,167.871121490883,77.1995705089221
0.9090000000000007,128.43478393554688,125.66370614359174,3.2410283049159694,161.54868461725894,61.44605479630627
0.9100000000000007,128.39569091796875,125.66370614359174,3.264480124619604,129.43122659606777,52.742385467256625
0.9110000000000007,128.34182739257812,125.66370614359174,3.2652836319026024,70.33931599908483,14.832642209319499
0.9120000000000007,128.27711486816406,125.66370614359174,3.2447710609666065,33.57659900678174,-13.067056564858246
0.9130000000000007,128.20616149902344,125.66370614359174,3.215941789320362,22.686888113797885,-29.05524691890751
0.9140000000000007,128.13343811035156,125.66370614359174,3.193117985038783,4.736233789276218,-33.57681551437096
0.9150000000000007,128.04916381835938,125.66370614359174,3.1587971187835153,-44.655057149202904,-63.166792041748735
0.9160000000000007,127.9586181640625,125.66370614359174,3.1051671441871753,-65.74722296371466,-79.20118992620742
0.9170000000000007,127.86756896972656,125.66370614359174,3.0477727584344945,-55.57762969633814,-80.42620365363517
0.9180000000000007,127.78133392333984,125.66370614359174,3.004258257279491,-15.74420216783882,-68.11129332525599
0.9190000000000007,127.70391082763672,125.66370614359174,2.9919629080100427,-2.4358562372935726,-45.563186934857214
0.9200000000000007,127.6254653930664,125.66370614359174,2.9693839114801532,-1.322717695044064,-48.14279814226815
0.9210000000000007,127.55033874511719,125.66370614359174,2.9518518246321497,25.59678215803918,-39.6873137164665
0.9220000000000007,127.4822998046875,125.66370614359174,2.955402974263209,76.2058532392955,-21.605486334481338
0.9230000000000007,127.42375946044922,125.66370614359174,2.9941867364793153,91.9062225293948,2.6025954934196327
0.9240000000000007,127.36312103271484,125.66370614359174,3.020427984816209,89.42562132644159,-2.746811801218873
0.9250000000000007,127.30308532714844,125.66370614359174,3.048234633835465,105.51048583802941,-1.2393830516043927
0.9260000000000007,127.24604034423828,125.66370614359174,3.089781513381097,139.01718229122335,6.378997981874102
0.9270000000000007,127.1933822631836,125.66370614359174,3.1555070726962926,131.21011715257853,17.5082765926218
0.9280000000000007,127.13270568847656,125.66370614359174,3.197811925401169,102.37767280464169,-2.89153109048685
0.9290000000000007,127.06636810302734,125.66370614359174,3.2289296036484942,89.74977228381977,-17.29244285427279
0.9300000000000007,126.99693298339844,125.66370614359174,3.259855750429741,94.42149393782965,-25.150665106952637
0.9310000000000007,126.92646026611328,125.66370614359174,3.3011762934069564,64.65306569792621,-27.79908321744212
0.9320000000000007,126.84345245361328,125.66370614359174,3.3150858131123493,12.263185271290919,-59.58559600103979
0.9330000000000007,126.7515640258789,125.66370614359174,3.3079421122836634,-19.094989836487088,-82.06919637623517
0.9340000000000007,126.65498352050781,125.66370614359174,3.292172216273832,-26.623884304751478,-93.91706374739609
0.9350000000000007,126.55757904052734,125.66370614359174,3.281101604465865,-50.48637446672482,-95.9400129787693
0.9360000000000007,126.44955444335938,125.66370614359174,3.250392849714705,-99.93389698069629,-122.74667570941952
0.9370000000000007,126.33619689941406,125.66370614359174,3.1980350785175693,-121.13128559108955,-136.12147715350562
0.9380000000000007,126.22320556640625,125.66370614359174,3.1392687321883477,-111.4416647428341,-135.09277891564284
0.9390000000000007,126.11573791503906,125.66370614359174,3.091247951095288,-102.55565130420354,-121.0692537065883
0.9400000000000007,126.00473022460938,125.66370614359174,3.0394762311564385,-124.29520104339036,-129.91007725439414
0.9410000000000007,125.89579772949219,125.66370614359174,2.975652923448547,-115.51707835776534,-124.59630358242379
0.9420000000000007,125.79456329345703,125.66370614359174,2.9176853760430705,-75.13258200761351,-105.14108857962346
0.9430000000000007,125.70573425292969,125.66370614359174,2.8851407494205246,-34.46749153464078,-73.90003337951845
0.9440000000000007,125.61924743652344,125.66370614359174,2.862728207595434,-29.94371710094213,-67.99618503843942
0.9450000000000007,125.539306640625,125.66370614359174,2.8400315591626595,-0.2919827066093248,-51.50277633935431
0.9460000000000007,125.469970703125,125.66370614359174,2.8336718620482,54.48994200538151,-24.912015997265083
0.9470000000000007,125.41423034667969,125.66370614359174,2.8599592102224634,98.41297552173259,9.213772759516875
0.9480000000000007,125.36018371582031,125.66370614359174,2.893710648319973,102.17407044587172,13.446613038194984
0.9490000000000007,125.3102035522461,125.66370614359174,2.9250760423931648,122.72042516212481,23.610878433214577
0.9500000000000007,125.26671600341797,125.66370614359174,2.966112146645015,160.8784166418928,39.862880239914325
0.9510000000000007,125.23149871826172,125.66370614359174,3.028276881092062,179.3252741758185,60.552430482690575
0.9520000000000007,125.19168090820312,125.66370614359174,3.083486266064399,155.52908040624814,49.004155450697596
0.9530000000000007,125.14900970458984,125.66370614359174,3.122340220294792,144.95915921371898,41.84757972841032
0.9540000000000007,125.10585021972656,125.66370614359174,3.1553004043225075,150.79360719576945,40.60895274600418
0.9550000000000007,125.0644760131836,125.66370614359174,3.193465714336807,142.80756120721776,45.03023724580731
0.9560000000000007,125.01285552978516,125.66370614359174,3.218046109741201,91.34928216451202,19.413184074458187
0.9570000000000007,124.95391845703125,125.66370614359174,3.2152943699531114,57.58745095085025,1.0965390083505713
0.9580000000000007,124.89158630371094,125.66370614359174,3.1970252746242784,46.65922151764181,-7.40643135019865
0.9590000000000007,124.82997131347656,125.66370614359174,3.1769944214922154,59.77345198378285,-5.60862783445479
0.9600000000000007,124.77271270751953,125.66370614359174,3.1692515761532523,48.22891415068071,5.253042964735774
0.9610000000000007,124.70965576171875,125.66370614359174,3.1396635581010575,18.543968685888842,-9.230706587297679
0.9620000000000007,124.64544677734375,125.66370614359174,3.095504883868437,15.326172313848165,-12.09915803918858
0.9630000000000007,124.58502960205078,125.66370614359174,3.0525492970298482,39.99714205108194,-2.6613039239772296
0.9640000000000007,124.53275299072266,125.66370614359174,3.02735242190869,48.96113437320636,17.60514475548076
0.9650000000000007,124.478759765625,125.66370614359174,2.9907841650985776,36.19489740479341,13.307643501515079
0.9660000000000007,124.4277572631836,125.66370614359174,2.9465296338848574,50.50751032090919,20.73122014012189
0.9670000000000007,124.38455963134766,125.66370614359174,2.9116131619747514,92.51758089352892,40.14062322053321
0.9680000000000007,124.35323333740234,125.66370614359174,2.903320297014293,118.86901426450704,69.65256028473783
0.9690000000000007,124.32325744628906,125.66370614359174,2.8905645646503015,119.84549394454261,72.97498045893737
0.9700000000000008,124.29843139648438,125.66370614359174,2.8759757793856875,144.11539615999035,85.75046047767924
0.9710000000000008,124.28260040283203,125.66370614359174,2.8751596903040766,191.8988088475337,108.11770143878606
0.9720000000000008,124.27889251708984,125.66370614359174,2.9029209138566214,217.48686516933398,138.21786300702385
0.9730000000000008,124.27568054199219,125.66370614359174,2.9227621245316855,215.18905810086758,139.47011814089308
0.9740000000000008,124.27566528320312,125.66370614359174,2.9377084039245354,231.19499842998619,147.39640089624632
0.9750000000000008,124.28177642822266,125.66370614359174,2.960772706486423,266.4852008452079,162.64534958501505
0.9760000000000008,124.29647827148438,125.66370614359174,3.004230416362593,275.4417975752537,184.01212710766106
0.9770000000000008,124.30765533447266,125.66370614359174,3.031496065476661,255.20400208305543,175.27535172592317
0.9780000000000008,124.31763458251953,125.66370614359174,3.045021930505894,251.54118188298628,172.302176774691
0.9790000000000008,124.329345703125,125.66370614359174,3.0570927266406445,266.9885748163582,176.64034398826738
0.9800000000000008,124.34561157226562,125.66370614359174,3.0801647910631025,261.13305445502846,187.9894845393841
0.9810000000000008,124.35489654541016,125.66370614359174,3.0846429783068006,225.07960890426972,170.64506961664594
0.9820000000000008,124.36018371582031,125.66370614359174,3.0693039344962076,208.51682198143376,160.70790802531934
0.9830000000000008,124.3653335571289,125.66370614359174,3.0476234588562368,215.1580036577464,160.37778052755647
0.9840000000000008,124.37429809570312,125.66370614359174,3.0342145644608074,212.29760853094908,169.86393971921805
0.9850000000000008,124.37669372558594,125.66370614359174,3.0087374765160657,177.70915234104575,153.5443241329647
0.9860000000000008,124.37648010253906,125.66370614359174,2.964652517934463,166.99588428056265,147.05583337355014
0.9870000000000008,124.37848663330078,125.66370614359174,2.917536042402578,183.8239235551773,152.56166507815308
0.9880000000000008,124.38752746582031,125.66370614359174,2.884694503421882,200.31251950349377,170.0868272090919
0.9890000000000008,124.39393615722656,125.66370614359174,2.8512872537922176,182.96448747267277,163.54556261735164
0.9900000000000008,124.40189361572266,125.66370614359174,2.8070452214667516,190.59489855884382,167.413563056074
0.9910000000000008,124.41624450683594,125.66370614359174,2.768917590472811,225.92465191477234,183.34181073271498
0.9920000000000008,124.4416275024414,125.66370614359174,2.755084516564929,260.41462250989133,210.84870370634079
0.9930000000000008,124.4679946899414,125.66370614359174,2.7482435016820306,258.8533683132619,213.33994459512357
0.9940000000000008,124.49864196777344,125.66370614359174,2.7371996946997377,278.40731199840184,224.050525669765
0.9950000000000008,124.53739166259766,125.66370614359174,2.737313852762796,321.1732408731134,244.3170256955204
0.9960000000000008,124.58782196044922,125.66370614359174,2.7639592844400687,355.56961782940766,273.5149670993017
0.9970000000000008,124.63884735107422,125.66370614359174,2.793445191191565,351.8774493905847,275.1187679105259
0.9980000000000008,124.69245147705078,125.66370614359174,2.815221155732066,363.61452259502045,281.6946873365302
0.9990000000000008,124.7513198852539,125.66370614359174,2.841735200320621,393.5166083805306,294.9533302117765
1.0000000000000007,124.81808471679688,125.66370614359174,2.8854700317792874,410.4449836084906,314.843279568701
1.0010000000000006,124.88109588623047,125.66370614359174,2.922920872429106,387.3047554236311,305.6415753279943
1.0020000000000004,124.9417495727539,125.66370614359174,2.942842321912164,377.13245912342745,299.9061965518161
1.0030000000000003,125.00247955322266,125.66370614359174,2.956825514450336,384.29063733950824,300.26121240258607
1.0040000000000002,125.06608581542969,125.66370614359174,2.977426074447493,409.71268756042946,307.6268221519833
1.0050000000000001,125.13511657714844,125.66370614359174,3.0162250436092712,400.23669731408927,321.3637827295728
1.006,125.19780731201172,125.66370614359174,3.0284414959214994,372.3471665592687,305.68290148583947
1.007,125.25650024414062,125.66370614359174,3.0270001066567644,361.7332371886929,295.80652461164414
1.0079999999999998,125.3143081665039,125.66370614359174,3.024767134872164,370.9911091670485,293.74339264298527
1.0089999999999997,125.3743896484375,125.66370614359174,3.0345822406280396,353.8230087944851,299.60128583505605
1.0099999999999996,125.42582702636719,125.66370614359174,3.0203766231997466,316.3293903076379,278.03650983424416
1.0109999999999995,125.47175598144531,125.66370614359174,2.9896862945886524,299.7137752857111,264.3293085890921
1.0119999999999993,125.5162582397461,125.66370614359174,2.956961175242394,307.2567358720005,260.86793808410687
1.0129999999999992,125.56356048583984,125.66370614359174,2.9374442393200986,300.1060387653773,267.9810457359661
1.0139999999999991,125.603759765625,125.66370614359174,2.9034082660098166,269.89603076166463,250.24179448199308
1.014999999999999,125.64076232910156,125.66370614359174,2.8567354037723267,263.7087539334011,242.2929055431095
1.015999999999999,125.67930603027344,125.66370614359174,2.813653033642499,284.4078181747395,246.2489357465997
1.0169999999999988,125.7240982055664,125.66370614359174,2.7913619883527856,296.73368247776546,262.0573425801974
1.0179999999999987,125.76556396484375,125.66370614359174,2.765154909169883,282.7374009722472,253.77941689097057
1.0189999999999986,125.80745697021484,125.66370614359174,2.73343147417154,291.90297975099537,254.95383709338583
1.0199999999999985,125.85416412353516,125.66370614359174,2.712522907936628,326.27424975432126,267.17071515832004
1.0209999999999984,125.90985107421875,125.66370614359174,2.718902111730609,349.9012952726091,289.9148636631534
1.0219999999999982,125.96428680419922,125.66370614359174,2.7245856105754833,343.9693070589731,286.8929937930695
1.0229999999999981,126.02020263671875,125.66370614359174,2.726659476094411,356.62227021548006,290.74948695842505
1.023999999999998,126.08089447021484,125.66370614359174,2.739099644760163,389.8024230381778,302.9555237425072
1.024999999999998,126.14948272705078,125.66370614359174,2.7754253558176116,406.83028589816615,323.0619853493026
1.0259999999999978,126.21483612060547,125.66370614359174,2.8053163291480625,391.2577666860477,315.06746557012
1.0269999999999977,126.27867126464844,125.66370614359174,2.8248290567004757,389.9489284906707,311.40106702344104
1.0279999999999976,126.34349822998047,125.66370614359174,2.8459497595424845,405.910935376611,314.0921914395504
1.0289999999999975,126.41193389892578,125.66370614359174,2.880799329652323,406.3871176778131,323.3945378263591
1.0299999999999974,126.47270202636719,125.66370614359174,2.9043620036330475,371.20484638241675,304.15792151683587
1.0309999999999973,126.52745056152344,125.66370614359174,2.908946725395744,350.06988112177856,289.08075832493665
1.0319999999999971,126.57897186279297,125.66370614359174,2.9065350472196787,347.52438734042704,281.0363783649817
1.032999999999997,126.6304702758789,125.66370614359174,2.910256826196228,364.6597423595592,281.09189368391424
1.033999999999997,126.68489074707031,125.66370614359174,2.932538810872499,349.8631396349737,288.6437425968689
1.0349999999999968,126.73125457763672,125.66370614359174,2.9297467863459032,319.21347990588214,268.3256324527034
1.0359999999999967,126.77240753173828,125.66370614359174,2.9156252849988658,307.6458824188422,255.20395051579015
1.0369999999999966,126.8118896484375,125.66370614359174,2.9037371899539752,317.3385246749646,251.06582590106603
1.0379999999999965,126.85315704345703,125.66370614359174,2.9076122698008344,303.211473602103,255.68015833065
1.0389999999999964,126.88578796386719,125.66370614359174,2.891246273154555,269.7255590391668,233.8303374048933
1.0399999999999963,126.91312408447266,125.66370614359174,2.8624791552193924,257.324281088142,220.46317530340878
1.0409999999999962,126.93926239013672,125.66370614359174,2.8358329254003865,268.5207497874001,217.47061295097737
1.041999999999996,126.96820831298828,125.66370614359174,2.8263274883249347,264.31375572491856,224.63579874734972
1.042999999999996,126.99002075195312,125.66370614359174,2.8044928075697184,236.72611991263284,206.57116368687264
1.0439999999999958,127.0083236694336,125.66370614359174,2.7725330722066803,231.21187883167062,197.7059373630934
1.0449999999999957,127.02741241455078,125.66370614359174,2.7456807933908602,250.09274994393894,199.70980896750174
1.0459999999999956,127.05136108398438,125.66370614359174,2.739741770201359,258.0052213709244,212.11560901409698
1.0469999999999955,127.07022094726562,125.66370614359174,2.728386175194845,238.342900518305,199.22729909226413
1.0479999999999954,127.08733367919922,125.66370614359174,2.7095514251673016,239.35680376106657,194.81040684020886
1.0489999999999953,127.10659790039062,125.66370614359174,2.6980375667649077,263.1620047050173,200.30916013508667
1.0499999999999952,127.13166809082031,125.66370614359174,2.708930319273855,276.19023737109023,215.10291695404936
1.050999999999995,127.15211486816406,125.66370614359174,2.716611084853938,257.63748699940317,203.41165743628972
1.051999999999995,127.170654296875,125.66370614359174,2.7157973324282727,256.910207811343,198.57394758631446
1.0529999999999948,127.19058227539062,125.66370614359174,2.7199302303888877,276.44423249795557,202.13719214133687
1.0539999999999947,127.21503448486328,125.66370614359174,2.7427365080708297,285.29292552716277,213.69600998029372
1.0549999999999946,127.23321533203125,125.66370614359174,2.761052408144093,258.7716715295946,197.7882802708285
1.0559999999999945,127.24742889404297,125.66370614359174,2.7659889777603186,248.15958264548416,187.6944821085166
1.0569999999999944,127.26072692871094,125.66370614359174,2.7700462013455525,256.7771530294069,185.40269666595367
1.0579999999999943,127.27621459960938,125.66370614359174,2.7865388398364,259.1377105857047,191.00150371809295
1.0589999999999942,127.28327941894531,125.66370614359174,2.798955723176335,222.36427410045218,169.55888893875562
1.059999999999994,127.28438568115234,125.66370614359174,2.7930179824364054,202.04098769605008,154.40539108357893
1.060999999999994,127.28296661376953,125.66370614359174,2.7813062394302444,202.41105376451898,147.97253841280764
1.0619999999999938,127.28263854980469,125.66370614359174,2.777961912309075,224.10845471678115,150.7442926633418
1.0629999999999937,127.28651428222656,125.66370614359174,2.796640670469357,221.61058413953998,161.46975868144278
1.0639999999999936,127.2840347290039,125.66370614359174,2.799194273827271,198.32511241389528,145.2745905151231
1.0649999999999935,127.27823638916016,125.66370614359174,2.7933781499331443,194.16454539899195,136.81799647252228
1.0659999999999934,127.2725601196289,125.66370614359174,2.7927268406919588,210.6222801409087,137.1237033136896
1.0669999999999933,127.27007293701172,125.66370614359174,2.8106538435274273,206.42375901293394,145.2241690663333
1.0679999999999932,127.26018524169922,125.66370614359174,2.813902577634185,177.55304269918486,126.38453668360626
1.068999999999993,127.24594116210938,125.66370614359174,2.8053902844112346,167.6348382753599,115.28654769097253
1.069999999999993,127.23090362548828,125.66370614359174,2.7985337306674825,178.8331927547002,113.25104401661083
1.0709999999999928,127.2183609008789,125.66370614359174,2.807166349066474,175.43022155829138,119.59613556662622
1.0719999999999927,127.19801330566406,125.66370614359174,2.8046420043788816,143.43090718170336,99.70109822657244
1.0729999999999926,127.17312622070312,125.66370614359174,2.788194342448491,131.20989819437816,88.14615103919927
1.0739999999999925,127.14756774902344,125.66370614359174,2.771599431772362,141.39501237902897,86.41081517417905
1.0749999999999924,127.1249771118164,125.66370614359174,2.7695674606185348,143.99882084657605,93.93147701181276
1.0759999999999923,127.0953598022461,125.66370614359174,2.762138460435705,113.93969648693779,76.04172277668557
1.0769999999999922,127.06218719482422,125.66370614359174,2.740746871710571,104.36420889301218,66.97679847732036
1.077999999999992,127.02948760986328,125.66370614359174,2.7196156082432275,118.03687774467986,68.18110208460342
1.078999999999992,127.00108337402344,125.66370614359174,2.714211036440529,153.94256859479617,79.03850941729955
1.0799999999999919,126.9798355102539,125.66370614359174,2.738752736867961,159.40276899389693,97.2213521620766
1.0809999999999917,126.9553451538086,125.66370614359174,2.7463268302717085,150.4755849849142,88.95468676082626
1.0819999999999916,126.93060302734375,125.66370614359174,2.752720984998903,160.50361450445658,88.28076219288803
1.0829999999999915,126.9085693359375,125.66370614359174,2.771290132958121,189.2188705928467,95.14558103954072
1.0839999999999914,126.89146423339844,125.66370614359174,2.8140703827124462,184.92810948999593,107.63039640775123
1.0849999999999913,126.8682632446289,125.66370614359174,2.83515584641639,163.02626234089087,92.16355875282811
1.0859999999999912,126.84156036376953,125.66370614359174,2.8476602110385416,158.01567722122877,83.23163465090651
1.086999999999991,126.81417846679688,125.66370614359174,2.8638269610673808,170.89671722026117,81.4852069651152
1.087999999999991,126.7884750366211,125.66370614359174,2.8954179675716114,154.96548405799936,85.73863919144353
1.0889999999999909,126.75374603271484,125.66370614359174,2.903716738902266,118.66646251177175,62.81376302275138
1.0899999999999908,126.71305084228516,125.66370614359174,2.89653312934486,101.02620508396022,47.6736786467378
1.0909999999999906,126.66995239257812,125.66370614359174,2.8866995811709066,104.22503809804589,41.554566942306806
1.0919999999999905,126.62771606445312,125.66370614359174,2.8875793939458054,89.75971329399498,43.740270476203435
1.0929999999999904,126.57654571533203,125.66370614359174,2.870832884984314,51.45097042933827,21.06583091609894
1.0939999999999903,126.5203857421875,125.66370614359174,2.836964205735261,35.50915115470567,8.430345542012395
1.0949999999999902,126.46369171142578,125.66370614359174,2.800427403522277,44.386869107050686,7.077977527047194
1.09599999999999,126.41059875488281,125.66370614359174,2.7770041465243582,46.719468886130144,16.158603556149103
1.09699999999999,126.35189819335938,125.66370614359174,2.7468340616906097,20.868333653812964,1.966591094376787
1.0979999999999899,126.29190826416016,125.66370614359174,2.7040076368682926,19.135559923959544,-1.2892680997407902
1.0989999999999898,126.23528289794922,125.66370614359174,2.6645337889982685,43.3881516502538,7.184522438377212
1.0999999999999897,126.18614196777344,125.66370614359174,2.6458049725258967,64.89442864471096,26.06983877800251
1.1009999999999895,126.13499450683594,125.66370614359174,2.6300870527885785,53.89805871283289,20.981466465232806
1.1019999999999894,126.0855712890625,125.66370614359174,2.607927487885515,64.70000228981091,25.30584489402848
1.1029999999999893,126.04178619384766,125.66370614359174,2.594945803077562,98.61674386292529,39.50594589351805
1.1039999999999892,126.00696563720703,125.66370614359174,2.6072756357806903,126.08662369721146,62.06730942551468
1.104999999999989,125.9706802368164,125.66370614359174,2.623678534115375,117.59230566161945,58.37066951360108
1.105999999999989,125.93562316894531,125.66370614359174,2.6334170689232828,126.307036894764,61.42216934233312
1.1069999999999889,125.90474700927734,125.66370614359174,2.6497074278133366,153.91547249801854,71.9371312585139
1.1079999999999888,125.88057708740234,125.66370614359174,2.6859180180085453,171.2133440559413,88.82245446211363
1.1089999999999887,125.8520736694336,125.66370614359174,2.719967588071459,149.88178492724163,77.8604869483102
1.1099999999999886,125.82133483886719,125.66370614359174,2.739717095625394,142.96135615441764,72.22382111053612
1.1109999999999884,125.79106140136719,125.66370614359174,2.756864283199402,153.42681281626008,73.37393832058922
1.1119999999999883,125.76383972167969,125.66370614359174,2.7839332382686153,180.91202069624953,81.02190990833516
1.1129999999999882,125.74156188964844,125.66370614359174,2.8322136085761174,174.20219343064463,93.44176434554466
1.113999999999988,125.71319580078125,125.66370614359174,2.856034711538103,149.4482206965512,78.09979839433933
1.114999999999988,125.68121337890625,125.66370614359174,2.8677954776820056,140.97645290304598,68.99156638875827
1.115999999999988,125.64844512939453,125.66370614359174,2.879535694398065,150.22511467590365,66.9852365410462
1.1169999999999878,125.61735534667969,125.66370614359174,2.9031152056312615,132.22741240549993,71.18498322298998
1.1179999999999877,125.57758331298828,125.66370614359174,2.9019029964323613,94.22662469119851,49.349142488828655
1.1189999999999876,125.53246307373047,125.66370614359174,2.882555718939695,75.9471762000081,35.893869432696576
1.1199999999999875,125.48587036132812,125.66370614359174,2.858432534975715,79.84401751430708,32.17484651693838
1.1209999999999873,125.44145202636719,125.66370614359174,2.8437919732367742,69.57505115740918,37.61414239582138
1.1219999999999872,125.389892578125,125.66370614359174,2.8127505819482885,36.13277353460009,19.69241268654813
1.1229999999999871,125.3354721069336,125.66370614359174,2.764857525238758,26.570936095301906,12.4977141257119
1.123999999999987,125.28292846679688,125.66370614359174,2.7156910801338907,43.15542103554647,17.171650197249217
1.124999999999987,125.23661804199219,125.66370614359174,2.682399279915192,55.03782252094255,32.789500834460426
1.1259999999999868,125.18762969970703,125.66370614359174,2.6453659819331037,39.800380447106775,26.0382603009319
1.1269999999999867,125.1402587890625,125.66370614359174,2.599356147599357,48.919785600327906,30.088428731592764
1.1279999999999866,125.09907531738281,125.66370614359174,2.561418535672782,83.74881805967014,45.534278333264666
1.1289999999999865,125.06805419921875,125.66370614359174,2.549620403725696,113.21429793891586,70.943959838953
1.1299999999999863,125.03759002685547,125.66370614359174,2.5417826704487125,112.13252793982518,72.30916793922505
1.1309999999999862,125.01099395751953,125.66370614359174,2.5314350301137023,131.2583984004099,81.96834621055933
1.1319999999999861,124.99175262451172,125.66370614359174,2.5339033202435544,171.50974388468762,100.32626248639563
1.132999999999986,124.9827651977539,125.66370614359174,2.564210114664812,199.0793943461501,125.94293465631178
1.133999999999986,124.97331237792969,125.66370614359174,2.593636905004614,193.84231612540188,124.78091867255594
1.1349999999999858,124.96553802490234,125.66370614359174,2.616364530105388,203.57729058793618,128.96590821371774
1.1359999999999857,124.96195220947266,125.66370614359174,2.6446956839443674,230.01263123752074,139.42272512959988
1.1369999999999856,124.96475982666016,125.66370614359174,2.6907387574164368,240.03718527483568,155.39690197575507
1.1379999999999855,124.96279907226562,125.66370614359174,2.7266941335381127,215.6058930062127,143.49007477287503
1.1389999999999854,124.95790100097656,125.66370614359174,2.7456831287576002,204.52099598907193,136.13896066701489
1.1399999999999852,124.95262908935547,125.66370614359174,2.759210079902666,210.13263058007394,135.1906686256479
1.1409999999999851,124.9496078491211,125.66370614359174,2.7796169170240805,206.02561530255005,140.81793325686266
1.141999999999985,124.93840026855469,125.66370614359174,2.7886280573862896,165.52249180655568,120.35925410410239
1.142999999999985,124.92162322998047,125.66370614359174,2.773898778667411,141.630907382845,106.42175370620072
1.1439999999999848,124.90287017822266,125.66370614359174,2.748108463143115,138.87666812220297,101.46380351545335
1.1449999999999847,124.88599395751953,125.66370614359174,2.725900903712626,158.24975181935883,106.11524968194446
1.1459999999999846,124.87442779541016,125.66370614359174,2.722026493098557,155.65304435876166,119.39263778853199
1.1469999999999845,124.85865020751953,125.66370614359174,2.699560066360401,136.73309780636916,108.83893311901353
1.1479999999999844,124.84233856201172,125.66370614359174,2.6679692270669952,139.64415908438247,107.50294274964698
1.1489999999999843,124.82953643798828,125.66370614359174,2.6427753964464604,165.57103839985444,116.23595749634941
1.1499999999999841,124.82383728027344,125.66370614359174,2.639662162240205,173.1511239295531,133.966387327105
1.150999999999984,124.81565856933594,125.66370614359174,2.6237155317311096,161.3953725146485,127.77835999239771
1.151999999999984,124.80846405029297,125.66370614359174,2.6016690881753215,170.50261068368903,130.22041520487437
1.1529999999999838,124.80601501464844,125.66370614359174,2.588927269976333,201.50648092891421,142.06066058870252
1.1539999999999837,124.81163024902344,125.66370614359174,2.60068427045273,213.75160439200627,162.18999563093982
1.1549999999999836,124.81533813476562,125.66370614359174,2.601209055723245,204.1249851919328,157.4300135892625
1.1559999999999835,124.8200454711914,125.66370614359174,2.595750864224099,213.00307575404582,159.93824814582277
1.1569999999999834,124.82902526855469,125.66370614359174,2.598550132074275,241.65682355399207,170.63024022731219
1.1579999999999833,124.84520721435547,125.66370614359174,2.623460615366476,250.19272634500783,188.62681420606808
1.1589999999999832,124.85826110839844,125.66370614359174,2.634875326269421,234.85376810300227,180.83419836663236
1.159999999999983,124.87067413330078,125.66370614359174,2.636487546663672,236.1782951491588,179.25712299514865
1.160999999999983,124.88546752929688,125.66370614359174,2.641590780791787,256.15795082522516,185.22405847049885
1.1619999999999828,124.90548706054688,125.66370614359174,2.663483072932657,257.8478888787991,198.31699627969377
1.1629999999999827,124.92047119140625,125.66370614359174,2.670507075816226,233.75884285063827,185.75946305847313
1.1639999999999826,124.93293762207031,125.66370614359174,2.663232438095629,226.45218967231907,179.48817232785302
1.1649999999999825,124.94611358642578,125.66370614359174,2.655025327331211,238.7408808290813,181.28580198793875
1.1659999999999824,124.96322631835938,125.66370614359174,2.659920466939836,238.7707871126612,191.16349190658778
1.1669999999999823,124.9745101928711,125.66370614359174,2.6529471398437345,210.8326122821766,176.6123046725634
1.1679999999999822,124.98286437988281,125.66370614359174,2.629975354292935,201.2996580512216,169.28519477831537
1.168999999999982,124.9919662475586,125.66370614359174,2.605231265822384,213.40524301916082,171.17913148947002
1.169999999999982,125.00556945800781,125.66370614359174,2.5941870038568813,220.25259205780173,182.4546836384727
1.1709999999999818,125.01444244384766,125.66370614359174,2.5779788896453524,196.7252798518495,170.63556631915245
1.1719999999999817,125.02174377441406,125.66370614359174,2.5478265561150817,192.76104776652355,166.7193237020692
1.1729999999999816,125.0313949584961,125.66370614359174,2.518860829198599,211.48353582843217,172.61422562950284
1.1739999999999815,125.04733276367188,125.66370614359174,2.507611199048238,228.60371094235617,188.36554794134628
1.1749999999999814,125.06047821044922,125.66370614359174,2.4977538856236308,213.0720919271115,181.39348850058198
1.1759999999999813,125.07378387451172,125.66370614359174,2.477405019870468,216.20704322772067,181.8250309525715
1.1769999999999812,125.09091186523438,125.66370614359174,2.4616088989622504,240.87633667618374,191.40415024670415
1.177999999999981,125.115478515625,125.66370614359174,2.4664363374203586,286.4294431358853,210.06881316636998
1.178999999999981,125.15045166015625,125.66370614359174,2.505980398492856,303.23131334471856,236.16942498451712
1.1799999999999808,125.18553161621094,125.66370614359174,2.5295157853675234,305.1368045268099,236.5286150950075
1.1809999999999807,125.22291564941406,125.66370614359174,2.553704687995994,322.43280880136354,242.35488814196648
1.1819999999999806,125.2649917602539,125.66370614359174,2.5908957862315716,330.06757998722196,254.2080374170982
1.1829999999999805,125.30146026611328,125.66370614359174,2.6209332412566795,301.06447342305336,240.23515337119022
1.1839999999999804,125.33373260498047,125.66370614359174,2.630756809770183,284.06834760008473,229.78955480075552
1.1849999999999803,125.36428833007812,125.66370614359174,2.6320118156328367,283.60184343717964,225.53711146005872
1.1859999999999802,125.3960189819336,125.66370614359174,2.6378029405016004,301.0766082426837,228.5651823782288
1.18699999999998,125.43168640136719,125.66370614359174,2.660832402588231,293.4386711211486,238.4924554949389
1.18799999999998,125.46119689941406,125.66370614359174,2.6618196152004776,267.36857659164247,223.11777735453168
1.1889999999999799,125.4870834350586,125.66370614359174,2.649726683843983,258.2858727904158,214.06737434779922
1.1899999999999797,125.5125732421875,125.66370614359174,2.6380622683604193,268.6668495869935,213.13248891292318
1.1909999999999796,125.54090881347656,125.66370614359174,2.64068289857164,261.26293812481396,220.32470512792426
1.1919999999999795,125.56259155273438,125.66370614359174,2.6258939331319398,232.76930722297047,203.64721697174602
1.1929999999999794,125.58060455322266,125.66370614359174,2.5971291859241115,223.24504655543487,194.4770208956519
1.1939999999999793,125.59870910644531,125.66370614359174,2.5689905743544346,235.46475733959772,194.73419417125953
1.1949999999999792,125.62067413330078,125.66370614359174,2.5569879227852885,237.34469212614653,204.47966089282306
1.195999999999979,125.63751220703125,125.66370614359174,2.5355068304464785,215.1459490969887,191.62885839316257
1.196999999999979,125.65247344970703,125.66370614359174,2.502989437933918,212.8891130192045,186.91532404099846
1.1979999999999789,125.66946411132812,125.66370614359174,2.4749221450922576,233.11582356120164,192.0743442621549
1.1989999999999787,125.69236755371094,125.66370614359174,2.467705433668271,246.13153946319017,206.96141941809088
1.1999999999999786,125.71220397949219,125.66370614359174,2.4575300344622995,232.23514335160235,199.28682158756092
1.2009999999999785,125.7319107055664,125.66370614359174,2.4397377295481175,236.86718294318595,198.9844270859293
1.2019999999999784,125.75502014160156,125.66370614359174,2.4293715094733432,262.31324330239977,207.59493305185703
1.2029999999999783,125.78496551513672,125.66370614359174,2.441903307581312,279.2428921585234,224.8528523233715
1.2039999999999782,125.81236267089844,125.66370614359174,2.452344994006582,266.77304132284297,218.48463472136476
1.204999999999978,125.8394775390625,125.66370614359174,2.4543088516588116,269.9497337853677,217.83624976725932
1.205999999999978,125.86924743652344,125.66370614359174,2.4612836611145705,291.3245464301281,224.56026811276607
1.2069999999999779,125.9045639038086,125.66370614359174,2.4870674615474964,302.8997924059292,238.6170231962659
1.2079999999999778,125.93569946289062,125.66370614359174,2.507841533080059,282.62741963270145,228.13996978485753
1.2089999999999776,125.96446990966797,125.66370614359174,2.5149072809360615,276.03306914019936,222.24195935642092
1.2099999999999775,125.9935302734375,125.66370614359174,2.520733717662003,286.501767851152,223.01460931977567
1.2109999999999774,126.02569580078125,125.66370614359174,2.5386368440102514,290.5376475838142,230.9188771415211
1.2119999999999773,126.0514144897461,125.66370614359174,2.551101334705177,259.9568895150378,214.71503782560256
1.2129999999999772,126.0726318359375,125.66370614359174,2.5447296757143802,243.54573141616956,203.40967989879437
1.213999999999977,126.09230041503906,125.66370614359174,2.5321470262737655,245.5717401853358,199.55339232974765
1.214999999999977,126.11373901367188,125.66370614359174,2.527615216927187,267.09005253503057,204.03049451852615
1.2159999999999769,126.13996887207031,125.66370614359174,2.5449616250919105,266.13914364661497,216.18279617277108
1.2169999999999768,126.16140747070312,125.66370614359174,2.544723157904421,247.52592830452903,204.11303020140858
1.2179999999999767,126.18067169189453,125.66370614359174,2.536171444098212,246.0974967112318,198.6729657920471
1.2189999999999765,126.20092010498047,125.66370614359174,2.5330944942053315,263.61159800880847,201.21266309646828
1.2199999999999764,126.22515869140625,125.66370614359174,2.549155517483913,261.4799520084463,211.31038641467546
1.2209999999999763,126.24381256103516,125.66370614359174,2.5490808358984274,238.76664768726354,197.22720569672313
1.2219999999999762,126.25944519042969,125.66370614359174,2.53803741591085,232.97761876644947,189.65747535221195
1.222999999999976,126.27528381347656,125.66370614359174,2.529718241020435,246.39217430723002,190.19467000453545
1.223999999999976,126.29446411132812,125.66370614359174,2.5381542763876626,244.8214233067219,198.65968479629962
1.2249999999999759,126.30762481689453,125.66370614359174,2.5336860374536654,219.5971883484923,183.48036393299537
1.2259999999999758,126.31746673583984,125.66370614359174,2.516574937880832,211.71757534768454,175.1154095797058
1.2269999999999757,126.32738494873047,125.66370614359174,2.5007882208061405,223.84622027917288,175.31423494535963
1.2279999999999756,126.34074401855469,125.66370614359174,2.501075367167641,226.3654418814122,184.03232350932214
1.2289999999999754,126.34844970703125,125.66370614359174,2.493431358362045,202.0352874623118,169.77779909971642
1.2299999999999753,126.35332489013672,125.66370614359174,2.473061988463597,195.40497215925745,162.6094887735854
1.2309999999999752,126.35885620117188,125.66370614359174,2.4542545670999285,209.2996445100609,164.298098380807
1.2319999999999751,126.36854553222656,125.66370614359174,2.4523465013224865,217.8168618156839,174.81140687290593
1.232999999999975,126.3734359741211,125.66370614359174,2.447635312568329,196.35060117070347,162.67475225977697
1.233999999999975,126.3762435913086,125.66370614359174,2.4308623712634634,192.15042247673358,157.4286655420714
1.2349999999999748,126.38038635253906,125.66370614359174,2.416263254206199,208.1087955560768,160.81343690133414
1.2359999999999747,126.38926696777344,125.66370614359174,2.4191848407179815,221.0449041445319,172.79353877970328
1.2369999999999746,126.39385986328125,125.66370614359174,2.4227639040695608,201.0399331961377,161.96938060967886
1.2379999999999745,126.39663696289062,125.66370614359174,2.4139902399687507,197.09233432307366,157.38140177725145
1.2389999999999743,126.40077209472656,125.66370614359174,2.4065557828648108,212.29043956314933,160.82163639429157
1.2399999999999742,126.40946960449219,125.66370614359174,2.415312328572477,246.45973298485163,172.36017257483385
1.2409999999999741,126.42534637451172,125.66370614359174,2.4536746292751914,254.25595401787464,190.54902693757936
1.241999999999974,126.43851470947266,125.66370614359174,2.4752201104756373,245.50013170324496,183.71907305338488
1.242999999999974,126.45109558105469,125.66370614359174,2.4930329978632604,251.51137174065929,182.24684878567814
1.2439999999999738,126.46549987792969,125.66370614359174,2.5194817984822637,273.15040424784024,186.8873566825491
1.2449999999999737,126.48379516601562,125.66370614359174,2.5659237981649095,266.61919548399976,196.75450081640352
1.2459999999999736,126.49573516845703,125.66370614359174,2.589385655712232,241.3227501516129,180.69339125851084
1.2469999999999735,126.50323486328125,125.66370614359174,2.5999191265037687,229.83482171395826,169.4903094468638
1.2479999999999734,126.50882720947266,125.66370614359174,2.609417054790169,234.40442865340643,164.66151612872193
1.2489999999999732,126.51496887207031,125.66370614359174,2.62988330814418,218.00736702688576,166.0734982072571
1.2499999999999731,126.51204681396484,125.66370614359174,2.6287957183909074,180.00940897931386,143.1230938753525
1.250999999999973,126.5027084350586,125.66370614359174,2.609054217578759,158.78111517308756,126.87854637051817
1.251999999999973,126.49038696289062,125.66370614359174,2.58374035801575,157.52401098729163,119.32038606787259
1.2529999999999728,126.47859191894531,125.66370614359174,2.5671785017794377,148.13241826423555,120.63330363442536
1.2539999999999727,126.458740234375,125.66370614359174,2.5387783818842014,113.36414525254862,100.25055919799686
1.2549999999999726,126.43439483642578,125.66370614359174,2.492904749056529,99.13297853615134,88.85678518378823
1.2559999999999725,126.4098129272461,125.66370614359174,2.4446868976786664,108.50191777411797,88.23175316529503
1.2569999999999724,126.38919067382812,125.66370614359174,2.4112636113051935,140.98709803326645,98.23017574841933
1.2579999999999723,126.37602233886719,125.66370614359174,2.4092702609880114,149.6009949964309,117.04989351714951
1.2589999999999721,126.36166381835938,125.66370614359174,2.392547689161832,148.79538980045513,114.02499766414013
1.259999999999972,126.34943389892578,125.66370614359174,2.3796325673638288,167.87932236021075,119.39935915975545
1.260999999999972,126.34259796142578,125.66370614359174,2.3860022809773076,182.39227599584237,133.00722593602046
1.2619999999999718,126.33206176757812,125.66370614359174,2.3926369039267326,165.0258298907825,123.65369247733898
1.2629999999999717,126.32032775878906,125.66370614359174,2.388181410771301,163.62582721441177,120.61953070945964
1.2639999999999716,126.31047058105469,125.66370614359174,2.386237393223857,180.82017147848936,125.34285731923751
1.2649999999999715,126.30545806884766,125.66370614359174,2.4013267276985584,216.02697968662397,137.56047221117134
1.2659999999999714,126.30756378173828,125.66370614359174,2.4462782860754406,222.21267525592654,155.5582217074836
1.2669999999999713,126.30686950683594,125.66370614359174,2.4720600373419392,213.23381930492585,148.48313087575482
1.2679999999999712,126.305419921875,125.66370614359174,2.4938311038932586,218.54171554364152,146.57013651463268
1.268999999999971,126.30547332763672,125.66370614359174,2.523624506752186,238.7647314618949,150.3730947720785
1.269999999999971,126.30888366699219,125.66370614359174,2.572397621314583,228.67696540341268,158.85618596252934
1.2709999999999708,126.30550384521484,125.66370614359174,2.595529011995571,201.59024477198292,141.6942703153136
1.2719999999999707,126.29735565185547,125.66370614359174,2.604879428699693,188.5154598481601,129.65989196633063
1.2729999999999706,126.28702545166016,125.66370614359174,2.6122921218447077,191.54650879035285,124.1118854361319
1.2739999999999705,126.27696228027344,125.66370614359174,2.629752019683986,172.76713795730947,124.77551038819057
1.2749999999999704,126.2577896118164,125.66370614359174,2.6239269937520984,134.2965004124895,101.77040803952175
1.2759999999999703,126.2324447631836,125.66370614359174,2.599053010439461,113.47615834480511,86.14250251889312
1.2769999999999702,126.20452117919922,125.66370614359174,2.568456542217806,113.24066691753178,79.63470159414666
1.27799999999997,126.17762756347656,125.66370614359174,2.54677647841878,104.65284416017371,82.18832514848941
1.27899999999997,126.14344024658203,125.66370614359174,2.512671130600416,72.5076903334382,63.76668937746897
1.2799999999999698,126.10576629638672,125.66370614359174,2.461876214463391,61.80766103987051,54.9448182986618
1.2809999999999697,126.06897735595703,125.66370614359174,2.4100384344183783,75.15307130388898,57.15258894600755
1.2819999999999696,126.03724670410156,125.66370614359174,2.3748218144212334,88.45437429070451,69.9011707890457
1.2829999999999695,126.00260162353516,125.66370614359174,2.3408489187006483,74.26019801876095,62.50845338502623
1.2839999999999694,125.9687728881836,125.66370614359174,2.2987696103889483,81.41012321747769,64.5514274266359
1.2849999999999693,125.9398422241211,125.66370614359174,2.2655419642925776,111.58517991717304,76.87075836109167
1.2859999999999692,125.91948699951172,125.66370614359174,2.259366197126849,139.63497046723344,98.44996273128037
1.286999999999969,125.89900970458984,125.66370614359174,2.260725875957724,137.33161223596676,98.111350840821
1.287999999999969,125.88111877441406,125.66370614359174,2.25943978783093,152.01226334291374,104.60577244423183
1.2889999999999688,125.86878967285156,125.66370614359174,2.2701667144145903,185.0332743204884,118.60136042006881
1.2899999999999687,125.86460876464844,125.66370614359174,2.307411081366949,208.5783096684073,139.10172063550226
1.2909999999999686,125.85884094238281,125.66370614359174,2.3451420549981217,199.863920499263,135.11085882279275
1.2919999999999685,125.8531265258789,125.66370614359174,2.3740564369935067,203.30271227430507,135.22049102253823
1.2929999999999684,125.84956359863281,125.66370614359174,2.4057815701502783,221.15185292041372,140.63741593101244
1.2939999999999683,125.85014343261719,125.66370614359174,2.4521343616691746,227.49169655728625,151.06097646175857
1.2949999999999682,125.8448486328125,125.66370614359174,2.490517903595464,199.4728545997002,136.27804915862922
1.295999999999968,125.83515930175781,125.66370614359174,2.509336995090178,182.66120256318473,125.21483305801667
1.296999999999968,125.8233871459961,125.66370614359174,2.5196377788172386,180.88450147739402,119.94816063858464
1.2979999999999678,125.81204986572266,125.66370614359174,2.533783173179326,195.06646223746043,121.03193447116716
1.2989999999999677,125.80335998535156,125.66370614359174,2.5636928073846184,183.07482644238527,127.68229690716491
1.2999999999999676,125.78781127929688,125.66370614359174,2.5693154023572515,154.27431658105823,110.40292939251506
1.3009999999999675,125.76795196533203,125.66370614359174,2.5600076050608718,141.62729633780555,99.5419258366461
1.3019999999999674,125.74686431884766,125.66370614359174,2.5487166600726834,147.2832846457934,96.42743368893117
1.3029999999999673,125.72747802734375,125.66370614359174,2.54893630400019,136.16402428470133,100.7094089161658
1.3039999999999672,125.7010498046875,125.66370614359174,2.5305751047139786,105.25158222077866,82.95193154926957
1.304999999999967,125.67082214355469,125.66370614359174,2.4959657547784095,93.5124153983161,73.39891226324394
1.305999999999967,125.640625,125.66370614359174,2.4596514954757884,103.35221222967023,73.44287298364407
1.3069999999999669,125.6141128540039,125.66370614359174,2.4375253034583904,105.7929788294422,82.68278586614844
1.3079999999999667,125.58308410644531,125.66370614359174,2.4072663458735755,84.88504851409618,71.31546015372712
1.3089999999999666,125.5511245727539,125.66370614359174,2.3652602797671354,84.61897628256678,68.95181909329881
1.3099999999999665,125.52224731445312,125.66370614359174,2.3276218615410884,106.92961916278023,76.65418022974083
1.3109999999999664,125.50015258789062,125.66370614359174,2.3118279019107035,124.72640991980788,93.66933476574127
1.3119999999999663,125.47647857666016,125.66370614359174,2.2965788175684634,116.11340664301623,89.70518163537643
1.3129999999999662,125.4543685913086,125.66370614359174,2.2756067555121757,126.24114360564334,93.58014047033323
1.313999999999966,125.43724060058594,125.66370614359174,2.264643752212682,156.57607584881407,106.0810512797831
1.314999999999966,125.42817687988281,125.66370614359174,2.2798003594622656,178.6652799546469,126.28260784074392
1.3159999999999659,125.41810607910156,125.66370614359174,2.2952572995236302,172.2790614459459,123.75271812097854
1.3169999999999658,125.40927124023438,125.66370614359174,2.304575448474323,180.77684969951522,126.83973965254965
1.3179999999999656,125.40428924560547,125.66370614359174,2.3211044151635165,205.90487938338933,136.5082223693252
1.3189999999999655,125.40554809570312,125.66370614359174,2.3581760111356433,218.98429794646484,152.1540338438414
1.3199999999999654,125.40345764160156,125.66370614359174,2.3889298753439823,201.92401919496288,143.73748574577132
1.3209999999999653,125.39971160888672,125.66370614359174,2.4061863512098207,197.2942151507351,139.59602458927895
1.3219999999999652,125.39664459228516,125.66370614359174,2.4218344221085597,207.9018770323987,141.29638836952648
1.322999999999965,125.39661407470703,125.66370614359174,2.448442184448415,209.3566251767169,148.89856922946814
1.323999999999965,125.39024353027344,125.66370614359174,2.4661010841029456,178.50464452474142,133.0118580142171
1.3249999999999649,125.37952423095703,125.66370614359174,2.4631457743220353,161.10640508195894,122.07486197012906
1.3259999999999648,125.36727905273438,125.66370614359174,2.451779595901902,161.07072116255497,118.23906253073532
1.3269999999999647,125.3565673828125,125.66370614359174,2.4459008643367106,179.2701292904749,122.08189101290128
1.3279999999999645,125.35012817382812,125.66370614359174,2.4591864035477586,174.85708321845286,132.78187864580747
1.3289999999999644,125.33904266357422,125.66370614359174,2.4521470108025953,155.2665542227921,121.10378120082464
1.3299999999999643,125.32611846923828,125.66370614359174,2.434933632788158,153.15424815353947,116.49173242705594
1.3309999999999642,125.31458282470703,125.66370614359174,2.421750393570768,170.01481191283838,119.96671138933986
1.331999999999964,125.30740356445312,125.66370614359174,2.426983853223639,168.76164237879033,130.8792623900862
1.332999999999964,125.29585266113281,125.66370614359174,2.4158343706924175,149.70756212429333,119.8955218901629
1.3339999999999639,125.2828369140625,125.66370614359174,2.39434003683734,148.52947986235097,116.21232909864987
1.3349999999999638,125.2717056274414,125.66370614359174,2.3771315862457714,166.91308406724778,120.92884795136297
1.3359999999999637,125.26557922363281,125.66370614359174,2.3792689747494133,170.8807796775879,133.45870870439143
1.3369999999999636,125.25581359863281,125.66370614359174,2.369406790957937,154.44853045546168,124.32943171484465
1.3379999999999634,125.24526977539062,125.66370614359174,2.3500389501659162,155.64273939888488,122.35536240430329
1.3389999999999633,125.23724365234375,125.66370614359174,2.3359153555464447,176.22911954564222,128.6576905417894
1.3399999999999632,125.23481750488281,125.66370614359174,2.342231517968421,184.29464673490116,142.68701574056774
1.340999999999963,125.22927856445312,125.66370614359174,2.339478056005301,169.62705371682395,134.89090061667537
1.341999999999963,125.2232666015625,125.66370614359174,2.3274160370743116,171.58838801442516,133.67708528044943
1.342999999999963,125.2198715209961,125.66370614359174,2.3203932182912874,192.11085616213126,140.24554910284036
1.3439999999999628,125.22203826904297,125.66370614359174,2.3331698839460575,200.9713893896903,154.1664532014737
1.3449999999999627,125.2209243774414,125.66370614359174,2.3377881986540503,185.03261697636327,145.95846482815165
1.3459999999999626,125.21891021728516,125.66370614359174,2.331538510094237,184.59089109362108,143.69019471411923
1.3469999999999624,125.21891784667969,125.66370614359174,2.328182503665933,201.94639486878052,148.75563864496195
1.3479999999999623,125.22379302978516,125.66370614359174,2.3420661317072624,209.27878952872953,160.9586072842552
1.3489999999999622,125.2247085571289,125.66370614359174,2.348286240511838,189.78539778162738,151.03632408401782
1.3499999999999621,125.22392272949219,125.66370614359174,2.341050871753911,185.2718465525075,146.769567195407
1.350999999999962,125.2243423461914,125.66370614359174,2.3338568676509,198.52398270985816,149.80692061033616
1.351999999999962,125.22891998291016,125.66370614359174,2.3411775440964733,205.2242326119798,160.2209851065291
1.3529999999999618,125.2290267944336,125.66370614359174,2.342961119037752,182.93248272770487,149.01563453410807
1.3539999999999617,125.22698211669922,125.66370614359174,2.3293886592550828,175.87154947270722,143.62408502775307
1.3549999999999616,125.22583770751953,125.66370614359174,2.3141445845340565,187.22287826460519,145.89093265549317
1.3559999999999615,125.22876739501953,125.66370614359174,2.3123327553388315,217.09366651256434,156.0753501014059
1.3569999999999613,125.23845672607422,125.66370614359174,2.3380117934066282,221.54262477793952,173.0344703057468
1.3579999999999612,125.2459487915039,125.66370614359174,2.3442093999255507,213.54072625975618,167.55147691460428
1.3589999999999611,125.25363159179688,125.66370614359174,2.346642670867534,221.21562417157023,168.03241415087237
1.359999999999961,125.26417541503906,125.66370614359174,2.3588541139626535,245.3206678801061,175.2166282100966
1.360999999999961,125.2799301147461,125.66370614359174,2.3933974901386357,242.79169208583554,188.28058559188565
1.3619999999999608,125.29164123535156,125.66370614359174,2.4048719562080247,226.1960802366885,178.19567582343097
1.3629999999999607,125.30145263671875,125.66370614359174,2.4069506399974614,224.15931090973564,173.42768219990813
1.3639999999999606,125.31195068359375,125.66370614359174,2.4125323693450187,238.27998976003286,175.1812488943716
1.3649999999999605,125.32560729980469,125.66370614359174,2.4342538583211653,229.4028005148495,183.1158127639174
1.3659999999999604,125.33343505859375,125.66370614359174,2.4331795160472485,204.453907091223,168.5101820855305
1.3669999999999602,125.33781433105469,125.66370614359174,2.4183111591605906,195.1950113136129,159.87750245359422
1.3679999999999601,125.34175872802734,125.66370614359174,2.4031587009206503,203.94825637842274,158.80322748948333
1.36899999999996,125.34828186035156,125.66370614359174,2.4018115951133687,197.36507289428113,165.26673167146703
1.36999999999996,125.3489761352539,125.66370614359174,2.383552866785648,172.0067989762622,150.66154401430424
1.3709999999999598,125.34671020507812,125.66370614359174,2.351353513878383,164.3712704000339,143.22017489289226
1.3719999999999597,125.34497833251953,125.66370614359174,2.320031266518261,176.9366569706754,144.5743435697136
1.3729999999999596,125.34727478027344,125.66370614359174,2.305548702577426,180.8923453438147,154.67636548102456
1.3739999999999595,125.34561920166016,125.66370614359174,2.2827795345356146,163.21734165191822,144.75487802052368
1.3749999999999594,125.343017578125,125.66370614359174,2.249950004269363,163.90302846850528,142.388435299081
1.3759999999999593,125.34304809570312,125.66370614359174,2.222828298551675,185.11070665975586,148.98987927447962
1.3769999999999591,125.34918212890625,125.66370614359174,2.2181654543316975,199.32833520115372,164.2906915753541
1.377999999999959,125.35332489013672,125.66370614359174,2.210972346354759,189.628344075146,159.3077166737488
1.378999999999959,125.35808563232422,125.66370614359174,2.197354316182219,196.519605637451,160.87600900560804
1.3799999999999588,125.36658477783203,125.66370614359174,2.192351267242617,221.93404825557673,170.253595394616
1.3809999999999587,125.38179779052734,125.66370614359174,2.2112900559608923,237.77277578414817,187.1035877879557
1.3819999999999586,125.39517211914062,125.66370614359174,2.2265224663565215,228.01522898449272,182.50956112380376
1.3829999999999585,125.40865325927734,125.66370614359174,2.2335280951629626,231.9804933457574,182.8154776347508
1.3839999999999584,125.42477416992188,125.66370614359174,2.2455439137277367,251.94838510945257,189.45899292818436
1.3849999999999583,125.44603729248047,125.66370614359174,2.276020966236945,260.7721774459833,202.39182940804238
1.3859999999999582,125.4636001586914,125.66370614359174,2.2986192239721603,242.25303337769776,193.14523891621525
1.386999999999958,125.47906494140625,125.66370614359174,2.306926514406841,235.90799526220312,187.89791923745602
1.387999999999958,125.4947738647461,125.66370614359174,2.313270243712383,244.87738493696364,188.55216906131488
1.3889999999999578,125.51326751708984,125.66370614359174,2.3308606008238186,246.5132921611365,195.56839313099536
1.3899999999999577,125.52598571777344,125.66370614359174,2.340634400541656,218.4293926813482,181.08160103584586
1.3909999999999576,125.53474426269531,125.66370614359174,2.331106290530082,203.4802685372261,171.15592052712213
1.3919999999999575,125.54228210449219,125.66370614359174,2.315003395370242,205.60218491154842,168.1083521138068
1.3929999999999574,125.55166625976562,125.66370614359174,2.30681902633274,225.81818417079762,172.7657508059339
1.3939999999999573,125.56575012207031,125.66370614359174,2.3207385362341166,224.87744088505212,184.57691504288252
1.3949999999999572,125.57603454589844,125.66370614359174,2.3160143521605594,209.85730932508517,175.0605425028335
1.395999999999957,125.58501434326172,125.66370614359174,2.303817473559662,211.0039883267529,171.80025102875055
1.396999999999957,125.59565734863281,125.66370614359174,2.2983566034805394,229.82803839676276,175.97645879926122
1.3979999999999568,125.6107406616211,125.66370614359174,2.313682719150921,229.4688740894227,187.1830354528567
1.3989999999999567,125.62177276611328,125.66370614359174,2.3119698325486455,212.70604959493542,177.00451930551293
1.3999999999999566,125.63111877441406,125.66370614359174,2.3011185456307914,211.56627926004117,172.77630811293338
1.4009999999999565,125.64167022705078,125.66370614359174,2.2950981330853577,227.91659564468767,175.84650657853817
1.4019999999999564,125.65625762939453,125.66370614359174,2.3080107072061806,227.8356820481268,185.99327668125224
1.4029999999999563,125.66643524169922,125.66370614359174,2.305967124434671,208.97519294634202,174.93274640931443
1.4039999999999562,125.67454528808594,125.66370614359174,2.293067939336963,205.57467949967648,169.74121760497786
1.404999999999956,125.68351745605469,125.66370614359174,2.2832691216744077,219.86157297445925,171.9333998689076
1.405999999999956,125.69627380371094,125.66370614359174,2.291020409658787,221.3159631237606,181.45729727309345
1.4069999999999558,125.70452880859375,125.66370614359174,2.287018150719294,201.50837842753532,170.16817277979627
1.4079999999999557,125.71065521240234,125.66370614359174,2.271153393833907,197.23696902107156,164.8131488022306
1.4089999999999556,125.7176513671875,125.66370614359174,2.2575386734915788,211.00061176382872,167.01903332263103
1.4099999999999555,125.72855377197266,125.66370614359174,2.261099276699787,215.600932836089,176.8444004905826
1.4109999999999554,125.73523712158203,125.66370614359174,2.2568574095478637,196.44537327978625,166.26011516048618
1.4119999999999553,125.74006652832031,125.66370614359174,2.240556548511068,192.7451861992105,161.59028986832956
1.4129999999999552,125.74604797363281,125.66370614359174,2.226413885801772,207.1696428932452,164.5145197194035
1.413999999999955,125.75625610351562,125.66370614359174,2.2296551157328666,215.31041917545366,175.1533486707083
1.414999999999955,125.76266479492188,125.66370614359174,2.2287390884410487,197.32065148952398,165.59624972792662
1.4159999999999549,125.76750946044922,125.66370614359174,2.215690235877814,194.27871661207115,161.68857342887188
1.4169999999999547,125.77373504638672,125.66370614359174,2.20457044267456,209.00715159839834,165.15378405947465
1.4179999999999546,125.78433227539062,125.66370614359174,2.2105505704578223,219.47008496650614,176.18351194666496
1.4189999999999545,125.79129791259766,125.66370614359174,2.2149387336394777,201.55973319008004,167.0472295399568
1.4199999999999544,125.79669952392578,125.66370614359174,2.2063727293710014,197.7905260478777,163.1217048561686
1.4209999999999543,125.80332946777344,125.66370614359174,2.198524325810079,211.22138552124068,166.22277874019767
1.4219999999999542,125.81410217285156,125.66370614359174,2.20631189310182,242.0039789436037,176.67145637154255
1.422999999999954,125.83153533935547,125.66370614359174,2.2432806733081914,247.9073029322014,193.4408734284992
1.423999999999954,125.84687805175781,125.66370614359174,2.261441459789569,240.80933733813995,188.21813633574342
1.4249999999999539,125.862060546875,125.66370614359174,2.275910866847986,247.33513577087535,187.8375382491461
1.4259999999999537,125.87934875488281,125.66370614359174,2.2993366749267645,268.4563419289486,193.17012126181808
1.4269999999999536,125.90077209472656,125.66370614359174,2.343331519050098,262.9171098840781,203.62365440600925
1.4279999999999535,125.91729736328125,125.66370614359174,2.362945149236858,242.7798095576183,191.30463103657814
1.4289999999999534,125.93061828613281,125.66370614359174,2.3706902317610035,235.31900298668052,183.26631150850258
1.4299999999999533,125.94302368164062,125.66370614359174,2.378711414943359,242.62580449654962,180.98673339993695
1.4309999999999532,125.9568099975586,125.66370614359174,2.3991815827501695,229.04416122612707,184.48650575702703
1.431999999999953,125.9634017944336,125.66370614359174,2.3968236886459664,198.3414481784994,166.35710798487787
1.432999999999953,125.96500396728516,125.66370614359174,2.3774343360898746,182.52250446453291,153.80889233144669
1.4339999999999529,125.96459197998047,125.66370614359174,2.3542257870537244,184.49204923864556,148.73074652159772
1.4349999999999528,125.96526336669922,125.66370614359174,2.341533236282077,176.24361190744253,151.44938381068093
1.4359999999999526,125.95927429199219,125.66370614359174,2.3150942800761647,147.42919276599525,134.67036845615138
1.4369999999999525,125.94955444335938,125.66370614359174,2.2726570269609643,136.4994111662191,125.26155753168699
1.4379999999999524,125.93973541259766,125.66370614359174,2.2293421288895807,146.31196622006044,125.01178164881352
1.4389999999999523,125.93350982666016,125.66370614359174,2.202115918774803,153.72905998273075,134.0444732592323
1.4399999999999522,125.9236068725586,125.66370614359174,2.172991812572628,137.317349911983,124.76110882942946
1.440999999999952,125.9130859375,125.66370614359174,2.1343764644157934,139.3404323825666,123.20499946597278
1.441999999999952,125.90556335449219,125.66370614359174,2.1026942873780015,162.02228769299342,130.7409890519067
1.4429999999999519,125.90453338623047,125.66370614359174,2.0957578790244216,182.1835725771635,147.08340316936227
1.4439999999999518,125.90240478515625,125.66370614359174,2.0932603841558004,176.33388741074606,144.3154522856136
1.4449999999999517,125.90159606933594,125.66370614359174,2.0863297725587553,186.06717446902272,147.64396196840914
1.4459999999999515,125.90497589111328,125.66370614359174,2.089889411779007,213.24735129230416,158.1960675995618
1.4469999999999514,125.91525268554688,125.66370614359174,2.1190364117879463,232.67525136607225,175.5827992379497
1.4479999999999513,125.92411041259766,125.66370614359174,2.148071762814724,224.6167579559468,172.00818452206954
1.4489999999999512,125.93306732177734,125.66370614359174,2.1686816830859468,228.24036239757675,172.2921393879229
1.449999999999951,125.94422912597656,125.66370614359174,2.1931228265696463,245.94141249163926,177.84420117530425
1.450999999999951,125.95968627929688,125.66370614359174,2.2339041512403246,253.6878006902419,188.70035066156575
1.4519999999999509,125.97077178955078,125.66370614359174,2.26772628761654,231.96420426311352,177.6896118318868
1.4529999999999508,125.97867584228516,125.66370614359174,2.284199402083417,220.42561866490132,169.70436323189637
1.4539999999999507,125.98542785644531,125.66370614359174,2.294693031540912,222.6499900470634,166.79298322417173
1.4549999999999506,125.99330139160156,125.66370614359174,2.311797166962851,239.59604892804202,169.66009162152545
1.4559999999999504,126.00440216064453,125.66370614359174,2.3474275954604917,231.19068099567892,177.782469677758
1.4569999999999503,126.00999450683594,125.66370614359174,2.358853489148066,208.5126928385671,163.91487896038265
1.4579999999999502,126.01201629638672,125.66370614359174,2.3574880392523747,199.43416247759768,154.93196647463745
1.4589999999999501,126.01298522949219,125.66370614359174,2.355937135878916,206.0723271835949,152.27261717421632
1.45999999999995,126.01538848876953,125.66370614359174,2.367088972426459,194.318286142166,155.89574609444347
1.46099999999995,126.01103210449219,125.66370614359174,2.3577780674529225,165.4611457441483,138.854377949319
1.4619999999999498,126.00239562988281,125.66370614359174,2.3324877073944057,152.46528739444813,128.04211178078612
1.4629999999999497,125.99259948730469,125.66370614359174,2.30501570657418,157.97241622532152,125.13213861807064
1.4639999999999496,125.98483276367188,125.66370614359174,2.290370635229524,154.43148602067347,130.2207017379327
1.4649999999999495,125.97154235839844,125.66370614359174,2.2645971942544167,130.3386870606423,116.3034870869294
1.4659999999999493,125.95569610595703,125.66370614359174,2.2251519485146467,124.16648911851627,109.83405209314792
1.4669999999999492,125.94084167480469,125.66370614359174,2.1874648602249,138.36595908015883,112.30553068450598
1.4679999999999491,125.93045806884766,125.66370614359174,2.1685752685472717,148.76610733586742,123.57373879245581
1.468999999999949,125.91719818115234,125.66370614359174,2.14834302665987,135.59705589006845,116.31542251071124
1.469999999999949,125.90391540527344,125.66370614359174,2.120132424490363,139.8701122111162,116.23631486108351
1.4709999999999488,125.8939208984375,125.66370614359174,2.0998638394294957,163.55079363150236,124.50478669973184
1.4719999999999487,125.89036560058594,125.66370614359174,2.10440059742303,182.05127731416056,140.7007775240763
1.4729999999999486,125.88545989990234,125.66370614359174,2.110682505505091,174.96713801472768,137.30909627515123
1.4739999999999485,125.88138580322266,125.66370614359174,2.1111456348188598,182.37982708703643,139.4081368861592
1.4749999999999484,125.88077545166016,125.66370614359174,2.119899173631778,206.1978891666558,148.11254129545532
1.4759999999999482,125.8861083984375,125.66370614359174,2.151240127045199,220.95484308165155,163.07394751185134
1.4769999999999481,125.88903045654297,125.66370614359174,2.17944788449406,208.53869018515425,157.01307251692538
1.477999999999948,125.89106750488281,125.66370614359174,2.1965884253046917,207.6941981861257,154.7902638665757
1.478999999999948,125.89433288574219,125.66370614359174,2.214825493232225,221.02596239047296,157.89583790225072
1.4799999999999478,125.90099334716797,125.66370614359174,2.2468845685757675,225.71263303204236,166.4547739315247
1.4809999999999477,125.90261840820312,125.66370614359174,2.2718520850258175,201.02528595657486,153.77552791036862
1.4819999999999476,125.90067291259766,125.66370614359174,2.2782623827197668,187.54472748468734,144.77831287671444
1.4829999999999475,125.89743041992188,125.66370614359174,2.277933140972263,188.9159368259296,141.50220061634303
1.4839999999999474,125.89542388916016,125.66370614359174,2.2841830047597975,206.09512472564538,144.61065888869283
1.4849999999999473,125.8969497680664,125.66370614359174,2.309888836284846,200.4471594622181,153.51640569921926
1.4859999999999471,125.89366149902344,125.66370614359174,2.314162218020128,180.61013071262815,141.39846277281111
1.486999999999947,125.88774871826172,125.66370614359174,2.3073455351823355,175.36016739932185,134.7669022222971
1.487999999999947,125.88186645507812,125.66370614359174,2.302711984421375,186.51063303332114,134.84041512596502
1.4889999999999468,125.87857055664062,125.66370614359174,2.313767190723016,179.98275978114356,141.3500921494914
1.4899999999999467,125.86981964111328,125.66370614359174,2.306651602784946,156.59042739148921,127.61381794072314
1.4909999999999466,125.85807800292969,125.66370614359174,2.2862035599614434,148.951552648344,120.06139836760823
1.4919999999999465,125.84635162353516,125.66370614359174,2.2664122443332486,159.2809855460065,120.08541759836648
1.4929999999999464,125.83758544921875,125.66370614359174,2.2621479112208465,158.37711020138767,127.54029753606152
1.4939999999999463,125.82412719726562,125.66370614359174,2.2463303321939265,137.59190429320182,115.700137534751
1.4949999999999461,125.80866241455078,125.66370614359174,2.2182395715166816,133.5768150875529,110.64262606432162
1.495999999999946,125.79442596435547,125.66370614359174,2.1927765509521686,148.546754244442,113.70568227574968
1.496999999999946,125.78453826904297,125.66370614359174,2.185996080621557,156.3660522141774,124.66106921147475
1.4979999999999458,125.77146911621094,125.66370614359174,2.1743321310008006,141.5666530702072,116.61481635911395
1.4989999999999457,125.75779724121094,125.66370614359174,2.1531986368933156,143.10875248101047,115.10906100600943
1.4999999999999456,125.74662017822266,125.66370614359174,2.137664814030874,163.04659067352654,121.35136031099948
1.5009999999999455,125.74087524414062,125.66370614359174,2.143679395508782,176.15708158809866,135.0167094880463
1.5019999999999454,125.73280334472656,125.66370614359174,2.1475702900286597,164.5356211157498,129.13583277730143
1.5029999999999453,125.7245864868164,125.66370614359174,2.14272963350334,167.44880763042852,128.76988482225428
1.5039999999999452,125.71890258789062,125.66370614359174,2.143214265563857,187.03475596384956,135.15013840736046
1.504999999999945,125.7183609008789,125.66370614359174,2.1636595318611356,198.72385957225382,148.05165863085227
1.505999999999945,125.71488189697266,125.66370614359174,2.1804959180054397,183.86388104246453,140.687184645045
1.5069999999999448,125.71028137207031,125.66370614359174,2.185343875759486,181.76423768015826,137.8489227486425
1.5079999999999447,125.70694732666016,125.66370614359174,2.1911031274395767,195.0675456618907,141.02964448798596
1.5089999999999446,125.70731353759766,125.66370614359174,2.2115121120396375,201.85174870221147,150.32625443060215
1.5099999999999445,125.70330810546875,125.66370614359174,2.2271787808321846,179.9536017216023,139.34323424095487
1.5109999999999444,125.69668579101562,125.66370614359174,2.2261510959621993,170.48775901564397,132.73767295318427
1.5119999999999443,125.68991088867188,125.66370614359174,2.221031880010941,176.7863810854953,132.3540735291983
1.5129999999999442,125.68563842773438,125.66370614359174,2.2259197868753158,199.43417906321008,138.64199576166212
1.513999999999944,125.68619537353516,125.66370614359174,2.2542017209718215,199.02937774004099,150.79767849706442
1.514999999999944,125.683349609375,125.66370614359174,2.2626391672386275,185.26010844255654,142.21504789225332
1.5159999999999438,125.6791763305664,125.66370614359174,2.2631953898860773,185.72104575882003,138.88910359487005
1.5169999999999437,125.67616271972656,125.66370614359174,2.269108182879313,201.7773365196358,141.79202791674322
1.5179999999999436,125.67659759521484,125.66370614359174,2.2933405803911184,196.77486077419573,150.45718700739656
1.5189999999999435,125.6722640991211,125.66370614359174,2.2973631993996846,176.34414634109177,138.47212926628984
1.5199999999999434,125.6653060913086,125.66370614359174,2.2892107418129957,170.31641731728482,131.86479328911844
1.5209999999999433,125.65837860107422,125.66370614359174,2.282191161730952,180.7046292442156,131.93632147591302
1.5219999999999432,125.6540756225586,125.66370614359174,2.2900561338192897,175.5686507979489,138.5262365431231
1.522999999999943,125.64453887939453,125.66370614359174,2.281531822671173,152.37337148536636,125.35528667431247
1.523999999999943,125.6322021484375,125.66370614359174,2.259076655224749,144.87404359722882,118.31898442325014
1.5249999999999428,125.62008666992188,125.66370614359174,2.236824228056382,155.42324247575547,118.86170433418317
1.5259999999999427,125.61119079589844,125.66370614359174,2.2299789930472413,156.7362774779334,126.91449990883008
1.5269999999999426,125.5979995727539,125.66370614359174,2.2137079823052774,137.11913174257117,116.14034735063191
1.5279999999999425,125.58318328857422,125.66370614359174,2.185172172989317,134.0971351883908,112.02060106483525
1.5289999999999424,125.5699234008789,125.66370614359174,2.159420721791586,149.959143185571,115.91820014604573
1.5299999999999423,125.56134033203125,125.66370614359174,2.1527582831853254,159.9477369985163,127.6624339207031
1.5309999999999422,125.55001068115234,125.66370614359174,2.143012897259895,146.55404361294583,120.75930973065827
1.531999999999942,125.53843688964844,125.66370614359174,2.1240070369111113,149.06445111778228,120.11718897579154
1.532999999999942,125.52960205078125,125.66370614359174,2.1107843918017353,169.59715880837277,126.97368212853812
1.5339999999999419,125.52637481689453,125.66370614359174,2.119268715373775,183.84873528170917,141.07640406198516
1.5349999999999417,125.5210952758789,125.66370614359174,2.126450473833875,172.9097138476968,135.90304057291053
1.5359999999999416,125.51581573486328,125.66370614359174,2.124612800132488,175.90585345882718,135.87765140279336
1.5369999999999415,125.5130844116211,125.66370614359174,2.127613399186971,195.08761537088228,142.29503893157616
1.5379999999999414,125.51543426513672,125.66370614359174,2.149913624751632,206.75804535052754,155.04042441379553
1.5389999999999413,125.51490783691406,125.66370614359174,2.16871127354,191.5994595928441,147.83475523884587
1.5399999999999412,125.51319885253906,125.66370614359174,2.1746545777084205,188.69582658521645,144.84032299146926
1.540999999999941,125.5125961303711,125.66370614359174,2.1804906276387426,200.85614660205624,147.64469959743207
1.541999999999941,125.51551818847656,125.66370614359174,2.199912031855175,207.31385888630405,156.4815547178712
1.5429999999999409,125.51406860351562,125.66370614359174,2.21489904293919,184.8524918204275,145.505670216421
1.5439999999999408,125.50992584228516,125.66370614359174,2.212314490295359,174.5795189806169,138.72755074138678
1.5449999999999406,125.50552368164062,125.66370614359174,2.2047618732611687,179.99275083924584,138.08606236464453
1.5459999999999405,125.5035400390625,125.66370614359174,2.2064900077405687,201.87152819589193,144.1589688433905
1.5469999999999404,125.50638580322266,125.66370614359174,2.2312056225321006,202.25995044053738,156.2838135352458
1.5479999999999403,125.50601959228516,125.66370614359174,2.237259624043105,188.87927890387476,148.20049262742415
1.5489999999999402,125.5045166015625,125.66370614359174,2.2353347151846745,189.77595015820702,145.3606529561745
1.54999999999994,125.50438690185547,125.66370614359174,2.2389063084454435,206.4213184662596,148.80818704357867
1.55099999999994,125.50798034667969,125.66370614359174,2.2612628369554555,203.34301986349752,158.16577282967987
1.5519999999999399,125.50727081298828,125.66370614359174,2.2648457676610634,184.50579850043934,147.34457435055128
1.5529999999999398,125.50433349609375,125.66370614359174,2.2567472714649166,179.90509714026257,141.75157323148233
1.5539999999999397,125.50177764892578,125.66370614359174,2.250413082793699,191.58361455390116,142.72043178949707
1.5549999999999395,125.50218200683594,125.66370614359174,2.2597215874383036,188.21570067654304,150.15285969649477
1.5559999999999394,125.49779510498047,125.66370614359174,2.2535110197363872,166.64502109322189,138.10945818984638
1.5569999999999393,125.49091339111328,125.66370614359174,2.233842583930135,160.2415068533705,131.8325105979654
1.5579999999999392,125.48442077636719,125.66370614359174,2.214793648223265,171.39477907431285,132.81088951950585
1.558999999999939,125.48121643066406,125.66370614359174,2.2114405226964498,173.0309180884134,141.06407368055207
1.559999999999939,125.473876953125,125.66370614359174,2.1985753456047714,153.82294940200575,130.66255657180596
1.5609999999999389,125.46485900878906,125.66370614359174,2.1733021856583967,150.5179677766277,126.45471439389124
1.5619999999999388,125.45722198486328,125.66370614359174,2.150443095195454,165.52193718223967,129.89965360309492
1.5629999999999387,125.45399475097656,125.66370614359174,2.1460332359714145,174.3751757686725,140.96993473388096
1.5639999999999386,125.44786071777344,125.66370614359174,2.13783884580997,160.07885220479466,133.6599457715156
1.5649999999999384,125.44116973876953,125.66370614359174,2.11953702245234,161.19458356671652,132.2738445853222
1.5659999999999383,125.43684387207031,125.66370614359174,2.105994108407826,180.02731645988308,138.18467116757304
1.5669999999999382,125.43775177001953,125.66370614359174,2.113050987619064,192.9872510573523,151.31238466616185
1.567999999999938,125.43640899658203,125.66370614359174,2.1185148645729175,181.01715098868104,145.66525098053586
1.568999999999938,125.434814453125,125.66370614359174,2.11416494949477,182.86697925636517,145.04871095929806
1.569999999999938,125.43555450439453,125.66370614359174,2.113947815890725,200.9574539564547,150.87881501351754
1.5709999999999378,125.4411849975586,125.66370614359174,2.1325705291190293,212.54621306434635,163.18589741223224
1.5719999999999377,125.44404602050781,125.66370614359174,2.1484304705988677,197.5648287145354,156.20980282905577
1.5729999999999376,125.44578552246094,125.66370614359174,2.151440546133783,194.91126263394085,153.42790259133596
1.5739999999999374,125.4487533569336,125.66370614359174,2.154575608874351,207.46867060429207,156.49083885608033
1.5749999999999373,125.45539093017578,125.66370614359174,2.171837423803853,215.1573034154291,165.71673725208458
1.5759999999999372,125.45805358886719,125.66370614359174,2.1858463106258106,194.2573368302776,155.74886522914554
1.5769999999999371,125.45835876464844,125.66370614359174,2.1829583845155125,185.4269363521264,149.83855528603402
1.577999999999937,125.45870208740234,125.66370614359174,2.1759269383803446,192.1476839547575,149.93751664336645
1.578999999999937,125.46173095703125,125.66370614359174,2.179132934123176,215.21672203940508,156.66945302666355
1.5799999999999368,125.46984100341797,125.66370614359174,2.2063178456208834,216.908262071426,169.43467759721025
1.5809999999999367,125.47509002685547,125.66370614359174,2.215298462400345,204.99142993646848,162.26066143512108
1.5819999999999366,125.47943115234375,125.66370614359174,2.216887042282235,206.8472954599224,159.99217576090302
1.5829999999999365,125.48526000976562,125.66370614359174,2.224410364858722,223.9710028807068,163.71691171113696
1.5839999999999363,125.49482727050781,125.66370614359174,2.2508969206342955,220.7782616071831,173.1380437518999
1.5849999999999362,125.50016021728516,125.66370614359174,2.258019365775337,202.13108357367923,162.5163507285994
1.5859999999999361,125.50316619873047,125.66370614359174,2.2532284240784417,197.0468099051192,156.67631789041883
1.586999999999936,125.50631713867188,125.66370614359174,2.2497092981184434,207.67723137442903,157.04257845161246
1.587999999999936,125.51210021972656,125.66370614359174,2.2610496050378854,202.80961852765682,163.64933858380286
1.5889999999999358,125.51283264160156,125.66370614359174,2.2559626804483006,180.04631813115472,150.985759214745
1.5899999999999357,125.51068878173828,125.66370614359174,2.2365500748167784,171.98615284294442,143.75329880517805
1.5909999999999356,125.50846862792969,125.66370614359174,2.2167130056823754,181.20418755838557,143.57338604915395
1.5919999999999355,125.50906372070312,125.66370614359174,2.211437594217364,181.3035448885552,150.63000538186046
1.5929999999999354,125.50521087646484,125.66370614359174,2.196381831000573,160.75361058554637,139.46490248329758
1.5939999999999352,125.49934387207031,125.66370614359174,2.168117524846512,156.04001727431125,134.38803305903392
1.5949999999999351,125.4945068359375,125.66370614359174,2.1415345917078707,169.74040161727527,136.98013497414814
1.595999999999935,125.49380493164062,125.66370614359174,2.13291327395385,178.39273906632627,147.35309480415899
1.596999999999935,125.49015808105469,125.66370614359174,2.1214053814529,164.0106222763963,139.95778102509902
1.5979999999999348,125.48593139648438,125.66370614359174,2.0998504596860954,165.17531825780884,138.5069247655705
1.5989999999999347,125.48406982421875,125.66370614359174,2.0833943749813577,184.26478907374303,144.43568122858866
1.5999999999999346,125.48751068115234,125.66370614359174,2.0882652732847333,198.41890897927055,157.73950273945363
1.6009999999999345,125.48899841308594,125.66370614359174,2.0930483853423296,187.8101888385754,152.84393445062076
1.6019999999999344,125.49050903320312,125.66370614359174,2.0889007236080457,190.95772401664982,152.89658618140604
1.6029999999999343,125.49457550048828,125.66370614359174,2.089917542229863,210.26175657591168,159.31937009097138
1.6039999999999341,125.50375366210938,125.66370614359174,2.110887371754559,223.11874528376904,172.17238863396318
1.604999999999934,125.51051330566406,125.66370614359174,2.129869257733667,209.6855049151886,166.10377601972505
1.605999999999934,125.51639556884766,125.66370614359174,2.136678007860405,208.1024699648473,163.91293156350207
1.6069999999999338,125.52360534667969,125.66370614359174,2.1441347635883727,221.23292292023936,167.25319678074905
1.6079999999999337,125.53447723388672,125.66370614359174,2.1659753653357705,228.85084817906443,176.48508366905017
1.6089999999999336,125.54145812988281,125.66370614359174,2.184182884885135,208.16398409979269,166.70502519506533
1.6099999999999335,125.54597473144531,125.66370614359174,2.1852580492824334,198.84472226354092,160.53251425413157
1.6109999999999334,125.5502700805664,125.66370614359174,2.181653743883806,204.449537174312,159.97155504255505
1.6119999999999333,125.55685424804688,125.66370614359174,2.1874050663538727,225.92004916639507,165.74368283239244
1.6129999999999332,125.56806945800781,125.66370614359174,2.2159426244140885,225.83842714407905,177.37535046277418
1.613999999999933,125.5760498046875,125.66370614359174,2.2255261609144634,212.20761625358995,169.2747718828568
1.614999999999933,125.58267211914062,125.66370614359174,2.2265543072648444,212.0371801096346,165.8578574591406
1.6159999999999328,125.59026336669922,125.66370614359174,2.232229789352124,227.02228491668757,168.33297229031768
1.6169999999999327,125.60112762451172,125.66370614359174,2.255622979543719,222.56304679292126,176.5447014133312
1.6179999999999326,125.60745239257812,125.66370614359174,2.259963267471575,202.48585063388052,165.1527741192228
1.6189999999999325,125.61113739013672,125.66370614359174,2.2515917326140915,196.06159935005357,158.54638811955525
1.6199999999999324,125.61470794677734,125.66370614359174,2.243822676358927,205.60278720647878,158.24198733834228
1.6209999999999323,125.6207046508789,125.66370614359174,2.250558537573073,201.22707392136007,164.37337049976307
1.6219999999999322,125.6217041015625,125.66370614359174,2.2423929810810255,178.57855713217023,151.79307353992715
1.622999999999932,125.61988067626953,125.66370614359174,2.2199985466374317,170.8319856691802,144.71227800494194
1.623999999999932,125.61808776855469,125.66370614359174,2.197522011145814,180.61372105216407,144.7782858798718
1.6249999999999318,125.61924743652344,125.66370614359174,2.1903113098334486,182.54930458468942,152.20861973452062
1.6259999999999317,125.61629486083984,125.66370614359174,2.1752854603862635,163.428956699614,141.86412757187034
1.6269999999999316,125.61161041259766,125.66370614359174,2.147853440116811,160.04420252524443,137.51289445893926
1.6279999999999315,125.60820007324219,125.66370614359174,2.1230308301235694,174.94732972802825,140.71658642162396
1.6289999999999314,125.60912322998047,125.66370614359174,2.117187673368738,185.08951364120512,151.5892910067811
1.6299999999999313,125.60738372802734,125.66370614359174,2.1096842637295223,171.9004736526498,144.90108501118115
1.6309999999999312,125.60521697998047,125.66370614359174,2.09267700432592,173.73252209270328,143.82881595349644
1.631999999999931,125.60543060302734,125.66370614359174,2.081082132285973,192.96963146057837,149.8042868050334
1.632999999999931,125.61083221435547,125.66370614359174,2.0907822314465556,206.94592056109042,162.85521056848413
1.6339999999999308,125.61421966552734,125.66370614359174,2.1003051650797055,195.89883633065344,157.77844891405397
1.6349999999999307,125.61738586425781,125.66370614359174,2.100256549533924,197.94883908265962,157.251120508257
1.6359999999999306,125.62274169921875,125.66370614359174,2.1043257639928603,215.6136872764527,162.7495366001048
1.6369999999999305,125.63273620605469,125.66370614359174,2.1269289499187654,226.97740275622428,174.4249376169946
1.6379999999999304,125.6399154663086,125.66370614359174,2.1471963490029715,211.61546483371447,167.3552071008223
1.6389999999999303,125.64573669433594,125.66370614359174,2.153884716443168,207.7487397266524,163.94050918760203
1.6399999999999302,125.65233612060547,125.66370614359174,2.159611561970381,218.44219541718098,165.92843630929536
1.64099999999993,125.66206359863281,125.66370614359174,2.1780944370073945,244.17875499550644,173.79669833071324
1.64199999999993,125.67698669433594,125.66370614359174,2.2217931376879636,244.2343087398537,186.86000716283115
1.6429999999999298,125.68902587890625,125.66370614359174,2.243462196776066,232.57277697289257,179.66519990598343
1.6439999999999297,125.69977569580078,125.66370614359174,2.2574079505055704,233.10840853424108,176.42195425513833
1.6449999999999296,125.71124267578125,125.66370614359174,2.275926253258431,247.33034597451908,178.24443408612476
1.6459999999999295,125.7253646850586,125.66370614359174,2.3108105403193933,237.44074615519452,184.940464736002
1.6469999999999294,125.73412322998047,125.66370614359174,2.321312235189935,213.9539134603501,171.4725642226392
1.6479999999999293,125.73921966552734,125.66370614359174,2.3171804068033834,203.24259685350256,162.26369658186235
1.6489999999999292,125.74298095703125,125.66370614359174,2.3110245558219056,207.75269983796,158.92130321302903
1.649999999999929,125.74784851074219,125.66370614359174,2.3160365126629006,196.27659420488624,161.70201483291484
1.650999999999929,125.74640655517578,125.66370614359174,2.3020532936959768,168.14644801946113,145.84805026401688
1.6519999999999289,125.74095916748047,125.66370614359174,2.271237725961927,155.41842570191892,135.74353776761723
1.6529999999999287,125.73448181152344,125.66370614359174,2.237707549446254,160.93175551331197,133.16000515115357
1.6539999999999286,125.73009490966797,125.66370614359174,2.2171121641759086,159.79703436895124,138.4161955203754
1.6549999999999285,125.72103118896484,125.66370614359174,2.1882073938279754,138.5961283063334,126.65317435786717
1.6559999999999284,125.71002960205078,125.66370614359174,2.1463598482307336,134.69532434741345,121.73987217610967
1.6569999999999283,125.70040130615234,125.66370614359174,2.107494242518225,150.59041955026225,125.20128435817114
1.6579999999999282,125.69549560546875,125.66370614359174,2.0892878303024736,163.61118366260814,137.06081780790575
1.658999999999928,125.68862915039062,125.66370614359174,2.072384422421109,154.0519071714493,132.13670662990012
1.659999999999928,125.68231964111328,125.66370614359174,2.0491455126799605,160.77927560089364,133.52334785544647
1.6609999999999279,125.67955780029297,125.66370614359174,2.0355758789014406,185.75717454349035,142.41369611279697
1.6619999999999278,125.68321228027344,125.66370614359174,2.0483938092602827,204.73675882298548,158.56494261332622
1.6629999999999276,125.68610382080078,125.66370614359174,2.0631591179172744,199.76214527859096,156.66326328259723
1.6639999999999275,125.69001770019531,125.66370614359174,2.0724471553789106,207.7443404586179,159.22135594261175
1.6649999999999274,125.69718933105469,125.66370614359174,2.0898403644992722,230.68197323980132,167.42912107958892
1.6659999999999273,125.70982360839844,125.66370614359174,2.12895318314784,243.26852315374757,181.17289054253703
1.6669999999999272,125.72017669677734,125.66370614359174,2.16305366877297,230.5845433763851,175.45946971908643
1.667999999999927,125.72941589355469,125.66370614359174,2.184622948401906,228.10078622613963,172.66292014604713
1.668999999999927,125.73933410644531,125.66370614359174,2.205401421269917,238.6411430125136,174.4028395331415
1.6699999999999269,125.75190734863281,125.66370614359174,2.23778791756123,240.3762535675186,181.08258828348693
1.6709999999999268,125.75940704345703,125.66370614359174,2.261811322462139,214.4089562978978,168.3412026458998
1.6719999999999267,125.76304626464844,125.66370614359174,2.2655001514540722,198.88449243502197,158.65850714229205
1.6729999999999265,125.76492309570312,125.66370614359174,2.260598564462403,197.69317830786656,154.19968606472193
1.6739999999999264,125.76746368408203,125.66370614359174,2.2605719183259088,212.1757719820897,155.88392732719456
1.6749999999999263,125.77301025390625,125.66370614359174,2.2787559036884106,205.85533387238394,163.4582392778975
1.6759999999999262,125.77400970458984,125.66370614359174,2.276675687214769,186.36149091116167,152.0044310107536
1.676999999999926,125.77253723144531,125.66370614359174,2.2631952670976787,181.43819849092444,145.81187967086163
1.677999999999926,125.77123260498047,125.66370614359174,2.252087240318699,193.07126594578386,146.21463006992244
1.6789999999999259,125.7726821899414,125.66370614359174,2.2575762891517175,189.06967908396314,153.14891212710486
1.6799999999999258,125.76959991455078,125.66370614359174,2.247465608478989,169.1008697436061,141.741781241867
1.6809999999999257,125.76427459716797,125.66370614359174,2.225425523050096,164.55004286730227,136.08401486394115
1.6819999999999256,125.75953674316406,125.66370614359174,2.2059063961037193,177.60010693344287,137.57128909392665
1.6829999999999254,125.75821685791016,125.66370614359174,2.204216411936294,179.7000035117551,146.1714778228406
1.6839999999999253,125.75323486328125,125.66370614359174,2.192903292399132,163.0581546355376,136.94029111878598
1.6849999999999252,125.7469253540039,125.66370614359174,2.171180102895898,162.0349391278115,133.58810459891973
1.6859999999999251,125.74214935302734,125.66370614359174,2.153921466042721,178.78542424945618,137.4508047616613
1.686999999999925,125.74174499511719,125.66370614359174,2.156875898098349,186.7397705912457,148.43887389330473
1.687999999999925,125.73858642578125,125.66370614359174,2.15447413052584,173.61124955848166,141.52528996322584
1.6889999999999248,125.73482513427734,125.66370614359174,2.142944184005765,175.16674811054529,139.98402928427734
1.6899999999999247,125.73310089111328,125.66370614359174,2.136751860524534,193.56840534408306,145.11837469732924
1.6909999999999246,125.73604583740234,125.66370614359174,2.1510213603220265,203.2647851260222,156.84997409749903
1.6919999999999245,125.73634338378906,125.66370614359174,2.160774074652351,189.91177607589594,150.20684804077618
1.6929999999999243,125.7358169555664,125.66370614359174,2.1600438951688883,189.77144687436578,148.1279764031592
1.6939999999999242,125.73684692382812,125.66370614359174,2.1623515060344936,205.28242251653722,152.0365240895447
1.6949999999999241,125.7418441772461,125.66370614359174,2.1819239998951847,212.71068089297086,162.02934351105407
1.695999999999924,125.743408203125,125.66370614359174,2.1963710783207513,195.0298733543548,153.3747982844175
1.696999999999924,125.74314880371094,125.66370614359174,2.1967751708074776,189.69189607414194,148.81389908315947
1.6979999999999238,125.74337005615234,125.66370614359174,2.196065962212425,199.65722592791036,150.0204500089218
1.6989999999999237,125.74651336669922,125.66370614359174,2.2083254414842832,204.84132036796575,157.3683442259998
1.6999999999999236,125.74531555175781,125.66370614359174,2.216951869735104,182.43001132692183,146.44804033810442
1.7009999999999235,125.7414779663086,125.66370614359174,2.208378029991076,172.6699353696978,139.8134718298496
1.7019999999999234,125.73746490478516,125.66370614359174,2.1956570268821345,179.01826372682254,139.3663398914345
1.7029999999999232,125.73597717285156,125.66370614359174,2.1936035012787456,202.23409978154163,145.69357650051768
1.7039999999999231,125.73944091796875,125.66370614359174,2.216493991595299,204.54770339820564,158.17032104368536
1.704999999999923,125.74032592773438,125.66370614359174,2.222726294581711,194.18321772190464,151.69097209654296
1.705999999999923,125.74063873291016,125.66370614359174,2.223005233231905,198.0148481907155,150.24528479493677
1.7069999999999228,125.74275970458984,125.66370614359174,2.2309703983080373,217.3352526660218,154.77876925498916
1.7079999999999227,125.74888610839844,125.66370614359174,2.2598310319504606,215.78219783550236,164.8794471673114
1.7089999999999226,125.75131225585938,125.66370614359174,2.270377257703116,199.61107050214417,155.57715598352652
1.7099999999999225,125.75186157226562,125.66370614359174,2.2705441420629326,196.8142371746855,150.8545030479653
1.7109999999999224,125.75285339355469,125.66370614359174,2.273417840140585,209.3075193690409,151.96632687639982
1.7119999999999223,125.7565689086914,125.66370614359174,2.292251853832658,204.41846087201833,158.82607981016204
1.7129999999999221,125.75545501708984,125.66370614359174,2.294034924380912,182.46773873376694,146.67874045303145
1.713999999999922,125.75149536132812,125.66370614359174,2.281830816207291,174.56952976379918,139.49856024777176
1.714999999999922,125.74725341796875,125.66370614359174,2.2691110490425723,183.19682269564052,138.8021385523439
1.7159999999999218,125.74536895751953,125.66370614359174,2.2702389941842314,180.72979495795664,144.72934384874964
1.7169999999999217,125.73867797851562,125.66370614359174,2.2597809479359037,158.25814511174008,132.6187378363448
1.7179999999999216,125.72943878173828,125.66370614359174,2.234898403475355,151.1582921583302,126.22482017486384
1.7189999999999215,125.72056579589844,125.66370614359174,2.209999420140028,162.08409838072797,127.11228431490188
1.7199999999999214,125.71499633789062,125.66370614359174,2.2008948738088217,167.45290474157153,135.42400686801497
1.7209999999999213,125.70584869384766,125.66370614359174,2.187597189405472,149.99288354303897,126.41268382497155
1.7219999999999211,125.69549560546875,125.66370614359174,2.1624361868544586,148.3196382988231,123.36288432691859
1.722999999999921,125.68687438964844,125.66370614359174,2.1404855448939824,164.93803535802996,127.71245729260139
1.723999999999921,125.68293762207031,125.66370614359174,2.138187105652322,177.86865365071677,139.47792731903792
1.7249999999999208,125.6767349243164,125.66370614359174,2.1367799855317564,165.7881266741296,133.79600567066785
1.7259999999999207,125.67039489746094,125.66370614359174,2.125898836199751,168.27349374800323,133.41029726236508
1.7269999999999206,125.66653442382812,125.66370614359174,2.120088023013586,187.7241878008278,139.66923442419167
1.7279999999999205,125.66781616210938,125.66370614359174,2.13482806713516,202.4055710236466,152.55906990125573
1.7289999999999204,125.66698455810547,125.66370614359174,2.150468377475825,190.35186946730778,147.28359726867322
1.7299999999999203,125.66573333740234,125.66370614359174,2.155160382950094,190.84694437720165,146.20073313264336
1.7309999999999202,125.66630554199219,125.66370614359174,2.16210506548321,206.57265419194167,150.78742306420696
1.73199999999992,125.67102813720703,125.66370614359174,2.1853883939645558,217.24817514294193,161.23404429308275
1.73299999999992,125.67250061035156,125.66370614359174,2.2073493299333804,199.22450866307784,153.06447304043255
1.7339999999999198,125.6721420288086,125.66370614359174,2.213662548195356,192.58214241540946,148.45987341812616
1.7349999999999197,125.67208099365234,125.66370614359174,2.2167263516399247,200.64649883059846,149.21553482531795
1.7359999999999196,125.67467498779297,125.66370614359174,2.230337072499239,224.14150942310337,155.87440941236116
1.7369999999999195,125.68201446533203,125.66370614359174,2.2674371886772833,224.3756723150325,167.8286158445213
1.7379999999999194,125.68626403808594,125.66370614359174,2.2853227123000335,211.09068576298253,160.07098613493773
1.7389999999999193,125.6891098022461,125.66370614359174,2.2943585182682984,210.63057809158263,156.5402610275515
1.7399999999999192,125.69268035888672,125.66370614359174,2.3071993100817676,224.64713695105704,158.35576202392647
1.740999999999919,125.69901275634766,125.66370614359174,2.336295341649282,217.58880353995602,165.3276634094347
1.741999999999919,125.70034790039062,125.66370614359174,2.344987218903641,194.87106668309312,152.75012771581336
1.7429999999999188,125.69847869873047,125.66370614359174,2.3391461763097747,185.51881700143045,144.7052033314535
1.7439999999999187,125.6958236694336,125.66370614359174,2.3316898098838554,191.9899357853875,142.71218480174824
1.7449999999999186,125.6948471069336,125.66370614359174,2.336256061979591,184.6650759869467,146.94212365530393
1.7459999999999185,125.68827819824219,125.66370614359174,2.3254455913281733,158.64882925319216,132.87110002238506
1.7469999999999184,125.67838287353516,125.66370614359174,2.298378878601253,148.08048007345627,124.4984889476567
1.7479999999999183,125.66808319091797,125.66370614359174,2.26922105156352,155.75260201403816,123.47183217207065
1.7489999999999182,125.66038513183594,125.66370614359174,2.253643058130875,157.52159069072,130.01202640050371
1.749999999999918,125.64851379394531,125.66370614359174,2.231907424650649,137.39383042747605,119.48523377721935
1.750999999999918,125.63502502441406,125.66370614359174,2.197128586278991,134.08662551733357,115.42699947711644
1.7519999999999178,125.62308502197266,125.66370614359174,2.1648319233499254,150.1471006988174,119.30010990464051
1.7529999999999177,125.61585235595703,125.66370614359174,2.1521927409773958,163.5275882135253,131.1092518125146
1.7539999999999176,125.60657501220703,125.66370614359174,2.141369255188545,152.58900088073605,125.96338839913525
1.7549999999999175,125.59761047363281,125.66370614359174,2.1224579398071963,157.4717001314004,126.74189821899073
1.7559999999999174,125.59180450439453,125.66370614359174,2.110875801615289,180.3573427125319,134.67761451654
1.7569999999999173,125.5919418334961,125.66370614359174,2.1229430136820695,198.39987400731914,149.60421770465885
1.7579999999999172,125.59087371826172,125.66370614359174,2.1376089471944653,190.57163840168727,146.55133481794806
1.758999999999917,125.59033203125,125.66370614359174,2.1443925183299233,195.79093424333868,147.90430554691747
1.759999999999917,125.59259796142578,125.66370614359174,2.1568056010966212,216.35110615182634,154.93886676037204
1.7609999999999169,125.59991455078125,125.66370614359174,2.1888159068420427,229.27232900604088,167.63849119307352
1.7619999999999167,125.6047134399414,125.66370614359174,2.2185449153000527,214.73086917528138,161.32085327262175
1.7629999999999166,125.60826873779297,125.66370614359174,2.2345329161951395,211.04830391955676,158.2179741335825
1.7639999999999165,125.61253356933594,125.66370614359174,2.248826675563625,221.256032314075,159.9820769504288
1.7649999999999164,125.61959838867188,125.66370614359174,2.2744419802733935,245.83879143409612,167.04010902243294
1.7659999999999163,125.63130187988281,125.66370614359174,2.3231556933937987,242.81031837775458,178.70774753804665
1.7669999999999162,125.63954162597656,125.66370614359174,2.3482776416994695,227.95283848544048,170.01636418429587
1.767999999999916,125.64579772949219,125.66370614359174,2.3633733269366632,225.12455189750574,165.05585677418506
1.768999999999916,125.65203094482422,125.66370614359174,2.38045812553387,236.01617157604923,164.9926977057223
1.7699999999999159,125.6601333618164,125.66370614359174,2.4112847585218495,222.91661270771618,169.7124949225033
1.7709999999999158,125.66223907470703,125.66370614359174,2.4176137415812136,195.78243946674573,154.6481185572192
1.7719999999999156,125.66018676757812,125.66370614359174,2.407320481663598,182.2307982962311,144.17264718171793
1.7729999999999155,125.65644073486328,125.66370614359174,2.393216443936167,184.90447915301104,139.92566976277516
1.7739999999999154,125.6535873413086,125.66370614359174,2.388993353079656,173.63091957258382,142.18517944717104
1.7749999999999153,125.64451599121094,125.66370614359174,2.3677421858323875,144.88755905819167,126.52173708760114
1.7759999999999152,125.6317367553711,125.66370614359174,2.329298842458521,132.8893724615259,117.20225905619947
1.776999999999915,125.61844635009766,125.66370614359174,2.2883761152328144,140.45820947635085,115.9023194076313
1.777999999999915,125.60791778564453,125.66370614359174,2.2614601590775636,143.2959798068404,122.82321148660478
1.7789999999999149,125.59358215332031,125.66370614359174,2.229550059204321,125.17350366900234,113.25154389061099
1.7799999999999148,125.57829284667969,125.66370614359174,2.1864169434275613,125.2608549021434,110.83876531080064
1.7809999999999147,125.5654296875,125.66370614359174,2.148595840063163,145.8192427329552,116.9053678552245
1.7819999999999145,125.55828857421875,125.66370614359174,2.1342530502155257,163.34080603303434,131.2730599965398
1.7829999999999144,125.5501708984375,125.66370614359174,2.123657897240357,157.61111031114083,128.8147118414272
1.7839999999999143,125.54348754882812,125.66370614359174,2.108809890279787,168.07010336958285,132.4107558774864
1.7849999999999142,125.54105377197266,125.66370614359174,2.1054671594220116,196.4468063501231,143.07131172970952
1.785999999999914,125.54552459716797,125.66370614359174,2.129642953174897,216.69452476726727,160.40717699183563
1.786999999999914,125.54951477050781,125.66370614359174,2.154975668425268,212.48647565680344,159.20459099491742
1.7879999999999139,125.55457305908203,125.66370614359174,2.1744037968505516,220.52826454507272,161.903372796274
1.7889999999999138,125.56270599365234,125.66370614359174,2.2007283145779666,242.81726189856903,169.64846800270305
1.7899999999999137,125.57588958740234,125.66370614359174,2.246680841710905,252.7964589271625,182.32723441821443
1.7909999999999136,125.5862045288086,125.66370614359174,2.2853713572308796,236.82153900012207,175.14639002472435
1.7919999999999134,125.59469604492188,125.66370614359174,2.309151820371596,230.75168989070175,170.58756033265533
1.7929999999999133,125.60308837890625,125.66370614359174,2.32939500465726,237.666118962706,170.3569271895602
1.7939999999999132,125.61331176757812,125.66370614359174,2.35830268651905,236.06198927566925,174.96441718852225
1.794999999999913,125.61768341064453,125.66370614359174,2.3780681085361026,205.66102925564527,160.27136588403351
1.795999999999913,125.61754608154297,125.66370614359174,2.3753120047371907,186.4911548132586,148.94160624283003
1.796999999999913,125.61514282226562,125.66370614359174,2.361922848963823,182.73502667907354,143.22970471136748
1.7979999999999128,125.61308288574219,125.66370614359174,2.351773868282523,195.9204639037439,144.12365776516307
1.7989999999999127,125.61393737792969,125.66370614359174,2.3589458112356523,190.06316046004727,151.41682933940646
1.7999999999999126,125.6103744506836,125.66370614359174,2.3480822576240055,170.59436129574036,140.33644950942917
1.8009999999999124,125.6047592163086,125.66370614359174,2.3260982434516464,167.2258915303295,135.15874138686095
1.8019999999999123,125.59993743896484,125.66370614359174,2.3075543104625598,181.885817563836,137.14271501985544
1.8029999999999122,125.59868621826172,125.66370614359174,2.307608032520526,182.2396703668909,146.11827455249198
1.8039999999999121,125.5938720703125,125.66370614359174,2.2954546778629306,166.10073186160665,137.17122546472206
1.804999999999912,125.58790588378906,125.66370614359174,2.273730773717104,166.2897225878661,134.25901792693645
1.805999999999912,125.58366394042969,125.66370614359174,2.25742131180266,184.71314305781502,138.58944065639508
1.8069999999999118,125.58393859863281,125.66370614359174,2.2621083797454884,191.0526847977427,149.94016999333675
1.8079999999999117,125.58155822753906,125.66370614359174,2.25880057766634,178.410982607382,143.24758907675886
1.8089999999999116,125.5787124633789,125.66370614359174,2.2472189507418596,181.17506139969663,142.09217584885846
1.8099999999999115,125.57808685302734,125.66370614359174,2.241937900092941,201.2661008651961,147.6578591804472
1.8109999999999113,125.58226776123047,125.66370614359174,2.257918259177896,209.3967375631957,159.73828056618393
1.8119999999999112,125.58386993408203,125.66370614359174,2.26674399402952,196.44874739005974,153.25971336158096
1.8129999999999111,125.58477783203125,125.66370614359174,2.265949376983125,197.441054024419,151.52280515381022
1.813999999999911,125.58740234375,125.66370614359174,2.2691779044391276,214.58295910786924,155.83855018509695
1.814999999999911,125.5941390991211,125.66370614359174,2.290519864080561,220.37851407043289,166.1791658773305
1.8159999999999108,125.59748077392578,125.66370614359174,2.3040474572031706,202.95572455771696,157.64731567741822
1.8169999999999107,125.59912109375,125.66370614359174,2.304398283169729,198.61864871907608,153.39676530366228
1.8179999999999106,125.60140228271484,125.66370614359174,2.3046548289795155,210.11421395717863,154.99543985277805
1.8189999999999105,125.60675048828125,125.66370614359174,2.3187964309740496,213.5701501544668,162.6955233787429
1.8199999999999104,125.60778045654297,125.66370614359174,2.3264687378010263,191.2659046849184,151.86001863513087
1.8209999999999102,125.60627746582031,125.66370614359174,2.317814766002832,182.39006871552706,145.50469174628583
1.8219999999999101,125.60475158691406,125.66370614359174,2.3060791730243064,190.20278496051878,145.4322552167547
1.82299999999991,125.60588073730469,125.66370614359174,2.306003176719123,215.19487885155837,152.11180467552572
1.82399999999991,125.612060546875,125.66370614359174,2.331509887805466,215.1000076826004,164.80029757162518
1.8249999999999098,125.61566162109375,125.66370614359174,2.337387636221966,205.11210047312733,158.3383964705392
1.8259999999999097,125.61874389648438,125.66370614359174,2.338098201228693,209.935018548327,157.02172104533648
1.8269999999999096,125.6236801147461,125.66370614359174,2.3472676819609686,230.60969363839317,161.69928912606642
1.8279999999999095,125.63265228271484,125.66370614359174,2.37783501634531,226.3600763368684,171.8541522677549
1.8289999999999094,125.63786315917969,125.66370614359174,2.3871491068379846,210.17681346947558,162.4070269779672
1.8299999999999093,125.64120483398438,125.66370614359174,2.3868094187324345,208.09177145651717,157.71085216226936
1.8309999999999091,125.64502716064453,125.66370614359174,2.3899860267667736,221.79521450583889,158.93338831034168
1.831999999999909,125.651611328125,125.66370614359174,2.409780760250341,214.29960443682896,165.88562224091132
1.832999999999909,125.65332794189453,125.66370614359174,2.4096933395493014,192.34023465441362,153.63776647956433
1.8339999999999088,125.65222930908203,125.66370614359174,2.396501285621385,185.28685873879706,146.5842735162106
1.8349999999999087,125.65096282958984,125.66370614359174,2.383854430234581,195.38796459325897,146.1515556018493
1.8359999999999086,125.65217590332031,125.66370614359174,2.3860393878284056,190.7549480996182,152.36806165506664
1.8369999999999085,125.64859008789062,125.66370614359174,2.3738526631803696,168.600659415153,140.3238003517336
1.8379999999999084,125.64258575439453,125.66370614359174,2.3483795548870763,162.72415358680414,134.2335980369588
1.8389999999999083,125.6371078491211,125.66370614359174,2.324242993510305,175.53956429914467,135.56383270362454
1.8399999999999082,125.6351318359375,125.66370614359174,2.3171575470056864,179.18779758902173,144.33530432542364
1.840999999999908,125.62963104248047,125.66370614359174,2.3030045948468327,162.31143177934152,135.4810186659578
1.841999999999908,125.62305450439453,125.66370614359174,2.2782593251752843,162.07314108288045,132.78882338476785
1.8429999999999078,125.618408203125,125.66370614359174,2.2581445205420616,180.7319774476485,137.5976238005891
1.8439999999999077,125.61860656738281,125.66370614359174,2.258882457567249,192.04063705448533,149.8009110552369
1.8449999999999076,125.61656951904297,125.66370614359174,2.2574136341159465,180.40205049939897,144.15662151428114
1.8459999999999075,125.61444854736328,125.66370614359174,2.2475632110526,184.08722014938257,143.96684089291557
1.8469999999999074,125.61492919921875,125.66370614359174,2.243923726835716,205.2718465352812,150.49352143043095
1.8479999999999073,125.62063598632812,125.66370614359174,2.2616764019984803,218.0544749010777,163.61166620423083
1.8489999999999072,125.62413787841797,125.66370614359174,2.2770907214455223,205.91003752735642,158.0985610021119
1.849999999999907,125.6271743774414,125.66370614359174,2.282336050078847,207.04750701473768,156.93587773249178
1.850999999999907,125.63204193115234,125.66370614359174,2.2906681547977823,223.96954026013464,161.53378550134008
1.8519999999999068,125.64105987548828,125.66370614359174,2.3159530739061904,232.430108718861,171.98758890419842
1.8529999999999067,125.64664459228516,125.66370614359174,2.3367901292425337,213.7778351894408,163.34832742609788
1.8539999999999066,125.65028381347656,125.66370614359174,2.3426317353868003,207.33052310856556,158.48435299372932
1.8549999999999065,125.65418243408203,125.66370614359174,2.346024936051017,216.2749137842814,159.13865998332483
1.8559999999999064,125.66072082519531,125.66370614359174,2.360682095881468,241.10503035932678,165.76715801679094
1.8569999999999063,125.67198181152344,125.66370614359174,2.3992508779606787,238.51300976599998,177.65695322598427
1.8579999999999062,125.67997741699219,125.66370614359174,2.415832027228198,224.96908225797534,169.4747479541962
1.858999999999906,125.68647766113281,125.66370614359174,2.4242867029202815,225.0390819094709,165.72543963182332
1.859999999999906,125.69366455078125,125.66370614359174,2.437331545768131,240.15869370720273,167.45482448388714
1.8609999999999058,125.70359802246094,125.66370614359174,2.4672616229789055,230.31005644992163,174.37026426109344
1.8619999999999057,125.7083511352539,125.66370614359174,2.474230680812797,207.21319203748521,161.37806112123144
1.8629999999999056,125.70985412597656,125.66370614359174,2.467540826412535,198.39345510392656,153.18068714728213
1.8639999999999055,125.7105712890625,125.66370614359174,2.460264245309191,206.10377485095464,151.22170139114183
1.8649999999999054,125.7130126953125,125.66370614359174,2.4659557393951146,196.3462274264322,155.56138160193515
1.8659999999999053,125.70975494384766,125.66370614359174,2.4537270714746797,170.16671248560831,141.21768062348028
1.8669999999999052,125.70317077636719,125.66370614359174,2.426327213129902,160.41923017930006,132.85564042036395
1.867999999999905,125.6962661743164,125.66370614359174,2.3981117730866526,169.68518409416626,132.03913389505115
1.868999999999905,125.69207763671875,125.66370614359174,2.3846457919327584,169.5203136925947,138.86694586206505
1.8699999999999048,125.68364715576172,125.66370614359174,2.3623595886485935,149.49429588751838,128.1756059583044
1.8709999999999047,125.67363739013672,125.66370614359174,2.328202456791175,147.24943329251124,124.21298192490934
1.8719999999999046,125.665283203125,125.66370614359174,2.2978144938184717,165.11779699362788,128.35469399370749
1.8729999999999045,125.66175079345703,125.66370614359174,2.288121057232425,176.90011655596126,140.4788458644233
1.8739999999999044,125.65608215332031,125.66370614359174,2.277419493210884,166.03034497569678,135.1007434640871
1.8749999999999043,125.65072631835938,125.66370614359174,2.2595662099285705,171.85950784114223,135.8694448144035
1.8759999999999042,125.6485824584961,125.66370614359174,2.249965079910543,196.3721785240378,143.9384852860287
1.876999999999904,125.65243530273438,125.66370614359174,2.264595004136664,212.82056262726022,159.02213007981103
1.877999999999904,125.65489196777344,125.66370614359174,2.2790713929924253,204.63411087924894,155.50220365633828
1.8789999999999039,125.65777587890625,125.66370614359174,2.286264866901313,210.32243764177733,156.60205011850996
1.8799999999999037,125.66342163085938,125.66370614359174,2.2996914866075495,232.02357639628718,163.53487015940215
1.8809999999999036,125.6740951538086,125.66370614359174,2.3331009511727556,243.1578752291336,176.17867211108015
1.8819999999999035,125.68196105957031,125.66370614359174,2.3618743834097313,227.69821235749464,169.15300398145953
1.8829999999999034,125.68840789794922,125.66370614359174,2.377424315981174,223.97263369204785,165.5977925042221
1.8839999999999033,125.6954574584961,125.66370614359174,2.3919024994368714,234.90371856021648,167.11825757514157
1.8849999999999032,125.70526123046875,125.66370614359174,2.418250301789161,237.7812822691958,174.04573379131017
1.885999999999903,125.71005249023438,125.66370614359174,2.4381862106559544,211.31818113301898,161.46819694915047
1.886999999999903,125.71131896972656,125.66370614359174,2.4385881873156348,196.97723643739974,152.59588119088195
1.8879999999999029,125.71134948730469,125.66370614359174,2.431698024849684,198.60744000508146,149.48358931178052
1.8889999999999028,125.71272277832031,125.66370614359174,2.431446437259324,217.3037199906666,152.88009663481577
1.8899999999999026,125.71785736083984,125.66370614359174,2.451467156151926,213.28494617424693,162.32453543132286
1.8909999999999025,125.71902465820312,125.66370614359174,2.4527680443965894,196.04599573127817,152.36910822151336
1.8919999999999024,125.71839141845703,125.66370614359174,2.4443792972241343,194.33601864105867,147.83637456521532
1.8929999999999023,125.71857452392578,125.66370614359174,2.440115067543669,209.88325407072466,149.87771663226027
1.8939999999999022,125.7220687866211,125.66370614359174,2.4539023383300167,206.43576953893717,158.2261250977588
1.894999999999902,125.72127532958984,125.66370614359174,2.451651625932988,186.94859031599725,147.42920716927696
1.895999999999902,125.71841430664062,125.66370614359174,2.4380246128283463,183.29877712817228,142.23096609139907
1.8969999999999019,125.71622467041016,125.66370614359174,2.4270761362113156,197.57027769095157,143.92880321777832
1.8979999999999018,125.7174072265625,125.66370614359174,2.4333857485357053,197.34771064089895,152.38441456411746
1.8989999999999017,125.71449279785156,125.66370614359174,2.4279244380108835,178.11470290128972,142.09453100310532
1.8999999999999015,125.70979309082031,125.66370614359174,2.4108169556871575,175.0710437684357,137.6044456841111
1.9009999999999014,125.7061538696289,125.66370614359174,2.396453925517664,190.48920874361755,140.26619180902534
1.9019999999999013,125.70638275146484,125.66370614359174,2.400008053821688,195.17522520649038,149.98383789491794
1.9029999999999012,125.70310974121094,125.66370614359174,2.3963675079268127,177.97038908833062,141.16248095669025
1.903999999999901,125.6985855102539,125.66370614359174,2.3816457328301737,176.75877058265112,138.0442987491756
1.904999999999901,125.69564056396484,125.66370614359174,2.3702748852663666,193.90637241056007,141.98861975910145
1.9059999999999009,125.6970443725586,125.66370614359174,2.377527882595625,202.5364011721105,152.91826676380765
1.9069999999999008,125.69536590576172,125.66370614359174,2.3808144980417305,186.63643246576558,145.18374548436503
1.9079999999999007,125.69271087646484,125.66370614359174,2.372931413775888,185.88985094035428,142.70849605463854
1.9089999999999006,125.69171905517578,125.66370614359174,2.367893231129681,202.8301861343695,146.90356262336152
1.9099999999999004,125.69505310058594,125.66370614359174,2.380578280035314,212.67549122530335,157.77644690520668
1.9109999999999003,125.6951904296875,125.66370614359174,2.3907731258882703,195.480671638973,149.73612452671628
1.9119999999999002,125.69402313232422,125.66370614359174,2.388128588555048,192.47434165346937,146.44850579054292
1.9129999999999001,125.69405364990234,125.66370614359174,2.3860927034051547,206.5343206757347,149.47151740472205
1.9139999999999,125.69786834716797,125.66370614359174,2.399176829427526,215.73878978659164,158.9921584279424
1.9149999999999,125.69794464111328,125.66370614359174,2.4109523038522895,195.28141301337857,149.59028714744568
1.9159999999998998,125.69609069824219,125.66370614359174,2.407341730970995,188.57153587680423,144.72437612357206
1.9169999999998997,125.6948013305664,125.66370614359174,2.401512428202094,198.93913903963718,146.15203108402727
1.9179999999998996,125.69673919677734,125.66370614359174,2.408082812295652,226.83919654853955,154.2716298706611
1.9189999999998995,125.70423126220703,125.66370614359174,2.440739132077972,229.87939792260983,168.24925327215078
1.9199999999998993,125.70928192138672,125.66370614359174,2.4564076060434457,219.86718428512106,162.1037318761682
1.9209999999998992,125.71378326416016,125.66370614359174,2.466140971837678,224.32901548216972,160.74747418981616
1.9219999999998991,125.72000885009766,125.66370614359174,2.48296418704817,244.4878180255921,165.06581212584595
1.922999999999899,125.7300033569336,125.66370614359174,2.5192965504414664,239.7621885463172,174.57012952806426
1.923999999999899,125.7355728149414,125.66370614359174,2.5355126157392482,219.78045793653985,163.46836321159364
1.9249999999998988,125.738525390625,125.66370614359174,2.5394697326504727,213.7303498662767,156.8753391476712
1.9259999999998987,125.74118041992188,125.66370614359174,2.5438554955695896,223.74038260559675,156.1239791705219
1.9269999999998986,125.74583435058594,125.66370614359174,2.561586994311987,214.4551923718369,161.1675499176956
1.9279999999998985,125.74462890625,125.66370614359174,2.561148436247752,186.9710594182758,146.42919211069105
1.9289999999998984,125.73973083496094,125.66370614359174,2.5445466367079246,175.12889629361186,137.1460170963825
1.9299999999998982,125.73396301269531,125.66370614359174,2.5253483906339955,181.70748111070944,134.94235453653252
1.9309999999998981,125.7302017211914,125.66370614359174,2.518204472665151,177.84793695205468,139.98645823150443
1.931999999999898,125.72114562988281,125.66370614359174,2.500459987992483,152.2614109100864,126.66087629455411
1.932999999999898,125.70942687988281,125.66370614359174,2.467563651449236,144.45731385663439,119.96145509645925
1.9339999999998978,125.69831085205078,125.66370614359174,2.4345006860119667,157.22541463473885,121.4544871627972
1.9349999999998977,125.69107055664062,125.66370614359174,2.417818176971786,165.91197621022826,131.18134948391904
1.9359999999998976,125.6806640625,125.66370614359174,2.3999639789007032,149.60835607205993,123.22197689252567
1.9369999999998975,125.6697769165039,125.66370614359174,2.371743170244029,151.2995879850904,122.00104013204826
1.9379999999998974,125.66161346435547,125.66370614359174,2.348831739368453,173.37657176409425,128.8246733132852
1.9389999999998973,125.6592788696289,125.66370614359174,2.348118548852836,191.7822823446657,143.48888082453826
1.9399999999998971,125.65548706054688,125.66370614359174,2.351294377115641,182.74183554378652,139.7968913100102
1.940999999999897,125.65240478515625,125.66370614359174,2.3471425922753917,189.3982798050855,141.60313015899976
1.941999999999897,125.6527099609375,125.66370614359174,2.350086862739775,213.9811611792381,150.10335185557406
1.9429999999998968,125.65897369384766,125.66370614359174,2.375083136139989,231.85317710276348,165.07851501658917
1.9439999999998967,125.66336822509766,125.66370614359174,2.4015099580865016,220.2237929115697,160.3837944309389
1.9449999999998966,125.66744995117188,125.66370614359174,2.4171417119270395,221.33850456126854,159.61412518380936
1.9459999999998965,125.67335510253906,125.66370614359174,2.434502498482187,237.94522145971897,164.22053086521652
1.9469999999998964,125.68328857421875,125.66370614359174,2.466782893310316,247.48093901231388,174.33605311423122
1.9479999999998963,125.68919372558594,125.66370614359174,2.496363385866977,224.97621242247075,164.22177600687382
1.9489999999998961,125.69242095947266,125.66370614359174,2.508181114768695,214.1794295417682,157.5115700909418
1.949999999999896,125.69510650634766,125.66370614359174,2.514112703288637,218.82650111165407,156.1446552779633
1.950999999999896,125.69962310791016,125.66370614359174,2.527465685972244,239.8735349325095,160.75793599222624
1.9519999999998958,125.7081298828125,125.66370614359174,2.5609541539904255,235.90977520098474,170.7937864112197
1.9529999999998957,125.71239471435547,125.66370614359174,2.575011460766112,216.80206418597706,160.13650928852462
1.9539999999998956,125.71432495117188,125.66370614359174,2.5776671133680207,212.27690189174768,154.27267955982717
1.9549999999998955,125.71632385253906,125.66370614359174,2.581823094131279,224.32167764985104,154.45458796403616
1.9559999999998954,125.72074127197266,125.66370614359174,2.600520214744389,216.27507813033753,160.5271764430681
1.9569999999998953,125.71958923339844,125.66370614359174,2.6013662596629117,190.17232743288815,146.53560325807007
1.9579999999998952,125.71508026123047,125.66370614359174,2.587048184157854,179.9883969125663,138.07930155746666
1.958999999999895,125.71001434326172,125.66370614359174,2.5711608961593706,188.3482500076776,136.69653291879044
1.959999999999895,125.7072525024414,125.66370614359174,2.568212269076958,184.64736406124274,142.45503000791442
1.9609999999998948,125.69927978515625,125.66370614359174,2.5539578269130283,159.44421233418166,129.35854558537758
1.9619999999998947,125.68870544433594,125.66370614359174,2.5249666383009295,152.01889121950745,122.81148998326631
1.9629999999998946,125.67874908447266,125.66370614359174,2.49603191464992,165.09092393944502,124.34112099966839
1.9639999999998945,125.67261505126953,125.66370614359174,2.4833186565657646,172.37954712081327,133.94208834070324
1.9649999999998944,125.6630630493164,125.66370614359174,2.4677974692942812,154.85388841703374,125.3481537218644
1.9659999999998943,125.65276336669922,125.66370614359174,2.4413477916905277,155.41571364554602,123.46727522318947
1.9669999999998942,125.64492797851562,125.66370614359174,2.4193912754228166,176.49414120652983,129.62438164527495
1.967999999999894,125.64265441894531,125.66370614359174,2.418510945600748,193.04404402074138,143.61890664314433
1.968999999999894,125.63851928710938,125.66370614359174,2.4200137933362678,182.11172741807133,138.92071086173462
1.9699999999998938,125.63478088378906,125.66370614359174,2.4132838486980464,187.36728778791158,139.91262989005614
1.9709999999998937,125.63418579101562,125.66370614359174,2.4127878099728353,211.11236127861105,147.82452887560174
1.9719999999998936,125.63941192626953,125.66370614359174,2.433625007102156,228.29624682009936,162.44033304540622
1.9729999999998935,125.64256286621094,125.66370614359174,2.4557323457332583,215.72512020251565,157.24167061642598
1.9739999999998934,125.64535522460938,125.66370614359174,2.4669787427035983,216.70792470061653,156.33553745745238
1.9749999999998933,125.65006256103516,125.66370614359174,2.480188469031907,233.9939353927098,161.16704064894884
1.9759999999998932,125.65900421142578,125.66370614359174,2.5088959837289693,244.57185733092214,171.82230766424493
1.976999999999893,125.6640853881836,125.66370614359174,2.5356948375561066,222.80429481011788,162.11427739070714
1.977999999999893,125.66678619384766,125.66370614359174,2.5456114588630334,213.4746468132336,156.13637511755897
1.9789999999998928,125.6693344116211,125.66370614359174,2.5507808286942972,220.21716218333765,155.7667591992584
1.9799999999998927,125.67417907714844,125.66370614359174,2.5647055349472834,243.8060853795142,161.54567566208482
1.9809999999998926,125.6834945678711,125.66370614359174,2.600151806249613,241.33330963694414,172.7959172327076
1.9819999999998925,125.68890380859375,125.66370614359174,2.616481077935515,223.87145678189646,162.97609978510093
1.9829999999998924,125.69230651855469,125.66370614359174,2.6224546984960537,221.12763724891616,157.95024575762477
1.9839999999998923,125.69608306884766,125.66370614359174,2.630891842415091,234.92550603027766,158.888112693202
1.9849999999998922,125.70250701904297,125.66370614359174,2.654566441363305,226.66139543194598,165.54099522694673
1.985999999999892,125.70336151123047,125.66370614359174,2.6594487346708346,200.59990122898319,151.54880855334704
1.986999999999892,125.70079040527344,125.66370614359174,2.6493496553519735,190.33296123182558,142.9538300341421
1.9879999999998919,125.69756317138672,125.66370614359174,2.6376214717260558,198.4435006882062,141.2780422777295
1.9889999999998917,125.6964340209961,125.66370614359174,2.6383846422514803,192.60355399475822,146.5663671379639
1.9899999999998916,125.68970489501953,125.66370614359174,2.6260819807441487,165.52948359065255,132.46512780328646
1.9909999999998915,125.67996978759766,125.66370614359174,2.5983063174271828,156.3501105653988,124.9059662857252
1.9919999999998914,125.67046356201172,125.66370614359174,2.5696352081654243,167.86489955504194,125.46226668434647
1.9929999999998913,125.66441345214844,125.66370614359174,2.555986455031272,172.82304590722845,134.1552745088899
1.9939999999998912,125.65447998046875,125.66370614359174,2.5380512999719547,153.06157074529116,124.36949405195861
1.994999999999891,125.6434326171875,125.66370614359174,2.508247937516323,152.0349967218672,121.57341546420784
1.995999999999891,125.63461303710938,125.66370614359174,2.482064957694456,172.2605487959873,127.13723792607026
1.9969999999998909,125.6312484741211,125.66370614359174,2.476259601161795,188.314392504137,140.8668868910779
1.9979999999998908,125.62588500976562,125.66370614359174,2.472761386298103,176.74283913405472,135.82300239949186
1.9989999999998906,125.62095642089844,125.66370614359174,2.461074183299651,182.31533968918987,136.90845202151715
1.9999999999998905,125.619384765625,125.66370614359174,2.4560377620550713,207.30893656291676,145.33600024156206
