t,omega,omega_ref,i_rms,p_el,p_mech
0.001,-0.02500000037252903,125.66370614359174,0.0,1.6782927833565473,-0.0
0.002,-0.049998123198747635,125.66370614359174,0.004761904761904762,1.6870063880814887,6.352508647532822e-23
0.003,-0.07499437779188156,125.66370614359174,0.014639489688932405,1.252719214759074,6.076075098708355e-11
0.004,-0.0999888926744461,125.66370614359174,0.08001958232166256,3.9793345683574337,2.833842798307411e-07
0.005,-0.12498178333044052,125.66370614359174,0.16623570928313122,-5.043551425946636,9.70344625306345e-07
0.006,-0.14997178316116333,125.66370614359174,0.029948140360389192,0.9575123848415623,-1.8523966460725356e-06
0.007,-0.1749584823846817,125.66370614359174,0.11504923236528082,7.526841781401917,-7.2171116227427665e-06
0.008,-0.19994156062602997,125.66370614359174,0.2560938789689076,-3.0271174944183405,-1.5179699281358104e-05
0.009000000000000001,-0.22492405772209167,125.66370614359174,0.18065481022890711,-1.040114542615544,-1.1301461287772019e-05
0.010000000000000002,-0.24990536272525787,125.66370614359174,0.1112216558112734,0.7352401598428124,-9.088979894782347e-06
0.011000000000000003,-0.2748846709728241,125.66370614359174,0.051112840610016724,2.1368054189331502,-1.071862093086774e-05
0.012000000000000004,-0.2998610734939575,125.66370614359174,0.024760767408911255,3.2234009281347884,-1.793776562395249e-05
0.013000000000000005,-0.3248336911201477,125.66370614359174,0.06453549870976263,0.3045722509364861,-3.177940435135473e-05
0.014000000000000005,-0.34981268644332886,125.66370614359174,0.08244514587739307,7.031773443524971,2.3520309195343457e-05
0.015000000000000006,-0.37479761242866516,125.66370614359174,0.22607700854899096,0.6365016072577081,8.3645659485039e-05
0.016000000000000007,-0.3997747302055359,125.66370614359174,0.18191757208232107,1.584753933369351,4.1904833470462315e-05
0.017000000000000008,-0.42474088072776794,125.66370614359174,0.14680093022738439,2.76534522353965,-3.2812483424258425e-05
0.01800000000000001,-0.44969236850738525,125.66370614359174,0.13300901871305768,4.152424075968171,-0.00014985289197323788
0.01900000000000001,-0.4746250808238983,125.66370614359174,0.15059438515540455,5.880236329229524,-0.0003185414471954291
0.02000000000000001,-0.4995347559452057,125.66370614359174,0.19615087069761925,4.737363819865397,-0.0005469368234935821
0.02100000000000001,-0.5244523882865906,125.66370614359174,0.21309380995674554,6.491523163517736,-0.00047092957892446894
0.022000000000000013,-0.5493767857551575,125.66370614359174,0.24988389538909536,8.331156329849723,-0.0003982857932237028
0.023000000000000013,-0.5743054151535034,125.66370614359174,0.2993207964070041,10.286262743078918,-0.00034700616632016745
0.024000000000000014,-0.5992339253425598,125.66370614359174,0.356634744202587,12.44107388820849,-0.000340065176037799
0.025000000000000015,-0.62415611743927,125.66370614359174,0.41962064302200724,13.997694068363186,-0.0004103481161616977
0.026000000000000016,-0.6489859223365784,125.66370614359174,0.4916628030407418,20.745839020566844,-0.0016013002002840094
0.027000000000000017,-0.6737048625946045,125.66370614359174,0.5904331588131235,20.734143496152775,-0.0031318162578122858
0.028000000000000018,-0.6984016299247742,125.66370614359174,0.663152152255459,24.080910522340915,-0.003529322383233124
0.02900000000000002,-0.723067045211792,125.66370614359174,0.739844885189256,27.809207949925337,-0.004081010522912088
0.03000000000000002,-0.7476872801780701,125.66370614359174,0.8203557915299352,31.911146576623,-0.004868109006794857
0.03100000000000002,-0.7722445726394653,125.66370614359174,0.9044680269456059,36.438082695168795,-0.005971741029337301
0.03200000000000002,-0.7967167496681213,125.66370614359174,0.9921201440891657,41.44122649318632,-0.0074875864660712025
0.03300000000000002,-0.8210768699645996,125.66370614359174,1.083340886898813,46.9706567686809,-0.009526873655442981
0.03400000000000002,-0.8452926278114319,125.66370614359174,1.1782061578735186,53.07486957448604,-0.012217142445356884
0.035000000000000024,-0.8693260550498962,125.66370614359174,1.2768114311897336,59.8003546159719,-0.01570291094969972
0.036000000000000025,-0.8931329846382141,125.66370614359174,1.3792540163462683,67.19119693033802,-0.02014620907479895
0.037000000000000026,-0.9166626930236816,125.66370614359174,1.4856217450129605,75.28870557887774,-0.025726942401767955
0.03800000000000003,-0.9398573637008667,125.66370614359174,1.5959859415735547,84.13107084303402,-0.03264302974960704
0.03900000000000003,-0.9626516103744507,125.66370614359174,1.710397301371669,93.7530511350293,-0.04111025656518806
0.04000000000000003,-0.9849721789360046,125.66370614359174,1.8288837631840338,104.1856905556966,-0.051361781222231596
0.04100000000000003,-1.006737232208252,125.66370614359174,1.9514497514361324,115.45606775757331,-0.06364718770188658
0.04200000000000003,-1.0278562307357788,125.66370614359174,2.078076350935545,127.58707650166492,-0.07823103652549893
0.04300000000000003,-1.0482289791107178,125.66370614359174,2.2087221028800763,140.59723803284973,-0.09539073046528561
0.04400000000000003,-1.0677458047866821,125.66370614359174,2.343324198614083,154.50054514297818,-0.11541370490722125
0.04500000000000003,-1.0862865447998047,125.66370614359174,2.481799910396742,169.306337543591,-0.13859364719708742
0.046000000000000034,-1.1037200689315796,125.66370614359174,2.624048144273095,178.72442074208902,-0.16522570967638872
0.047000000000000035,-1.1207276582717896,125.66370614359174,2.7642353858364124,189.80237641074967,-0.17729018978683866
0.048000000000000036,-1.1371990442276,125.66370614359174,2.9022523868956682,200.43508179257586,-0.19206469427505485
0.04900000000000004,-1.152997612953186,125.66370614359174,3.03768494566743,210.64383588528534,-0.21021781610230092
0.05000000000000004,-1.167968511581421,125.66370614359174,3.170279624153689,220.47687471512543,-0.23225411930948953
0.05100000000000004,-1.1819381713867188,125.66370614359174,3.2998960349240054,229.98710427371802,-0.25867249694041555
0.05200000000000004,-1.1947146654129028,125.66370614359174,3.4264832235319687,239.2314657238876,-0.2899537077247601
0.05300000000000004,-1.2060877084732056,125.66370614359174,3.550062109848218,248.27017994508083,-0.32654369147626144
0.05400000000000004,-1.2158292531967163,125.66370614359174,3.6707118805687893,257.1659913993433,-0.36883451197438183
0.05500000000000004,-1.223693609237671,125.66370614359174,3.7885592040480494,265.9834212423301,-0.41714265749069934
0.05600000000000004,-1.2294186353683472,125.66370614359174,3.903769472517935,274.7880352534722,-0.4716851753254483
0.057000000000000044,-1.232725739479065,125.66370614359174,4.016539506491736,283.64573168540335,-0.5325530436499002
0.058000000000000045,-1.2333216667175293,125.66370614359174,4.127091318698501,292.6220536842468,-0.5996829703375917
0.059000000000000045,-1.230898380279541,125.66370614359174,4.235666650927445,301.7815304509847,-0.6728264525009385
0.060000000000000046,-1.2251352071762085,125.66370614359174,4.34252208090291,311.1870508045638,-0.7515181409617824
0.06100000000000005,-1.215699315071106,125.66370614359174,4.447924557490208,320.89927227577346,-0.8350421422245066
0.06200000000000005,-1.2022466659545898,125.66370614359174,4.5521472677709935,330.9760683140528,-0.9223974917639551
0.06300000000000004,-1.1844241619110107,125.66370614359174,4.65546577330973,341.4720156343762,-1.0122640303421675
0.06400000000000004,-1.1618702411651611,125.66370614359174,4.758154378289801,352.4379231756215,-1.1029672955016239
0.06500000000000004,-1.1342161893844604,125.66370614359174,4.860482711170325,363.9204035927604,-1.192444334105497
0.06600000000000004,-1.101088047027588,125.66370614359174,4.962712515480299,375.96148767015933,-1.278211255053924
0.06700000000000005,-1.0621074438095093,125.66370614359174,5.06509465526554,388.5982815293004,-1.3573314029589254
0.06800000000000005,-1.0168931484222412,125.66370614359174,5.167866347199027,401.86266601800355,-1.426386342807733
0.06900000000000005,-0.9650628566741943,125.66370614359174,5.271248634954252,415.78103721591833,-1.481450023045025
0.07000000000000005,-0.9062337279319763,125.66370614359174,5.375444122535231,430.3740865782559,-1.518064387050065
0.07100000000000005,-0.8400242924690247,125.66370614359174,5.480634982231848,445.6566188713732,-1.531220464730291
0.07200000000000005,-0.7660557627677917,125.66370614359174,5.58698125009709,461.6374057341436,-1.515342856791776
0.07300000000000005,-0.6839531064033508,125.66370614359174,5.694619417706022,478.3190724316075,-1.4642781946326453
0.07400000000000005,-0.5933462977409363,125.66370614359174,5.803661323848898,495.6980151550114,-1.3712886186199718
0.07500000000000005,-0.49387165904045105,125.66370614359174,5.914193344129863,513.7643460672289,-1.229050560202026
0.07600000000000005,-0.3851727843284607,125.66370614359174,6.026275870573767,517.9353296563856,-1.0296578634617999
0.07700000000000005,-0.27004924416542053,125.66370614359174,6.132828653513107,520.1016212477306,-0.7566491140818372
0.07800000000000006,-0.14821723103523254,125.66370614359174,6.232726580054012,521.620465293141,-0.4352006578832675
0.07900000000000006,-0.019362181425094604,125.66370614359174,6.326204803415336,522.6183877013206,-0.05957508556093285
0.08000000000000006,0.11682995408773422,125.66370614359174,6.413541214711088,523.2140219565731,0.3766380106084563
0.08100000000000006,0.26067042350769043,125.66370614359174,6.495034164291669,523.5248377995539,0.8802799720582608
0.08200000000000006,0.4124656617641449,125.66370614359174,6.57099992696721,523.6667516053749,1.4586005718557293
0.08300000000000006,0.5725153684616089,125.66370614359174,6.641770632332528,523.7534123936513,2.119230622707509
0.08400000000000006,0.7411107420921326,125.66370614359174,6.7076922794923135,523.895523013426,2.8701484448937853
0.08500000000000006,0.9185324311256409,125.66370614359174,6.769122794622688,524.2002023268603,3.7196386311122067
0.08600000000000006,1.1050490140914917,125.66370614359174,6.826430101000827,524.7703874938358,4.676246352911729
0.08700000000000006,1.3009153604507446,125.66370614359174,6.879990176560373,525.7042747353688,5.748725294048991
0.08800000000000006,1.506371259689331,125.66370614359174,6.930185078481969,527.0947963724221,6.945981264492832
0.08900000000000007,1.72163987159729,125.66370614359174,6.977400918193537,529.0291314310313,8.277010231760316
0.09000000000000007,1.9469268321990967,125.66370614359174,7.022025773693131,531.5882466849433,9.750835327078523
0.09100000000000007,2.1824190616607666,125.66370614359174,7.06444752951536,534.8464646832433,11.37643947577135
0.09200000000000007,2.428284168243408,125.66370614359174,7.105051638086708,538.8710550917322,13.162698843773684
0.09300000000000007,2.6846694946289062,125.66370614359174,7.144218799754315,543.7218455706867,15.118313382483894
0.09400000000000007,2.951702117919922,125.66370614359174,7.182322562482153,549.4508484244691,17.25174240124207
0.09500000000000007,3.229487419128418,125.66370614359174,7.219726846098879,556.1018993951824,19.5711328943477
0.09600000000000007,3.518110752105713,125.66370614359174,7.256783400020687,563.7103052368414,22.084267590996696
0.09700000000000007,3.8176355361938477,125.66370614359174,7.293829207486279,572.3024971006442,24.798494660246984
0.09800000000000007,4.1281046867370605,125.66370614359174,7.3311838534157765,581.8956872868184,27.72068052049775
0.09900000000000007,4.449540615081787,125.66370614359174,7.3691468768951855,592.497527573907,30.857158102681506
0.10000000000000007,4.781944751739502,125.66370614359174,7.40799513282127,604.1057681205579,34.213675345913366
0.10100000000000008,5.12529993057251,125.66370614359174,7.44798019023522,589.2734855240826,37.79536775751645
0.10200000000000008,5.475492000579834,125.66370614359174,7.478192478046433,575.9352475887074,41.12930721272412
0.10300000000000008,5.8322978019714355,125.66370614359174,7.499539730288824,562.5434260077222,44.58403339139635
0.10400000000000008,6.195530414581299,125.66370614359174,7.512499734868144,549.3091739380314,48.16030223736668
0.10500000000000008,6.565000534057617,125.66370614359174,7.5175937623512255,536.4589657573056,51.85494103039611
0.10600000000000008,6.940519332885742,125.66370614359174,7.515384117021732,524.217326854118,55.664539491648014
0.10700000000000008,7.321897983551025,125.66370614359174,7.506475091276507,512.8054144830098,59.585519226036965
0.10800000000000008,7.708948612213135,125.66370614359174,7.491513824432838,502.43932411085825,63.61418317579635
0.10900000000000008,8.101483345031738,125.66370614359174,7.471190770355419,493.3283084527145,67.74675311576804
0.11000000000000008,8.499319076538086,125.66370614359174,7.446239632594146,485.6729185533124,71.97945780116667
0.11100000000000008,8.902271270751953,125.66370614359174,7.417436608164197,479.6630736193853,76.3085318579382
0.11200000000000009,9.310164451599121,125.66370614359174,7.385598761678291,475.4760685488474,80.73035600315272
0.11300000000000009,9.722823143005371,125.66370614359174,7.3515813353554815,473.2745305984334,85.24143113940234
0.11400000000000009,10.140081405639648,125.66370614359174,7.3162737905046145,473.20433928428804,89.83850932175542
0.11500000000000009,10.561776161193848,125.66370614359174,7.280594376152889,475.3925263864891,94.51858069078041
0.11600000000000009,10.98775577545166,125.66370614359174,7.245483034911643,479.945175789555,99.27898854611958
0.11700000000000009,11.417871475219727,125.66370614359174,7.211892489555557,486.9453457918979,104.11738442077842
0.11800000000000009,11.851987838745117,125.66370614359174,7.180777410395562,496.4510394080332,109.03184452290088
0.11900000000000009,12.289977073669434,125.66370614359174,7.15308164634729,508.4932510139794,114.02082930478747
0.12000000000000009,12.731718063354492,125.66370614359174,7.129723612224946,489.4214109265502,119.08317152899163
0.1210000000000001,13.173807144165039,125.66370614359174,7.096809200821443,471.78255868797106,123.31833773752383
0.1220000000000001,13.61571979522705,125.66370614359174,7.055604741822308,455.9442652664369,127.4161695796411
0.1230000000000001,14.057001113891602,125.66370614359174,7.007279087521238,442.2841405119059,131.37744725480133
0.1240000000000001,14.497239112854004,125.66370614359174,6.953113283857906,431.1651063975867,135.1988793519239
0.12500000000000008,14.936064720153809,125.66370614359174,6.894497612332599,422.92721572475995,138.8794835907604
0.12600000000000008,15.373156547546387,125.66370614359174,6.83292998922986,417.88285125578597,142.42067989011286
0.12700000000000009,15.808238983154297,125.66370614359174,6.770010988204205,416.31165080822393,145.8262264845069
0.12800000000000009,16.24108123779297,125.66370614359174,6.707434330704358,418.4554852285448,149.1021279154418
0.1290000000000001,16.671499252319336,125.66370614359174,6.646971795689725,424.51357492715056,152.25653307128118
0.1300000000000001,17.0993595123291,125.66370614359174,6.590451558717212,434.63783059107163,155.29961463173655
0.1310000000000001,17.524566650390625,125.66370614359174,6.539729184900271,448.92850694186586,158.24326710604478
0.1320000000000001,17.94707489013672,125.66370614359174,6.49665092165495,467.4302601674351,161.1009912547631
0.1330000000000001,18.366878509521484,125.66370614359174,6.4630095936188,490.12869975202716,163.88755901540688
0.1340000000000001,18.784013748168945,125.66370614359174,6.44049427839412,482.6945286480412,166.6187575966558
0.1350000000000001,19.197187423706055,125.66370614359174,6.413161334480994,473.63036448028345,168.77497363546453
0.1360000000000001,19.605833053588867,125.66370614359174,6.381395761042632,467.71900433634187,170.60487104767176
0.1370000000000001,20.009471893310547,125.66370614359174,6.347106844268692,465.3961547354947,172.12456076048952
0.1380000000000001,20.40769386291504,125.66370614359174,6.31233948681995,467.0272617639693,173.35222249417345
0.1390000000000001,20.800172805786133,125.66370614359174,6.2792401076323845,472.92278429103055,174.30958018341607
0.1400000000000001,21.18665885925293,125.66370614359174,6.250024815609109,483.33140235953937,175.02147048089412
0.1410000000000001,21.566978454589844,125.66370614359174,6.226937250330024,498.43340040631233,175.51541177787055
0.1420000000000001,21.94102668762207,125.66370614359174,6.2121957648464825,518.3347327920078,175.82106409522282
0.1430000000000001,22.30877685546875,125.66370614359174,6.207930972502814,543.0619270903685,175.9697918667957
0.1440000000000001,22.670265197753906,125.66370614359174,6.216116160355151,572.5579688414799,175.99399933679322
0.1450000000000001,23.025588989257812,125.66370614359174,6.238494643699048,581.0300213648602,175.9265625695209
0.1460000000000001,23.375825881958008,125.66370614359174,6.2626956775080735,576.9686554846543,176.23682530665175
0.1470000000000001,23.72037124633789,125.66370614359174,6.282967771733278,575.6112171335595,176.1464740488221
0.1480000000000001,24.058692932128906,125.66370614359174,6.301143129002869,577.5274927247369,175.67691960567333
0.1490000000000001,24.390352249145508,125.66370614359174,6.319202455141014,583.1133369707006,174.86168123363788
0.1500000000000001,24.71500587463379,125.66370614359174,6.339173793686322,592.6962827676235,173.7378182819505
0.1510000000000001,25.03239631652832,125.66370614359174,6.363089545249039,606.5283010287662,172.3451985278785
0.1520000000000001,25.342357635498047,125.66370614359174,6.392936824292613,624.77829151093,170.72589981513514
0.1530000000000001,25.64480972290039,125.66370614359174,6.4306019489568715,647.5256745808709,168.92348783188137
0.1540000000000001,25.93975257873535,125.66370614359174,6.477811515475826,674.7552814207173,166.9822703245334
0.1550000000000001,26.227262496948242,125.66370614359174,6.536073433227846,706.3537101609817,164.94655610463312
0.1560000000000001,26.507492065429688,125.66370614359174,6.606621930394418,707.3094614843645,162.85994480591913
0.1570000000000001,26.782529830932617,125.66370614359174,6.6734624543188295,701.0734019761898,161.78075232088935
0.1580000000000001,27.05185317993164,125.66370614359174,6.733317770914705,696.7612269645592,160.3267521298792
0.1590000000000001,27.315006256103516,125.66370614359174,6.787830791191312,694.9887621404149,158.52619521285854
0.16000000000000011,27.571626663208008,125.66370614359174,6.838770854025056,696.2409385223601,156.4243539563373
0.16100000000000012,27.821449279785156,125.66370614359174,6.887955999275397,700.9263033961464,154.06945779849303
0.16200000000000012,28.064298629760742,125.66370614359174,6.937215970486707,709.3676983362967,151.51178315236226
0.16300000000000012,28.30009651184082,125.66370614359174,6.988350738752425,721.793436613689,148.80290812622624
0.16400000000000012,28.528844833374023,125.66370614359174,7.0430849831265165,738.3300224303084,145.9948044825373
0.16500000000000012,28.75063705444336,125.66370614359174,7.103020089169647,758.9966326806493,143.13907521445233
0.16600000000000012,28.965641021728516,125.66370614359174,7.169585804379468,783.7015419976452,140.28605252929913
0.16700000000000012,29.174095153808594,125.66370614359174,7.243994122310156,765.7149530408863,137.48400049703022
0.16800000000000012,29.37786102294922,125.66370614359174,7.307277683099109,747.9033851914211,135.69868576845454
0.16900000000000012,29.576616287231445,125.66370614359174,7.359545182298021,732.1435489080607,133.66188574841706
0.17000000000000012,29.770112991333008,125.66370614359174,7.402635400097559,719.1787647714899,131.4138557967449
0.17100000000000012,29.95819664001465,125.66370614359174,7.438523031166567,709.6556350436774,129.00945932372773
0.17200000000000013,30.140806198120117,125.66370614359174,7.469265964253607,704.1208907301362,126.50530884149126
0.17300000000000013,30.317975997924805,125.66370614359174,7.496969088782409,703.0094254493822,123.9587154071287
0.17400000000000013,30.489830017089844,125.66370614359174,7.523742249015392,706.6339266606141,121.42669516550193
0.17500000000000013,30.656570434570312,125.66370614359174,7.551652433857882,715.176798155643,118.96496146967385
0.17600000000000013,30.8184871673584,125.66370614359174,7.582671296768694,728.684601177081,116.62702962781886
0.17700000000000013,30.97593879699707,125.66370614359174,7.618619828144389,714.490835037289,114.46325912322527
0.17800000000000013,31.130102157592773,125.66370614359174,7.648210777422077,684.475329235345,112.99399857726183
0.17900000000000013,31.28089141845703,125.66370614359174,7.6642906065338465,657.5476178747798,111.43777248339391
0.18000000000000013,31.428300857543945,125.66370614359174,7.669037886751168,634.8143542178622,109.84533900044765
0.18100000000000013,31.572416305541992,125.66370614359174,7.66489635250578,617.0860358246241,108.27600964589216
0.18200000000000013,31.713415145874023,125.66370614359174,7.6544480262438235,605.0349700557177,106.78939292736274
0.18300000000000013,31.851560592651367,125.66370614359174,7.640372151757183,599.1828865307053,105.44419189758078
0.18400000000000014,31.987201690673828,125.66370614359174,7.625395393025083,599.8894271342579,104.29710272207961
0.18500000000000014,32.120758056640625,125.66370614359174,7.6122319556492055,607.3437947877997,103.40171048841383
0.18600000000000014,32.25272750854492,125.66370614359174,7.603514280314815,621.5597873045782,102.80753186348005
0.18700000000000014,32.38365936279297,125.66370614359174,7.6017162208514515,642.3743493896957,102.55903949220226
0.18800000000000014,32.51415252685547,125.66370614359174,7.609072039120783,614.2225096151949,102.69487823136718
0.18900000000000014,32.644020080566406,125.66370614359174,7.604617927533997,589.6692024536754,102.701928763173
0.19000000000000014,32.77348327636719,125.66370614359174,7.590323369032909,570.7211258400179,102.84929265746744
0.19100000000000014,32.9028434753418,125.66370614359174,7.568996193483859,558.1625073074964,103.19667314963542
0.19200000000000014,33.032493591308594,125.66370614359174,7.543596701271428,552.5969204653867,103.79966743717614
0.19300000000000014,33.16289138793945,125.66370614359174,7.517170679568544,554.443892307281,104.71118547486078
0.19400000000000014,33.294559478759766,125.66370614359174,7.49278148418936,563.9295738457313,105.98039175327531
0.19500000000000015,33.42808151245117,125.66370614359174,7.473429580333081,581.0808816824756,107.65168416546567
0.19600000000000015,33.564090728759766,125.66370614359174,7.461961063845023,605.7236332353525,109.76374756758375
0.19700000000000015,33.703243255615234,125.66370614359174,7.460968888229814,598.1134705133408,112.34866971445821
0.19800000000000015,33.8444938659668,125.66370614359174,7.455810188163043,576.797325432163,114.24406928289754
0.19900000000000015,33.988101959228516,125.66370614359174,7.441217402861308,561.2723351838708,116.33770870735775
0.20000000000000015,34.13441467285156,125.66370614359174,7.420072511575638,552.5222080836033,118.69476647872607
0.20100000000000015,34.28386306762695,125.66370614359174,7.395495845900472,551.1791083898723,121.37037733982352
0.20200000000000015,34.43693542480469,125.66370614359174,7.370705046812525,557.673503405153,124.41659743902886
0.20300000000000015,34.59418487548828,125.66370614359174,7.348935609134639,572.2249881186814,127.88134330947243
0.20400000000000015,34.75620651245117,125.66370614359174,7.33334753922348,594.8355755159064,131.80721151726223
0.20500000000000015,34.923641204833984,125.66370614359174,7.326919631278647,625.2873720688455,136.23048305525296
0.20600000000000016,35.09714889526367,125.66370614359174,7.33233616212377,627.9923028581694,141.18011660195862
0.20700000000000016,35.27490997314453,125.66370614359174,7.33630419000371,610.8675610304432,144.9030538306608
0.20800000000000016,35.45709991455078,125.66370614359174,7.331154626550261,599.4207240218872,148.8043916302639
0.20900000000000016,35.644004821777344,125.66370614359174,7.319777567862703,594.7288237128423,152.95935090858458
0.21000000000000016,35.83598327636719,125.66370614359174,7.305329073335836,597.4560052660069,157.42867204501505
0.21100000000000016,36.03346252441406,125.66370614359174,7.291061148967801,608.0508382850428,162.26999175133378
0.21200000000000016,36.2369270324707,125.66370614359174,7.280232596284306,626.7354646215969,167.53652637475918
0.21300000000000016,36.44691848754883,125.66370614359174,7.276005913347724,653.4972064071094,173.2757336943126
0.21400000000000016,36.66401672363281,125.66370614359174,7.281332364504732,688.0850476690771,179.5279591121618
0.21500000000000016,36.88881301879883,125.66370614359174,7.298831034951337,689.0210631208565,186.32512666782625
0.21600000000000016,37.11891174316406,125.66370614359174,7.312469942167536,673.6402680198861,191.43121316869662
0.21700000000000016,37.35432052612305,125.66370614359174,7.31649602168099,663.8791480813991,196.62937076193475
0.21800000000000017,37.595184326171875,125.66370614359174,7.313873471350812,660.8576401043742,202.01092416861553
0.21900000000000017,37.841732025146484,125.66370614359174,7.307825077523152,665.3011598006556,207.65004169081723
0.22000000000000017,38.094276428222656,125.66370614359174,7.301672079136081,677.6993367492281,213.61788559740563
0.22100000000000017,38.35319900512695,125.66370614359174,7.298736569775378,698.291740739023,219.98086115867684
0.22200000000000017,38.618961334228516,125.66370614359174,7.302229247516248,727.0571232423473,226.79888986987217
0.22300000000000017,38.89205551147461,125.66370614359174,7.31512539215623,763.7083900888399,234.12338899926883
0.22400000000000017,39.17301940917969,125.66370614359174,7.340035712308766,752.4516209288076,241.99570686670495
0.22500000000000017,39.45903015136719,125.66370614359174,7.354915135898989,736.6560028494978,247.76233462659076
0.22600000000000017,39.749942779541016,125.66370614359174,7.3596322927888655,726.982036674315,253.50281021185702
0.22700000000000017,40.04575729370117,125.66370614359174,7.3574373717957675,724.5260076405052,259.3318783125481
0.22800000000000017,40.34658432006836,125.66370614359174,7.351798057167072,730.0598921563351,265.3452792251346
0.22900000000000018,40.652652740478516,125.66370614359174,7.346275525881773,744.0825684499495,271.6356101415551
0.23000000000000018,40.96427536010742,125.66370614359174,7.344411884428722,766.8016851973364,278.28974337557463
0.23100000000000018,41.2818603515625,125.66370614359174,7.349600471434346,798.1213499342646,285.38638110124896
0.23200000000000018,41.60586929321289,125.66370614359174,7.364943654062599,792.198020116172,292.9933125959747
0.23300000000000018,41.933712005615234,125.66370614359174,7.37339556479143,770.9420074768146,298.5360443197093
0.23400000000000018,42.265052795410156,125.66370614359174,7.369777236312614,756.1862963024688,303.87237097274124
0.23500000000000018,42.599727630615234,125.66370614359174,7.357650700138632,749.3853243184626,309.14402851317465
0.23600000000000018,42.93773651123047,125.66370614359174,7.340927234431671,751.526835574964,314.4788356516208
0.23700000000000018,43.279212951660156,125.66370614359174,7.323683598849575,763.2788849932228,320.0027600403062
0.23800000000000018,43.62442398071289,125.66370614359174,7.310032808844378,784.9651811345456,325.8364897686484
0.23900000000000018,43.9737548828125,125.66370614359174,7.303969840411392,816.5469546433716,332.0917128783941
0.24000000000000019,44.32768630981445,125.66370614359174,7.309196420610689,813.573586225721,338.8673949617966
0.2410000000000002,44.68397903442383,125.66370614359174,7.309599881123011,792.7400437379396,343.7268087578573
0.2420000000000002,45.04221725463867,125.66370614359174,7.298726691090785,779.4700292269937,348.2543727729686
0.2430000000000002,45.40216827392578,125.66370614359174,7.28061126884415,775.3460289091613,352.620954063605
0.2440000000000002,45.7637939453125,125.66370614359174,7.259681864059589,781.395853146345,356.98788158768065
0.2450000000000002,46.12723159790039,125.66370614359174,7.240531635883689,798.2641865597533,361.5147949758039
0.2460000000000002,46.49276351928711,125.66370614359174,7.227750935016075,826.1841643845711,366.35464755207
0.2470000000000002,46.86082077026367,125.66370614359174,7.225727927145483,864.9577540918743,371.64882762399014
0.2480000000000002,47.23195266723633,125.66370614359174,7.238425713775571,857.8777059496574,377.5221212869077
0.2490000000000002,47.60423278808594,125.66370614359174,7.244189603368177,842.8012091240739,381.61803920745683
0.25000000000000017,47.97721862792969,125.66370614359174,7.241102501666297,836.200955927858,385.31149130860376
0.25100000000000017,48.350685119628906,125.66370614359174,7.233558842232304,839.4993018502759,388.79890365542707
0.25200000000000017,48.72459411621094,125.66370614359174,7.226243464241113,853.5872700683751,392.26894657338386
0.25300000000000017,49.0991096496582,125.66370614359174,7.223898742317227,878.9080979491023,395.9069200322371
0.25400000000000017,49.47456359863281,125.66370614359174,7.231112011936238,915.4290242064593,399.88832429176887
0.25500000000000017,49.8514289855957,125.66370614359174,7.252076198579902,917.5842919150466,404.3724399956827
0.25600000000000017,50.228546142578125,125.66370614359174,7.270373202342624,899.224007332892,407.70827462661566
0.2570000000000002,50.60531234741211,125.66370614359174,7.277993169608005,888.8348758905138,410.44266622916746
0.2580000000000002,50.98135757446289,125.66370614359174,7.279324343605394,888.2155424950386,412.78722741902914
0.2590000000000002,51.35653305053711,125.66370614359174,7.279171080981593,898.4908668760685,414.95848646142764
0.2600000000000002,51.730892181396484,125.66370614359174,7.282454676772614,920.2938956312443,417.1727659027955
0.2610000000000002,52.10470199584961,125.66370614359174,7.293987321772507,953.7289990099647,419.6385551116237
0.2620000000000002,52.47838592529297,125.66370614359174,7.318215678826792,957.6437510929779,422.5482826453297
0.2630000000000002,52.85133743286133,125.66370614359174,7.341192583600721,935.031552306438,424.8066732072554
0.2640000000000002,53.22288513183594,125.66370614359174,7.351926792338098,920.4506998224047,426.3244068653376
0.2650000000000002,53.59257888793945,125.66370614359174,7.354965650740131,915.9912172720248,427.33128672117084
0.2660000000000002,53.96021270751953,125.66370614359174,7.355362316924228,922.9624966835313,428.0719549638343
0.2670000000000002,54.3258171081543,125.66370614359174,7.358330806367487,942.1209199807055,428.7932801348209
0.2680000000000002,54.68962478637695,125.66370614359174,7.368998682178447,973.6256952506521,429.7346139702695
0.2690000000000002,55.05207824707031,125.66370614359174,7.3921247918361805,973.7590853173898,431.11837140092996
0.2700000000000002,55.41288375854492,125.66370614359174,7.413219230192673,948.0051346320411,432.1481345070797
0.2710000000000002,55.7713737487793,125.66370614359174,7.421485706237523,931.0317118894731,432.3904977674969
0.2720000000000002,56.12712097167969,125.66370614359174,7.421804003160322,925.0694619698032,432.0976930233467
0.2730000000000002,56.479942321777344,125.66370614359174,7.419588616544086,931.4931012655173,431.54156572366446
0.2740000000000002,56.82990264892578,125.66370614359174,7.420413691900995,951.043004225511,430.9959748084464
0.2750000000000002,57.17729949951172,125.66370614359174,7.4297316781317315,983.7779971144672,430.7253415753182
0.2760000000000002,57.522621154785156,125.66370614359174,7.45255389696106,975.2642101467611,430.9731154593664
0.2770000000000002,57.865665435791016,125.66370614359174,7.470217844632337,949.1631156092359,430.93250498852393
0.2780000000000002,58.20583724975586,125.66370614359174,7.4756790617915385,933.0508200713842,430.1570756987479
0.2790000000000002,58.54280471801758,125.66370614359174,7.4742316644230895,929.0772891227873,428.9224608050607
0.2800000000000002,58.87648010253906,125.66370614359174,7.471641885915048,938.5093023069779,427.5222836471035
0.2810000000000002,59.20703125,125.66370614359174,7.473762540111641,961.8858860976211,426.24853638231826
0.2820000000000002,59.53483963012695,125.66370614359174,7.486208267109815,998.9751701586141,425.37820010217473
0.2830000000000002,59.86050033569336,125.66370614359174,7.51399591281005,975.7387881767474,425.16054930212994
0.2840000000000002,60.18364715576172,125.66370614359174,7.530345845843715,951.6333502946773,424.458945021683
0.2850000000000002,60.50381851196289,125.66370614359174,7.535807758121885,938.8242154324828,423.14593778064756
0.2860000000000002,60.82080841064453,125.66370614359174,7.536062583593703,939.1449340291765,421.51808921387044
0.2870000000000002,61.13465118408203,125.66370614359174,7.5370977442012945,953.586683898139,419.88174965727086
0.2880000000000002,61.445640563964844,125.66370614359174,7.5448423621555305,982.3200748709648,418.53464044708187
0.2890000000000002,61.754268646240234,125.66370614359174,7.564802482928468,967.3718433581175,417.7509802777247
0.2900000000000002,62.06043243408203,125.66370614359174,7.577804840324728,934.8511771688909,416.7925290045578
0.2910000000000002,62.363616943359375,125.66370614359174,7.576774527440923,913.7671363457839,415.1415166499862
0.2920000000000002,62.66356658935547,125.66370614359174,7.567615201173287,906.5602776202935,413.10888005111786
0.2930000000000002,62.96028137207031,125.66370614359174,7.556778885914973,914.6122256092159,411.0243534222416
0.2940000000000002,63.2540283203125,125.66370614359174,7.550818390863326,938.4026261023873,409.2126047943255
0.2950000000000002,63.54529571533203,125.66370614359174,7.555995041532785,932.4900559996723,407.9764119506074
0.2960000000000002,63.8341178894043,125.66370614359174,7.55910159580688,896.4809416718005,406.7357796092295
0.2970000000000002,64.1200180053711,125.66370614359174,7.5473855600585855,872.9316052605859,404.84238717040483
0.2980000000000002,64.40279388427734,125.66370614359174,7.527176308344327,864.6563434388129,402.6274338437307
0.2990000000000002,64.68251037597656,125.66370614359174,7.505512997585719,873.2005471822686,400.4431967532249
0.3000000000000002,64.9594955444336,125.66370614359174,7.48960656287968,899.1071347366479,398.6358383148554
0.3010000000000002,65.23431396484375,125.66370614359174,7.486394888635534,941.8671789998172,397.5267343696403
0.3020000000000002,65.50774383544922,125.66370614359174,7.502041952293931,915.6744914458708,397.39478811724763
0.3030000000000002,65.77924346923828,125.66370614359174,7.505598705254646,896.1924633195038,396.54111999614764
0.3040000000000002,66.04866027832031,125.66370614359174,7.5010782784687855,891.3753906353925,395.4317661926182
0.3050000000000002,66.31607818603516,125.66370614359174,7.495274228876602,902.7973374287841,394.41084539729763
0.3060000000000002,66.58184051513672,125.66370614359174,7.495129369641312,930.9514806760468,393.8134511454624
0.3070000000000002,66.84651184082031,125.66370614359174,7.507252742848554,975.2418309651364,393.94748818125674
0.3080000000000002,67.11084747314453,125.66370614359174,7.537415829715187,945.1679845539875,395.07527762884615
0.3090000000000002,67.37411499023438,125.66370614359174,7.552584825239183,923.855673826221,395.22229137034606
0.3100000000000002,67.63613891601562,125.66370614359174,7.557860613219919,916.6680984910405,395.09843399470475
0.3110000000000002,67.89698791503906,125.66370614359174,7.559901055450858,925.2888228386067,395.0516544345478
0.3120000000000002,68.15697479248047,125.66370614359174,7.5655283232944415,950.3010647743721,395.4180179425725
0.3130000000000002,68.41663360595703,125.66370614359174,7.581257228508642,941.3223228424648,396.5047252019389
0.3140000000000002,68.67552947998047,125.66370614359174,7.592169511952935,901.9670733826902,396.98112983238775
0.3150000000000002,68.93326568603516,125.66370614359174,7.585782204196145,875.9624920120639,396.90341172517236
0.3160000000000002,69.18973541259766,125.66370614359174,7.568896341556972,866.5327338200998,396.64919100619557
0.3170000000000002,69.44509887695312,125.66370614359174,7.549116385060218,875.4141566325266,396.6071472356584
0.3180000000000002,69.69979858398438,125.66370614359174,7.534239305505179,903.108792567987,397.1510939637563
0.31900000000000023,69.95447540283203,125.66370614359174,7.531727145421538,891.5104799442332,398.6162892595593
0.32000000000000023,70.2084732055664,125.66370614359174,7.5239923334442915,857.2167459603429,399.1177223598187
0.32100000000000023,70.46154022216797,125.66370614359174,7.501996182767879,839.1015945431278,399.2872053204459
0.32200000000000023,70.7137680053711,125.66370614359174,7.4734662891907595,840.0540090790178,399.5456460380604
0.32300000000000023,70.96550750732422,125.66370614359174,7.446817517283369,861.3592920953554,400.307536298568
0.32400000000000023,71.21739196777344,125.66370614359174,7.430467363416564,902.9210764031246,401.9574045206838
0.32500000000000023,71.47026062011719,125.66370614359174,7.432198963494953,890.4134242066734,404.8244558732917
0.32600000000000023,71.72315979003906,125.66370614359174,7.427088421857573,869.4952204511449,406.3319259272058
0.32700000000000023,71.97604370117188,125.66370614359174,7.412703081280961,865.9844942664535,407.75394170462016
0.32800000000000024,72.2291259765625,125.66370614359174,7.397056098615179,882.0195323467544,409.5208440086319
0.32900000000000024,72.48294067382812,125.66370614359174,7.3884930674880565,918.1567539479817,412.0359451305051
0.33000000000000024,72.73822784423828,125.66370614359174,7.394977514496336,973.5010019685851,415.6558099685211
0.33100000000000024,72.99591064453125,125.66370614359174,7.42339714022708,949.2832995296824,420.665048983525
0.33200000000000024,73.25462341308594,125.66370614359174,7.437319022006754,937.3752061645343,423.67893878924383
0.33300000000000024,73.51433563232422,125.66370614359174,7.444093937424643,942.2863285426536,426.68954762007115
0.33400000000000024,73.77532958984375,125.66370614359174,7.451350230311342,965.4483818737634,430.1222982849254
0.33500000000000024,74.03813171386719,125.66370614359174,7.466677722911859,1006.8679471467356,434.3572444468866
0.33600000000000024,74.303466796875,125.66370614359174,7.497001021409412,988.4607245230044,439.71580398955865
0.33700000000000024,74.57000732421875,125.66370614359174,7.515497369072638,960.5433850642946,443.10743499739084
0.33800000000000024,74.83748626708984,125.66370614359174,7.5196785646628586,948.3489782801942,446.1370905403427
0.33900000000000025,75.10596466064453,125.66370614359174,7.517207995816207,954.6006799357701,449.2772311888253
0.34000000000000025,75.37580871582031,125.66370614359174,7.516239366409527,980.3671832131781,452.97562073440696
0.34100000000000025,75.64763641357422,125.66370614359174,7.524722754655268,970.2239726096757,457.63388165274023
0.34200000000000025,75.92021942138672,125.66370614359174,7.526725880635833,929.8403947780099,460.47200619354123
0.34300000000000025,76.19320678710938,125.66370614359174,7.510339742500351,906.4682041913875,462.76321571183826
0.34400000000000025,76.46658325195312,125.66370614359174,7.483971591991141,903.896407966027,465.0554128800382
0.34500000000000025,76.74069213867188,125.66370614359174,7.456971974453184,923.9313447065662,467.88508144596625
0.34600000000000025,77.01620483398438,125.66370614359174,7.438816088253711,966.6396712587314,471.74680102209913
0.34700000000000025,77.29402923583984,125.66370614359174,7.438331976570892,944.6258972875851,477.05705029608885
0.34800000000000025,77.57257843017578,125.66370614359174,7.426048973362977,923.5653220334542,479.9461591407088
0.34900000000000025,77.85182189941406,125.66370614359174,7.404188277947211,923.349464632272,482.7738749577086
0.35000000000000026,78.132080078125,125.66370614359174,7.382233816460699,946.1700841269668,486.1247403748502
0.35100000000000026,78.41399383544922,125.66370614359174,7.369920152101205,992.2614505884028,490.5269016407785
0.35200000000000026,78.69851684570312,125.66370614359174,7.376345361668328,984.1832751727777,496.4290961805268
0.35300000000000026,78.98420715332031,125.66370614359174,7.376105880378733,965.6012657722201,500.12474428138574
0.35400000000000026,79.27096557617188,125.66370614359174,7.366280592078811,967.0296272483897,503.65632164116977
0.35500000000000026,79.55904388427734,125.66370614359174,7.356122640308952,990.9712639996081,507.62284866643574
0.35600000000000026,79.84904479980469,125.66370614359174,7.35521879067355,1037.8400583960165,512.5746769337808
0.35700000000000026,80.141845703125,125.66370614359174,7.372537682904851,1035.8706038368002,518.9837524276792
0.35800000000000026,80.43611907958984,125.66370614359174,7.384970351246351,1015.7985541655931,523.2898119129328
0.35900000000000026,80.73162078857422,125.66370614359174,7.386178404152345,1014.6428161083854,527.2395169405504
0.36000000000000026,81.02851104736328,125.66370614359174,7.385132291014129,1035.3103203137985,531.4510905152966
0.36100000000000027,81.3272705078125,125.66370614359174,7.39126449662007,1078.528150196291,536.5045480879945
0.36200000000000027,81.62872314453125,125.66370614359174,7.4134923156312444,1075.6245576290164,542.9061101314765
0.36300000000000027,81.9315414428711,125.66370614359174,7.430281907372783,1050.1570920229913,547.206314294906
0.36400000000000027,82.23536682128906,125.66370614359174,7.433326501876668,1043.3266316560264,550.9365263494576
0.36500000000000027,82.54025268554688,125.66370614359174,7.4316712809102095,1058.5159543396333,554.7559894189652
0.36600000000000027,82.84661102294922,125.66370614359174,7.434990295220772,1096.8124663223775,559.2960453319449
0.36700000000000027,83.15519714355469,125.66370614359174,7.452578045045264,1090.6298758953924,565.1172111382322
0.36800000000000027,83.46471405029297,125.66370614359174,7.463980326996429,1060.4356351728773,568.8210912413282
0.36900000000000027,83.77474975585938,125.66370614359174,7.460241801763992,1049.9230248039878,571.8374142410493
0.3700000000000003,84.08531188964844,125.66370614359174,7.4509227537073,1062.7988254627926,574.8860883940944
0.3710000000000003,84.3968276977539,125.66370614359174,7.4463234402514855,1100.3084628825652,578.6631047425539
0.3720000000000003,84.7100830078125,125.66370614359174,7.45640957687632,1092.7207635257794,583.7900354147093
0.3730000000000003,85.0238265991211,125.66370614359174,7.460425458188801,1063.1811713448042,586.8262557615294
0.3740000000000003,85.3376693725586,125.66370614359174,7.450280689844675,1055.043560417659,589.2096277436391
0.3750000000000003,85.65168762207031,125.66370614359174,7.436183804046033,1071.9598432658136,591.7170980785797
0.3760000000000003,85.96638488769531,125.66370614359174,7.4290373821162055,1114.9478890738499,595.0957696005476
0.3770000000000003,86.28263854980469,125.66370614359174,7.439269600407545,1107.1209333364095,600.0063277282788
0.3780000000000003,86.59922790527344,125.66370614359174,7.443279799411411,1083.3725403217181,602.8374822681409
0.3790000000000003,86.91584777832031,125.66370614359174,7.435665186948363,1082.1812449320587,605.1307425189419
0.3800000000000003,87.2326431274414,125.66370614359174,7.426971913225685,1106.775704493873,607.6930870236553
0.3810000000000003,87.55020904541016,125.66370614359174,7.428214086001885,1157.6451762778227,611.2892519221149
0.3820000000000003,87.86949157714844,125.66370614359174,7.449634845160967,1145.2460320718137,616.5811549381332
0.3830000000000003,88.18921661376953,125.66370614359174,7.461988737322651,1126.9495582412928,619.6375808975771
0.3840000000000003,88.50910186767578,125.66370614359174,7.464488252855761,1131.2914790029051,622.2143291377106
0.3850000000000003,88.82933044433594,125.66370614359174,7.467583322743037,1160.9688962655437,625.1261199112453
0.3860000000000003,89.1505126953125,125.66370614359174,7.481904084697247,1215.9267220657543,629.1320145342053
0.3870000000000003,89.4736099243164,125.66370614359174,7.517026662794237,1189.8092815701038,634.8737414928626
0.3880000000000003,89.797119140625,125.66370614359174,7.536389712595906,1171.655852477347,637.9546264951814
0.3890000000000003,90.1207504272461,125.66370614359174,7.545607520760236,1176.0679558051443,640.5104199029971
0.3900000000000003,90.44466400146484,125.66370614359174,7.555048125292471,1205.3242395929099,643.3731259731427
0.3910000000000003,90.76944732666016,125.66370614359174,7.575040413775353,1192.8177369848936,647.306242791607
0.3920000000000003,91.09407043457031,125.66370614359174,7.587165975300769,1150.3632161276616,649.3773993631029
0.3930000000000003,91.4178695678711,125.66370614359174,7.579849505214281,1130.064132911382,650.2286540102036
0.3940000000000003,91.74070739746094,125.66370614359174,7.564001147446665,1136.8037527905528,650.7891977745456
0.3950000000000003,92.06292724609375,125.66370614359174,7.55159684989551,1172.2908518422844,651.9901562237769
0.3960000000000003,92.38533782958984,125.66370614359174,7.554325345301864,1150.477358520454,654.676936646366
0.3970000000000003,92.70680236816406,125.66370614359174,7.546591214803336,1119.0752679624206,655.2392748793276
0.3980000000000003,93.0269546508789,125.66370614359174,7.525748014824311,1114.5236401803825,655.1024045220603
0.3990000000000003,93.3459701538086,125.66370614359174,7.504140248976103,1140.342256635339,655.276109263218
0.4000000000000003,93.66454315185547,125.66370614359174,7.494592878954351,1196.656738416171,656.7201868973602
0.4010000000000003,93.95877838134766,125.66370614359174,7.508884392721092,1170.480003217207,660.0804768310117
0.4020000000000003,94.25238800048828,125.66370614359174,7.509469091500462,1159.1025472932336,661.0093924710766
0.4030000000000003,94.54530334472656,125.66370614359174,7.504781651005244,1175.7031854757954,661.7851528442843
0.4040000000000003,94.83795928955078,125.66370614359174,7.507072612252456,1221.7972031993693,663.3872574922613
0.4050000000000003,95.1312484741211,125.66370614359174,7.528099011905035,1211.5731481556943,666.6853833990468
0.4060000000000003,95.42426300048828,125.66370614359174,7.542040129066268,1187.2419295805523,668.2590709790803
0.4070000000000003,95.71664428710938,125.66370614359174,7.5442051536770895,1188.394138129186,669.1214482291135
0.4080000000000003,96.00852966308594,125.66370614359174,7.546356391578306,1218.4351151070948,670.262653405785
0.4090000000000003,96.3005599975586,125.66370614359174,7.560578002277686,1277.216668688197,672.6248013521259
0.4100000000000003,96.5937728881836,125.66370614359174,7.597693782193442,1244.3701137110716,677.0036556697357
0.4110000000000003,96.8868179321289,125.66370614359174,7.616844969288355,1228.4128853506256,678.766058859103
0.4120000000000003,97.1794662475586,125.66370614359174,7.627433809263174,1238.5943313793437,680.0961560268147
0.4130000000000003,97.47200775146484,125.66370614359174,7.64108576933587,1276.6561492351784,681.9737209949013
0.4140000000000003,97.76517486572266,125.66370614359174,7.668998527235053,1246.7549026612364,685.2764107028813
0.4150000000000003,98.05778503417969,125.66370614359174,7.681682259212685,1209.4702421112454,686.2936596846619
0.4160000000000003,98.34932708740234,125.66370614359174,7.677705806197103,1198.5022908789538,686.2829606771371
0.4170000000000003,98.63984680175781,125.66370614359174,7.669369820508174,1217.8063606649168,686.323757618412
0.4180000000000003,98.92989349365234,125.66370614359174,7.669485476694914,1198.0868587457373,687.4512985166629
0.4190000000000003,99.21861267089844,125.66370614359174,7.661237066632232,1148.8064385899797,686.8764639072054
0.4200000000000003,99.50542449951172,125.66370614359174,7.633133798318627,1128.7814884173379,685.0893882013025
0.4210000000000003,99.79032897949219,125.66370614359174,7.5988753187062406,1143.506985734698,683.2989388508787
0.4220000000000003,100.07393646240234,125.66370614359174,7.5733578854769075,1194.149674321851,682.7022708419407
0.4230000000000003,100.35739135742188,125.66370614359174,7.570796493051395,1169.2806522205065,684.3533610996
0.4240000000000003,100.63961029052734,125.66370614359174,7.55699272098371,1156.0182702908924,683.8412575671761
0.4250000000000003,100.92061614990234,125.66370614359174,7.538576843093104,1176.1754182603981,683.3363506089487
0.4260000000000003,101.20099639892578,125.66370614359174,7.529934691428914,1231.2959347426531,684.017237055537
0.4270000000000003,101.48184967041016,125.66370614359174,7.544834679892822,1223.3555257747942,686.9210301581189
0.4280000000000003,101.76235961914062,125.66370614359174,7.553993789700202,1209.6854088865875,688.1559555290233
0.4290000000000003,102.04239654541016,125.66370614359174,7.55634730375686,1225.3873286813384,689.1311783629991
0.4300000000000003,102.32237243652344,125.66370614359174,7.56480493495301,1273.6831341594152,690.9393321624758
0.4310000000000003,102.60318756103516,125.66370614359174,7.592376122553426,1269.5816968933243,694.6040307010451
0.43200000000000033,102.88409423828125,125.66370614359174,7.614898436370027,1245.5973369002584,696.7308828918041
0.43300000000000033,103.16474151611328,125.66370614359174,7.625176109157973,1249.8997319796001,698.1449207219878
0.43400000000000033,103.44534301757812,125.66370614359174,7.636095013062331,1286.1432968639133,699.9952936311737
0.43500000000000033,103.72663116455078,125.66370614359174,7.660762184287102,1282.0235803542657,703.3648760829121
0.43600000000000033,104.00789642333984,125.66370614359174,7.680920495818686,1244.3993250260078,705.2662001319505
0.43700000000000033,104.28861999511719,125.66370614359174,7.6835182910847175,1234.4899441694658,706.0852364012303
0.43800000000000033,104.5688705444336,125.66370614359174,7.681552792776381,1257.383187122907,707.0285892665152
0.43900000000000033,104.8492660522461,125.66370614359174,7.68885739329175,1313.521205441642,709.2747895736715
0.44000000000000034,105.13088989257812,125.66370614359174,7.718104654709259,1277.4876352083145,713.8254499103555
0.44100000000000034,105.41236877441406,125.66370614359174,7.728825910499712,1258.4278373422526,715.4512708156044
0.44200000000000034,105.69357299804688,125.66370614359174,7.730441058096968,1270.3441418661796,716.8469882481747
0.44300000000000034,105.97498321533203,125.66370614359174,7.7363563260778445,1314.4486115517454,719.2225438860808
0.44400000000000034,106.25753021240234,125.66370614359174,7.759164565154168,1276.824685848723,723.6016560886209
0.44500000000000034,106.53977966308594,125.66370614359174,7.7635395308127455,1245.358467566752,724.9266597897622
0.44600000000000034,106.82147979736328,125.66370614359174,7.75424943268542,1245.3132707870284,725.7370055835922
0.44700000000000034,107.10301971435547,125.66370614359174,7.745184324400088,1272.4044238914116,727.3368669637355
0.44800000000000034,107.38506317138672,125.66370614359174,7.747155330056021,1237.4101247237454,730.3861675912984
0.44900000000000034,107.66633605957031,125.66370614359174,7.733609072444826,1200.0650888846399,730.6835511211922
0.45000000000000034,107.94664001464844,125.66370614359174,7.7053442553261196,1196.9730330160066,730.5311556354123
0.45100000000000035,108.22643280029297,125.66370614359174,7.6774527335079235,1218.4512903937834,731.3692826981604
0.45200000000000035,108.50628662109375,125.66370614359174,7.6596470361791305,1196.9239933922427,733.4383821631516
0.45300000000000035,108.7852554321289,125.66370614359174,7.633106561148358,1166.302742255473,733.4490590016143
0.45400000000000035,109.06333923339844,125.66370614359174,7.595282285687401,1170.1138519154529,733.4296938402534
0.45500000000000035,109.34112548828125,125.66370614359174,7.561160707772368,1196.9333130016048,734.6924267425392
0.45600000000000035,109.61920166015625,125.66370614359174,7.539592604060343,1193.6320612003199,737.2594534991656
0.45700000000000035,109.89696502685547,125.66370614359174,7.516662223684255,1173.272544100806,738.463490242256
0.45800000000000035,110.17449188232422,125.66370614359174,7.4859596227637555,1184.2960117013104,739.8651014961594
0.45900000000000035,110.452392578125,125.66370614359174,7.4611117615836315,1216.7969580015902,742.6124657955438
0.46000000000000035,110.7313003540039,125.66370614359174,7.450270994332042,1222.7552909482667,746.7398244831588
0.46100000000000035,111.01055908203125,125.66370614359174,7.440703903345651,1204.5922776312793,749.4636660283068
0.46200000000000035,111.29021453857422,125.66370614359174,7.4228657351689415,1216.7081304798774,752.2868901670952
0.46300000000000036,111.57086944580078,125.66370614359174,7.410132248683063,1248.0133178289284,756.4574157134434
0.46400000000000036,111.85304260253906,125.66370614359174,7.409737938103691,1254.3292949204003,761.8019594196655
0.46500000000000036,112.13592529296875,125.66370614359174,7.409736498050185,1230.12977901298,765.3739410543228
0.46600000000000036,112.41939544677734,125.66370614359174,7.397933365074437,1235.176516779308,768.6902486233643
0.46700000000000036,112.70396423339844,125.66370614359174,7.387672915479084,1257.971471300442,773.1511931389417
0.46800000000000036,112.98998260498047,125.66370614359174,7.385897421463878,1258.6709789239496,778.4303134726885
0.46900000000000036,113.27644348144531,125.66370614359174,7.382327587471934,1224.0350387604387,781.4544016773042
0.47000000000000036,113.56307983398438,125.66370614359174,7.362839006237962,1218.674396665963,783.8957998066942
0.47100000000000036,113.85032653808594,125.66370614359174,7.341173401724603,1232.9502397298045,787.3060655911138
0.47200000000000036,114.13849639892578,125.66370614359174,7.325440962006889,1263.0538890563503,791.4450313324126
0.47300000000000036,114.42810821533203,125.66370614359174,7.321876724464681,1227.5916263511144,796.814076097047
0.47400000000000037,114.7177963256836,125.66370614359174,7.300870636899223,1217.8112046662498,799.060804018634
0.47500000000000037,115.00794982910156,125.66370614359174,7.275892535143913,1228.4413512447638,802.1982758237242
0.47600000000000037,115.29887390136719,125.66370614359174,7.255599144727769,1255.4481482448064,806.0481513239343
0.47700000000000037,115.591064453125,125.66370614359174,7.246597829506137,1220.459060338228,811.0841606553508
0.47800000000000037,115.88310241699219,125.66370614359174,7.220628664479245,1208.2611778029782,812.8178283783172
0.47900000000000037,116.1753921508789,125.66370614359174,7.190043594666777,1217.8761702263112,815.5171787035845
0.48000000000000037,116.46830749511719,125.66370614359174,7.1642107660461996,1244.8362593691863,819.0673138329468
0.48100000000000037,116.76239013671875,125.66370614359174,7.150188795089754,1213.3160022920297,823.9141374314651
0.4820000000000004,117.05619812011719,125.66370614359174,7.120831479339533,1202.3936311618306,825.3953301679998
0.4830000000000004,117.35023498535156,125.66370614359174,7.087634700199086,1214.3550788360858,828.0563340842715
0.4840000000000004,117.64495086669922,125.66370614359174,7.060431508374871,1244.1512930545844,831.8043415472064
0.4850000000000004,117.94097900390625,125.66370614359174,7.046436642243153,1217.8061857018547,837.0171752644628
0.4860000000000004,118.2368392944336,125.66370614359174,7.018999267076192,1209.9977772538252,838.7876805367257
0.4870000000000004,118.53311920166016,125.66370614359174,6.9888436575206265,1224.978209574717,841.9320837762267
0.4880000000000004,118.83032989501953,125.66370614359174,6.965748793776433,1257.2251734706301,846.3177950662168
0.4890000000000004,119.12909698486328,125.66370614359174,6.956636183857242,1234.0048803007182,852.2079453386572
0.4900000000000004,119.42786407470703,125.66370614359174,6.93474388401063,1227.2620982077929,854.3882963361722
0.4910000000000004,119.72721099853516,125.66370614359174,6.910111288759566,1242.206095857277,857.9622824894776
0.4920000000000004,120.0276107788086,125.66370614359174,6.892120819001198,1273.2002040922678,862.7226311793722
0.4930000000000004,120.32962799072266,125.66370614359174,6.88724539472139,1248.5288718923814,868.8167462901789
0.4940000000000004,120.63150024414062,125.66370614359174,6.868497461779255,1238.6954542022172,870.7132084411692
0.4950000000000004,120.93376159667969,125.66370614359174,6.8455069108626665,1249.5526082394824,873.8820252301084
0.4960000000000004,121.23681640625,125.66370614359174,6.827429571674616,1275.698773064414,878.0577135424157
0.4970000000000004,121.54110717773438,125.66370614359174,6.8206244256561295,1246.5433014888754,883.3276907825197
0.4980000000000004,121.84469604492188,125.66370614359174,6.7982638913157185,1231.5370094931086,883.8825478111903
0.4990000000000004,122.14810180664062,125.66370614359174,6.769989597176212,1237.3589440258916,885.678541284561
0.5000000000000003,122.45170593261719,125.66370614359174,6.745221160030238,1258.8756145703271,888.4242609908068
0.5010000000000003,122.75593566894531,125.66370614359174,6.730695992944613,1226.6577565351138,892.2096060340674
0.5020000000000003,123.0587387084961,125.66370614359174,6.70008974035771,1208.736988104203,890.9719271125807
0.5030000000000003,123.3607406616211,125.66370614359174,6.663332045781127,1212.6489940395118,891.2331078904692
0.5040000000000003,123.66240692138672,125.66370614359174,6.630332515076852,1233.2462251819077,892.6504325673245
0.5050000000000003,123.96424865722656,125.66370614359174,6.6083183454551735,1202.076020882163,895.3143177092362
0.5060000000000003,124.26422119140625,125.66370614359174,6.57130675198707,1185.982102747219,892.8740591369981
0.5070000000000003,124.56312561035156,125.66370614359174,6.529765130903243,1192.7143301755343,892.4359222276079
0.5080000000000003,124.86158752441406,125.66370614359174,6.49394029194088,1216.7609146994582,893.5149817481412
0.5090000000000003,125.16021728515625,125.66370614359174,6.471262456211584,1190.0253977267573,896.1402203433315
0.5100000000000003,125.45696258544922,125.66370614359174,6.435424656936852,1178.7967350262088,893.5765795921761
0.5110000000000003,125.75279235839844,125.66370614359174,6.397348631178936,1189.8839672716044,893.4591535859538
0.5120000000000003,126.04839324951172,125.66370614359174,6.366903144884306,1217.406353252549,895.0187740509057
0.5130000000000003,126.34437561035156,125.66370614359174,6.351061725679933,1193.1819431805038,898.1397913740158
0.5140000000000003,126.63851165771484,125.66370614359174,6.322443493839401,1184.2148246071758,895.6252897617184
0.5150000000000003,126.93181610107422,125.66370614359174,6.2922939574946835,1195.5985383673599,895.6315572884182
0.5160000000000003,127.2248306274414,125.66370614359174,6.269589893459571,1221.5331250473685,897.0328261289749
0.5170000000000003,127.51802062988281,125.66370614359174,6.260607660819002,1193.7948338609021,899.5839235816578
0.5180000000000003,127.80884552001953,125.66370614359174,6.236864998970395,1180.8826845396727,895.6667441441098
0.5190000000000003,128.09823608398438,125.66370614359174,6.210005973062219,1186.3917095139143,894.0687988753928
0.5200000000000004,128.3865509033203,125.66370614359174,6.188342845613802,1205.0581944064802,893.344980947556
0.5210000000000004,128.67401123046875,125.66370614359174,6.177912436905359,1169.144114095016,893.243993935999
0.5220000000000004,128.95782470703125,125.66370614359174,6.149851892026064,1148.2560606202214,885.8672872041162
0.5230000000000004,129.23892211914062,125.66370614359174,6.1164598495018785,1145.9653572885884,880.8098145741574
0.5240000000000004,129.51756286621094,125.66370614359174,6.086383274568943,1157.0881057598142,876.4024361079593
0.5250000000000004,129.79396057128906,125.66370614359174,6.066118105148363,1114.8631019908182,872.5015629947181
0.5260000000000004,130.0652313232422,125.66370614359174,6.027116087116472,1088.5693600701309,861.0224588160207
0.5270000000000004,130.33250427246094,125.66370614359174,5.982422578558751,1081.9388617206837,852.4438415442384
0.5280000000000004,130.59616088867188,125.66370614359174,5.941119241894616,1090.0553277874785,844.7821697065131
0.5290000000000004,130.8565673828125,125.66370614359174,5.910444930992914,1047.4374469350164,838.0019167628152
0.5300000000000004,131.1109161376953,125.66370614359174,5.862306586738282,1021.8265363775247,823.8182858124908
0.5310000000000004,131.36073303222656,125.66370614359174,5.810462123036875,1017.6148334348237,813.5236934731936
0.5320000000000004,131.60659790039062,125.66370614359174,5.7645555998427875,1029.0757931839394,804.6715630139233
0.5330000000000004,131.84902954101562,125.66370614359174,5.732193406806269,991.6435927860858,797.1806240289633
0.5340000000000004,132.0853271484375,125.66370614359174,5.685050636555285,971.2828730394953,782.4222769591017
0.5350000000000004,132.3172607421875,125.66370614359174,5.637232501810549,972.3219603707109,772.3138066271487
0.5360000000000004,132.54544067382812,125.66370614359174,5.5981241129652695,988.0704526597947,763.7274171636544
0.5370000000000004,132.7703399658203,125.66370614359174,5.574872160595077,954.5385645967788,756.3906308735285
0.5380000000000004,132.98907470703125,125.66370614359174,5.538075555241272,936.661599895114,741.2665653192092
0.5390000000000004,133.20343017578125,125.66370614359174,5.5017254687937855,938.252156781099,730.8226560000048
0.5400000000000004,133.41372680664062,125.66370614359174,5.474275859196417,952.1507131901254,721.2042456987474
0.5410000000000004,133.62014770507812,125.66370614359174,5.4620243127621615,915.072501320263,712.0099977111224
0.5420000000000004,133.81942749023438,125.66370614359174,5.434483575094293,891.6087757242293,693.9697187099553
0.5430000000000004,134.01318359375,125.66370614359174,5.405355163372969,885.7874141878707,680.2464457724327
0.5440000000000004,134.20143127441406,125.66370614359174,5.382529187089672,890.4563323657785,666.4265946146938
0.5450000000000004,134.384033203125,125.66370614359174,5.371995887991567,843.7127327909005,652.230912237028
0.5460000000000004,134.5574951171875,125.66370614359174,5.343179350480818,809.2953600056434,628.4741978815644
0.5470000000000004,134.72349548339844,125.66370614359174,5.3095932990887755,793.149791972671,609.2163696920428
0.5480000000000004,134.88197326660156,125.66370614359174,5.279727842041755,787.8347176719285,589.6558599179309
0.5490000000000004,135.03285217285156,125.66370614359174,5.26013857924205,733.4323192652549,569.8125340327983
0.5500000000000004,135.17271423339844,125.66370614359174,5.221129728957311,690.2716325471721,540.6672820199882
0.5510000000000004,135.3035125732422,125.66370614359174,5.175510256377106,668.6945649888148,516.6836293232552
0.5520000000000004,135.42567443847656,125.66370614359174,5.133650603395899,660.8634291874472,493.7713911264997
0.5530000000000004,135.5394744873047,125.66370614359174,5.1032639135509035,605.9781579262676,471.56873665343494
0.5540000000000004,135.64114379882812,125.66370614359174,5.054469573315262,559.6756706647731,439.0332064385018
0.5550000000000004,135.7332000732422,125.66370614359174,4.9992132717493165,540.3847269648,413.2387698019653
0.5560000000000004,135.8172149658203,125.66370614359174,4.950616530018405,540.2622279499392,391.713778856517
0.5570000000000004,135.89389038085938,125.66370614359174,4.918065555936086,495.6387361474765,371.94014878483085
0.5580000000000004,135.95889282226562,125.66370614359174,4.871397101069929,454.6311071921443,340.4313219684558
0.5590000000000004,136.01507568359375,125.66370614359174,4.820620934531259,443.14677710586926,316.5933163295611
0.5600000000000004,136.06492614746094,125.66370614359174,4.7803325662087826,454.6572661753534,299.4726943749325
0.5610000000000004,136.10902404785156,125.66370614359174,4.761031792459451,421.6265299607398,283.94974325039124
0.5620000000000004,136.14202880859375,125.66370614359174,4.731336666853505,384.54509332260625,253.82063572177404
0.5630000000000004,136.1666259765625,125.66370614359174,4.69840533147337,376.1094120903951,230.93261556690473
0.5640000000000004,136.18576049804688,125.66370614359174,4.676929820357794,392.6837151978671,216.12087040540467
0.5650000000000004,136.19955444335938,125.66370614359174,4.677941475530957,362.58596184842423,201.61974360395163
0.5660000000000004,136.20127868652344,125.66370614359174,4.668751448377541,319.5259751596229,168.70113153102346
0.5670000000000004,136.1932373046875,125.66370614359174,4.653112192144831,302.01297756838954,142.12484430366263
0.5680000000000004,136.1781005859375,125.66370614359174,4.644507987181131,309.06525815269913,122.77757800736711
0.5690000000000004,136.1564483642578,125.66370614359174,4.654534226170227,273.71961671328313,104.9770471704228
0.5700000000000004,136.12046813964844,125.66370614359174,4.6527599983382,217.2562864083673,65.96587798998665
0.5710000000000004,136.07261657714844,125.66370614359174,4.639022335045012,185.84706806948208,33.664922938700705
0.5720000000000004,136.0158233642578,125.66370614359174,4.626514332993047,181.08973140629155,9.255056971730118
0.5730000000000004,135.9515838623047,125.66370614359174,4.628199028941602,144.04693565600098,-10.973701657668663
0.5740000000000004,135.87179565429688,125.66370614359174,4.619141953786435,78.71902512785799,-53.24184086709449
0.5750000000000004,135.7795867919922,125.66370614359174,4.5943899376964845,40.934021583157936,-86.92570776650108
0.5760000000000004,135.67857360839844,125.66370614359174,4.567785173824462,33.690734897464935,-110.80729991908022
0.5770000000000004,135.5714569091797,125.66370614359174,4.55400854881476,8.060983381964661,-127.26822137872142
0.5780000000000004,135.45010375976562,125.66370614359174,4.535251619900573,-53.19053543630674,-165.76318367366096
0.5790000000000004,135.3183135986328,125.66370614359174,4.501111987416625,-84.13298476852343,-193.85162995469142
0.5800000000000004,135.18020629882812,125.66370614359174,4.466324213447102,-81.92106574853901,-210.76163898272642
0.5810000000000004,135.039306640625,125.66370614359174,4.446791710383389,-48.38016328668,-218.1217839716544
0.5820000000000004,134.89561462402344,125.66370614359174,4.457494813436637,-80.97076650014469,-225.44799403821264
0.5830000000000004,134.74285888671875,125.66370614359174,4.449748507448222,-105.47754646547662,-249.64675965106815
0.5840000000000004,134.58436584472656,125.66370614359174,4.442097718031753,-101.12110762060941,-264.84276974062976
0.5850000000000004,134.42291259765625,125.66370614359174,4.448923698655384,-69.33767840941812,-272.48234509592834
0.5860000000000004,134.25828552246094,125.66370614359174,4.483614783444076,-102.52480656022968,-280.732211123178
0.5870000000000004,134.08303833007812,125.66370614359174,4.498845339410863,-136.71699511948756,-308.87168061270563
0.5880000000000004,133.9001007080078,125.66370614359174,4.508816216223468,-145.2264303199521,-329.0646203146954
0.5890000000000004,133.71206665039062,125.66370614359174,4.5264684922882115,-128.12227483132767,-342.2779210618134
0.5900000000000004,133.51910400390625,125.66370614359174,4.564475204714169,-171.15488603814083,-355.01713958659354
0.5910000000000004,133.31349182128906,125.66370614359174,4.579723276835976,-221.14545141191067,-388.17034483663684
0.5920000000000004,133.09869384765625,125.66370614359174,4.58215155531931,-244.31951534809397,-412.0787259064181
0.5930000000000004,132.87794494628906,125.66370614359174,4.584799839103567,-238.94328763517942,-427.24564828234486
0.5940000000000004,132.65243530273438,125.66370614359174,4.601548766361563,-282.7456660591531,-439.20328442239946
0.5950000000000004,132.41505432128906,125.66370614359174,4.596083251647452,-337.4009135934612,-469.9069281899918
0.5960000000000004,132.17018127441406,125.66370614359174,4.573911972701776,-360.7964619976041,-488.8543023313836
0.5970000000000004,131.92202758789062,125.66370614359174,4.549483566338228,-350.3142190408381,-496.66263662721553
0.5980000000000004,131.67269897460938,125.66370614359174,4.538992965222428,-376.3225980976021,-498.8808217664146
0.5990000000000004,131.41552734375,125.66370614359174,4.51278170778588,-417.5098531526403,-518.5360314716779
0.6000000000000004,131.1554412841797,125.66370614359174,4.472290352275638,-424.15789325351375,-525.2383269794888
0.6010000000000004,130.8968963623047,125.66370614359174,4.433571578234817,-394.2838079678786,-520.1942498549156
0.6020000000000004,130.64215087890625,125.66370614359174,4.414553388402812,-393.3848134958037,-509.33636697058614
0.6030000000000004,130.38406372070312,125.66370614359174,4.389215565706672,-413.92876752701244,-517.0664160898305
0.6040000000000004,130.12710571289062,125.66370614359174,4.355727300549044,-401.3138919389627,-513.1556697914322
0.6050000000000004,129.87515258789062,125.66370614359174,4.330353085935871,-354.901945200758,-499.2368243972222
0.6060000000000004,129.62985229492188,125.66370614359174,4.330386743812081,-337.45244456431647,-481.0930439410638
0.6070000000000004,129.38282775878906,125.66370614359174,4.329491903851915,-348.7102571502852,-484.6524345428381
0.6080000000000004,129.1376495361328,125.66370614359174,4.323091844995108,-331.7726311101957,-479.0469454371864
0.6090000000000004,128.89732360839844,125.66370614359174,4.325651167119487,-286.45232322595473,-465.6834774466583
0.6100000000000004,128.6630096435547,125.66370614359174,4.3518863874861475,-272.97155108159626,-449.4075916722744
0.6110000000000004,128.42527770996094,125.66370614359174,4.374267394840318,-293.88501293391664,-457.4090983716149
0.6120000000000004,128.18722534179688,125.66370614359174,4.3860255540795,-290.3839972857198,-457.4180526887089
0.6130000000000004,127.95172882080078,125.66370614359174,4.399844840648321,-261.1946415264505,-450.096174203915
0.6140000000000004,127.7201919555664,125.66370614359174,4.428920423026776,-262.1227114711551,-439.1989076889411
0.6150000000000004,127.48310089111328,125.66370614359174,4.448001747774809,-300.0888974099125,-452.6054000623898
0.6160000000000004,127.24405670166016,125.66370614359174,4.448351638309959,-312.61015976184325,-456.76678355869404
0.6170000000000004,127.0066909790039,125.66370614359174,4.442716054441865,-296.73850371165094,-451.6793858080562
0.6180000000000004,126.77336883544922,125.66370614359174,4.445227506891427,-302.10327420745415,-440.65086586319245
0.6190000000000004,126.53530883789062,125.66370614359174,4.43627376608798,-345.0388685872878,-451.8778771147688
0.6200000000000004,126.2970962524414,125.66370614359174,4.404822715144373,-357.70843495362016,-451.43264617586794
0.6210000000000004,126.06342315673828,125.66370614359174,4.365296326962734,-336.34455020941306,-439.2135350389901
0.6220000000000004,125.83750915527344,125.66370614359174,4.3343411088919845,-286.1937392947325,-418.9307324465171
0.6230000000000004,125.61947631835938,125.66370614359174,4.326819716390443,-304.60124723660715,-398.44706969189747
0.6240000000000004,125.40428161621094,125.66370614359174,4.291033218266717,-305.6490127138992,-390.70482822134704
0.6250000000000004,125.1964340209961,125.66370614359174,4.250433173056358,-273.02155029865946,-371.67909528864885
0.6260000000000004,124.99908447265625,125.66370614359174,4.222069499729203,-212.54759887728812,-344.9007025047428
0.6270000000000004,124.81214904785156,125.66370614359174,4.220505824871872,-218.46896037190567,-318.41746106908903
0.6280000000000004,124.62989044189453,125.66370614359174,4.1943413214213345,-211.1420877743055,-306.3353334397061
0.6290000000000004,124.4564208984375,125.66370614359174,4.16600613873579,-172.72613392601795,-284.06663855607
0.6300000000000004,124.29462432861328,125.66370614359174,4.151648599280056,-108.81382615143977,-254.71167323556466
0.6310000000000004,124.1440658569336,125.66370614359174,4.164527562527996,-111.7962057282434,-226.5283360659133
0.6320000000000005,123.99813842773438,125.66370614359174,4.15257464750685,-105.36148748235935,-214.80054966524636
0.6330000000000005,123.8605728149414,125.66370614359174,4.137365325858751,-70.67420343845609,-193.88857260844273
0.6340000000000005,123.73419189453125,125.66370614359174,4.133792576331647,-12.160838150146889,-166.02431014041252
0.6350000000000005,123.61843872070312,125.66370614359174,4.153995913778488,-20.586013024457664,-139.6369889043823
0.6360000000000005,123.50609588623047,125.66370614359174,4.146201111339023,-21.82507839661278,-131.08645893028222
0.6370000000000005,123.40086364746094,125.66370614359174,4.131413201979355,4.383303165063415,-113.4472060606178
0.6380000000000005,123.30594635009766,125.66370614359174,4.124186404495422,55.10759299377294,-87.95091780223814
0.6390000000000005,123.22105407714844,125.66370614359174,4.136783622738811,41.89982397022729,-63.201214939327436
0.6400000000000005,123.1388168334961,125.66370614359174,4.119410123419416,35.15801830375517,-56.62806433425486
0.6410000000000005,123.0632553100586,125.66370614359174,4.09264851349346,57.410042864146604,-40.182479334721876
0.6420000000000005,122.99824523925781,125.66370614359174,4.071855377670443,106.84831616020817,-14.232486197565864
0.6430000000000005,122.94400787353516,125.66370614359174,4.070385585488523,97.63436009484434,12.269718234070904
0.6440000000000005,122.89315795898438,125.66370614359174,4.04087801436698,94.25566573514193,20.570349441189983
0.6450000000000005,122.85002136230469,125.66370614359174,4.003586747986136,121.77254666158441,39.516462543605584
0.6460000000000005,122.81895446777344,125.66370614359174,3.975016100423838,178.1802549116092,69.14478637827561
0.6470000000000005,122.8006820678711,125.66370614359174,3.969151306847108,180.55174801339066,100.54631543355048
0.6480000000000005,122.78742218017578,125.66370614359174,3.9398189512460204,186.83856745050463,112.83730634830484
0.6490000000000005,122.7834243774414,125.66370614359174,3.907132431529784,223.82780482249194,135.57329395703684
0.6500000000000005,122.7929458618164,125.66370614359174,3.8878648189664893,288.35383142557913,168.80268674542685
0.6510000000000005,122.8170166015625,125.66370614359174,3.8950822260503912,300.10991542374796,204.56318079973263
0.6520000000000005,122.84687805175781,125.66370614359174,3.881520948518969,312.5626412586037,218.84772642449133
0.6530000000000005,122.88623809814453,125.66370614359174,3.8673191850131143,352.9959469742448,242.25975215783777
0.6540000000000005,122.9388656616211,125.66370614359174,3.8681230207450326,381.4948262830198,274.9980278015066
0.6550000000000005,122.99348449707031,125.66370614359174,3.8646319767746076,368.0716844549946,280.0265764338968
0.6560000000000005,123.05316925048828,125.66370614359174,3.8461820637282162,379.71586394895536,292.64437689429025
0.6570000000000005,123.12185668945312,125.66370614359174,3.8279975536131987,420.2918408569779,314.99674214851933
0.6580000000000005,123.20355224609375,125.66370614359174,3.826133251594841,449.6582244046006,347.24758465937896
0.6590000000000005,123.28714752197266,125.66370614359174,3.8210792558099276,438.40265095663057,352.205844597234
0.6600000000000005,123.37566375732422,125.66370614359174,3.8028437409817495,452.20976512444287,364.60634952510685
0.6610000000000005,123.47301483154297,125.66370614359174,3.786854475430457,494.87274905964705,386.7300168289836
0.6620000000000005,123.58322143554688,125.66370614359174,3.7891858570844197,525.4292915612073,418.86892224475497
0.6630000000000005,123.69522857666016,125.66370614359174,3.7890689446267922,516.1863159197003,423.7113635899762
0.6640000000000005,123.81175994873047,125.66370614359174,3.777201916756967,530.8594588649328,435.3386816549163
0.6650000000000005,123.9365005493164,125.66370614359174,3.768669386661678,573.1981004642195,456.1534466750166
0.6660000000000005,124.07329559326172,125.66370614359174,3.7789770938216325,601.2339112961761,486.5956143529233
0.6670000000000005,124.21097564697266,125.66370614359174,3.785774759941677,589.8157347753286,489.36471174602514
0.6680000000000005,124.35189056396484,125.66370614359174,3.780339257655497,600.6066282695303,497.965254053796
0.6690000000000005,124.49939727783203,125.66370614359174,3.7771622633671362,637.5921118041083,515.023961011454
0.6700000000000005,124.65715789794922,125.66370614359174,3.791115724792665,658.8415092294975,541.2455694329539
0.6710000000000005,124.81393432617188,125.66370614359174,3.799470175932168,640.6387084144343,539.516522948426
0.6720000000000005,124.97179412841797,125.66370614359174,3.793599956201796,643.5716511319251,542.9278858884055
0.6730000000000005,125.13395690917969,125.66370614359174,3.7877146702958573,672.1211943593402,554.4437611155466
0.6740000000000005,125.30406951904297,125.66370614359174,3.7965823460573587,686.1011719899464,575.1236585342008
0.6750000000000005,125.4710693359375,125.66370614359174,3.7989680407151223,660.3900794456687,568.1318595189464
0.6760000000000005,125.63700866699219,125.66370614359174,3.7855345363563813,655.9953746825239,566.246752781809
0.6770000000000005,125.80522155761719,125.66370614359174,3.7706981999164735,677.8646376968182,572.759844923793
0.6780000000000005,125.97956848144531,125.66370614359174,3.7696739900957112,688.6910657184259,589.0307890676752
0.6790000000000005,126.14938354492188,125.66370614359174,3.763800978233861,659.2787940048912,578.422414269225
0.6800000000000005,126.3168716430664,125.66370614359174,3.74229134774739,651.9958965922393,573.3563555010563
0.6810000000000005,126.48560333251953,125.66370614359174,3.7199448335384053,671.9528410010014,577.2889629457462
0.6820000000000005,126.6596908569336,125.66370614359174,3.712491730947452,684.6311017256137,591.6914759080164
0.6830000000000005,126.82881927490234,125.66370614359174,3.7035433924591055,655.9690385319033,579.934129465185
0.6840000000000005,126.99529266357422,125.66370614359174,3.680493132938853,649.5762309247935,573.977322384287
0.6850000000000005,127.1627426147461,125.66370614359174,3.6581937555707396,670.4483787369495,577.2560488266392
0.6860000000000005,127.33534240722656,125.66370614359174,3.6523950674425953,718.9682075680901,591.1876696722958
0.6870000000000005,127.51700592041016,125.66370614359174,3.677134310422044,726.4716543659257,615.1808426238774
0.6880000000000005,127.69608306884766,125.66370614359174,3.6853394468445875,719.0555427659214,609.4605285980613
0.6890000000000005,127.87486267089844,125.66370614359174,3.691709477742944,732.621651656065,609.6147755992326
0.6900000000000005,128.05633544921875,125.66370614359174,3.7093963715528466,735.024938573914,617.392998253901
0.6910000000000005,128.2292022705078,125.66370614359174,3.721924833263784,690.3908228845663,596.174513608415
0.6920000000000005,128.39454650878906,125.66370614359174,3.7137286567307126,662.1899979749375,577.703446051006
0.6930000000000005,128.55506896972656,125.66370614359174,3.697553885534637,656.7208433552285,566.0129931903973
0.6940000000000005,128.7142333984375,125.66370614359174,3.6875310033794824,676.0494480455462,563.2655538427553
0.6950000000000005,128.87559509277344,125.66370614359174,3.697131995195134,660.6169501696224,569.6922513772415
0.6960000000000005,129.0275115966797,125.66370614359174,3.6876567785977703,624.2856900874364,545.974248657797
0.6970000000000005,129.17247009277344,125.66370614359174,3.66767451985316,610.026049707428,528.6701267956719
0.6980000000000005,129.31399536132812,125.66370614359174,3.651236701241663,620.3935688377435,520.3976236414682
0.6990000000000005,129.45579528808594,125.66370614359174,3.651883409043249,602.1405130340451,521.6876666006804
0.7000000000000005,129.58639526367188,125.66370614359174,3.635922197397214,559.1186893848075,493.25210021184114
0.7010000000000005,129.7086181640625,125.66370614359174,3.607790426239106,538.9775704808917,471.97130573743794
0.7020000000000005,129.82632446289062,125.66370614359174,3.5818261278692796,545.1939078912877,460.7324529999055
0.7030000000000005,129.94361877441406,125.66370614359174,3.572579421381332,530.7890982796171,460.0845546119904
0.7040000000000005,130.04942321777344,125.66370614359174,3.551923517596323,487.38915230510884,430.5822605754432
0.7050000000000005,130.14688110351562,125.66370614359174,3.519572041276547,467.85677012783617,409.2116746007004
0.7060000000000005,130.24020385742188,125.66370614359174,3.490180702978992,475.7316780858658,398.75123181339495
0.7070000000000005,130.33372497558594,125.66370614359174,3.4788593882173835,469.80480647230553,399.56087689094335
0.7080000000000005,130.41650390625,125.66370614359174,3.4621323841237257,430.0151900285672,371.8411468647665
0.7090000000000005,130.49179077148438,125.66370614359174,3.434929058959969,413.7438116891321,352.4960463671943
0.7100000000000005,130.56375122070312,125.66370614359174,3.41171736431761,424.41915575745014,344.0436688260149
0.7110000000000005,130.63661193847656,125.66370614359174,3.4074965565464086,425.54628188374147,346.57125158440687
0.7120000000000005,130.69920349121094,125.66370614359174,3.402329268305524,387.38547858774746,319.95074433661097
0.7130000000000005,130.75453186035156,125.66370614359174,3.3864994768809424,370.9988863369071,301.0609555137822
0.7140000000000005,130.8064422607422,125.66370614359174,3.3737265901446465,379.9441696996419,292.28254747303663
0.7150000000000005,130.85882568359375,125.66370614359174,3.378382598869232,382.5845695046629,293.6148179019543
0.7160000000000005,130.90017700195312,125.66370614359174,3.3843677450516982,340.26746215756896,264.8613497385386
0.7170000000000005,130.93321228027344,125.66370614359174,3.377148597990365,317.95426018849065,243.1310760290708
0.7180000000000005,130.96156311035156,125.66370614359174,3.3696524839370547,319.7656246312932,230.9333739895132
0.7190000000000005,130.9889373779297,125.66370614359174,3.375810255414917,345.47721200958256,228.43845360080462
0.7200000000000005,131.01829528808594,125.66370614359174,3.4083535027341485,336.67741601709605,233.72086153910485
0.7210000000000005,131.03726196289062,125.66370614359174,3.4260708157293367,303.82670302662234,206.49392877963678
0.7220000000000005,131.04847717285156,125.66370614359174,3.4374731522259894,290.64614626285913,186.20168244107097
0.7230000000000005,131.05499267578125,125.66370614359174,3.4548017311140864,298.44200590827154,173.87526724920718
0.7240000000000005,131.05935668945312,125.66370614359174,3.4897435234634075,274.6469756305111,168.25640615042732
0.7250000000000005,131.049072265625,125.66370614359174,3.507079801015247,221.6455893795299,129.8496120604269
0.7260000000000005,131.0270233154297,125.66370614359174,3.5099169198025675,188.72022858411225,99.0029598330813
0.7270000000000005,130.9967803955078,125.66370614359174,3.510465488400618,178.81232990616823,77.52227407037671
0.7280000000000005,130.9617156982422,125.66370614359174,3.521366120401007,149.46450301926376,64.84100847685505
0.7290000000000005,130.91030883789062,125.66370614359174,3.5179151362756174,86.30379217008051,22.05729539545514
0.7300000000000005,130.84666442871094,125.66370614359174,3.4956447733196305,47.716115017603826,-10.031347445863833
0.7310000000000005,130.7755889892578,125.66370614359174,3.4679961758451228,37.42231938702848,-29.463255003290907
0.7320000000000005,130.70167541503906,125.66370614359174,3.4497426597870104,23.43316012984861,-36.86660518394674
0.7330000000000005,130.6145477294922,125.66370614359174,3.427012577666897,-29.65903066453356,-71.3744007736107
0.7340000000000005,130.5192413330078,125.66370614359174,3.387451854850618,-54.218914287541466,-92.69611833514698
0.7350000000000005,130.42127990722656,125.66370614359174,3.3460862603970205,-47.0651543641069,-99.5474412740232
0.7360000000000005,130.32569885253906,125.66370614359174,3.3197225925281546,-9.888314321050876,-93.33602725311648
0.7370000000000005,130.23611450195312,125.66370614359174,3.3245120929914083,-1.8281868663577843,-77.65008827489045
0.7380000000000005,130.14175415039062,125.66370614359174,3.321140509090734,-11.816003975190764,-90.02487088440029
0.7390000000000005,130.0465850830078,125.66370614359174,3.320208066630932,3.530110008148327,-92.1092399515982
0.7400000000000005,129.9540557861328,125.66370614359174,3.336217132097602,42.59079972098057,-85.16719917657356
0.7410000000000005,129.8663330078125,125.66370614359174,3.3822205781003025,45.69511265226565,-72.67799941235928
0.7420000000000005,129.7711944580078,125.66370614359174,3.416215842299199,24.383329379803644,-91.85877183076482
0.7430000000000005,129.6714324951172,125.66370614359174,3.4461179926225367,22.654348263351455,-103.82505536880866
0.7440000000000005,129.5696563720703,125.66370614359174,3.4837340038073656,40.33808953254254,-108.9722851015458
0.7450000000000006,129.46755981445312,125.66370614359174,3.539997557788796,21.16078269664461,-109.73516064899094
0.7460000000000006,129.3528289794922,125.66370614359174,3.57679463035664,-25.9559600567289,-142.34538084158564
0.7470000000000006,129.2285614013672,125.66370614359174,3.5981698615914572,-53.222976550032946,-166.84716929761166
0.7480000000000006,129.09817504882812,125.66370614359174,3.6156581165016153,-58.67570739969392,-182.5333748927812
0.7490000000000006,128.96450805664062,125.66370614359174,3.6410896998686364,-89.2305730107562,-190.85220231284146
0.7500000000000006,128.81654357910156,125.66370614359174,3.6468492515774393,-150.27591304134566,-227.47852536266475
0.7510000000000006,128.658935546875,125.66370614359174,3.630386056291082,-185.38083211852938,-251.9996242247568
0.7520000000000006,128.4967803955078,125.66370614359174,3.6049238400728734,-191.4748282855862,-263.4367605360737
0.7530000000000006,128.33457946777344,125.66370614359174,3.585113813272152,-204.56673848216963,-263.2467818643503
0.7540000000000006,128.1627197265625,125.66370614359174,3.5550868595287572,-252.04811968958717,-287.6939990803088
0.7550000000000006,127.987060546875,125.66370614359174,3.5050900997466394,-267.72863504276336,-297.06498818635663
0.7560000000000006,127.81356048583984,125.66370614359174,3.450937830508881,-249.3539584823248,-291.1546640238996
0.7570000000000006,127.6473159790039,125.66370614359174,3.410432541681262,-199.62792560590685,-272.30052061714787
0.7580000000000006,127.49175262451172,125.66370614359174,3.400874677691771,-182.6596116082784,-244.74622445945582
0.7590000000000006,127.3371353149414,125.66370614359174,3.380929810631567,-176.47725123446892,-242.0899385668584
0.7600000000000006,127.18778991699219,125.66370614359174,3.3653852169886593,-142.49013978914763,-228.41908950544138
0.7610000000000006,127.04720306396484,125.66370614359174,3.370214793607202,-83.7763294738441,-205.93755720067182
0.7620000000000006,126.91722869873047,125.66370614359174,3.409448303547092,-67.25343317374202,-178.80504565205217
0.7630000000000006,126.78633880615234,125.66370614359174,3.435370909760776,-67.2960173528116,-180.99125173717007
0.7640000000000006,126.65738677978516,125.66370614359174,3.4618903033124107,-46.70884910533511,-175.89518324508646
0.7650000000000006,126.53276062011719,125.66370614359174,3.501310461187016,-38.700761332070364,-164.8252591620386
0.7660000000000006,126.40008544921875,125.66370614359174,3.535839099370189,-79.77834403016304,-185.00854159871966
0.7670000000000006,126.26263427734375,125.66370614359174,3.5493155278813004,-101.1015055836946,-196.88789348397947
0.7680000000000006,126.12421417236328,125.66370614359174,3.553468985742181,-98.91775760433694,-199.16190106899944
0.7690000000000006,125.9883041381836,125.66370614359174,3.561436962481855,-73.71500143528561,-192.63926465652617
0.7700000000000006,125.85743713378906,125.66370614359174,3.585837627864259,-84.77039807212122,-179.7603198284113
0.7710000000000006,125.72063446044922,125.66370614359174,3.5878538868978285,-115.40290128363688,-194.5225065410863
0.7720000000000006,125.58210754394531,125.66370614359174,3.575443605178272,-120.84950132638278,-198.67195364261036
0.7730000000000006,125.44607543945312,125.66370614359174,3.5624041813827603,-100.28912102118586,-192.21386555577922
0.7740000000000006,125.31595611572266,125.66370614359174,3.5627235491235476,-106.9836975645243,-177.23584794190282
0.7750000000000006,125.1812973022461,125.66370614359174,3.5438383218783645,-135.44568408211478,-188.409494720667
0.7760000000000006,125.0469970703125,125.66370614359174,3.5100133732941154,-135.5567623602213,-187.35177617746442
0.7770000000000006,124.91795349121094,125.66370614359174,3.4765322146567113,-106.36372445227835,-174.06002696697328
0.7780000000000006,124.7981948852539,125.66370614359174,3.459289573637142,-96.4010409561744,-150.7195219697867
0.7790000000000006,124.67744445800781,125.66370614359174,3.4301782678326167,-111.32155206060452,-153.07507101385286
0.7800000000000006,124.56067657470703,125.66370614359174,3.390560765874893,-96.94102021120119,-143.03865722355846
0.7810000000000006,124.45278930664062,125.66370614359174,3.3568363882823533,-52.829147622445134,-120.84598745428072
0.7820000000000006,124.35770416259766,125.66370614359174,3.3457916826597645,-26.394293918276134,-88.91787409991116
0.7830000000000006,124.2645492553711,125.66370614359174,3.3290769733290535,-28.250448408896396,-84.05888269285666
0.7840000000000006,124.17765808105469,125.66370614359174,3.3068378781818164,-3.411285899033256,-68.48393813766405
0.7850000000000006,124.10123443603516,125.66370614359174,3.2948851082872395,48.21136021798588,-42.45992395181192
0.7860000000000006,124.03856658935547,125.66370614359174,3.3087130276161503,77.75012688929408,-8.337718771165447
0.7870000000000006,123.97783660888672,125.66370614359174,3.3162337419441648,76.48896579150305,-3.5441508409380225
0.7880000000000006,123.92247009277344,125.66370614359174,3.317678699292915,97.8467287714886,9.754957237332285
0.7890000000000006,123.87599182128906,125.66370614359174,3.32705474156736,142.4360934457516,31.73442624136652
0.7900000000000006,123.84115600585938,125.66370614359174,3.3578658898419587,160.83931624478805,60.5869802758584
0.7910000000000006,123.80561065673828,125.66370614359174,3.3763087733361212,147.39889212863278,58.77404426093192
0.7920000000000006,123.77237701416016,125.66370614359174,3.382776824730809,154.61166108877896,64.50540384152939
0.7930000000000006,123.74490356445312,125.66370614359174,3.3904175428370316,184.32605786949733,78.7151099585255
0.7940000000000006,123.72618103027344,125.66370614359174,3.412406492573204,189.94573717625244,100.36168290562146
0.7950000000000006,123.7040786743164,125.66370614359174,3.4181248974521647,163.6194943542035,91.98178205297789
0.7960000000000006,123.68202209472656,125.66370614359174,3.40670642616894,159.67303717476517,92.08026071478062
0.7970000000000006,123.66407775878906,125.66370614359174,3.3920543119058513,181.02858697847358,102.21471075325147
0.7980000000000006,123.6540756225586,125.66370614359174,3.388784195614281,186.11804732898796,121.86471929625358
0.7990000000000006,123.64066314697266,125.66370614359174,3.3718983556949578,159.07491781712156,113.39869376809517
0.8000000000000006,123.62793731689453,125.66370614359174,3.3380698859875664,157.7814710879785,115.09474472560439
0.8010000000000006,123.62069702148438,125.66370614359174,3.3028220601307203,185.31949440951294,128.6503529973051
0.8020000000000006,123.62354278564453,125.66370614359174,3.282775982846076,203.66808311092083,153.56700069482417
0.8030000000000006,123.6256103515625,125.66370614359174,3.2565640345290996,189.00096940369554,151.67840397127523
0.8040000000000006,123.63124084472656,125.66370614359174,3.2189617359634735,201.32302310289464,160.46161322483306
0.8050000000000006,123.64530944824219,125.66370614359174,3.1866035153693266,243.08171993642662,181.36773636793617
0.8060000000000006,123.67240142822266,125.66370614359174,3.1768673287090534,275.9450432039108,213.6345114514458
0.8070000000000006,123.70145416259766,125.66370614359174,3.166818783816353,274.36389934413654,218.51452888595682
0.8080000000000006,123.73612976074219,125.66370614359174,3.1508888675636206,297.0674006530388,232.51789263356432
0.8090000000000006,123.78063201904297,125.66370614359174,3.144802495180263,345.98362078155355,256.9260595652708
0.8100000000000006,123.83880615234375,125.66370614359174,3.1641776853427452,380.2086023019419,290.91585162251806
0.8110000000000006,123.8988037109375,125.66370614359174,3.1812783673448988,378.55054517063184,295.57647922122123
0.8120000000000006,123.96324920654297,125.66370614359174,3.1912070270662847,396.5567493325428,306.78809038975766
0.8130000000000006,124.0354232788086,125.66370614359174,3.207563848075658,436.5795502897459,326.1376941915549
0.8140000000000006,124.11842346191406,125.66370614359174,3.2436996779674487,457.06914393892237,353.25507244612953
0.8150000000000006,124.19988250732422,125.66370614359174,3.2705103890253318,440.589472900994,349.6610965216803
0.8160000000000006,124.28181457519531,125.66370614359174,3.2832233879138597,441.25334223108905,351.0891909309465
0.8170000000000006,124.36717224121094,125.66370614359174,3.294557524255737,462.701056959647,359.8710832938807
0.8180000000000006,124.45907592773438,125.66370614359174,3.3176193599952892,467.22853844246947,376.44066115699997
0.8190000000000006,124.54549407958984,125.66370614359174,3.327957135888754,434.0168767227341,363.0504618262435
0.8200000000000006,124.62873840332031,125.66370614359174,3.3186520217521522,419.61144876395775,355.408195841878
0.8210000000000006,124.71234130859375,125.66370614359174,3.303238035029686,428.85078259504263,356.5532743103431
0.8220000000000006,124.80023956298828,125.66370614359174,3.296408492106606,430.5640459015532,367.5428648845086
0.8230000000000006,124.88146209716797,125.66370614359174,3.2810874945787014,393.7725134589507,351.11540032174736
0.8240000000000006,124.95914459228516,125.66370614359174,3.246500339782017,379.61423475592187,342.51049947600364
0.8250000000000006,125.03770446777344,125.66370614359174,3.2078101315227214,393.12540376964114,344.9350910509064
0.8260000000000006,125.12197875976562,125.66370614359174,3.1818225037762153,434.93520579171593,359.47113844844705
0.8270000000000006,125.2164077758789,125.66370614359174,3.184495870471415,446.6683105543516,385.2105015393925
0.8280000000000006,125.30992889404297,125.66370614359174,3.1718751698689225,444.15851451304235,383.21752392849567
0.8290000000000006,125.40612030029297,125.66370614359174,3.159397209151266,465.6932345876227,390.2367471565424
0.8300000000000006,125.5090103149414,125.66370614359174,3.162318931050001,511.75697224883413,407.4009354986069
0.8310000000000006,125.62220001220703,125.66370614359174,3.1943078234164055,522.5063849862449,433.65750420664597
0.8320000000000006,125.73371124267578,125.66370614359174,3.208019404299161,515.9827702865664,429.8333193353151
0.8330000000000006,125.84605407714844,125.66370614359174,3.218339417922521,528.7815071509009,432.3392733445326
0.8340000000000006,125.96231079101562,125.66370614359174,3.238369386179152,562.0313098095552,442.61889459897884
0.8350000000000006,126.08531188964844,125.66370614359174,3.279897206673648,556.9724962744081,460.0801938192958
0.8360000000000006,126.2025375366211,125.66370614359174,3.297043863677289,532.2286545527221,445.9573191085972
0.8370000000000006,126.31602478027344,125.66370614359174,3.3029285778718416,524.9676505154387,436.9301655492592
0.8380000000000006,126.42867279052734,125.66370614359174,3.310188827881295,537.773519305389,435.2330227502917
0.8390000000000006,126.5434799194336,125.66370614359174,3.331045640269702,517.8787587229917,441.09501675148385
0.8400000000000006,126.64838409423828,125.66370614359174,3.326845958281215,476.1301966171736,416.4032795014928
0.8410000000000006,126.7459716796875,125.66370614359174,3.306295836545091,454.46778956784556,398.2085546925017
0.8420000000000006,126.8399658203125,125.66370614359174,3.2831632103466015,456.6381198783592,389.40621372206124
0.8430000000000006,126.93437194824219,125.66370614359174,3.2716751972145466,438.447536258286,390.7457864671829
0.8440000000000006,127.01828002929688,125.66370614359174,3.242266473388536,395.7417416623761,364.3591741198804
0.8450000000000006,127.09530639648438,125.66370614359174,3.1977318625674123,377.31966386440723,347.0975989747351
0.8460000000000006,127.17017364501953,125.66370614359174,3.153556325118294,386.9426964848033,341.8308935932208
0.8470000000000006,127.24781036376953,125.66370614359174,3.1261656941802487,386.7624441514913,349.10024646411125
0.8480000000000006,127.31810760498047,125.66370614359174,3.0920986781092146,358.5019555770055,330.62360162141
0.8490000000000006,127.38508605957031,125.66370614359174,3.049154727335161,355.7506648733378,322.3526535292678
0.8500000000000006,127.4536361694336,125.66370614359174,3.0136548869580957,381.405131982784,326.5529986148905
0.8510000000000006,127.52860260009766,125.66370614359174,3.002508661527996,399.36865336252663,343.1250042344804
0.8520000000000006,127.59959411621094,125.66370614359174,2.992424158476932,384.9383691395665,333.1706734295285
0.8530000000000006,127.66990661621094,125.66370614359174,2.9780806406016604,392.50768231674795,331.64360629766117
0.8540000000000006,127.74353790283203,125.66370614359174,2.974296316651172,424.392209365713,340.3314851230644
0.8550000000000006,127.82431030273438,125.66370614359174,2.9957514812822805,444.33528879248064,358.8102169494473
0.8560000000000006,127.90079498291016,125.66370614359174,3.016839998089278,427.2666753980555,348.0730074202776
0.8570000000000007,127.97510528564453,125.66370614359174,3.0300876477430427,426.8636511329675,342.71129457232524
0.8580000000000007,128.0501251220703,125.66370614359174,3.0479087312718818,446.0718419732301,344.75423256470793
0.8590000000000007,128.1287384033203,125.66370614359174,3.082777100282655,451.7013760672067,354.21726129816176
0.8600000000000007,128.19891357421875,125.66370614359174,3.1119777222147245,415.78748644159657,332.7360235659809
0.8610000000000007,128.26220703125,125.66370614359174,3.124636966188186,394.2248928286599,315.30270678738106
0.8620000000000007,128.32135009765625,125.66370614359174,3.1323376457727243,391.5498241534842,304.7877097267051
0.8630000000000007,128.37937927246094,125.66370614359174,3.1476132600441002,408.5989555623659,302.09302178484234
0.8640000000000007,128.43899536132812,125.66370614359174,3.182076736319315,390.7864617356468,306.3098188824154
0.8650000000000007,128.48794555664062,125.66370614359174,3.19317668444905,351.83102786798077,279.0448340049647
0.8660000000000007,128.52880859375,125.66370614359174,3.1918182502325196,331.2663947447509,258.3364679661041
0.8670000000000007,128.5648956298828,125.66370614359174,3.1905196924979817,331.6464542741336,246.14326738129193
0.8680000000000007,128.5994415283203,125.66370614359174,3.2018035539220557,306.89553265383927,242.25699845213526
0.8690000000000007,128.6209716796875,125.66370614359174,3.192835729513429,256.975785211897,208.7996926419988
0.8700000000000007,128.63290405273438,125.66370614359174,3.1674480641064435,228.83726044223468,184.1604747339126
0.8710000000000007,128.63958740234375,125.66370614359174,3.1393100756325034,225.86472355255867,170.6337786058728
0.8720000000000007,128.64529418945312,125.66370614359174,3.1229741930802746,211.45872534403983,168.17237787452763
0.8730000000000007,128.6396026611328,125.66370614359174,3.095858309465745,167.19247936639366,138.81199859708943
0.8740000000000007,128.62681579589844,125.66370614359174,3.054078347442358,148.12151508343982,120.554298489273
0.8750000000000007,128.61199951171875,125.66370614359174,3.01277904097454,157.36238355221036,115.31809110086793
0.8760000000000007,128.60000610351562,125.66370614359174,2.9884336486546945,164.4792389066857,122.55700380804795
0.8770000000000007,128.5806884765625,125.66370614359174,2.9648219136682408,136.30896324320125,103.69924557957792
0.8780000000000007,128.55831909179688,125.66370614359174,2.931990828711831,133.02287712646992,95.8447467682897
0.8790000000000007,128.5376739501953,125.66370614359174,2.9054830065842046,156.96784526940905,100.2603508762341
0.8800000000000007,128.52308654785156,125.66370614359174,2.9018153321141975,206.16428820264818,115.81355404926848
0.8810000000000007,128.51766967773438,125.66370614359174,2.9355581512416613,222.29044363900385,139.37622624607187
0.8820000000000007,128.50973510742188,125.66370614359174,2.9580148150369245,220.78628243443956,132.8762589046928
0.8830000000000007,128.50196838378906,125.66370614359174,2.984642513799075,237.88618430023135,133.29718279560686
0.8840000000000007,128.4968719482422,125.66370614359174,3.027638098383772,244.47004162018823,140.18154611470902
0.8850000000000007,128.4820556640625,125.66370614359174,3.0681203820431215,204.8533597625465,115.1594176199296
0.8860000000000007,128.45950317382812,125.66370614359174,3.0907976122910346,179.76672937230265,95.30373081919713
0.8870000000000007,128.43214416503906,125.66370614359174,3.106652179118507,173.4566230978097,82.87773633157943
0.8880000000000007,128.40292358398438,125.66370614359174,3.1278656969702063,186.46248983007942,78.11056380527258
0.8890000000000007,128.37425231933594,125.66370614359174,3.166018750345592,168.75065977219884,79.49187116447887
0.8900000000000007,128.33425903320312,125.66370614359174,3.1834947826501283,126.02861670857244,50.3765152735463
0.8910000000000007,128.28604125976562,125.66370614359174,3.1860590774463207,102.73394702789213,29.265282363620976
0.8920000000000007,128.23321533203125,125.66370614359174,3.1860597674369284,101.21600627375858,17.459089747229136
0.8930000000000007,128.17910766601562,125.66370614359174,3.1962661147729547,80.4670426372007,14.096713005835717
0.8940000000000007,128.11279296875,125.66370614359174,3.189651932295951,30.841937543594327,-17.16259216902197
0.8950000000000007,128.03846740722656,125.66370614359174,3.164467137999573,4.873607792394186,-37.66812670903127
0.8960000000000007,127.96089935302734,125.66370614359174,3.134476704693831,5.519298320221692,-45.991012966492
0.8970000000000007,127.88447570800781,125.66370614359174,3.1147671979349885,0.8151269807894579,-43.046552846932414
0.8980000000000007,127.7992172241211,125.66370614359174,3.0885426881010165,-37.57913958840184,-65.59878547172451
0.8990000000000007,127.71001434326172,125.66370614359174,3.0466032467971704,-49.200671260636305,-75.64708135252698
0.9000000000000007,127.62210845947266,125.66370614359174,3.004418662273991,-31.627268859591346,-72.29794992201693
0.9010000000000007,127.54016876220703,125.66370614359174,2.9791340446592645,13.139935410488885,-57.0631627164825
0.9020000000000007,127.46751403808594,125.66370614359174,2.9869465266510775,27.740527349068742,-33.3622785227042
0.9030000000000007,127.3936767578125,125.66370614359174,2.9835703110954404,28.164760635236632,-36.38134964164769
0.9040000000000007,127.32231140136719,125.66370614359174,2.9841397267282237,51.483456129115595,-30.07319770556483
0.9050000000000007,127.25662231445312,125.66370614359174,3.0031120895448216,95.89731423225217,-15.625509973334847
0.9060000000000007,127.19857025146484,125.66370614359174,3.0530371803254446,102.37479818794402,3.7978288061805263
0.9070000000000007,127.13629913330078,125.66370614359174,3.0856191014895726,90.11199189718182,-6.947067416860265
0.9080000000000007,127.07235717773438,125.66370614359174,3.1146576265048638,95.45469342739047,-11.199880098919655
0.9090000000000007,127.00919342041016,125.66370614359174,3.15185071277335,118.08147494141028,-9.229887343019088
0.9100000000000007,126.94842529296875,125.66370614359174,3.2077139501326766,101.50543753340715,-3.151743234751955
0.9110000000000007,126.87808227539062,125.66370614359174,3.238058252755815,64.01447179541928,-27.473707444062693
0.9120000000000007,126.80101776123047,125.66370614359174,3.2533933260463685,44.64643955361285,-44.490141809275634
0.9130000000000007,126.72045135498047,125.66370614359174,3.265387477679707,45.10203348607808,-53.37870814881216
0.9140000000000007,126.63911437988281,125.66370614359174,3.2857844864359276,17.62948950352778,-55.28391260712597
0.9150000000000007,126.54625701904297,125.66370614359174,3.2814371485164053,-32.808776205177324,-84.43091822370752
0.9160000000000007,126.44618225097656,125.66370614359174,3.2560475819410506,-59.33948211927196,-102.64559106804897
0.9170000000000007,126.3436508178711,125.66370614359174,3.2231808572950604,-59.306777349857704,-108.77513294180193
0.9180000000000007,126.24302673339844,125.66370614359174,3.1976205842692225,-70.14885431135124,-103.88977558553957
0.9190000000000007,126.13484191894531,125.66370614359174,3.1580251684379803,-107.7357945839266,-122.89804381281313
0.9200000000000007,126.02450561523438,125.66370614359174,3.1006371075371106,-116.17978729086788,-128.2276681202408
0.9210000000000007,125.91767120361328,125.66370614359174,3.041749455962629,-93.54189035324924,-119.3316063534971
0.9220000000000007,125.81927490234375,125.66370614359174,2.999464153388118,-72.065638984311,-98.01169978502125
0.9230000000000007,125.71989440917969,125.66370614359174,2.9582061251560186,-82.53746864549422,-100.44872789111606
0.9240000000000007,125.62455749511719,125.66370614359174,2.90979973552261,-64.66220080809052,-90.20582961831151
0.9250000000000007,125.53825378417969,125.66370614359174,2.871864323868596,-17.864573607910085,-67.50570254644263
0.9260000000000007,125.46497344970703,125.66370614359174,2.8628571731702857,23.840342634363374,-34.789709507964865
0.9270000000000007,125.3939437866211,125.66370614359174,2.862534544395663,28.798327327554762,-29.129468559936214
0.9280000000000007,125.32865142822266,125.66370614359174,2.8617113089940958,55.534753246295985,-14.769518072824212
0.9290000000000007,125.2724609375,125.66370614359174,2.875156663944681,104.29925419320332,8.044756123013503
0.9300000000000007,125.2278823852539,125.66370614359174,2.9170397241460555,137.54584535888134,37.11354788609233
0.9310000000000007,125.18265533447266,125.66370614359174,2.959527635030639,130.98828643698786,35.46446319709595
0.9320000000000007,125.13890075683594,125.66370614359174,2.9941279181396925,139.78011471525997,39.113684850961604
0.9330000000000007,125.09899139404297,125.66370614359174,3.0322334851095647,165.60261727937396,48.7470624606218
0.9340000000000007,125.06490325927734,125.66370614359174,3.085132501401768,172.77721996854427,63.26192622929559
0.9350000000000007,125.02412414550781,125.66370614359174,3.1272675527325813,138.567045695146,46.50912409777903
0.9360000000000007,124.9788589477539,125.66370614359174,3.148854779835503,119.36100025080971,35.27263131094492
0.9370000000000007,124.93207550048828,125.66370614359174,3.161042703770381,119.0332415110629,31.454295803936578
0.9380000000000007,124.88674926757812,125.66370614359174,3.1760812773969467,137.82218540017567,35.08550034363179
0.9390000000000007,124.84527587890625,125.66370614359174,3.205564689015357,119.20512733307513,44.66618775116435
0.9400000000000007,124.79643249511719,125.66370614359174,3.205899224316632,84.952160565345,26.266717523898187
0.9410000000000007,124.74385833740234,125.66370614359174,3.190133644845448,72.48241134645377,16.917281253648888
0.9420000000000007,124.6915512084961,125.66370614359174,3.1717895163557284,83.49008324770217,17.58053870923109
0.9430000000000007,124.64311218261719,125.66370614359174,3.1646817347498715,69.22186247849525,27.203509523723387
0.9440000000000007,124.58834075927734,125.66370614359174,3.1342796982653773,37.29300994353508,11.418464361276378
0.9450000000000007,124.5318832397461,125.66370614359174,3.088308850909021,31.71517370313485,7.174147408958281
0.9460000000000007,124.47870635986328,125.66370614359174,3.0425198622880427,54.14569714976371,15.349859778657606
0.9470000000000007,124.43329620361328,125.66370614359174,3.01354860645904,61.47896355719878,34.651459609019255
0.9480000000000007,124.38591003417969,125.66370614359174,2.9726138653501875,47.70962981799738,29.72387311565092
0.9490000000000007,124.34136199951172,125.66370614359174,2.923621521400363,61.468159585430364,36.76757594971812
0.9500000000000007,124.30463409423828,125.66370614359174,2.883925860520814,103.4877035983584,56.163178830464346
0.9510000000000007,124.27995300292969,125.66370614359174,2.8712633930698637,130.90688520198194,86.12252930609179
0.9520000000000007,124.2569808959961,125.66370614359174,2.8548734846422765,133.5592767154918,90.3210662547186
0.9530000000000007,124.23958587646484,125.66370614359174,2.837684507025562,159.88902480159186,104.18072532204573
0.9540000000000007,124.23172760009766,125.66370614359174,2.8356740054161005,210.045006254606,127.85132571246992
0.9550000000000007,124.23658752441406,125.66370614359174,2.863908551228636,238.142041377295,159.47373687238482
0.9560000000000007,124.24262237548828,125.66370614359174,2.8850216626397147,238.92106457571967,162.38875586966915
0.9570000000000007,124.25244140625,125.66370614359174,2.9026898808307373,257.7310183539749,171.80162775567464
0.9580000000000007,124.2688980102539,125.66370614359174,2.9298695486923254,295.4081298794713,188.33226702620794
0.9590000000000007,124.29435729980469,125.66370614359174,2.978575762841177,305.4112939525202,210.76276865797496
0.9600000000000007,124.31661987304688,125.66370614359174,3.0104793350907113,286.8248678460846,202.84302138957054
0.9610000000000007,124.33777618408203,125.66370614359174,3.0291409512767498,283.9201976081685,200.1373571025685
0.9620000000000007,124.36056518554688,125.66370614359174,3.0465540335534778,299.20128683361315,204.23017306145815
0.9630000000000007,124.38761901855469,125.66370614359174,3.0747592998609554,291.2519073502989,214.8942105509977
0.9640000000000007,124.40727996826172,125.66370614359174,3.082664715963519,253.80060046518287,196.5281447581249
0.9650000000000007,124.42230224609375,125.66370614359174,3.0701639948443025,234.9805556421246,185.02563169771017
0.9660000000000007,124.43639373779297,125.66370614359174,3.0504619320953306,238.66412535437536,182.73395890422682
0.9670000000000007,124.45340728759766,125.66370614359174,3.0378705258605114,231.83761667862433,190.0393119678386
0.9680000000000007,124.4629898071289,125.66370614359174,3.0114940650059214,194.04163773942815,171.53905392318813
0.9690000000000007,124.46902465820312,125.66370614359174,2.965421071692312,179.94019619978664,162.72829910105298
0.9700000000000008,124.47634887695312,125.66370614359174,2.9151535238983426,193.43571488659887,165.95973655099826
0.9710000000000008,124.4898910522461,125.66370614359174,2.8780245980706907,207.1331101015135,181.44768179773155
0.9720000000000008,124.50016784667969,125.66370614359174,2.839703970758482,187.74266434087193,173.33408821828232
0.9730000000000008,124.51146697998047,125.66370614359174,2.7900597907156786,193.8242786045851,175.90374364475258
0.9740000000000008,124.5287857055664,125.66370614359174,2.7463529022371316,228.21572684166313,190.92005458068525
0.9750000000000008,124.55695343017578,125.66370614359174,2.7272389254654894,262.96709789192283,217.99165481809848
0.9760000000000008,124.58616638183594,125.66370614359174,2.7161379826704035,262.353201138526,220.66598704115938
0.9770000000000008,124.6198501586914,125.66370614359174,2.701881941230117,283.35375615134393,231.85944118684856
0.9780000000000008,124.66194152832031,125.66370614359174,2.7002220336280893,327.9751569439111,252.89361227605968
0.9790000000000008,124.71609497070312,125.66370614359174,2.7268460199390328,364.55792772270763,283.11379166044463
0.9800000000000008,124.77136993408203,125.66370614359174,2.7575479428865375,363.64294899465324,286.0576534133779
0.9810000000000008,124.82972717285156,125.66370614359174,2.7820462598163975,377.97020678620095,293.8831090245793
0.9820000000000008,124.89376068115234,125.66370614359174,2.8127123394023896,410.08977583903607,308.22323049681927
0.9830000000000008,124.96601104736328,125.66370614359174,2.861769972390911,428.094567943345,328.96336785750026
0.9840000000000008,125.0347900390625,125.66370614359174,2.9042949185540934,406.4798388407419,320.4625038762203
0.9850000000000008,125.10127258300781,125.66370614359174,2.929729879141463,396.93050761568986,314.9065725669915
0.9860000000000008,125.16767883300781,125.66370614359174,2.949337660631005,403.7372681152411,314.90173900407905
0.9870000000000008,125.23661041259766,125.66370614359174,2.975239031120626,401.6659332244022,321.3898462245168
0.9880000000000008,125.29689025878906,125.66370614359174,2.9914140886740617,357.7549118260126,299.90371491528373
0.9890000000000008,125.35031127929688,125.66370614359174,2.9825933643194604,328.6756713144723,282.8352999145875
0.9900000000000008,125.40003204345703,125.66370614359174,2.9611272100137858,320.27428180238303,273.6710087829615
0.9910000000000008,125.44986724853516,125.66370614359174,2.941343227855994,334.7592923711663,274.0960367851668
0.9920000000000008,125.50363159179688,125.66370614359174,2.937748060341027,328.28731062855206,284.0650603752963
0.9930000000000008,125.55097961425781,125.66370614359174,2.9165361468833453,301.237921519481,268.07593614010455
0.9940000000000008,125.59538269042969,125.66370614359174,2.8839449925028884,296.36526210188913,260.79619039978735
0.9950000000000008,125.64109802246094,125.66370614359174,2.8553014015835543,316.19167130760786,264.1823894812246
0.9960000000000008,125.69230651855469,125.66370614359174,2.846368451224979,320.8883966793905,278.1042205581598
0.9970000000000008,125.73897552490234,125.66370614359174,2.827029992087864,301.9359894586968,266.81251493644857
0.9980000000000008,125.78458404541016,125.66370614359174,2.799814683746132,304.9848043263985,264.23632762834234
0.9990000000000008,125.83326721191406,125.66370614359174,2.780247311963565,332.24488503060013,272.1077675881398
1.0000000000000007,125.88905334472656,125.66370614359174,2.784015308199556,345.4255427269754,290.0898940550421
1.0010000000000006,125.91665649414062,125.66370614359174,2.7812554888804972,331.80493451356284,282.1686033870977
1.0020000000000004,125.94401550292969,125.66370614359174,2.7720388082452003,337.80134065721256,281.6199262656995
1.0030000000000003,125.9747543334961,125.66370614359174,2.7709232278141847,365.645464927502,290.2040494136254
1.0040000000000002,126.0123519897461,125.66370614359174,2.7922037454590365,378.01166241727844,307.6010596559592
1.0050000000000001,126.0461196899414,125.66370614359174,2.8059705435565765,360.6209912307589,298.0108052932711
1.006,126.07836151123047,125.66370614359174,2.8101106355134875,360.04270851289704,294.2483871777397
1.007,126.1121597290039,125.66370614359174,2.817711556953041,379.0786566868402,298.26557971408033
1.0079999999999998,126.15062713623047,125.66370614359174,2.8420136895702157,383.5664875592438,310.14625724414054
1.0089999999999997,126.18290710449219,125.66370614359174,2.8567486973691123,355.28542650582364,294.62653656643647
1.0099999999999996,126.21112823486328,125.66370614359174,2.856337044721065,342.9659438335701,284.4284597532023
1.0109999999999995,126.23836517333984,125.66370614359174,2.8535344657751,350.4152736664815,282.0299065103765
1.0119999999999993,126.26795959472656,125.66370614359174,2.861936606513414,349.62042942516337,288.05473703876225
1.0129999999999992,126.28953552246094,125.66370614359174,2.8628061222382573,312.99106188434337,267.83548175190913
1.0139999999999991,126.30558776855469,125.66370614359174,2.8451431343834828,293.9455250511894,253.9349489258748
1.014999999999999,126.31974029541016,125.66370614359174,2.8223663767555545,297.00764292240956,249.1838334697584
1.015999999999999,126.33598327636719,125.66370614359174,2.8094519427773514,323.00108537617564,254.48356487781587
1.0169999999999988,126.35794067382812,125.66370614359174,2.820768361596627,322.98919517157435,268.9551594668866
1.0179999999999987,126.37517547607422,125.66370614359174,2.8147105858035264,306.25752885264063,257.0811527216614
1.0189999999999986,126.39082336425781,125.66370614359174,2.8033696643333426,309.6546303288374,253.11182852654562
1.0199999999999985,126.40850830078125,125.66370614359174,2.8010025767458284,334.4823253937574,258.2856026365055
1.0209999999999984,126.43153381347656,125.66370614359174,2.8212500305814148,334.19557245075583,271.83827358895763
1.0219999999999982,126.4491958618164,125.66370614359174,2.8245318956505128,313.7083813895538,258.3209948021857
1.0229999999999981,126.46426391601562,125.66370614359174,2.819685386682227,311.74295251834525,251.7917915007696
1.023999999999998,126.48009490966797,125.66370614359174,2.8202519120786986,330.1890701288688,253.76117858577717
1.024999999999998,126.49987030029297,125.66370614359174,2.8395101066000663,326.2972202343883,263.7884568245702
1.0259999999999978,126.51288604736328,125.66370614359174,2.8422534724594324,298.91169709762863,246.702149967564
1.0269999999999977,126.52185821533203,125.66370614359174,2.833141015587018,289.79395279787826,236.49186281831288
1.0279999999999976,126.53024291992188,125.66370614359174,2.825633909602263,301.5670875254577,235.02348298719212
1.0289999999999975,126.54145050048828,125.66370614359174,2.8335017376146117,296.9430419779177,242.20561324224033
1.0299999999999974,126.54512786865234,125.66370614359174,2.828011190834498,265.4590355161163,223.1383734496699
1.0309999999999973,126.54425048828125,125.66370614359174,2.8085566101219883,253.27633584591365,211.62588003790464
1.0319999999999971,126.54263305664062,125.66370614359174,2.7891015328630018,263.50503282773224,209.73556727219525
1.032999999999997,126.5440902709961,125.66370614359174,2.784453501093813,264.5515081411909,217.53007868532436
1.033999999999997,126.53870391845703,125.66370614359174,2.772401913631898,235.2155759057846,200.194306570313
1.0349999999999968,126.52971649169922,125.66370614359174,2.746888757432901,226.13593730072938,191.06309063435472
1.0359999999999967,126.52116394042969,125.66370614359174,2.722464407754455,240.49935262840742,192.1575148592915
1.0369999999999966,126.51708984375,125.66370614359174,2.7147984282283804,250.91974341461045,203.46693367551995
1.0379999999999965,126.50773620605469,125.66370614359174,2.706120306815994,227.4257193756814,190.11289033446468
1.0389999999999964,126.49627685546875,125.66370614359174,2.685787167778444,223.71129082525655,184.7580553522148
1.0399999999999963,126.48661804199219,125.66370614359174,2.6683519530611415,242.863751132319,189.28077620353085
1.0409999999999962,126.48259735107422,125.66370614359174,2.6694319869737444,284.22118038376396,203.56656365196753
1.041999999999996,126.48735809326172,125.66370614359174,2.702993342526837,295.60952972241216,225.76030512772044
1.042999999999996,126.49009704589844,125.66370614359174,2.720678849564611,290.9587162435689,220.66080285124164
1.0439999999999958,126.49333953857422,125.66370614359174,2.737943316311535,303.455035018184,221.94109178276824
1.0449999999999957,126.49980163574219,125.66370614359174,2.7674015234188603,308.6267717852731,230.10497891465727
1.0459999999999956,126.49867248535156,125.66370614359174,2.7922171047467153,273.15896575011624,210.8985835936089
1.0469999999999955,126.4918441772461,125.66370614359174,2.7968717493071744,251.7458769646585,196.4637042116491
1.0479999999999954,126.48226928710938,125.66370614359174,2.793191329276325,249.08070132650258,189.505277704967
1.0489999999999953,126.4732666015625,125.66370614359174,2.7945869434410726,266.42638122953093,190.9319396063273
1.0499999999999952,126.46785736083984,125.66370614359174,2.8141635843648096,260.10054194924567,200.01354099421252
1.050999999999995,126.45549011230469,125.66370614359174,2.81547884024072,232.0107797778008,182.3890961967369
1.051999999999995,126.4390869140625,125.66370614359174,2.8046619047609602,222.62523728281406,172.15355238082384
1.0529999999999948,126.42217254638672,125.66370614359174,2.7952328559418125,234.2313963460079,170.85837546918785
1.0539999999999947,126.40814208984375,125.66370614359174,2.8010392594805684,228.80955802985528,178.10444744281992
1.0549999999999946,126.38683319091797,125.66370614359174,2.792463993482485,198.26771348537017,159.68149017043052
1.0559999999999945,126.36150360107422,125.66370614359174,2.770183661180217,187.76839586169461,149.49524650871072
1.0569999999999944,126.33609008789062,125.66370614359174,2.748398390473917,199.9832289591817,149.23479920950513
1.0579999999999943,126.31439208984375,125.66370614359174,2.7421485118837303,202.30006669664922,158.58442900862136
1.0589999999999942,126.2866439819336,125.66370614359174,2.7280053364159285,175.9467490386247,143.26713926398253
1.059999999999994,126.25630187988281,125.66370614359174,2.701385064225374,170.42269705199908,136.6869323896207
1.060999999999994,126.22745513916016,125.66370614359174,2.6771088170537922,188.369823109849,140.4321173276507
1.0619999999999938,126.20403289794922,125.66370614359174,2.6710100866381397,200.68198364032577,154.07345658259817
1.0629999999999937,126.17630004882812,125.66370614359174,2.6631283849289695,180.84160756893635,143.16966829964355
1.0639999999999936,126.14751434326172,125.66370614359174,2.6448283259758814,180.894656441673,140.4714748101826
1.0649999999999935,126.12150573730469,125.66370614359174,2.6307642001986116,203.38049707476637,147.4462875399788
1.0659999999999934,126.10192108154297,125.66370614359174,2.6364353811401924,221.02266536391238,163.60286093482782
1.0669999999999933,126.07872772216797,125.66370614359174,2.642945567126727,203.33121209771753,154.49608890106796
1.0679999999999932,126.05470275878906,125.66370614359174,2.638727886821896,203.34679717145747,152.342668202366
1.068999999999993,126.03321075439453,125.66370614359174,2.6374529039633625,223.85303339836042,158.71054965007352
1.069999999999993,126.01751708984375,125.66370614359174,2.6535737885486923,239.67469350849615,173.3020883053403
1.0709999999999928,125.99734497070312,125.66370614359174,2.6699281707975655,217.242709855926,161.97245070570878
1.0719999999999927,125.97506713867188,125.66370614359174,2.6720487572159133,210.78119850667053,156.63796465353377
1.0729999999999926,125.95381927490234,125.66370614359174,2.6727503130355874,223.75062010419606,159.21750820800952
1.0739999999999925,125.93679809570312,125.66370614359174,2.6859776861548035,256.142667928008,169.82306611222984
1.0749999999999924,125.92659759521484,125.66370614359174,2.724487664555986,259.8583031052998,186.99402790624313
1.0759999999999923,125.91238403320312,125.66370614359174,2.7444629179134012,244.07178434289773,176.84649598365476
1.0769999999999922,125.89653015136719,125.66370614359174,2.756693213402512,244.57741716799953,172.70518332995036
1.077999999999992,125.88182067871094,125.66370614359174,2.7736560169867426,262.71259355417067,175.56342572245526
1.078999999999992,125.87071990966797,125.66370614359174,2.8072987987393048,253.93117162436914,184.63365796281641
1.0799999999999919,125.85243225097656,125.66370614359174,2.819166797867517,223.37641804963746,166.514132771711
1.0809999999999917,125.82952880859375,125.66370614359174,2.8160954110181735,209.76988181210743,154.85476013624006
1.0819999999999916,125.80522918701172,125.66370614359174,2.8108262688240484,215.68215776183987,151.31042420785244
1.0829999999999915,125.78268432617188,125.66370614359174,2.8165466121873663,203.76976034899923,155.69116353510657
1.0839999999999914,125.75188446044922,125.66370614359174,2.8042685526797775,167.3888030306879,134.8954627965674
1.0849999999999913,125.7161865234375,125.66370614359174,2.774433912829447,151.2527922440492,122.52775621667493
1.0859999999999912,125.67967987060547,125.66370614359174,2.7412454645025157,158.4458454135446,120.45796518890182
1.086999999999991,125.64642333984375,125.66370614359174,2.7201932927136863,158.68279813725576,128.57766314232248
1.087999999999991,125.60720825195312,125.66370614359174,2.6908649170672576,131.166645642827,113.58580891703973
1.0889999999999909,125.56595611572266,125.66370614359174,2.6475602626368406,126.300830064235,108.40487975395682
1.0899999999999908,125.52718353271484,125.66370614359174,2.6061590182650582,146.75130648110547,114.59019510321492
1.0909999999999906,125.49522399902344,125.66370614359174,2.5840460628676647,165.24596826808934,131.66254535414316
1.0919999999999905,125.46096801757812,125.66370614359174,2.5636464895236752,152.73401672980035,125.84486108176868
1.0929999999999904,125.4280014038086,125.66370614359174,2.5357985252643713,161.60301927764726,129.05403982703135
1.0939999999999903,125.400390625,125.66370614359174,2.5164840764211442,193.86642667196764,142.44446395653063
1.0949999999999902,125.38187408447266,125.66370614359174,2.5223911530889476,221.31116408893158,165.22949978883415
1.09599999999999,125.36265563964844,125.66370614359174,2.532398922394934,215.09480975126274,163.42444118182243
1.09699999999999,125.34534454345703,125.66370614359174,2.5364207331538995,226.04790548488205,168.19768921840767
1.0979999999999899,125.33305358886719,125.66370614359174,2.5482426182229805,256.241079879713,180.74347350002543
1.0989999999999898,125.3286361694336,125.66370614359174,2.5817534979180152,276.75466202635596,200.48788040394243
1.0999999999999897,125.32157135009766,125.66370614359174,2.613393299028711,261.420844534861,193.84054043301174
1.1009999999999895,125.31369018554688,125.66370614359174,2.63250860701502,259.7354728002571,191.76807021142645
1.1019999999999894,125.3075180053711,125.66370614359174,2.6510694639473886,274.80777283594017,196.0551828290289
1.1029999999999893,125.30564880371094,125.66370614359174,2.681667047252389,281.3410378089787,206.82917795380303
1.1039999999999892,125.29759216308594,125.66370614359174,2.7057865074215273,249.78437124803878,191.30999042667324
1.104999999999989,125.28524780273438,125.66370614359174,2.709450335030949,232.09798539109596,180.5325662577546
1.105999999999989,125.27149963378906,125.66370614359174,2.704673203490431,232.71682709091564,177.00529395364438
1.1069999999999889,125.25956726074219,125.66370614359174,2.705041080017717,252.7595560646856,181.5410246655898
1.1079999999999888,125.25238800048828,125.66370614359174,2.72378230368554,248.06359688721335,193.42168154329448
1.1089999999999887,125.23980712890625,125.66370614359174,2.722169572441329,224.59468540891282,179.87437643614143
1.1099999999999886,125.2247085571289,125.66370614359174,2.7088222998224722,219.58120814868835,173.54492065828416
1.1109999999999884,125.21054077148438,125.66370614359174,2.697595083944385,235.05980693324892,175.8662089904706
1.1119999999999883,125.20060729980469,125.66370614359174,2.702556846317945,231.6041048185993,186.4356514808212
1.1129999999999882,125.18513488769531,125.66370614359174,2.690804374070376,206.863798187945,172.55317070200067
1.113999999999988,125.16729736328125,125.66370614359174,2.6665003955657847,201.80266409725158,166.59501674502835
1.114999999999988,125.15087890625,125.66370614359174,2.644261417818497,218.74937768999038,170.12719265469966
1.115999999999988,125.13954162597656,125.66370614359174,2.639330986351876,222.51449261007164,182.8346209474414
1.1169999999999878,125.12385559082031,125.66370614359174,2.6235328396792954,202.30065537435289,171.9228956780758
1.1179999999999877,125.10710144042969,125.66370614359174,2.596983173339858,202.25020600688705,169.21348620268455
1.1189999999999876,125.09314727783203,125.66370614359174,2.574868952083315,224.63077154000555,176.20935314516433
1.1199999999999875,125.08572387695312,125.66370614359174,2.57303177183338,236.60121388233142,192.52965618219218
1.1209999999999873,125.07540130615234,125.66370614359174,2.5651431560059597,222.0419657963095,185.24867881458678
1.1219999999999872,125.065185546875,125.66370614359174,2.548544469179368,226.5088291876334,185.5143407580687
1.1229999999999871,125.05867767333984,125.66370614359174,2.5381044131818458,252.20462150702053,194.77561112430863
1.123999999999987,125.059326171875,125.66370614359174,2.5490867426344854,267.2454778204347,212.6568860518723
1.124999999999987,125.05741882324219,125.66370614359174,2.5550936533266895,253.5427717078309,206.28655744076377
1.1259999999999868,125.05551147460938,125.66370614359174,2.551628773920114,256.77802428980567,206.25613190331015
1.1269999999999867,125.05675506591797,125.66370614359174,2.5525463961363277,279.4449934292998,214.16749250621928
1.1279999999999866,125.06428527832031,125.66370614359174,2.5720614084544633,291.1927265603484,229.88137911521196
1.1289999999999865,125.06819915771484,125.66370614359174,2.5851226749071357,272.17231943998905,220.86562065389504
1.1299999999999863,125.07070922851562,125.66370614359174,2.585069560667705,268.66380544622655,217.35273345397405
1.1309999999999862,125.07479858398438,125.66370614359174,2.585069278390759,283.8229579725604,221.30410796696742
1.1319999999999861,125.08355712890625,125.66370614359174,2.5990473963667196,290.85610269537824,232.9878825685254
1.132999999999986,125.0872573852539,125.66370614359174,2.606574777381336,265.02486106775046,220.37516184543858
1.133999999999986,125.08817291259766,125.66370614359174,2.597393515812679,254.9383914410756,213.38127852939493
1.1349999999999858,125.08946228027344,125.66370614359174,2.5848136256083123,264.4284824206624,214.32799600179635
1.1359999999999857,125.09454345703125,125.66370614359174,2.5834911810088563,293.9806501004706,223.8308976023916
1.1369999999999856,125.10646057128906,125.66370614359174,2.6071419034358714,295.9947371461362,240.96135222629857
1.1379999999999855,125.11528778076172,125.66370614359174,2.6103628220821795,283.62605867394166,233.22537280048527
1.1389999999999854,125.12362670898438,125.66370614359174,2.6077103591396273,288.68040040363945,232.04030917991602
1.1399999999999852,125.13455963134766,125.66370614359174,2.6128918703610027,312.389890904938,238.56093408554176
1.1409999999999851,125.15093231201172,125.66370614359174,2.6388846701998427,309.2194407496211,252.1935759634324
1.141999999999985,125.16268920898438,125.66370614359174,2.64297404904393,289.6494433494229,240.67299192318234
1.142999999999985,125.17230224609375,125.66370614359174,2.637010903253988,286.915971274218,235.32775142542712
1.1439999999999848,125.18286895751953,125.66370614359174,2.634484307011653,302.9969067502537,237.71778336452485
1.1449999999999847,125.1973876953125,125.66370614359174,2.6487410497389243,296.5204947503549,247.66120130948977
1.1459999999999846,125.20611572265625,125.66370614359174,2.6426700375949594,271.456782321953,233.1814487872046
1.1469999999999845,125.21174621582031,125.66370614359174,2.623904049014636,264.2454191390009,225.4418958156361
1.1479999999999844,125.21772003173828,125.66370614359174,2.606542350075593,277.4170895471614,226.2929544299913
1.1489999999999843,125.22747039794922,125.66370614359174,2.605136267359818,274.57851360546033,235.7969529638062
1.1499999999999841,125.23175811767578,125.66370614359174,2.588702207255511,250.64001839739294,222.10620999289137
1.150999999999984,125.23358154296875,125.66370614359174,2.5601611371946853,245.8603920769693,215.92980517134828
1.151999999999984,125.23667907714844,125.66370614359174,2.534507230909655,262.8671161526378,219.14256177095427
1.1529999999999838,125.24481964111328,125.66370614359174,2.5274813197840933,268.87649587959396,231.78998548999843
1.1539999999999837,125.24903869628906,125.66370614359174,2.511882997322061,251.22150871437853,221.97418861813307
1.1549999999999836,125.2523422241211,125.66370614359174,2.4869337069258464,252.6653837012803,219.68360717553867
1.1559999999999835,125.2584228515625,125.66370614359174,2.4679343523727164,275.65092490026444,226.6541715148572
1.1569999999999834,125.27094268798828,125.66370614359174,2.4707478815557913,288.80763352072273,242.81379030493326
1.1579999999999833,125.28083038330078,125.66370614359174,2.4686198346576917,276.00264817798563,236.24100058379983
1.1589999999999832,125.29068756103516,125.66370614359174,2.4585483144126337,280.4946625724443,236.18434355565168
1.159999999999983,125.30379486083984,125.66370614359174,2.455012313495623,304.7144351137971,244.3396124848549
1.160999999999983,125.32339477539062,125.66370614359174,2.4727551665806486,317.97871799415094,260.677931609794
1.1619999999999828,125.34012603759766,125.66370614359174,2.4848027101455568,303.2194684467375,253.5102077468827
1.1629999999999827,125.35606384277344,125.66370614359174,2.4864371724038583,303.53211992091764,251.56234174265992
1.1639999999999826,125.37406158447266,125.66370614359174,2.490978968775423,321.8025191139982,256.7565102371944
1.1649999999999825,125.39706420898438,125.66370614359174,2.5121821359784295,329.649972654436,269.37710181537716
1.1659999999999824,125.41561889648438,125.66370614359174,2.525990117586797,307.3332151816637,258.25161567506433
1.1669999999999823,125.43158721923828,125.66370614359174,2.5248190323404325,299.2070169829138,251.7988471273716
1.1679999999999822,125.44775390625,125.66370614359174,2.5215865185191997,308.9173613736997,252.34195147586092
1.168999999999982,125.46719360351562,125.66370614359174,2.530223800231185,312.79679934728824,260.59444533595274
1.169999999999982,125.48079681396484,125.66370614359174,2.5331543059032895,284.127082719173,245.9761693551534
1.1709999999999818,125.49064636230469,125.66370614359174,2.5180643029674425,270.5948643322819,236.56772039864657
1.1719999999999817,125.4998550415039,125.66370614359174,2.4983520175640535,276.4353170949121,234.9939709288527
1.1729999999999816,125.51194763183594,125.66370614359174,2.489084963607635,302.6314775682456,242.2337089897668
1.1739999999999815,125.53018188476562,125.66370614359174,2.5047333020178013,305.853630007102,257.71956520512737
1.1749999999999814,125.54523468017578,125.66370614359174,2.5032301151756253,293.7266496754098,249.75445753756182
1.1759999999999813,125.5596923828125,125.66370614359174,2.4964650032880185,298.8517866741386,248.29496022276226
1.1769999999999812,125.57667541503906,125.66370614359174,2.4985393371124567,322.6972202274554,254.66979512920545
1.177999999999981,125.5991439819336,125.66370614359174,2.522939172960207,323.40358792948194,268.48277768594215
1.178999999999981,125.61750793457031,125.66370614359174,2.5290578389066343,306.4902158739901,258.2416955485907
1.1799999999999808,125.63404083251953,125.66370614359174,2.526358174967462,305.4172582952414,253.6609639283107
1.1809999999999807,125.65164184570312,125.66370614359174,2.5282482552800833,322.26180754065246,256.3788061560877
1.1819999999999806,125.67318725585938,125.66370614359174,2.5479595034962013,318.4929077069243,266.35477905928394
1.1829999999999805,125.68919372558594,125.66370614359174,2.5495319368336133,294.76481976438515,252.4768277306964
1.1839999999999804,125.70194244384766,125.66370614359174,2.5385311977040588,286.99349603886924,244.30191996986144
1.1849999999999803,125.71448516845703,125.66370614359174,2.5284995506412824,297.9251253964594,243.81326780714983
1.1859999999999802,125.72999572753906,125.66370614359174,2.5334361878444294,294.0240296902038,251.30211056917565
1.18699999999998,125.73941040039062,125.66370614359174,2.524035566235315,267.53634102947643,235.98507733430944
1.18799999999998,125.74527740478516,125.66370614359174,2.500729630605387,258.22488665055874,227.10194209059088
1.1889999999999799,125.75102233886719,125.66370614359174,2.4777926284282557,269.1815346361637,226.79004830569568
1.1899999999999797,125.76020050048828,125.66370614359174,2.4704773298148184,271.6158314372066,235.44901663885076
1.1909999999999796,125.76419830322266,125.66370614359174,2.4553222809102184,248.7280393764891,222.42598749476497
1.1919999999999795,125.76578521728516,125.66370614359174,2.427854960994965,243.79320316842887,216.35694714801897
1.1929999999999794,125.7685317993164,125.66370614359174,2.4030230229971123,259.84449212574657,219.2932375710889
1.1939999999999793,125.77613830566406,125.66370614359174,2.396888276183517,270.86936134134226,231.53405196230773
1.1949999999999792,125.7801284790039,125.66370614359174,2.3887378758811653,254.06107381016466,222.44204291586496
1.195999999999979,125.7831039428711,125.66370614359174,2.3706205278784918,254.36714382428522,219.8888621239995
1.196999999999979,125.78842163085938,125.66370614359174,2.3572894607184445,274.6704820699356,225.78525416217008
1.1979999999999789,125.79951477050781,125.66370614359174,2.3643568606518017,290.06079863365414,240.34252570951082
1.1989999999999787,125.80770111083984,125.66370614359174,2.3713259017303407,275.3900840150417,233.05850930718358
1.1999999999999786,125.81512451171875,125.66370614359174,2.3679921422035983,275.7531566763803,231.14157736022216
1.2009999999999785,125.8246841430664,125.66370614359174,2.368027025825636,294.20086205263465,236.54754339030256
1.2019999999999784,125.83943176269531,125.66370614359174,2.3858499142963843,307.33790353226766,249.6249856077314
1.2029999999999783,125.85045623779297,125.66370614359174,2.402328171426075,288.1737519947214,240.2814270203239
1.2039999999999782,125.8594970703125,125.66370614359174,2.4047964085997386,282.3211088755606,235.30556348940567
1.204999999999978,125.86918640136719,125.66370614359174,2.406019350647592,293.42145465900796,236.94418956179575
1.205999999999978,125.88241577148438,125.66370614359174,2.419878455659185,322.08803759412683,245.90321548897296
1.2069999999999779,125.90180969238281,125.66370614359174,2.4590361102819323,324.2277914195731,261.4572809710858
1.2079999999999778,125.91769409179688,125.66370614359174,2.4778897714221113,310.40515966984276,252.66633572759565
1.2089999999999776,125.93196105957031,125.66370614359174,2.4891388393105243,310.5992238670347,248.6203664912803
1.2099999999999775,125.94705963134766,125.66370614359174,2.5052286772425085,326.5533462273985,250.74467379718394
1.2109999999999774,125.96537017822266,125.66370614359174,2.5380677322858842,317.43364602377835,258.87599941814466
1.2119999999999773,125.97723388671875,125.66370614359174,2.5478543200464028,290.1929781984569,242.66081029662283
1.2129999999999772,125.98460388183594,125.66370614359174,2.5430925744555286,277.3347058768418,231.35362985178807
1.213999999999977,125.990234375,125.66370614359174,2.536480631637505,281.7003822751442,226.97135850728648
1.214999999999977,125.99701690673828,125.66370614359174,2.5411940298030684,269.38260247581695,229.9047068068382
1.2159999999999769,125.99600982666016,125.66370614359174,2.527383005659804,236.1010235269371,210.27192041954189
1.2169999999999768,125.98983764648438,125.66370614359174,2.496579895912289,220.03987334489207,197.23126712858323
1.2179999999999767,125.98199462890625,125.66370614359174,2.462898838097505,224.53192200551712,193.02909878210056
1.2189999999999765,125.97620391845703,125.66370614359174,2.441820587857368,222.49104990121776,198.17019365447
1.2199999999999764,125.96430969238281,125.66370614359174,2.4123514966619775,196.28429327268177,182.79864996372805
1.2209999999999763,125.94950103759766,125.66370614359174,2.3693982495786066,189.5270783054175,175.4157103028602
1.2219999999999762,125.93572235107422,125.66370614359174,2.3287394025779125,205.19854156255704,177.99634608822166
1.222999999999976,125.927001953125,125.66370614359174,2.3077711238740557,219.08382761509577,190.71275152284298
1.223999999999976,125.91539764404297,125.66370614359174,2.288255100444762,206.04321106971844,183.4332242543157
1.2249999999999759,125.90389251708984,125.66370614359174,2.2615399637963676,211.48009342532237,183.66756612729552
1.2259999999999758,125.8960952758789,125.66370614359174,2.2435137814782147,237.76312538630535,192.97879730731563
1.2269999999999757,125.8955307006836,125.66370614359174,2.2508458476862048,259.71241323323665,211.20161649976086
1.2279999999999756,125.89374542236328,125.66370614359174,2.2615207488622526,252.69360175444893,208.1087336690556
1.2289999999999754,125.89286804199219,125.66370614359174,2.2661727410945405,260.4556950409772,210.41698244668976
1.2299999999999753,125.89566040039062,125.66370614359174,2.278480190250275,285.3568927243829,219.63836537516175
1.2309999999999752,125.90482330322266,125.66370614359174,2.312277245990178,301.55850828659493,235.71631083163442
1.2319999999999751,125.91126251220703,125.66370614359174,2.3434383354351263,286.8633041635155,228.8495378603694
1.232999999999975,125.91635131835938,125.66370614359174,2.362002568309296,283.69705442331485,225.47851500006888
1.233999999999975,125.92227172851562,125.66370614359174,2.37982534473719,295.29660843846176,227.5803771649032
1.2349999999999748,125.93140411376953,125.66370614359174,2.409460654372652,299.48878494076826,235.6785318991823
1.2359999999999747,125.93462371826172,125.66370614359174,2.4327310648400786,270.24566440737533,220.79270134210142
1.2369999999999746,125.93331146240234,125.66370614359174,2.4356432770425553,252.54640501980043,209.39736675330965
1.2379999999999745,125.9299087524414,125.66370614359174,2.4300086960835556,250.80994956801402,204.10418933768574
1.2389999999999743,125.92727661132812,125.66370614359174,2.4293270572397794,266.55138715239485,206.0501707386692
1.2399999999999742,125.92818450927734,125.66370614359174,2.446902425014589,261.31776569438694,214.97656256142935
1.2409999999999741,125.92363739013672,125.66370614359174,2.4452464563068466,238.66355426019783,201.21306656151197
1.241999999999974,125.916015625,125.66370614359174,2.431864606630859,231.98885462398948,193.46379721144325
1.242999999999974,125.90837097167969,125.66370614359174,2.4204465869905785,243.60256182404459,193.38086443311042
1.2439999999999738,125.90373229980469,125.66370614359174,2.4250847297514793,239.72876442009377,200.9652801795207
1.2449999999999737,125.8934555053711,125.66370614359174,2.41461587759264,215.70577748766226,186.74460183311498
1.2459999999999736,125.88016510009766,125.66370614359174,2.3914345356305664,208.6335802073845,179.13333945824516
1.2469999999999735,125.8671875,125.66370614359174,2.369891672179272,221.0923091639993,179.88682236589403
1.2479999999999734,125.85786437988281,125.66370614359174,2.3651983015839875,223.5407734226562,189.07504274251497
1.2489999999999732,125.84385681152344,125.66370614359174,2.3514423839963667,203.05381348408633,177.2693564454991
1.2499999999999731,125.8279037475586,125.66370614359174,2.326350492445883,199.93526812000263,172.35917077432646
1.250999999999973,125.81342315673828,125.66370614359174,2.30479726502083,216.73451711189642,176.02908265764745
1.251999999999973,125.80381774902344,125.66370614359174,2.3026118599805936,226.4129477663198,188.2775862164408
1.2529999999999728,125.79080200195312,125.66370614359174,2.296311714551241,210.66702375151507,179.6667982690081
1.2539999999999727,125.77690887451172,125.66370614359174,2.2803376195624354,211.37203433958743,177.45587918241378
1.2549999999999726,125.76532745361328,125.66370614359174,2.269297755581941,231.02587821920721,183.2540506864135
1.2559999999999725,125.75923919677734,125.66370614359174,2.2785511210482134,243.8028350656034,197.0371733300234
1.2569999999999724,125.75015258789062,125.66370614359174,2.2851524407754527,229.02993702301816,189.49593675326386
1.2579999999999723,125.74021911621094,125.66370614359174,2.2812809729704537,228.95308513750297,187.35766287225857
1.2589999999999721,125.7322769165039,125.66370614359174,2.280605606399032,246.3047593774782,192.32737982250822
1.259999999999972,125.72918701171875,125.66370614359174,2.297520071404445,256.97645247592027,204.55266818102817
1.260999999999972,125.72234344482422,125.66370614359174,2.3109748263840753,238.03811092129675,195.08498222831116
1.2619999999999718,125.7136001586914,125.66370614359174,2.3105314476014835,232.52981028719017,190.2962873904219
1.2629999999999717,125.70561218261719,125.66370614359174,2.309153381949967,243.73433572378738,192.16878686555728
1.2639999999999716,125.70120239257812,125.66370614359174,2.320912474348124,271.9956424406312,201.17493206971673
1.2649999999999715,125.7028579711914,125.66370614359174,2.358611457234917,273.36264992434025,216.41951346589755
1.2659999999999714,125.70137023925781,125.66370614359174,2.374643994758436,261.25559100215656,208.5133479745435
1.2669999999999713,125.69871520996094,125.66370614359174,2.3840681591906683,263.1789400618203,205.57418271709793
1.2679999999999712,125.69732666015625,125.66370614359174,2.3995219485310564,280.48335838478533,208.74128593046328
1.268999999999971,125.699462890625,125.66370614359174,2.432959131301156,271.82251496307595,217.62546582520537
1.269999999999971,125.69590759277344,125.66370614359174,2.441830374259379,247.90459330118102,203.3040756496301
1.2709999999999708,125.68866729736328,125.66370614359174,2.4374583749230703,238.22101842174092,194.04152134920372
1.2719999999999707,125.68043518066406,125.66370614359174,2.432627698294698,245.118895191609,191.51457685393575
1.2729999999999706,125.6739273071289,125.66370614359174,2.4404185187763185,233.33485988383828,195.84113020809085
1.2739999999999705,125.66051483154297,125.66370614359174,2.4275158689177294,203.7520024161039,178.47792829594573
1.2749999999999704,125.64279174804688,125.66370614359174,2.398747469363431,190.85870367842801,167.60803430646894
1.2759999999999703,125.62409210205078,125.66370614359174,2.3682242548991823,197.48486850695912,165.1383139428121
1.2769999999999702,125.60787200927734,125.66370614359174,2.3512262012536316,194.66018428310917,171.31797811684282
1.27799999999997,125.58619689941406,125.66370614359174,2.3228344274157458,171.01289724696974,157.60579269707117
1.27899999999997,125.56214904785156,125.66370614359174,2.2815947551918905,166.08450897960148,151.60851611346317
1.2799999999999698,125.53947448730469,125.66370614359174,2.243263360544864,182.43603674826625,155.02744224019142
1.2809999999999697,125.52191925048828,125.66370614359174,2.2250322372110274,193.92100471815763,167.85200660424206
1.2819999999999696,125.50176239013672,125.66370614359174,2.2046297931715952,181.9947376698231,161.28400602463125
1.2829999999999695,125.48191833496094,125.66370614359174,2.17732102718962,188.03513313890488,162.04208369560493
1.2839999999999694,125.46585083007812,125.66370614359174,2.159123954732229,214.07638387033478,171.4884495551979
1.2849999999999693,125.45690155029297,125.66370614359174,2.166693758019125,233.07950516730781,189.33592644366925
1.2859999999999692,125.4468994140625,125.66370614359174,2.173979949689114,226.97200214039225,186.68518987900669
1.286999999999969,125.43802642822266,125.66370614359174,2.1759008245184583,235.60013413230934,189.51228682437457
1.287999999999969,125.43299865722656,125.66370614359174,2.186471951134685,260.9733898612234,199.1418721808194
1.2889999999999688,125.4344482421875,125.66370614359174,2.219668931150422,275.05668332336467,215.38846248968997
1.2899999999999687,125.43363952636719,125.66370614359174,2.2468468532568666,262.6636293274504,209.71100742094546
1.2909999999999686,125.43205261230469,125.66370614359174,2.26281659771309,262.040085187388,207.7765559568581
1.2919999999999685,125.431884765625,125.66370614359174,2.27979105596211,275.9585508925746,211.3215041775947
1.2929999999999684,125.43544006347656,125.66370614359174,2.3104222929048537,279.15715758840935,220.67698155362527
1.2939999999999683,125.43395233154297,125.66370614359174,2.3311052427604846,253.95608575395107,208.02243753146007
1.2949999999999682,125.42887115478516,125.66370614359174,2.3332402309041673,240.38265093867895,198.99067649676928
1.295999999999968,125.42256164550781,125.66370614359174,2.3289406430082633,242.27228312555343,195.89323613801164
1.296999999999968,125.41773986816406,125.66370614359174,2.3317262135728876,260.67977184196906,199.62624026161205
1.2979999999999678,125.41696166992188,125.66370614359174,2.354551048813006,254.17096833967426,209.77221606049406
1.2989999999999677,125.41152954101562,125.66370614359174,2.353588126728753,235.15037791405027,198.08453069311344
1.2999999999999676,125.40370178222656,125.66370614359174,2.342538527022608,231.38962087753566,192.0699135879826
1.3009999999999675,125.39631652832031,125.66370614359174,2.3350364495629408,244.72600760548207,193.16497077429028
1.3019999999999674,125.39216613769531,125.66370614359174,2.344723108523425,237.84404794036993,201.25445439948624
1.3029999999999673,125.38285064697266,125.66370614359174,2.333743525981731,216.1965560756112,188.29939013844702
1.3039999999999672,125.37086486816406,125.66370614359174,2.3111305135909834,210.79945265896595,181.58579277010548
1.304999999999967,125.35933685302734,125.66370614359174,2.291231404054398,223.8308553228472,182.71354310606498
1.305999999999967,125.35140228271484,125.66370614359174,2.2889248453322404,222.15505503123396,191.69312995489406
1.3069999999999669,125.33901977539062,125.66370614359174,2.271731054131201,203.2389937331009,180.5428462802075
1.3079999999999667,125.32486724853516,125.66370614359174,2.244177658420557,201.30848418065315,176.08091276671485
1.3089999999999666,125.31224060058594,125.66370614359174,2.221369196310566,218.53615538714772,179.87145117792005
1.3099999999999665,125.30440521240234,125.66370614359174,2.2190861741998487,224.31060519168182,191.87397762102904
1.3109999999999664,125.29346466064453,125.66370614359174,2.2072551136450285,210.6246919314868,184.0716841839213
1.3119999999999663,125.2819595336914,125.66370614359174,2.1873907879241363,213.34817081235965,182.6552790766992
1.3129999999999662,125.27304077148438,125.66370614359174,2.1745822111015873,234.5391813658765,189.0940710118722
1.313999999999966,125.26978302001953,125.66370614359174,2.184313823649245,244.37140302225131,203.29206949243022
1.314999999999966,125.26414489746094,125.66370614359174,2.186210592113133,233.01526717052715,197.29476629631623
1.3159999999999659,125.25827026367188,125.66370614359174,2.1801794415606706,236.3735070353835,196.71631636930587
1.3169999999999658,125.25493621826172,125.66370614359174,2.180360936567454,256.6293721188625,203.0708850186319
1.3179999999999656,125.25691986083984,125.66370614359174,2.2011080446855966,264.7232749711505,216.38259161802546
1.3189999999999655,125.25595092773438,125.66370614359174,2.212523134963335,250.1121855381602,208.9932728220823
1.3199999999999654,125.25383758544922,125.66370614359174,2.212837594158297,248.69227658914335,206.12289951176487
1.3209999999999653,125.25308990478516,125.66370614359174,2.215296583336514,263.1306789274703,209.53484277905548
1.3219999999999652,125.25634002685547,125.66370614359174,2.2336755466947813,266.92568251275634,219.5616808766403
1.322999999999965,125.25538635253906,125.66370614359174,2.2421216808575495,246.24494730298312,209.02568911758135
1.323999999999965,125.2519760131836,125.66370614359174,2.2355274482362386,238.55518267702183,202.85817871790252
1.3249999999999649,125.24867248535156,125.66370614359174,2.2270514914626682,247.12968522044198,203.1400999103633
1.3259999999999648,125.24832916259766,125.66370614359174,2.2310036111596245,249.81862355824,210.52862111557963
1.3269999999999647,125.24310302734375,125.66370614359174,2.228217892854525,225.9191617062771,198.3162455868181
1.3279999999999645,125.23497772216797,125.66370614359174,2.2086162331616204,216.0037258795085,191.0338381272109
1.3289999999999644,125.22682189941406,125.66370614359174,2.185993673128244,223.70228105841204,190.93636493862556
1.3299999999999643,125.2218246459961,125.66370614359174,2.1758939047126438,249.75830308067526,198.8250897112384
1.3309999999999642,125.22293090820312,125.66370614359174,2.1931589560592952,253.9781439509664,214.14092883073667
1.331999999999964,125.2220458984375,125.66370614359174,2.192256757470464,246.89087555591036,209.12596909951057
1.332999999999964,125.22144317626953,125.66370614359174,2.1883940581369257,255.05828511773524,209.84149652931697
1.3339999999999639,125.22383880615234,125.66370614359174,2.1957448246218636,279.55536760273856,217.3568699391657
1.3349999999999638,125.23177337646484,125.66370614359174,2.2275085396208354,280.2038470199019,231.24782940046893
1.3359999999999637,125.2367935180664,125.66370614359174,2.2378364013449867,268.21445235965876,223.96385792932085
1.3369999999999636,125.24076843261719,125.66370614359174,2.2408201541729613,269.70969257473047,221.34150449380806
1.3379999999999634,125.24610900878906,125.66370614359174,2.2495557979365834,286.3684031940536,224.76850030776905
1.3389999999999633,125.25520324707031,125.66370614359174,2.2766679495988207,280.4008524864374,234.19977495611118
1.3399999999999632,125.25962829589844,125.66370614359174,2.280848784207471,260.21870876392785,222.51665758992058
1.340999999999963,125.26124572753906,125.66370614359174,2.272719753732769,253.59767169113613,215.46955770065622
1.341999999999963,125.26260375976562,125.66370614359174,2.2655055066413916,262.95086193725604,214.84141388467515
1.342999999999963,125.26641082763672,125.66370614359174,2.2727719849285624,255.36166275053674,220.97122188268992
1.3439999999999628,125.26469421386719,125.66370614359174,2.260855422801326,231.34353524357388,207.12781307369872
1.3449999999999627,125.25965881347656,125.66370614359174,2.234819784666698,222.48313502354085,198.81858655746126
1.3459999999999626,125.25431060791016,125.66370614359174,2.2089418104234317,231.5659162430709,198.01488553135835
1.3469999999999624,125.2518310546875,125.66370614359174,2.1985412076996096,230.5354180596029,205.18587041539865
1.3479999999999623,125.24478149414062,125.66370614359174,2.176583231876876,210.6446811004571,193.74526968179808
1.3489999999999622,125.2356948852539,125.66370614359174,2.142922391810855,207.17484270588548,188.61490155792325
1.3499999999999621,125.22782135009766,125.66370614359174,2.113031854217804,222.76590365876635,191.6548916359802
1.350999999999962,125.22456359863281,125.66370614359174,2.103581648784628,231.59749367162104,203.19372826045557
1.351999999999962,125.21868133544922,125.66370614359174,2.089446733491373,219.65899505747484,196.6209220098903
1.3529999999999618,125.21257781982422,125.66370614359174,2.067734606379584,223.47646373319162,196.04799551862496
1.3539999999999617,125.20929718017578,125.66370614359174,2.0539491598078286,245.3742672239453,203.12343087882272
1.3549999999999616,125.21196746826172,125.66370614359174,2.064192841796765,259.15469333410624,218.01404761506305
1.3559999999999615,125.21310424804688,125.66370614359174,2.0708014083794675,250.9577697265721,214.19321992236044
1.3569999999999613,125.21458435058594,125.66370614359174,2.0703671002835384,256.174400268034,215.05111955231985
1.3579999999999612,125.21893310546875,125.66370614359174,2.076875858712481,277.16637604299655,222.22289097154257
1.3589999999999611,125.22875213623047,125.66370614359174,2.1044900241481956,287.4955177250501,235.96666419652584
1.359999999999961,125.23625183105469,125.66370614359174,2.1245343866180226,274.72044625862026,230.15703188173003
1.360999999999961,125.24278259277344,125.66370614359174,2.1329055098630416,273.245405000491,227.75880759459108
1.3619999999999608,125.25048828125,125.66370614359174,2.1422685100545062,286.01027003028264,230.70100963244576
1.3629999999999607,125.2617416381836,125.66370614359174,2.1658830129830053,289.21397216643743,239.61885915690448
1.3639999999999606,125.26876831054688,125.66370614359174,2.1799427238714,267.54909405059084,229.04302377627886
1.3649999999999605,125.27285766601562,125.66370614359174,2.1768213427080223,257.03370038774614,221.70772461446668
1.3659999999999604,125.27625274658203,125.66370614359174,2.169122687310463,261.3806714547329,219.95204275766272
1.3669999999999602,125.28158569335938,125.66370614359174,2.1708692666375233,262.15812833995443,224.8259744671087
1.3679999999999601,125.2815933227539,125.66370614359174,2.16702318110628,235.72304205356403,211.4880767222929
1.36899999999996,125.27794647216797,125.66370614359174,2.143808503495101,222.09139312067387,202.31302204408868
1.36999999999996,125.2733154296875,125.66370614359174,2.1147851958658612,225.38623209709542,199.84782631550578
1.3709999999999598,125.27085876464844,125.66370614359174,2.0957443148479933,246.9794835176824,205.2959117173976
1.3719999999999597,125.27368927001953,125.66370614359174,2.1024084024475296,251.79249285707124,218.54557058090043
1.3729999999999596,125.27437591552734,125.66370614359174,2.0948060486186715,243.78760505433362,213.16629828105172
1.3739999999999595,125.27516174316406,125.66370614359174,2.0835836630559785,250.920527463332,213.43746420851144
1.3749999999999594,125.27883911132812,125.66370614359174,2.0835977208006873,274.66804846603844,220.6715462316538
1.3759999999999593,125.28812408447266,125.66370614359174,2.1091077828284615,279.56182607298626,234.7370519687887
1.3769999999999591,125.29524993896484,125.66370614359174,2.118310960793981,270.40128209733484,229.3540115077617
1.377999999999959,125.3019790649414,125.66370614359174,2.121305888316534,274.22900284201774,228.36296064654314
1.378999999999959,125.3106460571289,125.66370614359174,2.1314973472686845,292.87597099107495,233.2403938143516
1.3799999999999588,125.32363891601562,125.66370614359174,2.1618503513156484,291.9787707421992,244.1044681860969
1.3809999999999587,125.3330307006836,125.66370614359174,2.1729131136654107,275.67818484169493,235.10851943976684
1.3819999999999586,125.34033966064453,125.66370614359174,2.1725102479342024,271.4456881977598,229.89077734465042
1.3829999999999585,125.3478012084961,125.66370614359174,2.1735607246473294,281.8059017672181,230.2906799323486
1.3839999999999584,125.35785675048828,125.66370614359174,2.189269802221774,276.34938051626995,236.82133995021212
1.3849999999999583,125.36286163330078,125.66370614359174,2.1871299243300695,253.47797855437022,224.1632311902671
1.3859999999999582,125.36451721191406,125.66370614359174,2.1699370487534417,243.61967442448326,215.7631684980222
1.386999999999958,125.36536407470703,125.66370614359174,2.1512464529930866,249.86740998228473,213.75927910841511
1.387999999999958,125.36827850341797,125.66370614359174,2.1457173170849213,247.0483607728461,218.92781342584138
1.3889999999999578,125.36615753173828,125.66370614359174,2.1288027480160974,224.40654470794496,206.31110695431238
1.3899999999999577,125.36109161376953,125.66370614359174,2.0973181771682152,216.3874101717883,198.90269540691074
1.3909999999999576,125.35600280761719,125.66370614359174,2.066048576830232,226.1644623991115,198.86072568814143
1.3919999999999575,125.35414123535156,125.66370614359174,2.0513927483331993,232.09600782855279,206.93312714684146
1.3929999999999574,125.34883117675781,125.66370614359174,2.0333961088417505,216.20260497868168,198.28456685170175
1.3939999999999573,125.34227752685547,125.66370614359174,2.004701780086595,215.29706537135783,195.14767784157527
1.3949999999999572,125.33745574951172,125.66370614359174,1.9808511054462175,232.25036059522262,199.47502099853855
1.395999999999957,125.33755493164062,125.66370614359174,1.9787415424095582,245.90043555824948,211.81923881183525
1.396999999999957,125.33589935302734,125.66370614359174,1.97744791353938,236.54417905551125,207.4186549742431
1.3979999999999568,125.33434295654297,125.66370614359174,1.9682827527174123,240.54960588560905,207.6745662839211
1.3989999999999567,125.3354721069336,125.66370614359174,1.9658906175496949,260.58615251274784,214.38342316009772
1.3999999999999566,125.34203338623047,125.66370614359174,1.9855846677570765,274.70561506574774,228.0265051232208
1.4009999999999565,125.34703826904297,125.66370614359174,2.0037176305324644,264.9576272405226,224.13616532381596
1.4019999999999564,125.3517837524414,125.66370614359174,2.011480182496518,266.1456991375302,223.50335480410033
1.4029999999999563,125.35834503173828,125.66370614359174,2.021845613084737,281.23492808486566,228.04677940178897
1.4039999999999562,125.36904907226562,125.66370614359174,2.048463001259632,289.4215914573073,238.4740014187116
1.404999999999956,125.3767318725586,125.66370614359174,2.0698150288525223,272.3012455045426,230.9160981353716
1.405999999999956,125.38239288330078,125.66370614359174,2.075060942422574,264.906615945768,225.83792503157102
1.4069999999999558,125.3879165649414,125.66370614359174,2.076460417929389,270.90878484371893,225.5184474269205
1.4079999999999557,125.3956527709961,125.66370614359174,2.0876294108636553,291.5636623773449,231.07479867334155
1.4089999999999556,125.40792083740234,125.66370614359174,2.121349320830497,289.5083425705587,242.476458786197
1.4099999999999555,125.41702270507812,125.66370614359174,2.132484432750108,275.9309613793016,234.54412751548358
1.4109999999999554,125.4244384765625,125.66370614359174,2.134446033508583,274.26573743998574,230.33818332942474
1.4119999999999553,125.43231201171875,125.66370614359174,2.1401103132645565,286.59222097258976,231.50253153145283
1.4129999999999552,125.44292449951172,125.66370614359174,2.162191184515702,278.814373596624,238.39029246582098
1.413999999999955,125.44872283935547,125.66370614359174,2.161862336950714,257.701627433716,226.32552251833013
1.414999999999955,125.45130157470703,125.66370614359174,2.1479408436437915,249.11888807617638,218.25559913683625
1.4159999999999549,125.45304870605469,125.66370614359174,2.1337821244346613,255.7888525718122,216.1638308409342
1.4169999999999547,125.45660400390625,125.66370614359174,2.1334531054797914,248.8862240737342,220.71700468916143
1.4179999999999546,125.45494079589844,125.66370614359174,2.11644505527408,226.18617103253132,207.62318836504303
1.4189999999999545,125.4500503540039,125.66370614359174,2.085374158829677,217.71845031421637,199.50427684214316
1.4199999999999544,125.44473266601562,125.66370614359174,2.0548598075915385,226.4003458049612,198.4301533130466
1.4209999999999543,125.44207000732422,125.66370614359174,2.040873067904796,227.64038470467722,205.09775521576532
1.4219999999999542,125.43553161621094,125.66370614359174,2.018609923595557,210.78747466624006,195.34268562596415
1.422999999999954,125.42731475830078,125.66370614359174,1.9858750483679724,208.99304132449655,191.13013334975602
1.423999999999954,125.4203872680664,125.66370614359174,1.9583704384036187,224.90815114956575,194.34683287716874
1.4249999999999539,125.41790008544922,125.66370614359174,1.953045846986671,235.03156376848713,205.4959786208996
1.4259999999999537,125.41340637207031,125.66370614359174,1.944984832807635,225.64003436482332,200.42637910399907
1.4269999999999536,125.40885925292969,125.66370614359174,1.9302597103011314,230.09197958180394,200.30268302255826
1.4279999999999535,125.40690612792969,125.66370614359174,1.9240393609324398,250.7528467084123,206.8076062014373
1.4289999999999534,125.41033172607422,125.66370614359174,1.941958053660615,263.1509686738451,220.30933496712132
1.4299999999999533,125.4123764038086,125.66370614359174,1.9556784257979245,255.24423686093587,216.83916067256098
1.4309999999999532,125.41445922851562,125.66370614359174,1.9614164047875116,258.7368872274884,216.93133852403656
1.431999999999953,125.41868591308594,125.66370614359174,1.9725469728565086,276.1611969273254,222.31549971233173
1.432999999999953,125.42736053466797,125.66370614359174,2.002713743916571,283.305626087693,233.51268794565357
1.4339999999999529,125.43346405029297,125.66370614359174,2.0241787597640233,269.0144395403607,227.05276531646896
1.4349999999999528,125.43800354003906,125.66370614359174,2.031931529011479,264.49814571748936,223.1452927247448
1.4359999999999526,125.44281768798828,125.66370614359174,2.0383246051984245,272.9441857565139,223.84773371587792
1.4369999999999525,125.45011138916016,125.66370614359174,2.0566173172070767,273.78725710159864,230.07380548511742
1.4379999999999524,125.45299530029297,125.66370614359174,2.066073127564632,251.11477477246544,219.03315531560457
1.4389999999999523,125.45257568359375,125.66370614359174,2.056825324877532,238.71136371125638,210.7367187366666
1.4399999999999522,125.45091247558594,125.66370614359174,2.0415198223763484,240.45573446505077,207.60223452926923
1.440999999999952,125.45055389404297,125.66370614359174,2.0346246864616586,257.80726002920113,210.88724842833201
1.441999999999952,125.4541015625,125.66370614359174,2.0503128547894374,255.47479611909134,220.69162635327356
1.4429999999999519,125.45450592041016,125.66370614359174,2.0458077209939107,242.93282127523412,212.7958597596349
1.4439999999999518,125.4535903930664,125.66370614359174,2.0341706483893844,243.7155901836149,209.49722074805769
1.4449999999999517,125.45380401611328,125.66370614359174,2.0295593878125873,259.66050286417885,212.3245563577525
1.4459999999999515,125.45767211914062,125.66370614359174,2.0459766801284056,257.33442829137215,221.4967025644797
1.4469999999999514,125.45816802978516,125.66370614359174,2.0432734754289616,243.19081065983497,213.0401758033217
1.4479999999999513,125.45701599121094,125.66370614359174,2.0316904579995523,241.92505620903677,208.90796806445843
1.4489999999999512,125.45660400390625,125.66370614359174,2.025198880865835,255.66329143934186,210.75822096246446
1.449999999999951,125.45945739746094,125.66370614359174,2.0379307179425723,253.43923464529004,218.96184948152373
1.450999999999951,125.45867919921875,125.66370614359174,2.033504508399456,237.65762283333981,209.83619039902842
1.4519999999999509,125.45596313476562,125.66370614359174,2.018688786534212,234.68770068194993,204.982800086446
1.4529999999999508,125.45372772216797,125.66370614359174,2.0075500351798863,246.92716456140283,206.1812333546924
1.4539999999999507,125.45458221435547,125.66370614359174,2.014679772872048,246.21966992113948,213.9333717940206
1.4549999999999506,125.45181274414062,125.66370614359174,2.007847838297788,230.12403131766413,204.83762993136332
1.4559999999999504,125.44715118408203,125.66370614359174,1.9900581495063077,226.94397307927358,200.07955464794168
1.4569999999999503,125.44306182861328,125.66370614359174,1.9756268365617653,239.2498233435318,201.50431923292285
1.4579999999999502,125.44223022460938,125.66370614359174,1.979666852709162,241.39058483881075,209.68558973669295
1.4589999999999501,125.43812561035156,125.66370614359174,1.973357467466058,226.41829594653478,201.4716842876164
1.45999999999995,125.43246459960938,125.66370614359174,1.9563022202342502,224.24065724045857,197.55101223380353
1.46099999999995,125.42770385742188,125.66370614359174,1.9429370551938032,237.51132472493032,199.78206345546963
1.4619999999999498,125.42652130126953,125.66370614359174,1.9485973656308349,242.41052624888698,208.76947372032896
1.4629999999999497,125.4224853515625,125.66370614359174,1.9466684932575822,228.71052224376305,201.6135735884388
1.4639999999999496,125.41719818115234,125.66370614359174,1.9340301500368675,227.26643377148253,198.46769440850287
1.4649999999999495,125.41300964355469,125.66370614359174,1.9249049051629645,240.82069200104596,201.20429943104676
1.4659999999999493,125.41252136230469,125.66370614359174,1.9344335007459887,247.01827480613474,210.4763877659547
1.4669999999999492,125.4093246459961,125.66370614359174,1.9377884228078928,233.28150357149667,203.69425890946755
1.4679999999999491,125.40486145019531,125.66370614359174,1.9294420147238573,231.05175135847102,200.50071062978986
1.468999999999949,125.40132904052734,125.66370614359174,1.9231971651103417,243.25430530225609,202.83412962719865
1.469999999999949,125.40123748779297,125.66370614359174,1.9338965932508858,249.3255938922584,211.4545979288537
1.4709999999999488,125.39823913574219,125.66370614359174,1.9394162326287068,234.0575461928124,204.1635930120697
1.4719999999999487,125.39363861083984,125.66370614359174,1.9314166206950274,229.75356220097495,200.1389002692031
1.4729999999999486,125.38955688476562,125.66370614359174,1.9234078764776616,239.60989997889368,201.4356556481432
1.4739999999999485,125.38847351074219,125.66370614359174,1.9302352026949683,245.5495320283747,208.96284505784314
1.4749999999999484,125.38420867919922,125.66370614359174,1.933851518589935,228.57007597238533,200.9607526498936
1.4759999999999482,125.3780288696289,125.66370614359174,1.9223364832659113,222.43678357454172,196.14561521619464
1.4769999999999481,125.37206268310547,125.66370614359174,1.909209852903011,230.60664065979338,196.68593089171412
1.477999999999948,125.3688735961914,125.66370614359174,1.9097023405558315,254.1540770949724,203.62108473636033
1.478999999999948,125.37095642089844,125.66370614359174,1.9381519734918986,257.8757789597319,216.8680080277717
1.4799999999999478,125.37152099609375,125.66370614359174,1.9479708429809999,251.9699277260113,213.04498683519108
1.4809999999999477,125.3720932006836,125.66370614359174,1.9538394488276825,257.8535850373851,213.05706138585708
1.4819999999999476,125.37471008300781,125.66370614359174,1.9691080720324332,277.023276437345,218.21849739923127
1.4829999999999475,125.38148498535156,125.66370614359174,2.0062717409377946,274.3828491445362,228.64199628556912
1.4839999999999474,125.3853530883789,125.66370614359174,2.020124406630968,261.28524534474633,221.34903623179468
1.4849999999999473,125.38751220703125,125.66370614359174,2.023881679627229,258.74990476531895,217.08305769106843
1.4859999999999471,125.38983917236328,125.66370614359174,2.0301530883965913,268.96041149222475,217.50964917238798
1.486999999999947,125.3944091796875,125.66370614359174,2.0515346942630406,260.3561899966703,223.13774379482786
1.487999999999947,125.39435577392578,125.66370614359174,2.0502485552823737,239.4752379111508,211.5303121422308
1.4889999999999468,125.39103698730469,125.66370614359174,2.0342859991509092,230.03363126011226,203.3433037295756
1.4899999999999467,125.38661193847656,125.66370614359174,2.016917769132329,234.84696150236442,200.57703331753703
1.4909999999999466,125.38357543945312,125.66370614359174,2.012387340534929,227.91582289492695,204.0420602792786
1.4919999999999465,125.37561798095703,125.66370614359174,1.9920880175352138,206.15637921849935,191.69003607547927
1.4929999999999464,125.36454010009766,125.66370614359174,1.9572036569872673,197.7403249061445,183.84599533239103
1.4939999999999463,125.35295867919922,125.66370614359174,1.9225349291042517,205.60433072006376,182.56194002804685
1.4949999999999461,125.34380340576172,125.66370614359174,1.9045539086575416,207.72149380068186,188.63901296770746
1.495999999999946,125.33126831054688,125.66370614359174,1.8800943367368583,192.8961694382059,180.1396729856371
1.496999999999946,125.31737518310547,125.66370614359174,1.845725348163312,192.2011728528606,176.70740457886967
1.4979999999999458,125.30486297607422,125.66370614359174,1.8175184645338727,208.2156012521878,180.1680213518501
1.4989999999999457,125.29672241210938,125.66370614359174,1.8129439837673351,219.1542868610391,191.0894489591524
1.4999999999999456,125.28717041015625,125.66370614359174,1.806942825144078,212.26392171720374,187.54042268980155
1.5009999999999455,125.27794647216797,125.66370614359174,1.7954314287723232,218.06091517723576,188.35304211946496
1.5019999999999454,125.27143096923828,125.66370614359174,1.7936559336503264,238.79464204504922,195.12922795237336
1.5029999999999453,125.27017211914062,125.66370614359174,1.8171760366386018,250.83844843073825,208.29044640407787
1.5039999999999452,125.2680435180664,125.66370614359174,1.8357395238039391,244.86800529917764,206.1097453312323
1.504999999999945,125.26620483398438,125.66370614359174,1.84664198890653,248.97063393996285,206.81349221912714
1.505999999999945,125.26644897460938,125.66370614359174,1.8629641472214091,265.58639287133457,212.06265078054383
1.5069999999999448,125.27084350585938,125.66370614359174,1.8979445868973541,271.05856289626365,222.44918585091173
1.5079999999999447,125.2729721069336,125.66370614359174,1.9221408620596683,257.6958049161457,216.78376834377113
1.5089999999999446,125.27359771728516,125.66370614359174,1.9319478602130344,252.8709612586706,213.01699162595477
1.5099999999999445,125.27427673339844,125.66370614359174,1.93944961524673,259.7245569607303,213.1603133930275
1.5109999999999444,125.2769775390625,125.66370614359174,1.957684524942031,258.55085456565024,218.2181120298999
1.5119999999999443,125.27548217773438,125.66370614359174,1.9655100520748532,236.42077756751738,207.7071396292752
1.5129999999999442,125.27068328857422,125.66370614359174,1.953766380728921,223.6244337929629,199.4184024265659
1.513999999999944,125.26441192626953,125.66370614359174,1.935031582011958,223.9900535776489,195.72466948298322
1.514999999999944,125.25904083251953,125.66370614359174,1.9238855582785073,239.11732007058413,197.96637646162458
1.5159999999999438,125.25704956054688,125.66370614359174,1.9348496299058777,235.96328109898204,206.42807741556354
1.5169999999999437,125.25212860107422,125.66370614359174,1.9255979723216239,224.23755917873146,199.08825796150234
1.5179999999999436,125.24598693847656,125.66370614359174,1.9093956573707258,225.2343850713059,196.02136623656176
1.5189999999999435,125.2409439086914,125.66370614359174,1.9008173487387388,240.79140797057767,198.75962297100907
1.5199999999999434,125.23944854736328,125.66370614359174,1.9143989571442561,239.30835161915581,207.63599622909643
1.5209999999999433,125.23523712158203,125.66370614359174,1.909426873762871,227.94261400364982,200.8297379889522
1.5219999999999432,125.22989654541016,125.66370614359174,1.896977956672375,228.76215271865348,197.99413084298263
1.522999999999943,125.22563934326172,125.66370614359174,1.8913647259677486,243.7453808918115,200.71073680468777
1.523999999999943,125.22486114501953,125.66370614359174,1.9069432973143812,242.70556304918193,209.39204224037323
1.5249999999999428,125.2213134765625,125.66370614359174,1.9049431609539198,230.54912911876454,202.4804760485032
1.5259999999999427,125.21647644042969,125.66370614359174,1.8941424687962183,230.06556849381263,199.23222606000493
1.5269999999999426,125.21247863769531,125.66370614359174,1.8885930554341188,243.4471852384937,201.3191789674311
1.5279999999999425,125.21165466308594,125.66370614359174,1.902613180200357,242.35269734052596,209.2728737743502
1.5289999999999424,125.20787048339844,125.66370614359174,1.9003973675102186,228.8111151776246,201.85396016860204
1.5299999999999423,125.20252990722656,125.66370614359174,1.8878687211908483,226.69994719966508,197.93474992022269
1.5309999999999422,125.1977310180664,125.66370614359174,1.879036041412032,238.45060636478746,199.29360493682913
1.531999999999942,125.19584655761719,125.66370614359174,1.8884978773205476,238.0143684626847,206.5875955446326
1.532999999999942,125.1908950805664,125.66370614359174,1.8841419354479196,223.67711949996067,198.91133844793163
1.5339999999999419,125.18428039550781,125.66370614359174,1.8685647439823538,220.77684114011757,194.72288709297658
1.5349999999999417,125.17813110351562,125.66370614359174,1.8559480571123401,231.93051736458636,195.87914169951483
1.5359999999999416,125.17488098144531,125.66370614359174,1.8613624613011601,233.36073364257513,203.12714860483123
1.5369999999999415,125.16873931884766,125.66370614359174,1.8561240517998692,219.47207482811422,195.87766312624197
1.5379999999999414,125.16109466552734,125.66370614359174,1.839597008094411,217.0008720203665,192.11049865543688
1.5389999999999413,125.15409851074219,125.66370614359174,1.8261492612245058,228.66377211329873,193.71280831370387
1.5399999999999412,125.15020751953125,125.66370614359174,1.83120053497613,232.447669954677,201.47663178004632
1.540999999999941,125.1437759399414,125.66370614359174,1.8284409069533454,219.70708041617203,195.11577465757503
1.541999999999941,125.13613891601562,125.66370614359174,1.8145967879217413,218.07435372903515,192.07915621603772
1.5429999999999409,125.12937927246094,125.66370614359174,1.8039890867241621,230.3279085517577,194.26025381816348
1.5439999999999408,125.12590789794922,125.66370614359174,1.81201974710743,235.71631824116307,202.48456880128685
1.5449999999999406,125.12016296386719,125.66370614359174,1.813926963990043,223.57970742710373,196.7947049892986
1.5459999999999405,125.11334991455078,125.66370614359174,1.8043249177571075,221.9618554467698,194.1031989129767
1.5469999999999404,125.10743713378906,125.66370614359174,1.7972169362878296,233.74854390590335,196.33219504223757
1.5479999999999403,125.10472869873047,125.66370614359174,1.8077315515198817,239.460484878402,204.37340118741727
1.5489999999999402,125.09974670410156,125.66370614359174,1.8129810858148256,226.65513665145306,198.65863972033543
1.54999999999994,125.09354400634766,125.66370614359174,1.8053841185993713,223.78440421955688,195.59681636878062
1.55099999999994,125.08798217773438,125.66370614359174,1.7986005915147028,233.9239824929349,197.1839421266419
1.5519999999999399,125.08531188964844,125.66370614359174,1.807609016523122,239.3851672846931,204.4223344627265
1.5529999999999398,125.08015441894531,125.66370614359174,1.812607714140882,225.16748219359042,198.1889684195598
1.5539999999999397,125.07349395751953,125.66370614359174,1.8031700350935076,220.5904425980938,194.41381177792795
1.5549999999999395,125.06714630126953,125.66370614359174,1.7928380458206412,228.95393410553785,195.18814628696057
1.5559999999999394,125.06338500976562,125.66370614359174,1.7967927120073253,251.4098266723042,201.63560339120409
1.5569999999999393,125.06451416015625,125.66370614359174,1.8291615892239388,253.74260617665163,213.88463237390073
1.5579999999999392,125.06449127197266,125.66370614359174,1.8408568444925693,249.0897915895799,211.0146812424522
1.558999999999939,125.06458282470703,125.66370614359174,1.8487952348424865,255.00880147977196,211.26960669842927
1.559999999999939,125.06655883789062,125.66370614359174,1.8661884436996945,255.92758351629396,216.0120150645222
1.5609999999999389,125.06497192382812,125.66370614359174,1.8768402931176174,235.25112657616418,207.08996102885553
1.5619999999999388,125.06037902832031,125.66370614359174,1.8666421320620223,222.5538155095048,199.56708906191207
1.5629999999999387,125.05431365966797,125.66370614359174,1.8479101297497533,221.8682261022988,195.86895408310858
1.5639999999999386,125.04891967773438,125.66370614359174,1.8352887969714398,235.18011769352557,197.54157610590485
1.5649999999999384,125.04658508300781,125.66370614359174,1.8437468941298931,233.90002987950268,205.17792245373232
1.5659999999999383,125.04166412353516,125.66370614359174,1.8357525636922827,222.6088684175956,198.70781718385112
1.5669999999999382,125.03558349609375,125.66370614359174,1.8196577640045524,222.9471753642189,195.8028064362169
1.567999999999938,125.03044891357422,125.66370614359174,1.8101075982652024,237.09576068847386,198.15600275842323
1.568999999999938,125.02860260009766,125.66370614359174,1.8220827018682708,237.5982166683951,206.38670180071068
1.569999999999938,125.02448272705078,125.66370614359174,1.819174237651973,227.10261684636376,200.6835650820808
1.5709999999999378,125.0193862915039,125.66370614359174,1.8079287240890107,227.6673437416717,198.23347727273423
1.5719999999999377,125.01530456542969,125.66370614359174,1.8026747817633737,241.56471840986035,200.75170594845474
1.5729999999999376,125.01448059082031,125.66370614359174,1.8180812793729388,242.3562921315816,208.91417029904113
1.5739999999999374,125.01139068603516,125.66370614359174,1.819108401568978,231.2432835220423,203.23063943968396
1.5749999999999373,125.00718688964844,125.66370614359174,1.8104635506972042,230.58471206855486,200.43838026876313
1.5759999999999372,125.00373840332031,125.66370614359174,1.8061042647995746,242.8382933456562,202.32541336087368
1.5769999999999371,125.00323486328125,125.66370614359174,1.820515509597084,243.11165667709747,209.67578656620782
1.577999999999937,125.00021362304688,125.66370614359174,1.8213740475090532,230.40658942762488,203.38423065540013
1.578999999999937,124.9957504272461,125.66370614359174,1.8108198312895578,227.85395011283185,199.77238245313325
1.5799999999999368,124.99166870117188,125.66370614359174,1.8027024651585892,238.14660579954906,200.73161734418977
1.5809999999999367,124.99017333984375,125.66370614359174,1.8117426272771553,238.57150207671026,207.17345921859604
1.5819999999999366,124.98596954345703,125.66370614359174,1.8094501883138578,224.738817288315,200.39895790009533
1.5829999999999365,124.9801254272461,125.66370614359174,1.7946744922350142,221.10643549544017,196.29862266536335
1.5839999999999363,124.97450256347656,125.66370614359174,1.7814666387288522,230.55266889835337,196.84411729885656
1.5849999999999362,124.97136688232422,125.66370614359174,1.785093184691678,232.60779217585895,203.0396240285558
1.5859999999999361,124.96564483642578,125.66370614359174,1.7807155989523529,219.15112382820553,196.5670799660784
1.586999999999936,124.95841979980469,125.66370614359174,1.7639126445528175,215.98787276626814,192.820827780868
1.587999999999936,124.95159912109375,125.66370614359174,1.7490188481147937,226.07445346476413,193.7944860125685
1.5889999999999358,124.94747161865234,125.66370614359174,1.7517657064920629,230.56745016966948,200.52683693287753
1.5899999999999357,124.94115447998047,125.66370614359174,1.7495828500730903,218.5785048695043,195.04975416394439
1.5909999999999356,124.93370819091797,125.66370614359174,1.7355607162235673,216.65779945473435,192.19716493979567
1.5919999999999355,124.92696380615234,125.66370614359174,1.724056206008291,227.7759676137125,193.94509734568612
1.5929999999999354,124.92317962646484,125.66370614359174,1.7308011786988748,234.0137566269695,201.34074296456225
1.5939999999999352,124.91757202148438,125.66370614359174,1.7341937556581215,223.08137214280208,196.77645904278285
1.5949999999999351,124.91106414794922,125.66370614359174,1.7256417761839034,221.61234766088305,194.51442131715348
1.595999999999935,124.90536499023438,125.66370614359174,1.7191395502181495,232.6326094765455,196.5295070285496
1.596999999999935,124.90262603759766,125.66370614359174,1.7300135210468095,239.07357096097635,203.9078573221891
1.5979999999999348,124.89810943603516,125.66370614359174,1.7378456245194769,227.65456156611717,199.4606502058734
1.5989999999999347,124.892578125,125.66370614359174,1.7323748046758631,225.02721093309069,196.92207435295666
1.5999999999999346,124.88761138916016,125.66370614359174,1.7271411470929119,234.37760746174484,198.3207847126936
1.6009999999999345,124.88525390625,125.66370614359174,1.7371656615284872,240.13226734788776,204.8386339203683
1.6019999999999344,124.9158706665039,125.66370614359174,1.7448113003689636,227.06334544421043,199.82635821097318
1.6029999999999343,124.94512939453125,125.66370614359174,1.7372962998307715,222.45444053140875,196.47928335312196
1.6039999999999341,124.97453308105469,125.66370614359174,1.7279114869245595,229.68777222113133,196.89672280374083
1.604999999999934,125.00611114501953,125.66370614359174,1.731866573722465,250.21553461063885,202.39222112452154
1.605999999999934,125.04206085205078,125.66370614359174,1.763519216848851,252.41020662072492,213.388749203679
1.6069999999999338,125.0770492553711,125.66370614359174,1.7758645987466375,247.95536754272203,211.04855856471923
1.6079999999999337,125.1120834350586,125.66370614359174,1.7836922851513661,253.18913853386758,211.21437529978044
1.6089999999999336,125.14875030517578,125.66370614359174,1.8002739068783966,269.8740572384917,215.37827104518172
1.6099999999999335,125.1888656616211,125.66370614359174,1.8381207738160328,266.20508805541243,224.0960930095312
1.6109999999999334,125.22689056396484,125.66370614359174,1.8518535257785103,255.4899881968771,218.94346595477808
1.6119999999999333,125.26353454589844,125.66370614359174,1.8550406392486094,253.39536197363904,215.5441144522415
1.6129999999999332,125.30020141601562,125.66370614359174,1.8602815473489545,262.25223920538605,215.66112250071788
1.613999999999933,125.33863067626953,125.66370614359174,1.880308732546908,253.57428558655545,220.1671707743393
1.614999999999933,125.37345123291016,125.66370614359174,1.8775728552727204,236.05319700577445,211.16984999679698
1.6159999999999328,125.40545654296875,125.66370614359174,1.860160814931214,227.91017385944966,204.18324645362355
1.6169999999999327,125.43627166748047,125.66370614359174,1.8413915876010318,232.00477805682132,201.25026705731614
1.6179999999999326,125.46795654296875,125.66370614359174,1.8357348709071049,225.01723619095657,203.50114885498786
1.6189999999999325,125.49562072753906,125.66370614359174,1.814772481668855,206.64968890249574,193.449513488214
1.6199999999999324,125.52043151855469,125.66370614359174,1.7797011432841539,199.3173500352643,186.33094687593902
1.6209999999999323,125.54439544677734,125.66370614359174,1.7454222310311664,205.96494034136367,184.23814522037466
1.6219999999999322,125.56995391845703,125.66370614359174,1.728671769884253,206.6745432683621,188.2975796172375
1.622999999999932,125.59266662597656,125.66370614359174,1.7057154147641311,194.21166083257904,181.17806145646685
1.623999999999932,125.61392211914062,125.66370614359174,1.673583481602518,193.47574840613427,177.54908918940353
1.6249999999999318,125.63585662841797,125.66370614359174,1.648403282848025,207.07630295233585,179.30222721976745
1.6259999999999317,125.66098022460938,125.66370614359174,1.647719977311679,214.8466305866253,187.34928046716882
1.6269999999999316,125.6849136352539,125.66370614359174,1.6447227625320746,209.1052558498976,184.3906261074906
1.6279999999999315,125.70883178710938,125.66370614359174,1.636592496792921,213.8447880596937,184.41480448555984
1.6289999999999314,125.73460388183594,125.66370614359174,1.6384118070408777,231.36399753917954,189.0904430929192
1.6299999999999313,125.76435089111328,125.66370614359174,1.6655072211664215,239.50000131695006,199.16599205303547
1.6309999999999312,125.79342651367188,125.66370614359174,1.6856655238700293,234.32581981256013,197.50724017379702
1.631999999999931,125.82251739501953,125.66370614359174,1.697920980536319,237.3761756494634,197.60688321125917
1.632999999999931,125.85298919677734,125.66370614359174,1.715148745799302,251.10064007658852,201.1443786692868
1.6339999999999308,125.88655090332031,125.66370614359174,1.7504212994133244,253.47510721408221,208.97301323058588
1.6349999999999307,125.91827392578125,125.66370614359174,1.7734184825581154,241.64574025013613,204.3900832760211
1.6359999999999306,125.9485092163086,125.66370614359174,1.7817663646970898,236.7438410686784,200.70884977665955
1.6369999999999305,125.9783935546875,125.66370614359174,1.7874179611190022,241.8229238826242,199.8822444218843
1.6379999999999304,126.00952911376953,125.66370614359174,1.8034064366992526,239.01912937065964,203.09098420345674
1.6389999999999303,126.03711700439453,125.66370614359174,1.8089014009033086,219.44105326542393,194.2022298751299
1.6399999999999302,126.06163787841797,125.66370614359174,1.7949031714009651,207.53754136500478,186.49067157909332
1.64099999999993,126.08443450927734,125.66370614359174,1.7738800478295986,206.95557480067131,182.20904987141463
1.64199999999993,126.10746765136719,125.66370614359174,1.760492191949044,219.45807584278867,182.81356640444176
1.6429999999999298,126.13288116455078,125.66370614359174,1.7695514620595099,215.4031889752478,188.88147096567224
1.6439999999999297,126.15568542480469,125.66370614359174,1.7594119496768676,205.1202231344105,182.33404118669313
1.6449999999999296,126.17716217041016,125.66370614359174,1.7428508406083785,205.79840256068806,179.01312536992356
1.6459999999999295,126.19920349121094,125.66370614359174,1.7344907959552531,219.323178595123,180.4674520864375
1.6469999999999294,126.22390747070312,125.66370614359174,1.7490199397452562,217.1781469717479,187.25516085239434
1.6479999999999293,126.24629211425781,125.66370614359174,1.7458886000196148,207.51952428255444,181.4207417736339
1.6489999999999292,126.26750946044922,125.66370614359174,1.7358228116616528,208.17387207424707,178.4964985724504
1.649999999999929,126.28931427001953,125.66370614359174,1.7329467830086978,221.11818559765092,180.03114015730029
1.650999999999929,126.31371307373047,125.66370614359174,1.7514718547336279,218.99763057474686,186.6121353482408
1.6519999999999289,126.33566284179688,125.66370614359174,1.752769785231225,208.07398286851145,180.47107080967362
1.6529999999999287,126.35619354248047,125.66370614359174,1.7451473821632937,206.84616442511302,176.90266219301512
1.6539999999999286,126.376953125,125.66370614359174,1.742248769484201,217.50950192502444,177.52549599253868
1.6549999999999285,126.39987182617188,125.66370614359174,1.758107996248352,214.74367508521377,183.02370652686028
1.6559999999999284,126.41995239257812,125.66370614359174,1.758113246547859,201.52561121937882,175.87327971607465
1.6569999999999283,126.43816375732422,125.66370614359174,1.7468951351705369,197.82618217087736,171.1894715202611
1.6579999999999282,126.4561767578125,125.66370614359174,1.7380154170450408,206.11119377339534,170.69434170857224
1.658999999999928,126.47594451904297,125.66370614359174,1.7459131996766426,203.96827015724642,175.18473904092514
1.659999999999928,126.49262237548828,125.66370614359174,1.7414063895089327,189.3636278189778,167.37641058141583
1.6609999999999279,126.50724029541016,125.66370614359174,1.7244257051900411,184.52061874771152,162.18946464105358
1.6619999999999278,126.52153778076172,125.66370614359174,1.7088352017021657,192.09676705265224,161.409280499742
1.6629999999999276,126.53759765625,125.66370614359174,1.709833319699305,192.57915720685403,165.89025898934673
1.6639999999999275,126.55074310302734,125.66370614359174,1.7031948588319807,178.61272227974908,158.5264893035441
1.6649999999999274,126.56207275390625,125.66370614359174,1.6843039840329452,174.62417457388136,153.96538626361922
1.6659999999999273,126.57341003417969,125.66370614359174,1.6673835231856196,183.325691199885,153.97820071419028
1.6669999999999272,126.58687591552734,125.66370614359174,1.6682103790328453,187.20779569176366,159.4024584307748
1.667999999999927,126.59791564941406,125.66370614359174,1.6655314870681726,175.04665644443347,153.25580910337845
1.668999999999927,126.60759735107422,125.66370614359174,1.6513415797350075,172.6086326707003,149.8491143354949
1.6699999999999269,126.61769104003906,125.66370614359174,1.639818524231683,182.59971569495772,150.90087952472976
1.6709999999999268,126.6302719116211,125.66370614359174,1.6466415385396105,188.65216957646686,157.21243583130126
1.6719999999999267,126.64075469970703,125.66370614359174,1.6519475711530978,177.40945570325118,151.93598857704714
1.6729999999999265,126.65010833740234,125.66370614359174,1.6453472146140902,175.16787689632815,149.0598139562398
1.6739999999999264,126.6599349975586,125.66370614359174,1.6404506576396778,184.7065290098802,150.28971401563194
1.6749999999999263,126.67218780517578,125.66370614359174,1.6523300030896912,190.90075201137975,156.4475682511561
1.6759999999999262,126.68224334716797,125.66370614359174,1.6632420119947873,178.45041661261138,150.89182970993122
1.676999999999926,126.69090270996094,125.66370614359174,1.6601660714317148,174.27871209414343,147.3664520313622
1.677999999999926,126.69966888427734,125.66370614359174,1.6560779924430986,181.38315621942613,147.64481555007475
1.6789999999999259,126.71039581298828,125.66370614359174,1.6656595884958514,200.86123450982467,152.64705364636046
1.6799999999999258,126.7249755859375,125.66370614359174,1.7026618111879954,202.2867075869215,162.41452473922678
1.6809999999999257,126.73807525634766,125.66370614359174,1.7205726388591678,196.24693716324546,158.6757714650244
1.6819999999999256,126.75066375732422,125.66370614359174,1.7330559418777085,199.22818638962877,157.42391890581564
1.6829999999999254,126.76420593261719,125.66370614359174,1.75268397471144,212.79314988571156,159.83831079697003
1.6839999999999253,126.78023529052734,125.66370614359174,1.791490647154071,207.32854362215545,166.16676812787807
1.6849999999999252,126.793212890625,125.66370614359174,1.8072164438049851,193.22858634525264,158.46210783271925
1.6859999999999251,126.80396270751953,125.66370614359174,1.8104251448049777,187.49776310901973,152.81349485684223
1.686999999999925,126.81388092041016,125.66370614359174,1.8131843139536192,192.38851904496062,150.73084001740054
1.687999999999925,126.8246078491211,125.66370614359174,1.8281227598819088,183.11636182807726,152.8082612846415
1.6889999999999248,126.83087158203125,125.66370614359174,1.8237159927232205,162.36480658626292,141.4685079071347
1.6899999999999247,126.83375549316406,125.66370614359174,1.802537049516752,151.33452980894705,132.9092991121178
1.6909999999999246,126.83504486083984,125.66370614359174,1.7775602037121399,152.79462801447423,128.88122948460995
1.6919999999999245,126.83684539794922,125.66370614359174,1.7635004307038793,148.16575492504006,130.1617238686307
1.6929999999999243,126.8343734741211,125.66370614359174,1.740045308488633,128.57496715172007,119.31939666757535
1.6939999999999242,126.82916259765625,125.66370614359174,1.700957880747502,120.59830749656899,112.37673337337621
1.6949999999999241,126.82341766357422,125.66370614359174,1.6610378438984144,126.97064789965069,111.0183910719407
1.695999999999924,126.81959533691406,125.66370614359174,1.6376355746029376,132.48641829335892,115.89055337389489
1.696999999999924,126.813232421875,125.66370614359174,1.6155459548436224,120.72954248921026,109.4391892947132
1.6979999999999238,126.80599212646484,125.66370614359174,1.58373442052595,120.94063519864446,107.20163118987541
1.6989999999999237,126.80008697509766,125.66370614359174,1.5583250785972862,135.42760393308473,110.57897166886728
1.6999999999999236,126.7978744506836,125.66370614359174,1.5574083602824915,148.08984596194594,119.93734187104259
1.7009999999999235,126.79472351074219,125.66370614359174,1.5613075426782526,142.96561597689265,117.56820800454557
1.7019999999999234,126.79193878173828,125.66370614359174,1.559500659679259,147.98956661775028,118.49514413231717
1.7029999999999232,126.79130554199219,125.66370614359174,1.5665899250494768,165.21004216029155,123.93145917617355
1.7039999999999231,126.79469299316406,125.66370614359174,1.5977492870032441,176.34298427275868,134.13671193041367
1.704999999999923,126.79703521728516,125.66370614359174,1.6273475333146015,169.64875101814687,131.49915153760034
1.705999999999923,126.79910278320312,125.66370614359174,1.64695042858308,170.6174204817757,130.8098837364694
1.7069999999999228,126.80220794677734,125.66370614359174,1.6686531040228672,181.621751828897,133.4161529320736
1.7079999999999227,126.80781555175781,125.66370614359174,1.7052212587705924,185.39728710505793,139.8027064784824
1.7089999999999226,126.81065368652344,125.66370614359174,1.7349150951581542,169.85470083597164,132.75412226844227
1.7099999999999225,126.81127166748047,125.66370614359174,1.7467390071098507,161.05643180261032,127.13908787630832
1.7109999999999224,126.8109130859375,125.66370614359174,1.7519054572069162,162.13372602722373,124.67221362473164
1.7119999999999223,126.81117248535156,125.66370614359174,1.7633041656229471,174.4053708726587,126.22753524619499
1.7129999999999221,126.81364440917969,125.66370614359174,1.793589455733296,168.63872723775836,131.842571353847
1.713999999999922,126.81278228759766,125.66370614359174,1.8021741211630449,153.89544853405042,123.38635512435978
1.714999999999922,126.80973052978516,125.66370614359174,1.7988146969731107,148.71663472846004,117.8320456651619
1.7159999999999218,126.80613708496094,125.66370614359174,1.7961716622582562,155.0855364505433,116.44636916631659
1.7169999999999217,126.80375671386719,125.66370614359174,1.8075545457050624,148.05272288452895,119.51813813531894
1.7179999999999216,126.79727172851562,125.66370614359174,1.8013498141572752,129.39935786368034,109.1174316393374
1.7189999999999215,126.7880859375,125.66370614359174,1.78034337224007,121.41606803347013,102.24822405483783
1.7199999999999214,126.77813720703125,125.66370614359174,1.7580098555421446,126.43609260615845,100.31785374056474
1.7209999999999213,126.76953887939453,125.66370614359174,1.7493932735764914,124.34264148033965,103.70983716391804
1.7219999999999211,126.75730895996094,125.66370614359174,1.7314689221930233,107.6174043838517,94.51674323400978
1.722999999999921,126.74313354492188,125.66370614359174,1.7000093912463747,102.73611990547273,89.5444589115086
1.723999999999921,126.72917938232422,125.66370614359174,1.6698314695879168,111.98612108102311,90.12342881579902
1.7249999999999208,126.71776580810547,125.66370614359174,1.6577927042872886,117.78935280770482,96.52411248259182
1.7259999999999207,126.70405578613281,125.66370614359174,1.6443361476128289,106.84321733126022,90.70706656119243
1.7269999999999206,126.68971252441406,125.66370614359174,1.621409223974373,107.62224935684362,89.09094343551854
1.7279999999999205,126.67684936523438,125.66370614359174,1.6044201975479995,122.15795429876465,92.82499180169944
1.7289999999999204,126.66761779785156,125.66370614359174,1.6102956869122733,132.53759685246868,102.01705582463902
1.7299999999999203,126.65702056884766,125.66370614359174,1.6167681638805593,125.30141763196404,98.53483365481817
1.7309999999999202,126.6463851928711,125.66370614359174,1.615501384150142,128.2423127437172,98.43950642141094
1.73199999999992,126.63748168945312,125.66370614359174,1.6206115722101495,143.33096644397173,102.81756014470677
1.73299999999992,126.63211822509766,125.66370614359174,1.646974718869968,151.85439528240698,111.7792464374807
1.7339999999999198,126.62499237060547,125.66370614359174,1.6699848549734073,142.1607279087373,107.31089944921985
1.7349999999999197,126.6170883178711,125.66370614359174,1.6814413801515706,140.94466265479548,105.3280548625574
1.7359999999999196,126.60987854003906,125.66370614359174,1.6937778919246598,150.53864897322174,107.084683986871
1.7369999999999195,126.60498046875,125.66370614359174,1.7204007897969973,153.98149048364755,112.91642740234765
1.7379999999999194,126.59700012207031,125.66370614359174,1.7413108294956188,137.56828712114074,105.1198890275538
1.7389999999999193,126.58686065673828,125.66370614359174,1.7448347483626931,129.25950199190845,99.63836463824545
1.7399999999999192,126.57608795166016,125.66370614359174,1.742865621101063,131.98640212332222,98.00977644159548
1.740999999999919,126.56643676757812,125.66370614359174,1.7491123929827075,146.74471162117692,100.85638011287833
1.741999999999919,126.55958557128906,125.66370614359174,1.7769918556072142,143.60333862192894,107.93123331283255
1.7429999999999188,126.54995727539062,125.66370614359174,1.7847034441673597,131.73908727084378,100.90320306441804
1.7439999999999187,126.53890228271484,125.66370614359174,1.783094673906348,130.1593229034407,97.26410192220652
1.7449999999999186,126.52812194824219,125.66370614359174,1.7852505010798996,140.39942670113723,97.97088857779508
1.7459999999999185,126.51933288574219,125.66370614359174,1.8045200761007087,135.21170150506185,102.97964395454403
1.7469999999999184,126.50702667236328,125.66370614359174,1.8050944230808619,119.3715177175362,94.08488979867647
1.7479999999999183,126.49264526367188,125.66370614359174,1.792979621208537,114.20641137222046,88.81649887894892
1.7489999999999182,126.47806549072266,125.66370614359174,1.7814986929626386,121.64010429875441,88.30059900893802
1.749999999999918,126.4652099609375,125.66370614359174,1.7849933554412605,118.39532564222466,92.6403131702128
1.750999999999918,126.44880676269531,125.66370614359174,1.7751314194602168,101.93384607513644,83.67488015366648
1.7519999999999178,126.43050384521484,125.66370614359174,1.7518464489787615,97.03582661424092,78.84262432571462
1.7529999999999177,126.41239166259766,125.66370614359174,1.7293194384787065,105.76972843338095,79.3027308488289
1.7539999999999176,126.39659881591797,125.66370614359174,1.7233281410681385,108.10176961689353,85.16006219557784
1.7549999999999175,126.37804412841797,125.66370614359174,1.7108057760295152,94.84367035697834,78.1751577135955
1.7559999999999174,126.35845184326172,125.66370614359174,1.6868983898563839,93.4932572353179,75.52549219383431
1.7569999999999173,126.33995819091797,125.66370614359174,1.666552730670792,106.02774816730586,78.28359491166198
1.7579999999999172,126.32470703125,125.66370614359174,1.666320904924542,113.56820103654502,86.46467739621104
1.758999999999917,126.30757904052734,125.66370614359174,1.663894418542839,104.02185816772096,81.72388556273778
1.759999999999917,126.29014587402344,125.66370614359174,1.6523108259948243,105.62746209809124,80.91917254576683
1.7609999999999169,126.27435302734375,125.66370614359174,1.6462049441250584,120.27863288991989,85.05458767736482
1.7619999999999167,126.26215362548828,125.66370614359174,1.6613156644182336,128.91694978015033,94.11346484327953
1.7629999999999166,126.24822998046875,125.66370614359174,1.6737488090021049,119.63268307503296,89.76231056629189
1.7639999999999165,126.23387145996094,125.66370614359174,1.6759868069451396,120.15263406556004,88.63532085404813
1.7649999999999164,126.22077178955078,125.66370614359174,1.6814308774877273,132.54100562763642,91.81116080824663
1.7659999999999163,126.21068572998047,125.66370614359174,1.7044261368020903,138.4106325855255,99.39728994404095
1.7669999999999162,126.19815826416016,125.66370614359174,1.7225280969482952,125.26542325158383,93.23785061511684
1.767999999999916,126.18431091308594,125.66370614359174,1.7263891200016803,121.09672819806092,89.88444116434235
1.768999999999916,126.17076110839844,125.66370614359174,1.7285475324025517,128.39635518333438,90.62099493833598
1.7699999999999159,126.15925598144531,125.66370614359174,1.7429611034574382,147.66467782009033,95.78331393465582
1.7709999999999158,126.15135192871094,125.66370614359174,1.7825755587026895,145.55893542753753,104.84239341687548
1.7719999999999156,126.14124298095703,125.66370614359174,1.7990260841873353,136.67108527311265,99.29482523439084
1.7729999999999155,126.13021850585938,125.66370614359174,1.8083993991953946,137.71571273103694,96.94506484965031
1.7739999999999154,126.11982727050781,125.66370614359174,1.8232569683272593,149.8376363354463,98.54498935388422
1.7749999999999153,126.1115493774414,125.66370614359174,1.8557728887015221,141.56159454847455,103.86745134032053
1.7759999999999152,126.09960174560547,125.66370614359174,1.8634763503395044,125.2159530543785,94.60488340377181
1.776999999999915,126.08533477783203,125.66370614359174,1.8582195198697702,119.12015204124792,88.73919776380525
1.777999999999915,126.07051086425781,125.66370614359174,1.8526483567571241,125.04500232419781,87.32662259571973
1.7789999999999149,126.05691528320312,125.66370614359174,1.860077499211175,116.42648034769937,90.4159113461257
1.7799999999999148,126.03912353515625,125.66370614359174,1.8479271641092039,97.03210346703159,79.80545285796745
1.7809999999999147,126.01883697509766,125.66370614359174,1.8206069990850908,89.53709642744198,73.50135663755732
1.7819999999999145,125.99821472167969,125.66370614359174,1.7920273168579872,95.99375137769854,72.66526558082518
1.7829999999999144,125.97948455810547,125.66370614359174,1.7777403727722074,94.72224651869533,77.38816615581128
1.7839999999999143,125.95755767822266,125.66370614359174,1.7533433557982703,79.64589265936786,69.34358530824026
1.7849999999999142,125.9344253540039,125.66370614359174,1.7167212467937984,77.698017055978,66.26656391426894
1.785999999999914,125.91244506835938,125.66370614359174,1.6835115948518462,90.73591489253496,69.17651522618826
1.786999999999914,125.89398193359375,125.66370614359174,1.6712689876110052,98.72347960985249,77.9912528006588
1.7879999999999139,125.87398529052734,125.66370614359174,1.6567063142117033,91.08218741864214,74.13495610260122
1.7889999999999138,125.85430145263672,125.66370614359174,1.6355095306607368,95.95376205314747,74.90268362220485
1.7899999999999137,125.83709716796875,125.66370614359174,1.62364766240532,114.86186550045264,81.12205244149297
1.7909999999999136,125.8244400024414,125.66370614359174,1.6379641369973585,126.18835248073731,92.55826028477398
1.7919999999999134,125.81097412109375,125.66370614359174,1.6494403829553863,121.55809365480084,90.51609652301278
1.7929999999999133,125.79808807373047,125.66370614359174,1.6553298210099134,127.32325008826078,91.95862503340075
1.7939999999999132,125.7874984741211,125.66370614359174,1.669553754623836,145.0267987684162,97.72561084925894
1.794999999999913,125.78086853027344,125.66370614359174,1.7060992063223392,151.636225633035,107.67447693887415
1.795999999999913,125.77249145507812,125.66370614359174,1.7331543949362407,142.14161409181492,103.27484634051143
1.796999999999913,125.76338195800781,125.66370614359174,1.7489350091390954,141.26875200911593,101.42383764800341
1.7979999999999128,125.75499725341797,125.66370614359174,1.7656008825167722,151.09361470162625,103.23873194095583
1.7989999999999127,125.74887084960938,125.66370614359174,1.7959110040137491,150.72036882738186,108.90668653962891
1.7999999999999126,125.73930358886719,125.66370614359174,1.8141988171648857,132.74750043225532,100.24904654407692
1.8009999999999124,125.72734832763672,125.66370614359174,1.81463463952078,123.54369042039104,94.24229326256204
1.8019999999999123,125.71465301513672,125.66370614359174,1.8092313441573318,125.8861951892953,92.34858662953475
1.8029999999999122,125.70304107666016,125.66370614359174,1.811657676969479,124.38765180332699,95.0806415817224
1.8039999999999121,125.68724060058594,125.66370614359174,1.8074882007054087,102.40075702898808,84.53533560942907
1.804999999999912,125.668701171875,125.66370614359174,1.7827970151905177,90.97897710602085,77.61758827233483
1.805999999999912,125.64948272705078,125.66370614359174,1.7507411357083418,93.23596875199489,75.92567461350068
1.8069999999999118,125.63191986083984,125.66370614359174,1.7272421591962037,110.11776078302458,80.04414377271998
1.8079999999999117,125.6181640625,125.66370614359174,1.7288100320217805,113.22614162407476,89.6082773021102
1.8089999999999116,125.60295867919922,125.66370614359174,1.7171708342757883,107.42076867566426,85.94563440093326
1.8099999999999115,125.58811950683594,125.66370614359174,1.702099570750234,114.21834094216652,86.86103093220775
1.8109999999999113,125.57572174072266,125.66370614359174,1.6991054355401192,134.5365782509771,92.98496811044417
1.8119999999999112,125.56767272949219,125.66370614359174,1.7233882812337808,138.77992491724004,103.88953213961871
1.8129999999999111,125.55839538574219,125.66370614359174,1.7325327213401631,133.6076310525806,100.79559192085993
1.813999999999911,125.54932403564453,125.66370614359174,1.7373321157689667,139.24701123265288,101.31958400147784
1.814999999999911,125.54219818115234,125.66370614359174,1.7514864845795537,156.7839607571433,106.18066096386626
1.8159999999999108,125.53862762451172,125.66370614359174,1.788135873172128,156.10777491449062,115.10041076597885
1.8169999999999107,125.53279876708984,125.66370614359174,1.804871677048415,145.60895335205646,109.42728345627329
1.8179999999999106,125.52591705322266,125.66370614359174,1.8118859700530312,144.83613584006596,106.78937754228782
1.8189999999999105,125.51959991455078,125.66370614359174,1.821805558096536,155.4123131607132,108.18164387937303
1.8199999999999104,125.51544952392578,125.66370614359174,1.8473969281243052,149.733352474427,113.62780323091928
1.8209999999999102,125.50775146484375,125.66370614359174,1.8528163261409811,132.71536245014198,104.71167403137292
1.8219999999999101,125.4978256225586,125.66370614359174,1.8435977793503193,125.98279218767416,99.12751632672514
1.82299999999991,125.48751831054688,125.66370614359174,1.8326713273331998,131.71190254519877,98.1402170647428
1.82399999999991,125.478759765625,125.66370614359174,1.8340912261931763,127.11022252884455,102.01310148841222
1.8249999999999098,125.46619415283203,125.66370614359174,1.821300312283497,108.56929985146238,92.45875363847375
1.8259999999999097,125.45148468017578,125.66370614359174,1.7928747231476998,101.85340993710187,87.05860451087354
1.8269999999999096,125.43680572509766,125.66370614359174,1.7630567933162922,109.31966888111059,87.14333245270049
1.8279999999999095,125.42446899414062,125.66370614359174,1.748039224740182,112.11321846897661,92.9897885399052
1.8289999999999094,125.4094467163086,125.66370614359174,1.7277255199270691,98.54904181654454,86.2395005400151
1.8299999999999093,125.39356994628906,125.66370614359174,1.695420872395857,97.64681550528876,84.0909107936658
1.8309999999999091,125.37915802001953,125.66370614359174,1.6668200799104598,111.53434015156392,87.73194308115669
1.831999999999909,125.3685531616211,125.66370614359174,1.6595727837276582,121.99050808816172,97.2824067922572
1.832999999999909,125.35673522949219,125.66370614359174,1.652876774487845,114.99972455517094,94.2399310865693
1.8339999999999088,125.34535217285156,125.66370614359174,1.6389537637789442,119.73633961698113,95.3009724185688
1.8349999999999087,125.33644104003906,125.66370614359174,1.6332612145864431,138.05814916143083,101.50411155496417
1.8359999999999086,125.33206939697266,125.66370614359174,1.6521487984330496,149.98606762979088,112.86895365914297
1.8369999999999085,125.32691192626953,125.66370614359174,1.6693031172171844,144.455364702328,110.9031879807769
1.8379999999999084,125.32217407226562,125.66370614359174,1.678648021105345,148.58721514993397,111.93427398211387
1.8389999999999083,125.3194808959961,125.66370614359174,1.6936162368652776,164.35508242765516,117.05908583264585
1.8399999999999082,125.32052612304688,125.66370614359174,1.728056704733912,171.10081226880237,126.43311308387347
1.840999999999908,125.31973266601562,125.66370614359174,1.7548346788421096,160.01155448463072,121.83422524570078
1.841999999999908,125.31800079345703,125.66370614359174,1.7679198683688735,157.17779094075706,119.46304329562156
1.8429999999999078,125.31675720214844,125.66370614359174,1.7794204010456187,165.1341583036896,120.69979832343121
1.8439999999999077,125.31764221191406,125.66370614359174,1.8024848670654532,166.14399049641082,126.02689313726069
1.8449999999999076,125.31517791748047,125.66370614359174,1.8171690540438572,147.49136436275984,117.63194341555435
1.8459999999999075,125.31034088134766,125.66370614359174,1.8126311953458047,137.55212816295864,111.68419453397738
1.8469999999999074,125.3047866821289,125.66370614359174,1.8011122295026138,139.48412676478307,109.86739240137716
1.8479999999999073,125.30045318603516,125.66370614359174,1.7969032799759361,154.43177632368665,112.94546236306469
1.8489999999999072,125.29926300048828,125.66370614359174,1.8142808505707388,151.8543972228902,120.79791461968544
1.849999999999907,125.29568481445312,125.66370614359174,1.81194622796449,141.31135833669475,114.82251047565218
1.850999999999907,125.29125213623047,125.66370614359174,1.8015078248929512,142.21572539692295,112.66391746630225
1.8519999999999068,125.28787994384766,125.66370614359174,1.7970945329653363,156.04219115669974,115.32500461926188
1.8529999999999067,125.28748321533203,125.66370614359174,1.8130185333489346,153.8772546622328,122.78719191943401
1.8539999999999066,125.28457641601562,125.66370614359174,1.8108206595102334,142.34720441144248,116.49324912361111
1.8549999999999065,125.28065490722656,125.66370614359174,1.7993076511720036,142.133974933325,113.93438501935216
1.8559999999999064,125.27763366699219,125.66370614359174,1.7925794279953358,154.9202178742663,116.20826697286753
1.8569999999999063,125.2774887084961,125.66370614359174,1.805195813910521,153.71717114292338,123.39562606970844
1.8579999999999062,125.27478790283203,125.66370614359174,1.8020222868449591,141.631671645756,116.99950053299301
1.858999999999906,125.27102661132812,125.66370614359174,1.7887297247258225,140.85490359766916,114.32335025906681
1.859999999999906,125.26815032958984,125.66370614359174,1.7795269336743633,153.24298351288684,116.5402666805174
1.8609999999999058,125.2681655883789,125.66370614359174,1.789335859299683,153.72812537388282,123.80847473350003
1.8619999999999057,125.2657470703125,125.66370614359174,1.7861538084778419,141.80701921757316,117.69195918847622
1.8629999999999056,125.26235961914062,125.66370614359174,1.7725811987993405,141.13964145728067,115.25833539921273
1.8639999999999055,125.25996398925781,125.66370614359174,1.762929036785211,153.70809027134905,117.73062211145148
1.8649999999999054,125.26058959960938,125.66370614359174,1.772379016286078,156.06252238562124,125.32282978738893
1.8659999999999053,125.25896453857422,125.66370614359174,1.7713876044985344,144.61601898647217,119.6683112838431
1.8669999999999052,125.25650024414062,125.66370614359174,1.7598661691363973,144.18287098880285,117.5622268552855
1.867999999999905,125.25511932373047,125.66370614359174,1.7520619807190376,156.85625902883575,120.26944016077857
1.868999999999905,125.25684356689453,125.66370614359174,1.763168943015951,160.5217205372393,128.0593949497946
1.8699999999999048,125.25640869140625,125.66370614359174,1.7656544778233878,149.12870520346772,122.6660890854825
1.8709999999999047,125.25515747070312,125.66370614359174,1.757031723866298,148.35546211263352,120.60304785585673
1.8719999999999046,125.25494384765625,125.66370614359174,1.751308082727552,160.43916931886488,123.19351561038023
1.8729999999999045,125.25775909423828,125.66370614359174,1.7635341305811276,164.65532326573611,130.78426771309287
1.8739999999999044,125.25836181640625,125.66370614359174,1.7685139340781797,152.55655557492182,125.25647860369877
1.8749999999999043,125.25800323486328,125.66370614359174,1.7612206612612968,150.7095403496205,122.85058192688882
1.8759999999999042,125.25849914550781,125.66370614359174,1.7554092044137626,161.54429405084375,124.97235694906706
1.876999999999904,125.2618179321289,125.66370614359174,1.7660774480286274,166.09871466563987,132.06877330842556
1.877999999999904,125.26280212402344,125.66370614359174,1.7712292680098327,152.94589346765386,126.20632881737302
1.8789999999999039,125.26264190673828,125.66370614359174,1.762799525387963,149.85642627054244,123.3517514678549
1.8799999999999037,125.26314544677734,125.66370614359174,1.7544394111832229,159.46843668922725,124.99965058063071
1.8809999999999036,125.26631927490234,125.66370614359174,1.7613261463938477,164.9196564577945,131.69767645136955
1.8819999999999035,125.26709747314453,125.66370614359174,1.765273473897306,151.14963031106387,125.71035402129951
1.8829999999999034,125.26667785644531,125.66370614359174,1.7547697722333175,147.40879326754987,122.70268000324054
1.8839999999999033,125.26687622070312,125.66370614359174,1.743519486932832,156.50653785089693,124.23753770083071
1.8849999999999032,125.26974487304688,125.66370614359174,1.7470274644288974,179.16090429236644,130.93893881910773
1.885999999999903,125.27722930908203,125.66370614359174,1.779826669582419,182.13486023584412,142.52671429957672
1.886999999999903,125.28377532958984,125.66370614359174,1.7936408851071268,178.58476815374655,140.1710378610448
1.8879999999999029,125.29066467285156,125.66370614359174,1.8045300871589323,185.56372984912525,141.04621095149406
1.8889999999999028,125.2995376586914,125.66370614359174,1.8257539682028263,187.65377284279623,146.0179187050763
1.8899999999999026,125.30514526367188,125.66370614359174,1.8413829750262103,168.50130696783594,137.84007669867145
1.8909999999999025,125.30828094482422,125.66370614359174,1.8367480999786963,157.6084582271276,131.66015473390914
1.8919999999999024,125.31049346923828,125.66370614359174,1.8239787049124094,158.4701641086836,129.35491703673023
1.8929999999999023,125.31373596191406,125.66370614359174,1.817465549720342,172.58875105907936,131.93022464994095
1.8939999999999022,125.31999969482422,125.66370614359174,1.8318483154337781,171.50072159671254,139.51530413511054
1.894999999999902,125.32392883300781,125.66370614359174,1.8298994574001246,160.65859272807313,133.6587362713724
1.895999999999902,125.32694244384766,125.66370614359174,1.8192048164582482,161.1248929895979,131.36754153688906
1.8969999999999019,125.33094024658203,125.66370614359174,1.8139755864489382,174.69842266206467,133.84782460313414
1.8979999999999018,125.33790588378906,125.66370614359174,1.8288280124410679,174.44337036616136,141.30273168757387
1.8989999999999017,125.3425064086914,125.66370614359174,1.8290228086174303,162.99793742415844,135.3664691097974
1.8999999999999015,125.3460922241211,125.66370614359174,1.819436785132396,162.56556239579106,132.82805551702722
1.9009999999999014,125.35052490234375,125.66370614359174,1.8141083106152573,175.13117294145093,134.96910879865422
1.9019999999999013,125.35779571533203,125.66370614359174,1.8276854204520052,175.53268143820094,142.08126505125264
1.9029999999999012,125.36260223388672,125.66370614359174,1.8284993124964022,163.22264930235008,135.91651482885484
1.903999999999901,125.36625671386719,125.66370614359174,1.818372582359155,161.74391225484558,133.04158501517492
1.904999999999901,125.3706283569336,125.66370614359174,1.811266576671026,173.28007381463158,134.8188492216657
1.9059999999999009,125.37770080566406,125.66370614359174,1.8220138082614796,174.7028018492616,141.6301018760056
1.9069999999999008,125.38227844238281,125.66370614359174,1.8224691311164884,161.79200064046108,135.36038249886724
1.9079999999999007,125.3856430053711,125.66370614359174,1.8110956908754954,159.63583978172954,132.332062574405
1.9089999999999006,125.38966369628906,125.66370614359174,1.8018824674785974,170.59413165518532,133.9752516165097
1.9099999999999004,125.3963851928711,125.66370614359174,1.8099449398294403,173.60606791797184,140.74647144048774
1.9109999999999003,125.40067291259766,125.66370614359174,1.8106105358533988,160.65165687533164,134.6651631705757
1.9119999999999002,125.40380859375,125.66370614359174,1.7989675575633954,158.358276297028,131.77409258549554
1.9129999999999001,125.40764617919922,125.66370614359174,1.7890383852197203,169.22425787569694,133.55025077582152
1.9139999999999,125.41426086425781,125.66370614359174,1.7961625943227213,174.0500760052227,140.50608651138694
1.9149999999999,125.41859436035156,125.66370614359174,1.7986803182432292,161.36696592631273,134.7994377322999
1.9159999999998998,125.421875,125.66370614359174,1.7885521111928004,159.11498401412362,132.16376610228696
1.9169999999998997,125.42593383789062,125.66370614359174,1.7797179920399995,169.91406450552955,134.11296546743705
1.9179999999998996,125.43281555175781,125.66370614359174,1.787560702263017,176.2170083256152,141.21113187274202
1.9189999999998995,125.4375228881836,125.66370614359174,1.793073968817496,163.55888156677526,135.77484436914187
1.9199999999998993,125.44121551513672,125.66370614359174,1.7853127047016766,160.9683297926014,133.21918547569615
1.9209999999998992,125.44566345214844,125.66370614359174,1.777994602027879,171.20774147526782,135.10451849503386
1.9219999999998991,125.45287322998047,125.66370614359174,1.7864067332666131,194.94480615853433,142.06098792579797
1.922999999999899,125.46475982666016,125.66370614359174,1.8245918044084264,197.55956808930125,153.81676481750858
1.923999999999899,125.47572326660156,125.66370614359174,1.8428762790702986,194.14780982295477,151.50488439533987
1.9249999999998988,125.48695373535156,125.66370614359174,1.8581415281814588,201.0024685046342,152.1856729522073
1.9259999999998987,125.49999237060547,125.66370614359174,1.8832260930698848,201.91497865710852,156.75934988178565
1.9269999999998986,125.50956726074219,125.66370614359174,1.9014975448103015,181.55081006460077,148.06009651230124
1.9279999999998985,125.516357421875,125.66370614359174,1.8987603165809246,169.18036376363665,141.09581851777355
1.9289999999998984,125.52184295654297,125.66370614359174,1.8868557964305575,168.4259459479721,137.81414567823265
1.9299999999998982,125.52791595458984,125.66370614359174,1.8798424539942253,180.92426804712795,139.30621941721105
1.9309999999998981,125.53656768798828,125.66370614359174,1.8921121528617961,177.96788075526382,145.79021009327093
1.931999999999898,125.54244995117188,125.66370614359174,1.8876621138295868,165.135782450944,138.84735347951107
1.932999999999898,125.54698944091797,125.66370614359174,1.8732734187956464,163.864436612031,135.48804312688353
1.9339999999998978,125.55213928222656,125.66370614359174,1.8631698456820598,176.10554433062487,137.0069975215515
1.9349999999998977,125.5599365234375,125.66370614359174,1.8722087217596248,175.42884354912752,143.68600505150928
1.9359999999998976,125.56513977050781,125.66370614359174,1.8679518999073057,162.99559178377226,137.1598675539484
1.9369999999998975,125.56916046142578,125.66370614359174,1.8536440706560937,162.09909775582722,134.21162267776103
1.9379999999998974,125.57396697998047,125.66370614359174,1.8436318831439533,174.8032282129264,136.1654644924998
1.9389999999998973,125.58161163330078,125.66370614359174,1.8530421385144347,176.5003245225193,143.337057607276
1.9399999999998971,125.58690643310547,125.66370614359174,1.852080075673153,164.73682858447313,137.4143091869216
1.940999999999897,125.59120178222656,125.66370614359174,1.8409705811632944,164.20807067919134,134.92006111534494
1.941999999999897,125.59640502929688,125.66370614359174,1.8339282556494374,177.08214575206335,137.20261130428696
1.9429999999998968,125.60455322265625,125.66370614359174,1.8460069865339996,180.24737743109017,144.6167140262501
1.9439999999998967,125.61043548583984,125.66370614359174,1.849616601938592,168.39295528311828,138.93709400802734
1.9449999999998966,125.61531829833984,125.66370614359174,1.8422540413915351,167.2851371031466,136.43310036080803
1.9459999999998965,125.62102508544922,125.66370614359174,1.8377920126582268,179.25417667133954,138.50618675533238
1.9469999999998964,125.62954711914062,125.66370614359174,1.8510623521009781,182.87304899078637,145.58509807561245
1.9479999999998963,125.63567352294922,125.66370614359174,1.8573158394400444,169.8532021386564,139.58385847644408
1.9489999999998961,125.64059448242188,125.66370614359174,1.8510180244635066,167.1788022634975,136.54492432076333
1.949999999999896,125.64607238769531,125.66370614359174,1.8457420997158271,177.4110425646184,137.95761611749344
1.950999999999896,125.65409088134766,125.66370614359174,1.8562846402948003,181.37878580370807,144.3554137276373
1.9519999999998958,125.65950775146484,125.66370614359174,1.8619216375652576,166.8731985618204,137.82767253725044
1.9529999999998957,125.6634750366211,125.66370614359174,1.8534005057947436,162.58933687890706,134.19619065386803
1.9539999999998956,125.66777801513672,125.66370614359174,1.8442209874210986,171.3300247311433,135.0427282977828
1.9549999999998955,125.67445373535156,125.66370614359174,1.8494592012758033,193.77372282923523,141.000611933589
1.9559999999998954,125.68540954589844,125.66370614359174,1.8831311474773604,194.33244025649992,151.78859095968272
1.9569999999998953,125.69502258300781,125.66370614359174,1.8962314129933229,189.35098170621924,148.40473403859338
1.9579999999998952,125.7045669555664,125.66370614359174,1.9058558938205783,195.23616478532762,148.27030976476334
1.958999999999895,125.71570587158203,125.66370614359174,1.9251416601967288,195.66892934571442,152.27788811446354
1.959999999999895,125.72312927246094,125.66370614359174,1.9382727779200914,174.50743931817493,142.95212501801996
1.9609999999998948,125.72769165039062,125.66370614359174,1.9308170864905978,162.1550258513946,135.76497643268448
1.9619999999998947,125.73100280761719,125.66370614359174,1.9149762859017205,162.19043409586672,132.63348596530918
1.9629999999998946,125.73509216308594,125.66370614359174,1.9052191486897256,176.12335839734783,134.5747553712662
1.9639999999998945,125.74200439453125,125.66370614359174,1.9163094999959425,174.43076615177776,141.7010117414892
1.9649999999998944,125.74637603759766,125.66370614359174,1.9117713431645953,162.95263579993448,135.29362721427876
1.9659999999998943,125.74970245361328,125.66370614359174,1.8988443478657007,163.47779316216102,132.68533635820955
1.9669999999998942,125.75396728515625,125.66370614359174,1.891907720462416,177.76691922176425,135.05825476117195
1.967999999999894,125.76121520996094,125.66370614359174,1.9057218381317649,177.89638428582006,142.55784435832035
1.968999999999894,125.76603698730469,125.66370614359174,1.9060294967628664,166.4777447299055,136.47751079776017
1.9699999999998938,125.76985931396484,125.66370614359174,1.8972479362069743,166.58932500784314,133.9556591849795
1.9709999999998937,125.77458190917969,125.66370614359174,1.8934372831041852,180.150795400185,136.22356017129533
1.9719999999998936,125.78218841552734,125.66370614359174,1.9091468158987186,180.9026812836195,143.4936312214175
1.9729999999998935,125.78726196289062,125.66370614359174,1.9128006709637893,168.35792848746266,137.12657527697542
1.9739999999998934,125.79113006591797,125.66370614359174,1.9057946067693812,166.91385762068373,134.09385119379033
1.9749999999998933,125.79563903808594,125.66370614359174,1.9018715790723775,178.72716953023968,135.71577057984433
1.9759999999998932,125.80276489257812,125.66370614359174,1.915522101221007,179.7574405550999,142.3089153606671
1.976999999999893,125.80712127685547,125.66370614359174,1.9190482383936833,165.55084053600297,135.3447252407525
1.977999999999893,125.81000518798828,125.66370614359174,1.9101506225896405,162.29851264263624,131.639665617033
1.9789999999998928,125.81327056884766,125.66370614359174,1.9024824660896202,172.41962750676035,132.61517673422776
1.9799999999998927,125.8189468383789,125.66370614359174,1.9108105172887806,174.617703051297,138.694162713101
1.9809999999998926,125.8217544555664,125.66370614359174,1.9121543055575227,159.44388087870038,131.46318163329187
1.9819999999998925,125.82300567626953,125.66370614359174,1.899969551823498,155.31951882006766,127.55119060851219
1.9829999999998924,125.82461547851562,125.66370614359174,1.8880426702852515,164.87040458049506,128.4505539102503
1.9839999999998923,125.82868194580078,125.66370614359174,1.8916193706283584,169.52120085927436,134.6536727716586
1.9849999999998922,125.83003997802734,125.66370614359174,1.8921807418203103,154.6865742385488,127.83793455985656
1.985999999999892,125.83003234863281,125.66370614359174,1.8790184759872974,150.94237798105138,124.38225858540167
1.986999999999892,125.83058166503906,125.66370614359174,1.8660635471994487,161.03481590267347,125.80466876322902
1.9879999999998919,125.83384704589844,125.66370614359174,1.868914263642211,185.4905632286861,132.62640481092745
1.9889999999998917,125.84178924560547,125.66370614359174,1.9020510815769802,188.39069643789657,144.42220138488221
1.9899999999998916,125.84869384765625,125.66370614359174,1.9167925504054915,185.12107773601886,141.81987274862877
1.9909999999998915,125.85591888427734,125.66370614359174,1.9295772553512296,193.0438688750497,142.6287690333651
1.9919999999998914,125.86511993408203,125.66370614359174,1.9535401919375925,195.1438320668722,147.60815788195933
1.9929999999998913,125.87078857421875,125.66370614359174,1.9720560651461887,174.91004838997054,138.74014507023924
1.9939999999998912,125.8738021850586,125.66370614359174,1.9707752526686022,163.46840793910928,132.0432721204491
1.994999999999891,125.87574005126953,125.66370614359174,1.961706017488875,164.30600371608193,129.3510117519734
1.995999999999891,125.8785629272461,125.66370614359174,1.9589100799784784,178.81670045141686,131.57675589624588
1.9969999999998909,125.88422393798828,125.66370614359174,1.9765195867238394,176.2144223889515,138.72511718762186
1.9979999999998908,125.88709259033203,125.66370614359174,1.9772383399628923,163.46470941535804,131.71250637437007
1.9989999999998906,125.88865661621094,125.66370614359174,1.9684753163465336,162.552723396746,128.4043732352405
1.9999999999998905,125.89083099365234,125.66370614359174,1.9640778109241095,175.28147044843166,129.9629466459841
