t,omega,omega_ref,i_rms,p_el,p_mech
0.001,-0.05000000074505806,0.0,0.0,0.0,-0.0
0.002,-0.09999624639749527,0.0,0.0033671751485073696,0.17533880214517855,-0.0
0.003,-0.14998875558376312,0.0,0.010353023806451433,-0.2199456184075158,-4.585370527846624e-10
0.004,-0.19997750222682953,0.0,0.08748573965968563,2.707639910395794,-2.3581228217342918e-08
0.005,-0.2499624788761139,0.0,0.17985010985600222,-6.94027997095041,-5.962181195412898e-08
0.006,-0.29994383454322815,0.0,0.050387093240644894,-1.8963097625163292,5.967682197025461e-07
0.007,-0.34992164373397827,0.0,0.07807455355951907,3.257814886154776,2.1229729224565114e-06
0.008,-0.3998959958553314,0.0,0.2032163397102984,-5.600026831190695,4.794143823272748e-06
0.009000000000000001,-0.4498663544654846,0.0,0.10791955065681075,-2.9125880427601283,3.0171823434956118e-06
0.010000000000000002,-0.49983248114585876,0.0,0.01632555213151272,-0.25960944987352974,-1.0868005020218956e-06
0.011000000000000003,-0.5497943162918091,0.0,0.07447873111018333,2.1701916879102376,-7.794413271232401e-06
0.012000000000000004,-0.5997516512870789,0.0,0.1586717466421583,-6.453642501941823,-1.724321869404397e-05
0.013000000000000005,-0.6497069001197815,0.0,0.025053029443292064,-0.7273149935479576,2.9617123428182974e-06
0.014000000000000005,-0.6996605396270752,0.0,0.1158826760789702,2.6313158641414045,3.3312120659294624e-05
0.015000000000000006,-0.7496111392974854,0.0,0.2067285387406502,-4.8801455193011956,4.621086782267191e-05
0.016000000000000007,-0.7995578050613403,0.0,0.12619648389861104,-2.6572506602455364,4.63534661094745e-05
0.017000000000000008,-0.84950190782547,0.0,0.06572091996534171,-1.9574611160835393,6.867824356251541e-05
0.01800000000000001,-0.8994354009628296,0.0,0.03930028462958833,1.4311612634229363,-5.036242042493027e-05
0.01900000000000001,-0.949358344078064,0.0,0.1409929196672529,-4.4532681106639,-0.0001818006215100342
0.02000000000000001,-0.9992847442626953,0.0,0.07437875538082318,0.4970493959354275,-4.7525602862789464e-05
0.02100000000000001,-1.049216866493225,0.0,0.15155685860884122,0.47531696457587014,0.00014822605254239863
0.022000000000000013,-1.099155306816101,0.0,0.17822344475944285,-2.9661664461507193,0.00037716642389998625
0.023000000000000013,-1.1490901708602905,0.0,0.12753429285601472,-3.9905189749697976,0.0003956265809152649
0.024000000000000014,-1.1990047693252563,0.0,0.02709506256379661,-0.41980428582352,2.125114468515817e-05
0.025000000000000015,-1.2488993406295776,0.0,0.0907623051872053,3.0748624720877333,-0.00038906300325662667
0.026000000000000016,-1.2987737655639648,0.0,0.19195366155919866,-4.927502698710789,-0.0008292336549022454
0.027000000000000017,-1.3486592769622803,0.0,0.10434479123916074,-3.310734863680665,-0.0004609043319702415
0.028000000000000018,-1.3985590934753418,0.0,0.07412552860786491,2.006120858711649,2.740560506651512e-05
0.02900000000000002,-1.4484742879867554,0.0,0.18267528621570364,-3.580537848692228,0.0005831796364714956
0.03000000000000002,-1.4983808994293213,0.0,0.11425149304607427,-2.1433113999357265,0.00045716207999818315
0.03100000000000002,-1.5482795238494873,0.0,0.05328634956128217,-1.4705357252632285,0.0003396566342058952
0.03200000000000002,-1.598146915435791,0.0,0.06834680012195692,2.2540879389214368,-0.0005273620196075044
0.03300000000000002,-1.647983193397522,0.0,0.1721990594437985,-4.285588080477083,-0.0014433100717450738
0.03400000000000002,-1.6978375911712646,0.0,0.0873128326758704,-2.208014282150962,-0.0007496069935576836
0.035000000000000024,-1.7477092742919922,0.0,0.004466945338399263,-0.04967146240517574,-3.4648690373801615e-05
0.036000000000000025,-1.7975972890853882,0.0,0.07497348202636912,1.9205200471578807,0.0006854652566966923
0.037000000000000026,-1.8475005626678467,0.0,0.15060371304042702,-5.353383948468931,0.0014075261146575496
0.03800000000000003,-1.8973723649978638,0.0,0.10876155501021732,2.4323300186378694,0.0003952721537872016
0.03900000000000003,-1.9472090005874634,0.0,0.22429369539994828,-2.8874493954390466,-0.0008183462372109478
0.04000000000000003,-1.9970344305038452,0.0,0.17922261259312314,-1.7718901013365977,-0.0011421014604896629
0.04100000000000003,-2.046846628189087,0.0,0.14746254349655355,-2.442613913941305,-0.0015531403870462036
0.04200000000000003,-2.0966856479644775,0.0,0.09943119311002112,-0.5924822325134775,-0.00031832184550073306
0.04300000000000003,-2.1465516090393066,0.0,0.09976288444401497,-1.5081778805852524,0.0010011559812832683
0.04400000000000003,-2.196399450302124,0.0,0.042976373262102206,-0.5167949009282333,0.0003817115162434088
0.04500000000000003,-2.2462286949157715,0.0,0.014649630902990925,0.43596454723739864,-0.00026874809025241223
0.046000000000000034,-2.2960398197174072,0.0,0.06609482014727412,-2.5958571689531094,-0.0009300859593654212
0.047000000000000035,-2.345886707305908,0.0,0.07205749257153828,3.3579109374384903,0.00089012047242544
0.048000000000000036,-2.3957669734954834,0.0,0.20742536107365236,-3.0869424355805424,0.0026921666903330843
0.04900000000000004,-2.4456257820129395,0.0,0.15050188274387638,-2.1999860393628463,0.0018845583596943003
0.05000000000000004,-2.4954628944396973,0.0,0.09454876950205549,-1.2243796512729281,0.001023987202757463
0.05100000000000004,-2.545278310775757,0.0,0.04338171202824305,-0.3035129722908334,0.00013319967759121718
0.05200000000000004,-2.5950722694396973,0.0,0.027744761425849848,0.564624960326187,-0.0007878020041093356
0.05300000000000004,-2.6448447704315186,0.0,0.07035236678615198,-1.0232928354750255,-0.0017376126049633517
0.05400000000000004,-2.6946470737457275,0.0,0.01906068680725676,-0.3971687736031258,4.0517213580357574e-05
0.05500000000000004,-2.744479179382324,0.0,0.12514939420168128,5.911702379990276,0.0018666452752011111
0.05600000000000004,-2.794285297393799,0.0,0.2898747702953244,-3.0269705964940807,0.0006754930957740803
0.057000000000000044,-2.8440632820129395,0.0,0.2473588178866371,-2.1607760032242025,-0.0007135498104128418
0.058000000000000045,-2.893810510635376,0.0,0.21223811019058514,-1.11767599744359,-0.0022828455462731018
0.059000000000000045,-2.9435248374938965,0.0,0.19020411930525652,-0.10506623349328442,-0.004032122027531588
0.060000000000000046,-2.9932045936584473,0.0,0.1843657342428915,0.8772830448597169,-0.0059581972668090715
0.06100000000000005,-3.0428478717803955,0.0,0.1947518673008508,-1.591148837940428,-0.008055931188532445
0.06200000000000005,-3.0925354957580566,0.0,0.16374394495682307,-0.4377564272628849,-0.0052002201723100674
0.06300000000000004,-3.1422674655914307,0.0,0.15283402842304167,0.6757356944221049,-0.002268829990569632
0.06400000000000004,-3.192042350769043,0.0,0.16362926423620344,-0.7512968713246868,0.0006766660187036028
0.06500000000000004,-3.241765022277832,0.0,0.1448872913229319,0.2900499055735878,-0.002461562431297715
0.06600000000000004,-3.291433572769165,0.0,0.14855140257655672,1.364080182837978,-0.005813627386917606
0.06700000000000005,-3.3410472869873047,0.0,0.17236793407117443,-0.8512858540458401,-0.009315989379085966
0.06800000000000005,-3.390709161758423,0.0,0.15105129076986853,0.14413937769780105,-0.005929715394965825
0.06900000000000005,-3.4404184818267822,0.0,0.1496474364631653,1.1150293075422901,-0.0025044710749551834
0.07000000000000005,-3.490173101425171,0.0,0.16680527301405862,-0.14070047237232824,0.0008773348248020358
0.07100000000000005,-3.5398566722869873,0.0,0.16124622743281986,1.0956528620291472,-0.0038752259012971046
0.07200000000000005,-3.5894670486450195,0.0,0.1791343801772225,2.3805810277559685,-0.008900692017721
0.07300000000000005,-3.6390039920806885,0.0,0.21408213543619234,-0.33774297580281387,-0.014114930772366573
0.07400000000000005,-3.6885924339294434,0.0,0.20154929659799545,0.5879331086133642,-0.010231840994048585
0.07500000000000005,-3.7382314205169678,0.0,0.20343565553914786,1.5106979272055252,-0.006295940865503342
0.07600000000000005,-3.787919282913208,0.0,0.2183451188442111,2.3786797640198167,-0.002416368969465558
0.07700000000000005,-3.837653160095215,0.0,0.2425777285669813,0.6969611010427494,0.0013804335553388586
0.07800000000000006,-3.887284517288208,0.0,0.24746319510840478,2.3206324398869436,-0.006276376923401403
0.07900000000000006,-3.936810255050659,0.0,0.27166034656412236,4.013967374415064,-0.014398354195183467
0.08000000000000006,-3.9862279891967773,0.0,0.31025775124422117,1.3709311740496504,-0.022867761218610363
0.08100000000000006,-4.035701751708984,0.0,0.31362659041150237,2.2669095855414643,-0.018340928327512204
0.08200000000000006,-4.085231304168701,0.0,0.32538340891427037,3.1768575736553535,-0.013732256278314403
0.08300000000000006,-4.13481330871582,0.0,0.34423925278151885,4.047843279815595,-0.009206149410742983
0.08400000000000006,-4.184445858001709,0.0,0.36840100079466837,4.881750193803912,-0.004806251221118251
0.08500000000000006,-4.234125137329102,0.0,0.39629792456491664,3.2347774059388867,-0.0005815403577083687
0.08600000000000006,-4.283638954162598,0.0,0.4137832809015937,5.473376997034739,-0.01443481257284887
0.08700000000000006,-4.332981109619141,0.0,0.44589960084698943,5.0292878536804855,-0.029191508507498225
0.08800000000000006,-4.382376194000244,0.0,0.46650867554982633,5.901752306343695,-0.024532250466048972
0.08900000000000007,-4.431823253631592,0.0,0.4907149132437045,6.78401542342669,-0.019877977032367534
0.09000000000000007,-4.48131799697876,0.0,0.5177793657775419,7.641197050409495,-0.015489502253745775
0.09100000000000007,-4.530855655670166,0.0,0.5469347522179,6.984959043794872,-0.0114418067886638
0.09200000000000007,-4.5801496505737305,0.0,0.5747188594096493,9.784952941077622,-0.033532394405152016
0.09300000000000007,-4.629190444946289,0.0,0.6144580173607181,8.455807277509775,-0.05702633575596474
0.09400000000000007,-4.678280830383301,0.0,0.6386419657529122,9.367558156524568,-0.052612415329996894
0.09500000000000007,-4.727418899536133,0.0,0.6649650798633511,10.309692740692881,-0.048322520274908576
0.09600000000000007,-4.77659797668457,0.0,0.6931276192413413,11.236486359827666,-0.04453221750321393
0.09700000000000007,-4.825811386108398,0.0,0.7227059500142426,12.149743491582779,-0.04134603642257725
0.09800000000000007,-4.875051021575928,0.0,0.7533530167219455,13.051726006348373,-0.03887263611327681
0.09900000000000007,-4.924307346343994,0.0,0.7847899760577054,13.944779097165899,-0.03722726397526049
0.10000000000000007,-4.973570823669434,0.0,0.8167959303704437,14.04851408551633,-0.03653147075731627
0.10100000000000008,-5.0223917961120605,0.0,0.8515551422991149,17.85238481094468,-0.08095219265981468
0.10200000000000008,-5.070753574371338,0.0,0.8967778956534721,15.897746633474002,-0.12793258810447364
0.10300000000000008,-5.119126319885254,0.0,0.9262540537655553,16.86760092055589,-0.12768829108895516
0.10400000000000008,-5.1675028800964355,0.0,0.9564746975826709,17.892067759639474,-0.12807489847928524
0.10500000000000008,-5.215871810913086,0.0,0.9874494329454896,18.915128686047243,-0.12971613802818016
0.10600000000000008,-5.264219760894775,0.0,1.019024513808733,19.938337967295485,-0.13276903688282896
0.10700000000000008,-5.3125319480896,0.0,1.0510734166959501,20.963782861778327,-0.13739191940533613
0.10800000000000008,-5.360792636871338,0.0,1.083494378415376,21.993582309280082,-0.14374870233553233
0.10900000000000008,-5.408985137939453,0.0,1.116206740979615,23.02987053587844,-0.15200852474093188
0.11000000000000008,-5.45709228515625,0.0,1.1491477160289734,24.07478535001336,-0.16234533369122225
0.11100000000000008,-5.505094051361084,0.0,1.1822695679561936,25.130457033542843,-0.1749373724459522
0.11200000000000009,-5.552970886230469,0.0,1.2155371822040537,26.198997789317787,-0.18996682066539264
0.11300000000000009,-5.600700855255127,0.0,1.2489259768091667,27.28249174020501,-0.20761923833208087
0.11400000000000009,-5.648261547088623,0.0,1.2824201136976434,28.38298547360681,-0.22808314266716045
0.11500000000000009,-5.695629596710205,0.0,1.3160109683563284,29.502479124468426,-0.2515495011678586
0.11600000000000009,-5.7427802085876465,0.0,1.3496958204123835,30.64291798882049,-0.27821120355089424
0.11700000000000009,-5.789687156677246,0.0,1.3834767322238832,31.806184659066624,-0.3082625331465175
0.11800000000000009,-5.836324214935303,0.0,1.417359587175587,32.99409167149111,-0.34189870597512656
0.11900000000000009,-5.882662296295166,0.0,1.4513532636529292,34.20837465582159,-0.3793151672005048
0.12000000000000009,-5.928673267364502,0.0,1.4854689244826926,35.45068597613156,-0.4207072455870771
0.1210000000000001,-5.974326133728027,0.0,1.5197194049357299,36.72258885190131,-0.4662693449561515
0.1220000000000001,-6.019590377807617,0.0,1.5541186851981559,38.02555194766702,-0.5161945771102244
0.1230000000000001,-6.064434051513672,0.0,1.5886814355742114,39.360944419373794,-0.5706740373993873
0.1240000000000001,-6.108823299407959,0.0,1.6234226246398618,40.73003140530109,-0.6298961254475046
0.12500000000000008,-6.1527252197265625,0.0,1.6583571821768583,42.1339699492457,-0.6940461968815178
0.12600000000000008,-6.196104049682617,0.0,1.6934997100356877,43.573805343523055,-0.7633055478541826
0.12700000000000009,-6.238924503326416,0.0,1.728864235150514,45.05046787927735,-0.8378511129091454
0.12800000000000009,-6.2811503410339355,0.0,1.764463999802303,46.56476999157132,-0.9178546692361614
0.1290000000000001,-6.322743892669678,0.0,1.8003112849340717,48.11740378675414,-1.0034820868018948
0.1300000000000001,-6.363667011260986,0.0,1.8364172628955029,49.70893893967422,-1.0948927733829237
0.1310000000000001,-6.403881072998047,0.0,1.8727918764590012,51.339820948413845,-1.192239004290901
0.1320000000000001,-6.4433465003967285,0.0,1.9094437413270982,53.01036973436754,-1.295665148817172
0.1330000000000001,-6.482023239135742,0.0,1.9463800696598794,54.72077857566368,-1.4053070514334227
0.1340000000000001,-6.519870281219482,0.0,1.9836066124053473,56.47111336213585,-1.5212912252697055
0.1350000000000001,-6.556846618652344,0.0,2.021127618427331,58.26131216028735,-1.643734348188385
0.1360000000000001,-6.5929107666015625,0.0,2.0589458086042307,60.091185076947966,-1.7727424664481366
0.1370000000000001,-6.6280198097229,0.0,2.09706236322526,61.96041441060552,-1.9084100071780976
0.1380000000000001,-6.662130832672119,0.0,2.135476921144985,63.86855507969173,-2.0508194060978675
0.1390000000000001,-6.695201396942139,0.0,2.174187589276467,65.81503531741934,-2.200040583551185
0.1400000000000001,-6.727187156677246,0.0,2.2131909611119154,67.79915762309643,-2.3561294830380537
0.1410000000000001,-6.758044719696045,0.0,2.252482143060006,69.8200999601856,-2.5191282526423873
0.1420000000000001,-6.787729740142822,0.0,2.2920547874829467,71.87691719172733,-2.6890639184325935
0.1430000000000001,-6.816197395324707,0.0,2.3319011314052966,73.96854274410421,-2.8659478004512358
0.1440000000000001,-6.8434038162231445,0.0,2.37201203995135,76.09379049048533,-3.0497754196744733
0.1450000000000001,-6.869303226470947,0.0,2.4123770536492133,78.25135684565666,-3.2405246058358186
0.1460000000000001,-6.8938517570495605,0.0,2.45298443881769,80.43982306430814,-3.4381564933989335
0.1470000000000001,-6.917004108428955,0.0,2.4938212403270112,82.65765773521166,-3.642613374100762
0.1480000000000001,-6.938714504241943,0.0,2.534873336096134,84.90321946408447,-3.8538183944532824
0.1490000000000001,-6.958939075469971,0.0,2.5761254927578183,87.17475973828529,-4.071676254709595
0.1500000000000001,-6.977632999420166,0.0,2.617561421987746,89.47042596683386,-4.29607112530748
0.1510000000000001,-6.994750499725342,0.0,2.65916383705553,91.78826468957942,-4.526865917735451
0.1520000000000001,-7.010247707366943,0.0,2.7009145092133524,94.12622494966146,-4.763903506515443
0.1530000000000001,-7.024080276489258,0.0,2.7427943235921446,96.48216182371358,-5.007004792538667
0.1540000000000001,-7.036203861236572,0.0,2.7847833343255783,98.85384010454368,-5.255968464559898
0.1550000000000001,-7.04657506942749,0.0,2.82686081866868,101.23893813129419,-5.510571254092221
0.1560000000000001,-7.055150508880615,0.0,2.8690053299205607,103.63505176232796,-5.770566864832226
0.1570000000000001,-7.061887264251709,0.0,2.91119474899973,106.0396984863058,-6.03568595853046
0.1580000000000001,-7.066742897033691,0.0,2.9534063345557313,108.45032166711547,-6.305635857466495
0.1590000000000001,-7.069674968719482,0.0,2.9956167715325597,110.86429491847606,-6.58009984647881
0.16000000000000011,-7.070643424987793,0.0,3.0378022181276427,113.27892660417642,-6.8587391840608944
0.16100000000000012,-7.069606781005859,0.0,3.0799383511152745,115.69146446000845,-7.141189468575062
0.16200000000000012,-7.066525459289551,0.0,3.122000409525403,118.09910033352395,-7.4270636609076774
0.16300000000000012,-7.0613603591918945,0.0,3.1639632366878603,120.498975037775,-7.71595076345987
0.16400000000000012,-7.054073810577393,0.0,3.2058013206686655,122.88818331519639,-8.007416915700551
0.16500000000000012,-7.0446271896362305,0.0,3.247488833139048,125.26377890774117,-8.301002864251238
0.16600000000000012,-7.032985210418701,0.0,3.2889996667296995,127.6227797293032,-8.596229038026435
0.16700000000000012,-7.0191121101379395,0.0,3.3303074709324862,129.96217313633517,-8.8925915536232
0.16800000000000012,-7.002974033355713,0.0,3.3713856866197314,132.27892129240894,-9.189565416637123
0.16900000000000012,-6.984537124633789,0.0,3.4122075792573976,134.56996662226328,-9.486602613415144
0.17000000000000012,-6.963770389556885,0.0,3.452746270893129,136.83223735063655,-9.78313645579804
0.17100000000000012,-6.940642356872559,0.0,3.4929747710034844,139.06265312090088,-10.07857780688198
0.17200000000000013,-6.915124416351318,0.0,3.5328660062867634,141.25813068818778,-10.372320461439411
0.17300000000000013,-6.887188911437988,0.0,3.5723928494888884,143.41558968133108,-10.663739445484552
0.17400000000000013,-6.856808662414551,0.0,3.611528147349889,145.5319584275553,-10.952191141587786
0.17500000000000013,-6.8239593505859375,0.0,3.650244747757835,147.60417983339772,-11.237018069687773
0.17600000000000013,-6.7886176109313965,0.0,3.6885155261955527,149.6292173148835,-11.517547183891793
0.17700000000000013,-6.750761985778809,0.0,3.7263134115634418,151.60406076947052,-11.793092691219995
0.17800000000000013,-6.7103729248046875,0.0,3.7636114114590304,153.52573258175224,-12.062957532752119
0.17900000000000013,-6.667431831359863,0.0,3.80038263699082,155.39129365434874,-12.326433193275266
0.18000000000000013,-6.621923446655273,0.0,3.836600327200487,157.1978494548411,-12.582805649130218
0.18100000000000013,-6.5738325119018555,0.0,3.8722378731636335,158.9425560690058,-12.83135097064894
0.18200000000000013,-6.5231475830078125,0.0,3.9072688418352013,160.6226262500039,-13.071344307857556
0.18300000000000013,-6.469858169555664,0.0,3.94166699970121,162.23533545255236,-13.302056420572777
0.18400000000000014,-6.413956165313721,0.0,3.9754063362940166,163.77802784049396,-13.522758442594414
0.18500000000000014,-6.355435848236084,0.0,4.0084610876234645,165.24812225555527,-13.732724077315158
0.18600000000000014,-6.294293403625488,0.0,4.040805759571524,166.6431181344721,-13.931230808717787
0.18700000000000014,-6.230527877807617,0.0,4.072415151292979,167.9606013610604,-14.117564268280162
0.18800000000000014,-6.164140224456787,0.0,4.103264378659796,169.19825003923145,-14.291018539155141
0.18900000000000014,-6.095133304595947,0.0,4.13332889778165,170.35384017239016,-14.450898472720615
0.19000000000000014,-6.023513317108154,0.0,4.162584528630023,169.90580494131922,-14.596525516574504
0.19100000000000014,-5.952347755432129,0.0,4.190858953775089,171.73229763022186,-14.370601402144459
0.19200000000000014,-5.881572723388672,0.0,4.218741131070821,170.45928113277293,-14.154403051973523
0.19300000000000014,-5.807906150817871,0.0,4.243088934574773,171.2707865757661,-14.31368630907321
0.19400000000000014,-5.731329441070557,0.0,4.266740268732155,172.05579693885426,-14.45909717680442
0.19500000000000015,-5.65186071395874,0.0,4.28970107586822,170.2901766145208,-14.58617576831475
0.19600000000000015,-5.572908401489258,0.0,4.310934527267916,171.13936883454343,-14.325584881521225
0.19700000000000015,-5.494414806365967,0.0,4.33147864751619,171.74830311031226,-14.073990204229771
0.19800000000000015,-5.416291236877441,0.0,4.351188027601795,169.09664932702165,-13.834438989153833
0.19900000000000015,-5.334859371185303,0.0,4.367183677760865,169.54273189065162,-13.98010536083057
0.20000000000000015,-5.250115394592285,0.0,4.382720249808866,169.97869516152787,-14.106416986355985
0.20100000000000015,-5.16209602355957,125.66370614359174,4.397793699706865,171.53764477063527,-14.208702075342533
0.20200000000000015,-5.0744829177856445,125.66370614359174,4.413783405163374,176.45225242938807,-13.92702733173045
0.20300000000000015,-4.987042427062988,125.66370614359174,4.43230147845547,181.54908311989362,-13.67047007573221
0.20400000000000015,-4.899474620819092,125.66370614359174,4.45330304951465,186.74272693356565,-13.443563079404253
0.20500000000000015,-4.811448574066162,125.66370614359174,4.476698034844435,190.6939626266151,-13.246715153072524
0.20600000000000016,-4.718560218811035,125.66370614359174,4.500443498353192,198.42146286468903,-13.450505347763448
0.20700000000000016,-4.620518207550049,125.66370614359174,4.52825950251055,201.7525916262515,-13.647891041046378
0.20800000000000016,-4.521224021911621,125.66370614359174,4.557984640709919,207.51662684073517,-13.468532430301547
0.20900000000000016,-4.420276641845703,125.66370614359174,4.589870872805826,213.19967221001895,-13.314593623021413
0.21000000000000016,-4.3172101974487305,125.66370614359174,4.623669043159194,218.73819752245308,-13.187790870081143
0.21100000000000016,-4.211533069610596,125.66370614359174,4.659125046144703,224.09762025490318,-13.085525550483041
0.21200000000000016,-4.102731227874756,125.66370614359174,4.695976133130528,229.2488090250039,-13.004482138195637
0.21300000000000016,-3.990272045135498,125.66370614359174,4.733955838759448,234.1691081372873,-12.940591223084285
0.21400000000000016,-3.8736038208007812,125.66370614359174,4.772799177222628,238.84330666843758,-12.888942807162433
0.21500000000000016,-3.752162218093872,125.66370614359174,4.812247772735297,240.40268966995862,-12.843721594679032
0.21600000000000016,-3.625514030456543,125.66370614359174,4.8501170293236635,240.44813612862413,-12.788411737656128
0.21700000000000016,-3.4933013916015625,125.66370614359174,4.885495712233459,240.1995168989057,-12.711478992214884
0.21800000000000017,-3.355194330215454,125.66370614359174,4.918358121733622,239.75595650135668,-12.605125758002782
0.21900000000000017,-3.2108919620513916,125.66370614359174,4.948736640811814,239.20570458089276,-12.461521613823578
0.22000000000000017,-3.0601227283477783,125.66370614359174,4.976709624217562,238.63660367717836,-12.272830955049253
0.22100000000000017,-2.90264630317688,125.66370614359174,5.002397311478475,238.1357403009224,-12.031289137924283
0.22200000000000017,-2.7382543087005615,125.66370614359174,5.02595817874824,237.78902932335706,-11.729280798352715
0.22300000000000017,-2.566770315170288,125.66370614359174,5.047585603974548,237.68083063880889,-11.35941964146988
0.22400000000000017,-2.388051748275757,125.66370614359174,5.0675047869503,237.8935962454282,-10.914639425810474
0.22500000000000017,-2.201988935470581,125.66370614359174,5.085969865179582,238.50754444101452,-10.388273961826833
0.22600000000000017,-2.008504867553711,125.66370614359174,5.103261166170107,239.6003574083324,-9.774138940460345
0.22700000000000017,-1.8075566291809082,125.66370614359174,5.119682537246628,241.2468981476719,-9.066619403872144
0.22800000000000017,-1.5991331338882446,125.66370614359174,5.135558695302729,243.51894249925664,-8.260735264527726
0.22900000000000018,-1.3832556009292603,125.66370614359174,5.151232541237606,246.4849218871783,-7.352213669318806
0.23000000000000018,-1.1599762439727783,125.66370614359174,5.1670623874151405,250.20967241129864,-6.337544901053273
0.23100000000000018,-0.9293771982192993,125.66370614359174,5.183419051634972,254.75418601400935,-5.21403007770185
0.23200000000000018,-0.6915693283081055,125.66370614359174,5.200682778116572,260.1753596535792,-3.9798178028497113
0.23300000000000018,-0.44669070839881897,125.66370614359174,5.219239955108322,266.5257387224112,-2.6339276146990027
0.23400000000000018,-0.1949048787355423,125.66370614359174,5.239479610071793,273.85325135290526,-1.1762599946661079
0.23500000000000018,0.06360079348087311,125.66370614359174,5.26178967691364,282.20093075067655,0.392405520904365
0.23600000000000018,0.3286171853542328,125.66370614359174,5.2865530451776435,291.60662327809655,2.0704273929059727
0.23700000000000018,0.5999154448509216,125.66370614359174,5.314143417941771,302.1026806730164,3.8553313401135663
0.23800000000000018,0.8772490620613098,125.66370614359174,5.344921022592437,313.7156355192403,5.743851789345841
0.23900000000000018,1.1603562831878662,125.66370614359174,5.379228235624904,326.465859877057,7.731986736773717
0.24000000000000019,1.4489619731903076,125.66370614359174,5.417385197914917,340.36720782290087,9.815059210130078
0.2410000000000002,1.7427805662155151,125.66370614359174,5.459685509216262,344.808721913777,11.987794957897872
0.2420000000000002,2.039687156677246,125.66370614359174,5.500203315002483,341.94671323497323,14.156948196739751
0.2430000000000002,2.339245080947876,125.66370614359174,5.535036786199355,339.1001633273236,16.36119173814733
0.2440000000000002,2.6410324573516846,125.66370614359174,5.564570205324331,336.47074083094657,18.590910889921357
0.2450000000000002,2.9446299076080322,125.66370614359174,5.589275962248586,334.20657303402817,20.83592938633852
0.2460000000000002,3.2496209144592285,125.66370614359174,5.609672318055284,332.4555422084265,23.086086130812763
0.2470000000000002,3.5555953979492188,125.66370614359174,5.626322630048725,331.3648644627428,25.33135138139654
0.2480000000000002,3.862149715423584,125.66370614359174,5.639834597754706,331.07988557053704,27.561911012904186
0.2490000000000002,4.168888568878174,125.66370614359174,5.65085886169522,331.7428109912234,29.768261248138444
0.25000000000000017,4.475428104400635,125.66370614359174,5.6600867788486156,333.49138532392675,31.94130802628761
0.25100000000000017,4.7813944816589355,125.66370614359174,5.668247200223784,336.45752950546665,34.0724291369258
0.25200000000000017,5.086428642272949,125.66370614359174,5.676102080338472,340.76594556123325,36.153574826471775
0.25300000000000017,5.39018440246582,125.66370614359174,5.6844407647664275,346.5327002902511,38.17731422048901
0.25400000000000017,5.692332744598389,125.66370614359174,5.6940728339152695,353.8638007840433,40.13691861679185
0.25500000000000017,5.992560386657715,125.66370614359174,5.705819431806551,362.8537761057419,42.02639622651776
0.25600000000000017,6.2905731201171875,125.66370614359174,5.72050307952337,373.5842807541247,43.840552332322375
0.2570000000000002,6.586095809936523,125.66370614359174,5.738936063639991,386.1227366700192,45.575017064997304
0.2580000000000002,6.878871917724609,125.66370614359174,5.761907596765076,400.5210314740397,47.22626121088607
0.2590000000000002,7.168667793273926,125.66370614359174,5.7901700630878254,416.814291321451,48.791635952665416
0.2600000000000002,7.455269813537598,125.66370614359174,5.824424775628742,435.0197471918448,50.269354198982484
0.2610000000000002,7.738487243652344,125.66370614359174,5.865307770029917,434.9011251201012,51.658502678803245
0.2620000000000002,8.018927574157715,125.66370614359174,5.902198831206601,430.742632194494,53.088573220061164
0.2630000000000002,8.296062469482422,125.66370614359174,5.933576516064893,427.2509232979207,54.378403259616434
0.2640000000000002,8.5693941116333,125.66370614359174,5.960260624192303,424.6812287678607,55.52178856955851
0.2650000000000002,8.838467597961426,125.66370614359174,5.9831462208256685,423.25433127334577,56.51603046187037
0.2660000000000002,9.102869987487793,125.66370614359174,6.003177203410069,423.1806878158085,57.36005920638267
0.2670000000000002,9.36223316192627,125.66370614359174,6.021340310558137,424.65837444873847,58.05439226787858
0.2680000000000002,9.616230010986328,125.66370614359174,6.038657601260883,427.87062746962556,58.60105299339766
0.2690000000000002,9.86457633972168,125.66370614359174,6.056176930907667,432.98343891718787,59.00351118333134
0.2700000000000002,10.107030868530273,125.66370614359174,6.07496031800985,440.14324499983593,59.266598056589885
0.2710000000000002,10.343396186828613,125.66370614359174,6.096070202494064,449.4747411027086,59.396415249334396
0.2720000000000002,10.573511123657227,125.66370614359174,6.120553730917927,461.07885687248773,59.400185329115835
0.2730000000000002,10.797261238098145,125.66370614359174,6.149425364049521,475.0309241383257,59.28619998056962
0.2740000000000002,11.014567375183105,125.66370614359174,6.183648276476846,491.3790690216148,59.0636370448614
0.2750000000000002,11.225391387939453,125.66370614359174,6.224115188548542,510.14285752560863,58.74247253378025
0.2760000000000002,11.429732322692871,125.66370614359174,6.271629415432447,531.3122212052094,58.33333789501302
0.2770000000000002,11.62762451171875,125.66370614359174,6.326887012140459,532.3591934396923,57.847389883614156
0.2780000000000002,11.820931434631348,125.66370614359174,6.379017476116376,527.1325732646392,57.72853546579754
0.2790000000000002,12.009316444396973,125.66370614359174,6.425204387148392,522.7669004615307,57.469649179705456
0.2800000000000002,12.19247817993164,125.66370614359174,6.466396493803125,519.5946178486645,57.07615236046398
0.2810000000000002,12.370177268981934,125.66370614359174,6.5036236473038675,517.8812859205514,56.55963889257795
0.2820000000000002,12.542226791381836,125.66370614359174,6.5379531460905564,517.872369272137,55.932820126625295
0.2830000000000002,12.708500862121582,125.66370614359174,6.570480089154034,519.790778871514,55.20936715012885
0.2840000000000002,12.868924140930176,125.66370614359174,6.602316234245504,523.8339403520091,54.403705589927895
0.2850000000000002,13.023475646972656,125.66370614359174,6.63457692769359,530.1710894899302,53.53087295229118
0.2860000000000002,13.172185897827148,125.66370614359174,6.668366202553895,538.9408438469605,52.606345729271155
0.2870000000000002,13.31513500213623,125.66370614359174,6.704760276487846,550.2490885292942,51.645874172286845
0.2880000000000002,13.452448844909668,125.66370614359174,6.744789825058884,564.1672099014438,50.66531588294739
0.2890000000000002,13.58430004119873,125.66370614359174,6.789421552293216,580.730706320948,49.68049652392419
0.2900000000000002,13.71090316772461,125.66370614359174,6.839539711923163,599.9381995603649,48.707058849799566
0.2910000000000002,13.832512855529785,125.66370614359174,6.895928330899462,621.7508646881504,47.76033574408036
0.2920000000000002,13.949421882629395,125.66370614359174,6.959254933343567,618.0142758478042,46.85523690298047
0.2930000000000002,14.06303882598877,125.66370614359174,7.0172804544751575,609.1104619088125,46.3133151000153
0.2940000000000002,14.173343658447266,125.66370614359174,7.067905755161817,601.2221289268942,45.73998175030835
0.2950000000000002,14.28036117553711,125.66370614359174,7.1121678005719,594.738011510521,45.14900027972929
0.2960000000000002,14.384175300598145,125.66370614359174,7.151181257553798,589.9765669206262,44.5579480953679
0.2970000000000002,14.484925270080566,125.66370614359174,7.18609785549627,587.2268152929246,43.98443999866836
0.2980000000000002,14.582801818847656,125.66370614359174,7.21809568201591,586.7454408004622,43.44593970541995
0.2990000000000002,14.678047180175781,125.66370614359174,7.248367024490799,588.753599779379,42.95962448140953
0.3000000000000002,14.770953178405762,125.66370614359174,7.2781043723434005,593.4341232238027,42.54225601235226
0.3010000000000002,14.86185359954834,125.66370614359174,7.308484690140083,600.9291566994889,42.210049270221894
0.3020000000000002,14.95112419128418,125.66370614359174,7.340652198509037,611.3382661197353,41.97857987464641
0.3030000000000002,15.03918170928955,125.66370614359174,7.375700035085972,624.7170307688033,41.86270503230461
0.3040000000000002,15.12647533416748,125.66370614359174,7.414651304484386,641.0761377318724,41.87648067759218
0.3050000000000002,15.213484764099121,125.66370614359174,7.458440149842409,660.3809846019615,42.033115048677494
0.3060000000000002,15.30072021484375,125.66370614359174,7.507893571767353,659.2992741724132,42.34494406217271
0.3070000000000002,15.388227462768555,125.66370614359174,7.5540056227028884,644.7697149763148,42.67318013891902
0.3080000000000002,15.47624683380127,125.66370614359174,7.5912086986017115,631.5298260517704,43.077632372256645
0.3090000000000002,15.565067291259766,125.66370614359174,7.620640221510727,620.1208312219019,43.57621806245477
0.3100000000000002,15.655022621154785,125.66370614359174,7.643559744839806,610.9207333441497,44.185742112546215
0.3110000000000002,15.746491432189941,125.66370614359174,7.661273436108933,604.2668550551862,44.92255832544727
0.3120000000000002,15.839890480041504,125.66370614359174,7.675122210851326,600.4533977204974,45.80248400958062
0.3130000000000002,15.935669898986816,125.66370614359174,7.686468452982562,599.728048125432,46.84072372995556
0.3140000000000002,16.03431510925293,125.66370614359174,7.6966805327045975,602.2891030374133,48.051827111737495
0.3150000000000002,16.136337280273438,125.66370614359174,7.707115151611725,608.2831514661832,49.449627713082165
0.3160000000000002,16.242271423339844,125.66370614359174,7.719097692307647,617.8033310227155,51.04721682170941
0.3170000000000002,16.35266876220703,125.66370614359174,7.733900915670405,630.8881670744208,52.85691093491045
0.3180000000000002,16.468097686767578,125.66370614359174,7.752722529407766,647.5209961985798,54.89025493009525
0.31900000000000023,16.58913803100586,125.66370614359174,7.776662329692917,667.6299687687462,57.158011686384654
0.32000000000000023,16.716371536254883,125.66370614359174,7.806699771219756,663.968901241558,59.67014087614185
0.32100000000000023,16.84811782836914,125.66370614359174,7.832642433620403,647.023857390127,61.66370881143505
0.32200000000000023,16.98465919494629,125.66370614359174,7.849561365099909,632.0231198928926,63.796287186495945
0.32300000000000023,17.12633514404297,125.66370614359174,7.858752556010732,619.5365436658968,66.0907978062916
0.32400000000000023,17.273515701293945,125.66370614359174,7.861634724326921,609.9580750820292,68.5635695539128
0.32500000000000023,17.426593780517578,125.66370614359174,7.859677526223664,603.6302228438914,71.2305281278345
0.32600000000000023,17.585987091064453,125.66370614359174,7.8543874308649375,600.8414441247343,74.10720434566528
0.32700000000000023,17.75213050842285,125.66370614359174,7.847291552675259,601.8226470358583,77.20864713487252
0.32800000000000024,17.925477981567383,125.66370614359174,7.839918662261087,606.7442748328884,80.54937833325697
0.32900000000000024,18.106489181518555,125.66370614359174,7.833777395681398,615.7140090628299,84.14328241440474
0.33000000000000024,18.295635223388672,125.66370614359174,7.830331887641826,628.7751073524328,88.00357784965196
0.33100000000000024,18.49338722229004,125.66370614359174,7.830975292698475,645.905385837154,92.1427082271701
0.33200000000000024,18.700212478637695,125.66370614359174,7.837001919356786,667.016851270958,96.57225851794381
0.33300000000000024,18.91657066345215,125.66370614359174,7.849578957763734,667.0777258705126,101.30286146746144
0.33400000000000024,19.13959503173828,125.66370614359174,7.859566902981858,648.7394105395612,105.05450817613185
0.33500000000000024,19.36935043334961,125.66370614359174,7.860169231178713,632.7587400392,108.92935613502341
0.33600000000000024,19.6059627532959,125.66370614359174,7.852815495535394,619.8142491908234,112.95559128163994
0.33700000000000024,19.84958839416504,125.66370614359174,7.839098121536526,610.3512858991951,117.15118734904965
0.33800000000000024,20.100418090820312,125.66370614359174,7.820681403562532,604.7542038865276,121.53408356797588
0.33900000000000025,20.358659744262695,125.66370614359174,7.799284946482248,603.3427395347571,126.1220603340604
0.34000000000000025,20.624553680419922,125.66370614359174,7.77666399993059,606.3670936672324,130.93269935880485
0.34100000000000025,20.89834976196289,125.66370614359174,7.754585544131504,614.0036586095854,135.9830998223233
0.34200000000000025,21.180322647094727,125.66370614359174,7.734800017341712,626.3514678760107,141.28981759142383
0.34300000000000025,21.470754623413086,125.66370614359174,7.719008900247641,643.4294222382076,146.86858656502733
0.34400000000000025,21.769935607910156,125.66370614359174,7.708828772992627,665.1743414471812,152.73413102577626
0.34500000000000025,22.078161239624023,125.66370614359174,7.705752916352967,691.4398864965722,158.89995027757342
0.34600000000000025,22.395723342895508,125.66370614359174,7.711111989536644,677.9358741804219,165.3780296123005
0.34700000000000025,22.719083786010742,125.66370614359174,7.707671598397215,661.6124133507743,170.41201546199943
0.34800000000000025,23.048025131225586,125.66370614359174,7.6956126758511285,648.6116578940606,175.46211781566456
0.34900000000000025,23.382410049438477,125.66370614359174,7.676737791865383,639.5235385968358,180.5649283342725
0.35000000000000026,23.722156524658203,125.66370614359174,7.652971721261588,634.8264603680528,185.7448150512132
0.35100000000000026,24.067237854003906,125.66370614359174,7.626325713241134,634.9182766229358,191.02699801827086
0.35200000000000026,24.41767692565918,125.66370614359174,7.598871348425946,640.1088494378013,196.4373260354161
0.35300000000000026,24.773542404174805,125.66370614359174,7.572707921466613,650.6129213621308,202.00190034957953
0.35400000000000026,25.134946823120117,125.66370614359174,7.549922846701536,666.5440164666342,207.7466728593927
0.35500000000000026,25.502042770385742,125.66370614359174,7.532545366073648,687.9095184712786,213.69699255972554
0.35600000000000026,25.87501335144043,125.66370614359174,7.5224945719184655,714.6070593464548,219.87706968077674
0.35700000000000026,26.254070281982422,125.66370614359174,7.521523601373541,706.7415455277596,226.3094712877128
0.35800000000000026,26.6362361907959,125.66370614359174,7.514178308517945,689.7558147749666,231.27365776837706
0.35900000000000026,27.02105140686035,125.66370614359174,7.497853568422919,676.6341614682444,236.0628444271516
0.36000000000000026,27.408174514770508,125.66370614359174,7.4747021453824,668.1666027592336,240.72596968611205
0.36100000000000027,27.797353744506836,125.66370614359174,7.447071754944671,664.9453829590533,245.30371750648953
0.36200000000000027,28.18842887878418,125.66370614359174,7.417430818091786,667.4538863358468,249.8392869224499
0.36300000000000027,28.581321716308594,125.66370614359174,7.388328771128654,676.0556830341324,254.37771044127558
0.36400000000000027,28.976037979125977,125.66370614359174,7.362345899950815,690.983880560575,258.96508341841707
0.36500000000000027,29.372663497924805,125.66370614359174,7.342031944065859,712.3322154405054,263.6476691472359
0.36600000000000027,29.771347045898438,125.66370614359174,7.329834375934424,740.0481655733785,268.4708254792913
0.36700000000000027,30.17230987548828,125.66370614359174,7.3280187537528505,742.2127865354535,273.4781280081864
0.36800000000000027,30.573701858520508,125.66370614359174,7.324542928250296,725.756634511998,277.3982626135113
0.36900000000000027,30.974929809570312,125.66370614359174,7.3122597474797715,713.6327050389831,280.95571645036813
0.3700000000000003,31.375530242919922,125.66370614359174,7.293660271569598,706.8530134626412,284.21512063887735
0.3710000000000003,31.77516746520996,125.66370614359174,7.2715097522055965,706.1117166570892,287.2406422617897
0.3720000000000003,32.17361831665039,125.66370614359174,7.2487130919751115,711.9588963339176,290.100330056158
0.3730000000000003,32.5707893371582,125.66370614359174,7.228254570640309,724.7861580453736,292.86502187347185
0.3740000000000003,32.9666862487793,125.66370614359174,7.213122958865141,744.8126380593732,295.60664795680043
0.3750000000000003,33.36143493652344,125.66370614359174,7.206221699875342,772.0738350910073,298.39690390520303
0.3760000000000003,33.75524139404297,125.66370614359174,7.21026687857923,806.4136950371688,301.30531625312557
0.3770000000000003,34.148406982421875,125.66370614359174,7.227678189733944,801.3317184996215,304.3977818568797
0.3780000000000003,34.53993225097656,125.66370614359174,7.239815022038092,789.059107501101,306.7735604842125
0.3790000000000003,34.92921447753906,125.66370614359174,7.244645093560601,781.7498071352107,308.68619295160056
0.3800000000000003,35.31580352783203,125.66370614359174,7.244976721979487,780.3308199693489,310.2199552866263
0.3810000000000003,35.69938659667969,125.66370614359174,7.243816289713357,785.4746156138413,311.46375609429265
0.3820000000000003,36.07979202270508,125.66370614359174,7.244253482277537,797.667333945918,312.5102663276155
0.3830000000000003,36.45698165893555,125.66370614359174,7.249373936834842,817.1915952536554,313.45383348725125
0.3840000000000003,36.8310432434082,125.66370614359174,7.2621573311207515,844.1121836003932,314.38827302144745
0.3850000000000003,37.202186584472656,125.66370614359174,7.285364103823152,878.2661748415679,315.40462799391463
0.3860000000000003,37.57072067260742,125.66370614359174,7.321417140619361,869.5713245991127,316.58876134653633
0.3870000000000003,37.93648147583008,125.66370614359174,7.350596493002221,854.5146902675996,317.5892243197373
0.3880000000000003,38.298851013183594,125.66370614359174,7.370943994323515,844.3050209539557,318.04232814584265
0.3890000000000003,38.65734100341797,125.66370614359174,7.385356603029709,839.9991020015843,318.04493836285644
0.3900000000000003,39.011634826660156,125.66370614359174,7.396943049013673,842.3750300770342,317.70553469719334
0.3910000000000003,39.3615608215332,125.66370614359174,7.408897521571206,851.989889264126,317.1366592583931
0.3920000000000003,39.70709228515625,125.66370614359174,7.424402535472238,869.1590695210245,316.4521716184685
0.3930000000000003,40.048343658447266,125.66370614359174,7.4465175103775225,893.9399400302668,315.76440005349883
0.3940000000000003,40.385555267333984,125.66370614359174,7.478056837767994,926.1215760853514,315.1811629932878
0.3950000000000003,40.719078063964844,125.66370614359174,7.521464469057845,901.6924637334567,314.8028389853774
0.3960000000000003,41.04901123046875,125.66370614359174,7.55200845532243,881.5469207974759,314.423621633716
0.3970000000000003,41.37479019165039,125.66370614359174,7.57231907962367,866.881122802757,313.50458733485203
0.3980000000000003,41.69601821899414,125.66370614359174,7.585585802391683,858.7713892613149,312.1606396911233
0.3990000000000003,42.012447357177734,125.66370614359174,7.5951791807051885,858.0558760750187,310.5193465681835
0.4000000000000003,42.323997497558594,125.66370614359174,7.604549024693114,865.3009176747073,308.7113938606104
0.4010000000000003,42.630733489990234,125.66370614359174,7.617112995882555,880.7781425706526,306.8668777589995
0.4020000000000003,42.9328727722168,125.66370614359174,7.63612971618197,904.4488308536282,305.1118209833511
0.4030000000000003,43.230751037597656,125.66370614359174,7.664561584214335,883.286271940188,303.5644333986464
0.4040000000000003,43.5247688293457,125.66370614359174,7.683465546325692,854.0653573798428,302.28713637507985
0.4050000000000003,43.81440734863281,125.66370614359174,7.689670652179593,830.9769274592412,300.48301530825677
0.4060000000000003,44.09931564331055,125.66370614359174,7.686690744379877,815.4737337447197,298.28126307183754
0.4070000000000003,44.37929916381836,125.66370614359174,7.678357595147275,808.5978095088074,295.8268128495026
0.4080000000000003,44.65434646606445,125.66370614359174,7.6686521765135405,811.0640662512069,293.2677771985424
0.4090000000000003,44.924598693847656,125.66370614359174,7.661578292206226,823.2337647581556,290.7508722886977
0.4100000000000003,45.19034194946289,125.66370614359174,7.661014129748415,845.0961732017203,288.4170524257114
0.4110000000000003,45.45200729370117,125.66370614359174,7.670546196395743,827.4690052398248,286.397305726198
0.4120000000000003,45.70995330810547,125.66370614359174,7.673353740804771,796.6040655568446,284.63967949278754
0.4130000000000003,45.96381378173828,125.66370614359174,7.663949477301415,773.3287313247072,282.48477448948336
0.4140000000000003,46.21339416503906,125.66370614359174,7.646312826430315,759.2155834790356,280.07721414699563
0.4150000000000003,46.45866012573242,125.66370614359174,7.6247935592098415,755.3021485557947,277.5742171884773
0.4160000000000003,46.69975280761719,125.66370614359174,7.603892696114673,762.2319904842985,275.1334917929743
0.4170000000000003,46.93696594238281,125.66370614359174,7.588103555750028,780.2292771805304,272.90802692406095
0.4180000000000003,47.170745849609375,125.66370614359174,7.581725380171345,809.0835795493437,271.04118046021915
0.4190000000000003,47.401649475097656,125.66370614359174,7.588656801728831,791.4337105382581,269.66178583136366
0.4200000000000003,47.6297492980957,125.66370614359174,7.5884474299213585,766.5110307012501,268.30150603335437
0.4210000000000003,47.8548583984375,125.66370614359174,7.578423655774522,750.3657286434583,266.72504139526495
0.4220000000000003,48.07695770263672,125.66370614359174,7.562896036695022,744.3890666511419,265.0855721867732
0.4230000000000003,48.29618835449219,125.66370614359174,7.546466633137599,749.4288694474938,263.54122296390483
0.4240000000000003,48.51285171508789,125.66370614359174,7.533799071996321,765.8851043710159,262.24630551418204
0.4250000000000003,48.727386474609375,125.66370614359174,7.52942272545128,793.689767594489,261.34577979414985
0.4260000000000003,48.94035339355469,125.66370614359174,7.537512958746526,793.1250355723099,260.9700449635497
0.4270000000000003,49.15177917480469,125.66370614359174,7.545123707354175,766.6244603411204,260.6013720134926
0.4280000000000003,49.36149978637695,125.66370614359174,7.541353108208244,748.4549975377316,260.04357822135506
0.4290000000000003,49.56950378417969,125.66370614359174,7.530441010948893,740.3928086982079,259.45161940943433
0.4300000000000003,49.775936126708984,125.66370614359174,7.517066344045764,743.4853926045907,258.98598062642634
0.4310000000000003,49.98110580444336,125.66370614359174,7.506038257397114,758.3040847391869,258.8039160203392
0.43200000000000033,50.185455322265625,125.66370614359174,7.502092440020377,784.918862659157,259.05336113980775
0.43300000000000033,50.389549255371094,125.66370614359174,7.509659979499447,822.8862577414878,259.8672239991678
0.43400000000000033,50.594058990478516,125.66370614359174,7.532620903595597,805.4243091511261,261.35810948303316
0.43500000000000033,50.798343658447266,125.66370614359174,7.54616232774001,785.6122906024067,262.2001697892535
0.43600000000000033,51.002349853515625,125.66370614359174,7.550297401783279,775.0000355482097,262.98674298613895
0.43700000000000033,51.20619583129883,125.66370614359174,7.549486227722049,774.9319208397669,263.88442846895305
0.43800000000000033,51.41013717651367,125.66370614359174,7.548417361083056,786.1824464735746,265.0531125034292
0.43900000000000033,51.614585876464844,125.66370614359174,7.55176930073344,809.0047161098369,266.64403569835986
0.44000000000000034,51.820064544677734,125.66370614359174,7.563984319208988,843.1129742364741,268.7934161109186
0.44100000000000034,52.02721405029297,125.66370614359174,7.5890255276923035,826.0181599805511,271.61674867098867
0.44200000000000034,52.23506164550781,125.66370614359174,7.604348882350818,800.8030872792173,273.45164032924515
0.44300000000000034,52.44351577758789,125.66370614359174,7.607546128377171,784.7543317135483,275.195389233715
0.44400000000000034,52.65266036987305,125.66370614359174,7.603203831328474,779.532929536863,277.0330067840965
0.44500000000000034,52.862735748291016,125.66370614359174,7.596244379840289,786.1397847300187,279.1406604324262
0.44600000000000034,53.07413864135742,125.66370614359174,7.59166106036578,805.0095510997423,281.68542713050124
0.44700000000000034,53.28740692138672,125.66370614359174,7.594283975225467,835.9872738937061,284.81820966804776
0.44800000000000034,53.503177642822266,125.66370614359174,7.608521660503763,818.2591279094437,288.6669153616374
0.44900000000000034,53.720149993896484,125.66370614359174,7.6130807333483475,789.9724332630967,291.1492142378473
0.45000000000000034,53.938232421875,125.66370614359174,7.604589869301515,771.8808416942392,293.5446973173473
0.45100000000000035,54.157527923583984,125.66370614359174,7.588064841806862,765.8270617353107,296.0666653765905
0.45200000000000035,54.37831115722656,125.66370614359174,7.568923704290509,772.8979363606999,298.91485647312106
0.45300000000000035,54.60103988647461,125.66370614359174,7.552688264745326,793.5450363490564,302.2773293497418
0.45400000000000035,54.82630157470703,125.66370614359174,7.544719928453182,827.5594427468403,306.32210478469824
0.45500000000000035,55.054805755615234,125.66370614359174,7.549922834064851,810.1706831526726,311.18953881869476
0.45600000000000035,55.28495407104492,125.66370614359174,7.545463433378574,785.2869395057978,314.3222606811104
0.45700000000000035,55.51668167114258,125.66370614359174,7.529491512902894,771.9343862676108,317.41494929785375
0.45800000000000035,55.750144958496094,125.66370614359174,7.507495931107764,771.8767206553023,320.7080914182158
0.45900000000000035,55.98570251464844,125.66370614359174,7.485333461216198,786.0683868117765,324.42167456159194
0.46000000000000035,56.22386932373047,125.66370614359174,7.468899730548038,814.7574448030304,328.7590176077069
0.46100000000000035,56.46531677246094,125.66370614359174,7.46381763519534,857.4643678815592,333.8976911771734
0.46200000000000035,56.71083068847656,125.66370614359174,7.475092838305078,836.8877721431307,339.9808277478021
0.46300000000000036,56.95849609375,125.66370614359174,7.4741597698929105,819.4966236155229,343.9344053937232
0.46400000000000036,57.20827102661133,125.66370614359174,7.464231528174916,814.3959827075711,347.88227919457563
0.46500000000000036,57.46035385131836,125.66370614359174,7.451038585033343,823.0496840241672,352.08558937617653
0.46600000000000036,57.71512985229492,125.66370614359174,7.440524064645991,846.1470417454947,356.776821440064
0.46700000000000036,57.9731559753418,125.66370614359174,7.4385170086581835,883.6168396262052,362.16631734859453
0.46800000000000036,58.23514175415039,125.66370614359174,7.450383827054848,879.4404105547909,368.4321857979147
0.46900000000000036,58.49938201904297,125.66370614359174,7.4569511263583905,856.5616703423449,372.7682970215114
0.47000000000000036,58.76567077636719,125.66370614359174,7.451547852691968,845.2063810665377,376.89585075918063
0.47100000000000036,59.0340461730957,125.66370614359174,7.4398521252957455,847.5024474947098,381.10239764595514
0.47200000000000036,59.30476760864258,125.66370614359174,7.428010437810035,864.5876608571114,385.6570607755002
0.47300000000000036,59.57830047607422,125.66370614359174,7.422222116058557,896.7934975001541,390.8111135854376
0.47400000000000037,59.85528564453125,125.66370614359174,7.428379062265128,943.6143972753584,396.78573642563117
0.47500000000000037,60.13650131225586,125.66370614359174,7.451670932885968,923.6858490204354,403.7604691276175
0.47600000000000037,60.419898986816406,125.66370614359174,7.461820995712607,907.7653834577225,408.3287806095644
0.47700000000000037,60.70530700683594,125.66370614359174,7.46264647356336,904.4448291687128,412.72344079611094
0.47800000000000037,60.9928092956543,125.66370614359174,7.460134942070679,915.3254448997606,417.2589251437133
0.47900000000000037,61.28272247314453,125.66370614359174,7.460475673075296,941.1350158850572,422.22036571175727
0.48000000000000037,61.575557708740234,125.66370614359174,7.469689784769156,981.7245276080887,427.8667292434976
0.48100000000000037,61.87200164794922,125.66370614359174,7.4932349869330634,966.4414342863571,434.41741496084046
0.4820000000000004,62.170204162597656,125.66370614359174,7.505999497265098,943.4698563850521,438.7261448021281
0.4830000000000004,62.46982955932617,125.66370614359174,7.506436982381607,932.8972366341454,442.6458520018326
0.4840000000000004,62.77082443237305,125.66370614359174,7.500681796997454,936.8657859287379,446.5269327691258
0.4850000000000004,63.07339859008789,125.66370614359174,7.495268514958001,956.4873234209712,450.70020537351417
0.4860000000000004,63.37799835205078,125.66370614359174,7.496703466052175,991.9251188264097,455.4737469154806
0.4870000000000004,63.685272216796875,125.66370614359174,7.511047218228559,980.4633976758787,461.11667031498314
0.4880000000000004,63.99359893798828,125.66370614359174,7.517255519944647,953.127490130856,464.72238508559207
0.4890000000000004,64.30255889892578,125.66370614359174,7.509970643844754,939.0060788207401,467.8155299004985
0.4900000000000004,64.61205291748047,125.66370614359174,7.495754395488707,940.6076676054337,470.78829536343466
0.4910000000000004,64.92227935791016,125.66370614359174,7.481705568338771,959.2434080291033,474.01991960062816
0.4920000000000004,65.23368072509766,125.66370614359174,7.4749592487032,995.175773617214,477.86697085591413
0.4930000000000004,65.54695892333984,125.66370614359174,7.482219361804863,988.3244008067088,482.6445269306847
0.4940000000000004,65.86071014404297,125.66370614359174,7.483963580678836,962.4588881487879,485.6144309262465
0.4950000000000004,66.17453002929688,125.66370614359174,7.473298478889725,950.8874866166873,488.0501671357624
0.4960000000000004,66.48833465576172,125.66370614359174,7.457211530667219,956.1914475681939,490.37759840693826
0.4970000000000004,66.80235290527344,125.66370614359174,7.443242295209448,979.62270181459,493.0118786926948
0.4980000000000004,67.11710357666016,125.66370614359174,7.438908636426785,1021.2831935749301,496.3424936343878
0.4990000000000004,67.43333435058594,125.66370614359174,7.4511754393656275,1016.2473096385044,500.711211428928
0.5000000000000003,67.74981689453125,125.66370614359174,7.4584230528604945,995.3169437614524,503.4321174150322
0.5010000000000003,68.06615447998047,125.66370614359174,7.455114178290419,989.1751625930158,505.63006208153297
0.5020000000000003,68.38230895996094,125.66370614359174,7.448387304086356,1000.243850302263,507.7490658748303
0.5030000000000003,68.69853210449219,125.66370614359174,7.445826906442206,1029.5617515196743,510.22157884080883
0.5040000000000003,69.0153579711914,125.66370614359174,7.454850110806013,1076.9395570178494,513.4497236759001
0.5050000000000003,69.33358001708984,125.66370614359174,7.482133662290616,1065.3573416498998,517.7814150732695
0.5060000000000003,69.6519775390625,125.66370614359174,7.500726730107355,1047.1025119067021,520.428162509786
0.5070000000000003,69.97013854980469,125.66370614359174,7.5093094441456225,1043.5603745049814,522.5199263046859
0.5080000000000003,70.28800964355469,125.66370614359174,7.514963168857338,1056.943880046085,524.512648322166
0.5090000000000003,70.60582733154297,125.66370614359174,7.525075894448676,1088.0999413773459,526.8487774669741
0.5100000000000003,70.92412567138672,125.66370614359174,7.546743152856577,1136.584106219539,529.9364022009245
0.5110000000000003,71.24365997314453,125.66370614359174,7.586187333398064,1108.1871797839572,534.1230682295283
0.5120000000000003,71.56304931640625,125.66370614359174,7.609445394939801,1087.5438658513517,536.3373753491293
0.5130000000000003,71.8818588256836,125.66370614359174,7.6217149506407535,1081.9541652742919,537.9343048729102
0.5140000000000003,72.20001220703125,125.66370614359174,7.630221920512498,1093.4530531106097,539.3952927778179
0.5150000000000003,72.51773834228516,125.66370614359174,7.642382690224625,1122.7435632938893,541.1836589668947
0.5160000000000003,72.83555603027344,125.66370614359174,7.665242952130721,1104.948051327475,543.7228092328171
0.5170000000000003,73.15252685546875,125.66370614359174,7.6785423344315875,1066.4762365519937,544.89534315459
0.5180000000000003,73.46800994873047,125.66370614359174,7.674579922144522,1043.1999782169894,545.0828377737697
0.5190000000000003,73.78170776367188,125.66370614359174,7.661044124905635,1038.5334715257538,544.8179620608241
0.5200000000000004,74.09371185302734,125.66370614359174,7.646376808414058,1054.2126702309672,544.6453262044583
0.5210000000000004,74.40444946289062,125.66370614359174,7.639084810548461,1090.45091843384,545.085300113307
0.5220000000000004,74.71466064453125,125.66370614359174,7.647086168828658,1060.0962707021472,546.600099417157
0.5230000000000004,75.02323150634766,125.66370614359174,7.641398877828154,1031.0046147080714,546.4267338766529
0.5240000000000004,75.32977294921875,125.66370614359174,7.623928542049397,1020.8441862069951,545.640440673852
0.5250000000000004,75.63429260253906,125.66370614359174,7.603454877171023,1032.0847361191406,544.8268927753621
0.5260000000000004,75.93717956542969,125.66370614359174,7.589120557335756,1065.4581615964762,544.5544547075901
0.5270000000000004,76.2391357421875,125.66370614359174,7.589677159792159,1054.0412120754388,545.3402673016358
0.5280000000000004,76.53948211669922,125.66370614359174,7.58503570545078,1023.7470658566887,545.0644845459799
0.5290000000000004,76.83781433105469,125.66370614359174,7.568016227499719,1012.4561458112714,544.1167714554387
0.5300000000000004,77.13409423828125,125.66370614359174,7.54754902895646,1023.2188114372898,543.0966233345871
0.5310000000000004,77.42869567871094,125.66370614359174,7.533161654361934,1057.0928337387043,542.6008440022067
0.5320000000000004,77.72232818603516,125.66370614359174,7.534097564741292,1113.3292333032002,543.1799244902613
0.5330000000000004,78.01597595214844,125.66370614359174,7.5584680800271835,1087.063327635573,545.2983399498831
0.5340000000000004,78.30860137939453,125.66370614359174,7.569112817814273,1075.7189277515813,545.7688160434375
0.5350000000000004,78.60003662109375,125.66370614359174,7.574157814234628,1083.9224402730604,545.976325295759
0.5360000000000004,78.89051055908203,125.66370614359174,7.5822688661628215,1113.0974093369175,546.4965811686903
0.5370000000000004,79.18054962158203,125.66370614359174,7.601935738616136,1162.8854644193545,547.863277920091
0.5380000000000004,79.47098541259766,125.66370614359174,7.640678615506605,1135.8187643549056,550.5346920951475
0.5390000000000004,79.76082611083984,125.66370614359174,7.664629180581722,1113.3527852282061,551.6209347440764
0.5400000000000004,80.04969787597656,125.66370614359174,7.677360404465183,1108.7334535668138,552.1195186437474
0.5410000000000004,80.33763122558594,125.66370614359174,7.687216582719747,1124.2383762543611,552.6125606821593
0.5420000000000004,80.62496185302734,125.66370614359174,7.702714461660488,1160.2652486889751,553.6602726645683
0.5430000000000004,80.91234588623047,125.66370614359174,7.731748175328843,1127.48540874485,555.7610466427287
0.5440000000000004,81.19877624511719,125.66370614359174,7.744956587858531,1091.0933146118557,556.210820617928
0.5450000000000004,81.4837646484375,125.66370614359174,7.742229832113506,1073.5539736250244,555.8510323215278
0.5460000000000004,81.7672348022461,125.66370614359174,7.732566956933658,1078.0068344698516,555.3248496201019
0.5470000000000004,82.04947662353516,125.66370614359174,7.725485953384816,1105.4837152696025,555.2657676432183
0.5480000000000004,82.33113098144531,125.66370614359174,7.730155775072312,1074.223095155895,556.2501808266873
0.5490000000000004,82.61125183105469,125.66370614359174,7.721567760889334,1033.7160190406566,555.6326171691771
0.5500000000000004,82.889404296875,125.66370614359174,7.6969702978875185,1015.0784552544708,554.2847281841171
0.5510000000000004,83.16561126708984,125.66370614359174,7.666515442778692,1021.7505994779494,552.9252471228625
0.5520000000000004,83.4403076171875,125.66370614359174,7.64102414333531,1054.761464776035,552.258464187872
0.5530000000000004,83.71429443359375,125.66370614359174,7.630969943946406,1034.9289566520993,552.9203523142029
0.5540000000000004,83.98674011230469,125.66370614359174,7.612930588107396,1004.1616466651845,552.1712876114232
0.5550000000000004,84.25741577148438,125.66370614359174,7.583305192669774,997.5289687919799,550.9999140694398
0.5560000000000004,84.52652740478516,125.66370614359174,7.552977019973601,1018.0448437358617,550.1542187938977
0.5570000000000004,84.79470825195312,125.66370614359174,7.533318865205536,1066.1011673870223,550.3501208506891
0.5580000000000004,85.06294250488281,125.66370614359174,7.535014226868631,1057.2165702696473,552.2147852026003
0.5590000000000004,85.3304443359375,125.66370614359174,7.531782397618143,1040.2413973057114,552.7496046341951
0.5600000000000004,85.59712982177734,125.66370614359174,7.521352481142748,1046.849317167341,553.0942105936923
0.5610000000000004,85.86328887939453,125.66370614359174,7.514196299007864,1079.3831912316432,553.9645954860051
0.5620000000000004,86.129638671875,125.66370614359174,7.520909920995123,1137.5558699246121,556.0290389375735
0.5630000000000004,86.39717864990234,125.66370614359174,7.5510047344557,1125.359791860828,559.852297661036
0.5640000000000004,86.66495513916016,125.66370614359174,7.572247698644963,1111.9142645121565,562.0362179728098
0.5650000000000004,86.93282318115234,125.66370614359174,7.585682277624794,1119.7338054573554,563.9603604532374
0.5660000000000004,87.20101165771484,125.66370614359174,7.600833841868116,1150.913393565247,566.3037536048107
0.5670000000000004,87.47012329101562,125.66370614359174,7.6271993313907,1205.0304153788504,569.6931857596746
0.5680000000000004,87.74103546142578,125.66370614359174,7.673146163241646,1172.7928246439058,574.650060879731
0.5690000000000004,88.01240539550781,125.66370614359174,7.700871457378761,1149.4520295748966,577.2833285154499
0.5700000000000004,88.2839584350586,125.66370614359174,7.716208132696747,1146.658198473445,579.4096492923809
0.5710000000000004,88.55579376220703,125.66370614359174,7.728626883797649,1166.7709028785905,581.7381405323123
0.5720000000000004,88.82839965820312,125.66370614359174,7.747664698085415,1146.8662947725093,584.9248233010695
0.5730000000000004,89.10076904296875,125.66370614359174,7.756600624190314,1093.0744105762365,586.3432438560197
0.5740000000000004,89.37226867675781,125.66370614359174,7.742332592006995,1060.5878689449714,586.6013127129264
0.5750000000000004,89.64271545410156,125.66370614359174,7.715340763799448,1054.728588554947,586.5389843459615
0.5760000000000004,89.91242218017578,125.66370614359174,7.687391884526621,1077.7695733323244,587.0063802350348
0.5770000000000004,90.18212890625,125.66370614359174,7.670315318278569,1055.269791938654,588.786373901272
0.5780000000000004,90.45075225830078,125.66370614359174,7.644277724540014,1014.1552925385624,588.6343327814416
0.5790000000000004,90.71802520751953,125.66370614359174,7.602531625436086,1000.965180754428,587.9559928463772
0.5800000000000004,90.98419189453125,125.66370614359174,7.557702923254501,1019.7600463787451,587.7016648781079
0.5810000000000004,91.24998474121094,125.66370614359174,7.523265692660831,1071.2023639317392,588.776463621426
0.5820000000000004,91.51655578613281,125.66370614359174,7.512044429314286,1059.7774529546223,591.9620343707173
0.5830000000000004,91.7828369140625,125.66370614359174,7.494876660717205,1048.9459486098924,593.1819756257197
0.5840000000000004,92.04891967773438,125.66370614359174,7.473563996363637,1067.2162789082147,594.5752207917676
0.5850000000000004,92.31538391113281,125.66370614359174,7.460670570387269,1116.4072271221864,597.0400136105231
0.5860000000000004,92.58323669433594,125.66370614359174,7.468506495375307,1131.8541886046044,601.3694386973997
0.5870000000000004,92.851806640625,125.66370614359174,7.4802435226544635,1114.3471298243169,604.491243220976
0.5880000000000004,93.12091064453125,125.66370614359174,7.482548423944706,1121.317286824208,607.270721711962
0.5890000000000004,93.39081573486328,125.66370614359174,7.486551393943713,1156.314746306295,610.5688334843227
0.5900000000000004,93.66222381591797,125.66370614359174,7.503855818486846,1219.4378465988991,615.2002322512419
0.5910000000000004,93.93619537353516,125.66370614359174,7.544960081071688,1214.3105839797067,621.8489501913299
0.5920000000000004,94.2115707397461,125.66370614359174,7.57826990879034,1201.3229512249363,626.3627395160404
0.5930000000000004,94.48814392089844,125.66370614359174,7.602220860850879,1210.9890447710482,630.4999089825114
0.5940000000000004,94.76614379882812,125.66370614359174,7.627074357273878,1245.8454784320936,635.0883173853057
0.5950000000000004,95.04617309570312,125.66370614359174,7.663083571037536,1239.7778824265083,640.881713700517
0.5960000000000004,95.32720184326172,125.66370614359174,7.692227309477151,1196.4297997315507,644.7101976084931
0.5970000000000004,95.60858154296875,125.66370614359174,7.700091894819077,1174.5948950013697,647.3158043834471
0.5980000000000004,95.89015197753906,125.66370614359174,7.697379906878757,1179.7047976077433,649.6407258887128
0.5990000000000004,96.17225646972656,125.66370614359174,7.695973132453839,1213.6429361829519,652.6266159930324
0.6000000000000004,96.45567321777344,125.66370614359174,7.707462470199126,1180.606021982879,657.1160362140276
0.6010000000000004,96.73892974853516,125.66370614359174,7.703019556792006,1142.1463724596447,658.7687306570789
0.6020000000000004,97.02166748046875,125.66370614359174,7.682203605581687,1132.090344665323,659.7253371359168
0.6030000000000004,97.30408477783203,125.66370614359174,7.657930430406137,1154.3035798631654,661.0761168284572
0.6040000000000004,97.5869140625,125.66370614359174,7.6436585501868395,1141.549044456807,663.8366746968294
0.6050000000000004,97.86910247802734,125.66370614359174,7.623836092435528,1099.0144121529222,664.5579485628851
0.6060000000000004,98.15029907226562,125.66370614359174,7.58697732287625,1087.301502294607,664.5443891820746
0.6070000000000004,98.43073272705078,125.66370614359174,7.547131866855723,1111.441115253874,664.9909843963561
0.6080000000000004,98.71122741699219,125.66370614359174,7.519415669390109,1172.1365098564181,667.0415628720771
0.6090000000000004,98.99307250976562,125.66370614359174,7.518086911446829,1160.6447002628772,671.6712722413018
0.6100000000000004,99.27505493164062,125.66370614359174,7.509544539238699,1157.4576800240893,673.887693686561
0.6110000000000004,99.55732727050781,125.66370614359174,7.499216663855999,1186.6377768423843,676.4228968522087
0.6120000000000004,99.84059143066406,125.66370614359174,7.500832274711755,1249.3514627160862,680.373265591845
0.6130000000000004,100.12600708007812,125.66370614359174,7.527328300198678,1250.9891260065929,686.6716878079288
0.6140000000000004,100.41252899169922,125.66370614359174,7.549863410948503,1241.4036548444249,690.8998658637565
0.6150000000000004,100.70001220703125,125.66370614359174,7.565242270774264,1259.1620196408196,694.8701072631403
0.6160000000000004,100.98884582519531,125.66370614359174,7.585537110930202,1306.7831151504502,699.6248676089095
0.6170000000000004,101.27986145019531,125.66370614359174,7.622618409907444,1304.8332748137682,706.0988146833641
0.6180000000000004,101.57201385498047,125.66370614359174,7.65390398419673,1274.305481933935,710.4865335300212
0.6190000000000004,101.86478424072266,125.66370614359174,7.668768342915411,1268.6959483273636,713.8434260043082
0.6200000000000004,102.158203125,125.66370614359174,7.67902934438738,1292.6607335524122,717.2696067864007
0.6210000000000004,102.45281219482422,125.66370614359174,7.697208920108908,1346.6290305359407,721.8232349225315
0.6220000000000004,102.74958038330078,125.66370614359174,7.734733340142779,1302.559857496234,728.3950061782333
0.6230000000000004,103.04671478271484,125.66370614359174,7.749252706746871,1277.3898319155956,731.3106287655709
0.6240000000000004,103.34394073486328,125.66370614359174,7.751350538809162,1281.508141855345,733.6528201889278
0.6250000000000004,103.64155578613281,125.66370614359174,7.7540334396657755,1317.1338114401774,736.6072407154595
0.6260000000000004,103.94033813476562,125.66370614359174,7.769964599704031,1270.402090114147,741.217602015026
0.6270000000000004,104.23860168457031,125.66370614359174,7.76422144705658,1231.3449207786484,742.2956653084756
0.6280000000000004,104.53595733642578,125.66370614359174,7.742267358120361,1225.0306219567497,742.5701845497085
0.6290000000000004,104.83268737792969,125.66370614359174,7.718746322811857,1250.3750520636963,743.4022156277528
0.6300000000000004,105.12948608398438,125.66370614359174,7.706586231971365,1215.1175300401594,745.7063882922752
0.6310000000000004,105.42504119873047,125.66370614359174,7.679728567375668,1179.5811791995056,745.2367700802265
0.6320000000000005,105.71914672851562,125.66370614359174,7.63969924979916,1181.4270985380294,744.2795093441079
0.6330000000000005,106.01227569580078,125.66370614359174,7.602915810375787,1210.2493964439432,744.3276762240853
0.6340000000000005,106.30506896972656,125.66370614359174,7.580037411352233,1198.029478137454,745.7197090500127
0.6350000000000005,106.5968017578125,125.66370614359174,7.5525765919911665,1179.3492615379575,745.5601933738241
0.6360000000000005,106.88748931884766,125.66370614359174,7.518794074988134,1196.3142093532056,745.3891778073112
0.6370000000000005,107.17767333984375,125.66370614359174,7.494097591267129,1236.792741644849,746.3899921121639
0.6380000000000005,107.46805572509766,125.66370614359174,7.4873784758100745,1243.7508525250614,748.877795926359
0.6390000000000005,107.75823974609375,125.66370614359174,7.482677357217061,1240.2289575494467,750.52124882763
0.6400000000000005,108.04829406738281,125.66370614359174,7.476102735989628,1266.3744770225715,752.3164587242289
0.6410000000000005,108.33876037597656,125.66370614359174,7.480294545242718,1311.3486298210594,755.274560799363
0.6420000000000005,108.63028717041016,125.66370614359174,7.501976608634096,1319.090161107046,759.647278246468
0.6430000000000005,108.92239379882812,125.66370614359174,7.52361057426235,1310.2306726576103,763.0164659498419
0.6440000000000005,109.21495056152344,125.66370614359174,7.538827766007579,1326.4197387923787,766.0822920083268
0.6450000000000005,109.50823974609375,125.66370614359174,7.558720252337926,1356.6277502260016,769.8140563912923
0.6460000000000005,109.80264282226562,125.66370614359174,7.588518230224097,1347.3573917305935,774.3538504178664
0.6470000000000005,110.0973892211914,125.66370614359174,7.610840879443404,1317.1851668289405,777.2466306525444
0.6480000000000005,110.39202117919922,125.66370614359174,7.618044785878594,1311.0336725375432,779.1284424972025
0.6490000000000005,110.68657684326172,125.66370614359174,7.621521791499158,1319.4048846406674,781.0727781386139
0.6500000000000005,110.98116302490234,125.66370614359174,7.627522169372969,1292.648665064545,783.2844923169291
0.6510000000000005,111.27484893798828,125.66370614359174,7.621406604748979,1244.2588393376614,783.3964968766219
0.6520000000000005,111.56707763671875,125.66370614359174,7.5953796504699325,1224.4387961401549,782.254977412896
0.6530000000000005,111.85789489746094,125.66370614359174,7.56295127359406,1225.3422333654148,781.1773476725051
0.6540000000000005,112.14750671386719,125.66370614359174,7.533102857568438,1200.05448612787,780.544553343609
0.6550000000000005,112.43511962890625,125.66370614359174,7.4946189976239275,1155.1607779307164,778.1040726098544
0.6560000000000005,112.720458984375,125.66370614359174,7.440110788908652,1145.1735819632124,775.0104776418511
0.6570000000000005,113.0039291381836,125.66370614359174,7.385449104287057,1162.0576997036958,772.7822897639412
0.6580000000000005,113.2861328125,125.66370614359174,7.341750175435431,1158.4706350566403,771.880792784381
0.6590000000000005,113.56664276123047,125.66370614359174,7.29902986555814,1137.1033478033737,769.9882539534793
0.6600000000000005,113.8456039428711,125.66370614359174,7.250123519447231,1152.468896941748,768.4195702726713
0.6610000000000005,114.12383270263672,125.66370614359174,7.211286873179143,1194.3439693245589,768.65810087479
0.6620000000000005,114.40223693847656,125.66370614359174,7.1927800566941364,1212.361922966773,770.9934130473781
0.6630000000000005,114.68058013916016,125.66370614359174,7.181881696192785,1211.8799987409298,772.7595523960139
0.6640000000000005,114.95915222167969,125.66370614359174,7.170746543064729,1242.97637882674,775.2318866295008
0.6650000000000005,115.23880767822266,125.66370614359174,7.17306679161948,1293.3288832763471,779.6403289276734
0.6660000000000005,115.52033233642578,125.66370614359174,7.195511361091231,1309.810376982253,785.9425812618359
0.6670000000000005,115.80319213867188,125.66370614359174,7.220874685343167,1305.3150027224262,790.9904989623741
0.6680000000000005,116.0873794555664,125.66370614359174,7.240630978375481,1324.7107731255244,796.0604752196348
0.6690000000000005,116.37332916259766,125.66370614359174,7.265609876875689,1356.1061884358205,802.1649648559032
0.6700000000000005,116.6613540649414,125.66370614359174,7.300158800978556,1346.2527770004217,809.0610087260235
0.6710000000000005,116.95030975341797,125.66370614359174,7.325502453899428,1314.787136832266,813.2740982431799
0.6720000000000005,117.2397232055664,125.66370614359174,7.333942425222249,1304.674879741535,816.4357915125104
0.6730000000000005,117.52961730957031,125.66370614359174,7.336254377319793,1307.0483685274276,819.6236197177748
0.6740000000000005,117.81995391845703,125.66370614359174,7.3382138705642115,1270.4643555955363,822.7290967667095
0.6750000000000005,118.10919952392578,125.66370614359174,7.3233124844028135,1216.3946111925493,822.2402303586595
0.6760000000000005,118.39686584472656,125.66370614359174,7.285984729387596,1189.37272840017,820.5395594095237
0.6770000000000005,118.68302154541016,125.66370614359174,7.2396132998726435,1183.2126535003513,819.0007028013309
0.6780000000000005,118.96784973144531,125.66370614359174,7.193655003661744,1147.0252601367272,817.8480301535776
0.6790000000000005,119.25006103515625,125.66370614359174,7.134783194599512,1100.9140961011128,813.6055706411615
0.6800000000000005,119.52971649169922,125.66370614359174,7.060155843831945,1090.0639785494404,809.4540607866825
0.6810000000000005,119.80751037597656,125.66370614359174,6.986120671546025,1107.8028756736755,806.9261347912994
0.6820000000000005,120.08427429199219,125.66370614359174,6.924823116973037,1100.2420125168783,806.3725606309483
0.6830000000000005,120.35928344726562,125.66370614359174,6.863145776512567,1088.8930485266542,804.0283309994962
0.6840000000000005,120.63328552246094,125.66370614359174,6.800495286788743,1114.1081212146487,803.4942872185892
0.6850000000000005,120.90754699707031,125.66370614359174,6.75312299396311,1166.276739292962,805.9945316130345
0.6860000000000005,121.1833267211914,125.66370614359174,6.7314842105814385,1185.868230400617,811.5504007600683
0.6870000000000005,121.46000671386719,125.66370614359174,6.71721282678732,1202.8839756869445,815.6487448050833
0.6880000000000005,121.73847198486328,125.66370614359174,6.710091493578376,1247.608196082481,821.9221625524413
0.6890000000000005,122.01983642578125,125.66370614359174,6.721697103355954,1308.7289458165644,830.9348912471837
0.6900000000000005,122.30497741699219,125.66370614359174,6.757128632676012,1321.7904670158532,842.179171547105
0.6910000000000005,122.59260559082031,125.66370614359174,6.790978767556073,1330.4943341395526,850.3057184049095
0.6920000000000005,122.88297271728516,125.66370614359174,6.8232034441459,1355.2084744725046,859.0971291273361
0.6930000000000005,123.17634582519531,125.66370614359174,6.860992980226894,1386.752673025115,868.6203850992248
0.6940000000000005,123.47273254394531,125.66370614359174,6.9067371046447565,1359.135032364997,878.205804013369
0.6950000000000005,123.76982879638672,125.66370614359174,6.932868792521023,1328.381815993745,882.1277512648425
0.6960000000000005,124.06719970703125,125.66370614359174,6.941695311527803,1310.6897445622285,884.9639287002627
0.6970000000000005,124.36444091796875,125.66370614359174,6.940826758897529,1301.7459994256092,886.8343271971687
0.6980000000000005,124.66111755371094,125.66370614359174,6.935309940301988,1236.6142507035895,887.5996045585358
0.6990000000000005,124.95460510253906,125.66370614359174,6.900488180798481,1177.1538714371593,881.7695813302698
0.7000000000000005,125.24466705322266,125.66370614359174,6.842755839174592,1140.4052288798398,875.3044457067745
0.7010000000000005,125.5312728881836,125.66370614359174,6.773859255831959,1124.094783628588,868.6727710046061
0.7020000000000005,125.81462860107422,125.66370614359174,6.7037607732315125,1063.5189694987923,862.5067328640177
0.7030000000000005,126.09286499023438,125.66370614359174,6.611365479629566,1021.102477503968,851.5578332218003
0.7040000000000005,126.366943359375,125.66370614359174,6.507864828806208,1013.0879298448718,842.9648162717374
0.7050000000000005,126.63795471191406,125.66370614359174,6.409043832796742,1034.3436426507535,837.0469091427033
0.7060000000000005,126.90728759765625,125.66370614359174,6.327915509918585,1017.135401932782,834.6188502139846
0.7070000000000005,127.17406463623047,125.66370614359174,6.242828901129102,1025.7636033878318,829.9221630516412
0.7080000000000005,127.44031524658203,125.66370614359174,6.168641647789721,1068.1464530511137,830.3786714724636
0.7090000000000005,127.70775604248047,125.66370614359174,6.1195331969421325,1135.2322466597286,835.2027825265641
0.7100000000000005,127.9781265258789,125.66370614359174,6.105096039657291,1153.4126248638238,844.5308809674586
0.7110000000000005,128.2504425048828,125.66370614359174,6.095603288118384,1195.9621273796063,851.3586188724535
0.7120000000000005,128.52647399902344,125.66370614359174,6.105587230364233,1256.617061995681,862.7831487306428
0.7130000000000005,128.80706787109375,125.66370614359174,6.140476800012325,1290.3866174296693,876.4953130507167
0.7140000000000005,129.0899200439453,125.66370614359174,6.183157151430297,1291.7600077505444,884.294065818711
0.7150000000000005,129.37503051757812,125.66370614359174,6.220098454588219,1313.1932170974965,892.1451677759421
0.7160000000000005,129.66297912597656,125.66370614359174,6.261937460964634,1339.9611677356065,901.5714789661085
0.7170000000000005,129.9532470703125,125.66370614359174,6.3100919512720814,1326.6830406954546,909.6484181799156
0.7180000000000005,130.2420654296875,125.66370614359174,6.3450341417232705,1281.730396502382,907.9470733426355
0.7190000000000005,130.5285186767578,125.66370614359174,6.356425985204624,1252.0286258802464,903.8422495744328
0.7200000000000005,130.8123779296875,125.66370614359174,6.35459270620611,1228.7791084183673,899.0950786535589
0.7210000000000005,131.0926513671875,125.66370614359174,6.343968064229133,1170.2010690506684,891.626019708197
0.7220000000000005,131.36529541015625,125.66370614359174,6.309286606595857,1087.775104059353,873.5300196107133
0.7230000000000005,131.62998962402344,125.66370614359174,6.24393165940516,1030.4464663043718,854.3852825515602
0.7240000000000005,131.88726806640625,125.66370614359174,6.1621568710958226,994.6062072076274,836.5808667384484
0.7250000000000005,132.1373291015625,125.66370614359174,6.074757410815621,939.0578612532621,819.1074784577468
0.7260000000000005,132.37747192382812,125.66370614359174,5.9715531297126,872.2457535604266,794.4268963031528
0.7270000000000005,132.60928344726562,125.66370614359174,5.849888578054388,844.0928282763449,773.7290493433593
0.7280000000000005,132.8350372314453,125.66370614359174,5.728670393984224,849.7547278074128,759.044328548488
0.7290000000000005,133.056640625,125.66370614359174,5.6231758487884544,843.2488128712536,749.279703098353
0.7300000000000005,133.27276611328125,125.66370614359174,5.523319964198137,833.8236116945401,735.9471067552064
0.7310000000000005,133.486328125,125.66370614359174,5.429967331813977,864.0051444680719,730.313277292281
0.7320000000000005,133.7002716064453,125.66370614359174,5.36167522610658,923.540271564648,732.568981522187
0.7330000000000005,133.91664123535156,125.66370614359174,5.33031516515437,958.7372212817916,740.2596629088695
0.7340000000000005,134.13356018066406,125.66370614359174,5.316195704871739,989.4824157524597,742.996552852024
0.7350000000000005,134.35313415527344,125.66370614359174,5.319957035361783,1044.0977163862008,751.4148810441797
0.7360000000000005,134.57676696777344,125.66370614359174,5.351184920562203,1109.8287367858532,763.5862851222588
0.7370000000000005,134.80447387695312,125.66370614359174,5.412087749294664,1127.7182882821405,775.9604313958336
0.7380000000000005,135.0321044921875,125.66370614359174,5.472027708010927,1134.3647390686924,777.0665426502303
0.7390000000000005,135.25958251953125,125.66370614359174,5.531550544300485,1146.7714972652523,778.0503294036457
0.7400000000000005,135.4859161376953,125.66370614359174,5.594051128852736,1156.4412304602745,776.2672003011467
0.7410000000000005,135.7090606689453,125.66370614359174,5.65940871234997,1105.1229620892948,768.9331395659373
0.7420000000000005,135.9231414794922,125.66370614359174,5.696921264755082,1041.8558164609599,745.5711116308998
0.7430000000000005,136.12730407714844,125.66370614359174,5.710153219651485,983.5214088906055,719.7337839026443
0.7440000000000005,136.32005310058594,125.66370614359174,5.7050264872570775,928.041597209636,689.6485473696438
0.7450000000000006,136.49969482421875,125.66370614359174,5.68660241757301,821.9439465790706,654.8515011847445
0.7460000000000006,136.6615447998047,125.66370614359174,5.630503852750455,714.9608049100437,607.0054868418144
0.7470000000000006,136.8068389892578,125.66370614359174,5.543205593952954,632.4162052689533,562.3738296799603
0.7480000000000006,136.9363250732422,125.66370614359174,5.43759144590931,572.0789773765914,519.6957131279739
0.7490000000000006,137.05117797851562,125.66370614359174,5.32543657255451,484.1841195911131,480.0136244512227
0.7500000000000006,137.14974975585938,125.66370614359174,5.188717515300555,409.9514247671016,435.7229745212691
0.7510000000000006,137.2364959716797,125.66370614359174,5.037204305214315,380.07181595907616,403.5641273356879
0.7520000000000006,137.31471252441406,125.66370614359174,4.890944839346514,384.24830997767424,380.36722880597364
0.7530000000000006,137.38763427734375,125.66370614359174,4.766301130790875,371.8318996005312,366.06983117505285
0.7540000000000006,137.4551239013672,125.66370614359174,4.6464680103799285,377.11480880109883,351.29762689956516
0.7550000000000006,137.52235412597656,125.66370614359174,4.5445067998216775,424.8139226020392,350.8019845099293
0.7560000000000006,137.59205627441406,125.66370614359174,4.479871436430631,496.9913915288632,357.7820772708035
0.7570000000000006,137.66604614257812,125.66370614359174,4.464139642424213,537.8284456509787,369.8201776805566
0.7580000000000006,137.74200439453125,125.66370614359174,4.469028988028759,585.8764076254822,375.4137775885152
0.7590000000000006,137.822265625,125.66370614359174,4.504253597649208,652.5116927350845,387.5395390207537
0.7600000000000006,137.90591430664062,125.66370614359174,4.575447487888199,720.4618708258934,397.11524421251437
0.7610000000000006,137.99093627929688,125.66370614359174,4.682012557982069,728.786173285405,401.1988690811176
0.7620000000000006,138.07139587402344,125.66370614359174,4.783452934065891,730.23656835717,388.8195260369739
0.7630000000000006,138.146240234375,125.66370614359174,4.8868844884111695,729.1026284374391,373.55995795381415
0.7640000000000006,138.2117919921875,125.66370614359174,4.992414240675142,691.0694389357154,348.0522168125423
0.7650000000000006,138.25901794433594,125.66370614359174,5.084150414317205,595.7071385025155,297.5158536862075
0.7660000000000006,138.28671264648438,125.66370614359174,5.141693805369418,504.10085590128716,243.55053246400573
0.7670000000000006,138.2945556640625,125.66370614359174,5.172449628736038,418.78389333196367,188.66690977610034
0.7680000000000006,138.28076171875,125.66370614359174,5.183304724614994,334.95514068523215,128.8424222323221
0.7690000000000006,138.2443389892578,125.66370614359174,5.179303053620367,196.7066438205132,66.19682004015037
0.7700000000000006,138.18270874023438,125.66370614359174,5.130126775568834,69.89031457756,-3.485891680821196
0.7710000000000006,138.0994873046875,125.66370614359174,5.0469399298920665,-23.82258464365998,-63.13853547219852
0.7720000000000006,137.99716186523438,125.66370614359174,4.945040147346244,-92.64819235490941,-115.82948200252453
0.7730000000000006,137.87887573242188,125.66370614359174,4.8356629319664926,-188.00524814313272,-159.7476789452687
0.7740000000000006,137.74610900878906,125.66370614359174,4.695851653938238,-255.81129265462957,-199.52728149844086
0.7750000000000006,137.60552978515625,125.66370614359174,4.53960237140844,-271.3381327359628,-220.86186856447063
0.7760000000000006,137.46176147460938,125.66370614359174,4.390182955845358,-251.079657415413,-229.41992375915646
0.7770000000000006,137.31887817382812,125.66370614359174,4.264633613639809,-199.5032817284013,-226.7581165229331
0.7780000000000006,137.1798858642578,125.66370614359174,4.1789093264491335,-203.3860454912722,-215.91077494295567
0.7790000000000006,137.04702758789062,125.66370614359174,4.08517177902195,-136.83322231789572,-198.93070641248624
0.7800000000000006,136.92210388183594,125.66370614359174,4.033384017941161,-48.59976417973372,-177.02189640601537
0.7810000000000006,136.80545043945312,125.66370614359174,4.036251402824709,4.815776367884068,-154.24245248843775
0.7820000000000006,136.6942138671875,125.66370614359174,4.062502909281762,64.49690616369749,-139.37280841968237
0.7830000000000006,136.58883666992188,125.66370614359174,4.122568362915324,139.93027305218595,-123.2645822407511
0.7840000000000006,136.48658752441406,125.66370614359174,4.2239802922678,212.16886091738,-114.68884806057487
0.7850000000000006,136.3834686279297,125.66370614359174,4.365215456693601,219.79240431400382,-116.9791826073003
0.7860000000000006,136.27308654785156,125.66370614359174,4.501689566409514,217.52053620608325,-136.67421351884403
0.7870000000000006,136.15318298339844,125.66370614359174,4.639509716833219,211.8739482107586,-162.49831854144065
0.7880000000000006,136.01942443847656,125.66370614359174,4.780394959253771,191.8981366081143,-200.08239275615102
0.7890000000000006,135.86749267578125,125.66370614359174,4.922234005575784,95.6175418808579,-249.27091529486097
0.7900000000000006,135.69223022460938,125.66370614359174,5.023588776372025,-6.406564726468925,-312.31025142795994
0.7910000000000006,135.4936981201172,125.66370614359174,5.093193574937732,-101.33685713436293,-374.89778132977
0.7920000000000006,135.2711181640625,125.66370614359174,5.138510080913014,-194.81581175779783,-439.4088789881701
0.7930000000000006,135.02462768554688,125.66370614359174,5.163381549828293,-343.8192019754296,-503.2509732650252
0.7940000000000006,134.7542724609375,125.66370614359174,5.135198669378483,-476.351177648824,-566.5855552915611
0.7950000000000006,134.46543884277344,125.66370614359174,5.064574476942508,-570.6409143679525,-615.087422069906
0.7960000000000006,134.16253662109375,125.66370614359174,4.967243710601726,-635.816180724683,-651.5579422289575
0.7970000000000006,133.85031127929688,125.66370614359174,4.853920472737765,-670.1986362866845,-675.0282958096159
0.7980000000000006,133.533447265625,125.66370614359174,4.735985248588433,-765.1830109360787,-685.8972159575396
0.7990000000000006,133.2178192138672,125.66370614359174,4.5645373246975955,-767.4701248709227,-681.0367885751914
0.8000000000000006,132.9090576171875,125.66370614359174,4.390311821776371,-729.2705400791015,-661.3038062681375
0.8010000000000006,132.61175537109375,125.66370614359174,4.231882063534283,-655.6592262423133,-629.4499217844696
0.8020000000000006,132.32907104492188,125.66370614359174,4.107980123671518,-631.8394464986043,-589.5165254499658
0.8030000000000006,132.06407165527344,125.66370614359174,3.97514232226839,-534.0049032994672,-541.6301439114668
0.8040000000000006,131.81846618652344,125.66370614359174,3.8861278120903506,-411.968401931759,-489.582827767759
0.8050000000000006,131.59207153320312,125.66370614359174,3.85814716720321,-275.4975624760365,-438.21001687467293
0.8060000000000006,131.3827362060547,125.66370614359174,3.9019533128665627,-210.3827737254509,-392.7783331536871
0.8070000000000006,131.1880645751953,125.66370614359174,3.9584568458313183,-104.61877241989598,-353.7144967261586
0.8080000000000006,131.0044708251953,125.66370614359174,4.064247806643086,-3.864214229366574,-324.24090299413706
0.8090000000000006,130.8270721435547,125.66370614359174,4.216848514681447,34.486747518692916,-307.6252655170823
0.8100000000000006,130.6487274169922,125.66370614359174,4.371749378454288,53.95679379982376,-309.7589330755221
0.8110000000000006,130.4668426513672,125.66370614359174,4.529046703451493,68.65201353517395,-318.54158641975346
0.8120000000000006,130.27655029296875,125.66370614359174,4.689560766775077,65.402176236054,-340.02601448803546
0.8130000000000006,130.07310485839844,125.66370614359174,4.849286101193328,-11.919949886340856,-373.80094204416133
0.8140000000000006,129.8507080078125,125.66370614359174,4.968355067818116,-105.68825080126778,-422.36557141202945
0.8150000000000006,129.60980224609375,125.66370614359174,5.049801348440897,-192.8012417072563,-469.6045063467011
0.8160000000000006,129.3495635986328,125.66370614359174,5.10118825581341,-280.6069988617894,-518.7544841808123
0.8170000000000006,129.07020568847656,125.66370614359174,5.125633558249929,-364.4412393661729,-567.0303079836315
0.8180000000000006,128.7728729248047,125.66370614359174,5.126718380406604,-535.6170201807397,-612.0641894343629
0.8190000000000006,128.4611053466797,125.66370614359174,5.049788267203317,-632.577462683912,-647.7030290747228
0.8200000000000006,128.13970947265625,125.66370614359174,4.936462226265926,-699.3088118862496,-670.8462438092345
0.8210000000000006,127.81409454345703,125.66370614359174,4.797531035431516,-733.1654050367658,-679.9881747732317
0.8220000000000006,127.48980712890625,125.66370614359174,4.644613962253483,-815.8197396246571,-674.938275867322
0.8230000000000006,127.17351531982422,125.66370614359174,4.43426274381909,-809.4084825110813,-652.9788881066895
0.8240000000000006,126.87191009521484,125.66370614359174,4.213432660654907,-758.1235209709143,-614.2340500629905
0.8250000000000006,126.59085845947266,125.66370614359174,4.002428098315575,-666.3836562873382,-560.8856741427002
0.8260000000000006,126.33487701416016,125.66370614359174,3.8231241833574074,-607.1529634157982,-496.45998956734576
0.8270000000000006,126.10794067382812,125.66370614359174,3.641958899599038,-478.8574278470486,-422.36587212915094
0.8280000000000006,125.91284942626953,125.66370614359174,3.5109865249059764,-322.5756447659767,-341.5719445383782
0.8290000000000006,125.75053405761719,125.66370614359174,3.4524369146599003,-148.57016704441259,-258.7122955447717
0.8300000000000006,125.61984252929688,125.66370614359174,3.4805727180604613,-28.490120467811504,-179.04281630504167
0.8310000000000006,125.51839447021484,125.66370614359174,3.5429471442568277,120.72486726711568,-105.48978605298095
0.8320000000000006,125.4427261352539,125.66370614359174,3.667428062814845,263.2488502481606,-40.78971134504794
0.8330000000000006,125.3878402709961,125.66370614359174,3.8469497218365944,350.7662954114547,11.351381459453846
0.8340000000000006,125.34425354003906,125.66370614359174,4.036369665375066,406.13090370612775,39.63735428400387
0.8350000000000006,125.30933380126953,125.66370614359174,4.228655172966279,450.89290236070434,61.35498773726211
0.8360000000000006,125.27690887451172,125.66370614359174,4.419936783098579,470.9363339817343,67.58129344882182
0.8370000000000006,125.24068450927734,125.66370614359174,4.6039035717743975,419.65997818104967,58.04371467768037
0.8380000000000006,125.19110870361328,125.66370614359174,4.7442416496961375,335.1843752963818,24.57512986164246
0.8390000000000006,125.12738800048828,125.66370614359174,4.839468217786341,248.16411914906868,-10.832251377006639
0.8400000000000006,125.0468978881836,125.66370614359174,4.894881438944248,154.59843820305875,-52.78616339770772
0.8410000000000006,124.94812774658203,125.66370614359174,4.913930643165533,19.111725029075785,-98.44153229653078
0.8420000000000006,124.82709503173828,125.66370614359174,4.875413925769391,-129.86940213561678,-153.9290995435176
0.8430000000000006,124.68956756591797,125.66370614359174,4.7763681945242435,-240.0965649399232,-194.92288344009134
0.8440000000000006,124.53997039794922,125.66370614359174,4.633581189355902,-318.1408140683297,-224.7923601365817
0.8450000000000006,124.38362884521484,125.66370614359174,4.459861525807539,-361.2698796204629,-241.313206167524
0.8460000000000006,124.2266616821289,125.66370614359174,4.268537971801704,-432.53471186442937,-242.58164014293413
0.8470000000000006,124.07489013671875,125.66370614359174,4.026007063364756,-431.2185881340091,-229.41838023554126
0.8480000000000006,123.93665313720703,125.66370614359174,3.771966008874045,-376.56132425412653,-195.65852022223172
0.8490000000000006,123.81946563720703,125.66370614359174,3.5325848999414524,-276.2857116481626,-143.35992305453027
0.8500000000000006,123.72997283935547,125.66370614359174,3.334765817176651,-186.23026289730757,-74.73968705758283
0.8510000000000006,123.67220306396484,125.66370614359174,3.158114223347381,-42.90504152688018,3.724469429315505
0.8520000000000006,123.6517105102539,125.66370614359174,3.0496980250513035,137.04347423210956,95.90979319371733
0.8530000000000006,123.67142486572266,125.66370614359174,3.0360732019444856,337.32010311517075,195.36797318172177
0.8540000000000006,123.73210906982422,125.66370614359174,3.1270641392393235,499.2993388353281,296.8544450393958
0.8550000000000006,123.83038330078125,125.66370614359174,3.268453287744248,674.0832830897222,390.2157757041892
0.8560000000000006,123.96461486816406,125.66370614359174,3.472786820171389,843.2172841515909,479.7854030469361
0.8570000000000007,124.13008117675781,125.66370614359174,3.724567190246186,954.5114367259775,557.9884764058986
0.8580000000000007,124.31488800048828,125.66370614359174,3.973233204880294,1029.444619848051,606.9541767838572
0.8590000000000007,124.5147705078125,125.66370614359174,4.214977833990709,1082.5715782185728,645.5070988416624
0.8600000000000007,124.7232666015625,125.66370614359174,4.442491932688767,1083.7411946748928,668.0888263731086
0.8610000000000007,124.92372131347656,125.66370614359174,4.635252923864327,1005.5041082181465,649.1274046493467
0.8620000000000007,125.11051940917969,125.66370614359174,4.770608798266222,908.3225877983526,615.9769227544183
0.8630000000000007,125.28021240234375,125.66370614359174,4.853015971694169,799.3541584891435,573.9620212915374
0.8640000000000007,125.42935943603516,125.66370614359174,4.8865372032909296,682.3958332542892,523.154771138338
0.8650000000000007,125.5546646118164,125.66370614359174,4.875784820099723,527.7997588430516,463.8343298220638
0.8660000000000007,125.64884185791016,125.66370614359174,4.805583079766593,354.10171073758005,385.97297307911884
0.8670000000000007,125.7156753540039,125.66370614359174,4.672976953027517,213.12801661118385,317.4455979647295
0.8680000000000007,125.75997924804688,125.66370614359174,4.492830239317063,111.08763470330221,260.9130580076197
0.8690000000000007,125.78693389892578,125.66370614359174,4.2815573341516755,47.73222190376353,217.33188099898243
0.8700000000000007,125.80322265625,125.66370614359174,4.05517376076717,-26.203953056680923,190.5258692128491
0.8710000000000007,125.81350708007812,125.66370614359174,3.7905252436468886,-41.91485939915016,175.43224970025193
0.8720000000000007,125.8283920288086,125.66370614359174,3.5208484024234687,5.945475327302962,187.03080974583764
0.8730000000000007,125.85696411132812,125.66370614359174,3.278884589089976,103.84469103352038,221.5210015871309
0.8740000000000007,125.90777587890625,125.66370614359174,3.095899977708049,205.02110213695073,277.62989715295436
0.8750000000000007,125.98482513427734,125.66370614359174,2.959580093155917,349.03987553473075,343.92645719751954
0.8760000000000007,126.09632110595703,125.66370614359174,2.9111142692939875,534.5810422252343,431.1108165589228
0.8770000000000007,126.24658966064453,125.66370614359174,2.9705491053278554,714.7212896879236,529.5392289751857
0.8780000000000007,126.43119049072266,125.66370614359174,3.1056554142123463,880.0625767494234,617.1664979564401
0.8790000000000007,126.6524429321289,125.66370614359174,3.3054503115580425,1058.801509015544,711.113753135333
0.8800000000000007,126.91011810302734,125.66370614359174,3.561745262632983,1200.155646764071,805.0433363193348
0.8810000000000007,127.18946075439453,125.66370614359174,3.826095886210587,1275.2077218781615,861.9944685278333
0.8820000000000007,127.48455810546875,125.66370614359174,4.074743915541246,1329.1127234090122,904.2182903116332
0.8830000000000007,127.78968811035156,125.66370614359174,4.305884290119544,1363.5848912691245,932.0715481176026
0.8840000000000007,128.0991668701172,125.66370614359174,4.519065544600236,1334.0427146319432,945.548148881318
0.8850000000000007,128.3937225341797,125.66370614359174,4.6869294707324,1225.5607654621767,909.4118108453348
0.8860000000000007,128.6656494140625,125.66370614359174,4.792463360923219,1094.6124669462795,853.2176216529455
0.8870000000000007,128.91009521484375,125.66370614359174,4.841150969241701,955.7248419742535,784.0180695786054
0.8880000000000007,129.1248321533203,125.66370614359174,4.84093600482931,816.8808719858863,708.6376303953662
0.8890000000000007,129.30838012695312,125.66370614359174,4.7990277667889565,647.4758631454218,629.0738582972248
0.8900000000000007,129.44976806640625,125.66370614359174,4.703236796103126,445.9213125792693,520.5923038203757
0.8910000000000007,129.5525360107422,125.66370614359174,4.545552819367989,278.8564432409328,420.9940334820144
0.8920000000000007,129.6239471435547,125.66370614359174,4.341021603047297,160.75610612038213,339.9335523062004
0.8930000000000007,129.6719207763672,125.66370614359174,4.108656763148386,92.57921933200315,279.3227357365009
0.8940000000000007,129.7042694091797,125.66370614359174,3.868329885463787,27.146600126019422,238.81612902250563
0.8950000000000007,129.72312927246094,125.66370614359174,3.6048286157170657,-5.680692569176619,203.91689419837243
0.8960000000000007,129.74134826660156,125.66370614359174,3.3375180715553885,32.174043101662505,202.23577285716803
0.8970000000000007,129.77053833007812,125.66370614359174,3.102388231909318,129.73157406866287,230.80953411558207
0.8980000000000007,129.81973266601562,125.66370614359174,2.935180679294138,234.12416349198907,282.79768381335936
0.8990000000000007,129.88885498046875,125.66370614359174,2.822745468026702,353.0365168302029,334.758886807799
0.9000000000000007,129.9864959716797,125.66370614359174,2.7901970681377284,518.4149775022489,409.1602412557144
0.9010000000000007,130.11947631835938,125.66370614359174,2.863233225568571,680.7113222674343,501.56309478377415
0.9020000000000007,130.2771453857422,125.66370614359174,2.998469146366453,800.3716215767333,566.4960751487225
0.9030000000000007,130.45986938476562,125.66370614359174,3.1774976672218775,928.6327679691931,632.7073676341998
0.9040000000000007,130.6668701171875,125.66370614359174,3.3982983453638496,1059.61204166559,697.2166855069264
0.9050000000000007,130.8956298828125,125.66370614359174,3.6551194492260657,1121.5958804699828,755.4244565792104
0.9060000000000007,131.1269073486328,125.66370614359174,3.8859916941065498,1127.593585243747,763.4076784434501
0.9070000000000007,131.3538818359375,125.66370614359174,4.0916537504846975,1111.639855310875,753.4738640656466
0.9080000000000007,131.5705108642578,125.66370614359174,4.2735166335928065,1077.3387441183681,727.5132437514345
0.9090000000000007,131.77130126953125,125.66370614359174,4.433699536179587,972.4191459133117,686.9480898705701
0.9100000000000007,131.93663024902344,125.66370614359174,4.5407567250758385,806.5386486588077,594.2736637229208
0.9110000000000007,132.06214904785156,125.66370614359174,4.58910375128698,632.3290044755022,489.7359981696923
0.9120000000000007,132.14691162109375,125.66370614359174,4.585780135921088,464.7929352979959,382.34060183906706
0.9130000000000007,132.1928253173828,125.66370614359174,4.539886514323773,315.91296643105085,279.78428429353545
0.9140000000000007,132.2040252685547,125.66370614359174,4.462074288269848,146.29634146962186,188.04498481266566
0.9150000000000007,132.17160034179688,125.66370614359174,4.335264695143179,-40.02463186414147,72.67875324879189
0.9160000000000007,132.10423278808594,125.66370614359174,4.156347676629786,-178.08651042808705,-19.718941751804177
0.9170000000000007,132.0132293701172,125.66370614359174,3.941019618125252,-256.89373863772255,-82.08942853268871
0.9180000000000007,131.91110229492188,125.66370614359174,3.70949417319826,-269.5260725301467,-111.39307122961938
0.9190000000000007,131.8072967529297,125.66370614359174,3.4888968174479777,-285.23474057970236,-115.76202257354095
0.9200000000000007,131.70204162597656,125.66370614359174,3.2551388686866174,-274.51900539084966,-119.5317303496064
0.9210000000000007,131.60775756835938,125.66370614359174,3.0313729320914575,-199.34367465536425,-90.53820735108675
0.9220000000000007,131.53562927246094,125.66370614359174,2.854297238414266,-65.17383412757809,-32.2372756996646
0.9230000000000007,131.49212646484375,125.66370614359174,2.7632649921417753,56.688530582866164,43.016366701633586
0.9240000000000007,131.47071838378906,125.66370614359174,2.7236975263507253,175.37912992102332,101.09854772153648
0.9250000000000007,131.47607421875,125.66370614359174,2.7580318809567483,325.293395472324,171.49694103903485
0.9260000000000007,131.5103759765625,125.66370614359174,2.881566899963826,450.6267391242632,247.6724462934286
0.9270000000000007,131.55809020996094,125.66370614359174,3.0412599703868346,526.590627064774,283.0588064108931
0.9280000000000007,131.6171112060547,125.66370614359174,3.2268543836450383,602.8077637189298,312.92261276139425
0.9290000000000007,131.6843719482422,125.66370614359174,3.4382311194074906,675.1503272291692,334.8391860145753
0.9300000000000007,131.75546264648438,125.66370614359174,3.6730797788539156,676.568243978274,345.13562709795184
0.9310000000000007,131.81005859375,125.66370614359174,3.876839453337138,621.5176782252506,301.75409634360375
0.9320000000000007,131.8433074951172,125.66370614359174,4.0514816549610595,552.0279168054204,245.59402061666376
0.9330000000000007,131.85183715820312,125.66370614359174,4.200320826398374,474.04336426898044,180.41078005016385
0.9340000000000007,131.833251953125,125.66370614359174,4.327376350367165,345.18162986116846,108.9186782142446
0.9350000000000007,131.77151489257812,125.66370614359174,4.408135322228011,162.01828339017538,-4.856219665562148
0.9360000000000007,131.66827392578125,125.66370614359174,4.432669341967022,-11.091675784120431,-114.21262034803755
0.9370000000000007,131.5281219482422,125.66370614359174,4.408662026247417,-160.31608571244178,-211.16005764130648
0.9380000000000007,131.3577423095703,125.66370614359174,4.346205776401781,-276.12290891670233,-290.32646726606964
0.9390000000000007,131.1648712158203,125.66370614359174,4.2573511220851055,-394.6388755369991,-348.9693817273764
0.9400000000000007,130.94427490234375,125.66370614359174,4.128975606155087,-525.1975884842144,-420.99772399577364
0.9410000000000007,130.7076416015625,125.66370614359174,3.955166208073668,-599.4494099010586,-462.2247621496658
0.9420000000000007,130.46737670898438,125.66370614359174,3.753597539538958,-611.8009645570343,-470.86846605117285
0.9430000000000007,130.23516845703125,125.66370614359174,3.5472389514704292,-560.6774362842301,-449.1215250326715
0.9440000000000007,130.01914978027344,125.66370614359174,3.366247850472559,-517.3570274306096,-406.3047454898463
0.9450000000000007,129.8167266845703,125.66370614359174,3.1847733759289008,-458.21586245757914,-370.4179829523623
0.9460000000000007,129.63694763183594,125.66370614359174,3.0274643865296857,-346.4782877954256,-311.254769307121
0.9470000000000007,129.48643493652344,125.66370614359174,2.928946007342177,-191.03922054759505,-235.12929658573782
0.9480000000000007,129.3677978515625,125.66370614359174,2.9212346128733926,-67.75378026050875,-152.45977421100713
0.9490000000000007,129.26998901367188,125.66370614359174,2.95286059353124,42.05940583185551,-98.51592655118483
0.9500000000000007,129.19403076171875,125.66370614359174,3.0433921887397166,169.91736880917628,-42.00844202797126
0.9510000000000007,129.138671875,125.66370614359174,3.200810376099591,253.8866548601463,11.16098427597032
0.9520000000000007,129.0866241455078,125.66370614359174,3.3696874327469186,287.48343278854446,19.713698032706176
0.9530000000000007,129.035400390625,125.66370614359174,3.5456462246935185,318.89676969922215,21.827808898533576
0.9540000000000007,128.98220825195312,125.66370614359174,3.7307636519972154,346.6691850524756,16.768433133588047
0.9550000000000007,128.923583984375,125.66370614359174,3.9259286362988033,306.5079453374996,2.6876160878832005
0.9560000000000007,128.84173583984375,125.66370614359174,4.083759622727779,217.49543610989457,-57.1356763752608
0.9570000000000007,128.73562622070312,125.66370614359174,4.205339771511,127.02979798625796,-119.59762728432244
0.9580000000000007,128.60574340820312,125.66370614359174,4.296179129027887,42.381891968855165,-180.6251964615418
0.9590000000000007,128.4535369873047,125.66370614359174,4.362863253521671,-75.15396812322331,-237.8126033864375
0.9600000000000007,128.26727294921875,125.66370614359174,4.385352498929762,-234.8521716584092,-324.8609819196473
0.9610000000000007,128.05288696289062,125.66370614359174,4.352534727120239,-367.224702874618,-396.3470329364913
0.9620000000000007,127.8183364868164,125.66370614359174,4.274832428342145,-461.319396780985,-447.23065467768174
0.9630000000000007,127.57239532470703,125.66370614359174,4.165741545478964,-511.48882935393647,-475.4718466543843
0.9640000000000007,127.32366943359375,125.66370614359174,4.041262132852718,-561.7485851914269,-481.6868588159571
0.9650000000000007,127.0677719116211,125.66370614359174,3.8857025803172385,-615.6735129101845,-498.98443554627266
0.9660000000000007,126.81578826904297,125.66370614359174,3.700235655104707,-612.5611586500102,-488.12952297404627
0.9670000000000007,126.57827758789062,125.66370614359174,3.507882764347583,-552.226045147101,-450.6105176707523
0.9680000000000007,126.36404418945312,125.66370614359174,3.336836125709153,-473.8808525760651,-391.08348509187306
0.9690000000000007,126.16690826416016,125.66370614359174,3.18265376371283,-413.4617608062337,-347.36089991436995
0.9700000000000008,125.99476623535156,125.66370614359174,3.047612921304613,-305.6140954937784,-283.9307560551462
0.9710000000000008,125.85375213623047,125.66370614359174,2.9631934776578785,-156.8763509291995,-205.30120535911252
0.9720000000000008,125.74724578857422,125.66370614359174,2.958921486303159,-25.47796345974379,-118.37371037990962
0.9730000000000008,125.66271209716797,125.66370614359174,2.9968763781803993,73.6281428733984,-63.097200859672995
0.9740000000000008,125.60147857666016,125.66370614359174,3.0795335056605126,190.27259166625177,-4.547979898656621
0.9750000000000008,125.56331634521484,125.66370614359174,3.2156506162177614,280.3737151969029,53.38568361613639
0.9760000000000008,125.53145599365234,125.66370614359174,3.367680586763859,307.79670025006874,69.18762610551195
0.9770000000000008,125.50422668457031,125.66370614359174,3.516558669136421,334.81074443252777,80.78451311006883
0.9780000000000008,125.48017120361328,125.66370614359174,3.6659621240771694,362.7311569770465,88.74674791477858
0.9790000000000008,125.45757293701172,125.66370614359174,3.8194436209338454,348.6947189323554,92.36191049009598
0.9800000000000008,125.41947174072266,125.66370614359174,3.946817380514774,272.6946990460268,53.45167751567097
0.9810000000000008,125.36541748046875,125.66370614359174,4.034131363047842,198.57701986700653,13.425692666552216
0.9820000000000008,125.29667663574219,125.66370614359174,4.0882119056604465,134.8687030466029,-23.412231445597033
0.9830000000000008,125.21553802490234,125.66370614359174,4.117677297368888,86.7237538985408,-54.4506439806673
0.9840000000000008,125.12474060058594,125.66370614359174,4.13192169019156,0.33509531641516155,-78.58473794251755
0.9850000000000008,125.01329040527344,125.66370614359174,4.100082263249053,-106.76143669224217,-130.17904491512257
0.9860000000000008,124.88729858398438,125.66370614359174,4.025309521497497,-180.96389851356125,-166.40194231885494
0.9870000000000008,124.75418853759766,125.66370614359174,3.921711930787593,-215.41359271320522,-183.9806981842965
0.9880000000000008,124.62167358398438,125.66370614359174,3.806173134823949,-243.5291894216375,-182.34719214036812
0.9890000000000008,124.48279571533203,125.66370614359174,3.668909141185047,-291.82149592762784,-198.01363028980637
0.9900000000000008,124.346923828125,125.66370614359174,3.504194051814415,-290.10103510815736,-190.33438976653738
0.9910000000000008,124.2237548828125,125.66370614359174,3.334782647680678,-235.9543081136479,-158.61232910875057
0.9920000000000008,124.1220703125,125.66370614359174,3.188308443405635,-133.32149419755817,-105.17279561580169
0.9930000000000008,124.04874420166016,125.66370614359174,3.0941419718774377,-48.7668445697758,-34.77900802798327
0.9940000000000008,123.99535369873047,125.66370614359174,3.0135352881465556,35.51204202850637,14.668927947467356
0.9950000000000008,123.9677505493164,125.66370614359174,2.973514620132537,155.791209098601,78.58880503552831
0.9960000000000008,123.97024536132812,125.66370614359174,2.9966886619017337,259.6124246904948,153.20428842315377
0.9970000000000008,123.99024200439453,125.66370614359174,3.044498362960687,329.1645925023533,196.63559496512124
0.9980000000000008,124.0298080444336,125.66370614359174,3.1167160236380833,416.60103179420446,245.23226121506417
0.9990000000000008,124.09037017822266,125.66370614359174,3.2232424948558767,518.5688100885584,297.4922063228866
1.0000000000000007,124.17205810546875,125.66370614359174,3.3695158432282066,567.165127374498,350.1418773609029
1.0010000000000006,124.25849914550781,125.66370614359174,3.496942765238075,579.6784476180364,362.23386887781015
1.0020000000000004,124.3486328125,125.66370614359174,3.614070206819616,595.0388800176667,371.67914184558384
1.0030000000000003,124.44181823730469,125.66370614359174,3.7270152801013814,582.7807307465572,379.571487860093
1.0040000000000002,124.5221939086914,125.66370614359174,3.816219866811647,507.2139854566789,347.9437321535024
1.0050000000000001,124.58903503417969,125.66370614359174,3.8623625773309893,435.7563788861187,314.4211723109588
1.006,124.64370727539062,125.66370614359174,3.874119438887024,378.3586057378769,284.22929117777744
1.007,124.68901824951172,125.66370614359174,3.8625023431194974,341.3853626852119,260.9897733921339
1.0079999999999998,124.72856140136719,125.66370614359174,3.83976932906342,282.9661028671825,246.69479560388652
1.0089999999999997,124.75104522705078,125.66370614359174,3.7833395979420215,196.84169826433046,204.19826566392857
1.0099999999999996,124.7616958618164,125.66370614359174,3.6912344453181722,143.0903487843545,174.68541757344883
1.0109999999999995,124.76737976074219,125.66370614359174,3.5798280216453873,128.66684232965275,162.3007154782395
1.0119999999999993,124.77556610107422,125.66370614359174,3.468606663332096,155.1837503117809,168.55050636045513
1.0129999999999992,124.79334259033203,125.66370614359174,3.378505026311094,160.77637251706744,192.52039260366232
1.0139999999999991,124.81233215332031,125.66370614359174,3.272302259578192,168.30335097870287,195.57928216081254
1.014999999999999,124.83985137939453,125.66370614359174,3.172859055707104,217.13057844347742,216.9096287586519
1.015999999999999,124.88308715820312,125.66370614359174,3.104054801252549,272.64711603527223,256.26365248181634
1.0169999999999988,124.93292236328125,125.66370614359174,3.0513950121852806,297.4074198648811,272.8640952567665
1.0179999999999987,124.9947509765625,125.66370614359174,3.0096638388292414,354.71397123631135,302.9799438654968
1.0189999999999986,125.07410430908203,125.66370614359174,2.999109392635873,444.3178677983401,347.02507292509415
1.0199999999999985,125.17568969726562,125.66370614359174,3.0378974413641253,518.4889666247485,402.97232345645824
1.0209999999999984,125.2874755859375,125.66370614359174,3.089612732941339,557.8191815348263,428.92519308288325
1.0219999999999982,125.41136932373047,125.66370614359174,3.151768863707884,613.6684344406475,459.73759495623705
1.0229999999999981,125.54939270019531,125.66370614359174,3.234878173054596,685.6883514824624,495.73055049352433
1.023999999999998,125.70291137695312,125.66370614359174,3.3469325242617947,717.6240950691936,535.3399593011019
1.024999999999998,125.8570556640625,125.66370614359174,3.441883829297491,711.581122733353,537.5946198476754
1.0259999999999978,126.01115417480469,125.66370614359174,3.5220646423987216,711.2356319823888,538.1618002725475
1.0269999999999977,126.16543579101562,125.66370614359174,3.5957563956179426,719.932508869579,539.3064742443502
1.0279999999999976,126.32040405273438,125.66370614359174,3.671073007038579,688.6172594041473,541.7392813011638
1.0289999999999975,126.46131896972656,125.66370614359174,3.7140921065226804,618.4217215737638,506.83683974873816
1.0299999999999974,126.58839416503906,125.66370614359174,3.724085656347384,559.0204316132359,472.31342311015425
1.0309999999999973,126.70366668701172,125.66370614359174,3.7119610118965474,517.945751265609,442.8795063744945
1.0319999999999971,126.8103256225586,125.66370614359174,3.6901177748399987,464.9213453731254,421.4153007755702
1.032999999999997,126.89696502685547,125.66370614359174,3.644133449539119,373.63664831265953,370.93454800230757
1.033999999999997,126.96739196777344,125.66370614359174,3.563389191759772,309.19273724257346,329.96574554522624
1.0349999999999968,127.0274429321289,125.66370614359174,3.4631524156006823,279.84203636715813,303.7869124478442
1.0359999999999967,127.08404541015625,125.66370614359174,3.36185722093166,288.8135413042799,295.16599192780467
1.0369999999999966,127.14421844482422,125.66370614359174,3.2795388139327484,286.77610797535624,304.3795264237464
1.0379999999999965,127.19931030273438,125.66370614359174,3.187716366812169,273.64651395402626,291.6093485189018
1.0389999999999964,127.2559585571289,125.66370614359174,3.0976634389868294,298.12392663473236,295.72074102523214
1.0399999999999963,127.3211898803711,125.66370614359174,3.0311973904157026,360.30518011901233,317.7298546829046
1.0409999999999962,127.40127563476562,125.66370614359174,3.009686186969545,406.37898378098004,355.80038282333413
1.041999999999996,127.48605346679688,125.66370614359174,2.994798655331738,434.3378347823794,367.9968306291443
1.042999999999996,127.57975006103516,125.66370614359174,2.9977115009448,488.6190856092534,391.0670033756676
1.0439999999999958,127.68647003173828,125.66370614359174,3.0339085899396427,567.2302020046346,424.6468688787372
1.0449999999999957,127.80919647216797,125.66370614359174,3.1149613612714058,606.2740217716637,465.9998890836803
1.0459999999999956,127.93437194824219,125.66370614359174,3.185633823444318,620.9739436309185,472.7486372136231
1.0469999999999955,128.0627899169922,125.66370614359174,3.2593184499610937,647.082739582635,481.54594632952296
1.0479999999999954,128.19541931152344,125.66370614359174,3.3446882487226555,651.457948400959,492.86386302596765
1.0489999999999953,128.3179931640625,125.66370614359174,3.4185088839010236,602.8987045709234,467.5835462643233
1.0499999999999952,128.42984008789062,125.66370614359174,3.4656019809943213,559.7543769272506,440.42753435078805
1.050999999999995,128.53184509277344,125.66370614359174,3.495010655852641,528.8798668933831,415.51608348520153
1.051999999999995,128.62588500976562,125.66370614359174,3.517202704865356,513.790686531159,395.33446244140555
1.0529999999999948,128.71412658691406,125.66370614359174,3.5427152694135553,465.66424540263546,380.72554314046954
1.0539999999999947,128.78370666503906,125.66370614359174,3.5387949766010443,388.87718836004376,332.8454577915515
1.0549999999999946,128.8373260498047,125.66370614359174,3.5085331102862534,332.35080121544667,291.8818969426132
1.0559999999999945,128.87924194335938,125.66370614359174,3.4648517895074336,301.9543038101386,261.8189118291341
1.0569999999999944,128.914306640625,125.66370614359174,3.4221557871728256,264.6608126975011,244.25175723297937
1.0579999999999943,128.93240356445312,125.66370614359174,3.364059360948144,196.08960452223207,200.5216376761313
1.0589999999999942,128.9388427734375,125.66370614359174,3.283571411933018,158.35294119800767,170.4975829541904
1.059999999999994,128.940185546875,125.66370614359174,3.1972023554555977,156.06127139180228,157.3379537621585
1.060999999999994,128.9431610107422,125.66370614359174,3.123741442252409,189.51061598105775,161.57519857758405
1.0619999999999938,128.95372009277344,125.66370614359174,3.0825107145236665,202.50246145782262,181.12961603105498
1.0629999999999937,128.96218872070312,125.66370614359174,3.034838107747017,204.50601772866636,175.71323899131548
1.0639999999999936,128.97386169433594,125.66370614359174,2.996805016467072,237.02590865291347,184.03970998116617
1.0649999999999935,128.99380493164062,125.66370614359174,2.9863820101244696,298.1485674981485,205.404728021215
1.0659999999999934,129.02578735351562,125.66370614359174,3.0191809057334247,326.872524688114,236.52354244371003
1.0669999999999933,129.0576171875,125.66370614359174,3.0457206734205666,336.5246666448329,236.21760959070718
1.0679999999999932,129.0919189453125,125.66370614359174,3.0812661132473433,365.0396403442511,242.64474543490135
1.068999999999993,129.1310577392578,125.66370614359174,3.1375983120191604,379.3788828678791,255.2033438118037
1.069999999999993,129.1616668701172,125.66370614359174,3.1922099621254305,345.18626136113613,233.22848864237295
1.0709999999999928,129.1849365234375,125.66370614359174,3.2310409420729314,323.1187227445519,214.34714018484962
1.0719999999999927,129.2030487060547,125.66370614359174,3.2643167350568345,317.4790974219735,201.03468495084346
1.0729999999999926,129.2183380126953,125.66370614359174,3.303093665582948,328.88731801043605,193.7713670626704
1.0739999999999925,129.23265075683594,125.66370614359174,3.3575298759384182,301.9207003735171,191.29265182827774
1.0749999999999924,129.2327880859375,125.66370614359174,3.386508911697558,248.678075292763,154.65397962145312
1.0759999999999923,129.22125244140625,125.66370614359174,3.3979020722492668,212.9513363745563,124.43273463958164
1.0769999999999922,129.20130920410156,125.66370614359174,3.4032386743110825,198.01006309351223,102.71864635709451
1.077999999999992,129.17620849609375,125.66370614359174,3.4144669211195646,160.12992004837255,89.36574054618605
1.078999999999992,129.13441467285156,125.66370614359174,3.4038395809473436,93.07955894309333,46.21038487594934
1.0799999999999919,129.0802764892578,125.66370614359174,3.3706650725026783,51.000570271124474,14.327455866246924
1.0809999999999917,129.01905822753906,125.66370614359174,3.3286217784327037,38.028108470604906,-3.953410030172508
1.0819999999999916,128.95594787597656,125.66370614359174,3.292989599493025,22.411215463380934,-8.882403851137845
1.0829999999999915,128.88108825683594,125.66370614359174,3.249156052681085,-26.77011432348435,-39.141841039861816
1.0839999999999914,128.80023193359375,125.66370614359174,3.1877390409402877,-45.01428299298861,-54.59031428879849
1.0849999999999913,128.71963500976562,125.66370614359174,3.1251869111512405,-29.32321801684374,-53.911072053986366
1.0859999999999912,128.64500427246094,125.66370614359174,3.0801154832055038,18.339809547832118,-38.52825831633264
1.086999999999991,128.5806427001953,125.66370614359174,3.0705977858093902,39.64578615405417,-12.099086075818434
1.087999999999991,128.51611328125,125.66370614359174,3.0549078296675476,46.676181438321834,-12.57387677705333
1.0889999999999909,128.4556121826172,125.66370614359174,3.0479535576232712,79.66611150814889,-2.204892482928434
1.0899999999999908,128.4027557373047,125.66370614359174,3.06535121688924,136.04829422493205,17.396898569397425
1.0909999999999906,128.35964965820312,125.66370614359174,3.120262017567648,153.3583950307707,42.431097667745824
1.0919999999999905,128.3136444091797,125.66370614359174,3.1625814233867784,150.02283724278828,34.934491164996956
1.0929999999999904,128.2669219970703,125.66370614359174,3.206502865130027,163.63714988920674,33.124504449725244
1.0939999999999903,128.22149658203125,125.66370614359174,3.2630680711368494,163.62499794476727,36.37252581619371
1.0949999999999902,128.16409301757812,125.66370614359174,3.313577554758451,113.18428391716873,5.694079464105576
1.09599999999999,128.0969696044922,125.66370614359174,3.341651602150476,77.71174913968427,-19.249647914282924
1.09699999999999,128.0232696533203,125.66370614359174,3.3578264478623834,62.08495528852697,-36.067148178065246
1.0979999999999899,127.9462890625,125.66370614359174,3.3741067783333167,67.26471901496637,-44.489885483631156
1.0989999999999898,127.86869812011719,125.66370614359174,3.4023155146346387,42.21610508121713,-46.02240377103321
1.0999999999999897,127.77896118164062,125.66370614359174,3.4078813095783915,-7.770457242490313,-77.03022416055582
1.1009999999999895,127.68120574951172,125.66370614359174,3.3949489915550726,-34.12601168511132,-97.49416998073166
1.1019999999999894,127.5799560546875,125.66370614359174,3.376749459267252,-34.39224989961566,-106.33321034834636
1.1029999999999893,127.47928619384766,125.66370614359174,3.3673622278652577,-50.04067437877582,-104.7818215481031
1.1039999999999892,127.36888122558594,125.66370614359174,3.3428313023635168,-94.12810887791976,-129.52360191126095
1.104999999999989,127.25396728515625,125.66370614359174,3.3003838672878523,-109.57249344943342,-140.89192877322893
1.105999999999989,127.14008331298828,125.66370614359174,3.255364579604476,-94.16933330279731,-138.18708662198782
1.1069999999999889,127.03206634521484,125.66370614359174,3.224594333162023,-82.92862834029802,-123.17077032037945
1.1079999999999888,126.91993713378906,125.66370614359174,3.191127876729153,-105.10754870876447,-133.52571119201892
1.1089999999999887,126.8089370727539,125.66370614359174,3.1470011890353677,-97.94873002213197,-130.56162305893739
1.1099999999999886,126.7043228149414,125.66370614359174,3.108944004327458,-60.345467703051845,-114.29436856220609
1.1109999999999884,126.61041259765625,125.66370614359174,3.0947682197054283,-26.59505602347494,-87.12854771008757
1.1119999999999883,126.51628112792969,125.66370614359174,3.086905991601007,-31.59134542502988,-87.63027456631143
1.1129999999999882,126.4260025024414,125.66370614359174,3.0749102791367102,-11.98387033028858,-77.85587671938296
1.113999999999988,126.34355926513672,125.66370614359174,3.074035245196409,32.81709234883804,-58.02206522018983
1.114999999999988,126.27200317382812,125.66370614359174,3.0995475996442585,66.55578275166921,-30.50732016575164
1.115999999999988,126.1990737915039,125.66370614359174,3.128874425563249,57.37726972454758,-33.9790729406408
1.1169999999999878,126.1275405883789,125.66370614359174,3.1507516704127543,66.8374997344364,-30.439418194827464
1.1179999999999877,126.06037139892578,125.66370614359174,3.1775556070067887,96.4809474683311,-19.444420981827104
1.1189999999999876,125.99990844726562,125.66370614359174,3.221713386810883,111.27882640322332,-2.5316930294572426
1.1199999999999875,125.93341064453125,125.66370614359174,3.260947103375215,80.61694692909415,-17.75455901268865
1.1209999999999873,125.86344146728516,125.66370614359174,3.282611294209203,66.91394333768011,-26.48947110308046
1.1219999999999872,125.79318237304688,125.66370614359174,3.298193798383091,73.60058255852987,-27.22481661320569
1.1229999999999871,125.7256088256836,125.66370614359174,3.32015737415654,100.18979304778762,-20.45388982717926
1.123999999999987,125.66289520263672,125.66370614359174,3.3600027504880217,86.97673873966356,-8.264198561651142
1.124999999999987,125.5931396484375,125.66370614359174,3.373690482738248,55.14781617109304,-25.940370749729095
1.1259999999999868,125.51982116699219,125.66370614359174,3.373050274718271,44.73759238935642,-34.8976764910066
1.1269999999999867,125.44666290283203,125.66370614359174,3.3709575911321843,57.081262044080596,-34.48323356124704
1.1279999999999866,125.37684631347656,125.66370614359174,3.3802764667771266,39.46274599299691,-26.092445757494595
1.1289999999999865,125.29940795898438,125.66370614359174,3.3651638427056034,1.7950083205822178,-45.192895037191796
1.1299999999999863,125.21887969970703,125.66370614359174,3.332778166291335,-9.83567598398678,-52.92902496409603
1.1309999999999862,125.14012908935547,125.66370614359174,3.297824987867323,6.432348054181601,-48.45219222077288
1.1319999999999861,125.06748962402344,125.66370614359174,3.275779759201083,4.951680606186066,-33.148403730231635
1.132999999999986,124.99078369140625,125.66370614359174,3.2383536205623424,-19.39143663201729,-43.32452901453241
1.133999999999986,124.91514587402344,125.66370614359174,3.188200662404367,-14.556644021260476,-40.63062138813767
1.1349999999999858,124.84590911865234,125.66370614359174,3.1420620586289276,20.642241579901295,-24.632830911030986
1.1359999999999857,124.78766632080078,125.66370614359174,3.1175110032450606,43.21642317763832,2.7999819988643244
1.1369999999999856,124.73001098632812,125.66370614359174,3.0880646077109963,39.079721622366336,4.242692161611178
1.1379999999999855,124.67756652832031,125.66370614359174,3.0541731820714406,62.285981507383596,17.235288465670475
1.1389999999999854,124.63497924804688,125.66370614359174,3.0326958020411867,113.11998216725723,41.79320486479941
1.1399999999999852,124.60602569580078,125.66370614359174,3.0402912607568466,146.5757040997871,75.74065967365466
1.1409999999999851,124.57917022705078,125.66370614359174,3.04544141837595,149.89768569739263,80.94751484314064
1.141999999999985,124.55776977539062,125.66370614359174,3.0485307634898593,175.0226046452703,94.53268446488583
1.142999999999985,124.54528045654297,125.66370614359174,3.063822878377141,222.33524905798893,116.6964261494582
1.1439999999999848,124.54440307617188,125.66370614359174,3.104683039332375,244.64221059298134,145.63567172702878
1.1449999999999847,124.54259490966797,125.66370614359174,3.1352841050071,234.84309144859571,143.289408379569
1.1459999999999846,124.54227447509766,125.66370614359174,3.1565420223131815,242.5512854443756,147.01508614406774
1.1469999999999845,124.54630279541016,125.66370614359174,3.180717994478183,269.5317068343247,157.8567310397462
1.1479999999999844,124.55718994140625,125.66370614359174,3.2197890675780747,271.0534111474675,174.94979310526648
1.1489999999999843,124.56239318847656,125.66370614359174,3.2412641919502234,239.67286164645176,160.7938426729987
1.1499999999999841,124.56455993652344,125.66370614359174,3.2444615282473683,226.61742252714697,153.2406570122782
1.150999999999984,124.56714630126953,125.66370614359174,3.2420113257445253,235.3269693589752,154.2773161540667
1.151999999999984,124.5735855102539,125.66370614359174,3.24726293621262,228.2844723137969,163.89187932572625
1.1529999999999838,124.57241821289062,125.66370614359174,3.236432067777856,187.6308277996139,144.94528095268058
1.1539999999999837,124.5673828125,125.66370614359174,3.204414083702356,170.15031850005266,135.2886780266534
1.1549999999999836,124.5631332397461,125.66370614359174,3.1657490729175253,179.92996847161658,137.2543104614268
1.1559999999999835,124.56439208984375,125.66370614359174,3.136546309514769,186.4793465538938,150.98329673398229
1.1569999999999834,124.56085968017578,125.66370614359174,3.101109302960283,157.98614839558206,139.03848318819652
1.1579999999999833,124.55707550048828,125.66370614359174,3.049836847054688,156.4082376286208,138.39131724373286
1.1589999999999832,124.55833435058594,125.66370614359174,2.9994459657012227,185.09636042081064,150.97064888693046
1.159999999999983,124.5698013305664,125.66370614359174,2.9683469691251485,242.84712088957528,176.41755930113524
1.160999999999983,124.595703125,125.66370614359174,2.9736611661146086,270.3290625786092,212.40809626542966
1.1619999999999828,124.62501525878906,125.66370614359174,2.9676692328377072,285.0279171815105,220.99298698434689
1.1629999999999827,124.66141510009766,125.66370614359174,2.9687636572101477,322.9754326813529,238.71322723634412
1.1639999999999826,124.70845031738281,125.66370614359174,2.991791829289174,350.63736454803166,265.3360176660409
1.1649999999999825,124.75438690185547,125.66370614359174,3.013606819605016,338.6619089145313,262.70829850940953
1.1659999999999824,124.80158233642578,125.66370614359174,3.0243450366270244,344.1515706759454,265.96357366527894
1.1669999999999823,124.85316467285156,125.66370614359174,3.0369799198802165,370.28248633845334,277.03635600115075
1.1679999999999822,124.91226196289062,125.66370614359174,3.0648826034949836,385.1797659663137,295.9402171419135
1.168999999999982,124.96697998046875,125.66370614359174,3.086803190377189,358.74503518065666,285.1448710893946
1.169999999999982,125.01946258544922,125.66370614359174,3.091284514506693,348.8991771515634,279.66796778471144
1.1709999999999818,125.0728759765625,125.66370614359174,3.091025135212269,360.03626034070265,282.13839805189195
1.1719999999999817,125.13067626953125,125.66370614359174,3.099804987572129,392.7010732900128,293.2696428033217
1.1729999999999816,125.19591522216797,125.66370614359174,3.130346929413282,390.38027581498966,312.04771957232185
1.1739999999999815,125.25660705566406,125.66370614359174,3.13742951882592,370.12965584317993,300.80537285012616
1.1749999999999814,125.31554412841797,125.66370614359174,3.134908309271826,369.5981328457573,296.5845598882543
1.1759999999999813,125.37616729736328,125.66370614359174,3.136266049137931,390.58998545058677,300.9662650189812
1.1769999999999812,125.44172668457031,125.66370614359174,3.154496775167209,380.83040232531886,313.49457974462786
1.177999999999981,125.50054168701172,125.66370614359174,3.1494182777612925,351.3201651017399,296.74726172711433
1.178999999999981,125.55574798583984,125.66370614359174,3.131487372218613,342.9773694357871,287.8177739642439
1.1799999999999808,125.61125183105469,125.66370614359174,3.1148952885200725,358.3642775125918,288.7121768544793
1.1809999999999807,125.6709213256836,125.66370614359174,3.1139540459549875,350.86920234284474,299.3180676987985
1.1819999999999806,125.72373962402344,125.66370614359174,3.0946314161016693,321.3401209742035,282.24289316280687
1.1829999999999805,125.7733383178711,125.66370614359174,3.0631295787360195,315.10868086797274,274.25639531036666
1.1839999999999804,125.82414245605469,125.66370614359174,3.034707987431564,334.8428390070337,277.40512850453626
1.1849999999999803,125.88050079345703,125.66370614359174,3.02504272202255,338.3162556102538,291.52934676386104
1.1859999999999802,125.93182373046875,125.66370614359174,3.0042157383344525,316.8497764294074,278.96683129402146
1.18699999999998,125.98182678222656,125.66370614359174,2.9747494736297275,318.9942593924972,275.7799919677088
1.18799999999998,126.03495788574219,125.66370614359174,2.9523042354172016,347.0711069009719,283.77845757881295
1.1889999999999799,126.0954818725586,125.66370614359174,2.9527436221096846,360.67440400098815,302.56273858526697
1.1899999999999797,126.15261840820312,125.66370614359174,2.9467758058195583,346.08595035534,294.17078916145374
1.1909999999999796,126.2095947265625,125.66370614359174,2.934394409953359,352.8178271566531,293.92138504367045
1.1919999999999795,126.27030944824219,125.66370614359174,2.9303098272728447,383.0491086216306,303.490266432259
1.1929999999999794,126.33844757080078,125.66370614359174,2.9490904279950017,397.1998161508924,322.4375940383654
1.1939999999999793,126.4027099609375,125.66370614359174,2.961019934684751,379.9014642000342,312.8283139455241
1.1949999999999792,126.46562957763672,125.66370614359174,2.9640283987102674,380.79519136999613,309.57561284004083
1.195999999999979,126.53046417236328,125.66370614359174,2.9714150914210835,402.5989007525901,314.6088655429949
1.196999999999979,126.60045623779297,125.66370614359174,2.99651755265879,408.49183093859733,327.8504239750123
1.1979999999999789,126.66404724121094,125.66370614359174,3.0123965819747016,379.7821722898117,311.80752205426666
1.1989999999999787,126.72344970703125,125.66370614359174,3.01392384907766,367.953266213565,301.36346295487897
1.1999999999999786,126.7818603515625,125.66370614359174,3.0138803836802066,376.75814296975403,298.9916185800537
1.2009999999999785,126.8426513671875,125.66370614359174,3.02572277815054,375.3327400427879,305.18202496243157
1.2019999999999784,126.8946533203125,125.66370614359174,3.0294175582959255,336.1676246041919,283.01162948408785
1.2029999999999783,126.94044494628906,125.66370614359174,3.0148445946179896,315.3172560210694,267.3538674622151
1.2039999999999782,126.98373413085938,125.66370614359174,2.9953128351132965,317.3763669594327,261.1072246390041
1.204999999999978,127.028564453125,125.66370614359174,2.985519342743331,343.0261196097906,265.1058127092053
1.205999999999978,127.07852935791016,125.66370614359174,2.999424018612517,339.4533766052987,278.2920335247381
1.2069999999999779,127.12248992919922,125.66370614359174,2.994573295722463,318.5699919776353,263.1207037426284
1.2079999999999778,127.1636962890625,125.66370614359174,2.983775077267432,318.77115100548053,256.20930700922617
1.2089999999999776,127.20588684082031,125.66370614359174,2.9811078419897066,341.353464036636,258.8075789759433
1.2099999999999775,127.25244140625,125.66370614359174,3.000041138561002,336.80846293020215,270.01550939822187
1.2109999999999774,127.2920150756836,125.66370614359174,3.0012231735137243,311.0384152908227,252.33850373283906
1.2119999999999773,127.32762908935547,125.66370614359174,2.993615018932192,305.24467759023537,242.33499283431053
1.2129999999999772,127.36289978027344,125.66370614359174,2.9908297190301236,321.3489608030791,241.52994334571204
1.213999999999977,127.40119934082031,125.66370614359174,3.006280405957141,314.5253055947635,249.3230315332241
1.214999999999977,127.43125915527344,125.66370614359174,3.005696471150261,282.64834043420234,228.4073069762686
1.2159999999999769,127.4561767578125,125.66370614359174,2.993316496091164,270.8721238514487,215.33720285732656
1.2169999999999768,127.479736328125,125.66370614359174,2.982803839829729,281.77252399965096,211.92201767150203
1.2179999999999767,127.5055923461914,125.66370614359174,2.988147296477205,276.38751394274277,217.82036139944793
1.2189999999999765,127.5228271484375,125.66370614359174,2.981526457114043,241.99118558118354,195.8530790384626
1.2199999999999764,127.53477478027344,125.66370614359174,2.961687247899398,228.63358989216323,182.4167557160641
1.2209999999999763,127.54554748535156,125.66370614359174,2.9427012783254463,239.27374206585324,179.429125177844
1.2219999999999762,127.55912780761719,125.66370614359174,2.9394114442116583,240.66964936461417,186.61057329496373
1.222999999999976,127.5649185180664,125.66370614359174,2.9301303291429117,208.87366486659116,166.73764258028893
1.223999999999976,127.56642150878906,125.66370614359174,2.9080935811508786,198.6049752279487,155.80864067093518
1.2249999999999759,127.56786346435547,125.66370614359174,2.887682514601321,212.8936869971808,155.6570418581874
1.2259999999999758,127.57331848144531,125.66370614359174,2.8842707135173407,222.93299868427775,165.9064012496336
1.2269999999999757,127.57222747802734,125.66370614359174,2.8806217162248315,195.48061922513935,149.20889036124717
1.2279999999999756,127.56794738769531,125.66370614359174,2.8651055786871016,188.71741770612047,141.0540810308355
1.2289999999999754,127.56449890136719,125.66370614359174,2.8518604312765654,205.69997769605877,143.17584534090847
1.2299999999999753,127.56574249267578,125.66370614359174,2.85604596276907,245.5019187421626,155.14438848523184
1.2309999999999752,127.57463836669922,125.66370614359174,2.891278326289268,253.79281325219864,174.6824645676783
1.2319999999999751,127.57965087890625,125.66370614359174,2.9112490433242035,243.2304860153241,164.78004510078176
1.232999999999975,127.58344268798828,125.66370614359174,2.9293731534901783,250.74918739449782,161.68040517229608
1.233999999999975,127.58881378173828,125.66370614359174,2.9581116348287733,276.5559587696072,165.71526559256154
1.2349999999999748,127.59791564941406,125.66370614359174,3.0086748180259986,268.0165250955393,175.24353308882996
1.2359999999999747,127.59862518310547,125.66370614359174,3.037235129281315,237.16520424714892,153.8280972409253
1.2369999999999746,127.5932846069336,125.66370614359174,3.0540585824646906,222.7037455079281,138.39255488634498
1.2379999999999745,127.58475494384766,125.66370614359174,3.0708592836337654,226.57307057310328,130.2254196816047
1.2389999999999743,127.57559967041016,125.66370614359174,3.0992030861696827,203.484663387707,128.64253408584761
1.2399999999999742,127.55440521240234,125.66370614359174,3.105001850027957,155.06014172372636,97.88933550971377
1.2409999999999741,127.52442932128906,125.66370614359174,3.0919220320906518,126.55260289503425,75.46662001157564
1.241999999999974,127.48968505859375,125.66370614359174,3.07281603041419,121.2090799191257,63.28536373349448
1.242999999999974,127.45408630371094,125.66370614359174,3.061511862733118,104.09512899206081,61.09108758811011
1.2439999999999738,127.40753173828125,125.66370614359174,3.0361184679914897,57.786870315338895,33.142595882863596
1.2449999999999737,127.35452270507812,125.66370614359174,2.9919348455682244,36.51961351540946,16.66381608923423
1.2459999999999736,127.30020141601562,125.66370614359174,2.9439086404742496,43.46741616689074,13.313017647663953
1.2469999999999735,127.24945068359375,125.66370614359174,2.908768472509442,51.09480464916098,22.400080055474426
1.2479999999999734,127.19283294677734,125.66370614359174,2.8732418464528773,24.67790425387907,7.442347656008779
1.2489999999999732,127.1351089477539,125.66370614359174,2.826086619921126,24.672914628024643,4.605200039361308
1.2499999999999731,127.08138275146484,125.66370614359174,2.7838615226382193,53.19088038383053,14.774936803632432
1.250999999999973,127.03622436523438,125.66370614359174,2.7646691241192096,108.02561901751902,36.5157938583719
1.251999999999973,127.00288391113281,125.66370614359174,2.7849966753075797,133.87653226050918,66.51144149233231
1.2529999999999728,126.97052001953125,125.66370614359174,2.7976195877051366,143.51553161268797,68.97412799888559
1.2539999999999727,126.94210052490234,125.66370614359174,2.8179345337671573,172.7820221211402,78.96130181146587
1.2549999999999726,126.92020416259766,125.66370614359174,2.8591415788093477,191.7945889145491,95.51539726026706
1.2559999999999725,126.89290618896484,125.66370614359174,2.9001555869044453,167.74087847786976,81.7723848940622
1.2569999999999724,126.86225891113281,125.66370614359174,2.9272159699417233,158.20013052702592,73.2395821503391
1.2579999999999723,126.83092498779297,125.66370614359174,2.9515933331119086,166.35773889992478,71.48367449763889
1.2589999999999721,126.80145263671875,125.66370614359174,2.985343980213029,191.86552359133407,76.19387882834263
1.259999999999972,126.77567291259766,125.66370614359174,3.0393241956780814,181.46722705358482,85.51853861456645
1.260999999999972,126.74166107177734,125.66370614359174,3.06953390938478,149.45745424592388,64.63663291000469
1.2619999999999718,126.70195007324219,125.66370614359174,3.0862017226936165,134.19772659482646,50.16048322723721
1.2629999999999717,126.65947723388672,125.66370614359174,3.1009993566254623,137.50168399951528,43.130675493678304
1.2639999999999716,126.61682891845703,125.66370614359174,3.1255752092028697,113.87547730555616,42.67748435905548
1.2649999999999715,126.56304168701172,125.66370614359174,3.126288633205333,66.3712208633711,14.44825114821197
1.2659999999999714,126.50180053710938,125.66370614359174,3.1068137584903224,40.22544167580644,-4.429357187710711
1.2669999999999713,126.4374008178711,125.66370614359174,3.080363016843268,38.38975877379242,-12.41501443072667
1.2679999999999712,126.3739242553711,125.66370614359174,3.061272996707066,25.50364669030457,-10.101767534024031
1.268999999999971,126.30170440673828,125.66370614359174,3.0278870495471537,-14.815384440955416,-32.172749749930006
1.269999999999971,126.22561645507812,125.66370614359174,2.9760471708788048,-28.581983852526804,-41.9474240821162
1.2709999999999708,126.1509780883789,125.66370614359174,2.921435489024275,-13.231409204316495,-38.28932348984086
1.2719999999999707,126.08264923095703,125.66370614359174,2.8815774065902144,1.9451259012806297,-22.351698990223905
1.2729999999999706,126.01136779785156,125.66370614359174,2.841837782737667,-14.990169267414917,-29.81160165169401
1.2739999999999705,125.94194793701172,125.66370614359174,2.792808174916901,-5.024533318619833,-25.10773917174368
1.2749999999999704,125.87937927246094,125.66370614359174,2.751748502861433,33.18854973294251,-7.860865125940085
1.2759999999999703,125.82791900634766,125.66370614359174,2.7371352183950175,69.76735205257897,20.09271899181465
1.2769999999999702,125.77732849121094,125.66370614359174,2.7315945448424106,69.79633310949092,22.250073060000233
1.27799999999997,125.73113250732422,125.66370614359174,2.7240521774742223,91.38586150376908,33.278515396413674
1.27899999999997,125.69291687011719,125.66370614359174,2.729657728468342,135.35744205936237,53.33620453638717
1.2799999999999698,125.66555786132812,125.66370614359174,2.7633371246747327,168.73967165960417,80.6047617760534
1.2809999999999697,125.63742065429688,125.66370614359174,2.800596527122125,162.35472498640615,78.61167240719674
1.2819999999999696,125.61062622070312,125.66370614359174,2.8306332077960192,171.19740334906894,81.97446106737331
1.2829999999999695,125.58765411376953,125.66370614359174,2.865196048173115,197.1459690824351,91.53985358172562
1.2839999999999694,125.57058715820312,125.66370614359174,2.916017364238926,208.53577860403215,106.37219114780656
1.2849999999999693,125.5473403930664,125.66370614359174,2.95986247170026,177.92668251547215,90.8109522662827
1.2859999999999692,125.51980590820312,125.66370614359174,2.9846211968525673,161.01495659657115,80.045859631942
1.286999999999969,125.49069213867188,125.66370614359174,3.00130356337957,161.67440493779802,76.04964187807155
1.287999999999969,125.46276092529297,125.66370614359174,3.0220158874127794,180.30616966734644,78.99031290433888
1.2889999999999688,125.43824005126953,125.66370614359174,3.058165579072744,164.77194450901834,87.52687845593157
1.2899999999999687,125.40586853027344,125.66370614359174,3.0676726414128783,130.39984121945315,67.80180801587188
1.2909999999999686,125.36875915527344,125.66370614359174,3.0611615968916444,115.38520894246491,55.90780854009048
1.2919999999999685,125.33052062988281,125.66370614359174,3.0515284641204667,121.78886176522185,53.053561535270106
1.2929999999999684,125.29446411132812,125.66370614359174,3.052008699801578,105.49547683635453,58.497718959022734
1.2939999999999683,125.25035858154297,125.66370614359174,3.030448647954173,68.12823470283823,38.30566221443948
1.2949999999999682,125.20238494873047,125.66370614359174,2.9913011234404276,54.705979072357344,28.587692824020216
1.295999999999968,125.15522766113281,125.66370614359174,2.949470573387461,67.58369898269098,30.62517187484708
1.296999999999968,125.11325073242188,125.66370614359174,2.921015927315399,69.69730469011974,43.574551297124806
1.2979999999999678,125.06698608398438,125.66370614359174,2.8817435611388627,47.257732102231586,32.798069285529564
1.2989999999999677,125.02106475830078,125.66370614359174,2.830783803589345,51.1042246624485,33.66894026400757
1.2999999999999676,124.98048400878906,125.66370614359174,2.785011054266294,82.81114760355933,46.980330830271704
1.3009999999999675,124.94966888427734,125.66370614359174,2.762386659899475,107.17214165280022,71.36250913762494
1.3019999999999674,124.91883850097656,125.66370614359174,2.7394256364086265,103.18271666616504,71.29579781443758
1.3029999999999673,124.89197540283203,125.66370614359174,2.7129993955916842,122.83859655870744,81.20562841581285
1.3039999999999672,124.87324523925781,125.66370614359174,2.6995301181591196,166.933747684357,101.48626421930356
1.304999999999967,124.86614227294922,125.66370614359174,2.715292884135556,197.86704549281447,130.50806292110508
1.305999999999967,124.85977935791016,125.66370614359174,2.730770256936442,197.50310312004072,132.36723131514842
1.3069999999999669,124.85688781738281,125.66370614359174,2.7429412087234057,215.21298566160732,141.0124022589826
1.3079999999999667,124.86042785644531,125.66370614359174,2.7652267502500663,252.1144534989459,157.0907562746325
1.3089999999999666,124.8729019165039,125.66370614359174,2.810425293013298,269.3615809369856,179.41945393931707
1.3099999999999665,124.8825912475586,125.66370614359174,2.846313889272631,253.41686316384562,172.47712993056527
1.3109999999999664,124.89144897460938,125.66370614359174,2.869904721091367,252.01802625101277,170.3943728834884
1.3119999999999663,124.90200805664062,125.66370614359174,2.8929333117404834,267.7634860502494,174.68330078587425
1.3129999999999662,124.91673278808594,125.66370614359174,2.927341935592255,266.1429722599212,185.10445018966826
1.313999999999966,124.92416381835938,125.66370614359174,2.9471568513192894,229.76336068722563,166.90531104378323
1.314999999999966,124.9266586303711,125.66370614359174,2.9459795140422083,209.55390959474,154.56629183025404
1.3159999999999659,124.92750549316406,125.66370614359174,2.9361716497565524,209.65802369326,150.4490070994487
1.3169999999999658,124.93019104003906,125.66370614359174,2.9313933503878635,204.23918516166984,155.05490175285544
1.3179999999999656,124.92448425292969,125.66370614359174,2.916672794634455,162.1433224051366,134.07859605289855
1.3189999999999655,124.91385650634766,125.66370614359174,2.8791250193492606,141.10676929675327,121.76610343561755
1.3199999999999654,124.90278625488281,125.66370614359174,2.833090565376985,145.6782182479813,120.65522542813191
1.3209999999999653,124.89595794677734,125.66370614359174,2.7951549262574744,176.42304013142117,131.24072609803318
1.3219999999999652,124.89752197265625,125.66370614359174,2.781976025980934,186.3941412997013,152.2057563570495
1.322999999999965,124.89772033691406,125.66370614359174,2.755803580857652,180.3976877791734,148.794940688392
1.323999999999965,124.9005355834961,125.66370614359174,2.727766504641666,198.08662045257995,155.32381034118814
1.3249999999999649,124.91011047363281,125.66370614359174,2.7142164629430936,239.70916330558646,172.24352092534428
1.3259999999999648,124.92998504638672,125.66370614359174,2.7306406394770666,257.2658598957826,197.9813038469375
1.3269999999999647,124.9495620727539,125.66370614359174,2.7352439390001053,255.71235789724398,197.2910803532399
1.3279999999999645,124.97181701660156,125.66370614359174,2.7386980284651723,273.4672358966931,204.02943798429115
1.3289999999999644,124.99995422363281,125.66370614359174,2.7549947171224303,310.96184519125853,218.7719303044319
1.3299999999999643,125.0366439819336,125.66370614359174,2.796842470773205,319.2289106203524,240.22363586234246
1.3309999999999642,125.07052612304688,125.66370614359174,2.8204016997436643,306.3183909431932,233.27991158816022
1.331999999999964,125.10382080078125,125.66370614359174,2.835838388248451,309.4516578346819,231.88199084131938
1.332999999999964,125.13923645019531,125.66370614359174,2.8555592987948546,330.2219167626924,237.27020570922238
1.3339999999999639,125.17926788330078,125.66370614359174,2.8913971000181435,322.84494436912763,248.89747505848345
1.3349999999999638,125.21260833740234,125.66370614359174,2.904541093282521,292.6420878854578,232.21129435269853
1.3359999999999637,125.24163818359375,125.66370614359174,2.9019459689066713,279.2180796902572,221.47363127201598
1.3369999999999636,125.26952362060547,125.66370614359174,2.896409065215976,285.5224716962126,218.68235292569426
1.3379999999999634,125.29950714111328,125.66370614359174,2.901162191671116,273.0724114580413,223.97858837247983
1.3389999999999633,125.32118225097656,125.66370614359174,2.8868562413847623,235.6773584884985,203.20057424744843
1.3399999999999632,125.33779907226562,125.66370614359174,2.8544856068244653,218.81575148530737,190.55054455654258
1.340999999999963,125.35350799560547,125.66370614359174,2.8184940434391685,225.9763918204051,188.29920084341856
1.341999999999963,125.37255096435547,125.66370614359174,2.7946009563040843,225.7995669698173,196.70512424407858
1.342999999999963,125.38550567626953,125.66370614359174,2.7618896778390836,197.88688911349948,181.44981983924586
1.3439999999999628,125.39627075195312,125.66370614359174,2.7155759161836626,193.26794247677446,175.9703756155862
1.3449999999999627,125.40950012207031,125.66370614359174,2.6718992173092304,214.91099527230253,182.19494785837108
1.3459999999999626,125.4298095703125,125.66370614359174,2.6485188329458342,234.15588435093278,199.96178482765254
1.3469999999999624,125.44790649414062,125.66370614359174,2.626782021930977,222.70978610945565,194.45441601898716
1.3479999999999623,125.4673843383789,125.66370614359174,2.598801325894366,233.14718700856398,197.96468212337405
1.3489999999999622,125.49241638183594,125.66370614359174,2.5807555495967898,267.64933739672523,211.9374486873487
1.3499999999999621,125.52693939208984,125.66370614359174,2.589293162984724,296.1107833102373,235.8190508606914
1.350999999999962,125.56092834472656,125.66370614359174,2.6014318962599288,291.21912761442337,234.55571577573826
1.351999999999962,125.59688568115234,125.66370614359174,2.6085785703650286,303.4521100894241,239.58262489518842
1.3529999999999618,125.63789367675781,125.66370614359174,2.6243703419669213,335.01616818866376,252.33544141128456
1.3539999999999617,125.68685150146484,125.66370614359174,2.6623234102802416,354.96060002738784,272.44181161647293
1.3549999999999616,125.73291778564453,125.66370614359174,2.697007902674911,339.0579963070611,265.2764707200777
1.3559999999999615,125.77767181396484,125.66370614359174,2.719239978764287,336.3093116578465,262.07925770778803
1.3569999999999613,125.8235092163086,125.66370614359174,2.7407668709635287,350.0704001708164,264.91740169394643
1.3579999999999612,125.87298583984375,125.66370614359174,2.773848471195005,353.60384084684125,274.17730461320156
1.3589999999999611,125.91525268554688,125.66370614359174,2.7989424962620264,318.58620289497543,256.14753548458305
1.359999999999961,125.95198059082031,125.66370614359174,2.803083699074173,297.0281296884596,242.25119601033614
1.360999999999961,125.98594665527344,125.66370614359174,2.798158194973241,293.7677516436327,235.37186529570437
1.3619999999999608,126.02039337158203,125.66370614359174,2.7975824145935846,310.27756581407004,236.6648225702699
1.3629999999999607,126.05838775634766,125.66370614359174,2.8144532768485244,301.448560961041,245.67704423877123
1.3639999999999606,126.08946990966797,125.66370614359174,2.8104920971462475,273.3235146439277,228.30880158776066
1.3649999999999605,126.11652374267578,125.66370614359174,2.79430160837024,264.09293649339065,218.20507524501173
1.3659999999999604,126.14312744140625,125.66370614359174,2.779754044621514,276.1491474269062,217.12817468640264
1.3669999999999602,126.17279052734375,125.66370614359174,2.781012825995506,270.05556956377944,224.90046121881642
1.3679999999999601,126.19554138183594,125.66370614359174,2.7665278417787236,241.50040334175264,207.49561102596837
1.36899999999996,126.2146224975586,125.66370614359174,2.7395995969330103,233.29271951767458,198.26895535374598
1.36999999999996,126.2339859008789,125.66370614359174,2.7149106577737974,248.0274558909097,199.03256930605204
1.3709999999999598,126.25753021240234,125.66370614359174,2.7078257197742444,251.0149649262638,209.60012825092315
1.3719999999999597,126.27558898925781,125.66370614359174,2.691923845102552,228.09792385316945,195.80046042769843
1.3729999999999596,126.29149627685547,125.66370614359174,2.6657762626180195,225.79175737915673,190.40741600074887
1.3739999999999595,126.30924987792969,125.66370614359174,2.6444620530472855,246.54937627528182,195.07742078972254
1.3749999999999594,126.33267974853516,125.66370614359174,2.643718892874225,258.3390649988984,209.47106902446552
1.3759999999999593,126.35205078125,125.66370614359174,2.63924768399433,240.82330007808537,199.2484279782137
1.3769999999999591,126.37034606933594,125.66370614359174,2.6261355570684315,242.3154741996572,196.55212566887465
1.377999999999959,126.39115142822266,125.66370614359174,2.6188367562899413,265.2314820018272,202.950841412997
1.378999999999959,126.41793060302734,125.66370614359174,2.632246860152179,279.1737447044419,218.0912445830225
1.3799999999999588,126.44058227539062,125.66370614359174,2.6429193409038434,260.5995616815722,207.7025184606323
1.3809999999999587,126.4615707397461,125.66370614359174,2.6431090412501717,258.6928421854169,203.51627175017592
1.3819999999999586,126.48402404785156,125.66370614359174,2.646118996669874,276.296409761657,207.2906062233784
1.3829999999999585,126.51107788085938,125.66370614359174,2.6658145472644668,285.90295546738594,218.94870776088212
1.3839999999999584,126.53243255615234,125.66370614359174,2.6818969345951444,259.8334641252206,204.59632007028264
1.3849999999999583,126.55030822753906,125.66370614359174,2.683055549198883,249.2320707548822,195.80697483768256
1.3859999999999582,126.5677490234375,125.66370614359174,2.681981713735252,257.7422968128455,194.74245613194546
1.386999999999958,126.58794403076172,125.66370614359174,2.6924583618240003,285.5940699573803,201.75906239797536
1.387999999999958,126.61359405517578,125.66370614359174,2.727163372269918,283.94125196649935,215.60837242161855
1.3889999999999578,126.6340103149414,125.66370614359174,2.7414830008728623,264.75805656929884,202.3937788104297
1.3899999999999577,126.65164184570312,125.66370614359174,2.747977957058244,262.2486087595014,195.36987066416074
1.3909999999999576,126.66938781738281,125.66370614359174,2.7593665063258963,277.8529306932421,195.6764846059831
1.3919999999999575,126.68984985351562,125.66370614359174,2.7878773289901932,266.93472647978206,202.62248809982302
1.3929999999999574,126.70245361328125,125.66370614359174,2.7948641575293283,235.5301907934643,182.71064682980455
1.3939999999999573,126.7098159790039,125.66370614359174,2.788120398926741,221.47095024970275,169.46004350371274
1.3949999999999572,126.71524047851562,125.66370614359174,2.7806274026148317,227.2379845869328,164.54370142358766
1.395999999999957,126.721923828125,125.66370614359174,2.785756271132759,215.2949877913774,167.74325477998187
1.396999999999957,126.7199478149414,125.66370614359174,2.7739946348760993,179.45216511252028,145.7904692452389
1.3979999999999568,126.71258544921875,125.66370614359174,2.746425165751338,163.59714243823313,132.15140698513414
1.3989999999999567,126.70384979248047,125.66370614359174,2.717206640966303,170.64533123291793,128.64721663217088
1.3999999999999566,126.69766235351562,125.66370614359174,2.701621524213405,169.87368146770996,135.09444044347597
1.4009999999999565,126.68474578857422,125.66370614359174,2.678335229352206,141.2773994829515,118.03296791810901
1.4019999999999564,126.66880798339844,125.66370614359174,2.641992924314755,134.4033259438399,110.35875314904129
1.4029999999999563,126.65415954589844,125.66370614359174,2.6079566776708782,151.87309607891706,113.61033982364957
1.4039999999999562,126.64490509033203,125.66370614359174,2.5929044090392024,166.49064192510036,127.2787710591016
1.404999999999956,126.63180541992188,125.66370614359174,2.5790063088435815,149.37011762967825,117.49660435747553
1.405999999999956,126.61825561523438,125.66370614359174,2.5566009881606,152.7029464707544,116.35690782960398
1.4069999999999558,126.60814666748047,125.66370614359174,2.54091800054409,178.6813168070563,125.07246776140983
1.4079999999999557,126.60508728027344,125.66370614359174,2.547990657290356,200.67734855957576,142.89173568853568
1.4089999999999556,126.5992202758789,125.66370614359174,2.5589216700485995,187.45865520538703,135.78349162412434
1.4099999999999555,126.59315490722656,125.66370614359174,2.561679456996575,191.20322866933523,135.29148157863298
1.4109999999999554,126.59002685546875,125.66370614359174,2.569743622178286,214.28107062236523,142.69378951033545
1.4119999999999553,126.59272003173828,125.66370614359174,2.5970847055465427,231.13662839670087,157.44719950833868
1.4129999999999552,126.59083557128906,125.66370614359174,2.624995701845718,209.61258891019048,145.85806117023645
1.413999999999955,126.58639526367188,125.66370614359174,2.639126211777285,202.31772613209887,139.384962210887
1.414999999999955,126.5821304321289,125.66370614359174,2.6515107182047446,212.57303760684275,139.8199033812702
1.4159999999999549,126.5807876586914,125.66370614359174,2.675156544425959,240.4008855141166,147.2144971413204
1.4169999999999547,126.58454132080078,125.66370614359174,2.721880907491793,238.39468456300867,160.1200599888981
1.4179999999999546,126.58251953125,125.66370614359174,2.7481418982993326,216.2699387537216,145.5102703717408
1.4189999999999545,126.57691192626953,125.66370614359174,2.76401450559509,209.3275123945913,136.4183210315322
1.4199999999999544,126.5703353881836,125.66370614359174,2.7814337238777482,219.24172455329747,133.94406150748858
1.4209999999999543,126.56513214111328,125.66370614359174,2.8121055861432764,204.11495702683482,137.4365891514268
1.4219999999999542,126.55084228515625,125.66370614359174,2.8208127464317294,166.24236446837557,114.40548218114567
1.422999999999954,126.53021240234375,125.66370614359174,2.8119174207692645,145.72835304253488,98.3313421970133
1.423999999999954,126.50666046142578,125.66370614359174,2.7981395546636074,145.46787536834483,90.92965778483988
1.4249999999999539,126.48355102539062,125.66370614359174,2.7930683451376264,132.43979433293524,92.03572881819274
1.4259999999999537,126.45145416259766,125.66370614359174,2.7729740588805423,93.18604326348621,69.26791932763571
1.4269999999999536,126.41410064697266,125.66370614359174,2.734271589137989,75.42480990856149,55.95093262902538
1.4279999999999535,126.37589263916016,125.66370614359174,2.6915292010342293,82.23111649600844,53.76787179078557
1.4289999999999534,126.34109497070312,125.66370614359174,2.6610466042583747,87.67297180540288,62.366692155751934
1.4299999999999533,126.30097198486328,125.66370614359174,2.6278652684726294,62.7764244166162,48.8707278375336
1.4309999999999532,126.2596206665039,125.66370614359174,2.5818344588696505,61.11813820694781,45.76377326220975
1.431999999999953,126.22161865234375,125.66370614359174,2.5392396634312644,85.02848273644328,54.19419671390374
1.432999999999953,126.19117736816406,125.66370614359174,2.518071047489006,132.97575926087515,73.26149717284542
1.4339999999999529,126.17149353027344,125.66370614359174,2.5349102070941845,154.31811763737852,100.36863111635347
1.4349999999999528,126.15280151367188,125.66370614359174,2.5416269662366364,162.37672773247377,102.8824474077743
1.4359999999999526,126.13798522949219,125.66370614359174,2.5551600432271067,188.92785565332505,112.6147652863259
1.4369999999999525,126.1296615600586,125.66370614359174,2.589202195287259,206.1368002084975,128.99928422973616
1.4379999999999524,126.1172866821289,125.66370614359174,2.6216724075752595,186.53350847973803,118.76919303716171
1.4389999999999523,126.10282897949219,125.66370614359174,2.640712798469429,180.79614639310327,113.50205458058524
1.4399999999999522,126.08888244628906,125.66370614359174,2.6581343333985052,191.91798158578064,114.75691378164697
1.440999999999952,126.07796478271484,125.66370614359174,2.6865298805012214,219.66437156416293,122.39888617789137
1.441999999999952,126.0719985961914,125.66370614359174,2.737168412383276,214.24238630313138,134.87093706551084
1.4429999999999519,126.0601806640625,125.66370614359174,2.7637670853165064,191.19392470563926,120.09839928173898
1.4439999999999518,126.04471588134766,125.66370614359174,2.7790974308033447,183.30403381055578,110.89046576242517
1.4449999999999517,126.02820587158203,125.66370614359174,2.795014079839782,192.10235290583793,108.24108761745745
1.4459999999999515,126.01296997070312,125.66370614359174,2.8231175018366126,173.75395945087155,111.43645643623067
1.4469999999999514,125.98877716064453,125.66370614359174,2.8262725493587895,135.61980664428927,88.84400836525272
1.4479999999999513,125.9585952758789,125.66370614359174,2.811311276945929,115.67287761318059,73.73082161843675
1.4489999999999512,125.92601013183594,125.66370614359174,2.791245827005692,116.58039184849159,67.65348378152935
1.449999999999951,125.89448547363281,125.66370614359174,2.7799723413151876,103.49000333877501,70.30216160105257
1.450999999999951,125.85488891601562,125.66370614359174,2.751912804276348,67.28408393777188,49.95621787637206
1.4519999999999509,125.81120300292969,125.66370614359174,2.706080275379792,53.63650668363026,39.63112865693981
1.4529999999999508,125.76795959472656,125.66370614359174,2.657667846866825,65.16838712567868,40.73647369166028
1.4539999999999507,125.7294692993164,125.66370614359174,2.6235592599550763,73.34617530768784,52.66486581778957
1.4549999999999506,125.6871566772461,125.66370614359174,2.585786595503571,54.35168465590398,43.02189284533238
1.4559999999999504,125.64520263671875,125.66370614359174,2.537667060866625,59.047540254222476,43.91179606021407
1.4569999999999503,125.60813903808594,125.66370614359174,2.496137783060451,89.15579083876027,56.165921705697386
1.4579999999999502,125.58001708984375,125.66370614359174,2.47948103108745,116.57271128125464,78.61373678822032
1.4589999999999501,125.5517349243164,125.66370614359174,2.468354872283346,113.27689572026848,78.17423256934946
1.45999999999995,125.52658081054688,125.66370614359174,2.4542266652927456,130.00505244053642,86.03258207807781
1.46099999999995,125.50808715820312,125.66370614359174,2.4526893605237143,167.90284259155794,102.71373277352374
1.4619999999999498,125.49923706054688,125.66370614359174,2.4792797707178207,196.15394728874077,126.91567763971861
1.4629999999999497,125.48982238769531,125.66370614359174,2.507907443381092,191.24136394382487,125.48470595098134
1.4639999999999496,125.48193359375,125.66370614359174,2.5304792914589562,200.96845282696472,129.28888769114064
1.4649999999999495,125.47801208496094,125.66370614359174,2.5593793685489326,227.11905681409775,139.26033431778234
1.4659999999999493,125.48023986816406,125.66370614359174,2.6068504530000736,239.15577143061037,154.68717453014463
1.4669999999999492,125.47782897949219,125.66370614359174,2.6469084433365473,216.04972298820766,143.048831350604
1.4679999999999491,125.472412109375,125.66370614359174,2.6705214016196477,205.3218016164872,135.49785232323168
1.468999999999949,125.46634674072266,125.66370614359174,2.6889247136812604,210.33464146493472,133.8607166069138
1.469999999999949,125.46207427978516,125.66370614359174,2.7142183385239225,207.0751702125742,138.3511526291019
1.4709999999999488,125.44940185546875,125.66370614359174,2.7299492917098416,166.28608470260266,117.25948092895518
1.4719999999999487,125.43064880371094,125.66370614359174,2.721471791928927,140.64834631432203,101.99278882764588
1.4729999999999486,125.40913391113281,125.66370614359174,2.7009465742906626,134.82734964437822,95.0490860757901
1.4739999999999485,125.38848114013672,125.66370614359174,2.682558391478588,150.09879440200726,97.17060463739077
1.4749999999999484,125.37196350097656,125.66370614359174,2.680746323407059,145.75794886941802,107.53590418020691
1.4759999999999482,125.35029602050781,125.66370614359174,2.661563612528266,122.99561851859474,94.59836354241662
1.4769999999999481,125.32698822021484,125.66370614359174,2.6311905851474324,121.13475313827881,90.4799750350959
1.477999999999948,125.30596923828125,125.66370614359174,2.604773066676372,141.7672844878037,96.1748231657001
1.478999999999948,125.29078674316406,125.66370614359174,2.5979936137636104,147.86341039546616,110.79653023356126
1.4799999999999478,125.27225494384766,125.66370614359174,2.5805450964501264,132.3114775078721,102.40165079381318
1.4809999999999477,125.25382232666016,125.66370614359174,2.5549199390290016,137.35187299501902,102.61237377042204
1.4819999999999476,125.23926544189453,125.66370614359174,2.5365501248593154,164.3903944430856,112.29491791081483
1.4829999999999475,125.2319564819336,125.66370614359174,2.5411608406069757,177.74079320935567,130.46217296102438
1.4839999999999474,125.22242736816406,125.66370614359174,2.5385798703033755,166.61556377035137,124.87732717124173
1.4849999999999473,125.21363067626953,125.66370614359174,2.5291717974865526,174.02109244067665,126.69862735818056
1.4859999999999471,125.20887756347656,125.66370614359174,2.5274469426621713,201.43700580831907,136.83415568878192
1.486999999999947,125.21115112304688,125.66370614359174,2.547897624352086,213.820799961249,154.4200182597641
1.487999999999947,125.21056365966797,125.66370614359174,2.5599699691664366,199.44943709922788,147.24177393500227
1.4889999999999468,125.20956420898438,125.66370614359174,2.5623973498160897,201.41024838985723,146.2281656908399
1.4899999999999467,125.21111297607422,125.66370614359174,2.568506118156636,221.7616588791475,152.61531053749283
1.4909999999999466,125.21798706054688,125.66370614359174,2.5918186813202313,227.83308651216063,165.93503189167845
1.4919999999999465,125.2201919555664,125.66370614359174,2.6047659807642107,205.04614009680864,154.27761763685717
1.4929999999999464,125.22010040283203,125.66370614359174,2.603251057742788,198.0379281411269,148.50391010204933
1.4939999999999463,125.2207260131836,125.66370614359174,2.6002857763145575,209.70326215280411,150.30607183873425
1.4949999999999461,125.22509002685547,125.66370614359174,2.6096973381265807,212.19428567037812,159.67126198424725
1.495999999999946,125.22360229492188,125.66370614359174,2.6104483652792405,183.498571392848,145.02327662524237
1.496999999999946,125.21892547607422,125.66370614359174,2.5937694613858358,171.87813268027236,137.0314333336845
1.4979999999999458,125.21451568603516,125.66370614359174,2.5732872244581615,180.80642010232867,137.67909963246936
1.4989999999999457,125.21389770507812,125.66370614359174,2.564105518205274,210.3572369582762,147.1871660191913
1.4999999999999456,125.22008514404297,125.66370614359174,2.580519452591543,212.6140354406637,164.23841435711037
1.5009999999999455,125.2235107421875,125.66370614359174,2.577067529707466,202.14641107568062,157.33059102378405
1.5019999999999454,125.22710418701172,125.66370614359174,2.5693422303140094,210.1873054050991,157.75377539393048
1.5029999999999453,125.23405456542969,125.66370614359174,2.5715700090156433,237.331240799248,166.1526610270352
1.5039999999999452,125.24708557128906,125.66370614359174,2.5970998860456125,236.9982252466223,181.42323861387715
1.504999999999945,125.25636291503906,125.66370614359174,2.6016206732529343,221.65647185571154,172.02528278835516
1.505999999999945,125.26451110839844,125.66370614359174,2.5985286643753533,223.5186915732359,169.21598155324676
1.5069999999999448,125.2745590209961,125.66370614359174,2.60136953663868,243.81548972110937,173.98862364088063
1.5079999999999447,125.28923797607422,125.66370614359174,2.6232199068220563,238.97929367928657,185.61575668823227
1.5089999999999446,125.29875183105469,125.66370614359174,2.6238802000970507,216.94117521171358,172.68807940317154
1.5099999999999445,125.30577850341797,125.66370614359174,2.613248947007846,212.29779983860828,166.46977136234491
1.5109999999999444,125.31353759765625,125.66370614359174,2.6050036213167944,226.96150294567056,168.31650988973072
1.5119999999999443,125.32508850097656,125.66370614359174,2.612957193697368,222.02240174577713,177.83604293235277
1.5129999999999442,125.33100128173828,125.66370614359174,2.6030072474245856,197.35987184828343,163.7015487328094
1.513999999999944,125.334228515625,125.66370614359174,2.580381662159913,191.31960725334955,156.99679851463955
1.514999999999944,125.3383560180664,125.66370614359174,2.5594943969550354,206.17575778994038,159.24704775634456
1.5159999999999438,125.34683990478516,125.66370614359174,2.5553876170854406,207.5846858381966,170.1771262055008
1.5169999999999437,125.3506088256836,125.66370614359174,2.5394045083986807,186.45658079301694,158.3688329666005
1.5179999999999436,125.3528060913086,125.66370614359174,2.512245906841321,184.70283728965308,154.43719065666525
1.5189999999999435,125.35717010498047,125.66370614359174,2.4890167689468172,204.57256146502448,159.8557320666265
1.5199999999999434,125.36727142333984,125.66370614359174,2.4855684865170953,214.49996304641704,174.27906676010397
1.5209999999999433,125.3741226196289,125.66370614359174,2.4758313204478015,199.1666075097187,166.11778366713443
1.5219999999999432,125.38066101074219,125.66370614359174,2.4572561429292463,202.37366609453235,165.36412985163406
1.522999999999943,125.3904037475586,125.66370614359174,2.444801137526795,226.2666015666079,173.40356615299387
1.523999999999943,125.40669250488281,125.66370614359174,2.4539181055239427,240.3998974795839,189.84808644212896
1.5249999999999428,125.42027282714844,125.66370614359174,2.458691447350021,226.88431875925238,183.08143336840627
1.5259999999999427,125.43363952636719,125.66370614359174,2.454458252449433,229.88628828875937,182.5660297508733
1.5269999999999426,125.44987487792969,125.66370614359174,2.4551543106520253,251.7614908494799,189.78431498792668
1.5279999999999425,125.47196960449219,125.66370614359174,2.4750962172074207,263.4432517096099,204.52536434946737
1.5289999999999424,125.49042510986328,125.66370614359174,2.4894830209572625,245.25728981821817,195.42646131453915
1.5299999999999423,125.50735473632812,125.66370614359174,2.491377812050955,241.94052961364204,191.63748811847702
1.5309999999999422,125.52560424804688,125.66370614359174,2.4938390995593975,256.4662006594844,194.9667125404616
1.531999999999942,125.54806518554688,125.66370614359174,2.5106625236158413,263.1881262182886,205.58244055555605
1.532999999999942,125.5653305053711,125.66370614359174,2.5216617221976354,237.65589483653696,192.56820437886523
1.5339999999999419,125.57951354980469,125.66370614359174,2.516088867326325,226.95104464117426,184.8579784269569
1.5349999999999417,125.59359741210938,125.66370614359174,2.5069504507707765,234.76289363727034,184.6316712741416
1.5359999999999416,125.61077117919922,125.66370614359174,2.50860677597266,261.58120803470575,192.41986850037512
1.5369999999999415,125.63384246826172,125.66370614359174,2.5345412465899617,261.9889368195104,207.2677370173069
1.5379999999999414,125.65318298339844,125.66370614359174,2.5403578643433677,247.59866567809567,197.9387673831783
1.5389999999999413,125.67127990722656,125.66370614359174,2.539442115804328,249.7718735898466,194.8406714693847
1.5399999999999412,125.6910400390625,125.66370614359174,2.5452489926246433,269.8135123801334,199.0649750472677
1.540999999999941,125.71514129638672,125.66370614359174,2.5706852232238107,265.0140075454217,210.00976724270558
1.541999999999941,125.7339096069336,125.66370614359174,2.575210076010079,243.05188192143657,196.65069235855702
1.5429999999999409,125.74979400634766,125.66370614359174,2.568673400115076,237.438885839581,189.40448538638333
1.5439999999999408,125.76580047607422,125.66370614359174,2.564440600218972,250.2277674529983,189.75257470997576
1.5449999999999406,125.78486633300781,125.66370614359174,2.5759814636739717,243.53156443940784,197.47111716298008
1.5459999999999405,125.79766845703125,125.66370614359174,2.5693947378979924,216.9623312489266,181.74466105812382
1.5469999999999404,125.80693817138672,125.66370614359174,2.549403249637387,207.98091780834156,172.87494687065873
1.5479999999999403,125.81608581542969,125.66370614359174,2.530052580515706,219.12348130677046,172.56935971102584
1.5489999999999402,125.82847595214844,125.66370614359174,2.5261069008726142,217.7953240899679,180.77296305495062
1.54999999999994,125.83527374267578,125.66370614359174,2.510359867042076,193.52385965851258,166.6811888213845
1.55099999999994,125.8394775390625,125.66370614359174,2.4821448859599413,188.03223582570723,160.17735377475645
1.5519999999999399,125.84477233886719,125.66370614359174,2.4563636214856204,203.88493537957422,162.92617870167572
1.5529999999999398,125.85477447509766,125.66370614359174,2.448911230302926,212.0808209764084,174.79285872269017
1.5539999999999397,125.8608169555664,125.66370614359174,2.4364978891587574,194.30481055001678,164.8229371416841
1.5549999999999395,125.86583709716797,125.66370614359174,2.414338589899649,194.93281653716184,162.25893274643002
1.5559999999999394,125.87336730957031,125.66370614359174,2.3974776647340863,216.35152056601487,168.6103129383556
1.5569999999999393,125.88685607910156,125.66370614359174,2.4017461511683127,231.01285475943766,183.61916484831391
1.5579999999999392,125.89741516113281,125.66370614359174,2.4044705485547824,217.0255970678488,176.25826322961194
1.558999999999939,125.90753936767578,125.66370614359174,2.3982623387401625,219.4550900438065,175.17761351317526
1.559999999999939,125.92031860351562,125.66370614359174,2.397189752532606,240.7620528649961,181.88693092931774
1.5609999999999389,125.93878173828125,125.66370614359174,2.415867708886268,254.54104782629477,196.2141695522506
1.5619999999999388,125.95370483398438,125.66370614359174,2.4321920097602305,237.2023763661973,187.3412765382804
1.5629999999999387,125.96712493896484,125.66370614359174,2.436460569141672,234.2070893914474,183.57343745006034
1.5639999999999386,125.98177337646484,125.66370614359174,2.441594883449025,248.5646518206329,186.69532401896697
1.5649999999999384,126.00045013427734,125.66370614359174,2.4613206255836033,256.9928048818948,196.8828584076811
1.5659999999999383,126.013916015625,125.66370614359174,2.4777078444247174,231.6543733169658,183.77961165948813
1.5669999999999382,126.02410888671875,125.66370614359174,2.4772944420489793,220.14603951071365,175.52616018927128
1.567999999999938,126.03380584716797,125.66370614359174,2.4726703508572174,226.2601054865556,174.30684670748872
1.568999999999938,126.04603576660156,125.66370614359174,2.477857346226263,250.681776626941,180.70310614456318
1.569999999999938,126.06346893310547,125.66370614359174,2.506138682053831,250.8054402063098,193.8434257710983
1.5709999999999378,126.07659149169922,125.66370614359174,2.515910900131076,233.9127270355476,183.0201700774129
1.5719999999999377,126.08775329589844,125.66370614359174,2.5173630610948377,232.8031237053061,178.06834077794628
1.5729999999999376,126.09973907470703,125.66370614359174,2.5236347922430005,249.09566831667343,180.17651104298088
1.5739999999999374,126.11515808105469,125.66370614359174,2.547611013481638,243.66644430376508,188.87132566634088
1.5749999999999373,126.12457275390625,125.66370614359174,2.5528315642375166,218.578649618745,173.7213101938623
1.5759999999999372,126.13036346435547,125.66370614359174,2.545145292424446,209.50943985328507,164.61495037538978
1.5769999999999371,126.13557434082031,125.66370614359174,2.5377891902379375,218.8499833312218,163.12998356349934
1.577999999999937,126.14315795898438,125.66370614359174,2.5444759355576534,213.07652248938615,169.15242254972594
1.578999999999937,126.14412689208984,125.66370614359174,2.536469640124467,184.56515087283537,152.44565124450133
1.5799999999999368,126.14125061035156,125.66370614359174,2.513693953478065,173.66048999146156,142.75429883866641
1.5809999999999367,126.13800048828125,125.66370614359174,2.490225770061977,183.14798604047812,141.81139209570694
1.5819999999999366,126.1378402709961,125.66370614359174,2.481248374921174,184.98663580956216,149.59181708400067
1.5829999999999365,126.13220977783203,125.66370614359174,2.4650432079017337,160.74303716751314,135.80383595687923
1.5839999999999363,126.1241683959961,125.66370614359174,2.4357881422779815,155.2028956627883,129.70667043189027
1.5849999999999362,126.11740112304688,125.66370614359174,2.4084401197253293,171.05959011876695,132.9066343351673
1.5859999999999361,126.11552429199219,125.66370614359174,2.399267220200765,183.4430624227866,145.22526021264557
1.586999999999936,126.11005401611328,125.66370614359174,2.3899467062068185,166.6331608363459,136.1784476476586
1.587999999999936,126.10386657714844,125.66370614359174,2.370637404664585,167.69103423635264,134.35778167899642
1.5889999999999358,126.10039520263672,125.66370614359174,2.3562169628985288,189.09675455640416,141.19095983386535
1.5899999999999357,126.10293579101562,125.66370614359174,2.3625563688269566,206.9861631457416,156.37466504141113
1.5909999999999356,126.10271453857422,125.66370614359174,2.3712970203661654,193.01803922281476,149.3820200619671
1.5919999999999355,126.10204315185547,125.66370614359174,2.3701965002834386,194.54562634451267,148.26567557901413
1.5929999999999354,126.10384368896484,125.66370614359174,2.3728809998185225,214.2088342176451,154.50705833579386
1.5939999999999352,126.11097717285156,125.66370614359174,2.393752363288784,251.49915782226637,167.9549375993054
1.5949999999999351,126.12567138671875,125.66370614359174,2.4453012571791293,259.2470470974721,187.0438197338517
1.595999999999935,126.13805389404297,125.66370614359174,2.4776045569929526,251.82697394194813,181.23998437174188
1.596999999999935,126.14990997314453,125.66370614359174,2.5058226352381685,257.7494164107454,179.9253015884901
1.5979999999999348,126.16329193115234,125.66370614359174,2.541590879921229,277.81098087815883,183.80375458337937
1.5989999999999347,126.179931640625,125.66370614359174,2.5954285327174067,266.5756841206299,192.0500992202954
1.5999999999999346,126.18971252441406,125.66370614359174,2.622416312810495,238.47687834292626,174.76396524641083
1.6009999999999345,126.19440460205078,125.66370614359174,2.63441892507945,223.51412843398245,161.9242034483449
1.6019999999999344,126.19639587402344,125.66370614359174,2.64302498288852,224.1042560999191,155.1218090375669
1.6029999999999343,126.1980972290039,125.66370614359174,2.6600393151723614,202.87416896348586,154.37095025942543
1.6039999999999341,126.19026947021484,125.66370614359174,2.6529963399780634,161.9906714788876,130.3138578139644
1.604999999999934,126.17567443847656,125.66370614359174,2.6255097875931135,138.46709483525743,113.24540304166706
1.605999999999934,126.15789794921875,125.66370614359174,2.590882664696433,135.61751472552498,105.17540080659371
1.6069999999999338,126.14059448242188,125.66370614359174,2.5638943196022512,125.81872989279643,106.3467744453989
1.6079999999999337,126.11573028564453,125.66370614359174,2.525005819212759,92.37091624636767,87.26659820599535
1.6089999999999336,126.08708953857422,125.66370614359174,2.4687999802954503,80.63101859736607,77.71473363086324
1.6099999999999335,126.05909729003906,125.66370614359174,2.411222150706016,93.47001885613682,79.33064625591885
1.6109999999999334,126.03607940673828,125.66370614359174,2.3704629314292602,108.0636878356571,91.85170193904469
1.6119999999999333,126.01039123535156,125.66370614359174,2.3329611581701313,95.11446817616026,85.0895779718024
1.6129999999999332,125.98574829101562,125.66370614359174,2.2883035647553096,103.74761013316012,87.71506536062151
1.613999999999933,125.96626281738281,125.66370614359174,2.2539122416438078,135.7350132439112,100.67720778710522
1.614999999999933,125.95568084716797,125.66370614359174,2.248455145552719,166.33121325610017,123.08899950326644
1.6159999999999328,125.94554901123047,125.66370614359174,2.252683579583989,166.70992766710452,124.22325335224767
1.6169999999999327,125.93844604492188,125.66370614359174,2.255867525005488,183.71045384266145,131.83932821127
1.6179999999999326,125.93722534179688,125.66370614359174,2.2725642597727775,218.69949622961576,146.66046162436834
1.6189999999999325,125.94439697265625,125.66370614359174,2.316936794384579,243.4751721256588,167.78938245633105
1.6199999999999324,125.9503402709961,125.66370614359174,2.3619160565506125,236.19691092631942,164.7134028156794
1.6209999999999323,125.95640563964844,125.66370614359174,2.3982393460942877,240.10292265564442,165.04710048371888
1.6219999999999322,125.9644775390625,125.66370614359174,2.4370786535222906,257.559630240836,170.09378088751734
1.622999999999932,125.97635650634766,125.66370614359174,2.4897225288852844,262.42123746542535,179.71348105533642
1.623999999999932,125.98210906982422,125.66370614359174,2.533275338097588,232.9000303612607,164.281830953266
1.6249999999999318,125.98292541503906,125.66370614359174,2.55607609025968,213.60708049779663,151.84906039155143
1.6259999999999317,125.98090362548828,125.66370614359174,2.568828695291768,208.66745582687236,144.68202590519417
1.6269999999999316,125.97843933105469,125.66370614359174,2.5835964655478922,219.3748506149769,143.58566311257295
1.6279999999999315,125.97775268554688,125.66370614359174,2.612147648055432,204.2477310589133,148.051035296594
1.6289999999999314,125.969482421875,125.66370614359174,2.6160080522144566,172.07177515829892,128.941690796934
1.6299999999999313,125.95613098144531,125.66370614359174,2.603363432566348,156.0847912315871,116.11384075173929
1.6309999999999312,125.94080352783203,125.66370614359174,2.5871875734496377,158.81899236805478,111.13538967629063
1.631999999999931,125.92658233642578,125.66370614359174,2.5812280351137717,146.7814724722148,113.90112124440905
1.632999999999931,125.90499114990234,125.66370614359174,2.558012077583598,114.32232077103882,95.31772560359256
1.6339999999999308,125.87934112548828,125.66370614359174,2.5179791172853774,101.56419224318923,85.06677362732408
1.6349999999999307,125.85354614257812,125.66370614359174,2.475989209456914,111.14803591502252,84.68465064462238
1.6359999999999306,125.8314208984375,125.66370614359174,2.4484837512334523,115.6772313646649,93.90764123037708
1.6369999999999305,125.8050537109375,125.66370614359174,2.415651075716308,95.9932959763408,83.20191875652668
1.6379999999999304,125.77801513671875,125.66370614359174,2.3719888160024016,97.27374923096836,81.50717216186793
1.6389999999999303,125.75433349609375,125.66370614359174,2.3339831654839664,121.51032370504282,89.9241706888692
1.6399999999999302,125.73774719238281,125.66370614359174,2.319512140848851,142.35583265998508,107.74624442114894
1.64099999999993,125.72004699707031,125.66370614359174,2.308386550062301,135.9175234123374,104.91864318981328
1.64199999999993,125.70419311523438,125.66370614359174,2.2929131144729187,147.82330243474345,109.5458038639361
1.6429999999999298,125.69346618652344,125.66370614359174,2.288652963082516,179.5606448971032,122.4309118798136
1.6439999999999297,125.69080352783203,125.66370614359174,2.3113470753596674,202.7520621873428,142.70001616842939
1.6449999999999296,125.6871566772461,125.66370614359174,2.3352083344662975,196.58501559057206,140.22022086520127
1.6459999999999295,125.68450164794922,125.66370614359174,2.352704015929033,204.36621895437494,142.69708008978867
1.6469999999999294,125.68521881103516,125.66370614359174,2.3765836983755486,228.0118059452709,151.18633189373216
1.6479999999999293,125.69152069091797,125.66370614359174,2.41956894863143,239.31512302209381,165.22390334376283
1.6489999999999292,125.6938247680664,125.66370614359174,2.455903013713658,219.33160965458603,155.18342193495596
1.649999999999929,125.6936264038086,125.66370614359174,2.476937184959985,211.028763854408,148.89030488293977
1.650999999999929,125.69310760498047,125.66370614359174,2.4941401223005673,217.58117372258178,148.09576176597062
1.6519999999999289,125.69457244873047,125.66370614359174,2.519833869774764,216.37864215801642,153.07934878696872
1.6529999999999287,125.6888198852539,125.66370614359174,2.5371030092868296,181.2298689171054,134.93047590232257
1.6539999999999286,125.67779541015625,125.66370614359174,2.531725619072309,159.55550665833562,121.65448510238087
1.6549999999999285,125.66436767578125,125.66370614359174,2.5157779752312366,155.6898677196651,115.5960395725857
1.6559999999999284,125.6517105102539,125.66370614359174,2.503294780932144,170.89505421591812,117.53007415154478
1.6569999999999283,125.64274597167969,125.66370614359174,2.5084553366834266,166.64793230687619,126.81193516766896
1.6579999999999282,125.62886810302734,125.66370614359174,2.4961852733341234,145.51119036199793,114.42029972102306
1.658999999999928,125.6130142211914,125.66370614359174,2.4730720696069963,142.7359170123524,109.46396315225202
1.659999999999928,125.59858703613281,125.66370614359174,2.4537577234539296,160.02274539785796,113.02684602421967
1.6609999999999279,125.58873748779297,125.66370614359174,2.4533645171117557,162.5363718079215,124.49805641120606
1.6619999999999278,125.57496643066406,125.66370614359174,2.441011048909494,145.12406950485757,114.64481500381825
1.6629999999999276,125.56022644042969,125.66370614359174,2.419204460145103,146.05556518279502,112.21189828130942
1.6639999999999275,125.54790496826172,125.66370614359174,2.4028753916789984,167.03492801232244,118.24748235409368
1.6649999999999274,125.54110717773438,125.66370614359174,2.407428892338729,175.41536748605253,132.11373565772396
1.6659999999999273,125.53124237060547,125.66370614359174,2.4038285795224934,161.13305616758564,124.4000007563935
1.6669999999999272,125.52100372314453,125.66370614359174,2.391634711720362,164.05344058327523,123.45385897249778
1.667999999999927,125.51351928710938,125.66370614359174,2.385321890745814,185.97152265832838,130.35087724940615
1.668999999999927,125.51168060302734,125.66370614359174,2.3997039428569584,195.68932981404188,144.5284628978431
1.6699999999999269,125.50667572021484,125.66370614359174,2.4067611311457346,180.38093551123882,136.57582373059995
1.6709999999999268,125.50086975097656,125.66370614359174,2.4036421318860737,180.779157171137,134.5533347554932
1.6719999999999267,125.49712371826172,125.66370614359174,2.4040038927752456,199.05636824895078,139.72951540378833
1.6729999999999265,125.49818420410156,125.66370614359174,2.421967880723459,206.28966358439214,151.78568393510378
1.6739999999999264,125.49515533447266,125.66370614359174,2.4323328632910357,186.22576343330195,141.50648218005082
1.6749999999999263,125.490234375,125.66370614359174,2.4291883942352053,181.142593773403,136.77336243586308
1.6759999999999262,125.48627471923828,125.66370614359174,2.425769676321049,193.79728856580914,139.15624159238783
1.676999999999926,125.48609161376953,125.66370614359174,2.436219891648002,199.1414030946824,148.6539804290423
1.677999999999926,125.48099517822266,125.66370614359174,2.4407259541810067,174.7270946232933,136.3135995480109
1.6789999999999259,125.47330474853516,125.66370614359174,2.429033239876282,165.7273150640878,129.7959505796794
1.6799999999999258,125.46607208251953,125.66370614359174,2.414595386844358,175.40091285931413,130.913267141916
1.6809999999999257,125.46240997314453,125.66370614359174,2.412316900369804,203.88624011212647,139.88494551114715
1.6819999999999256,125.46498107910156,125.66370614359174,2.43620125335611,206.48555895722578,155.53141642005107
1.6829999999999254,125.46488189697266,125.66370614359174,2.440900082546574,196.39777575529357,148.83684370891788
1.6839999999999253,125.46459197998047,125.66370614359174,2.4408895061221023,202.6566988333605,148.33803184048415
1.6849999999999252,125.46684265136719,125.66370614359174,2.449830962970787,226.04884127985085,154.7278697739273
1.6859999999999251,125.4740219116211,125.66370614359174,2.4805796900372905,223.3010814002156,167.12105883944974
1.686999999999925,125.47702026367188,125.66370614359174,2.4898669279833086,205.83848863752542,156.5995987691472
1.687999999999925,125.47808837890625,125.66370614359174,2.489628119326584,203.81909714135375,151.77826872710258
1.6889999999999248,125.47994232177734,125.66370614359174,2.4929954853427057,218.79550370764994,153.75868408070386
1.6899999999999247,125.485107421875,125.66370614359174,2.5129261109201706,211.41287291015482,162.07407765148466
1.6909999999999246,125.48467254638672,125.66370614359174,2.512148707944515,187.00274002412414,147.99540315128306
1.6919999999999245,125.48111724853516,125.66370614359174,2.498034843698917,178.99411286677886,140.18376605962013
1.6929999999999243,125.4775161743164,125.66370614359174,2.484226107439312,189.59103453333285,140.06764450250887
1.6939999999999242,125.47686767578125,125.66370614359174,2.484921284755,184.86532245330278,147.45412034846134
1.6949999999999241,125.47071075439453,125.66370614359174,2.4702677060733818,160.2520437599827,133.64163346117425
1.695999999999924,125.4619369506836,125.66370614359174,2.442039603964047,153.69666993253125,127.05165546519532
1.696999999999924,125.4540023803711,125.66370614359174,2.4149484704242195,167.57708378449755,129.16139884916782
1.6979999999999238,125.45030212402344,125.66370614359174,2.4047451560103563,172.29274820350687,139.76734544694025
1.6989999999999237,125.44269561767578,125.66370614359174,2.386812740157717,154.13999823233817,129.97583995599155
1.6999999999999236,125.43417358398438,125.66370614359174,2.3583453450822938,154.48876552339718,127.65871333360525
1.7009999999999235,125.42823791503906,125.66370614359174,2.3347637706986757,175.50425946582519,134.13367062676483
1.7019999999999234,125.4282455444336,125.66370614359174,2.3324288087830904,189.24251854472286,149.03948087120168
1.7029999999999232,125.42594909667969,125.66370614359174,2.3276177466354855,177.58788859536793,143.27181449763526
1.7039999999999231,125.42398071289062,125.66370614359174,2.3149910170036834,182.86381426665537,144.083167984949
1.704999999999923,125.42544555664062,125.66370614359174,2.30933940864706,207.10867508003838,152.69779822594484
1.705999999999923,125.43330383300781,125.66370614359174,2.3259161398327435,222.52821819103758,168.7348447795196
1.7069999999999228,125.43891906738281,125.66370614359174,2.3397441829716055,210.5326585347398,163.12637866587065
1.7079999999999227,125.4443588256836,125.66370614359174,2.344109662070874,213.01652492904927,162.71157873921385
1.7089999999999226,125.4522705078125,125.66370614359174,2.3523468894912525,232.37915782832266,168.9014422445434
1.7099999999999225,125.4652328491211,125.66370614359174,2.3782339601479237,242.28743898519392,181.59137356459314
1.7109999999999224,125.4743881225586,125.66370614359174,2.3985768775994587,222.74080102545923,172.07042671387524
1.7119999999999223,125.48152923583984,125.66370614359174,2.404323032520298,216.36539354694798,167.01748750674037
1.7129999999999221,125.4891586303711,125.66370614359174,2.408031168708853,226.3431385316784,168.2568102240198
1.713999999999922,125.49991607666016,125.66370614359174,2.4232731266372887,230.71744277107103,176.1313121893174
1.714999999999922,125.50521087646484,125.66370614359174,2.433397543470491,203.14150226607626,162.4132495960211
1.7159999999999218,125.50700378417969,125.66370614359174,2.424601546960069,189.52855751943005,153.63886270202687
1.7169999999999217,125.50814056396484,125.66370614359174,2.4097612163650495,193.77665845057268,151.99150868908964
1.7179999999999216,125.51171875,125.66370614359174,2.4035262763866205,216.75458780788892,158.13313652108164
1.7189999999999215,125.52056121826172,125.66370614359174,2.420172028920915,218.26673276388573,171.33801361185556
1.7199999999999214,125.52601623535156,125.66370614359174,2.419993050210125,204.3720742581989,162.8655166465411
1.7209999999999213,125.53058624267578,125.66370614359174,2.4126004151620903,206.94655299385988,160.62848279265134
1.7219999999999211,125.53715515136719,125.66370614359174,2.41202694070243,227.41350941239958,165.67782203760916
1.722999999999921,125.54842376708984,125.66370614359174,2.4320675191444274,227.72280806225515,177.47824168723315
1.723999999999921,125.55564880371094,125.66370614359174,2.4356684556480888,210.27314086172186,167.35122189986487
1.7249999999999208,125.56117248535156,125.66370614359174,2.4293712396342704,208.59939016095376,163.07253463659808
1.7259999999999207,125.56783294677734,125.66370614359174,2.4268413150025805,224.62059334484172,165.93990769271312
1.7269999999999206,125.57836151123047,125.66370614359174,2.441897252040048,223.63393704731706,175.680221452118
1.7279999999999205,125.58414459228516,125.66370614359174,2.442131600293619,202.39837700123934,163.75646562664605
1.7289999999999204,125.5875473022461,125.66370614359174,2.4300120862350414,197.11629628835888,157.79422894480354
1.7299999999999203,125.591552734375,125.66370614359174,2.4193421948508718,210.17649533681205,159.31601022211532
1.7309999999999202,125.59911346435547,125.66370614359174,2.4245656482794193,211.03671639677458,168.258912961136
1.73199999999992,125.60186767578125,125.66370614359174,2.418880720528301,188.9369063649317,156.1842497297103
1.73299999999992,125.60233306884766,125.66370614359174,2.4000573872284656,183.38980104439233,150.42901815309907
1.7339999999999198,125.60366821289062,125.66370614359174,2.3823461984838947,197.04021015833672,152.61476391599402
1.7349999999999197,125.6090316772461,125.66370614359174,2.381009592741021,203.0902453704169,162.7563596443174
1.7359999999999196,125.61028289794922,125.66370614359174,2.373955792645286,183.45889474837696,152.42549840793686
1.7369999999999195,125.60997772216797,125.66370614359174,2.354609626517578,180.50357320987303,148.5023576961499
1.7379999999999194,125.61129760742188,125.66370614359174,2.3375069063857628,196.9240836344135,152.595712017457
1.7389999999999193,125.61743927001953,125.66370614359174,2.3383022482123024,208.42866837700606,164.71269574798933
1.7399999999999192,125.62027740478516,125.66370614359174,2.337608146391785,191.7637614932655,156.42677517265614
1.740999999999919,125.62218475341797,125.66370614359174,2.325460867198452,190.9442636676832,154.09393476212495
1.741999999999919,125.62617492675781,125.66370614359174,2.316099066452485,208.73250557970272,159.32027192762354
1.7429999999999188,125.63526916503906,125.66370614359174,2.3248084749369777,222.57036298161492,172.15165869473748
1.7439999999999187,125.64122009277344,125.66370614359174,2.333794174366301,205.9652612985751,164.28227188298877
1.7449999999999186,125.64611053466797,125.66370614359174,2.330319325051859,203.8486411259205,161.61401051214136
1.7459999999999185,125.65269470214844,125.66370614359174,2.3278957229533055,219.25893949505533,165.87322656937076
1.7469999999999184,125.66381072998047,125.66370614359174,2.3411483118247527,252.23640158051552,177.28067645189307
1.7479999999999183,125.68184661865234,125.66370614359174,2.383227678875589,258.51614158461626,194.7129180600739
1.7489999999999182,125.69776916503906,125.66370614359174,2.40671411135302,250.78370844395457,189.42239713941274
1.749999999999918,125.71343231201172,125.66370614359174,2.4255716028113024,256.79985452889434,188.7999917345806
1.750999999999918,125.73104095458984,125.66370614359174,2.4521481003581442,277.6053561001491,193.719202156221
1.7519999999999178,125.75255584716797,125.66370614359174,2.4978398926194836,270.4237530117234,203.58566617306025
1.7529999999999177,125.7686996459961,125.66370614359174,2.5191715892641957,247.49793186411188,190.0981190992602
1.7539999999999176,125.78121185302734,125.66370614359174,2.527125025228986,237.78621438441994,180.97553132528225
1.7549999999999175,125.79243469238281,125.66370614359174,2.533805515621729,243.58283089851375,177.76214549747368
1.7559999999999174,125.80474090576172,125.66370614359174,2.5514870770951497,228.57337721319593,180.51808319893937
1.7569999999999173,125.8094482421875,125.66370614359174,2.5470386563660874,195.10542979211436,161.38841075114937
1.7579999999999172,125.8089370727539,125.66370614359174,2.5244296935785715,177.70440483875615,148.2732452133751
1.758999999999917,125.80638122558594,125.66370614359174,2.4970937316663147,179.46019270714345,143.10340268138484
1.759999999999917,125.80504608154297,125.66370614359174,2.4797245279626514,172.13077363468096,146.19824644361088
1.7609999999999169,125.79716491699219,125.66370614359174,2.4502076995699213,142.74673879364943,129.70237858446862
1.7619999999999167,125.78587341308594,125.66370614359174,2.4046460393512423,132.69729719009908,121.11371727313858
1.7629999999999166,125.77500915527344,125.66370614359174,2.3585566954922683,144.88273477370606,122.18075599822153
1.7639999999999165,125.76842498779297,125.66370614359174,2.329344591653985,155.55485794511273,132.93494671953226
1.7649999999999164,125.75872802734375,125.66370614359174,2.3003626558246713,140.82901227992602,125.0945973969243
1.7659999999999163,125.74910736083984,125.66370614359174,2.2629123107829745,145.60672414939756,125.27073751656879
1.7669999999999162,125.74325561523438,125.66370614359174,2.233623033163937,172.037371848472,134.7359790498851
1.767999999999916,125.74468994140625,125.66370614359174,2.2303207503350504,195.6241100119056,153.07901106454983
1.768999999999916,125.74555969238281,125.66370614359174,2.2328772884005375,191.5249075960933,151.64898894507667
1.7699999999999159,125.74825286865234,125.66370614359174,2.231663405594822,203.39523694964623,156.23548035552088
1.7709999999999158,125.75557708740234,125.66370614359174,2.2412816485410505,233.06444059556034,167.90984570130775
1.7719999999999156,125.77017974853516,125.66370614359174,2.276328418343905,253.82070099764195,186.21373958209622
1.7729999999999155,125.7833480834961,125.66370614359174,2.311298236382066,245.17315964486298,182.6503246929623
1.7739999999999154,125.79653930664062,125.66370614359174,2.3370552115802887,248.25953377996558,182.71884610602356
1.7749999999999153,125.811767578125,125.66370614359174,2.3654842704365002,265.622416783123,187.87352594275163
1.7759999999999152,125.83108520507812,125.66370614359174,2.408750422350279,272.4002466687318,198.1834758660761
1.776999999999915,125.8454818725586,125.66370614359174,2.4448193758154204,247.444051790659,185.83360266772743
1.777999999999915,125.85616302490234,125.66370614359174,2.462015399049471,233.07087002753428,176.50073030847997
1.7789999999999149,125.86519622802734,125.66370614359174,2.4716060588176183,233.17723665188194,172.3591507946774
1.7799999999999148,125.87495422363281,125.66370614359174,2.4861824771167704,248.91294750903612,174.2078858076822
1.7809999999999147,125.88763427734375,125.66370614359174,2.5178375614564334,238.93670004821294,181.58528479878126
1.7819999999999145,125.89435577392578,125.66370614359174,2.526130208251402,213.61225035082379,166.5977523103111
1.7829999999999144,125.89724731445312,125.66370614359174,2.5206705425672675,203.17657142601024,156.9392680494988
1.7839999999999143,125.89900970458984,125.66370614359174,2.5143679318824246,209.9238935499046,154.11959905405195
1.7849999999999142,125.90235900878906,125.66370614359174,2.520555908602769,198.93965207819036,158.10814955703387
1.785999999999914,125.89898681640625,125.66370614359174,2.5081698200277445,169.49602968578722,141.19701883607814
1.786999999999914,125.89159393310547,125.66370614359174,2.480031958247471,157.39585707146964,131.0387243727266
1.7879999999999139,125.88350677490234,125.66370614359174,2.4503659053486113,165.32732624974022,129.29516059900405
1.7889999999999138,125.87808227539062,125.66370614359174,2.434613717407008,164.5501619857478,135.9897032540241
1.7899999999999137,125.86759948730469,125.66370614359174,2.4097782199269866,141.76901214471917,123.24245812331658
1.7909999999999136,125.85511779785156,125.66370614359174,2.372418312831808,137.9989218580808,118.20967562864519
1.7919999999999134,125.84428405761719,125.66370614359174,2.33818144023442,155.64489648285752,122.32640059848939
1.7929999999999133,125.838623046875,125.66370614359174,2.324096895391792,168.66255772123534,135.3475361072606
1.7939999999999132,125.83045959472656,125.66370614359174,2.3096732242845652,156.6008514427545,129.033240695842
1.794999999999913,125.8226089477539,125.66370614359174,2.287976366213222,162.46191902896737,129.81705569294957
1.795999999999913,125.81835174560547,125.66370614359174,2.2745836798519474,188.22122006428134,138.85116508232193
1.796999999999913,125.8207778930664,125.66370614359174,2.2857304536989878,207.33443816083027,155.674867505416
1.7979999999999128,125.82170104980469,125.66370614359174,2.2981284578208694,199.09696957407533,151.89434000542423
1.7989999999999127,125.82322692871094,125.66370614359174,2.303734419412789,205.59336585162475,153.41838690267122
1.7999999999999126,125.82794952392578,125.66370614359174,2.3161603941117628,228.9169689286665,161.44350181323358
1.8009999999999124,125.83831024169922,125.66370614359174,2.3492297318093325,242.4974100555034,175.67785147443374
1.8019999999999123,125.84562683105469,125.66370614359174,2.3787770116620606,226.64649828468853,168.0131697718669
1.8029999999999122,125.8514404296875,125.66370614359174,2.3954899529281612,222.9694501017661,164.24214248481223
1.8039999999999121,125.85795593261719,125.66370614359174,2.4114264108384216,234.40442735233,166.0062328173889
1.804999999999912,125.86744689941406,125.66370614359174,2.4393872465622906,238.21042749481794,173.53517027855625
1.805999999999912,125.87128448486328,125.66370614359174,2.461298505035503,209.892152286171,159.29343672149443
1.8069999999999118,125.87109375,125.66370614359174,2.4634871394175772,194.01549813401454,149.15394124507714
1.8079999999999117,125.86936950683594,125.66370614359174,2.458005256804483,194.5584942700055,145.28706377035024
1.8089999999999116,125.86888122558594,125.66370614359174,2.458570376077999,212.60350355536875,148.4175255201737
1.8099999999999115,125.87218475341797,125.66370614359174,2.4786205210907672,208.40621439555983,157.94991557871668
1.8109999999999113,125.87076568603516,125.66370614359174,2.4799032902568574,188.48041733932905,146.06476130763286
1.8119999999999112,125.86701965332031,125.66370614359174,2.470597346708796,184.67538228987073,140.1981692369582
1.8129999999999111,125.86381530761719,125.66370614359174,2.46439231299746,198.8182702505257,141.55165683601265
1.813999999999911,125.8638687133789,125.66370614359174,2.4752027577708295,195.3065215582987,149.76659938774296
1.814999999999911,125.85887908935547,125.66370614359174,2.4704532759861086,173.14051175298522,137.05700400149794
1.8159999999999108,125.85137939453125,125.66370614359174,2.4535058987289977,167.72051563359136,130.74041355715175
1.8169999999999107,125.84445190429688,125.66370614359174,2.4384676415740394,181.22925967055215,132.16308708291396
1.8179999999999106,125.84107208251953,125.66370614359174,2.4401265961178344,182.31233891239955,141.08250485718708
1.8189999999999105,125.83314514160156,125.66370614359174,2.4313683657049574,161.6568160451638,129.6512191610445
1.8199999999999104,125.8233413696289,125.66370614359174,2.4107404514016655,158.21414625718785,124.89049578438173
1.8209999999999102,125.81483459472656,125.66370614359174,2.3928019298802177,174.28153701124637,128.15697971810332
1.8219999999999101,125.81072235107422,125.66370614359174,2.3930123334356836,181.66655530701016,139.20624352823512
1.82299999999991,125.80298614501953,125.66370614359174,2.3878802175644274,164.38366717094792,130.07644499297595
1.82399999999991,125.79417419433594,125.66370614359174,2.3720139405950733,163.86884339840438,127.3754158078106
1.8249999999999098,125.78738403320312,125.66370614359174,2.3599384877595067,182.44988839111733,132.432721506236
1.8259999999999097,125.78559112548828,125.66370614359174,2.3670389103654994,193.91266579854107,145.00241730384653
1.8269999999999096,125.78064727783203,125.66370614359174,2.37165203408763,178.09607496083316,137.08627452200494
1.8279999999999095,125.77484130859375,125.66370614359174,2.3653542085389536,177.78799198920373,134.9048682378499
1.8289999999999094,125.77101135253906,125.66370614359174,2.3620333606292716,195.50707653321024,139.8587036735177
1.8299999999999093,125.77193450927734,125.66370614359174,2.3764153015800296,206.98798704057606,151.82326423929015
1.8309999999999091,125.76932525634766,125.66370614359174,2.3889181478810673,188.72531806603845,142.93541708510764
1.831999999999909,125.76521301269531,125.66370614359174,2.388143003745463,184.7813437029364,139.14212620460268
1.832999999999909,125.76226043701172,125.66370614359174,2.387287402725457,198.11932407186418,142.0552931724362
1.8339999999999088,125.76317596435547,125.66370614359174,2.400644444314606,228.72897311744867,151.80144695556632
1.8349999999999087,125.77021789550781,125.66370614359174,2.441159456037525,231.3060214219779,167.20207459261326
1.8359999999999086,125.7745132446289,125.66370614359174,2.461653403583136,220.9650755778647,160.30455812936867
1.8369999999999085,125.77801513671875,125.66370614359174,2.4764592178839884,224.87217230875726,158.31464893542565
1.8379999999999084,125.7829818725586,125.66370614359174,2.4980925365970177,244.02907576694562,162.0205393787598
1.8389999999999083,125.79141998291016,125.66370614359174,2.5382661458976346,235.32100903585524,170.75101636346167
1.8399999999999082,125.79434204101562,125.66370614359174,2.554398522462521,211.7267066539406,156.87816850602238
1.840999999999908,125.79370880126953,125.66370614359174,2.557265152123679,202.35251060152905,147.9385308134698
1.841999999999908,125.79203033447266,125.66370614359174,2.55933414592682,209.31064412898527,145.29745683191766
1.8429999999999078,125.791748046875,125.66370614359174,2.5732944579147246,195.80078817935657,148.8268166051072
1.8439999999999077,125.78445434570312,125.66370614359174,2.5662428763610707,164.52665777930744,131.15828327690764
1.8449999999999076,125.772705078125,125.66370614359174,2.5422145239805998,150.13301794318323,119.95481338593197
1.8459999999999075,125.75973510742188,125.66370614359174,2.5149773521332324,155.35777078109558,116.86010793900452
1.8469999999999074,125.74877166748047,125.66370614359174,2.4994795859270114,150.61223713128456,121.91042320610809
1.8479999999999073,125.73213195800781,125.66370614359174,2.4724640079253715,124.46989399740686,107.59879447001276
1.8489999999999072,125.71295166015625,125.66370614359174,2.4309281236708227,117.77988989109164,101.19645205998731
1.849999999999907,125.69495391845703,125.66370614359174,2.390454187443323,133.06455584366358,104.15413485417041
1.850999999999907,125.68177032470703,125.66370614359174,2.3682372544110404,144.52275687284092,116.23862935105421
1.8519999999999068,125.66590881347656,125.66370614359174,2.345273720583736,131.2399134837915,109.49681142963115
1.8529999999999067,125.65043640136719,125.66370614359174,2.3143559876921587,137.0709299656099,110.44501145933677
1.8539999999999066,125.63883209228516,125.66370614359174,2.2917023044994393,163.93964624809283,120.16148190481938
1.8549999999999065,125.63436126708984,125.66370614359174,2.2944420568257318,185.47052332632487,138.08637348479976
1.8559999999999064,125.6290512084961,125.66370614359174,2.3004787100652107,179.89446406211042,135.94782114207968
1.8569999999999063,125.62519836425781,125.66370614359174,2.301567994010596,190.10144843385254,139.62454274506342
1.8579999999999062,125.62552642822266,125.66370614359174,2.3119686911569617,217.88737930341222,150.11545343436651
1.858999999999906,125.63253021240234,125.66370614359174,2.3459866026397065,235.5385258979348,166.9172702353521
1.859999999999906,125.6375503540039,125.66370614359174,2.378016719823694,224.23665795703604,161.91995404488426
1.8609999999999058,125.64212799072266,125.66370614359174,2.399598626933461,225.2361645889374,160.8237944235344
1.8619999999999057,125.64837646484375,125.66370614359174,2.4227966952544455,241.09632792856877,165.03949792367524
1.8629999999999056,125.6584243774414,125.66370614359174,2.4600895436833254,246.59684330301718,174.58567891074537
1.8639999999999055,125.6634292602539,125.66370614359174,2.4900969879189225,220.78403067691409,161.93012383518612
1.8649999999999054,125.66485595703125,125.66370614359174,2.501254983783928,206.72248649154122,152.92827989211392
1.8659999999999053,125.66496276855469,125.66370614359174,2.5052528227558897,208.18545813483024,149.6226351635573
1.8669999999999052,125.66627502441406,125.66370614359174,2.5151626667078117,226.11336098263612,152.65305646041958
1.867999999999905,125.67105865478516,125.66370614359174,2.543541822271008,218.05463317486763,161.3935749515425
1.868999999999905,125.67064666748047,125.66370614359174,2.549448908307077,195.70087771423985,148.3207193197347
1.8699999999999048,125.66728973388672,125.66370614359174,2.5432158383727703,188.97637174230152,140.91042286306035
1.8709999999999047,125.66373443603516,125.66370614359174,2.5380822816068003,199.81045241239255,140.42561884070636
1.8719999999999046,125.66264343261719,125.66370614359174,2.54752515349438,191.10936350713718,146.59903773504726
1.8729999999999045,125.65573120117188,125.66370614359174,2.538284864038789,165.1795761149464,131.9828586052502
1.8739999999999044,125.64566040039062,125.66370614359174,2.514959821621348,156.623950244809,124.02221602238744
1.8749999999999043,125.6356430053711,125.66370614359174,2.491782572598668,167.76774811974315,124.14173370816208
1.8759999999999042,125.62882232666016,125.66370614359174,2.4838788209851206,166.892875307351,132.1643120194443
1.876999999999904,125.61735534667969,125.66370614359174,2.4648862487030305,145.46504347914248,120.4723069470808
1.877999999999904,125.60416412353516,125.66370614359174,2.433904145336497,142.66907425051383,116.1359566376198
1.8789999999999039,125.59269714355469,125.66370614359174,2.4062333102664923,160.71460967947152,120.46183096901683
1.8799999999999037,125.5862808227539,125.66370614359174,2.3982358501251837,170.7816841747172,133.12172643061731
1.8809999999999036,125.57711029052734,125.66370614359174,2.3864058235258296,157.27001316133357,126.1944740438154
1.8819999999999035,125.56793212890625,125.66370614359174,2.366301967823656,161.62403431665072,126.18384450633577
1.8829999999999034,125.56196594238281,125.66370614359174,2.353203347652531,185.799981901837,134.22316668381868
1.8839999999999033,125.56222534179688,125.66370614359174,2.3630039699411247,201.38983527176097,149.85736841076903
1.8849999999999032,125.56055450439453,125.66370614359174,2.3711437302754104,191.01350961112306,145.012790862602
1.885999999999903,125.55917358398438,125.66370614359174,2.371451037991013,196.09013535440596,145.7432993949509
1.886999999999903,125.56077575683594,125.66370614359174,2.3778056804202854,218.70814822115412,153.23708228123726
1.8879999999999029,125.56793212890625,125.66370614359174,2.4043975360609906,231.00186843044364,167.1861899101472
1.8889999999999028,125.57210540771484,125.66370614359174,2.4266261518709187,215.19021181743233,159.69729256441408
1.8899999999999026,125.57505798339844,125.66370614359174,2.436570376920029,212.76671862082833,156.65874310862247
1.8909999999999025,125.57919311523438,125.66370614359174,2.4468544310451565,226.50053568403573,159.61048653395787
1.8919999999999024,125.58692169189453,125.66370614359174,2.470807824711833,231.8346808181432,168.6579095669512
1.8929999999999023,125.58973693847656,125.66370614359174,2.488772398292921,206.54016197117932,156.3233035773049
1.8939999999999022,125.58943176269531,125.66370614359174,2.4889388870610802,194.63165288305265,148.47500788113015
1.894999999999902,125.58856964111328,125.66370614359174,2.4838330098808146,199.73446966095034,147.08177109527287
1.895999999999902,125.58992767333984,125.66370614359174,2.4874436292265885,222.52552794024535,152.66021906862812
1.8969999999999019,125.59596252441406,125.66370614359174,2.513122038187623,219.84979031678205,164.4205343580003
1.8979999999999018,125.5981216430664,125.66370614359174,2.518758633009656,203.62663885777607,154.6783047178392
1.8989999999999017,125.59868621826172,125.66370614359174,2.5157767396762485,203.3393072215977,150.68786470094628
1.8999999999999015,125.6003646850586,125.66370614359174,2.5176829031679806,220.45022222974953,153.48220868769008
1.9009999999999014,125.60566711425781,125.66370614359174,2.5377779283492226,215.16831951478056,162.5730755516057
1.9019999999999013,125.60609436035156,125.66370614359174,2.5388060374779777,193.7496956809936,150.34954175802358
1.9029999999999012,125.6040267944336,125.66370614359174,2.5280342873447363,188.61053757110446,144.08276095958934
1.903999999999901,125.60236358642578,125.66370614359174,2.519173294416021,201.7765265376974,145.07397430755165
1.904999999999901,125.60387420654297,125.66370614359174,2.526307464121003,198.0721383703187,153.07622619623106
1.9059999999999009,125.60037994384766,125.66370614359174,2.518430774226604,175.27605676474127,140.48670632184832
1.9069999999999008,125.59447479248047,125.66370614359174,2.4977814286962805,169.7682438479022,134.425912665553
1.9079999999999007,125.58932495117188,125.66370614359174,2.4787324472256285,183.8564980215596,136.30094732530037
1.9089999999999006,125.58800506591797,125.66370614359174,2.4764706094563285,186.59101415282453,145.93118090178794
1.9099999999999004,125.58256530761719,125.66370614359174,2.465214917364721,167.15886265162555,135.5871151909696
1.9109999999999003,125.57571411132812,125.66370614359174,2.4425794466029758,165.45228583811345,132.01835222484038
1.9119999999999002,125.5706787109375,125.66370614359174,2.423446349811762,183.77241730664014,136.58272717830732
1.9129999999999001,125.57061004638672,125.66370614359174,2.423596232561831,193.7165763243949,149.0433597462627
1.9139999999999,125.56753540039062,125.66370614359174,2.4197735140847536,178.69614616941766,141.50948184130397
1.9149999999999,125.56397247314453,125.66370614359174,2.406236175323667,180.52370928876482,140.26531085075797
1.9159999999998998,125.56294250488281,125.66370614359174,2.3975815599863264,201.48039016929957,146.62352813239224
1.9169999999998997,125.56737518310547,125.66370614359174,2.4091119522674718,214.46701955921867,160.34413423900722
1.9179999999998996,125.56908416748047,125.66370614359174,2.418308169938622,200.04847689780973,153.515674674406
1.9189999999998995,125.5702133178711,125.66370614359174,2.416985154475228,200.78866597886469,152.04946812805588
1.9199999999998993,125.57345581054688,125.66370614359174,2.418795093249496,219.23385713120254,157.37580948621175
1.9209999999998992,125.58149719238281,125.66370614359174,2.43808349269451,230.1365069568811,169.43460542165283
1.9219999999998991,125.58598327636719,125.66370614359174,2.4543972095849638,211.22954125261418,160.51473033293425
1.922999999999899,125.58879852294922,125.66370614359174,2.4567400088316953,206.28531000775922,156.31514681269883
1.923999999999899,125.59249877929688,125.66370614359174,2.4580559992195203,218.42832732917512,158.55002821125228
1.9249999999998988,125.5997543334961,125.66370614359174,2.4723670077166466,247.81826519054476,167.47815936079152
1.9259999999998987,125.61280822753906,125.66370614359174,2.512432295872868,248.27661257145311,182.06622748930627
1.9269999999998986,125.62281036376953,125.66370614359174,2.531507852619316,236.17788445707708,174.4222268125489
1.9279999999998985,125.6317138671875,125.66370614359174,2.543821253149077,238.6047336716599,171.67995718878967
1.9289999999998984,125.64183807373047,125.66370614359174,2.5619855625219614,256.74862046926313,174.76171700338097
1.9299999999998982,125.65528106689453,125.66370614359174,2.5979435415991325,247.21602788964844,183.12726562668732
1.9309999999998981,125.66316986083984,125.66370614359174,2.610144382688019,222.96156839106868,169.17405070492077
1.931999999999898,125.66753387451172,125.66370614359174,2.6088669217899634,213.55718135305443,160.31950333411663
1.932999999999898,125.67097473144531,125.66370614359174,2.606881706271584,221.21620347064916,158.00605805451332
1.9339999999998978,125.67607116699219,125.66370614359174,2.617248877740777,208.88393623040935,162.17153824597722
1.9349999999998977,125.67449188232422,125.66370614359174,2.607684021862745,178.81018689276635,145.4054814790143
1.9359999999998976,125.6688461303711,125.66370614359174,2.5819304872011823,166.14118282426173,135.1773178723694
1.9369999999998975,125.66239929199219,125.66370614359174,2.5540728812639255,173.5987881626882,133.1456376373438
1.9379999999998974,125.65843200683594,125.66370614359174,2.539329076835476,170.74921495633066,139.36004619970316
1.9389999999998973,125.64923858642578,125.66370614359174,2.5139810354710774,146.56628635054872,126.2377405817412
1.9399999999998971,125.63790130615234,125.66370614359174,2.4753771012534553,141.88822753189453,120.82461619045479
1.940999999999897,125.62805938720703,125.66370614359174,2.43918285676071,159.19257917138768,124.58087087031697
1.941999999999897,125.62328338623047,125.66370614359174,2.4224553950240657,171.2461748381052,137.29867398750926
1.9429999999998968,125.61599731445312,125.66370614359174,2.4047053610952074,158.73113260077398,130.98321224683258
1.9439999999998967,125.6091079711914,125.66370614359174,2.379531313699639,164.99550595784174,131.96629308293842
1.9449999999998966,125.60597229003906,125.66370614359174,2.3628007519830483,192.01326967941097,141.3928181964151
1.9459999999998965,125.6097640991211,125.66370614359174,2.37106332126442,212.0607458699781,158.79323042013613
1.9469999999998964,125.6124038696289,125.66370614359174,2.3810393463010175,205.1300227834809,155.92337280615467
1.9479999999998963,125.61609649658203,125.66370614359174,2.385140696245066,213.72553067626308,158.5523935610439
1.9489999999998961,125.62346649169922,125.66370614359174,2.3972696599448464,239.82803142233456,167.81116182239828
1.949999999999896,125.63700866699219,125.66370614359174,2.4314168016050965,255.15402590787926,183.34250411523746
1.950999999999896,125.64806365966797,125.66370614359174,2.4624088227787335,241.389078919567,177.10359720483052
1.9519999999998958,125.65816497802734,125.66370614359174,2.481724850157599,240.15018965680224,174.72616826370552
1.9529999999998957,125.66946411132812,125.66370614359174,2.5014631108120304,254.23280838090614,177.7647309007522
1.9539999999998956,125.6841812133789,125.66370614359174,2.5342754637963743,258.64806609976796,186.37694607526052
1.9549999999998955,125.693603515625,125.66370614359174,2.560184681195767,231.29011262218913,173.06892000285987
1.9559999999998954,125.69924926757812,125.66370614359174,2.5668791060196896,216.34067384717565,163.5985111770802
1.9569999999998953,125.70350646972656,125.66370614359174,2.5663091769296122,217.73109842912265,160.09608488781453
1.9579999999998952,125.70901489257812,125.66370614359174,2.5719083629429975,236.4827686184102,163.27289371013737
1.958999999999895,125.71821594238281,125.66370614359174,2.596663229105195,229.8573480585616,172.54601490728263
1.959999999999895,125.72249603271484,125.66370614359174,2.6005966816906434,208.72295687238199,160.19240853869758
1.9609999999998948,125.72416687011719,125.66370614359174,2.593374555172319,203.80871181725692,153.6394191083704
1.9619999999998947,125.72603607177734,125.66370614359174,2.5884959328233057,217.00473453620813,154.14495885469614
1.9629999999998946,125.73080444335938,125.66370614359174,2.5996246586148133,210.35890972478464,161.42182602763324
1.9639999999998945,125.73014068603516,125.66370614359174,2.5933519320539338,186.1448669205318,147.78368094661212
1.9649999999998944,125.72663116455078,125.66370614359174,2.574137001093142,179.31386751503464,140.60582819148726
1.9659999999998943,125.72339630126953,125.66370614359174,2.5561649933612904,192.14849444498364,141.30541090592533
1.9669999999998942,125.72350311279297,125.66370614359174,2.5543261421405394,191.59170793076743,149.70445682647176
1.967999999999894,125.71895599365234,125.66370614359174,2.541352262871155,170.1307280574834,137.98958698371632
1.968999999999894,125.71251678466797,125.66370614359174,2.516560874973206,166.93148535178557,133.2300704571784
1.9699999999998938,125.70750427246094,125.66370614359174,2.494857078455302,184.29681980226877,136.79827487452795
1.9709999999998937,125.70711517333984,125.66370614359174,2.4920414690248087,192.3685259457118,148.44636399447154
1.9719999999998936,125.70343017578125,125.66370614359174,2.484237827427332,176.38148263459786,140.1378779089765
1.9729999999998935,125.69908905029297,125.66370614359174,2.466896987088108,178.0990248292696,138.47967190622688
1.9739999999998934,125.69723510742188,125.66370614359174,2.454881578772792,199.72623396239405,144.74693601629733
1.9749999999998933,125.7009048461914,125.66370614359174,2.4637454377009638,212.82720566653688,158.62688290359682
1.9759999999998932,125.7019271850586,125.66370614359174,2.4703498454259747,199.12846847186358,151.96507860873015
1.976999999999893,125.70254516601562,125.66370614359174,2.4675213239857885,201.33632345460572,150.9701608014568
1.977999999999893,125.70555877685547,125.66370614359174,2.4691513433425225,221.8210741952249,156.9748550767988
1.9789999999998928,125.71366119384766,125.66370614359174,2.4896879277226946,233.61236686906352,169.7922397790668
1.9799999999998927,125.71842193603516,125.66370614359174,2.5072645933116338,216.02339328548626,161.39495508857493
1.9809999999998926,125.72174835205078,125.66370614359174,2.5121007297166456,212.7087570662585,157.78902830028707
1.9819999999998925,125.72618103027344,125.66370614359174,2.5171327777303247,226.6038904720092,160.5808135706483
1.9829999999998924,125.73431396484375,125.66370614359174,2.5361710446096972,234.15815375085054,169.90678957770743
1.9839999999998923,125.73773193359375,125.66370614359174,2.55196816422897,209.498067603049,158.0527928800085
1.9849999999998922,125.73831939697266,125.66370614359174,2.550736958331946,198.93058117751622,150.92854044136573
1.985999999999892,125.73873138427734,125.66370614359174,2.54524259728667,206.1028695292053,150.48048899057218
1.986999999999892,125.7417984008789,125.66370614359174,2.549731055900981,231.62272824012405,157.17890284115833
1.9879999999998919,125.75003051757812,125.66370614359174,2.5777339973601543,231.899844786663,170.1633784794828
1.9889999999998917,125.75475311279297,125.66370614359174,2.5879724321726307,217.35210242972337,161.36272558503535
1.9899999999998916,125.7582015991211,125.66370614359174,2.590502769571282,218.72794922260198,158.14016556844834
1.9909999999998915,125.76296997070312,125.66370614359174,2.5986330899911647,237.45367980558396,161.48883299702624
1.9919999999998914,125.77146911621094,125.66370614359174,2.6253416676002246,232.88096149819148,170.88026712874515
1.9929999999998913,125.77499389648438,125.66370614359174,2.633669172056608,210.78381481742986,158.36612236158604
1.9939999999998912,125.7757568359375,125.66370614359174,2.6297728222151933,204.5487328193419,151.42055747348013
1.994999999999891,125.77650451660156,125.66370614359174,2.6269028129142136,216.3466726089989,151.39718408866497
1.995999999999891,125.77992248535156,125.66370614359174,2.6386506329819506,210.63819129881642,158.10931088291304
1.9969999999998909,125.77761840820312,125.66370614359174,2.6351178252820167,184.2681350450104,143.70596931569375
1.9979999999998908,125.77210998535156,125.66370614359174,2.6170250517060727,175.10573336815577,135.63840520648284
1.9989999999998906,125.76652526855469,125.66370614359174,2.598343258249533,185.79056700079192,135.4549994255696
1.9999999999998905,125.76399230957031,125.66370614359174,2.5940061448264746,186.22674128799468,143.10545073516533
