t,omega,omega_ref,i_rms,p_el,p_mech
0.001,-0.05000000074505806,0.0,0.0,0.0,-0.0
0.002,-0.09999624639749527,0.0,0.0033671751485073696,0.17533880214517855,-0.0
0.003,-0.14998875558376312,0.0,0.010353023806451433,-0.2199456184075158,-4.585370527846624e-10
0.004,-0.19997750222682953,0.0,0.08748573965968563,2.707639910395794,-2.3581228217342918e-08
0.005,-0.2499624788761139,0.0,0.17985010985600222,-6.94027997095041,-5.962181195412898e-08
0.006,-0.29994383454322815,0.0,0.050387093240644894,-1.8963097625163292,5.967682197025461e-07
0.007,-0.34992164373397827,0.0,0.07807455355951907,3.257814886154776,2.1229729224565114e-06
0.008,-0.3998959958553314,0.0,0.2032163397102984,-5.600026831190695,4.794143823272748e-06
0.009000000000000001,-0.4498663544654846,0.0,0.10791955065681075,-2.9125880427601283,3.0171823434956118e-06
0.010000000000000002,-0.49983248114585876,0.0,0.01632555213151272,-0.25960944987352974,-1.0868005020218956e-06
0.011000000000000003,-0.5497943162918091,0.0,0.07447873111018333,2.1701916879102376,-7.794413271232401e-06
0.012000000000000004,-0.5997516512870789,0.0,0.1586717466421583,-6.453642501941823,-1.724321869404397e-05
0.013000000000000005,-0.6497069001197815,0.0,0.025053029443292064,-0.7273149935479576,2.9617123428182974e-06
0.014000000000000005,-0.6996605396270752,0.0,0.1158826760789702,2.6313158641414045,3.3312120659294624e-05
0.015000000000000006,-0.7496111392974854,0.0,0.2067285387406502,-4.8801455193011956,4.621086782267191e-05
0.016000000000000007,-0.7995578050613403,0.0,0.12619648389861104,-2.6572506602455364,4.63534661094745e-05
0.017000000000000008,-0.84950190782547,0.0,0.06572091996534171,-1.9574611160835393,6.867824356251541e-05
0.01800000000000001,-0.8994354009628296,0.0,0.03930028462958833,1.4311612634229363,-5.036242042493027e-05
0.01900000000000001,-0.949358344078064,0.0,0.1409929196672529,-4.4532681106639,-0.0001818006215100342
0.02000000000000001,-0.9992847442626953,0.0,0.07437875538082318,0.4970493959354275,-4.7525602862789464e-05
0.02100000000000001,-1.049216866493225,0.0,0.15155685860884122,0.47531696457587014,0.00014822605254239863
0.022000000000000013,-1.099155306816101,0.0,0.17822344475944285,-2.9661664461507193,0.00037716642389998625
0.023000000000000013,-1.1490901708602905,0.0,0.12753429285601472,-3.9905189749697976,0.0003956265809152649
0.024000000000000014,-1.1990047693252563,0.0,0.02709506256379661,-0.41980428582352,2.125114468515817e-05
0.025000000000000015,-1.2488993406295776,0.0,0.0907623051872053,3.0748624720877333,-0.00038906300325662667
0.026000000000000016,-1.2987737655639648,0.0,0.19195366155919866,-4.927502698710789,-0.0008292336549022454
0.027000000000000017,-1.3486592769622803,0.0,0.10434479123916074,-3.310734863680665,-0.0004609043319702415
0.028000000000000018,-1.3985590934753418,0.0,0.07412552860786491,2.006120858711649,2.740560506651512e-05
0.02900000000000002,-1.4484742879867554,0.0,0.18267528621570364,-3.580537848692228,0.0005831796364714956
0.03000000000000002,-1.4983808994293213,0.0,0.11425149304607427,-2.1433113999357265,0.00045716207999818315
0.03100000000000002,-1.5482795238494873,0.0,0.05328634956128217,-1.4705357252632285,0.0003396566342058952
0.03200000000000002,-1.598146915435791,0.0,0.06834680012195692,2.2540879389214368,-0.0005273620196075044
0.03300000000000002,-1.647983193397522,0.0,0.1721990594437985,-4.285588080477083,-0.0014433100717450738
0.03400000000000002,-1.6978375911712646,0.0,0.0873128326758704,-2.208014282150962,-0.0007496069935576836
0.035000000000000024,-1.7477092742919922,0.0,0.004466945338399263,-0.04967146240517574,-3.4648690373801615e-05
0.036000000000000025,-1.7975972890853882,0.0,0.07497348202636912,1.9205200471578807,0.0006854652566966923
0.037000000000000026,-1.8475005626678467,0.0,0.15060371304042702,-5.353383948468931,0.0014075261146575496
0.03800000000000003,-1.8973723649978638,0.0,0.10876155501021732,2.4323300186378694,0.0003952721537872016
0.03900000000000003,-1.9472090005874634,0.0,0.22429369539994828,-2.8874493954390466,-0.0008183462372109478
0.04000000000000003,-1.9970344305038452,0.0,0.17922261259312314,-1.7718901013365977,-0.0011421014604896629
0.04100000000000003,-2.046846628189087,0.0,0.14746254349655355,-2.442613913941305,-0.0015531403870462036
0.04200000000000003,-2.0966856479644775,0.0,0.09943119311002112,-0.5924822325134775,-0.00031832184550073306
0.04300000000000003,-2.1465516090393066,0.0,0.09976288444401497,-1.5081778805852524,0.0010011559812832683
0.04400000000000003,-2.196399450302124,0.0,0.042976373262102206,-0.5167949009282333,0.0003817115162434088
0.04500000000000003,-2.2462286949157715,0.0,0.014649630902990925,0.43596454723739864,-0.00026874809025241223
0.046000000000000034,-2.2960398197174072,0.0,0.06609482014727412,-2.5958571689531094,-0.0009300859593654212
0.047000000000000035,-2.345886707305908,0.0,0.07205749257153828,3.3579109374384903,0.00089012047242544
0.048000000000000036,-2.3957669734954834,0.0,0.20742536107365236,-3.0869424355805424,0.0026921666903330843
0.04900000000000004,-2.4456257820129395,0.0,0.15050188274387638,-2.1999860393628463,0.0018845583596943003
0.05000000000000004,-2.4954628944396973,0.0,0.09454876950205549,-1.2243796512729281,0.001023987202757463
0.05100000000000004,-2.545278310775757,0.0,0.04338171202824305,-0.3035129722908334,0.00013319967759121718
0.05200000000000004,-2.5950722694396973,0.0,0.027744761425849848,0.564624960326187,-0.0007878020041093356
0.05300000000000004,-2.6448447704315186,0.0,0.07035236678615198,-1.0232928354750255,-0.0017376126049633517
0.05400000000000004,-2.6946470737457275,0.0,0.01906068680725676,-0.3971687736031258,4.0517213580357574e-05
0.05500000000000004,-2.744479179382324,0.0,0.12514939420168128,5.911702379990276,0.0018666452752011111
0.05600000000000004,-2.794285297393799,0.0,0.2898747702953244,-3.0269705964940807,0.0006754930957740803
0.057000000000000044,-2.8440632820129395,0.0,0.2473588178866371,-2.1607760032242025,-0.0007135498104128418
0.058000000000000045,-2.893810510635376,0.0,0.21223811019058514,-1.11767599744359,-0.0022828455462731018
0.059000000000000045,-2.9435248374938965,0.0,0.19020411930525652,-0.10506623349328442,-0.004032122027531588
0.060000000000000046,-2.9932045936584473,0.0,0.1843657342428915,0.8772830448597169,-0.0059581972668090715
0.06100000000000005,-3.0428478717803955,0.0,0.1947518673008508,-1.591148837940428,-0.008055931188532445
0.06200000000000005,-3.0925354957580566,0.0,0.16374394495682307,-0.4377564272628849,-0.0052002201723100674
0.06300000000000004,-3.1422674655914307,0.0,0.15283402842304167,0.6757356944221049,-0.002268829990569632
0.06400000000000004,-3.192042350769043,0.0,0.16362926423620344,-0.7512968713246868,0.0006766660187036028
0.06500000000000004,-3.241765022277832,0.0,0.1448872913229319,0.2900499055735878,-0.002461562431297715
0.06600000000000004,-3.291433572769165,0.0,0.14855140257655672,1.364080182837978,-0.005813627386917606
0.06700000000000005,-3.3410472869873047,0.0,0.17236793407117443,-0.8512858540458401,-0.009315989379085966
0.06800000000000005,-3.390709161758423,0.0,0.15105129076986853,0.14413937769780105,-0.005929715394965825
0.06900000000000005,-3.4404184818267822,0.0,0.1496474364631653,1.1150293075422901,-0.0025044710749551834
0.07000000000000005,-3.490173101425171,0.0,0.16680527301405862,-0.14070047237232824,0.0008773348248020358
0.07100000000000005,-3.5398566722869873,0.0,0.16124622743281986,1.0956528620291472,-0.0038752259012971046
0.07200000000000005,-3.5894670486450195,0.0,0.1791343801772225,2.3805810277559685,-0.008900692017721
0.07300000000000005,-3.6390039920806885,0.0,0.21408213543619234,-0.33774297580281387,-0.014114930772366573
0.07400000000000005,-3.6885924339294434,0.0,0.20154929659799545,0.5879331086133642,-0.010231840994048585
0.07500000000000005,-3.7382314205169678,0.0,0.20343565553914786,1.5106979272055252,-0.006295940865503342
0.07600000000000005,-3.787919282913208,0.0,0.2183451188442111,2.3786797640198167,-0.002416368969465558
0.07700000000000005,-3.837653160095215,0.0,0.2425777285669813,0.6969611010427494,0.0013804335553388586
0.07800000000000006,-3.887284517288208,0.0,0.24746319510840478,2.3206324398869436,-0.006276376923401403
0.07900000000000006,-3.936810255050659,0.0,0.27166034656412236,4.013967374415064,-0.014398354195183467
0.08000000000000006,-3.9862279891967773,0.0,0.31025775124422117,1.3709311740496504,-0.022867761218610363
0.08100000000000006,-4.035701751708984,0.0,0.31362659041150237,2.2669095855414643,-0.018340928327512204
0.08200000000000006,-4.085231304168701,0.0,0.32538340891427037,3.1768575736553535,-0.013732256278314403
0.08300000000000006,-4.13481330871582,0.0,0.34423925278151885,4.047843279815595,-0.009206149410742983
0.08400000000000006,-4.184445858001709,0.0,0.36840100079466837,4.881750193803912,-0.004806251221118251
0.08500000000000006,-4.234125137329102,0.0,0.39629792456491664,3.2347774059388867,-0.0005815403577083687
0.08600000000000006,-4.283638954162598,0.0,0.4137832809015937,5.473376997034739,-0.01443481257284887
0.08700000000000006,-4.332981109619141,0.0,0.44589960084698943,5.0292878536804855,-0.029191508507498225
0.08800000000000006,-4.382376194000244,0.0,0.46650867554982633,5.901752306343695,-0.024532250466048972
0.08900000000000007,-4.431823253631592,0.0,0.4907149132437045,6.78401542342669,-0.019877977032367534
0.09000000000000007,-4.48131799697876,0.0,0.5177793657775419,7.641197050409495,-0.015489502253745775
0.09100000000000007,-4.530855655670166,0.0,0.5469347522179,6.984959043794872,-0.0114418067886638
0.09200000000000007,-4.5801496505737305,0.0,0.5747188594096493,9.784952941077622,-0.033532394405152016
0.09300000000000007,-4.629190444946289,0.0,0.6144580173607181,8.455807277509775,-0.05702633575596474
0.09400000000000007,-4.678280830383301,0.0,0.6386419657529122,9.367558156524568,-0.052612415329996894
0.09500000000000007,-4.727418899536133,0.0,0.6649650798633511,10.309692740692881,-0.048322520274908576
0.09600000000000007,-4.77659797668457,0.0,0.6931276192413413,11.236486359827666,-0.04453221750321393
0.09700000000000007,-4.825811386108398,0.0,0.7227059500142426,12.149743491582779,-0.04134603642257725
0.09800000000000007,-4.875051021575928,0.0,0.7533530167219455,13.051726006348373,-0.03887263611327681
0.09900000000000007,-4.924307346343994,0.0,0.7847899760577054,13.944779097165899,-0.03722726397526049
0.10000000000000007,-4.973570823669434,0.0,0.8167959303704437,14.04851408551633,-0.03653147075731627
0.10100000000000008,-5.0223917961120605,0.0,0.8515551422991149,17.85238481094468,-0.08095219265981468
0.10200000000000008,-5.070753574371338,0.0,0.8967778956534721,15.897746633474002,-0.12793258810447364
0.10300000000000008,-5.119126319885254,0.0,0.9262540537655553,16.86760092055589,-0.12768829108895516
0.10400000000000008,-5.1675028800964355,0.0,0.9564746975826709,17.892067759639474,-0.12807489847928524
0.10500000000000008,-5.215871810913086,0.0,0.9874494329454896,18.915128686047243,-0.12971613802818016
0.10600000000000008,-5.264219760894775,0.0,1.019024513808733,19.938337967295485,-0.13276903688282896
0.10700000000000008,-5.3125319480896,0.0,1.0510734166959501,20.963782861778327,-0.13739191940533613
0.10800000000000008,-5.360792636871338,0.0,1.083494378415376,21.993582309280082,-0.14374870233553233
0.10900000000000008,-5.408985137939453,0.0,1.116206740979615,23.02987053587844,-0.15200852474093188
0.11000000000000008,-5.45709228515625,0.0,1.1491477160289734,24.07478535001336,-0.16234533369122225
0.11100000000000008,-5.505094051361084,0.0,1.1822695679561936,25.130457033542843,-0.1749373724459522
0.11200000000000009,-5.552970886230469,0.0,1.2155371822040537,26.198997789317787,-0.18996682066539264
0.11300000000000009,-5.600700855255127,0.0,1.2489259768091667,27.28249174020501,-0.20761923833208087
0.11400000000000009,-5.648261547088623,0.0,1.2824201136976434,28.38298547360681,-0.22808314266716045
0.11500000000000009,-5.695629596710205,0.0,1.3160109683563284,29.502479124468426,-0.2515495011678586
0.11600000000000009,-5.7427802085876465,0.0,1.3496958204123835,30.64291798882049,-0.27821120355089424
0.11700000000000009,-5.789687156677246,0.0,1.3834767322238832,31.806184659066624,-0.3082625331465175
0.11800000000000009,-5.836324214935303,0.0,1.417359587175587,32.99409167149111,-0.34189870597512656
0.11900000000000009,-5.882662296295166,0.0,1.4513532636529292,34.20837465582159,-0.3793151672005048
0.12000000000000009,-5.928673267364502,0.0,1.4854689244826926,35.45068597613156,-0.4207072455870771
0.1210000000000001,-5.974326133728027,0.0,1.5197194049357299,36.72258885190131,-0.4662693449561515
0.1220000000000001,-6.019590377807617,0.0,1.5541186851981559,38.02555194766702,-0.5161945771102244
0.1230000000000001,-6.064434051513672,0.0,1.5886814355742114,39.360944419373794,-0.5706740373993873
0.1240000000000001,-6.108823299407959,0.0,1.6234226246398618,40.73003140530109,-0.6298961254475046
0.12500000000000008,-6.1527252197265625,0.0,1.6583571821768583,42.1339699492457,-0.6940461968815178
0.12600000000000008,-6.196104049682617,0.0,1.6934997100356877,43.573805343523055,-0.7633055478541826
0.12700000000000009,-6.238924503326416,0.0,1.728864235150514,45.05046787927735,-0.8378511129091454
0.12800000000000009,-6.2811503410339355,0.0,1.764463999802303,46.56476999157132,-0.9178546692361614
0.1290000000000001,-6.322743892669678,0.0,1.8003112849340717,48.11740378675414,-1.0034820868018948
0.1300000000000001,-6.363667011260986,0.0,1.8364172628955029,49.70893893967422,-1.0948927733829237
0.1310000000000001,-6.403881072998047,0.0,1.8727918764590012,51.339820948413845,-1.192239004290901
0.1320000000000001,-6.4433465003967285,0.0,1.9094437413270982,53.01036973436754,-1.295665148817172
0.1330000000000001,-6.482023239135742,0.0,1.9463800696598794,54.72077857566368,-1.4053070514334227
0.1340000000000001,-6.519870281219482,0.0,1.9836066124053473,56.47111336213585,-1.5212912252697055
0.1350000000000001,-6.556846618652344,0.0,2.021127618427331,58.26131216028735,-1.643734348188385
0.1360000000000001,-6.5929107666015625,0.0,2.0589458086042307,60.091185076947966,-1.7727424664481366
0.1370000000000001,-6.6280198097229,0.0,2.09706236322526,61.96041441060552,-1.9084100071780976
0.1380000000000001,-6.662130832672119,0.0,2.135476921144985,63.86855507969173,-2.0508194060978675
0.1390000000000001,-6.695201396942139,0.0,2.174187589276467,65.81503531741934,-2.200040583551185
0.1400000000000001,-6.727187156677246,0.0,2.2131909611119154,67.79915762309643,-2.3561294830380537
0.1410000000000001,-6.758044719696045,0.0,2.252482143060006,69.8200999601856,-2.5191282526423873
0.1420000000000001,-6.787729740142822,0.0,2.2920547874829467,71.87691719172733,-2.6890639184325935
0.1430000000000001,-6.816197395324707,0.0,2.3319011314052966,73.96854274410421,-2.8659478004512358
0.1440000000000001,-6.8434038162231445,0.0,2.37201203995135,76.09379049048533,-3.0497754196744733
0.1450000000000001,-6.869303226470947,0.0,2.4123770536492133,78.25135684565666,-3.2405246058358186
0.1460000000000001,-6.8938517570495605,0.0,2.45298443881769,80.43982306430814,-3.4381564933989335
0.1470000000000001,-6.917004108428955,0.0,2.4938212403270112,82.65765773521166,-3.642613374100762
0.1480000000000001,-6.938714504241943,0.0,2.534873336096134,84.90321946408447,-3.8538183944532824
0.1490000000000001,-6.958939075469971,0.0,2.5761254927578183,87.17475973828529,-4.071676254709595
0.1500000000000001,-6.977632999420166,0.0,2.617561421987746,89.47042596683386,-4.29607112530748
0.1510000000000001,-6.994750499725342,0.0,2.65916383705553,91.78826468957942,-4.526865917735451
0.1520000000000001,-7.010247707366943,0.0,2.7009145092133524,94.12622494966146,-4.763903506515443
0.1530000000000001,-7.024080276489258,0.0,2.7427943235921446,96.48216182371358,-5.007004792538667
0.1540000000000001,-7.036203861236572,0.0,2.7847833343255783,98.85384010454368,-5.255968464559898
0.1550000000000001,-7.04657506942749,0.0,2.82686081866868,101.23893813129419,-5.510571254092221
0.1560000000000001,-7.055150508880615,0.0,2.8690053299205607,103.63505176232796,-5.770566864832226
0.1570000000000001,-7.061887264251709,0.0,2.91119474899973,106.0396984863058,-6.03568595853046
0.1580000000000001,-7.066742897033691,0.0,2.9534063345557313,108.45032166711547,-6.305635857466495
0.1590000000000001,-7.069674968719482,0.0,2.9956167715325597,110.86429491847606,-6.58009984647881
0.16000000000000011,-7.070643424987793,0.0,3.0378022181276427,113.27892660417642,-6.8587391840608944
0.16100000000000012,-7.069606781005859,0.0,3.0799383511152745,115.69146446000845,-7.141189468575062
0.16200000000000012,-7.066525459289551,0.0,3.122000409525403,118.09910033352395,-7.4270636609076774
0.16300000000000012,-7.0613603591918945,0.0,3.1639632366878603,120.498975037775,-7.71595076345987
0.16400000000000012,-7.054073810577393,0.0,3.2058013206686655,122.88818331519639,-8.007416915700551
0.16500000000000012,-7.0446271896362305,0.0,3.247488833139048,125.26377890774117,-8.301002864251238
0.16600000000000012,-7.032985210418701,0.0,3.2889996667296995,127.6227797293032,-8.596229038026435
0.16700000000000012,-7.0191121101379395,0.0,3.3303074709324862,129.96217313633517,-8.8925915536232
0.16800000000000012,-7.002974033355713,0.0,3.3713856866197314,132.27892129240894,-9.189565416637123
0.16900000000000012,-6.984537124633789,0.0,3.4122075792573976,134.56996662226328,-9.486602613415144
0.17000000000000012,-6.963770389556885,0.0,3.452746270893129,136.83223735063655,-9.78313645579804
0.17100000000000012,-6.940642356872559,0.0,3.4929747710034844,139.06265312090088,-10.07857780688198
0.17200000000000013,-6.915124416351318,0.0,3.5328660062867634,141.25813068818778,-10.372320461439411
0.17300000000000013,-6.887188911437988,0.0,3.5723928494888884,143.41558968133108,-10.663739445484552
0.17400000000000013,-6.856808662414551,0.0,3.611528147349889,145.5319584275553,-10.952191141587786
0.17500000000000013,-6.8239593505859375,0.0,3.650244747757835,147.60417983339772,-11.237018069687773
0.17600000000000013,-6.7886176109313965,0.0,3.6885155261955527,149.6292173148835,-11.517547183891793
0.17700000000000013,-6.750761985778809,0.0,3.7263134115634418,151.60406076947052,-11.793092691219995
0.17800000000000013,-6.7103729248046875,0.0,3.7636114114590304,153.52573258175224,-12.062957532752119
0.17900000000000013,-6.667431831359863,0.0,3.80038263699082,155.39129365434874,-12.326433193275266
0.18000000000000013,-6.621923446655273,0.0,3.836600327200487,157.1978494548411,-12.582805649130218
0.18100000000000013,-6.5738325119018555,0.0,3.8722378731636335,158.9425560690058,-12.83135097064894
0.18200000000000013,-6.5231475830078125,0.0,3.9072688418352013,160.6226262500039,-13.071344307857556
0.18300000000000013,-6.469858169555664,0.0,3.94166699970121,162.23533545255236,-13.302056420572777
0.18400000000000014,-6.413956165313721,0.0,3.9754063362940166,163.77802784049396,-13.522758442594414
0.18500000000000014,-6.355435848236084,0.0,4.0084610876234645,165.24812225555527,-13.732724077315158
0.18600000000000014,-6.294293403625488,0.0,4.040805759571524,166.6431181344721,-13.931230808717787
0.18700000000000014,-6.230527877807617,0.0,4.072415151292979,167.9606013610604,-14.117564268280162
0.18800000000000014,-6.164140224456787,0.0,4.103264378659796,169.19825003923145,-14.291018539155141
0.18900000000000014,-6.095133304595947,0.0,4.13332889778165,170.35384017239016,-14.450898472720615
0.19000000000000014,-6.023513317108154,0.0,4.162584528630023,169.90580494131922,-14.596525516574504
0.19100000000000014,-5.952347755432129,0.0,4.190858953775089,171.73229763022186,-14.370601402144459
0.19200000000000014,-5.881572723388672,0.0,4.218741131070821,170.45928113277293,-14.154403051973523
0.19300000000000014,-5.807906150817871,0.0,4.243088934574773,171.2707865757661,-14.31368630907321
0.19400000000000014,-5.731329441070557,0.0,4.266740268732155,172.05579693885426,-14.45909717680442
0.19500000000000015,-5.65186071395874,0.0,4.28970107586822,170.2901766145208,-14.58617576831475
0.19600000000000015,-5.572908401489258,0.0,4.310934527267916,171.13936883454343,-14.325584881521225
0.19700000000000015,-5.494414806365967,0.0,4.33147864751619,171.74830311031226,-14.073990204229771
0.19800000000000015,-5.416291236877441,0.0,4.351188027601795,169.09664932702165,-13.834438989153833
0.19900000000000015,-5.334859371185303,0.0,4.367183677760865,169.54273189065162,-13.98010536083057
0.20000000000000015,-5.250115394592285,0.0,4.382720249808866,169.97869516152787,-14.106416986355985
0.20100000000000015,-5.16209602355957,125.66370391845703,4.397793699706865,171.53764477063527,-14.208702075342533
0.20200000000000015,-5.0744829177856445,125.66370391845703,4.413783405163374,176.45225242938807,-13.92702733173045
0.20300000000000015,-4.987042427062988,125.66370391845703,4.43230147845547,181.54908311989362,-13.67047007573221
0.20400000000000015,-4.899474620819092,125.66370391845703,4.45330304951465,186.74272693356565,-13.443563079404253
0.20500000000000015,-4.811448574066162,125.66370391845703,4.476698034844435,190.6939626266151,-13.246715153072524
0.20600000000000016,-4.718560218811035,125.66370391845703,4.500443498353192,198.42146286468903,-13.450505347763448
0.20700000000000016,-4.620518207550049,125.66370391845703,4.52825950251055,201.7525916262515,-13.647891041046378
0.20800000000000016,-4.521224021911621,125.66370391845703,4.557984640709919,207.51662684073517,-13.468532430301547
0.20900000000000016,-4.420276641845703,125.66370391845703,4.589870872805826,213.19967221001895,-13.314593623021413
0.21000000000000016,-4.3172101974487305,125.66370391845703,4.623669043159194,218.73819752245308,-13.187790870081143
0.21100000000000016,-4.211533069610596,125.66370391845703,4.659125046144703,224.09762025490318,-13.085525550483041
0.21200000000000016,-4.102731227874756,125.66370391845703,4.695976133130528,229.2488090250039,-13.004482138195637
0.21300000000000016,-3.990272045135498,125.66370391845703,4.733955838759448,234.1691081372873,-12.940591223084285
0.21400000000000016,-3.8736038208007812,125.66370391845703,4.772799177222628,238.84330666843758,-12.888942807162433
0.21500000000000016,-3.752162218093872,125.66370391845703,4.812247772735297,240.40268966995862,-12.843721594679032
0.21600000000000016,-3.625514030456543,125.66370391845703,4.8501170293236635,240.44813612862413,-12.788411737656128
0.21700000000000016,-3.4933013916015625,125.66370391845703,4.885495712233459,240.1995168989057,-12.711478992214884
0.21800000000000017,-3.355194330215454,125.66370391845703,4.918358121733622,239.75595650135668,-12.605125758002782
0.21900000000000017,-3.2108919620513916,125.66370391845703,4.948736640811814,239.20570458089276,-12.461521613823578
0.22000000000000017,-3.0601227283477783,125.66370391845703,4.976709624217562,238.63660367717836,-12.272830955049253
0.22100000000000017,-2.90264630317688,125.66370391845703,5.002397311478475,238.1357403009224,-12.031289137924283
0.22200000000000017,-2.7382543087005615,125.66370391845703,5.02595817874824,237.78902932335706,-11.729280798352715
0.22300000000000017,-2.566770315170288,125.66370391845703,5.047585603974548,237.68083063880889,-11.35941964146988
0.22400000000000017,-2.388051748275757,125.66370391845703,5.0675047869503,237.8935962454282,-10.914639425810474
0.22500000000000017,-2.201988935470581,125.66370391845703,5.085969865179582,238.50754444101452,-10.388273961826833
0.22600000000000017,-2.008504867553711,125.66370391845703,5.103261166170107,239.6003574083324,-9.774138940460345
0.22700000000000017,-1.8075566291809082,125.66370391845703,5.119682537246628,241.2468981476719,-9.066619403872144
0.22800000000000017,-1.5991331338882446,125.66370391845703,5.135558695302729,243.51894249925664,-8.260735264527726
0.22900000000000018,-1.3832556009292603,125.66370391845703,5.151232541237606,246.4849218871783,-7.352213669318806
0.23000000000000018,-1.1599762439727783,125.66370391845703,5.1670623874151405,250.20967241129864,-6.337544901053273
0.23100000000000018,-0.9293771982192993,125.66370391845703,5.183419051634972,254.75418601400935,-5.21403007770185
0.23200000000000018,-0.6915693283081055,125.66370391845703,5.200682778116572,260.1753596535792,-3.9798178028497113
0.23300000000000018,-0.44669070839881897,125.66370391845703,5.219239955108322,266.5257387224112,-2.6339276146990027
0.23400000000000018,-0.1949048787355423,125.66370391845703,5.239479610071793,273.85325135290526,-1.1762599946661079
0.23500000000000018,0.06360079348087311,125.66370391845703,5.26178967691364,282.20093075067655,0.392405520904365
0.23600000000000018,0.3286171853542328,125.66370391845703,5.2865530451776435,291.60662327809655,2.0704273929059727
0.23700000000000018,0.5999154448509216,125.66370391845703,5.314143417941771,302.1026806730164,3.8553313401135663
0.23800000000000018,0.8772490620613098,125.66370391845703,5.344921022592437,313.7156355192403,5.743851789345841
0.23900000000000018,1.1603562831878662,125.66370391845703,5.379228235624904,326.465859877057,7.731986736773717
0.24000000000000019,1.4489619731903076,125.66370391845703,5.417385197914917,340.36720782290087,9.815059210130078
0.2410000000000002,1.7427805662155151,125.66370391845703,5.459685509216262,344.808721913777,11.987794957897872
0.2420000000000002,2.039687156677246,125.66370391845703,5.500203315002483,341.94671323497323,14.156948196739751
0.2430000000000002,2.339245080947876,125.66370391845703,5.535036786199355,339.1001633273236,16.36119173814733
0.2440000000000002,2.6410324573516846,125.66370391845703,5.564570205324331,336.47074083094657,18.590910889921357
0.2450000000000002,2.9446299076080322,125.66370391845703,5.589275962248586,334.20657303402817,20.83592938633852
0.2460000000000002,3.2496209144592285,125.66370391845703,5.609672318055284,332.4555422084265,23.086086130812763
0.2470000000000002,3.5555953979492188,125.66370391845703,5.626322630048725,331.3648644627428,25.33135138139654
0.2480000000000002,3.862149715423584,125.66370391845703,5.639834597754706,331.07988557053704,27.561911012904186
0.2490000000000002,4.168888568878174,125.66370391845703,5.65085886169522,331.7428109912234,29.768261248138444
0.25000000000000017,4.475428104400635,125.66370391845703,5.6600867788486156,333.49138532392675,31.94130802628761
0.25100000000000017,4.7813944816589355,125.66370391845703,5.668247200223784,336.45752950546665,34.0724291369258
0.25200000000000017,5.086428642272949,125.66370391845703,5.676102080338472,340.76594556123325,36.153574826471775
0.25300000000000017,5.39018440246582,125.66370391845703,5.6844407647664275,346.5327002902511,38.17731422048901
0.25400000000000017,5.692332744598389,125.66370391845703,5.6940728339152695,353.8638007840433,40.13691861679185
0.25500000000000017,5.992560386657715,125.66370391845703,5.705819431806551,362.8537761057419,42.02639622651776
0.25600000000000017,6.2905731201171875,125.66370391845703,5.72050307952337,373.5842807541247,43.840552332322375
0.2570000000000002,6.586095809936523,125.66370391845703,5.738936063639991,386.1227366700192,45.575017064997304
0.2580000000000002,6.878871917724609,125.66370391845703,5.761907596765076,400.5210314740397,47.22626121088607
0.2590000000000002,7.168667793273926,125.66370391845703,5.7901700630878254,416.814291321451,48.791635952665416
0.2600000000000002,7.455269813537598,125.66370391845703,5.824424775628742,435.0197471918448,50.269354198982484
0.2610000000000002,7.738487243652344,125.66370391845703,5.865307770029917,434.9011251201012,51.658502678803245
0.2620000000000002,8.018927574157715,125.66370391845703,5.902198831206601,430.742632194494,53.088573220061164
0.2630000000000002,8.296062469482422,125.66370391845703,5.933576516064893,427.2509232979207,54.378403259616434
0.2640000000000002,8.5693941116333,125.66370391845703,5.960260624192303,424.6812287678607,55.52178856955851
0.2650000000000002,8.838467597961426,125.66370391845703,5.9831462208256685,423.25433127334577,56.51603046187037
0.2660000000000002,9.102869987487793,125.66370391845703,6.003177203410069,423.1806878158085,57.36005920638267
0.2670000000000002,9.36223316192627,125.66370391845703,6.021340310558137,424.65837444873847,58.05439226787858
0.2680000000000002,9.616230010986328,125.66370391845703,6.038657601260883,427.87062746962556,58.60105299339766
0.2690000000000002,9.86457633972168,125.66370391845703,6.056176930907667,432.98343891718787,59.00351118333134
0.2700000000000002,10.107030868530273,125.66370391845703,6.07496031800985,440.14324499983593,59.266598056589885
0.2710000000000002,10.343396186828613,125.66370391845703,6.096070202494064,449.4747411027086,59.396415249334396
0.2720000000000002,10.573511123657227,125.66370391845703,6.120553730917927,461.07885687248773,59.400185329115835
0.2730000000000002,10.797261238098145,125.66370391845703,6.149425364049521,475.0309241383257,59.28619998056962
0.2740000000000002,11.014567375183105,125.66370391845703,6.183648276476846,491.3790690216148,59.0636370448614
0.2750000000000002,11.225391387939453,125.66370391845703,6.224115188548542,510.14285752560863,58.74247253378025
0.2760000000000002,11.429732322692871,125.66370391845703,6.271629415432447,531.3122212052094,58.33333789501302
0.2770000000000002,11.62762451171875,125.66370391845703,6.326887012140459,532.3591934396923,57.847389883614156
0.2780000000000002,11.820931434631348,125.66370391845703,6.379017476116376,527.1325732646392,57.72853546579754
0.2790000000000002,12.009316444396973,125.66370391845703,6.425204387148392,522.7669004615307,57.469649179705456
0.2800000000000002,12.19247817993164,125.66370391845703,6.466396493803125,519.5946178486645,57.07615236046398
0.2810000000000002,12.370177268981934,125.66370391845703,6.5036236473038675,517.8812859205514,56.55963889257795
0.2820000000000002,12.542226791381836,125.66370391845703,6.5379531460905564,517.872369272137,55.932820126625295
0.2830000000000002,12.708500862121582,125.66370391845703,6.570480089154034,519.790778871514,55.20936715012885
0.2840000000000002,12.868924140930176,125.66370391845703,6.602316234245504,523.8339403520091,54.403705589927895
0.2850000000000002,13.023475646972656,125.66370391845703,6.63457692769359,530.1710894899302,53.53087295229118
0.2860000000000002,13.172185897827148,125.66370391845703,6.668366202553895,538.9408438469605,52.606345729271155
0.2870000000000002,13.31513500213623,125.66370391845703,6.704760276487846,550.2490885292942,51.645874172286845
0.2880000000000002,13.452448844909668,125.66370391845703,6.744789825058884,564.1672099014438,50.66531588294739
0.2890000000000002,13.58430004119873,125.66370391845703,6.789421552293216,580.730706320948,49.68049652392419
0.2900000000000002,13.71090316772461,125.66370391845703,6.839539711923163,599.9381995603649,48.707058849799566
0.2910000000000002,13.832512855529785,125.66370391845703,6.895928330899462,621.7508646881504,47.76033574408036
0.2920000000000002,13.949421882629395,125.66370391845703,6.959254933343567,618.0142758478042,46.85523690298047
0.2930000000000002,14.06303882598877,125.66370391845703,7.0172804544751575,609.1104619088125,46.3133151000153
0.2940000000000002,14.173343658447266,125.66370391845703,7.067905755161817,601.2221289268942,45.73998175030835
0.2950000000000002,14.28036117553711,125.66370391845703,7.1121678005719,594.738011510521,45.14900027972929
0.2960000000000002,14.384175300598145,125.66370391845703,7.151181257553798,589.9765669206262,44.5579480953679
0.2970000000000002,14.484925270080566,125.66370391845703,7.18609785549627,587.2268152929246,43.98443999866836
0.2980000000000002,14.582801818847656,125.66370391845703,7.21809568201591,586.7454408004622,43.44593970541995
0.2990000000000002,14.678047180175781,125.66370391845703,7.248367024490799,588.753599779379,42.95962448140953
0.3000000000000002,14.770953178405762,125.66370391845703,7.2781043723434005,593.4341232238027,42.54225601235226
0.3010000000000002,14.86185359954834,125.66370391845703,7.308484690140083,600.9291566994889,42.210049270221894
0.3020000000000002,14.95112419128418,125.66370391845703,7.340652198509037,611.3382661197353,41.97857987464641
0.3030000000000002,15.03918170928955,125.66370391845703,7.375700035085972,624.7170307688033,41.86270503230461
0.3040000000000002,15.12647533416748,125.66370391845703,7.414651304484386,641.0761377318724,41.87648067759218
0.3050000000000002,15.213484764099121,125.66370391845703,7.458440149842409,660.3809846019615,42.033115048677494
0.3060000000000002,15.30072021484375,125.66370391845703,7.507893571767353,659.2992741724132,42.34494406217271
0.3070000000000002,15.388227462768555,125.66370391845703,7.5540056227028884,644.7697149763148,42.67318013891902
0.3080000000000002,15.47624683380127,125.66370391845703,7.5912086986017115,631.5298260517704,43.077632372256645
0.3090000000000002,15.565067291259766,125.66370391845703,7.620640221510727,620.1208312219019,43.57621806245477
0.3100000000000002,15.655022621154785,125.66370391845703,7.643559744839806,610.9207333441497,44.185742112546215
0.3110000000000002,15.746491432189941,125.66370391845703,7.661273436108933,604.2668550551862,44.92255832544727
0.3120000000000002,15.839890480041504,125.66370391845703,7.675122210851326,600.4533977204974,45.80248400958062
0.3130000000000002,15.935669898986816,125.66370391845703,7.686468452982562,599.728048125432,46.84072372995556
0.3140000000000002,16.03431510925293,125.66370391845703,7.6966805327045975,602.2891030374133,48.051827111737495
0.3150000000000002,16.136337280273438,125.66370391845703,7.707115151611725,608.2831514661832,49.449627713082165
0.3160000000000002,16.242271423339844,125.66370391845703,7.719097692307647,617.8033310227155,51.04721682170941
0.3170000000000002,16.35266876220703,125.66370391845703,7.733900915670405,630.8881670744208,52.85691093491045
0.3180000000000002,16.468097686767578,125.66370391845703,7.752722529407766,647.5209961985798,54.89025493009525
0.31900000000000023,16.58913803100586,125.66370391845703,7.776662329692917,667.6299687687462,57.158011686384654
0.32000000000000023,16.716371536254883,125.66370391845703,7.806699771219756,663.968901241558,59.67014087614185
0.32100000000000023,16.84811782836914,125.66370391845703,7.832642433620403,647.023857390127,61.66370881143505
0.32200000000000023,16.98465919494629,125.66370391845703,7.849561365099909,632.0231198928926,63.796287186495945
0.32300000000000023,17.12633514404297,125.66370391845703,7.858752556010732,619.5365436658968,66.0907978062916
0.32400000000000023,17.273515701293945,125.66370391845703,7.861634724326921,609.9580750820292,68.5635695539128
0.32500000000000023,17.426593780517578,125.66370391845703,7.859677526223664,603.6302228438914,71.2305281278345
0.32600000000000023,17.585987091064453,125.66370391845703,7.8543874308649375,600.8414441247343,74.10720434566528
0.32700000000000023,17.75213050842285,125.66370391845703,7.847291552675259,601.8226470358583,77.20864713487252
0.32800000000000024,17.925477981567383,125.66370391845703,7.839918662261087,606.7442748328884,80.54937833325697
0.32900000000000024,18.106489181518555,125.66370391845703,7.833777395681398,615.7140090628299,84.14328241440474
0.33000000000000024,18.295635223388672,125.66370391845703,7.830331887641826,628.7751073524328,88.00357784965196
0.33100000000000024,18.49338722229004,125.66370391845703,7.830975292698475,645.905385837154,92.1427082271701
0.33200000000000024,18.700212478637695,125.66370391845703,7.837001919356786,667.016851270958,96.57225851794381
0.33300000000000024,18.91657066345215,125.66370391845703,7.849578957763734,667.0777258705126,101.30286146746144
0.33400000000000024,19.13959503173828,125.66370391845703,7.859566902981858,648.7394105395612,105.05450817613185
0.33500000000000024,19.36935043334961,125.66370391845703,7.860169231178713,632.7587400392,108.92935613502341
0.33600000000000024,19.6059627532959,125.66370391845703,7.852815495535394,619.8142491908234,112.95559128163994
0.33700000000000024,19.84958839416504,125.66370391845703,7.839098121536526,610.3512858991951,117.15118734904965
0.33800000000000024,20.100418090820312,125.66370391845703,7.820681403562532,604.7542038865276,121.53408356797588
0.33900000000000025,20.358659744262695,125.66370391845703,7.799284946482248,603.3427395347571,126.1220603340604
0.34000000000000025,20.624553680419922,125.66370391845703,7.77666399993059,606.3670936672324,130.93269935880485
0.34100000000000025,20.89834976196289,125.66370391845703,7.754585544131504,614.0036586095854,135.9830998223233
0.34200000000000025,21.180322647094727,125.66370391845703,7.734800017341712,626.3514678760107,141.28981759142383
0.34300000000000025,21.470754623413086,125.66370391845703,7.719008900247641,643.4294222382076,146.86858656502733
0.34400000000000025,21.769935607910156,125.66370391845703,7.708828772992627,665.1743414471812,152.73413102577626
0.34500000000000025,22.078161239624023,125.66370391845703,7.705752916352967,691.4398864965722,158.89995027757342
0.34600000000000025,22.395723342895508,125.66370391845703,7.711111989536644,677.9358741804219,165.3780296123005
0.34700000000000025,22.719083786010742,125.66370391845703,7.707671598397215,661.6124133507743,170.41201546199943
0.34800000000000025,23.048025131225586,125.66370391845703,7.6956126758511285,648.6116578940606,175.46211781566456
0.34900000000000025,23.382410049438477,125.66370391845703,7.676737791865383,639.5235385968358,180.5649283342725
0.35000000000000026,23.722156524658203,125.66370391845703,7.652971721261588,634.8264603680528,185.7448150512132
0.35100000000000026,24.067237854003906,125.66370391845703,7.626325713241134,634.9182766229358,191.02699801827086
0.35200000000000026,24.41767692565918,125.66370391845703,7.598871348425946,640.1088494378013,196.4373260354161
0.35300000000000026,24.773542404174805,125.66370391845703,7.572707921466613,650.6129213621308,202.00190034957953
0.35400000000000026,25.134946823120117,125.66370391845703,7.549922846701536,666.5440164666342,207.7466728593927
0.35500000000000026,25.502042770385742,125.66370391845703,7.532545366073648,687.9095184712786,213.69699255972554
0.35600000000000026,25.87501335144043,125.66370391845703,7.5224945719184655,714.6070593464548,219.87706968077674
0.35700000000000026,26.254070281982422,125.66370391845703,7.521523601373541,706.7415455277596,226.3094712877128
0.35800000000000026,26.6362361907959,125.66370391845703,7.514178308517945,689.7558147749666,231.27365776837706
0.35900000000000026,27.02105140686035,125.66370391845703,7.497853568422919,676.6341614682444,236.0628444271516
0.36000000000000026,27.408174514770508,125.66370391845703,7.4747021453824,668.1666027592336,240.72596968611205
0.36100000000000027,27.797353744506836,125.66370391845703,7.447071754944671,664.9453829590533,245.30371750648953
0.36200000000000027,28.18842887878418,125.66370391845703,7.417430818091786,667.4538863358468,249.8392869224499
0.36300000000000027,28.581321716308594,125.66370391845703,7.388328771128654,676.0556830341324,254.37771044127558
0.36400000000000027,28.976037979125977,125.66370391845703,7.362345899950815,690.983880560575,258.96508341841707
0.36500000000000027,29.372663497924805,125.66370391845703,7.342031944065859,712.3322154405054,263.6476691472359
0.36600000000000027,29.771347045898438,125.66370391845703,7.329834375934424,740.0481655733785,268.4708254792913
0.36700000000000027,30.17230987548828,125.66370391845703,7.3280187537528505,742.2127865354535,273.4781280081864
0.36800000000000027,30.573701858520508,125.66370391845703,7.324542928250296,725.756634511998,277.3982626135113
0.36900000000000027,30.974929809570312,125.66370391845703,7.3122597474797715,713.6327050389831,280.95571645036813
0.3700000000000003,31.375530242919922,125.66370391845703,7.293660271569598,706.8530134626412,284.21512063887735
0.3710000000000003,31.77516746520996,125.66370391845703,7.2715097522055965,706.1117166570892,287.2406422617897
0.3720000000000003,32.17361831665039,125.66370391845703,7.2487130919751115,711.9588963339176,290.100330056158
0.3730000000000003,32.5707893371582,125.66370391845703,7.228254570640309,724.7861580453736,292.86502187347185
0.3740000000000003,32.9666862487793,125.66370391845703,7.213122958865141,744.8126380593732,295.60664795680043
0.3750000000000003,33.36143493652344,125.66370391845703,7.206221699875342,772.0738350910073,298.39690390520303
0.3760000000000003,33.75524139404297,125.66370391845703,7.21026687857923,806.4136950371688,301.30531625312557
0.3770000000000003,34.148406982421875,125.66370391845703,7.227678189733944,801.3317184996215,304.3977818568797
0.3780000000000003,34.53993225097656,125.66370391845703,7.239815022038092,789.059107501101,306.7735604842125
0.3790000000000003,34.92921447753906,125.66370391845703,7.244645093560601,781.7498071352107,308.68619295160056
0.3800000000000003,35.31580352783203,125.66370391845703,7.244976721979487,780.3308199693489,310.2199552866263
0.3810000000000003,35.69938659667969,125.66370391845703,7.243816289713357,785.4746156138413,311.46375609429265
0.3820000000000003,36.07979202270508,125.66370391845703,7.244253482277537,797.667333945918,312.5102663276155
0.3830000000000003,36.45698165893555,125.66370391845703,7.249373936834842,817.1915952536554,313.45383348725125
0.3840000000000003,36.8310432434082,125.66370391845703,7.2621573311207515,844.1121836003932,314.38827302144745
0.3850000000000003,37.202186584472656,125.66370391845703,7.285364103823152,878.2661748415679,315.40462799391463
0.3860000000000003,37.57072067260742,125.66370391845703,7.321417140619361,869.5713245991127,316.58876134653633
0.3870000000000003,37.93648147583008,125.66370391845703,7.350596493002221,854.5146902675996,317.5892243197373
0.3880000000000003,38.298851013183594,125.66370391845703,7.370943994323515,844.3050209539557,318.04232814584265
0.3890000000000003,38.65734100341797,125.66370391845703,7.385356603029709,839.9991020015843,318.04493836285644
0.3900000000000003,39.011634826660156,125.66370391845703,7.396943049013673,842.3750300770342,317.70553469719334
0.3910000000000003,39.3615608215332,125.66370391845703,7.408897521571206,851.989889264126,317.1366592583931
0.3920000000000003,39.70709228515625,125.66370391845703,7.424402535472238,869.1590695210245,316.4521716184685
0.3930000000000003,40.048343658447266,125.66370391845703,7.4465175103775225,893.9399400302668,315.76440005349883
0.3940000000000003,40.385555267333984,125.66370391845703,7.478056837767994,926.1215760853514,315.1811629932878
0.3950000000000003,40.719078063964844,125.66370391845703,7.521464469057845,901.6924637334567,314.8028389853774
0.3960000000000003,41.04901123046875,125.66370391845703,7.55200845532243,881.5469207974759,314.423621633716
0.3970000000000003,41.37479019165039,125.66370391845703,7.57231907962367,866.881122802757,313.50458733485203
0.3980000000000003,41.69601821899414,125.66370391845703,7.585585802391683,858.7713892613149,312.1606396911233
0.3990000000000003,42.012447357177734,125.66370391845703,7.5951791807051885,858.0558760750187,310.5193465681835
0.4000000000000003,42.323997497558594,125.66370391845703,7.604549024693114,865.3009176747073,308.7113938606104
0.4010000000000003,42.630733489990234,125.66370391845703,7.617112995882555,880.7781425706526,306.8668777589995
0.4020000000000003,42.9328727722168,125.66370391845703,7.63612971618197,904.4488308536282,305.1118209833511
0.4030000000000003,43.230751037597656,125.66370391845703,7.664561584214335,883.286271940188,303.5644333986464
0.4040000000000003,43.5247688293457,125.66370391845703,7.683465546325692,854.0653573798428,302.28713637507985
0.4050000000000003,43.81440734863281,125.66370391845703,7.689670652179593,830.9769274592412,300.48301530825677
0.4060000000000003,44.09931564331055,125.66370391845703,7.686690744379877,815.4737337447197,298.28126307183754
0.4070000000000003,44.37929916381836,125.66370391845703,7.678357595147275,808.5978095088074,295.8268128495026
0.4080000000000003,44.65434646606445,125.66370391845703,7.6686521765135405,811.0640662512069,293.2677771985424
0.4090000000000003,44.924598693847656,125.66370391845703,7.661578292206226,823.2337647581556,290.7508722886977
0.4100000000000003,45.19034194946289,125.66370391845703,7.661014129748415,845.0961732017203,288.4170524257114
0.4110000000000003,45.45200729370117,125.66370391845703,7.670546196395743,827.4690052398248,286.397305726198
0.4120000000000003,45.70995330810547,125.66370391845703,7.673353740804771,796.6040655568446,284.63967949278754
0.4130000000000003,45.96381378173828,125.66370391845703,7.663949477301415,773.3287313247072,282.48477448948336
0.4140000000000003,46.21339416503906,125.66370391845703,7.646312826430315,759.2155834790356,280.07721414699563
0.4150000000000003,46.45866012573242,125.66370391845703,7.6247935592098415,755.3021485557947,277.5742171884773
0.4160000000000003,46.69975280761719,125.66370391845703,7.603892696114673,762.2319904842985,275.1334917929743
0.4170000000000003,46.93696594238281,125.66370391845703,7.588103555750028,780.2292771805304,272.90802692406095
0.4180000000000003,47.170745849609375,125.66370391845703,7.581725380171345,809.0835795493437,271.04118046021915
0.4190000000000003,47.401649475097656,125.66370391845703,7.588656801728831,791.4337105382581,269.66178583136366
0.4200000000000003,47.6297492980957,125.66370391845703,7.5884474299213585,766.5110307012501,268.30150603335437
0.4210000000000003,47.8548583984375,125.66370391845703,7.578423655774522,750.3657286434583,266.72504139526495
0.4220000000000003,48.07695770263672,125.66370391845703,7.562896036695022,744.3890666511419,265.0855721867732
0.4230000000000003,48.29618835449219,125.66370391845703,7.546466633137599,749.4288694474938,263.54122296390483
0.4240000000000003,48.51285171508789,125.66370391845703,7.533799071996321,765.8851043710159,262.24630551418204
0.4250000000000003,48.727386474609375,125.66370391845703,7.52942272545128,793.689767594489,261.34577979414985
0.4260000000000003,48.94035339355469,125.66370391845703,7.537512958746526,793.1250355723099,260.9700449635497
0.4270000000000003,49.15177917480469,125.66370391845703,7.545123707354175,766.6244603411204,260.6013720134926
0.4280000000000003,49.36149978637695,125.66370391845703,7.541353108208244,748.4549975377316,260.04357822135506
0.4290000000000003,49.56950378417969,125.66370391845703,7.530441010948893,740.3928086982079,259.45161940943433
0.4300000000000003,49.775936126708984,125.66370391845703,7.517066344045764,743.4853926045907,258.98598062642634
0.4310000000000003,49.98110580444336,125.66370391845703,7.506038257397114,758.3040847391869,258.8039160203392
0.43200000000000033,50.185455322265625,125.66370391845703,7.502092440020377,784.918862659157,259.05336113980775
0.43300000000000033,50.389549255371094,125.66370391845703,7.509659979499447,822.8862577414878,259.8672239991678
0.43400000000000033,50.594058990478516,125.66370391845703,7.532620903595597,805.4243091511261,261.35810948303316
0.43500000000000033,50.798343658447266,125.66370391845703,7.54616232774001,785.6122906024067,262.2001697892535
0.43600000000000033,51.002349853515625,125.66370391845703,7.550297401783279,775.0000355482097,262.98674298613895
0.43700000000000033,51.20619583129883,125.66370391845703,7.549486227722049,774.9319208397669,263.88442846895305
0.43800000000000033,51.41013717651367,125.66370391845703,7.548417361083056,786.1824464735746,265.0531125034292
0.43900000000000033,51.614585876464844,125.66370391845703,7.55176930073344,809.0047161098369,266.64403569835986
0.44000000000000034,51.820064544677734,125.66370391845703,7.563984319208988,843.1129742364741,268.7934161109186
0.44100000000000034,52.02721405029297,125.66370391845703,7.5890255276923035,826.0181599805511,271.61674867098867
0.44200000000000034,52.23506164550781,125.66370391845703,7.604348882350818,800.8030872792173,273.45164032924515
0.44300000000000034,52.44351577758789,125.66370391845703,7.607546128377171,784.7543317135483,275.195389233715
0.44400000000000034,52.65266036987305,125.66370391845703,7.603203831328474,779.532929536863,277.0330067840965
0.44500000000000034,52.862735748291016,125.66370391845703,7.596244379840289,786.1397847300187,279.1406604324262
0.44600000000000034,53.07413864135742,125.66370391845703,7.59166106036578,805.0095510997423,281.68542713050124
0.44700000000000034,53.28740692138672,125.66370391845703,7.594283975225467,835.9872738937061,284.81820966804776
0.44800000000000034,53.503177642822266,125.66370391845703,7.608521660503763,818.2591279094437,288.6669153616374
0.44900000000000034,53.720149993896484,125.66370391845703,7.6130807333483475,789.9724332630967,291.1492142378473
0.45000000000000034,53.938232421875,125.66370391845703,7.604589869301515,771.8808416942392,293.5446973173473
0.45100000000000035,54.157527923583984,125.66370391845703,7.588064841806862,765.8270617353107,296.0666653765905
0.45200000000000035,54.37831115722656,125.66370391845703,7.568923704290509,772.8979363606999,298.91485647312106
0.45300000000000035,54.60103988647461,125.66370391845703,7.552688264745326,793.5450363490564,302.2773293497418
0.45400000000000035,54.82630157470703,125.66370391845703,7.544719928453182,827.5594427468403,306.32210478469824
0.45500000000000035,55.054805755615234,125.66370391845703,7.549922834064851,810.1706831526726,311.18953881869476
0.45600000000000035,55.28495407104492,125.66370391845703,7.545463433378574,785.2869395057978,314.3222606811104
0.45700000000000035,55.51668167114258,125.66370391845703,7.529491512902894,771.9343862676108,317.41494929785375
0.45800000000000035,55.750144958496094,125.66370391845703,7.507495931107764,771.8767206553023,320.7080914182158
0.45900000000000035,55.98570251464844,125.66370391845703,7.485333461216198,786.0683868117765,324.42167456159194
0.46000000000000035,56.22386932373047,125.66370391845703,7.468899730548038,814.7574448030304,328.7590176077069
0.46100000000000035,56.46531677246094,125.66370391845703,7.46381763519534,857.4643678815592,333.8976911771734
0.46200000000000035,56.71083068847656,125.66370391845703,7.475092838305078,836.8877721431307,339.9808277478021
0.46300000000000036,56.95849609375,125.66370391845703,7.4741597698929105,819.4966236155229,343.9344053937232
0.46400000000000036,57.20827102661133,125.66370391845703,7.464231528174916,814.3959827075711,347.88227919457563
0.46500000000000036,57.46035385131836,125.66370391845703,7.451038585033343,823.0496840241672,352.08558937617653
0.46600000000000036,57.71512985229492,125.66370391845703,7.440524064645991,846.1470417454947,356.776821440064
0.46700000000000036,57.9731559753418,125.66370391845703,7.4385170086581835,883.6168396262052,362.16631734859453
0.46800000000000036,58.23514175415039,125.66370391845703,7.450383827054848,879.4404105547909,368.4321857979147
0.46900000000000036,58.49938201904297,125.66370391845703,7.4569511263583905,856.5616703423449,372.7682970215114
0.47000000000000036,58.76567077636719,125.66370391845703,7.451547852691968,845.2063810665377,376.89585075918063
0.47100000000000036,59.0340461730957,125.66370391845703,7.4398521252957455,847.5024474947098,381.10239764595514
0.47200000000000036,59.30476760864258,125.66370391845703,7.428010437810035,864.5876608571114,385.6570607755002
0.47300000000000036,59.57830047607422,125.66370391845703,7.422222116058557,896.7934975001541,390.8111135854376
0.47400000000000037,59.85528564453125,125.66370391845703,7.428379062265128,943.6143972753584,396.78573642563117
0.47500000000000037,60.13650131225586,125.66370391845703,7.451670932885968,923.6858490204354,403.7604691276175
0.47600000000000037,60.419898986816406,125.66370391845703,7.461820995712607,907.7653834577225,408.3287806095644
0.47700000000000037,60.70530700683594,125.66370391845703,7.46264647356336,904.4448291687128,412.72344079611094
0.47800000000000037,60.9928092956543,125.66370391845703,7.460134942070679,915.3254448997606,417.2589251437133
0.47900000000000037,61.28272247314453,125.66370391845703,7.460475673075296,941.1350158850572,422.22036571175727
0.48000000000000037,61.575557708740234,125.66370391845703,7.469689784769156,981.7245276080887,427.8667292434976
0.48100000000000037,61.87200164794922,125.66370391845703,7.4932349869330634,966.4414342863571,434.41741496084046
0.4820000000000004,62.170204162597656,125.66370391845703,7.505999497265098,943.4698563850521,438.7261448021281
0.4830000000000004,62.46982955932617,125.66370391845703,7.506436982381607,932.8972366341454,442.6458520018326
0.4840000000000004,62.77082443237305,125.66370391845703,7.500681796997454,936.8657859287379,446.5269327691258
0.4850000000000004,63.07339859008789,125.66370391845703,7.495268514958001,956.4873234209712,450.70020537351417
0.4860000000000004,63.37799835205078,125.66370391845703,7.496703466052175,991.9251188264097,455.4737469154806
0.4870000000000004,63.685272216796875,125.66370391845703,7.511047218228559,980.4633976758787,461.11667031498314
0.4880000000000004,63.99359893798828,125.66370391845703,7.517255519944647,953.127490130856,464.72238508559207
0.4890000000000004,64.30255889892578,125.66370391845703,7.509970643844754,939.0060788207401,467.8155299004985
0.4900000000000004,64.61205291748047,125.66370391845703,7.495754395488707,940.6076676054337,470.78829536343466
0.4910000000000004,64.92227935791016,125.66370391845703,7.481705568338771,959.2434080291033,474.01991960062816
0.4920000000000004,65.23368072509766,125.66370391845703,7.4749592487032,995.175773617214,477.86697085591413
0.4930000000000004,65.54695892333984,125.66370391845703,7.482219361804863,988.3244008067088,482.6445269306847
0.4940000000000004,65.86071014404297,125.66370391845703,7.483963580678836,962.4588881487879,485.6144309262465
0.4950000000000004,66.17453002929688,125.66370391845703,7.473298478889725,950.8874866166873,488.0501671357624
0.4960000000000004,66.48833465576172,125.66370391845703,7.457211530667219,956.1914475681939,490.37759840693826
0.4970000000000004,66.80235290527344,125.66370391845703,7.443242295209448,979.62270181459,493.0118786926948
0.4980000000000004,67.11710357666016,125.66370391845703,7.438908636426785,1021.2831935749301,496.3424936343878
0.4990000000000004,67.43333435058594,125.66370391845703,7.4511754393656275,1016.2473096385044,500.711211428928
0.5000000000000003,67.74981689453125,125.66370391845703,7.4584230528604945,995.3169437614524,503.4321174150322
0.5010000000000003,68.06615447998047,125.66370391845703,7.455114178290419,989.1751625930158,505.63006208153297
0.5020000000000003,68.38230895996094,125.66370391845703,7.448387304086356,1000.243850302263,507.7490658748303
0.5030000000000003,68.69853210449219,125.66370391845703,7.445826906442206,1029.5617515196743,510.22157884080883
0.5040000000000003,69.0153579711914,125.66370391845703,7.454850110806013,1076.9395570178494,513.4497236759001
0.5050000000000003,69.33358001708984,125.66370391845703,7.482133662290616,1065.3573416498998,517.7814150732695
0.5060000000000003,69.6519775390625,125.66370391845703,7.500726730107355,1047.1025119067021,520.428162509786
0.5070000000000003,69.97013854980469,125.66370391845703,7.5093094441456225,1043.5603745049814,522.5199263046859
0.5080000000000003,70.28800964355469,125.66370391845703,7.514963168857338,1056.943880046085,524.512648322166
0.5090000000000003,70.60582733154297,125.66370391845703,7.525075894448676,1088.0999413773459,526.8487774669741
0.5100000000000003,70.92412567138672,125.66370391845703,7.546743152856577,1136.584106219539,529.9364022009245
0.5110000000000003,71.24365997314453,125.66370391845703,7.586187333398064,1108.1871797839572,534.1230682295283
0.5120000000000003,71.56304931640625,125.66370391845703,7.609445394939801,1087.5438658513517,536.3373753491293
0.5130000000000003,71.8818588256836,125.66370391845703,7.6217149506407535,1081.9541652742919,537.9343048729102
0.5140000000000003,72.20001220703125,125.66370391845703,7.630221920512498,1093.4530531106097,539.3952927778179
0.5150000000000003,72.51773834228516,125.66370391845703,7.642382690224625,1122.7435632938893,541.1836589668947
0.5160000000000003,72.83555603027344,125.66370391845703,7.665242952130721,1104.948051327475,543.7228092328171
0.5170000000000003,73.15252685546875,125.66370391845703,7.6785423344315875,1066.4762365519937,544.89534315459
0.5180000000000003,73.46800994873047,125.66370391845703,7.674579922144522,1043.1999782169894,545.0828377737697
0.5190000000000003,73.78170776367188,125.66370391845703,7.661044124905635,1038.5334715257538,544.8179620608241
0.5200000000000004,74.09371185302734,125.66370391845703,7.646376808414058,1054.2126702309672,544.6453262044583
0.5210000000000004,74.40444946289062,125.66370391845703,7.639084810548461,1090.45091843384,545.085300113307
0.5220000000000004,74.71466064453125,125.66370391845703,7.647086168828658,1060.0962707021472,546.600099417157
0.5230000000000004,75.02323150634766,125.66370391845703,7.641398877828154,1031.0046147080714,546.4267338766529
0.5240000000000004,75.32977294921875,125.66370391845703,7.623928542049397,1020.8441862069951,545.640440673852
0.5250000000000004,75.63429260253906,125.66370391845703,7.603454877171023,1032.0847361191406,544.8268927753621
0.5260000000000004,75.93717956542969,125.66370391845703,7.589120557335756,1065.4581615964762,544.5544547075901
0.5270000000000004,76.2391357421875,125.66370391845703,7.589677159792159,1054.0412120754388,545.3402673016358
0.5280000000000004,76.53948211669922,125.66370391845703,7.58503570545078,1023.7470658566887,545.0644845459799
0.5290000000000004,76.83781433105469,125.66370391845703,7.568016227499719,1012.4561458112714,544.1167714554387
0.5300000000000004,77.13409423828125,125.66370391845703,7.54754902895646,1023.2188114372898,543.0966233345871
0.5310000000000004,77.42869567871094,125.66370391845703,7.533161654361934,1057.0928337387043,542.6008440022067
0.5320000000000004,77.72232818603516,125.66370391845703,7.534097564741292,1113.3292333032002,543.1799244902613
0.5330000000000004,78.01597595214844,125.66370391845703,7.5584680800271835,1087.063327635573,545.2983399498831
0.5340000000000004,78.30860137939453,125.66370391845703,7.569112817814273,1075.7189277515813,545.7688160434375
0.5350000000000004,78.60003662109375,125.66370391845703,7.574157814234628,1083.9224402730604,545.976325295759
0.5360000000000004,78.89051055908203,125.66370391845703,7.5822688661628215,1113.0974093369175,546.4965811686903
0.5370000000000004,79.18054962158203,125.66370391845703,7.601935738616136,1162.8854644193545,547.863277920091
0.5380000000000004,79.47098541259766,125.66370391845703,7.640678615506605,1135.8187643549056,550.5346920951475
0.5390000000000004,79.76082611083984,125.66370391845703,7.664629180581722,1113.3527852282061,551.6209347440764
0.5400000000000004,80.04969787597656,125.66370391845703,7.677360404465183,1108.7334535668138,552.1195186437474
0.5410000000000004,80.33763122558594,125.66370391845703,7.687216582719747,1124.2383762543611,552.6125606821593
0.5420000000000004,80.62496185302734,125.66370391845703,7.702714461660488,1160.2652486889751,553.6602726645683
0.5430000000000004,80.91234588623047,125.66370391845703,7.731748175328843,1127.48540874485,555.7610466427287
0.5440000000000004,81.19877624511719,125.66370391845703,7.744956587858531,1091.0933146118557,556.210820617928
0.5450000000000004,81.4837646484375,125.66370391845703,7.742229832113506,1073.5539736250244,555.8510323215278
0.5460000000000004,81.7672348022461,125.66370391845703,7.732566956933658,1078.0068344698516,555.3248496201019
0.5470000000000004,82.04947662353516,125.66370391845703,7.725485953384816,1105.4837152696025,555.2657676432183
0.5480000000000004,82.33113098144531,125.66370391845703,7.730155775072312,1074.223095155895,556.2501808266873
0.5490000000000004,82.61125183105469,125.66370391845703,7.721567760889334,1033.7160190406566,555.6326171691771
0.5500000000000004,82.889404296875,125.66370391845703,7.6969702978875185,1015.0784552544708,554.2847281841171
0.5510000000000004,83.16561126708984,125.66370391845703,7.666515442778692,1021.7505994779494,552.9252471228625
0.5520000000000004,83.4403076171875,125.66370391845703,7.64102414333531,1054.761464776035,552.258464187872
0.5530000000000004,83.71429443359375,125.66370391845703,7.630969943946406,1034.9289566520993,552.9203523142029
0.5540000000000004,83.98674011230469,125.66370391845703,7.612930588107396,1004.1616466651845,552.1712876114232
0.5550000000000004,84.25741577148438,125.66370391845703,7.583305192669774,997.5289687919799,550.9999140694398
0.5560000000000004,84.52652740478516,125.66370391845703,7.552977019973601,1018.0448437358617,550.1542187938977
0.5570000000000004,84.79470825195312,125.66370391845703,7.533318865205536,1066.1011673870223,550.3501208506891
0.5580000000000004,85.06294250488281,125.66370391845703,7.535014226868631,1057.2165702696473,552.2147852026003
0.5590000000000004,85.3304443359375,125.66370391845703,7.531782397618143,1040.2413973057114,552.7496046341951
0.5600000000000004,85.59712982177734,125.66370391845703,7.521352481142748,1046.849317167341,553.0942105936923
0.5610000000000004,85.86328887939453,125.66370391845703,7.514196299007864,1079.3831912316432,553.9645954860051
0.5620000000000004,86.129638671875,125.66370391845703,7.520909920995123,1137.5558699246121,556.0290389375735
0.5630000000000004,86.39717864990234,125.66370391845703,7.5510047344557,1125.359791860828,559.852297661036
0.5640000000000004,86.66495513916016,125.66370391845703,7.572247698644963,1111.9142645121565,562.0362179728098
0.5650000000000004,86.93282318115234,125.66370391845703,7.585682277624794,1119.7338054573554,563.9603604532374
0.5660000000000004,87.20101165771484,125.66370391845703,7.600833841868116,1150.913393565247,566.3037536048107
0.5670000000000004,87.47012329101562,125.66370391845703,7.6271993313907,1205.0304153788504,569.6931857596746
0.5680000000000004,87.74103546142578,125.66370391845703,7.673146163241646,1172.7928246439058,574.650060879731
0.5690000000000004,88.01240539550781,125.66370391845703,7.700871457378761,1149.4520295748966,577.2833285154499
0.5700000000000004,88.2839584350586,125.66370391845703,7.716208132696747,1146.658198473445,579.4096492923809
0.5710000000000004,88.55579376220703,125.66370391845703,7.728626883797649,1166.7709028785905,581.7381405323123
0.5720000000000004,88.82839965820312,125.66370391845703,7.747664698085415,1146.8662947725093,584.9248233010695
0.5730000000000004,89.10076904296875,125.66370391845703,7.756600624190314,1093.0744105762365,586.3432438560197
0.5740000000000004,89.37226867675781,125.66370391845703,7.742332592006995,1060.5878689449714,586.6013127129264
0.5750000000000004,89.64271545410156,125.66370391845703,7.715340763799448,1054.728588554947,586.5389843459615
0.5760000000000004,89.91242218017578,125.66370391845703,7.687391884526621,1077.7695733323244,587.0063802350348
0.5770000000000004,90.18212890625,125.66370391845703,7.670315318278569,1055.269791938654,588.786373901272
0.5780000000000004,90.45075225830078,125.66370391845703,7.644277724540014,1014.1552925385624,588.6343327814416
0.5790000000000004,90.71802520751953,125.66370391845703,7.602531625436086,1000.965180754428,587.9559928463772
0.5800000000000004,90.98419189453125,125.66370391845703,7.557702923254501,1019.7600463787451,587.7016648781079
0.5810000000000004,91.24998474121094,125.66370391845703,7.523265692660831,1071.2023639317392,588.776463621426
0.5820000000000004,91.51655578613281,125.66370391845703,7.512044429314286,1059.7774529546223,591.9620343707173
0.5830000000000004,91.7828369140625,125.66370391845703,7.494876660717205,1048.9459486098924,593.1819756257197
0.5840000000000004,92.04891967773438,125.66370391845703,7.473563996363637,1067.2162789082147,594.5752207917676
0.5850000000000004,92.31538391113281,125.66370391845703,7.460670570387269,1116.4072271221864,597.0400136105231
0.5860000000000004,92.58323669433594,125.66370391845703,7.468506495375307,1131.8541886046044,601.3694386973997
0.5870000000000004,92.851806640625,125.66370391845703,7.4802435226544635,1114.3471298243169,604.491243220976
0.5880000000000004,93.12091064453125,125.66370391845703,7.482548423944706,1121.317286824208,607.270721711962
0.5890000000000004,93.39081573486328,125.66370391845703,7.486551393943713,1156.314746306295,610.5688334843227
0.5900000000000004,93.66222381591797,125.66370391845703,7.503855818486846,1219.4378465988991,615.2002322512419
0.5910000000000004,93.93619537353516,125.66370391845703,7.544960081071688,1214.3105839797067,621.8489501913299
0.5920000000000004,94.2115707397461,125.66370391845703,7.57826990879034,1201.3229512249363,626.3627395160404
0.5930000000000004,94.48814392089844,125.66370391845703,7.602220860850879,1210.9890447710482,630.4999089825114
0.5940000000000004,94.76614379882812,125.66370391845703,7.627074357273878,1245.8454784320936,635.0883173853057
0.5950000000000004,95.04617309570312,125.66370391845703,7.663083571037536,1239.7778824265083,640.881713700517
0.5960000000000004,95.32720184326172,125.66370391845703,7.692227309477151,1196.4297997315507,644.7101976084931
0.5970000000000004,95.60858154296875,125.66370391845703,7.700091894819077,1174.5948950013697,647.3158043834471
0.5980000000000004,95.89015197753906,125.66370391845703,7.697379906878757,1179.7047976077433,649.6407258887128
0.5990000000000004,96.17225646972656,125.66370391845703,7.695973132453839,1213.6429361829519,652.6266159930324
0.6000000000000004,96.45567321777344,125.66370391845703,7.707462470199126,1180.606021982879,657.1160362140276
0.6010000000000004,96.73892974853516,125.66370391845703,7.703019556792006,1142.1463724596447,658.7687306570789
0.6020000000000004,97.02166748046875,125.66370391845703,7.682203605581687,1132.090344665323,659.7253371359168
0.6030000000000004,97.30408477783203,125.66370391845703,7.657930430406137,1154.3035798631654,661.0761168284572
0.6040000000000004,97.5869140625,125.66370391845703,7.6436585501868395,1141.549044456807,663.8366746968294
0.6050000000000004,97.86910247802734,125.66370391845703,7.623836092435528,1099.0144121529222,664.5579485628851
0.6060000000000004,98.15029907226562,125.66370391845703,7.58697732287625,1087.301502294607,664.5443891820746
0.6070000000000004,98.43073272705078,125.66370391845703,7.547131866855723,1111.441115253874,664.9909843963561
0.6080000000000004,98.71122741699219,125.66370391845703,7.519415669390109,1172.1365098564181,667.0415628720771
0.6090000000000004,98.99307250976562,125.66370391845703,7.518086911446829,1160.6447002628772,671.6712722413018
0.6100000000000004,99.27505493164062,125.66370391845703,7.509544539238699,1157.4576800240893,673.887693686561
0.6110000000000004,99.55732727050781,125.66370391845703,7.499216663855999,1186.6377768423843,676.4228968522087
0.6120000000000004,99.84059143066406,125.66370391845703,7.500832274711755,1249.3514627160862,680.373265591845
0.6130000000000004,100.12600708007812,125.66370391845703,7.527328300198678,1250.9891260065929,686.6716878079288
0.6140000000000004,100.41252899169922,125.66370391845703,7.549863410948503,1241.4036548444249,690.8998658637565
0.6150000000000004,100.70001220703125,125.66370391845703,7.565242270774264,1259.1620196408196,694.8701072631403
0.6160000000000004,100.98884582519531,125.66370391845703,7.585537110930202,1306.7831151504502,699.6248676089095
0.6170000000000004,101.27986145019531,125.66370391845703,7.622618409907444,1304.8332748137682,706.0988146833641
0.6180000000000004,101.57201385498047,125.66370391845703,7.65390398419673,1274.305481933935,710.4865335300212
0.6190000000000004,101.86478424072266,125.66370391845703,7.668768342915411,1268.6959483273636,713.8434260043082
0.6200000000000004,102.158203125,125.66370391845703,7.67902934438738,1292.6607335524122,717.2696067864007
0.6210000000000004,102.45281219482422,125.66370391845703,7.697208920108908,1346.6290305359407,721.8232349225315
0.6220000000000004,102.74958038330078,125.66370391845703,7.734733340142779,1302.559857496234,728.3950061782333
0.6230000000000004,103.04671478271484,125.66370391845703,7.749252706746871,1277.3898319155956,731.3106287655709
0.6240000000000004,103.34394073486328,125.66370391845703,7.751350538809162,1281.508141855345,733.6528201889278
0.6250000000000004,103.64155578613281,125.66370391845703,7.7540334396657755,1317.1338114401774,736.6072407154595
0.6260000000000004,103.94033813476562,125.66370391845703,7.769964599704031,1270.402090114147,741.217602015026
0.6270000000000004,104.23860168457031,125.66370391845703,7.76422144705658,1231.3449207786484,742.2956653084756
0.6280000000000004,104.53595733642578,125.66370391845703,7.742267358120361,1225.0306219567497,742.5701845497085
0.6290000000000004,104.83268737792969,125.66370391845703,7.718746322811857,1250.3750520636963,743.4022156277528
0.6300000000000004,105.12948608398438,125.66370391845703,7.706586231971365,1215.1175300401594,745.7063882922752
0.6310000000000004,105.42504119873047,125.66370391845703,7.679728567375668,1179.5811791995056,745.2367700802265
0.6320000000000005,105.71914672851562,125.66370391845703,7.63969924979916,1181.4270985380294,744.2795093441079
0.6330000000000005,106.01227569580078,125.66370391845703,7.602915810375787,1210.2493964439432,744.3276762240853
0.6340000000000005,106.30506896972656,125.66370391845703,7.580037411352233,1198.029478137454,745.7197090500127
0.6350000000000005,106.5968017578125,125.66370391845703,7.5525765919911665,1179.3492615379575,745.5601933738241
0.6360000000000005,106.88748931884766,125.66370391845703,7.518794074988134,1196.3142093532056,745.3891778073112
0.6370000000000005,107.17767333984375,125.66370391845703,7.494097591267129,1236.792741644849,746.3899921121639
0.6380000000000005,107.46805572509766,125.66370391845703,7.4873784758100745,1243.7508525250614,748.877795926359
0.6390000000000005,107.75823974609375,125.66370391845703,7.482677357217061,1240.2289575494467,750.52124882763
0.6400000000000005,108.04829406738281,125.66370391845703,7.476102735989628,1266.3744770225715,752.3164587242289
0.6410000000000005,108.33876037597656,125.66370391845703,7.480294545242718,1311.3486298210594,755.274560799363
0.6420000000000005,108.63028717041016,125.66370391845703,7.501976608634096,1319.090161107046,759.647278246468
0.6430000000000005,108.92239379882812,125.66370391845703,7.52361057426235,1310.2306726576103,763.0164659498419
0.6440000000000005,109.21495056152344,125.66370391845703,7.538827766007579,1326.4197387923787,766.0822920083268
0.6450000000000005,109.50823974609375,125.66370391845703,7.558720252337926,1356.6277502260016,769.8140563912923
0.6460000000000005,109.80264282226562,125.66370391845703,7.588518230224097,1347.3573917305935,774.3538504178664
0.6470000000000005,110.0973892211914,125.66370391845703,7.610840879443404,1317.1851668289405,777.2466306525444
0.6480000000000005,110.39202117919922,125.66370391845703,7.618044785878594,1311.0336725375432,779.1284424972025
0.6490000000000005,110.68657684326172,125.66370391845703,7.621521791499158,1319.4048846406674,781.0727781386139
0.6500000000000005,110.98116302490234,125.66370391845703,7.627522169372969,1292.648665064545,783.2844923169291
0.6510000000000005,111.27484893798828,125.66370391845703,7.621406604748979,1244.2588393376614,783.3964968766219
0.6520000000000005,111.56707763671875,125.66370391845703,7.5953796504699325,1224.4387961401549,782.254977412896
0.6530000000000005,111.85789489746094,125.66370391845703,7.56295127359406,1225.3422333654148,781.1773476725051
0.6540000000000005,112.14750671386719,125.66370391845703,7.533102857568438,1200.05448612787,780.544553343609
0.6550000000000005,112.43511962890625,125.66370391845703,7.4946189976239275,1155.1607779307164,778.1040726098544
0.6560000000000005,112.720458984375,125.66370391845703,7.440110788908652,1145.1735819632124,775.0104776418511
0.6570000000000005,113.0039291381836,125.66370391845703,7.385449104287057,1162.0576997036958,772.7822897639412
0.6580000000000005,113.2861328125,125.66370391845703,7.341750175435431,1158.4706350566403,771.880792784381
0.6590000000000005,113.56664276123047,125.66370391845703,7.29902986555814,1137.1033478033737,769.9882539534793
0.6600000000000005,113.8456039428711,125.66370391845703,7.250123519447231,1152.468896941748,768.4195702726713
0.6610000000000005,114.12383270263672,125.66370391845703,7.211286873179143,1194.3439693245589,768.65810087479
0.6620000000000005,114.40223693847656,125.66370391845703,7.1927800566941364,1212.361922966773,770.9934130473781
0.6630000000000005,114.68058013916016,125.66370391845703,7.181881696192785,1211.8799987409298,772.7595523960139
0.6640000000000005,114.95915222167969,125.66370391845703,7.170746543064729,1242.97637882674,775.2318866295008
0.6650000000000005,115.23880767822266,125.66370391845703,7.17306679161948,1293.3288832763471,779.6403289276734
0.6660000000000005,115.52033233642578,125.66370391845703,7.195511361091231,1309.810376982253,785.9425812618359
0.6670000000000005,115.80319213867188,125.66370391845703,7.220874685343167,1305.3150027224262,790.9904989623741
0.6680000000000005,116.0873794555664,125.66370391845703,7.240630978375481,1324.7107731255244,796.0604752196348
0.6690000000000005,116.37332916259766,125.66370391845703,7.265609876875689,1356.1061884358205,802.1649648559032
0.6700000000000005,116.6613540649414,125.66370391845703,7.300158800978556,1346.2527770004217,809.0610087260235
0.6710000000000005,116.95030975341797,125.66370391845703,7.325502453899428,1314.787136832266,813.2740982431799
0.6720000000000005,117.2397232055664,125.66370391845703,7.333942425222249,1304.674879741535,816.4357915125104
0.6730000000000005,117.52961730957031,125.66370391845703,7.336254377319793,1307.0483685274276,819.6236197177748
0.6740000000000005,117.81995391845703,125.66370391845703,7.3382138705642115,1270.4643555955363,822.7290967667095
0.6750000000000005,118.10919952392578,125.66370391845703,7.3233124844028135,1216.3946111925493,822.2402303586595
0.6760000000000005,118.39686584472656,125.66370391845703,7.285984729387596,1189.37272840017,820.5395594095237
0.6770000000000005,118.68302154541016,125.66370391845703,7.2396132998726435,1183.2126535003513,819.0007028013309
0.6780000000000005,118.96784973144531,125.66370391845703,7.193655003661744,1147.0252601367272,817.8480301535776
0.6790000000000005,119.25006103515625,125.66370391845703,7.134783194599512,1100.9140961011128,813.6055706411615
0.6800000000000005,119.52971649169922,125.66370391845703,7.060155843831945,1090.0639785494404,809.4540607866825
0.6810000000000005,119.80751037597656,125.66370391845703,6.986120671546025,1107.8028756736755,806.9261347912994
0.6820000000000005,120.08427429199219,125.66370391845703,6.924823116973037,1100.2420125168783,806.3725606309483
0.6830000000000005,120.35928344726562,125.66370391845703,6.863145776512567,1088.8930485266542,804.0283309994962
0.6840000000000005,120.63328552246094,125.66370391845703,6.800495286788743,1114.1081212146487,803.4942872185892
0.6850000000000005,120.90754699707031,125.66370391845703,6.75312299396311,1166.276739292962,805.9945316130345
0.6860000000000005,121.1833267211914,125.66370391845703,6.7314842105814385,1185.868230400617,811.5504007600683
0.6870000000000005,121.46000671386719,125.66370391845703,6.71721282678732,1202.8839756869445,815.6487448050833
0.6880000000000005,121.73847198486328,125.66370391845703,6.710091493578376,1247.608196082481,821.9221625524413
0.6890000000000005,122.01983642578125,125.66370391845703,6.721697103355954,1308.7289458165644,830.9348912471837
0.6900000000000005,122.30497741699219,125.66370391845703,6.757128632676012,1321.7904670158532,842.179171547105
0.6910000000000005,122.59260559082031,125.66370391845703,6.790978767556073,1330.4943341395526,850.3057184049095
0.6920000000000005,122.88297271728516,125.66370391845703,6.8232034441459,1355.2440161139048,859.0971291273361
0.6930000000000005,123.17634582519531,125.66370391845703,6.8610109603553715,1387.0170948719376,868.62280831886
0.6940000000000005,123.47274017333984,125.66370391845703,6.906876386305021,1359.8138965461667,878.2221729609474
0.6950000000000005,123.76985931396484,125.66370391845703,6.933300220869656,1329.6162227642412,882.1743312335504
0.6960000000000005,124.0672607421875,125.66370391845703,6.942643944132295,1312.5909213823165,885.0600539997312
0.6970000000000005,124.36457061767578,125.66370391845703,6.942546986859351,1304.3387475704856,887.0013308804095
0.6980000000000005,124.66134643554688,125.66370391845703,6.938044496965033,1239.9420846675735,887.8489911063077
0.6990000000000005,124.95496368408203,125.66370391845703,6.904492566130236,1181.024288439738,882.0995838721772
0.7000000000000005,125.24518585205078,125.66370391845703,6.8482050055233925,1144.6590849892702,875.7044623187221
0.7010000000000005,125.53197479248047,125.66370391845703,6.780857418316493,1128.4881025566212,869.1305711094022
0.7020000000000005,125.81551361083984,125.66370391845703,6.712300260514921,1067.9933813988857,862.9812984411187
0.7030000000000005,126.09391784667969,125.66370391845703,6.621465352541975,1024.99138857854,851.9848585284377
0.7040000000000005,126.36811828613281,125.66370391845703,6.5192444374921115,1016.0696071733661,843.2737232264572
0.7050000000000005,126.63917541503906,125.66370391845703,6.421287939756629,1036.1052629009553,837.181670369755
0.7060000000000005,126.90845489501953,125.66370391845703,6.3404608485041,1017.8049338337172,834.4876508912354
0.7070000000000005,127.1750259399414,125.66370391845703,6.255279326232003,1024.2984492351798,829.4152259886158
0.7080000000000005,127.4408950805664,125.66370391845703,6.180079738414882,1064.4963441471136,829.4014725734725
0.7090000000000005,127.70775604248047,125.66370391845703,6.129081116247591,1129.414633021309,833.7122902226757
0.7100000000000005,127.9773178100586,125.66370391845703,6.111935768488052,1146.1876219153726,842.4566356097754
0.7110000000000005,128.24856567382812,125.66370391845703,6.099457827557597,1186.279913152664,848.6314239416066
0.7120000000000005,128.52328491210938,125.66370391845703,6.105667794655486,1245.1262718237574,859.3800936927538
0.7130000000000005,128.80233764648438,125.66370391845703,6.1364411780107195,1278.7251848041265,872.4843884324403
0.7140000000000005,129.08340454101562,125.66370391845703,6.175517121230684,1278.7335008861437,879.6670701189545
0.7150000000000005,129.36654663085938,125.66370391845703,6.208714429284589,1299.1545335248059,886.9701546399829
0.7160000000000005,129.65237426757812,125.66370391845703,6.246832788267128,1325.2209080573923,896.0066557489762
0.7170000000000005,129.9404296875,125.66370391845703,6.2913788959673775,1313.2082225168779,903.7936225432535
0.7180000000000005,130.22695922851562,125.66370391845703,6.323691660963331,1268.4132069293294,901.8776412047114
0.7190000000000005,130.5111083984375,125.66370391845703,6.332733786819808,1239.809550035072,897.7092439455638
0.7200000000000005,130.7927703857422,125.66370391845703,6.32921496458075,1218.394688937441,893.1788868269756
0.7210000000000005,131.07098388671875,125.66370391845703,6.317754482727965,1163.327076943592,886.1140380893339
0.7220000000000005,131.341796875,125.66370391845703,6.283699954972068,1083.1234617826565,868.5416196669213
0.7230000000000005,131.6049041748047,125.66370391845703,6.219680054110471,1028.368202547091,850.053930926391
0.7240000000000005,131.86094665527344,125.66370391845703,6.1401002675486165,995.1309573419428,833.1195314371884
0.7250000000000005,132.110107421875,125.66370391845703,6.055690609647235,942.9363455553222,816.5728754346511
0.7260000000000005,132.3496856689453,125.66370391845703,5.95658829623063,877.7484135719412,792.7514444140332
0.7270000000000005,132.58120727539062,125.66370391845703,5.839296179506327,850.7509720132588,772.8204836131658
0.7280000000000005,132.80697631835938,125.66370391845703,5.72258685159737,856.9778932771629,758.8796099149927
0.7290000000000005,133.02879333496094,125.66370391845703,5.621437145409887,851.1324171789071,749.6716409238318
0.7300000000000005,133.24520874023438,125.66370391845703,5.525897285064191,840.4504263512489,736.5955477868935
0.7310000000000005,133.4590606689453,125.66370391845703,5.435873582569376,868.7608533437643,730.9349388078805
0.7320000000000005,133.67323303222656,125.66370391845703,5.369722832619205,925.9762174297016,733.0139669048917
0.7330000000000005,133.88966369628906,125.66370391845703,5.3391169180118885,959.2471439301389,740.278852509384
0.7340000000000005,134.10638427734375,125.66370391845703,5.324832871902268,986.4971202020669,742.2984026160983
0.7350000000000005,134.32542419433594,125.66370391845703,5.326745347507159,1037.7794963537528,749.8110319126631
0.7360000000000005,134.54818725585938,125.66370391845703,5.354774093382511,1100.5453862688576,761.1051599622622
0.7370000000000005,134.77471923828125,125.66370391845703,5.411459031937625,1116.8779980564848,772.5943371053297
0.7380000000000005,135.00083923339844,125.66370391845703,5.46713418427263,1120.9934727416235,772.8061304057914
0.7390000000000005,135.22653198242188,125.66370391845703,5.521764158076759,1131.987483396158,773.0259151237339
0.7400000000000005,135.45094299316406,125.66370391845703,5.579369532402752,1141.2912538655646,770.8401800538904
0.7410000000000005,135.672119140625,125.66370391845703,5.640215011627303,1091.7172973319357,763.4024096187777
0.7420000000000005,135.88429260253906,125.66370391845703,5.674472479207649,1029.417621989408,740.1740629507403
0.7430000000000005,136.08673095703125,125.66370391845703,5.685029821515392,973.2149761655483,714.7833782183658
0.7440000000000005,136.278076171875,125.66370391845703,5.6782128553884235,920.6966918711331,685.6123142541948
0.7450000000000006,136.45675659179688,125.66370391845703,5.659238515185796,819.2481982385905,652.0212825462838
0.7460000000000006,136.6181182861328,125.66370391845703,5.604325849578515,715.6279252242787,605.4855570511867
0.7470000000000006,136.763427734375,125.66370391845703,5.51920185785061,636.5257649685768,562.2483745718096
0.7480000000000006,136.89352416992188,125.66370391845703,5.416792388175526,579.5628037351981,521.1299815572834
0.7490000000000006,137.00949096679688,125.66370391845703,5.308822592064964,495.5364459979433,482.9150956594633
0.7500000000000006,137.1095733642578,125.66370391845703,5.177582132633222,423.18297897253217,439.75507129506957
0.7510000000000006,137.1981201171875,125.66370391845703,5.031974287623033,394.1295707279367,408.37949672882894
0.7520000000000006,137.27833557128906,125.66370391845703,4.891674944712078,398.4721153448186,385.7453080393551
0.7530000000000006,137.35330200195312,125.66370391845703,4.772745418280866,385.9415559168096,371.5885492436158
0.7540000000000006,137.42266845703125,125.66370391845703,4.658427596253968,389.0275820230622,356.3738014662245
0.7550000000000006,137.49143981933594,125.66370391845703,4.560675445261953,433.52685795467943,354.97796002525536
0.7560000000000006,137.5623016357422,125.66370391845703,4.498470158094622,502.21027887896986,360.86569375730625
0.7570000000000006,137.636962890625,125.66370391845703,4.483211653686865,539.7468698516486,371.54841434765416
0.7580000000000006,137.71295166015625,125.66370391845703,4.487127860501545,583.1731333956459,375.4783551085149
0.7590000000000006,137.7926788330078,125.66370391845703,4.519215215286535,645.4872671921526,385.9428794466324
0.7600000000000006,137.87525939941406,125.66370391845703,4.585549425885699,709.76313802504,394.08735036434945
0.7610000000000006,137.95880126953125,125.66370391845703,4.6860612798642505,715.9544783263849,396.9993972551266
0.7620000000000006,138.03741455078125,125.66370391845703,4.781406837040992,714.9616651718688,383.6559922342582
0.7630000000000006,138.11032104492188,125.66370391845703,4.878321676319291,712.841734035381,368.061416919979
0.7640000000000006,138.17398071289062,125.66370391845703,4.977501965087523,699.9006695738367,342.74203630532327
0.7650000000000006,138.2246856689453,125.66370391845703,5.0781448499854775,616.14944722531,307.05363633642276
0.7660000000000006,138.25596618652344,125.66370391845703,5.142917965151027,525.0459183690812,253.41139372856387
0.7670000000000006,138.267333984375,125.66370391845703,5.180499968537881,438.83563500462833,198.3721463255422
0.7680000000000006,138.25677490234375,125.66370391845703,5.197365527009483,352.8061200896049,137.73755659498372
0.7690000000000006,138.2230682373047,125.66370391845703,5.198269795320142,211.8930692608607,73.69191953332745
0.7700000000000006,138.16339111328125,125.66370391845703,5.153229986087775,80.26889996731995,1.9100535892778254
0.7710000000000006,138.081298828125,125.66370391845703,5.072503266633989,-18.705444358443643,-60.0079297989803
0.7720000000000006,137.97921752929688,125.66370391845703,4.971250212283431,-93.06547420762541,-115.13729220902465
0.7730000000000006,137.8603057861328,125.66370391845703,4.860573622301721,-193.01880828302677,-161.45547459164055
0.7740000000000006,137.72605895996094,125.66370391845703,4.718230502933805,-266.6200362470293,-203.61378367601017
0.7750000000000006,137.5833282470703,125.66370391845703,4.557135546556097,-286.5593104003627,-226.72506816233712
0.7760000000000006,137.43698120117188,125.66370391845703,4.400893863076901,-269.5773706289333,-236.4842489084074
0.7770000000000006,137.2913360595703,125.66370391845703,4.266833080344137,-219.9213111467867,-234.31668479995918
0.7780000000000006,137.14967346191406,125.66370391845703,4.171457849564929,-223.33581434615542,-223.17946776065503
0.7790000000000006,137.0145263671875,125.66370391845703,4.068317139934238,-155.5528295575457,-205.15220018725478
0.7800000000000006,136.88795471191406,125.66370391845703,4.007545731855142,-64.65473103215336,-181.48926790993394
0.7810000000000006,136.77053833007812,125.66370391845703,4.002796734179755,-5.964002075034628,-156.33868132859317
0.7820000000000006,136.6594696044922,125.66370391845703,4.024315553550396,58.384998964390476,-138.87841693761698
0.7830000000000006,136.5553741455078,125.66370391845703,4.081985736715504,139.65849502318216,-119.71957523133983
0.7840000000000006,136.45555114746094,125.66370391845703,4.183763616034023,217.99518716248653,-108.04212040640932
0.7850000000000006,136.35594177246094,125.66370391845703,4.3279567762003595,232.77433018571264,-107.38983548697361
0.7860000000000006,136.2499237060547,125.66370391845703,4.470047457116957,235.8184108029845,-124.78368351127035
0.7870000000000006,136.1350860595703,125.66370391845703,4.615037015161729,234.67801646918332,-148.68728323446194
0.7880000000000006,136.0068359375,125.66370391845703,4.76411152886687,217.8757887800701,-185.0945538207968
0.7890000000000006,135.86053466796875,125.66370391845703,4.914611579260257,124.0984097948045,-233.94274241910855
0.7900000000000006,135.69061279296875,125.66370391845703,5.025092274570063,21.70402231003453,-297.7927195868896
0.7910000000000006,135.4969024658203,125.66370391845703,5.10330749958073,-75.21054084745369,-361.84774946326905
0.7920000000000006,135.27833557128906,125.66370391845703,5.1563401673647995,-172.27131204165755,-428.6003585461698
0.7930000000000006,135.0347900390625,125.66370391845703,5.1876911405121415,-325.53731954376445,-495.29138642486106
0.7940000000000006,134.76609802246094,125.66370391845703,5.165064788784327,-464.84044390439067,-562.1418793464148
0.7950000000000006,134.4776611328125,125.66370391845703,5.097990194726924,-566.14495367019,-614.1260610501897
0.7960000000000006,134.17385864257812,125.66370391845703,5.002104454585797,-638.4897284299221,-653.9926445208795
0.7970000000000006,133.859619140625,125.66370391845703,4.887903858697442,-679.7226722689145,-680.50916988268
0.7980000000000006,133.53977966308594,125.66370391845703,4.7666116233175995,-780.5828702929095,-693.8380805768489
0.7990000000000006,133.2205352783203,125.66370391845703,4.589855137148607,-787.9833322344446,-690.7223972639649
0.8000000000000006,132.9077911376953,125.66370391845703,4.40781706049477,-753.4021448958164,-671.8573263307463
0.8010000000000006,132.60653686523438,125.66370391845703,4.239255645888101,-681.6886453608603,-639.9088655833774
0.8020000000000006,132.32028198242188,125.66370391845703,4.103414233144296,-657.0112576238258,-598.9016336298082
0.8030000000000006,132.05245971679688,125.66370391845703,3.9583858916576022,-557.16660630819,-549.081727901687
0.8040000000000006,131.80502319335938,125.66370391845703,3.8573229488927416,-431.40023275800087,-494.32966997748247
0.8050000000000006,131.5780792236328,125.66370391845703,3.8187926603249234,-289.70016569756103,-439.6393578873866
0.8060000000000006,131.36959838867188,125.66370391845703,3.8548909474544635,-216.59433918513756,-390.4817559607617
0.8070000000000006,131.17724609375,125.66370391845703,3.9079653448555063,-103.33877100470485,-347.5919608829986
0.8080000000000006,130.99740600585938,125.66370391845703,4.014212191972486,5.061369649386519,-314.4204624440808
0.8090000000000006,130.8250274658203,125.66370391845703,4.170882554201375,51.950053946425605,-294.47854373013934
0.8100000000000006,130.65264892578125,125.66370391845703,4.333251254062273,77.86709187098127,-294.1665003293612
0.8110000000000006,130.47744750976562,125.66370391845703,4.500085042535272,97.82668988201333,-301.1147032574181
0.8120000000000006,130.29420471191406,125.66370391845703,4.67143129172916,98.09560778659389,-321.73115887099783
0.8130000000000006,130.0977325439453,125.66370391845703,4.842527782472156,23.03257962985974,-355.6786130872009
0.8140000000000006,129.8817901611328,125.66370391845703,4.97325135070147,-71.57030276456878,-405.7365625073729
0.8150000000000006,129.64646911621094,125.66370391845703,5.06569070091725,-161.6301218952527,-455.2610089411643
0.8160000000000006,129.39060974121094,125.66370391845703,5.126894204585127,-254.32635697721753,-507.56098717159324
0.8170000000000006,129.1141815185547,125.66370391845703,5.159568049671588,-344.63097924588527,-559.6428386746095
0.8180000000000006,128.8181610107422,125.66370391845703,5.16693827488031,-523.4613061307653,-608.8850352838598
0.8190000000000006,128.50601196289062,125.66370391845703,5.094496449591305,-629.2073892073118,-648.899786901718
0.8200000000000006,128.18258666992188,125.66370391845703,4.983149198708242,-704.8655683018455,-676.2801395167719
0.8210000000000006,127.85343170166016,125.66370391845703,4.843422271349018,-747.2103249035437,-689.2299047481814
0.8220000000000006,127.52436828613281,125.66370391845703,4.686723151590126,-837.3450606297691,-687.3004682616473
0.8230000000000006,127.20238494873047,125.66370391845703,4.470075308023844,-837.1940336432949,-667.6059329375549
0.8240000000000006,126.89456176757812,125.66370391845703,4.2398466094454195,-790.283589720504,-630.1120829579885
0.8250000000000006,126.60720825195312,125.66370391845703,4.016466965514778,-700.7772511359241,-576.9118312288891
0.8260000000000006,126.34528350830078,125.66370391845703,3.822336057000851,-640.6717113191669,-511.51604313438196
0.8270000000000006,126.11317443847656,125.66370391845703,3.625693260561018,-509.7954940744337,-435.42743145690986
0.8280000000000006,125.9140396118164,125.66370391845703,3.479399092818129,-348.8096598096385,-351.73928706834505
0.8290000000000006,125.7491226196289,125.66370391845703,3.4077423901971495,-168.26808393408328,-265.26331851521866
0.8300000000000006,125.6174545288086,125.66370391845703,3.427092537555561,-38.64875361674387,-181.48339285397194
0.8310000000000006,125.51676177978516,125.66370391845703,3.486900439010908,119.85737537292755,-103.61750205202041
0.8320000000000006,125.44351196289062,125.66370391845703,3.614492435103267,271.84787421627584,-34.70533721052206
0.8330000000000006,125.392578125,125.66370391845703,3.8020106269616707,369.36424039273186,21.257230344157907
0.8340000000000006,125.35408782958984,125.66370391845703,4.0033295163441345,432.6930254660141,52.42567370133333
0.8350000000000006,125.32503509521484,125.66370391845703,4.209830234457098,483.43863242376057,76.06250204011019
0.8360000000000006,125.29888916015625,125.66370391845703,4.4163535747174,507.5908334328968,83.34850539855593
0.8370000000000006,125.26887512207031,125.66370391845703,4.6156812013363675,458.3575856480809,73.61476057687693
0.8380000000000006,125.22479248046875,125.66370391845703,4.771139271588696,372.50611272546774,38.34946400337191
0.8390000000000006,125.16533660888672,125.66370391845703,4.880398871991533,280.783013621764,-0.17368799361104678
0.8400000000000006,125.08751678466797,125.66370391845703,4.947922677241254,180.3989617089926,-46.11303314339722
0.8410000000000006,124.98944091796875,125.66370391845703,4.97683845373402,36.677847291563765,-96.71733528278769
0.8420000000000006,124.86674499511719,125.66370391845703,4.946443566323516,-123.73894784807678,-158.14295712289342
0.8430000000000006,124.72500610351562,125.66370391845703,4.852544616829122,-246.8550296747896,-205.47228165700602
0.8440000000000006,124.56877136230469,125.66370391845703,4.711248399381585,-337.25286744528364,-241.37670945972036
0.8450000000000006,124.40348815917969,125.66370391845703,4.53530265803286,-392.14443252982477,-263.58840049611365
0.8460000000000006,124.23554229736328,125.66370391845703,4.3377151235945774,-473.2524158259554,-269.8671641450347
0.8470000000000006,124.07103729248047,125.66370391845703,4.085980250188148,-482.0082866744439,-261.0220533725185
0.8480000000000006,123.91890716552734,125.66370391845703,3.817688612442873,-433.93855260841104,-230.05309607331125
0.8490000000000006,123.7872314453125,125.66370391845703,3.559460865526927,-337.43884608977226,-179.20265181873842
0.8500000000000006,123.6832275390625,125.66370391845703,3.338838039072504,-246.58085140053214,-110.61064392613467
0.8510000000000006,123.61138916015625,125.66370391845703,3.138695721780907,-101.94796926280569,-31.07187799693215
0.8520000000000006,123.57795715332031,125.66370391845703,3.006503906547804,83.36774020989247,63.880087222290804
0.8530000000000006,123.58635711669922,125.66370391845703,2.973299942303919,291.5942698858703,167.24680320655366
0.8540000000000006,123.6377182006836,125.66370391845703,3.0524047262474956,465.60823138234065,273.56101424693634
0.8550000000000006,123.7287826538086,125.66370391845703,3.1916921545789076,651.6560301122594,372.031703929559
0.8560000000000006,123.85820770263672,125.66370391845703,3.4017477303331294,833.3766264471474,467.4523071524412
0.8570000000000007,124.021240234375,125.66370391845703,3.665242773332878,958.326776348852,551.4466789081921
0.8580000000000007,124.20563507080078,125.66370391845703,3.92991804359889,1044.0019528927617,605.3755441035217
0.8590000000000007,124.40677642822266,125.66370391845703,4.1894962495655585,1106.5714741492072,648.0404766450293
0.8600000000000007,124.61793518066406,125.66370391845703,4.43588887470138,1115.0257953557805,674.1630292656496
0.8610000000000007,124.8217544555664,125.66370391845703,4.647461411820783,1040.2420428900161,656.9723341486268
0.8620000000000007,125.01195526123047,125.66370391845703,4.800535043716974,942.6083806296149,623.9565043266923
0.8630000000000007,125.18439483642578,125.66370391845703,4.8987774419397745,829.8228731352115,580.3980597224788
0.8640000000000007,125.33525085449219,125.66370391845703,4.945784571375547,705.9450123122026,527.0314408278998
0.8650000000000007,125.46066284179688,125.66370391845703,4.945487028350896,543.3816767270033,463.7240748262001
0.8660000000000007,125.55267333984375,125.66370391845703,4.883881152416259,356.5748762603164,380.23668244845715
0.8670000000000007,125.61471557617188,125.66370391845703,4.755800846887103,200.7274485377445,305.13303684859005
0.8680000000000007,125.65164947509766,125.66370391845703,4.5754150651207866,84.31335591665984,242.13463464194191
0.8690000000000007,125.66864776611328,125.66370391845703,4.358991772185316,7.232987855483909,192.08548577572617
0.8700000000000007,125.67259216308594,125.66370391845703,4.122161455899774,-77.09702595074805,159.28018505342433
0.8710000000000007,125.6683349609375,125.66370391845703,3.843696598841235,-104.93384631048373,138.64415119707516
0.8720000000000007,125.66719818115234,125.66370391845703,3.5533736111155587,-64.53361554642399,146.51562520297765
0.8730000000000007,125.67891693115234,125.66370391845703,3.2849559702023066,29.449645395290695,178.8220381021804
0.8740000000000007,125.7127685546875,125.66370391845703,3.071274954808428,132.96233702771073,234.51733554936126
0.8750000000000007,125.7733154296875,125.66370391845703,2.9055487017541655,279.2283906370643,301.8022275717566
0.8760000000000007,125.86975860595703,125.66370391845703,2.8303233252483855,472.45883014962175,392.3971055339155
0.8770000000000007,126.00711059570312,125.66370391845703,2.8719039163302025,666.1432003518848,495.9430003978333
0.8780000000000007,126.18133544921875,125.66370391845703,3.002072597752743,843.6686414450675,589.7033706932308
0.8790000000000007,126.3951416015625,125.66370391845703,3.2061282580514945,1037.572533391201,690.800318005638
0.8800000000000007,126.64885711669922,125.66370391845703,3.475426502492928,1196.2022609257342,793.318726643125
0.8810000000000007,126.92760467529297,125.66370391845703,3.75766459652924,1286.6425191657404,858.6552290423815
0.8820000000000007,127.22525787353516,125.66370391845703,4.026517472983325,1354.2576964305454,908.8214042346713
0.8830000000000007,127.53570556640625,125.66370391845703,4.278811421521156,1399.999276815394,943.7380192421148
0.8840000000000007,127.85275268554688,125.66370391845703,4.512924223402839,1379.1543494263499,963.0221983529607
0.8850000000000007,128.1565704345703,125.66370391845703,4.700913448889157,1275.8086625950198,931.4612331085182
0.8860000000000007,128.43865966796875,125.66370391845703,4.824836848690636,1145.504225064891,877.750043525026
0.8870000000000007,128.69326782226562,125.66370391845703,4.889453836601639,1002.8954796374079,808.8121384858478
0.8880000000000007,128.91732788085938,125.66370391845703,4.902001862864257,857.6394688167918,731.5336734951451
0.8890000000000007,129.10916137695312,125.66370391845703,4.869704506761379,680.1515864411301,649.4078982631486
0.8900000000000007,129.2567596435547,125.66370391845703,4.780942597989954,465.6987334257259,535.8654397514327
0.8910000000000007,129.36317443847656,125.66370391845703,4.626011871928692,283.6928684857905,429.7353930795623
0.8920000000000007,129.435302734375,125.66370391845703,4.419249015260899,150.1543808796068,341.29323380812264
0.8930000000000007,129.48143005371094,125.66370391845703,4.179104965737936,68.995757451669,274.0718116520037
0.8940000000000007,129.50950622558594,125.66370391845703,3.9257836153324224,-4.9215470907579455,227.39904317769842
0.8950000000000007,129.52188110351562,125.66370391845703,3.6469479502103948,-48.58646531865797,186.70321798400533
0.8960000000000007,129.5318603515625,125.66370391845703,3.3582060819197417,-18.266385893564944,180.5580726147805
0.8970000000000007,129.5520782470703,125.66370391845703,3.0961193647168797,77.2687879964119,207.13322909124025
0.8980000000000007,129.5924072265625,125.66370391845703,2.899551695085654,186.91054156024245,259.2746269258011
0.8990000000000007,129.65350341796875,125.66370391845703,2.762270606502282,310.45372756638375,313.2847016380761
0.9000000000000007,129.74476623535156,125.66370391845703,2.7094288575130663,484.17541474400394,391.79188707310533
0.9010000000000007,129.87379455566406,125.66370391845703,2.7713017281539516,661.315402432737,490.31771118842
0.9020000000000007,130.03070068359375,125.66370391845703,2.9075170677591173,795.5740395575165,563.3941180790036
0.9030000000000007,130.21621704101562,125.66370391845703,3.0955628901747154,939.7517329541143,638.7804055473414
0.9040000000000007,130.4298095703125,125.66370391845703,3.3316299367737177,1087.1338308011696,713.0700227791124
0.9050000000000007,130.6689453125,125.66370391845703,3.607750305144128,1165.0759486865684,781.2071738805026
0.9060000000000007,130.914306640625,125.66370391845703,3.8589491814219192,1185.630750239481,798.9745684663302
0.9070000000000007,131.15847778320312,125.66370391845703,4.085386330502858,1181.2895660606239,797.4285235336156
0.9080000000000007,131.3946990966797,125.66370391845703,4.287506673651151,1155.0264996637443,777.9887167424349
0.9090000000000007,131.6166229248047,125.66370391845703,4.466545129005065,1052.7884717787654,741.7482006440073
0.9100000000000007,131.80377197265625,125.66370391845703,4.5897630594641114,886.8780124360312,651.1899513727747
0.9110000000000007,131.95069885253906,125.66370391845703,4.651992795394558,707.9546881915337,545.7729991699406
0.9120000000000007,132.05538940429688,125.66370391845703,4.659752871272416,531.5011527736001,434.67691970916894
0.9130000000000007,132.11886596679688,125.66370391845703,4.621588660804254,370.30440753157063,326.02498668252986
0.9140000000000007,132.14463806152344,125.66370391845703,4.547583357493437,186.18340476358054,226.42475638156697
0.9150000000000007,132.12332153320312,125.66370391845703,4.421333805705384,-16.3436707375855,102.00686400187071
0.9160000000000007,132.06333923339844,125.66370391845703,4.238799066781166,-171.23679438449287,-0.1894879559007246
0.9170000000000007,131.97608947753906,125.66370391845703,4.01500905697861,-266.1155028952434,-72.17350003838126
0.9180000000000007,131.87449645996094,125.66370391845703,3.7694638180720283,-292.77534236270765,-109.98368571983819
0.9190000000000007,131.76898193359375,125.66370391845703,3.528771174994805,-314.82773587133136,-120.2529869093126
0.9200000000000007,131.66026306152344,125.66370391845703,3.2732353467858295,-311.28937387539634,-128.5646930798702
0.9210000000000007,131.561767578125,125.66370391845703,3.022676778816332,-239.21178434304616,-101.65323430636855
0.9220000000000007,131.48568725585938,125.66370391845703,2.8151389092841916,-103.38604561594997,-42.62757969635048
0.9230000000000007,131.4398193359375,125.66370391845703,2.6941103282677874,29.407893150309857,36.79390145571633
0.9240000000000007,131.41831970214844,125.66370391845703,2.633181931394454,158.08902951498766,100.84109980829427
0.9250000000000007,131.4266357421875,125.66370391845703,2.6543813807399057,321.142631259167,179.18091204261466
0.9260000000000007,131.467529296875,125.66370391845703,2.7755487447128733,463.909832894316,264.9013367902826
0.9270000000000007,131.52578735351562,125.66370391845703,2.942502080296505,556.8600193127484,310.70898181890163
0.9280000000000007,131.5992431640625,125.66370391845703,3.142091203841315,649.8691879279826,350.8887835937556
0.9290000000000007,131.6845703125,125.66370391845703,3.372313541511969,737.7975888594866,382.4166017733137
0.9300000000000007,131.77687072753906,125.66370391845703,3.628818973072609,751.2732242002573,401.0541582728258
0.9310000000000007,131.85501098632812,125.66370391845703,3.8533285361972536,706.5389896197518,364.0117414308896
0.9320000000000007,131.9131622314453,125.66370391845703,4.048854191807612,643.0646060636082,311.41466940984037
0.9330000000000007,131.94680786132812,125.66370391845703,4.217855886908848,566.4470366479103,246.83315354199092
0.9340000000000007,131.9524688720703,125.66370391845703,4.363483015952547,432.0787831341619,173.01427360147605
0.9350000000000007,131.9130401611328,125.66370391845703,4.459406607942779,241.25961157850688,53.97752956618315
0.9360000000000007,131.82908630371094,125.66370391845703,4.496845463850831,56.08273508108975,-63.439620312998535
0.9370000000000007,131.70445251464844,125.66370391845703,4.4828491004799496,-108.71794568895055,-170.53880451288094
0.9380000000000007,131.5453338623047,125.66370391845703,4.426757130545972,-242.4346070779558,-261.0806761681947
0.9390000000000007,131.3593292236328,125.66370391845703,4.3397991938005465,-379.39578923749684,-331.38423018453557
0.9400000000000007,131.1412811279297,125.66370391845703,4.209612521150217,-528.7532199938333,-414.9319684850803
0.9410000000000007,130.90322875976562,125.66370391845703,4.029089626673118,-620.6902724863918,-466.58300358100064
0.9420000000000007,130.65830993652344,125.66370391845703,3.814957285234027,-648.2566749573278,-483.7079484540011
0.9430000000000007,130.4191436767578,125.66370391845703,3.589319881026286,-609.1174577022309,-467.8315854029482
0.9440000000000007,130.19537353515625,125.66370391845703,3.3817207657933865,-566.919602778348,-427.0407934323363
0.9450000000000007,129.9850311279297,125.66370391845703,3.172965619707003,-510.25787126649004,-391.42888791380335
0.9460000000000007,129.7982940673828,125.66370391845703,2.9842008733237426,-396.336454947259,-329.6756273871898
0.9470000000000007,129.642822265625,125.66370391845703,2.8530551179875028,-234.15624941039553,-248.2281718445562
0.9480000000000007,129.52244567871094,125.66370391845703,2.81687644365494,-93.4770496074057,-157.12695491237858
0.9490000000000007,129.4263153076172,125.66370391845703,2.8323361052598206,30.636037066211635,-94.25091413479716
0.9500000000000007,129.35580444335938,125.66370391845703,2.91665215876381,174.82500554539195,-27.94476735425726
0.9510000000000007,129.3097381591797,125.66370391845703,3.0785769387586277,278.0127886987254,35.25902184388769
0.9520000000000007,129.2705535888672,125.66370391845703,3.260380872663091,328.68778195818334,53.03505769171866
0.9530000000000007,129.23519897460938,125.66370391845703,3.4552989700271426,375.34416024913935,62.91028910101007
0.9540000000000007,129.20013427734375,125.66370391845703,3.6637249922996533,415.5391831640191,63.624005905304976
0.9550000000000007,129.16091918945312,125.66370391845703,3.884727192001858,382.7010737731363,52.91681859647595
0.9560000000000007,129.0987091064453,125.66370391845703,4.0675076003051345,298.05944160793877,-6.518508637996939
0.9570000000000007,129.01126098632812,125.66370391845703,4.214008301891115,206.85297436227088,-71.65953069793278
0.9580000000000007,128.89794921875,125.66370391845703,4.328716896221244,116.363366160711,-138.2519031862259
0.9590000000000007,128.75926208496094,125.66370391845703,4.417093800438296,-13.43703594195691,-203.50492587426632
0.9600000000000007,128.58261108398438,125.66370391845703,4.4575766997373325,-187.734048283307,-300.84910593707014
0.9610000000000007,128.37335205078125,125.66370391845703,4.439470898952298,-338.23872251264976,-384.1367611060921
0.9620000000000007,128.13912963867188,125.66370391845703,4.372192441515631,-452.7343646599982,-447.4713641152059
0.9630000000000007,127.88874816894531,125.66370391845703,4.2680973504144095,-524.1314818388382,-487.93690978758326
0.9640000000000007,127.63119506835938,125.66370391845703,4.142019371251578,-593.3389590055493,-505.32444331299763
0.9650000000000007,127.36263275146484,125.66370391845703,3.980173173189898,-666.1381005063587,-532.3528758444277
0.9660000000000007,127.09496307373047,125.66370391845703,3.7812437734743614,-679.0507478191787,-529.001396343372
0.9670000000000007,126.83979797363281,125.66370391845703,3.5672699059879136,-630.6913948927834,-496.28522374012505
0.9680000000000007,126.6070785522461,125.66370391845703,3.3661626863581726,-524.8447477483573,-438.5946521351864
0.9690000000000007,126.40315246582031,125.66370391845703,3.2112389712638683,-438.9313290812527,-365.12025956590617
0.9700000000000008,126.22305297851562,125.66370391845703,3.0678284942758114,-337.741604480242,-304.48996173899735
0.9710000000000008,126.07319641113281,125.66370391845703,2.9703058591891907,-194.23901898596554,-227.92137709961162
0.9720000000000008,125.95740509033203,125.66370391845703,2.949489144789424,-62.85042053754701,-141.9221901768099
0.9730000000000008,125.86353302001953,125.66370391845703,2.973069888238287,35.10950278680439,-86.6478822624147
0.9740000000000008,125.79331970214844,125.66370391845703,3.041747444957061,152.52950342858622,-27.12066904309744
0.9750000000000008,125.74687957763672,125.66370391845703,3.165968522519722,248.67188213665213,32.686374936154486
0.9760000000000008,125.70773315429688,125.66370391845703,3.311865314631505,280.63355759217154,51.00125038680379
0.9770000000000008,125.67437744140625,125.66370391845703,3.457434196295292,313.18024100652804,65.53619171109051
0.9780000000000008,125.64546203613281,125.66370391845703,3.6064538121441605,347.33763204814045,76.6568430841046
0.9790000000000008,125.6192398071289,125.66370391845703,3.7624656824006637,342.1189841529662,83.42543285163217
0.9800000000000008,125.57867431640625,125.66370391845703,3.896236730575311,272.6029447485167,47.36310058071181
0.9810000000000008,125.52308654785156,125.66370391845703,3.991798472213443,203.92155696403267,9.609304328507479
0.9820000000000008,125.45343017578125,125.66370391845703,4.055637926624587,144.28982527571844,-25.702589234482282
0.9830000000000008,125.37165069580078,125.66370391845703,4.095999088137559,98.63424443352267,-56.08634638037899
0.9840000000000008,125.28012084960938,125.66370391845703,4.121830309571702,14.125699768037595,-80.5104199977863
0.9850000000000008,125.16741943359375,125.66370391845703,4.102536892781715,-94.33460387573699,-133.44118488832316
0.9860000000000008,125.03925323486328,125.66370391845703,4.039917057231269,-172.1205627765119,-171.99670379860623
0.9870000000000008,124.90270233154297,125.66370391845703,3.947415968872988,-212.08336704147024,-192.77334978959755
0.9880000000000008,124.76518249511719,125.66370391845703,3.84114569093597,-245.8795783391329,-195.0216914406304
0.9890000000000008,124.61952209472656,125.66370391845703,3.712178320368517,-302.5949584070522,-215.0941080839455
0.9900000000000008,124.4749755859375,125.66370391845703,3.5527245455577647,-310.33353010580106,-212.10501641844084
0.9910000000000008,124.34121704101562,125.66370391845703,3.384412454558284,-265.97854294574825,-185.0820031687368
0.9920000000000008,124.22711944580078,125.66370391845703,3.2337780635890727,-172.74285439802966,-136.0817595868856
0.9930000000000008,124.13976287841797,125.66370391845703,3.1295987861822625,-93.87012451049017,-69.62031940692228
0.9940000000000008,124.07099914550781,125.66370391845703,3.0373188638654574,-16.956162702744393,-23.452246970260862
0.9950000000000008,124.02703094482422,125.66370391845703,2.9810380161289407,97.60721995382829,38.03691546878997
0.9960000000000008,124.01256561279297,125.66370391845703,2.98491735693961,202.20150646309128,111.20761116852374
0.9970000000000008,124.01544952392578,125.66370391845703,3.0172744813779806,270.3316588979238,154.24488004926573
0.9980000000000008,124.03816986083984,125.66370391845703,3.074538993869349,358.34264867254575,203.47693898255085
0.9990000000000008,124.08257293701172,125.66370391845703,3.1680915096679003,463.0055902813637,257.36583239464164
1.0000000000000007,124.1491470336914,125.66370391845703,3.3047628525967228,520.7195343832999,312.54837673763075
1.0010000000000006,124.22183227539062,125.66370391845703,3.429464499047752,539.4714815905949,327.94438400081486
1.0020000000000004,124.29975891113281,125.66370391845703,3.5468043255048176,561.8890724375157,341.1891186349661
1.0030000000000003,124.38240051269531,125.66370391845703,3.6628628387614626,589.0766757267988,353.1490945488513
1.0040000000000002,124.468994140625,125.66370391845703,3.782887385552281,559.3957668970841,363.2577219441718
1.0050000000000001,124.5433349609375,125.66370391845703,3.861902738157661,493.4018727623686,332.96096516648015
1.006,124.60542297363281,125.66370391845703,3.905951335846985,435.16043753294673,302.61942487189583
1.007,124.65685272216797,125.66370391845703,3.924334986280822,391.4840664595635,276.1712010425506
1.0079999999999998,124.7000732421875,125.66370391845703,3.9274605191593968,320.3888639211773,255.81672274696163
1.0089999999999997,124.72283172607422,125.66370391845703,3.891866876755196,217.50799826955344,204.82435435315153
1.0099999999999996,124.72955322265625,125.66370391845703,3.814264634216954,143.03510110981398,164.8308253243249
1.0109999999999995,124.72660064697266,125.66370391845703,3.709193816542266,105.43348063134984,140.69807223637923
1.0119999999999993,124.72126770019531,125.66370391845703,3.5942886266098255,108.02296690701453,134.7452888658869
1.0129999999999992,124.72080993652344,125.66370391845703,3.4890963469294234,93.96634000245294,146.9081917866721
1.0139999999999991,124.7173080444336,125.66370391845703,3.3618808259354003,80.59137579864914,139.3220214764063
1.014999999999999,124.71884155273438,125.66370391845703,3.230858368920758,112.04295803387366,151.88057226389338
1.015999999999999,124.733642578125,125.66370391845703,3.1207898572012427,187.59979730595788,184.98429418911124
1.0169999999999988,124.7689208984375,125.66370391845703,3.0572634160238876,247.36077450944214,236.1478706551775
1.0179999999999987,124.8155288696289,125.66370391845703,3.0015681763309914,299.80140236262815,264.5307548532558
1.0189999999999986,124.87925720214844,125.66370391845703,2.9741554023187047,386.0554518808476,307.4165888054947
1.0199999999999985,124.96524810791016,125.66370391845703,2.995066748367039,464.02201833195585,363.2900944980164
1.0209999999999984,125.06195831298828,125.66370391845703,3.034390608685174,504.7329881571271,390.41164692046243
1.0219999999999982,125.17173767089844,125.66370391845703,3.0856668980081445,563.8448153036212,423.46894841260377
1.0229999999999981,125.29701232910156,125.66370391845703,3.160455725080944,641.0600874917983,462.7492946003176
1.023999999999998,125.43954467773438,125.66370391845703,3.267708464706085,684.037586281478,506.6057724493255
1.024999999999998,125.58477783203125,125.66370391845703,3.3641592541567147,686.4313246419649,514.0015269702815
1.0259999999999978,125.73219299316406,125.66370391845703,3.448545139311908,694.8960948476698,520.104491173051
1.0269999999999977,125.8820571899414,125.66370391845703,3.5289986450302915,712.4338801450813,526.929036713612
1.0279999999999976,126.03483581542969,125.66370391845703,3.613392125792649,691.8551826413741,534.9403085386812
1.0289999999999975,126.17565155029297,125.66370391845703,3.668461038729518,629.353051235047,505.38811006898123
1.0299999999999974,126.30437469482422,125.66370391845703,3.691338546681355,575.7967997735605,475.36844576883936
1.0309999999999973,126.42263793945312,125.66370391845703,3.6924007843464772,538.5502570643638,449.39413879254977
1.0319999999999971,126.53316497802734,125.66370391845703,3.683452881830154,488.4319138291358,430.24064857392517
1.032999999999997,126.62413787841797,125.66370391845703,3.6503989140086257,396.9245103030295,381.0401812954527
1.033999999999997,126.69878387451172,125.66370391845703,3.581037059730697,329.70701598026585,339.91303003597284
1.0349999999999968,126.762451171875,125.66370391845703,3.489866930484601,295.4482862062151,312.273371336043
1.0359999999999967,126.82167053222656,125.66370391845703,3.3944923369291944,297.95263790067224,301.1450676913068
1.0369999999999966,126.8832015991211,125.66370391845703,3.3141643056630574,290.1045325004781,307.15287071993805
1.0379999999999965,126.93824005126953,125.66370391845703,3.2222211647568706,269.03506117916766,290.83445530727766
1.0389999999999964,126.99334716796875,125.66370391845703,3.127587455585964,285.38379034794906,291.13345461834115
1.0399999999999963,127.05561828613281,125.66370391845703,3.0518156290813234,340.07720899892286,309.5115311407146
1.0409999999999962,127.1316146850586,125.66370391845703,3.0167679738349302,383.0410925874138,344.589041698724
1.041999999999996,127.21154022216797,125.66370391845703,2.9888554518203185,406.6503888151736,354.8080464245379
1.042999999999996,127.3000259399414,125.66370391845703,2.976772387805878,458.4077134056517,376.87753035404427
1.0439999999999958,127.40166473388672,125.66370391845703,2.9974172482347523,536.8008445923409,410.7161322103571
1.0449999999999957,127.52005004882812,125.66370391845703,3.064187025248579,581.6924099774004,453.8093046088979
1.0459999999999956,127.64219665527344,125.66370391845703,3.125722422068319,601.1917307354929,463.8789892130892
1.0469999999999955,127.76934051513672,125.66370391845703,3.1927100459235875,633.9482873434689,477.1369038633744
1.0479999999999954,127.90286254882812,125.66370391845703,3.2744702236548284,648.8850998960842,493.9746639838413
1.0489999999999953,128.0289306640625,125.66370391845703,3.3491922783929162,610.2553194630535,475.38629833636475
1.0499999999999952,128.1468963623047,125.66370391845703,3.399717175992419,577.2589700245277,455.11609884143456
1.050999999999995,128.2576446533203,125.66370391845703,3.4351025933518025,556.3094963133077,436.98885405730726
1.051999999999995,128.36288452148438,125.66370391845703,3.46573983295402,550.4957556944486,423.2270458692766
1.0529999999999948,128.4645538330078,125.66370391845703,3.5018935148099057,510.62369138123654,414.4485893701125
1.0539999999999947,128.54946899414062,125.66370391845703,3.5095898139179047,440.5624031753929,371.62567692430696
1.0549999999999946,128.6197509765625,125.66370391845703,3.49179078757368,388.4327567972191,334.21506611527786
1.0559999999999945,128.67906188964844,125.66370391845703,3.4609343135299904,360.0131901422136,306.1433611935429
1.0569999999999944,128.731689453125,125.66370391845703,3.430744132130466,321.3160311704312,289.08010575569864
1.0579999999999943,128.76699829101562,125.66370391845703,3.3832252365936384,250.2527054342851,244.5478650575716
1.0589999999999942,128.7896728515625,125.66370391845703,3.3117063117495253,207.6097183228116,212.07362504121568
1.059999999999994,128.80581665039062,125.66370391845703,3.231940558513089,198.88762552659085,195.28852988067462
1.060999999999994,128.82188415527344,125.66370391845703,3.1621195786556147,224.6757345969082,195.11335631699478
1.0619999999999938,128.84371948242188,125.66370391845703,3.1207611449812327,229.3182929229723,209.9784404458126
1.0629999999999937,128.861572265625,125.66370391845703,3.069636442321014,223.07881915356862,199.80339573819782
1.0639999999999936,128.88087463378906,125.66370391845703,3.0244034713224988,247.64222132121603,203.52205172311932
1.0649999999999935,128.9069061279297,125.66370391845703,3.003122519442864,301.82324104346463,220.94714559502978
1.0659999999999934,128.9438934326172,125.66370391845703,3.0221137330147223,326.8214782872943,249.2665963861546
1.0669999999999933,128.98011779785156,125.66370391845703,3.0349381716438892,333.2628978544164,247.37376128520089
1.0679999999999932,129.01866149902344,125.66370391845703,3.055954989260285,360.53086520075897,253.42188790762592
1.068999999999993,129.0624237060547,125.66370391845703,3.0980565698232856,377.9109684764462,267.0262542726866
1.069999999999993,129.09866333007812,125.66370391845703,3.1413854172362856,347.30868167519304,247.64406738570526
1.0709999999999928,129.12892150878906,125.66370391845703,3.1706189044923505,330.50596928322057,232.28197525357157
1.0719999999999927,129.15570068359375,125.66370391845703,3.1966789400020783,331.6211785263948,223.33110221135215
1.0729999999999926,129.1815948486328,125.66370391845703,3.2313006722873436,350.98300226300915,221.13987103153596
1.0739999999999925,129.2086944580078,125.66370391845703,3.2851312316183825,333.69746837660296,224.2565492451682
1.0749999999999924,129.2237548828125,125.66370391845703,3.316595393543113,289.56777650249063,193.2147264168448
1.0759999999999923,129.22906494140625,125.66370391845703,3.333446952471967,262.22505604264745,168.00236337408063
1.0769999999999922,129.2276153564453,125.66370391845703,3.347156737733216,254.49618139693018,150.49828210155192
1.077999999999992,129.2222442626953,125.66370391845703,3.3693412203577893,221.28852199868462,140.39769793194952
1.078999999999992,129.200927734375,125.66370391845703,3.3699828818130206,158.1491695584218,99.16610722841574
1.0799999999999919,129.16737365722656,125.66370391845703,3.349337951095919,117.41910859091679,67.51689251445292
1.0809999999999917,129.126220703125,125.66370391845703,3.3204821241261446,103.21710404742862,47.88434299291894
1.0819999999999916,129.08212280273438,125.66370391845703,3.297799374506101,82.37552560628558,40.229038406646296
1.0829999999999915,129.0247344970703,125.66370391845703,3.2643360278879165,27.63843825717577,5.909881691728029
1.0839999999999914,128.95928955078125,125.66370391845703,3.211622949022544,1.6647359310293126,-14.870264709965136
1.0849999999999913,128.89173889160156,125.66370391845703,3.1551767442980356,7.997604456535525,-20.326901185891614
1.0859999999999912,128.82765197753906,125.66370391845703,3.112559648786913,45.39074199913772,-11.361677957679163
1.086999999999991,128.7714385986328,125.66370391845703,3.1009889697780952,56.360982465509835,8.887831191848768
1.087999999999991,128.71275329589844,125.66370391845703,3.0795394142246955,53.57602338226098,2.4861387860937816
1.0889999999999909,128.65606689453125,125.66370391845703,3.0628249961404994,77.57554599341991,7.646055359488732
1.0899999999999908,128.60543823242188,125.66370391845703,3.0667581386678133,126.49619734378177,23.19788021603537
1.0909999999999906,128.56356811523438,125.66370391845703,3.105445168055077,140.6374590303078,45.68522808362104
1.0919999999999905,128.51829528808594,125.66370391845703,3.1322806714519245,134.54585602348473,36.94878857098693
1.0929999999999904,128.472412109375,125.66370391845703,3.1602873522196813,147.6889620670312,35.33555606114421
1.0939999999999903,128.42845153808594,125.66370391845703,3.201638821782318,179.1470981152376,40.27728808435553
1.0949999999999902,128.3879852294922,125.66370391845703,3.266878703195284,169.47320120487873,49.1901750819199
1.09599999999999,128.33799743652344,125.66370391845703,3.3099136517814682,136.1244096925201,24.75611292461928
1.09699999999999,128.28086853027344,125.66370391845703,3.3415419160273636,119.47571920652118,6.430454235252824
1.0979999999999899,128.21929931640625,125.66370391845703,3.3727878495576973,120.91172878568891,-5.033338069484738
1.0989999999999898,128.15542602539062,125.66370391845703,3.41433931435156,88.40554589475127,-10.904476354713205
1.0999999999999897,128.07723999023438,125.66370391845703,3.429879909995054,30.392776071477705,-47.56890491074912
1.1009999999999895,127.98847961425781,125.66370391845703,3.424243084386586,-5.89019979598803,-74.63317415602947
1.1019999999999894,127.89348602294922,125.66370391845703,3.4098598098372817,-17.296614002797547,-90.53142814903195
1.1029999999999893,127.79633331298828,125.66370391845703,3.400106042326287,-44.00427488221509,-96.00194648463984
1.1039999999999892,127.68681335449219,125.66370391845703,3.372025754993135,-99.0667896881486,-127.5270999684829
1.104999999999989,127.57040405273438,125.66370391845703,3.3221583466725666,-124.79739391450423,-144.99171724937912
1.105999999999989,127.45306396484375,125.66370391845703,3.2656865429580404,-118.2510797959762,-147.26558603521886
1.1069999999999889,127.34019470214844,125.66370391845703,3.2197171019525546,-111.0266025859222,-135.77609105081373
1.1079999999999888,127.22239685058594,125.66370391845703,3.171152759459839,-137.18523783658736,-148.20522949642032
1.1089999999999887,127.10551452636719,125.66370391845703,3.1101908139301506,-131.59166710472297,-145.7578300227615
1.1099999999999886,126.99542236328125,125.66370391845703,3.054541651739297,-92.96588793613786,-128.41972527966982
1.1109999999999884,126.89701843261719,125.66370391845703,3.0235877275269245,-24.857910449985805,-98.68625258932563
1.1119999999999883,126.81346130371094,125.66370391845703,3.035055826536574,10.030358863897604,-60.96669427571067
1.1129999999999882,126.73375701904297,125.66370391845703,3.0409708918468894,31.135733447472568,-51.18583327120655
1.113999999999988,126.66114044189453,125.66370391845703,3.0587722909077932,74.35622153653297,-33.208184957215465
1.114999999999988,126.59808349609375,125.66370391845703,3.1022246542674035,102.66246931006975,-8.999042429625081
1.115999999999988,126.53180694580078,125.66370391845703,3.146314884354257,87.0857778457601,-17.178766461853453
1.1169999999999878,126.46459197998047,125.66370391845703,3.180168358162377,87.75562614602082,-19.52722646371868
1.1179999999999877,126.39907836914062,125.66370391845703,3.215099026913869,106.7702316775641,-15.247244501484843
1.1189999999999876,126.3374252319336,125.66370391845703,3.2626492035322445,110.34029840241244,-5.480849181090297
1.1199999999999875,126.26688385009766,125.66370391845703,3.3016456765368942,67.88383926156871,-27.949975811909106
1.1209999999999873,126.19013214111328,125.66370391845703,3.3187893622091997,42.431138306391276,-43.615479967644475
1.1219999999999872,126.11063385009766,125.66370391845703,3.3254228836246553,38.20289707793208,-50.54203087105869
1.1229999999999871,126.03179168701172,125.66370391845703,3.3342514959871075,55.454867799632325,-48.85913743723666
1.123999999999987,125.95630645751953,125.66370391845703,3.357557085120182,38.39551290296325,-40.3737727415986
1.124999999999987,125.8729248046875,125.66370391845703,3.355842197369413,2.2493620997908526,-60.25316008754357
1.1259999999999868,125.78575134277344,125.66370391845703,3.3384341806871256,-9.873294715006432,-69.7834160726607
1.1269999999999867,125.69913482666016,125.66370391845703,3.319175297794593,3.534748061764951,-68.32139691767742
1.1279999999999866,125.61686706542969,125.66370391845703,3.3123023894275683,-6.125230312823263,-57.38714972958497
1.1289999999999865,125.52849578857422,125.66370391845703,3.2862448545383494,-37.423130824235926,-72.69001856251711
1.1299999999999863,125.43891143798828,125.66370391845703,3.245442018799801,-41.005734787195834,-75.67808188406852
1.1309999999999862,125.35323333740234,125.66370391845703,3.2055632334902615,-15.500083075959392,-65.87252632559147
1.1319999999999861,125.27584075927734,125.66370391845703,3.1830904634777104,-4.639468456007744,-45.072219348504625
1.132999999999986,125.19648742675781,125.66370391845703,3.1511823491323643,-19.172604837116424,-49.97583961866262
1.133999999999986,125.12004089355469,125.66370391845703,3.1107494963290354,-5.655121998559327,-42.677192349648145
1.1349999999999858,125.0514144897461,125.66370391845703,3.0784826297793257,36.52190409102513,-23.11122539388424
1.1359999999999857,124.99465942382812,125.66370391845703,3.07142463730183,64.03912178909106,6.547397107303999
1.1369999999999856,124.93877410888672,125.66370391845703,3.061302545531063,62.23761140502799,8.72323016367726
1.1379999999999855,124.88772583007812,125.66370391845703,3.047652655128932,84.68700271112348,20.784374489488656
1.1389999999999854,124.84547424316406,125.66370391845703,3.045838543665866,131.688385272612,42.730401959101684
1.1399999999999852,124.81513977050781,125.66370391845703,3.0707121482511464,158.18444244096727,72.4743981076016
1.1409999999999851,124.78469848632812,125.66370391845703,3.089660449683954,152.5094677137633,72.16578520513013
1.141999999999985,124.75706481933594,125.66370391845703,3.1020995377154317,166.40283298010144,79.16978036455097
1.142999999999985,124.73540496826172,125.66370391845703,3.1211228686497527,200.98246506706772,94.04136784041197
1.1439999999999848,124.72230529785156,125.66370391845703,3.15939242530601,211.8620455477494,115.37868614862089
1.1449999999999847,124.70530700683594,125.66370391845703,3.184524675581033,189.05239334605182,105.6405892731643
1.1459999999999846,124.68709564208984,125.66370391845703,3.1950725020933985,184.45179333680048,102.59690340518384
1.1469999999999845,124.67092895507812,125.66370391845703,3.203513819762352,200.69553027709628,107.68033602682536
1.1479999999999844,124.65985107421875,125.66370391845703,3.222708670982238,198.62511571827315,120.35397950755066
1.1489999999999843,124.64200592041016,125.66370391845703,3.2266532206823664,161.90483499826652,103.46623931104868
1.1499999999999841,124.62078094482422,125.66370391845703,3.210568068906695,146.39093948609354,95.00830601855864
1.150999999999984,124.60035705566406,125.66370391845703,3.18807985087751,155.79559436406728,96.99246975664332
1.151999999999984,124.58488464355469,125.66370391845703,3.1740646174739573,158.09954532384262,109.31685487080215
1.1529999999999838,124.5635757446289,125.66370391845703,3.1507834977182165,124.4239177038825,94.76358202916154
1.1539999999999837,124.54070281982422,125.66370391845703,3.108883529298834,116.03328499732442,90.84159673877198
1.1549999999999836,124.52130889892578,125.66370391845703,3.063934522654377,136.52467933416912,99.4811521416295
1.1559999999999835,124.51030731201172,125.66370391845703,3.033239971718421,185.05173843476214,120.36854314413067
1.1569999999999834,124.51171875,125.66370391845703,3.0332423641519153,203.13465165956413,151.28800535277168
1.1579999999999833,124.51468658447266,125.66370391845703,3.0184015409866825,208.55638979338755,155.15273187615892
1.1589999999999832,124.52313995361328,125.66370391845703,3.006038522657676,238.36929582148554,168.84161333974973
1.159999999999983,124.54097747802734,125.66370391845703,3.0116429914334883,262.14575748316565,192.2181726890187
1.160999999999983,124.55685424804688,125.66370391845703,3.016608489459706,245.67063104441968,187.3802794059125
1.1619999999999828,124.57383728027344,125.66370391845703,3.0090269473703692,249.4405948302566,190.16492642760187
1.1629999999999827,124.59571838378906,125.66370391845703,3.0029915596027643,276.6817513134754,202.408043287782
1.1639999999999826,124.62621307373047,125.66370391845703,3.0134167689714215,298.3611953238503,223.92023596870024
1.1649999999999825,124.65391540527344,125.66370391845703,3.022867194578559,278.1588368835538,217.02740358734326
1.1659999999999824,124.6816177368164,125.66370391845703,3.017762958651064,277.0671727453017,217.08056115816342
1.1669999999999823,124.71297454833984,125.66370391845703,3.0117864523502336,298.8541635697759,226.24510991941327
1.1679999999999822,124.75169372558594,125.66370391845703,3.0196632447830707,343.2814161597174,244.69591533197175
1.168999999999982,124.80085754394531,125.66370391845703,3.0546922229858673,353.80341464547405,270.8619988461619
1.169999999999982,124.84841918945312,125.66370391845703,3.07047567088868,345.36183530442713,266.9885273533136
1.1709999999999818,124.89707946777344,125.66370391845703,3.080664472562423,355.8556549560876,269.8274912651448
1.1719999999999817,124.94992065429688,125.66370391845703,3.0983071084203875,386.28109988227385,280.41437371237197
1.1729999999999816,125.00967407226562,125.66370391845703,3.135442552892953,381.84390186278347,297.8215324652262
1.1739999999999815,125.06409454345703,125.66370391845703,3.148178688936869,357.00992201912896,284.6455474951168
1.1749999999999814,125.11579132080078,125.66370391845703,3.1483133006833337,350.8128571848781,277.9459861533082
1.1759999999999813,125.16806030273438,125.66370391845703,3.148906731406729,365.58273799390855,279.51947193374053
1.1769999999999812,125.22413635253906,125.66370391845703,3.162863281110674,352.2384101280774,289.1659295666936
1.177999999999981,125.27244567871094,125.66370391845703,3.153364142813583,317.07964637898715,269.8454450157616
1.178999999999981,125.31627655029297,125.66370391845703,3.128044610198295,303.6169554334236,258.71265239389726
1.1799999999999808,125.35977935791016,125.66370391845703,3.101301769379903,314.940743822522,257.995482232847
1.1809999999999807,125.40714263916016,125.66370391845703,3.0881190130838703,308.6961659877865,267.78430524595
1.1819999999999806,125.44776153564453,125.66370391845703,3.0590638865188127,278.50176653710525,250.96218437144614
1.1829999999999805,125.48564147949219,125.66370391845703,3.0170268016878046,273.08977293349943,244.1536405348878
1.1839999999999804,125.52558135986328,125.66370391845703,2.9780197880296937,295.28619566754315,249.42238476945127
1.1849999999999803,125.57231140136719,125.66370391845703,2.958848643890187,306.44819190157455,266.5851506958444
1.1859999999999802,125.6156005859375,125.66370391845703,2.9333049932708324,290.7838786753196,258.0378069082958
1.18699999999998,125.6594009399414,125.66370391845703,2.901069241026173,299.5269826593805,259.3994142934337
1.18799999999998,125.7082748413086,125.66370391845703,2.8784351460062014,334.76474443604286,272.28581654322124
1.1889999999999799,125.76656341552734,125.66370391845703,2.8818484349561664,357.66041192009527,296.1045081538234
1.1899999999999797,125.8235092163086,125.66370391845703,2.882810057099707,350.60937616667934,292.85632011701296
1.1909999999999796,125.88214874267578,125.66370391845703,2.879595191106485,363.9506862283773,297.27509533995436
1.1919999999999795,125.94611358642578,125.66370391845703,2.8866028774184254,399.59875370059075,310.8412814363584
1.1929999999999794,126.01878356933594,125.66370391845703,2.9177977545128466,417.9836788296902,332.9878685329722
1.1939999999999793,126.08856201171875,125.66370391845703,2.942267782478187,403.47200223974045,325.8899142116302
1.1949999999999792,126.15750885009766,125.66370391845703,2.9573191179181,405.12481178565895,323.9883487541903
1.195999999999979,126.22846221923828,125.66370391845703,2.9754420609337315,425.7646471977933,329.24294856674805
1.196999999999979,126.30426788330078,125.66370391845703,3.0091149851951573,428.8611511422792,341.70708445958695
1.1979999999999789,126.37310028076172,125.66370391845703,3.031154275355026,396.3191433203139,324.28278791392825
1.1989999999999787,126.43684387207031,125.66370391845703,3.0359539890585068,379.25986749066703,311.6024426623582
1.1999999999999786,126.49848175048828,125.66370391845703,3.0358337401853,381.94974953337464,306.42262362360134
1.2009999999999785,126.5613021850586,125.66370391845703,3.043999383656983,375.42828265195243,309.58263472317674
1.2019999999999784,126.61425018310547,125.66370391845703,3.042397488678619,330.57627762793817,284.7329005298512
1.2029999999999783,126.65998077392578,125.66370391845703,3.0196435379957935,304.42295221390185,266.55825128877035
1.2039999999999782,126.70240020751953,125.66370391845703,2.989231039651554,302.1067423285496,258.2750715670021
1.204999999999978,126.7458724975586,125.66370391845703,2.9664122025499147,324.8010308163051,261.03073609013387
1.205999999999978,126.79443359375,125.66370391845703,2.966140396215777,322.6060458210746,274.0450363333609
1.2069999999999779,126.83741760253906,125.66370391845703,2.9492217156118583,302.8753355354591,259.99485724669887
1.2079999999999778,126.87846374511719,125.66370391845703,2.9268122490878516,305.92369263401423,255.18452394425074
1.2089999999999776,126.9217300415039,125.66370391845703,2.9139990472547086,333.0720661723274,260.90053911083544
1.2099999999999775,126.97098541259766,125.66370391845703,2.9253880288923293,336.65194967322986,276.2306869914143
1.2109999999999774,127.01524353027344,125.66370391845703,2.922929890479479,318.7144643693429,263.63329400416075
1.2119999999999773,127.05764770507812,125.66370391845703,2.9147106603130073,321.3106111709828,259.0255409494141
1.2129999999999772,127.10187530517578,125.66370391845703,2.9148283660762178,345.9831606296731,263.73916301819565
1.213999999999977,127.15126037597656,125.66370391845703,2.9368927023779285,347.42773621922805,276.9904219913623
1.214999999999977,127.1944580078125,125.66370391845703,2.944782374474974,323.6331963880494,261.3460893071399
1.2159999999999769,127.23419952392578,125.66370391845703,2.943342960741539,318.495252553068,252.63626495671508
1.2169999999999768,127.27386474609375,125.66370391845703,2.9458419432432144,334.2761374964117,252.53393585931116
1.2179999999999767,127.31668090820312,125.66370391845703,2.96548181409104,330.0549075435711,260.6502788889321
1.2189999999999765,127.35132598876953,125.66370391845703,2.9711202103077445,297.0544741201474,239.90108899243836
1.2199999999999764,127.38055419921875,125.66370391845703,2.963137964064915,282.7361111799794,226.18780631311853
1.2209999999999763,127.40796661376953,125.66370391845703,2.954788817590158,290.2187610286306,221.5996385404792
1.2219999999999762,127.4371337890625,125.66370391845703,2.9599050956405955,284.98159251738537,226.1362052248475
1.222999999999976,127.45721435546875,125.66370391845703,2.954728033567091,247.33720612932285,202.99918011588895
1.223999999999976,127.47138977050781,125.66370391845703,2.933877193616775,229.97619021164184,187.9842093983774
1.2249999999999759,127.4837417602539,125.66370391845703,2.9112381989681135,236.4985472767279,183.35422017718406
1.2259999999999758,127.49838256835938,125.66370391845703,2.9018527499726114,238.79176832568822,189.2052318402998
1.2269999999999757,127.50498962402344,125.66370391845703,2.8891824084530464,204.81897891903535,168.73779956452043
1.2279999999999756,127.50709533691406,125.66370391845703,2.861940671735805,192.37776200505806,157.27049082807721
1.2289999999999754,127.50906372070312,125.66370391845703,2.834669472209625,205.01604876724156,156.9096227692784
1.2299999999999753,127.51519775390625,125.66370391845703,2.823328367229616,242.2265079838336,167.55605580837755
1.2309999999999752,127.52902221679688,125.66370391845703,2.8427570947296803,251.6121614050609,187.1851268453017
1.2319999999999751,127.53955078125,125.66370391845703,2.8487476924916026,243.28796858332794,178.78403925723902
1.232999999999975,127.54987335205078,125.66370391845703,2.8545318356781118,254.86681593152076,178.2826429384138
1.233999999999975,127.56320190429688,125.66370391845703,2.87362907203288,286.40495286944343,185.98096168529457
1.2349999999999748,127.58206939697266,125.66370391845703,2.9181997199143703,285.9246570918712,200.13620595626523
1.2359999999999747,127.59461212158203,125.66370391845703,2.9438880545198955,263.85078824201014,184.0174745336084
1.2369999999999746,127.60318756103516,125.66370391845703,2.9615534971586666,258.37555012761214,173.92285200764542
1.2379999999999745,127.61058044433594,125.66370391845703,2.9831833772072844,270.91478920589145,170.89733981538257
1.2389999999999743,127.61919403076172,125.66370391845703,3.020244242020044,254.45197876517125,174.02736407494024
1.2399999999999742,127.61731719970703,125.66370391845703,3.0353073881750663,213.2931207059018,147.26816249522224
1.2409999999999741,127.60771942138672,125.66370391845703,3.034124763457063,190.07848972232384,127.53230778391253
1.241999999999974,127.59385681152344,125.66370391845703,3.0291058981693806,187.7191799085092,116.64414082051968
1.242999999999974,127.57910919189453,125.66370391845703,3.033224410601163,168.39843368228,114.35790751700142
1.2439999999999738,127.55284881591797,125.66370391845703,3.0203062694507046,120.91997169655778,84.97687095316272
1.2449999999999737,127.51895904541016,125.66370391845703,2.988357420928168,95.90853035721267,65.4892562263463
1.2459999999999736,127.4820785522461,125.66370391845703,2.9514335134572347,96.77171509123384,57.8382681480511
1.2469999999999735,127.44673156738281,125.66370391845703,2.92507913212533,94.35753815063025,61.70357130780938
1.2479999999999734,127.40325927734375,125.66370391845703,2.8932741736071743,59.4409623102254,40.99747186000103
1.2489999999999732,127.35624694824219,125.66370391845703,2.846654250500854,49.97789065184207,31.94888771911207
1.2499999999999731,127.31080627441406,125.66370391845703,2.801098451350841,68.69666381474663,35.92495846486717
1.250999999999973,127.27166748046875,125.66370391845703,2.774232906633529,114.06686599627102,51.96410516217217
1.251999999999973,127.2424545288086,125.66370391845703,2.782635337277782,132.04962118517452,77.17621024672916
1.2529999999999728,127.21276092529297,125.66370391845703,2.780895799892195,135.5852826189706,75.95569752686762
1.2539999999999727,127.18603515625,125.66370391845703,2.784844754278957,160.5204492124398,83.46757902917136
1.2549999999999726,127.1654052734375,125.66370391845703,2.808801509378429,178.83834219354355,98.95903469009451
1.2559999999999725,127.13957214355469,125.66370391845703,2.8341954809622227,155.69671487250338,85.70516692214952
1.2569999999999724,127.1110610961914,125.66370391845703,2.846934778097366,149.12562947608274,78.86170970279905
1.2579999999999723,127.08296203613281,125.66370391845703,2.859318997882342,162.11827853043533,79.90714322065197
1.2589999999999721,127.0582046508789,125.66370391845703,2.8844917958873943,194.01330637809883,88.36558535477319
1.259999999999972,127.03887939453125,125.66370391845703,2.9342179135797726,192.2791203221733,102.14658507603271
1.260999999999972,127.01323699951172,125.66370391845703,2.9638375279382387,169.24210833763505,86.08298304487722
1.2619999999999718,126.98373413085938,125.66370391845703,2.9840863921489045,162.8011466175126,76.24617616013744
1.2629999999999717,126.9531021118164,125.66370391845703,3.00677338591455,174.15611326426423,73.36219667892566
1.2639999999999716,126.92362976074219,125.66370391845703,3.043282984912143,156.1194941233582,76.27125433481808
1.2649999999999715,126.88396453857422,125.66370391845703,3.0565932593851253,114.3642988462555,50.38478094841609
1.2659999999999714,126.83722686767578,125.66370391845703,3.0522660284488823,91.60504548662074,32.41761248390159
1.2669999999999713,126.787109375,125.66370391845703,3.042863735834985,90.48856306263997,23.8249964610273
1.2679999999999712,126.73707580566406,125.66370391845703,3.0416492314596906,73.15381941268552,24.02167568435047
1.268999999999971,126.67697143554688,125.66370391845703,3.023059452701516,28.964003244128158,-1.5161806162453306
1.269999999999971,126.61109924316406,125.66370391845703,2.9850628983532603,8.743720824050946,-16.13638981646226
1.2709999999999708,126.54432678222656,125.66370391845703,2.9421972047500007,15.38579273545784,-18.419789563012664
1.2719999999999707,126.48120880126953,125.66370391845703,2.910601678074881,18.924145978784047,-9.175500870657833
1.2729999999999706,126.41239166259766,125.66370391845703,2.8740347056580817,-8.674641497524851,-23.60335977609904
1.2739999999999705,126.3426513671875,125.66370391845703,2.8239089421514647,-9.909576012034336,-25.922427285607466
1.2749999999999704,126.27709197998047,125.66370391845703,2.7767409593566876,17.227414803766735,-15.348622112858065
1.2759999999999703,126.22026062011719,125.66370391845703,2.750692670227805,70.50287914370196,6.652590768460255
1.2769999999999702,126.17538452148438,125.66370391845703,2.762532579195296,93.69728999832074,36.820680236879994
1.27799999999997,126.13215637207031,125.66370391845703,2.763934561960718,104.32068185155264,40.955329745466344
1.27899999999997,126.09381866455078,125.66370391845703,2.772982786365464,135.67144812481385,53.260311934026966
1.2799999999999698,126.06317138671875,125.66370391845703,2.8037515203860233,156.15391182381723,72.64781113378538
1.2809999999999697,126.02879333496094,125.66370391845703,2.8333067265629395,137.6057002108621,63.208027092191266
1.2819999999999696,125.99310302734375,125.66370391845703,2.8508343536115133,135.17064552707382,59.8651749337849
1.2829999999999695,125.958984375,125.66370391845703,2.86846325621969,151.40647386609544,63.82825464254001
1.2839999999999694,125.9291000366211,125.66370391845703,2.898893339743862,158.29085716721352,74.44701992560078
1.2849999999999693,125.89205932617188,125.66370391845703,2.923744859784524,123.59575325151596,56.40693763774436
1.2859999999999692,125.8504638671875,125.66370391845703,2.928812337303037,105.38145755820223,44.91648121007495
1.286999999999969,125.80767822265625,125.66370391845703,2.926168746366489,107.57419898928936,41.91679998727931
1.287999999999969,125.76709747314453,125.66370391845703,2.9293467887270985,130.43251763184657,47.4261637589551
1.2889999999999688,125.7314682006836,125.66370391845703,2.9513798097576025,125.03046849513775,59.84870788658112
1.2899999999999687,125.69002532958984,125.66370391845703,2.9530320801184478,99.8886080458725,45.22458541395826
1.2909999999999686,125.64616394042969,125.66370391845703,2.9430336757218107,95.2413847807176,39.100257914238355
1.2919999999999685,125.6035385131836,125.66370391845703,2.935057166795944,112.42503210981226,42.20854663818254
1.2929999999999684,125.56535339355469,125.66370391845703,2.94286756477838,107.60043670379949,53.319331974517006
1.2939999999999683,125.52119445800781,125.66370391845703,2.9331901472769735,80.23561227659256,38.30896744094967
1.2949999999999682,125.47481536865234,125.66370391845703,2.9102728472735415,74.89938400039046,32.70792633783563
1.295999999999968,125.4303207397461,125.66370391845703,2.8885738148323163,93.32145003859927,37.41899735807783
1.296999999999968,125.39137268066406,125.66370391845703,2.8831254345432193,96.60087382266921,51.314777672896945
1.2979999999999678,125.34788513183594,125.66370391845703,2.866048907841587,74.16081927412756,39.8907628536267
1.2989999999999677,125.30377197265625,125.66370391845703,2.837281707417832,74.63226800881951,38.32554729217621
1.2999999999999676,125.26332092285156,125.66370391845703,2.8120401659497145,99.69463873438892,47.45736546870204
1.3009999999999675,125.23030853271484,125.66370391845703,2.806227530537626,113.44684500589896,66.07461159418098
1.3019999999999674,125.19456481933594,125.66370391845703,2.794534477236467,98.2349448092476,59.22342347538905
1.3029999999999673,125.15977478027344,125.66370391845703,2.773788872593693,104.92452183942302,61.577100422728414
1.3039999999999672,125.12992095947266,125.66370391845703,2.7591118704270583,135.077958706116,73.91027462082621
1.304999999999967,125.10850524902344,125.66370391845703,2.766048245685836,153.93179291040397,95.0008580350369
1.305999999999967,125.08495330810547,125.66370391845703,2.7692027308106844,140.97596223260746,89.64733162761397
1.3069999999999669,125.06240844726562,125.66370391845703,2.763448974126753,147.57468007844489,92.13731398785742
1.3079999999999667,125.04438781738281,125.66370391845703,2.7628881026274392,175.55684553087272,103.42093007209616
1.3089999999999666,125.03401184082031,125.66370391845703,2.7819006781464877,191.40200639155714,122.53580393428149
1.3099999999999665,125.02037048339844,125.66370391845703,2.795550930217982,173.10838100031302,114.37101179386804
1.3109999999999664,125.00621032714844,125.66370391845703,2.796862529487492,172.54848266606473,113.0507321838927
1.3119999999999663,124.99481964111328,125.66370391845703,2.7990527484278998,192.2841783714526,119.95344289478481
1.3129999999999662,124.98928833007812,125.66370391845703,2.8159394953816568,202.03743693448033,134.59166034719738
1.313999999999966,124.9787826538086,125.66370391845703,2.8262860911851844,175.568509697842,122.15977024955153
1.314999999999966,124.96609497070312,125.66370391845703,2.82010978889427,166.91930343532673,116.67118595305189
1.3159999999999659,124.95471954345703,125.66370391845703,2.8106375766055463,179.47156257281333,119.95580150449241
1.3169999999999658,124.94815063476562,125.66370391845703,2.812277196620453,212.9454386793821,131.95357989959282
1.3179999999999656,124.94920349121094,125.66370391845703,2.8383632638765968,214.40421350336302,151.00203626153422
1.3189999999999655,124.94707489013672,125.66370391845703,2.8427157837357733,200.79113829883804,143.0394673511576
1.3199999999999654,124.94477081298828,125.66370391845703,2.8404415447954605,206.40641427170726,142.59626051885195
1.3209999999999653,124.945556640625,125.66370391845703,2.845146167987915,231.94937227910663,150.3288688507947
1.3219999999999652,124.95221710205078,125.66370391845703,2.869688112724617,227.15733800106173,165.02752139122458
1.322999999999965,124.95393371582031,125.66370391845703,2.8711554902199428,205.2862786658863,152.6494552250325
1.323999999999965,124.9537353515625,125.66370391845703,2.8618446303678957,202.75386550314528,147.87976878574324
1.3249999999999649,124.95511627197266,125.66370391845703,2.855444249764959,221.07870205666586,151.83244291169976
1.3259999999999648,124.96125030517578,125.66370391845703,2.865503393104875,214.63531062518322,163.71956306753432
1.3269999999999647,124.9616928100586,125.66370391845703,2.85477401261483,188.9277889320523,149.48185455159336
1.3279999999999645,124.9598388671875,125.66370391845703,2.831500731112377,184.10006318036142,143.7417154736907
1.3289999999999644,124.95962524414062,125.66370391845703,2.8102021575756924,202.12379805656818,147.84905221720163
1.3299999999999643,124.96473693847656,125.66370391845703,2.80576584193135,202.19730706732378,161.18033519329472
1.3309999999999642,124.96516418457031,125.66370391845703,2.786301312323958,180.37175554065766,149.4525900883414
1.331999999999964,124.96455383300781,125.66370391845703,2.75594606723248,180.5672262274563,146.8651389568332
1.332999999999964,124.96708679199219,125.66370391845703,2.730083757222263,204.7127909338475,154.72429902367534
1.3339999999999639,124.9766616821289,125.66370391845703,2.7245850828924865,214.9547412086195,172.32762480055385
1.3349999999999638,124.98332214355469,125.66370391845703,2.7100386042159617,200.4923375769103,165.05407345703992
1.3359999999999637,124.99053192138672,125.66370391845703,2.68764351470846,207.2775523154336,166.4639581208634
1.3369999999999636,125.00225830078125,125.66370391845703,2.6727561451863724,237.05212121949558,177.75079159191873
1.3379999999999634,125.02212524414062,125.66370391845703,2.680903268689262,252.86042582583022,198.14174899451368
1.3389999999999633,125.03986358642578,125.66370391845703,2.68223375749222,241.4122694380572,192.83529792640994
1.3399999999999632,125.05838012695312,125.66370391845703,2.6762110615553683,248.82922359318061,194.83869982527767
1.340999999999963,125.08112335205078,125.66370391845703,2.6770925123999127,277.0219952149457,205.44194288139815
1.341999999999963,125.11128997802734,125.66370391845703,2.69910040705365,289.8927288783041,224.05894134130494
1.342999999999963,125.13822937011719,125.66370391845703,2.712465367172949,273.29585471694026,216.05303753801292
1.3439999999999628,125.16439056396484,125.66370391845703,2.714971927584572,273.4568660628545,214.13985814286892
1.3449999999999627,125.19286346435547,125.66370391845703,2.7198566326683262,292.9745840873222,219.9948770083438
1.3459999999999626,125.22669982910156,125.66370391845703,2.7406495384606213,298.7729928155565,233.48173071014082
1.3469999999999624,125.25528717041016,125.66370391845703,2.751309511609739,272.9664900620083,220.39388778590492
1.3479999999999623,125.28101348876953,125.66370391845703,2.7465330127099605,263.7465832385457,213.2964811349363
1.3489999999999622,125.30714416503906,125.66370391845703,2.739492919505018,274.57056083770794,214.33587959571554
1.3499999999999621,125.33704376220703,125.66370391845703,2.744287494466717,277.6473172181131,223.83445703694636
1.350999999999962,125.360595703125,125.66370391845703,2.741579155685537,246.81383624577853,207.99473438366797
1.351999999999962,125.38057708740234,125.66370391845703,2.721355555281516,234.12242859374527,199.06060911310502
1.3529999999999618,125.40069580078125,125.66370391845703,2.6975302507232346,243.52326477319866,199.4285907761932
1.3539999999999617,125.42484283447266,125.66370391845703,2.6855338608650134,275.32352560286165,209.60732907786232
1.3549999999999616,125.45647430419922,125.66370391845703,2.6999779605778773,280.16690127031916,228.41186506125314
1.3559999999999615,125.48534393310547,125.66370391845703,2.6963693765128878,270.28749382955675,221.5631546699408
1.3569999999999613,125.51451873779297,125.66370391845703,2.6893416283240557,279.8739862477531,222.37152793066412
1.3579999999999612,125.5473861694336,125.66370391845703,2.693185811747001,309.68809781043115,231.71786209618233
1.3589999999999611,125.58694458007812,125.66370391845703,2.7212016727192685,311.3314234755027,248.5891961666128
1.359999999999961,125.62254333496094,125.66370391845703,2.729318539341864,295.68504189914745,238.7402692255187
1.360999999999961,125.65678405761719,125.66370391845703,2.7301704603100254,297.5054924315484,235.37919829180913
1.3619999999999608,125.69274139404297,125.66370391845703,2.737070487074598,318.2747477502439,239.77361700728736
1.3629999999999607,125.73326873779297,125.66370391845703,2.7627703851197882,312.6822542931048,251.35218058509082
1.3639999999999606,125.76773071289062,125.66370391845703,2.767346582729729,287.42886093784193,236.1688549978221
1.3649999999999605,125.7987060546875,125.66370391845703,2.759913824217897,279.6575933480846,227.47757263694788
1.3659999999999604,125.82948303222656,125.66370391845703,2.753839101404441,291.7260733334418,227.0155436812792
1.3669999999999602,125.86326599121094,125.66370391845703,2.762631195318287,283.7992410389224,234.65529590650576
1.3679999999999601,125.889892578125,125.66370391845703,2.753377513239301,253.54178403499088,216.71110984876438
1.36899999999996,125.9123764038086,125.66370391845703,2.7300332544705608,242.49576528994322,206.3016945871768
1.36999999999996,125.93447875976562,125.66370391845703,2.7068293738691556,253.50637778313256,205.39659457584648
1.3709999999999598,125.95999145507812,125.66370391845703,2.6987516606197803,252.4480118774747,214.02256395986848
1.3719999999999597,125.97932434082031,125.66370391845703,2.6796244384977648,225.98786198750653,198.4820197699633
1.3729999999999596,125.99581909179688,125.66370391845703,2.648106616236287,220.15890736508797,191.37335665020925
1.3739999999999595,126.01356506347656,125.66370391845703,2.6193672446844776,237.72386506054906,194.5569523719393
1.3749999999999594,126.03659057617188,125.66370391845703,2.6095341122243054,248.0812878934399,207.905735418948
1.3759999999999593,126.05548095703125,125.66370391845703,2.595900605438663,229.87799997704377,197.51435499099475
1.3769999999999591,126.07344818115234,125.66370391845703,2.5732148588134667,231.61562386750617,195.2166166087171
1.377999999999959,126.09435272216797,125.66370391845703,2.5566343055129925,255.77778566383444,202.65128288247215
1.378999999999959,126.12191772460938,125.66370391845703,2.5619631870488355,272.94631688281953,219.51637022628663
1.3799999999999588,126.14641571044922,125.66370391845703,2.56650902693391,258.5989011257696,211.81955219708277
1.3809999999999587,126.17047119140625,125.66370391845703,2.5625654045981516,261.6037902884101,210.74404078438377
1.3819999999999586,126.19735717773438,125.66370391845703,2.5640409056597853,284.5465701692118,217.9367599868588
1.3829999999999585,126.23027038574219,125.66370391845703,2.5852561123902196,299.2329392757786,233.21240156979252
1.3839999999999584,126.2590560913086,125.66370391845703,2.604060536905884,279.5845162030549,222.85583167380543
1.3849999999999583,126.28579711914062,125.66370391845703,2.610390047818104,274.881774145435,217.74230976943946
1.3859999999999582,126.31336212158203,125.66370391845703,2.616938280331451,288.4111497468792,219.87727340407213
1.386999999999958,126.34471893310547,125.66370391845703,2.6371658212587152,295.7798719566554,229.51568579487198
1.387999999999958,126.36972045898438,125.66370391845703,2.653735848686171,265.8719655823725,213.5120004759336
1.3889999999999578,126.39041137695312,125.66370391845703,2.652537814638574,250.6414192756474,202.64834026585623
1.3899999999999577,126.40980529785156,125.66370391845703,2.6460719114288525,254.3032113416879,199.41231158532617
1.3909999999999576,126.43121337890625,125.66370391845703,2.648306647660643,277.70906021848833,204.5313676403103
1.3919999999999575,126.45758056640625,125.66370391845703,2.672582711267512,276.5324224387329,217.12716094184836
1.3929999999999574,126.47860717773438,125.66370391845703,2.6789181866092036,255.91189044958296,203.65967448530537
1.3939999999999573,126.49691009521484,125.66370391845703,2.6762859470995664,252.5985372597832,196.8014938481531
1.3949999999999572,126.51563262939453,125.66370391845703,2.6780058298594045,268.40512155911443,197.90030102839864
1.395999999999957,126.53772735595703,125.66370391845703,2.697247612472718,263.08636280290983,206.45588126935965
1.396999999999957,126.552978515625,125.66370391845703,2.699320135516931,235.28304997661894,189.18952136892133
1.3979999999999568,126.56411743164062,125.66370391845703,2.688621530429347,225.10762381695054,178.77701728084364
1.3989999999999567,126.57450866699219,125.66370391845703,2.6786153491586897,235.08508136995874,176.91237027815296
1.3999999999999566,126.58746337890625,125.66370391845703,2.683256150859229,230.6403681949115,183.40971924084582
1.4009999999999565,126.59320068359375,125.66370391845703,2.6750115139051562,200.40179014601756,165.15854869103651
1.4019999999999564,126.59477996826172,125.66370391845703,2.652586521513923,189.14690587334826,154.63428328284442
1.4029999999999563,126.5959701538086,125.66370391845703,2.6301332119342384,199.74992044896928,153.64962725754427
1.4039999999999562,126.6004867553711,125.66370391845703,2.622819613688855,202.9707489048065,162.07968497857073
1.404999999999956,126.59895324707031,125.66370391845703,2.60949374082066,176.877287202946,146.7588605809792
1.405999999999956,126.59461975097656,125.66370391845703,2.5833876907059197,170.4983571771961,139.6584904997274
1.4069999999999558,126.59139251708984,125.66370391845703,2.559246666858898,186.65112871917364,142.469721766566
1.4079999999999557,126.59309387207031,125.66370391845703,2.5529971379364533,199.46986710168252,154.93173701879886
1.4089999999999556,126.59037017822266,125.66370391845703,2.5469822699980957,179.54351970244986,143.7269732250053
1.4099999999999555,126.58625030517578,125.66370391845703,2.530246070550056,178.3224326407381,140.19027258930518
1.4109999999999554,126.5843734741211,125.66370391845703,2.5172874729864887,198.5154701760606,145.8775695213371
1.4119999999999553,126.5882568359375,125.66370391845703,2.523606450994718,239.28369495616928,160.45096933400666
1.4129999999999552,126.60061645507812,125.66370391845703,2.5629127234785267,250.57660935481982,181.9469496323823
1.413999999999955,126.61105346679688,125.66370391845703,2.5858787128252234,246.26221686214558,177.07082382274402
1.414999999999955,126.62183380126953,125.66370391845703,2.608244671899854,257.69522256749934,177.96711783304238
1.4159999999999549,126.6353759765625,125.66370391845703,2.642292557058536,261.18050856020534,184.99702301072463
1.4169999999999547,126.64122009277344,125.66370391845703,2.6706724557567867,225.76211535320112,165.49618982419318
1.4179999999999546,126.64116668701172,125.66370391845703,2.6781631112395092,203.4534147483991,150.55515856515794
1.4189999999999545,126.63800811767578,125.66370391845703,2.676306026247017,198.76569703843478,142.69783755634506
1.4199999999999544,126.6348648071289,125.66370391845703,2.6782837317230204,212.95909715765225,142.7266135515493
1.4209999999999543,126.6345443725586,125.66370391845703,2.697110231029008,204.83460380131953,149.890403493039
1.4219999999999542,126.6270523071289,125.66370391845703,2.6972457530057277,175.78788034872932,131.70863761803182
1.422999999999954,126.61531066894531,125.66370391845703,2.684249853590556,164.9374161541962,120.91517724804714
1.423999999999954,126.60277557373047,125.66370391845703,2.671657405832197,174.5109064225392,118.91254564100218
1.4249999999999539,126.59273529052734,125.66370391845703,2.6735372303994596,169.28944905744245,125.22271713447893
1.4259999999999537,126.57566833496094,125.66370391845703,2.661929176008342,139.6728889257524,107.39430134070552
1.4269999999999536,126.55487060546875,125.66370391845703,2.63641138372359,129.8534330246835,97.95421042757735
1.4279999999999535,126.53424072265625,125.66370391845703,2.6113843078616985,142.29084710922757,98.34470707719828
1.4289999999999534,126.51746368408203,125.66370391845703,2.602276914741849,146.8660195973959,108.06651369051735
1.4299999999999533,126.49530792236328,125.66370391845703,2.5871522767222728,123.34479776674254,94.45622684088895
1.4309999999999532,126.4712142944336,125.66370391845703,2.5602735572964685,120.09250486481376,89.52086795516696
1.431999999999953,126.44910430908203,125.66370391845703,2.536632238885216,139.41407676988206,94.52965883442891
1.432999999999953,126.43265533447266,125.66370391845703,2.5322912356777914,153.9363515524639,108.8131711588834
1.4339999999999529,126.41251373291016,125.66370391845703,2.5278143580946115,136.87118957856234,99.46383050277706
1.4349999999999528,126.39176177978516,125.66370391845703,2.513758498276508,138.57340651549322,97.90427791514051
1.4359999999999526,126.37394714355469,125.66370391845703,2.504636455199091,161.26219410504586,105.3036897677334
1.4369999999999525,126.36233520507812,125.66370391845703,2.5157483948544788,178.8702245247841,120.96962013785014
1.4379999999999524,126.34717559814453,125.66370391845703,2.5280361440048353,161.81702444992453,111.99708882580839
1.4389999999999523,126.33101654052734,125.66370391845703,2.5294303657380683,161.10992196504546,109.4381579754611
1.4399999999999522,126.31692504882812,125.66370391845703,2.533203974054087,179.35092276158105,114.65310576122124
1.440999999999952,126.30781555175781,125.66370391845703,2.5534222465443364,215.78875491777114,127.23212734145595
1.441999999999952,126.30585479736328,125.66370391845703,2.6024232460016945,220.82811289939073,145.27988719220343
1.4429999999999519,126.30046844482422,125.66370391845703,2.631607584134567,209.1528691830247,136.6323444866158
1.4439999999999518,126.29375457763672,125.66370391845703,2.6553316215925897,212.19997802499165,133.25776542234496
1.4449999999999517,126.28801727294922,125.66370391845703,2.6854146261372698,230.6838696144681,135.72432526227837
1.4459999999999515,126.28514099121094,125.66370391845703,2.7327409699768777,217.7318116319615,142.94369960469868
1.4469999999999514,126.27450561523438,125.66370391845703,2.7542013095545768,186.20016658505233,123.32158629942829
1.4479999999999513,126.25838470458984,125.66370391845703,2.76037557142093,169.93002419711587,109.46344030042005
1.4489999999999512,126.2396240234375,125.66370391845703,2.763244066984526,171.19659388324231,102.78519927473455
1.449999999999951,126.22093963623047,125.66370391845703,2.7750802603181985,151.2927532098945,102.96385145659426
1.450999999999951,126.19268035888672,125.66370391845703,2.7644041455886477,110.11742602541273,78.75944825927546
1.4519999999999509,126.15818786621094,125.66370391845703,2.734096547105049,88.58710792591646,62.9961704112843
1.4529999999999508,126.12146759033203,125.66370391845703,2.6978900939279966,89.6830331411904,57.37791674400837
1.4539999999999507,126.08647155761719,125.66370391845703,2.670935121555397,83.65521369583719,61.67908152874822
1.4549999999999506,126.04459381103516,125.66370391845703,2.63315114389393,52.4694915190784,44.32249963518243
1.4559999999999504,126.00003051757812,125.66370391845703,2.579514899494856,44.65104931974758,37.52295801950119
1.4569999999999503,125.95747375488281,125.66370391845703,2.5261701523181923,62.6236005455231,42.54316329575523
1.4579999999999502,125.92129516601562,125.66370391845703,2.491198721549551,80.63553573012993,58.615600141154516
1.4589999999999501,125.883056640625,125.66370391845703,2.4590233896974762,69.45861366625452,53.38605506576146
1.45999999999995,125.84666442871094,125.66370391845703,2.4203630405122847,80.6925443944356,58.001644817578686
1.46099999999995,125.81627655029297,125.66370391845703,2.3922163774267196,115.76386917965246,73.11585251849048
1.4619999999999498,125.79557800292969,125.66370391845703,2.392460244319439,147.09752982853615,97.45053332660466
1.4629999999999497,125.7751693725586,125.66370391845703,2.400102611221604,146.20095595169366,98.16373036476195
1.4639999999999496,125.75773620605469,125.66370391845703,2.4053992325239606,162.5246672485174,105.65143570405642
1.4649999999999495,125.74622344970703,125.66370391845703,2.4224856115889084,197.33541977306405,120.5129288585721
1.4659999999999493,125.74311065673828,125.66370391845703,2.4651726369981573,220.58054800614144,141.6299515964349
1.4669999999999492,125.7379379272461,125.66370391845703,2.5067168138483362,209.48143022992187,136.44736839066854
1.4679999999999491,125.73233795166016,125.66370391845703,2.538060970588066,210.7722967601633,135.35543756967652
1.468999999999949,125.72844696044922,125.66370391845703,2.570554337761562,226.88981808015106,139.65053384159276
1.469999999999949,125.72828674316406,125.66370391845703,2.615808956028867,230.72479870472318,149.0547255840095
1.4709999999999488,125.72130584716797,125.66370391845703,2.6519263858381295,198.0314311793761,131.87243594444078
1.4719999999999487,125.70917510986328,125.66370391845703,2.666957136501727,177.62667702760382,118.91678381567728
1.4729999999999486,125.69446563720703,125.66370391845703,2.6720778855152587,173.64482242373464,112.4161191909624
1.4739999999999485,125.67998504638672,125.66370391845703,2.6798960766444084,187.10760320166747,112.97063628921175
1.4749999999999484,125.66820526123047,125.66370391845703,2.702719819329954,174.28380647637698,119.75432334460957
1.4759999999999482,125.64932250976562,125.66370391845703,2.7017366760189363,143.9680803300451,101.8792181808171
1.4769999999999481,125.62626647949219,125.66370391845703,2.685776197058413,131.7452502649763,91.37822054747105
1.477999999999948,125.60249328613281,125.66370391845703,2.6683053839930997,139.73060846425795,89.54894865736745
1.478999999999948,125.58125305175781,125.66370391845703,2.6633823573698363,131.09637079981002,95.89215850321816
1.4799999999999478,125.55345916748047,125.66370391845703,2.6411957495338174,101.91939365863597,79.41706568429288
1.4809999999999477,125.52269744873047,125.66370391845703,2.604216816770577,93.62578915642595,71.93307338121994
1.4819999999999476,125.4930419921875,125.66370391845703,2.567503322753597,108.39603536636591,74.70059590860788
1.4829999999999475,125.46833801269531,125.66370391845703,2.5472875513588695,114.52181133965622,87.08509778904838
1.4839999999999474,125.43986511230469,125.66370391845703,2.5196796007622595,96.60070306578602,77.62755799356349
1.4849999999999473,125.41133880615234,125.66370391845703,2.4823005623632257,100.19278563908622,77.45785518205635
1.4859999999999471,125.38683319091797,125.66370391845703,2.4513051603224865,126.9775185315486,87.50877168135848
1.486999999999947,125.37003326416016,125.66370391845703,2.443760156110147,146.35957449881465,106.8279079740334
1.487999999999947,125.35191345214844,125.66370391845703,2.4353984770816086,138.65414927434713,103.49227859358903
1.4889999999999468,125.33556365966797,125.66370391845703,2.421786354827676,149.9047486692377,107.91866413115025
1.4899999999999467,125.32438659667969,125.66370391845703,2.4180935399914816,181.50390995388346,120.88153345354597
1.4909999999999466,125.32139587402344,125.66370391845703,2.439555570981883,201.8044966488165,141.3880131319233
1.4919999999999465,125.31684875488281,125.66370391845703,2.458303069221725,192.80876795204136,137.47174218469658
1.4929999999999464,125.31299591064453,125.66370391845703,2.4694428024920043,199.07608440311915,139.21321974292414
1.4939999999999463,125.31253051757812,125.66370391845703,2.485986856610763,222.5171196341809,147.6983859862849
1.4949999999999461,125.31791687011719,125.66370391845703,2.5209791600422133,232.4492575252551,162.37231198293958
1.495999999999946,125.31904602050781,125.66370391845703,2.547597353486557,211.18749540504385,151.7139969080131
1.496999999999946,125.31784057617188,125.66370391845703,2.5592666711591865,203.57134633100637,145.85474676290085
1.4979999999999458,125.31690216064453,125.66370391845703,2.5680968968128832,212.65101668678867,146.51850326213975
1.4989999999999457,125.31887817382812,125.66370391845703,2.5870016387573926,212.97497411502937,153.81586872865054
1.4999999999999456,125.3140640258789,125.66370391845703,2.596853927859764,179.83252078036472,136.8117184634084
1.5009999999999455,125.3048095703125,125.66370391845703,2.5860846571199145,162.05257545981144,125.66114804883738
1.5019999999999454,125.29432678222656,125.66370391845703,2.5674554706495805,163.63834946727664,122.58358692579789
1.5029999999999453,125.28604888916016,125.66370391845703,2.5554792521916725,185.30880333396829,128.09776567446815
1.5039999999999452,125.28301239013672,125.66370391845703,2.5644128490011697,183.71788435300962,141.21678920153815
1.504999999999945,125.27593994140625,125.66370391845703,2.5543066608121903,166.86971025995695,131.0822679633822
1.505999999999945,125.26789093017578,125.66370391845703,2.5361434153637834,168.953889462349,128.64992793850973
1.5069999999999448,125.2623062133789,125.66370391845703,2.524529058703577,191.15921627237435,134.8073343358333
1.5079999999999447,125.26226043701172,125.66370391845703,2.533945397914485,192.84836352460354,148.6760398665354
1.5089999999999446,125.25843811035156,125.66370391845703,2.527149670108421,176.6272873360009,139.2352935804864
1.5099999999999445,125.2538070678711,125.66370391845703,2.512005658272808,178.78987020036644,137.1842704111278
1.5109999999999444,125.251708984375,125.66370391845703,2.5029806483662833,200.76468975660816,143.52708993236303
1.5119999999999443,125.25519561767578,125.66370391845703,2.5145255478032147,204.35400718789614,157.51862495915552
1.5129999999999442,125.2549057006836,125.66370391845703,2.511860852377382,187.54884192376875,148.06776095149704
1.513999999999944,125.2536392211914,125.66370391845703,2.4998821600292427,188.42670233669824,145.61025736415343
1.514999999999944,125.25464630126953,125.66370391845703,2.492790293059802,208.73834863994918,151.31447972530106
1.5159999999999438,125.2609634399414,125.66370391845703,2.5049426975965075,212.9092464788671,164.62052011541255
1.5169999999999437,125.26322937011719,125.66370391845703,2.5044971828023295,194.3158736470855,154.46907730616607
1.5179999999999436,125.26412200927734,125.66370391845703,2.493202288543942,192.9028534891753,151.03168044793713
1.5189999999999435,125.26686096191406,125.66370391845703,2.485075723696842,210.80869760761567,155.67553968542558
1.5199999999999434,125.27454376220703,125.66370391845703,2.4945638060775286,215.55172167459378,168.05256777637817
1.5209999999999433,125.27788543701172,125.66370391845703,2.4935561638781687,195.1701811358926,157.2001599190931
1.5219999999999432,125.27954864501953,125.66370391845703,2.4802714076756196,191.81283384132,152.98336316986894
1.522999999999943,125.28279113769531,125.66370391845703,2.468736446646186,207.98530317367366,156.95228215585007
1.523999999999943,125.29081726074219,125.66370391845703,2.4737186599585925,214.58484060167297,168.94436170192003
1.5249999999999428,125.29450988769531,125.66370391845703,2.4712339839678505,193.6715212869693,158.10790678503042
1.5259999999999427,125.2965316772461,125.66370391845703,2.455728567526698,189.76795178973896,153.91066657859417
1.5269999999999426,125.3001937866211,125.66370391845703,2.4413463863628215,205.65278749274407,158.02932301863285
1.5279999999999425,125.30880737304688,125.66370391845703,2.4432324447571134,215.4076401357015,170.43048781520454
1.5289999999999424,125.31339263916016,125.66370391845703,2.441184338204755,195.29357193528665,160.3714029184845
1.5299999999999423,125.31656646728516,125.66370391845703,2.4259899580826434,191.9489825533735,156.82573819316997
1.5309999999999422,125.32162475585938,125.66370391845703,2.41181832814919,208.3434601230986,161.54996158579442
1.531999999999942,125.33187866210938,125.66370391845703,2.413998338644704,221.26341595166457,174.60615979178348
1.532999999999942,125.33846282958984,125.66370391845703,2.415380025695766,202.06172434736757,165.39252422471236
1.5339999999999419,125.34381866455078,125.66370391845703,2.4034249585427045,198.9902152354479,162.33822550727587
1.5349999999999417,125.35114288330078,125.66370391845703,2.3920948714044226,215.2157821417174,167.28428641051852
1.5359999999999416,125.36369323730469,125.66370391845703,2.3966137548796134,250.66377570093283,180.40932804652542
1.5369999999999415,125.38421630859375,125.66370391845703,2.4308260423243335,259.8853389045715,200.41895756175643
1.5379999999999414,125.40308380126953,125.66370391845703,2.4476449229349124,254.09183506096184,196.30789609220972
1.5389999999999413,125.42250061035156,125.66370391845703,2.461351751852264,263.52396087907505,197.73091950883483
1.5399999999999412,125.44499206542969,125.66370391845703,2.4847874683783133,288.969634379453,205.465060548381
1.540999999999941,125.47272491455078,125.66370391845703,2.5296445896250295,285.6017037802008,218.6856218008228
1.541999999999941,125.49569702148438,125.66370391845703,2.550737090726927,265.63056634937243,206.778054408239
1.5429999999999409,125.51581573486328,125.66370391845703,2.5603993381498746,259.57817424435774,199.6377913877866
1.5439999999999408,125.53555297851562,125.66370391845703,2.5708442957958524,269.4634989042824,198.7243365512418
1.5449999999999406,125.55733489990234,125.66370391845703,2.594151947465878,255.80948108972368,203.90849914165614
1.5459999999999405,125.57161712646484,125.66370391845703,2.593847985681785,223.4079349867583,185.0865939008034
1.5469999999999404,125.58082580566406,125.66370391845703,2.5765090784999036,207.19394133907335,172.3538228779336
1.5479999999999403,125.5881576538086,125.66370391845703,2.555400024171002,210.13470181073689,167.66969193404097
1.5489999999999402,125.59693145751953,125.66370391845703,2.5447119106760923,200.5448771079026,171.2927289551098
1.54999999999994,125.59851837158203,125.66370391845703,2.518537378126352,169.15104047266183,153.25520111300278
1.55099999999994,125.59615325927734,125.66370391845703,2.476079649198381,157.34441459203765,143.31488937015405
1.5519999999999399,125.59381103515625,125.66370391845703,2.4325270057564747,168.09812355074504,143.37365931203308
1.5529999999999398,125.59550476074219,125.66370391845703,2.404698814665337,175.02755537885747,153.51163418356845
1.5539999999999397,125.59318542480469,125.66370391845703,2.3731650817562886,156.9268732815375,143.42602302854766
1.5549999999999395,125.59029388427734,125.66370391845703,2.3319149244725175,159.28312360072582,141.98138397476404
1.5559999999999394,125.5908432006836,125.66370391845703,2.2975051416108414,184.37852603008352,150.63102710017913
1.5569999999999393,125.59870910644531,125.66370391845703,2.287729366648173,206.11395854937203,169.01045141367754
1.5579999999999392,125.60553741455078,125.66370391845703,2.281465065325474,200.30636426543867,166.4273974922691
1.558999999999939,125.61409759521484,125.66370391845703,2.2711283530308295,211.99471942710665,170.79577306377465
1.559999999999939,125.62762451171875,125.66370391845703,2.27190267503735,243.01161314276604,183.28357589790005
1.5609999999999389,125.64913940429688,125.66370391845703,2.2990211894315675,265.1789423284853,203.38162654196347
1.5619999999999388,125.66947174072266,125.66370391845703,2.3259353891553602,257.953874436692,200.46880058832633
1.5629999999999387,125.69039916992188,125.66370391845703,2.345373738759612,263.8457153859588,201.98048237303237
1.5639999999999386,125.71424102783203,125.66370391845703,2.3697902319701027,285.20708705074514,209.36255705743733
1.5649999999999384,125.74330139160156,125.66370391845703,2.4117016214080063,294.71802974409667,222.54484808282675
1.5659999999999383,125.76797485351562,125.66370391845703,2.4460253868108115,272.76454622253567,211.55479577454034
1.5669999999999382,125.78958129882812,125.66370391845703,2.463817986934225,262.0048021219183,203.87813114032792
1.567999999999938,125.81029510498047,125.66370391845703,2.476563713932194,266.0782681986392,201.66615304384075
1.568999999999938,125.83255767822266,125.66370391845703,2.4967523940406844,263.9838928989598,205.59810928884337
1.569999999999938,125.84722900390625,125.66370391845703,2.5091165766457064,227.55891143487443,186.52571108502607
1.5709999999999378,125.85613250732422,125.66370391845703,2.4984453494617394,204.438288766523,172.02417948712142
1.5719999999999377,125.8621597290039,125.66370391845703,2.477002037402791,199.34256527602707,164.81003471248843
1.5729999999999376,125.8686752319336,125.66370391845703,2.4591606136610817,213.9085898531827,166.02371629692615
1.5739999999999374,125.87887573242188,125.66370391845703,2.4595834269355374,211.451715452766,175.32544562738798
1.5749999999999373,125.88410186767578,125.66370391845703,2.444645071190386,191.03936314392917,162.82295330614437
1.5759999999999372,125.8873062133789,125.66370391845703,2.4198550931650966,188.9467368933509,157.70996206781274
1.5769999999999371,125.8919448852539,125.66370391845703,2.400111375377003,207.10892049486426,161.34412406347803
1.577999999999937,125.9013442993164,125.66370391845703,2.4007798058536736,211.87526590822597,173.3441914819415
1.578999999999937,125.90689849853516,125.66370391845703,2.3913030062412335,195.71421788757013,163.6761640389015
1.5799999999999368,125.91140747070312,125.66370391845703,2.3735135528470916,197.2161477846308,161.04479191465217
1.5809999999999367,125.91817474365234,125.66370391845703,2.3621887122814815,218.2966353996995,166.74746733448742
1.5819999999999366,125.93035125732422,125.66370391845703,2.372437965520659,226.99727481076678,180.37756684317472
1.5829999999999365,125.93914031982422,125.66370391845703,2.3748697687091145,212.1287580553937,171.86838637974117
1.5839999999999363,125.94698333740234,125.66370391845703,2.3685873588609776,213.3452108327567,169.50392422418824
1.5849999999999362,125.95687103271484,125.66370391845703,2.3675532740074092,232.77886532752666,174.6635911952711
1.5859999999999361,125.97168731689453,125.66370391845703,2.386034853850011,240.30548470047913,187.08553571276357
1.586999999999936,125.98243713378906,125.66370391845703,2.3965847331659464,221.80059971832125,176.88803899043376
1.587999999999936,125.99128723144531,125.66370391845703,2.3954171897365524,218.0691028708693,172.1006308366424
1.5889999999999358,126.00102996826172,125.66370391845703,2.3957603676668464,231.77192611976395,174.36327990776556
1.5899999999999357,126.01448059082031,125.66370391845703,2.411493825618352,236.20410508592593,183.71730488777663
1.5909999999999356,126.02272033691406,125.66370391845703,2.4199322647328816,211.99521179064064,170.6168809600911
1.5919999999999355,126.02790069580078,125.66370391845703,2.413109404729026,202.46471156802363,162.909456100924
1.5929999999999354,126.03292846679688,125.66370391845703,2.4041653161361163,210.8815964779766,162.5324413738902
1.5939999999999352,126.04084014892578,125.66370391845703,2.4074634160423605,215.42848497867644,169.81874406158423
1.5949999999999351,126.04308319091797,125.66370391845703,2.407162138397519,188.48810121023845,155.52556089012424
1.595999999999935,126.04202270507812,125.66370391845703,2.389893794525198,177.114895798438,147.18960043003167
1.596999999999935,126.04084014892578,125.66370391845703,2.369269038672936,184.941307324088,146.89509349520108
1.5979999999999348,126.04290771484375,125.66370391845703,2.3606599476682284,212.43345614403313,155.08822036389097
1.5989999999999347,126.05117797851562,125.66370391845703,2.378820870594323,218.32623224602486,170.7375853589998
1.5999999999999346,126.05679321289062,125.66370391845703,2.38201484573163,208.85459904014087,164.0310406869553
1.6009999999999345,126.06224822998047,125.66370391845703,2.3813364895419404,215.80460748931543,163.66046725387076
1.6019999999999344,126.07038116455078,125.66370391845703,2.390646653168577,240.13326827151926,170.4240029200687
1.6029999999999343,126.08369445800781,125.66370391845703,2.4230580222155833,241.37499811847243,183.49136199199506
1.6039999999999341,126.0929183959961,125.66370391845703,2.437641898572868,224.94840032604353,173.19566563777093
1.604999999999934,126.10016632080078,125.66370391845703,2.4432922434152635,223.17210961753568,168.23047464420677
1.605999999999934,126.1080322265625,125.66370391845703,2.4528268811872396,237.77913245672207,169.8024979204417
1.6069999999999338,126.11895751953125,125.66370391845703,2.478897411482445,231.88440339154442,177.53641310195022
1.6079999999999337,126.12376403808594,125.66370391845703,2.4863557702726165,205.8466254655114,162.11766949773963
1.6089999999999336,126.12470245361328,125.66370391845703,2.4795473618257073,194.9373123851149,152.34874659228353
1.6099999999999335,126.1246566772461,125.66370391845703,2.4714804868828675,201.73730485394836,149.86864088710283
1.6109999999999334,126.12652587890625,125.66370391845703,2.4758411988581006,195.46647015376806,154.69299305906688
1.6119999999999333,126.12166595458984,125.66370391845703,2.466256347495087,165.9835563844649,137.73282842324343
1.6129999999999332,126.1128158569336,125.66370391845703,2.440567799766395,153.66320768298235,127.65068303868604
1.613999999999933,126.10340881347656,125.66370391845703,2.412851459213375,161.4545062150304,126.22310178645516
1.614999999999933,126.09689331054688,125.66370391845703,2.3985826249000386,164.30605669474826,133.521551586515
1.6159999999999328,126.08516693115234,125.66370391845703,2.379002557042438,140.62788341925298,120.36993972728247
1.6169999999999327,126.07127380371094,125.66370391845703,2.3458896908568834,135.42868609436053,114.88593520706821
1.6179999999999326,126.05888366699219,125.66370391845703,2.3144504964840724,151.44518352001333,118.65181701985425
1.6189999999999325,126.05159759521484,125.66370391845703,2.301476514966094,166.34473877516172,131.5156789028239
1.6199999999999324,126.0413589477539,125.66370391845703,2.29103961575726,151.81715694386236,124.05870165083664
1.6209999999999323,126.03096008300781,125.66370391845703,2.2712163736221944,154.7053141798758,123.66001506987821
1.6219999999999322,126.02375030517578,125.66370391845703,2.25710414904882,177.41948611334763,131.66769442434529
1.622999999999932,126.0229263305664,125.66370391845703,2.264861765275558,219.1536411633993,147.763065801149
1.623999999999932,126.03099060058594,125.66370391845703,2.30857275984781,233.74851899810395,170.19048323027923
1.6249999999999318,126.03868865966797,125.66370391845703,2.3368192455339014,235.01494009543683,169.27214603635733
1.6259999999999317,126.04793548583984,125.66370391845703,2.3664041952371733,250.09401055924326,173.18087092803887
1.6269999999999316,126.06075286865234,125.66370391845703,2.4093296224602505,255.39209393812905,182.20971858519746
1.6279999999999315,126.0677261352539,125.66370391845703,2.445056138003361,227.05617295928153,167.5048218462852
1.6289999999999314,126.07018280029297,125.66370391845703,2.460573351918189,209.43888701248275,156.09932134967215
1.6299999999999313,126.07032012939453,125.66370391845703,2.4670220387496333,206.63053520591325,150.26375285418624
1.6309999999999312,126.07068634033203,125.66370391845703,2.477029705861588,219.90437651508373,150.81837737362915
1.631999999999931,126.07360076904297,125.66370391845703,2.5029493945379957,209.8003661500067,157.2632865967016
1.632999999999931,126.06999969482422,125.66370391845703,2.506880246552793,182.4304910477157,140.84577076069564
1.6339999999999308,126.06228637695312,125.66370391845703,2.4963655769465434,170.73858787587267,130.44163882702813
1.6349999999999307,126.05342102050781,125.66370391845703,2.48453709512436,177.06941733215672,127.53920138870852
1.6359999999999306,126.04632568359375,125.66370391845703,2.485158787379331,168.50173194067366,131.99970942171203
1.6369999999999305,126.03256225585938,125.66370391845703,2.4696141337238724,139.48824882549312,115.1746720808885
1.6379999999999304,126.01509094238281,125.66370391845703,2.4386210683762335,128.55469879102375,105.78755088910738
1.6389999999999303,125.9974594116211,125.66370391845703,2.406656671341818,138.28335264692646,105.38411080733388
1.6399999999999302,125.98316955566406,125.66370391845703,2.3895307842949234,141.28730451239085,113.79210356813327
1.64099999999993,125.9642562866211,125.66370391845703,2.3657539043731632,120.37858015702747,102.12157411603035
1.64199999999993,125.94391632080078,125.66370391845703,2.330268275919828,118.6407586037708,98.51349001037856
1.6429999999999298,125.92586517333984,125.66370391845703,2.2987518741630155,138.30868688583743,104.24891445398409
1.6439999999999297,125.91362762451172,125.66370391845703,2.2882148229270567,153.96345730118526,118.87585706758148
1.6449999999999296,125.89912414550781,125.66370391845703,2.2785218140124064,142.7825177454888,113.16435196493354
1.6459999999999295,125.88517761230469,125.66370391845703,2.261651068583701,149.11854273455538,114.54395811519518
1.6469999999999294,125.8750228881836,125.66370391845703,2.2528112997448337,174.87531390488377,124.0756509545381
1.6479999999999293,125.87165832519531,125.66370391845703,2.267808613777463,194.0854374935134,141.1755623034665
1.6489999999999292,125.86647033691406,125.66370391845703,2.2837126133283965,184.28386493439405,136.5587075310103
1.649999999999929,125.86153411865234,125.66370391845703,2.2915265612797686,188.80310244310533,137.21163019243528
1.650999999999929,125.85944366455078,125.66370391845703,2.30449770437427,209.83533814711197,144.3476029588974
1.6519999999999289,125.86263275146484,125.66370391845703,2.3362303688109396,222.08578443925393,157.65603688378368
1.6529999999999287,125.86207580566406,125.66370391845703,2.3642056669782825,203.25835784070446,148.22951300960858
1.6539999999999286,125.85944366455078,125.66370391845703,2.377720164016534,196.7564346596901,142.99025726835393
1.6549999999999285,125.85707092285156,125.66370391845703,2.388803359491903,205.69215217192632,143.64924514906212
1.6559999999999284,125.8573989868164,125.66370391845703,2.410461015609565,230.31604739455162,150.4463556428502
1.6569999999999283,125.8624496459961,125.66370391845703,2.4545387915506516,226.08968594266517,162.3341577523066
1.6579999999999282,125.8628921508789,125.66370391845703,2.4748213720380954,207.585352721519,150.73951333058855
1.658999999999928,125.8606948852539,125.66370391845703,2.4848764703023334,202.97583527527976,144.09040070216375
1.659999999999928,125.8582534790039,125.66370391845703,2.4969577986633853,213.82755531995147,143.47117778164449
1.6609999999999279,125.8577880859375,125.66370391845703,2.523074771617621,200.39435565740027,148.45122785702296
1.6619999999999278,125.85032653808594,125.66370391845703,2.5252323785263817,170.43029155600473,130.82363265605545
1.6629999999999276,125.8382797241211,125.66370391845703,2.511327420211776,156.23893849841247,119.28104146276516
1.6639999999999275,125.82469177246094,125.66370391845703,2.494468503402819,160.29555188889213,115.36377409339751
1.6649999999999274,125.81254577636719,125.66370391845703,2.488568489169762,150.26838834703412,118.99795477633576
1.6659999999999273,125.79365539550781,125.66370391845703,2.4660908968133075,120.4331427467679,102.01583694081445
1.6669999999999272,125.77115631103516,125.66370391845703,2.427474074214731,109.4491117557361,92.90615612000023
1.667999999999927,125.74877166748047,125.66370391845703,2.387608211109275,119.88128965734983,93.1807244120757
1.668999999999927,125.73015594482422,125.66370391845703,2.3629374632337683,124.92078213426299,102.62771835510242
1.6699999999999269,125.70759582519531,125.66370391845703,2.3329338840178724,106.61751081525524,92.70022847837261
1.6709999999999268,125.68444061279297,125.66370391845703,2.292446698506394,108.16055990256214,91.18248456374653
1.6719999999999267,125.66448974609375,125.66370391845703,2.2578195929729103,131.54578140473993,99.20804802831181
1.6729999999999265,125.65129852294922,125.66370391845703,2.246720100174994,150.83563326195642,116.1847101102962
1.6739999999999264,125.63689422607422,125.66370391845703,2.237951789757677,144.0587160527221,113.1315160110568
1.6749999999999263,125.62406158447266,125.66370391845703,2.224407473897091,154.6778379516382,117.05232832059292
1.6759999999999262,125.61592102050781,125.66370391845703,2.2214638485683893,184.2744212235587,128.83453164577682
1.676999999999926,125.61531829833984,125.66370391845703,2.244699739004777,205.10653563130103,147.75882904702712
1.677999999999926,125.61354064941406,125.66370391845703,2.2678127020454317,198.08170037567172,144.81422597994185
1.6789999999999259,125.61247253417969,125.66370391845703,2.2838860470342492,204.52098610893543,146.61480351209545
1.6799999999999258,125.61447143554688,125.66370391845703,2.3057087965347662,226.4323551339314,154.29237730408659
1.6809999999999257,125.62171936035156,125.66370391845703,2.34612464166074,236.46738868456268,167.51269404857362
1.6819999999999256,125.62509155273438,125.66370391845703,2.3793884603395865,216.85973262810316,157.7529097342519
1.6829999999999254,125.62603759765625,125.66370391845703,2.3972694392654867,208.7721882784154,151.69164137084672
1.6839999999999253,125.62675476074219,125.66370391845703,2.411407748056061,215.36190095755197,151.08983487271684
1.6849999999999252,125.62953186035156,125.66370391845703,2.4343508242509304,214.67942479030108,156.28427514920352
1.6859999999999251,125.62559509277344,125.66370391845703,2.4491213505510725,181.746524401672,139.41590618471596
1.686999999999925,125.61683654785156,125.66370391845703,2.4418432356976587,162.00107181450093,127.267693988524
1.687999999999925,125.60602569580078,125.66370391845703,2.4247542425384396,159.63287145852632,122.12642799328158
1.6889999999999248,125.59627532958984,125.66370391845703,2.4120705941089677,175.85683624100673,124.76802821684426
1.6899999999999247,125.59043884277344,125.66370391845703,2.418119769371745,172.9468979235165,134.59341601826026
1.6909999999999246,125.58018493652344,125.66370391845703,2.406965203957504,154.131885387018,123.47906991299232
1.6919999999999245,125.56829833984375,125.66370391845703,2.3859227291706238,152.87125033167166,119.37469928738292
1.6929999999999243,125.5580062866211,125.66370391845703,2.3696285919872273,170.78581356542588,123.350289004085
1.6939999999999242,125.55229187011719,125.66370391845703,2.3730798686600836,173.27752521035822,134.8505682199505
1.6949999999999241,125.54289245605469,125.66370391845703,2.3638592867240926,157.08202845804976,125.5954589251133
1.695999999999924,125.53254699707031,125.66370391845703,2.3455808715983015,158.17379253664103,123.19936995438712
1.696999999999924,125.5244140625,125.66370391845703,2.3329639317760096,178.24754516895393,128.74094263972665
1.6979999999999238,125.52143859863281,125.66370391845703,2.34109693644894,184.78825062958242,141.688570488221
1.6989999999999237,125.51527404785156,125.66370391845703,2.3394921360520837,170.14207878630907,133.66392806226125
1.6999999999999236,125.5084228515625,125.66370391845703,2.328867514049507,171.78812075497478,131.9364456227258
1.7009999999999235,125.50385284423828,125.66370391845703,2.32349736962852,191.59575799959973,137.65777165016905
1.7019999999999234,125.50435638427734,125.66370391845703,2.338008381808529,198.83512571953497,150.4085144790371
1.7029999999999232,125.50146484375,125.66370391845703,2.3437197482132186,182.64014801450355,141.85869087878646
1.7039999999999231,125.49742889404297,125.66370391845703,2.33864264590922,181.6638897814201,139.0086549541825
1.704999999999923,125.49507141113281,125.66370391845703,2.3364618173230722,198.15530092044273,143.1989776295589
1.705999999999923,125.49710845947266,125.66370391845703,2.3514200119682984,203.97092540808111,154.2349435739219
1.7069999999999228,125.49505615234375,125.66370391845703,2.358273628904372,184.10273663643738,143.9701299244937
1.7079999999999227,125.49110412597656,125.66370391845703,2.3516397855209483,179.0338354550045,139.18643216998134
1.7089999999999226,125.4880599975586,125.66370391845703,2.3449688562321778,191.5005882438877,141.4672997226047
1.7099999999999225,125.48876190185547,125.66370391845703,2.352688888394927,197.0650082589853,150.8701043095749
1.7109999999999224,125.48491668701172,125.66370391845703,2.3547615072753234,174.52352244587425,139.46439480546738
1.7119999999999223,125.47880554199219,125.66370391845703,2.3414661055693125,167.11425258803257,133.74879699476546
1.7129999999999221,125.47338104248047,125.66370391845703,2.326472195283229,177.95782530850568,135.4841080436987
1.713999999999922,125.47171020507812,125.66370391845703,2.32488118613566,207.14908068197414,144.89175874403094
1.714999999999922,125.47638702392578,125.66370391845703,2.3507756427383,210.7055599725012,160.83426604003958
1.7159999999999218,125.47881317138672,125.66370391845703,2.3574592849917395,202.60312878755732,155.1775385646605
1.7169999999999217,125.4813003540039,125.66370391845703,2.3604734617359906,210.09414387075282,155.344756604953
1.7179999999999216,125.48644256591797,125.66370391845703,2.373363796118869,233.88726880419927,162.00818639762784
1.7189999999999215,125.4964828491211,125.66370391845703,2.4086983670872457,230.876199312914,174.32553278735932
1.7199999999999214,125.50253295898438,125.66370391845703,2.421386612495212,214.43274258439283,164.30659274781246
1.7209999999999213,125.50665283203125,125.66370391845703,2.4247808107605344,212.44917975235222,159.47687490157136
1.7219999999999211,125.51136016845703,125.66370391845703,2.431741304784397,226.46294269217478,160.9528415828787
1.722999999999921,125.51900482177734,125.66370391845703,2.454869378629793,217.25897769020614,168.35370095075785
1.723999999999921,125.52091979980469,125.66370391845703,2.455570409706411,192.43991063347005,153.95025306719214
1.7249999999999208,125.5194091796875,125.66370391845703,2.4424223698339826,183.16696995215406,145.3684859677249
1.7259999999999207,125.51739501953125,125.66370391845703,2.428855997952157,191.70756183253968,144.09525111837098
1.7269999999999206,125.51776123046875,125.66370391845703,2.4288891945003135,184.7210646226056,150.06037594124984
1.7279999999999205,125.51236724853516,125.66370391845703,2.412298176791099,159.2157259642358,135.60853857626321
1.7289999999999204,125.50401306152344,125.66370391845703,2.381487095725472,151.29945400276205,128.15377787654458
1.7299999999999203,125.49608612060547,125.66370391845703,2.351178094132959,163.41832280683974,129.2317770635925
1.7309999999999202,125.49195861816406,125.66370391845703,2.3372669797178083,166.9386109494924,138.74732428676842
1.73199999999992,125.48387908935547,125.66370391845703,2.3154329081214007,148.88081980976773,128.8423481485711
1.73299999999992,125.47482299804688,125.66370391845703,2.283118966934199,149.14100273079617,126.35357843459232
1.7339999999999198,125.46825408935547,125.66370391845703,2.2560328721822303,169.86403891017358,132.60430688043255
1.7349999999999197,125.46753692626953,125.66370391845703,2.2509363241970948,183.88934224284486,147.28112070962146
1.7359999999999196,125.4648208618164,125.66370391845703,2.2440182313378867,173.8719570255353,142.26976929420042
1.7369999999999195,125.46269226074219,125.66370391845703,2.2303604546890377,180.51356226372025,143.7340177411452
1.7379999999999194,125.46419525146484,125.66370391845703,2.22501770007021,205.72334821695335,152.84128427026025
1.7389999999999193,125.47221374511719,125.66370391845703,2.243417899344294,221.82040713610857,169.2029983174596
1.7399999999999192,125.47843933105469,125.66370391845703,2.2592288884216893,212.0595393085756,164.71452182328167
1.740999999999919,125.48480987548828,125.66370391845703,2.266737401399994,216.13409270422463,165.10533987394945
1.741999999999919,125.49381256103516,125.66370391845703,2.2792019408448714,236.28118133614294,171.71094996643046
1.7429999999999188,125.50787353515625,125.66370391845703,2.310147453859294,245.71855189657487,184.41537806333397
1.7439999999999187,125.51836395263672,125.66370391845703,2.334383380810249,227.438513129112,175.49568083634708
1.7449999999999186,125.52689361572266,125.66370391845703,2.3442989833625743,221.40314523250152,170.56422104860275
1.7459999999999185,125.53575134277344,125.66370391845703,2.3521862581300863,230.7004407073522,171.40747421985245
1.7469999999999184,125.5473861694336,125.66370391845703,2.3712465885919833,232.98415598789785,178.40327920060744
1.7479999999999183,125.55342864990234,125.66370391845703,2.3833847194843165,205.04858976643123,164.36905536561278
1.7489999999999182,125.55567932128906,125.66370391845703,2.37601670579577,190.2584622830632,154.8547364108252
1.749999999999918,125.55681610107422,125.66370391845703,2.3617866842881705,192.51420162288724,152.05799780481078
1.750999999999918,125.55980682373047,125.66370391845703,2.3551218913970025,212.81145127697354,156.7206255731783
1.7519999999999178,125.5673828125,125.66370391845703,2.3701720193000413,211.8078352051172,168.24726647119243
1.7529999999999177,125.57125091552734,125.66370391845703,2.367197210597195,196.57088520982748,158.93859753840536
1.7539999999999176,125.57386016845703,125.66370391845703,2.3562657109771954,197.54145414413168,155.7706338932568
1.7549999999999175,125.57808685302734,125.66370391845703,2.351529787219965,216.22928068711295,159.8470816030273
1.7559999999999174,125.58663940429688,125.66370391845703,2.367054267158418,215.81295887868515,170.72614722765184
1.7569999999999173,125.5912094116211,125.66370391845703,2.3662728143470426,198.73587653040659,160.73060734429527
1.7579999999999172,125.59414672851562,125.66370391845703,2.3558493842205794,197.45104799055562,156.64642526842283
1.758999999999917,125.59832763671875,125.66370391845703,2.3497604103466956,213.83014063228407,159.7453945341335
1.759999999999917,125.60648345947266,125.66370391845703,2.362198955298248,214.1007412168581,169.76383474158948
1.7609999999999169,125.61038970947266,125.66370391845703,2.3606667118386095,195.2191355126998,159.09639066869548
1.7619999999999167,125.61239624023438,125.66370391845703,2.347954751361659,192.05865380716162,154.30960294702874
1.7629999999999166,125.61539459228516,125.66370391845703,2.3380754493255997,206.83351977373948,156.82879064365318
1.7639999999999165,125.62226104736328,125.66370391845703,2.3456011409935855,209.14609054348196,166.54325825168064
1.7649999999999164,125.6249008178711,125.66370391845703,2.3425019328729046,189.7325224879032,155.91980428695763
1.7659999999999163,125.62566375732422,125.66370391845703,2.32743059689167,186.10486879598045,151.22699661539653
1.7669999999999162,125.62753295898438,125.66370391845703,2.31454918978393,200.727962166055,153.9896324587402
1.767999999999916,125.63346099853516,125.66370391845703,2.3188604315740715,206.38023279932528,164.195268876356
1.768999999999916,125.63546752929688,125.66370391845703,2.3163778737209966,187.7573284171998,154.3685638417083
1.7699999999999159,125.63590240478516,125.66370391845703,2.301781160567099,184.75498808538157,150.39431726321328
1.7709999999999158,125.63770294189453,125.66370391845703,2.2892767707323447,200.00935227288227,153.852401788803
1.7719999999999156,125.64386749267578,125.66370391845703,2.294076378882013,208.9643088955579,164.79696129190162
1.7729999999999155,125.64645385742188,125.66370391845703,2.295415377673674,191.2247357217707,155.83134316898494
1.7739999999999154,125.6476821899414,125.66370391845703,2.284404671928785,188.54152472022582,152.41524401551484
1.7749999999999153,125.6504135131836,125.66370391845703,2.2750383564388343,203.7314925233053,156.19068254651995
1.7759999999999152,125.65755462646484,125.66370391845703,2.2824192470599662,214.63006634582493,167.3010099976527
1.776999999999915,125.66120147705078,125.66370391845703,2.288662557075661,196.5226494551218,158.50007085574975
1.777999999999915,125.66338348388672,125.66370391845703,2.2815261374951974,192.71117694112274,154.8365933801618
1.7789999999999149,125.6668472290039,125.66370391845703,2.2746227448154204,206.28249162853191,158.0652600186798
1.7799999999999148,125.67445373535156,125.66370391845703,2.282839688445404,237.3939375011378,168.47457312245467
1.7809999999999147,125.68863677978516,125.66370391845703,2.319759128079941,243.1367399229979,185.0362260911681
1.7819999999999145,125.70079803466797,125.66370391845703,2.338482980242009,235.87795522196822,179.98095442209163
1.7829999999999144,125.7128677368164,125.66370391845703,2.3531243044999655,242.55213726275272,179.75427838787738
1.7839999999999143,125.72708892822266,125.66370391845703,2.3763952725113704,264.1411781994148,185.19245716376102
1.7849999999999142,125.74546813964844,125.66370391845703,2.4200385479574233,258.7900832035208,195.69332418748536
1.785999999999914,125.7591323852539,125.66370391845703,2.4401560485346274,238.75188948018967,183.84301332242777
1.786999999999914,125.7697982788086,125.66370391845703,2.4482348984253774,231.77818739832048,176.32524331882212
1.7879999999999139,125.77975463867188,125.66370391845703,2.4565178819220455,239.95308805918094,174.5614133422455
1.7889999999999138,125.79129028320312,125.66370391845703,2.4772998146533327,226.95592812551754,178.5361735760915
1.7899999999999137,125.79594421386719,125.66370391845703,2.4759815114680106,196.69081766656151,161.24742728648204
1.7909999999999136,125.79595184326172,125.66370391845703,2.4576305283245565,181.67711457709007,149.54701485135806
1.7919999999999134,125.79425048828125,125.66370391845703,2.4355574059380753,184.79797361151626,145.24908857868292
1.7929999999999133,125.79389190673828,125.66370391845703,2.424171762269122,177.21248429766337,148.62956654875558
1.7939999999999132,125.78722381591797,125.66370391845703,2.3994175510034985,148.90207159191198,132.74640621455927
1.794999999999913,125.77713775634766,125.66370391845703,2.358743706740077,138.77288439964912,124.14007913484448
1.795999999999913,125.7672119140625,125.66370391845703,2.3173189918545023,149.66820155680585,124.53348386288124
1.796999999999913,125.76106262207031,125.66370391845703,2.292071779117639,157.49661542973226,134.01286773362298
1.7979999999999128,125.75145721435547,125.66370391845703,2.264924225997156,141.31999234877136,125.30659075317043
1.7989999999999127,125.74140167236328,125.66370391845703,2.228231715877912,143.84145590960367,124.18632115803027
1.7999999999999126,125.73445892333984,125.66370391845703,2.1983499904909887,167.29622517309338,131.98122211175115
1.8009999999999124,125.73403930664062,125.66370391845703,2.1929307633811423,187.59480665993513,148.3977673722903
1.8019999999999123,125.73260498046875,125.66370391845703,2.1917962152635453,181.62179110262616,145.83020809426762
1.8029999999999122,125.73253631591797,125.66370391845703,2.185908414778312,191.54091010510513,149.27094859475903
1.8039999999999121,125.73666381835938,125.66370391845703,2.1901229425280317,219.2528272709264,159.83647780388546
1.804999999999912,125.74767303466797,125.66370391845703,2.21947884938796,238.8086999959368,177.14768316752577
1.805999999999912,125.75729370117188,125.66370391845703,2.248926778904822,230.46982252663466,173.6878859502537
1.8069999999999118,125.76707458496094,125.66370391845703,2.2696696023582272,234.20973688022426,174.09670532179885
1.8079999999999117,125.77910614013672,125.66370391845703,2.294011610209699,252.46980292093943,179.773618449191
1.8089999999999116,125.79549407958984,125.66370391845703,2.334539095191094,260.5904561182374,190.75686173651596
1.8099999999999115,125.8076400756836,125.66370391845703,2.3686170656629075,238.69065429131945,180.10083108205478
1.8109999999999113,125.81676483154297,125.66370391845703,2.3852777514865267,227.428116671287,172.52649707934933
1.8119999999999112,125.82490539550781,125.66370391845703,2.395995382993633,230.42180117541434,170.05433662684325
1.8129999999999111,125.83435821533203,125.66370391845703,2.4134620153472315,248.61140695387996,173.3704359639711
1.813999999999911,125.84720611572266,125.66370391845703,2.4496732418553377,240.3384981213916,181.94203597716202
1.814999999999911,125.85478973388672,125.66370391845703,2.4620777544562875,218.05576776245482,168.69993172564642
1.8159999999999108,125.85904693603516,125.66370391845703,2.461865575442587,209.80618429624272,160.32992898475615
1.8169999999999107,125.86246490478516,125.66370391845703,2.4617255572313947,217.68778605605434,158.23963911937204
1.8179999999999106,125.8675308227539,125.66370391845703,2.474567282627594,205.88296026704373,162.36958011369921
1.8189999999999105,125.86605072021484,125.66370391845703,2.466939263930169,177.19162878364207,145.90355398770313
1.8199999999999104,125.86046600341797,125.66370391845703,2.4434891328161013,164.74062675963333,135.58011292523398
1.8209999999999102,125.85388946533203,125.66370391845703,2.4180658351465816,171.17735664131777,133.05173749390462
1.8219999999999101,125.84944152832031,125.66370391845703,2.4056224583775965,167.2110539463158,138.40967941239208
1.82299999999991,125.83956909179688,125.66370391845703,2.3816045098818277,142.8695979097689,124.75683695720573
1.82399999999991,125.82720184326172,125.66370391845703,2.3439421538815406,136.85903550448268,118.4450133440841
1.8249999999999098,125.81584167480469,125.66370391845703,2.308051214174216,151.66988399688003,120.9720822395423
1.8259999999999097,125.80894470214844,125.66370391845703,2.290822774420146,161.5322886046346,132.21218732123157
1.8269999999999096,125.79916381835938,125.66370391845703,2.2716301466838513,147.881763376437,124.92958873474896
1.8279999999999095,125.7893295288086,125.66370391845703,2.244287776810484,152.18781362910067,124.7803303951692
1.8289999999999094,125.78274536132812,125.66370391845703,2.224665536978854,176.47215376723545,132.95492706619615
1.8299999999999093,125.7825698852539,125.66370391845703,2.2295031855272756,194.7781367780057,149.06161635267765
1.8309999999999091,125.7810287475586,125.66370391845703,2.2358212929979575,187.33116563815315,145.63611544091052
1.831999999999909,125.78031921386719,125.66370391845703,2.2361654768612005,194.97824671846925,147.73835612620658
1.832999999999909,125.78309631347656,125.66370391845703,2.244683722053679,219.67721967783632,156.5003708569781
1.8339999999999088,125.7918701171875,125.66370391845703,2.275704649882909,234.75124780885696,171.59014225304335
1.8349999999999087,125.79830169677734,125.66370391845703,2.303920363935987,222.22477534481325,165.7239181433508
1.8359999999999086,125.80394744873047,125.66370391845703,2.3211727825680506,221.85294295627858,163.75604348672934
1.8369999999999085,125.81095886230469,125.66370391845703,2.339719921990366,236.27847135370413,167.17648702575144
1.8379999999999084,125.82150268554688,125.66370391845703,2.372351918742086,241.4894996037835,176.10685164250066
1.8389999999999083,125.82715606689453,125.66370391845703,2.398270841133601,216.69446490011507,163.79513043748048
1.8399999999999082,125.82937622070312,125.66370391845703,2.405860510872497,203.6029570197497,155.17062632912024
1.840999999999908,125.8304443359375,125.66370391845703,2.407029208438867,205.90921661653883,152.26398193954992
1.841999999999908,125.8328857421875,125.66370391845703,2.4151173645176804,224.53959849222065,155.73029342574154
1.8429999999999078,125.83899688720703,125.66370391845703,2.4429351282176612,218.48831687468186,164.9726096625022
1.8439999999999077,125.84037017822266,125.66370391845703,2.4492697935031704,198.56216171631058,153.0501129411075
1.8449999999999076,125.83915710449219,125.66370391845703,2.444652955913495,193.67386533887895,146.54865493710733
1.8459999999999075,125.83800506591797,125.66370391845703,2.4423343269718463,205.6492275788288,146.69380946055557
1.8469999999999074,125.8394546508789,125.66370391845703,2.4556991537124184,198.12584619711237,153.2233894577431
1.8479999999999073,125.83537292480469,125.66370391845703,2.450478023757561,173.90582979437613,139.315288061096
1.8489999999999072,125.82820129394531,125.66370391845703,2.4318044471679365,165.94522519554144,131.53505527590744
1.849999999999907,125.8209457397461,125.66370391845703,2.4136368535870734,176.52643283847445,131.30650249602658
1.850999999999907,125.8165512084961,125.66370391845703,2.4107225459273023,174.4519473955233,138.5112881725315
1.8519999999999068,125.80729675292969,125.66370391845703,2.3957508852657314,152.468815607724,126.2604636191005
1.8529999999999067,125.79588317871094,125.66370391845703,2.368249964599158,147.94297194024804,120.8216577749343
1.8539999999999066,125.78556823730469,125.66370391845703,2.3431184818625685,163.18286439622273,123.57535178658507
1.8549999999999065,125.77953338623047,125.66370391845703,2.3363399744945763,170.40630847656624,134.32356892848077
1.8559999999999064,125.77017211914062,125.66370391845703,2.324517638795237,154.70427993517458,125.9649186226475
1.8569999999999063,125.76014709472656,125.66370391845703,2.3030833835266677,156.17985334040566,124.2629403211259
1.8579999999999062,125.7525863647461,125.66370391845703,2.287160685611037,176.96384879114635,130.45568475824743
1.858999999999906,125.75050354003906,125.66370391845703,2.292712356131116,190.4081120064,144.22935085553357
1.859999999999906,125.74607849121094,125.66370391845703,2.2965752402739654,178.4769436026217,138.34416127515144
1.8609999999999058,125.74156188964844,125.66370391845703,2.2918550443536323,181.89436377097374,138.09772614437878
1.8619999999999057,125.73968505859375,125.66370391845703,2.2926814905270665,202.84581590960923,144.72986239439552
1.8629999999999056,125.74308013916016,125.66370391845703,2.3137146333957794,215.38956379782115,158.00382854408784
1.8639999999999055,125.74361419677734,125.66370391845703,2.3318692909864187,200.40601864001778,150.80143552448337
1.8649999999999054,125.74310302734375,125.66370391845703,2.3383009658740335,198.8280698795462,148.1742122742413
1.8659999999999053,125.74395751953125,125.66370391845703,2.3459235206588587,213.35065425165777,151.61601355406285
1.8669999999999052,125.74862670898438,125.66370391845703,2.3684173302857556,220.7265462747435,161.2083106009913
1.867999999999905,125.74890899658203,125.66370391845703,2.386643625926831,198.14025636777873,150.18594391316282
1.868999999999905,125.74654388427734,125.66370391845703,2.388226779348721,188.4906441003052,143.51451323830358
1.8699999999999048,125.74400329589844,125.66370391845703,2.385725602024491,195.21785023635053,143.0579790809945
1.8709999999999047,125.74392700195312,125.66370391845703,2.3931104569277033,218.90949973142955,149.2712359895615
1.8719999999999046,125.74864959716797,125.66370391845703,2.4235852109192164,217.62739743619633,161.34173207515613
1.8729999999999045,125.749755859375,125.66370391845703,2.434345417486267,202.75228206273036,152.26412101124555
1.8739999999999044,125.74935150146484,125.66370391845703,2.4368184041146392,202.7124886612397,148.4462473171746
1.8749999999999043,125.74991607666016,125.66370391845703,2.444151618073635,218.95102356030776,150.89534769810092
1.8759999999999042,125.75376892089844,125.66370391845703,2.469218835503325,212.70739371568848,159.15864343513357
1.876999999999904,125.75254821777344,125.66370391845703,2.4743568302672148,190.45868749155954,146.39965268332753
1.877999999999904,125.7484359741211,125.66370391845703,2.4667678860926867,183.40344518807174,139.1229592158717
1.8789999999999039,125.74414825439453,125.66370391845703,2.4597698211618813,193.68402408501206,138.67781274121486
1.8799999999999037,125.74234008789062,125.66370391845703,2.467139885862815,187.74357381951648,144.9215534209214
1.8809999999999036,125.73504638671875,125.66370391845703,2.4587460096332188,162.81905141838064,131.102385805309
1.8819999999999035,125.72477722167969,125.66370391845703,2.4360526494833468,154.60624271583237,123.63097453543246
1.8829999999999034,125.71466064453125,125.66370391845703,2.413284396572894,165.58625505037716,123.98659762001226
1.8839999999999033,125.70777893066406,125.66370391845703,2.405731941784698,167.16839798585042,132.09675021883112
1.8849999999999032,125.6965103149414,125.66370391845703,2.389772271039672,146.55994721793132,121.0805012729285
1.885999999999903,125.68360900878906,125.66370391845703,2.3615231708202638,143.62720907840313,116.9520816472893
1.886999999999903,125.67236328125,125.66370391845703,2.3361129510354837,160.75138675018727,121.08267432960992
1.8879999999999029,125.66596221923828,125.66370391845703,2.3298727716488012,171.957629532016,133.26968136156384
1.8889999999999028,125.65682983398438,125.66370391845703,2.3218124191950746,158.16519978169626,126.40355160364986
1.8899999999999026,125.64752960205078,125.66370391845703,2.304600802927876,161.20141996034147,125.94883649992909
1.8909999999999025,125.6410903930664,125.66370391845703,2.2932260985366333,183.2597193271692,133.1387209184541
1.8919999999999024,125.64043426513672,125.66370391845703,2.3034862515048347,198.89307987619003,147.68055792523023
1.8929999999999023,125.63768005371094,125.66370391845703,2.313696890737074,187.2968021177328,142.3875079699717
1.8939999999999022,125.6348876953125,125.66370391845703,2.314689152187065,190.33202045847247,142.29161666382544
1.894999999999902,125.6346435546875,125.66370391845703,2.3201472785738875,210.36696534975704,148.70036122034458
1.895999999999902,125.63948059082031,125.66370391845703,2.3443458823913543,222.87712155998005,161.47959075765124
1.8969999999999019,125.6412124633789,125.66370391845703,2.366245804625329,206.02983082465147,153.660788292945
1.8979999999999018,125.64151763916016,125.66370391845703,2.3746329993509874,202.05937283735526,150.0914372803934
1.8989999999999017,125.64274597167969,125.66370391845703,2.3820961325742758,213.98077778462653,152.40702542967333
1.8999999999999015,125.64733123779297,125.66370391845703,2.402212613153747,241.98240414679026,160.85422665796605
1.9009999999999014,125.6573257446289,125.66370391845703,2.44724706231397,241.12337470887914,174.44893670595948
1.9019999999999013,125.66400146484375,125.66370391845703,2.4701223310873934,227.68208899844277,166.14071416979505
1.9029999999999012,125.66915893554688,125.66370391845703,2.484936111481696,227.77063623859712,162.30712185329563
1.903999999999901,125.6749496459961,125.66370391845703,2.503967098325147,242.7382373685975,163.92856950225524
1.904999999999901,125.68338775634766,125.66370391845703,2.5389650057618653,231.07484079492534,170.57998195680491
1.9059999999999009,125.68584442138672,125.66370391845703,2.549467300148114,204.73157925406235,155.5612456391022
1.9069999999999008,125.684326171875,125.66370391845703,2.5449481501112063,192.8643786188326,145.57016290106563
1.9079999999999007,125.68144226074219,125.66370391845703,2.538144601758449,197.86086838169052,142.11265902572194
1.9089999999999006,125.6797866821289,125.66370391845703,2.5423232568443304,185.25658244068973,145.22383088131224
1.9099999999999004,125.67143249511719,125.66370391845703,2.527378966206442,154.80304890361992,128.36492786374478
1.9109999999999003,125.65904998779297,125.66370391845703,2.4955278294174073,141.83888013878985,118.22778259997926
1.9119999999999002,125.64596557617188,125.66370391845703,2.461118584976635,149.12135042446207,116.45352577345196
1.9129999999999001,125.63553619384766,125.66370391845703,2.439908730615451,148.70474362117807,123.09683987022221
1.9139999999999,125.62043762207031,125.66370391845703,2.4103320015448437,126.80403270531586,111.3627172671886
1.9149999999999,125.60377502441406,125.66370391845703,2.3682113207594555,124.32758641188812,107.41678168918105
1.9159999999998998,125.58918762207031,125.66370391845703,2.329646628341222,143.61199792696277,112.60850366285977
1.9169999999998997,125.5802001953125,125.66370391845703,2.312260555974677,158.9197172106586,126.6553497166403
1.9179999999998996,125.5694808959961,125.66370391845703,2.2961740461534887,149.77922812106192,122.30681349124877
1.9189999999998995,125.55982208251953,125.66370391845703,2.274234837928711,158.68724734282645,124.96452528332351
1.9199999999998993,125.55442810058594,125.66370391845703,2.262388546159465,187.42421131246235,135.64578049524397
1.9209999999998992,125.55626678466797,125.66370391845703,2.2770778906309825,208.7150858027904,153.815200147301
1.9219999999998991,125.55738830566406,125.66370391845703,2.2937058610588497,203.60176050964404,152.02307772952628
1.922999999999899,125.55975341796875,125.66370391845703,2.3048839217387957,212.7767092697002,155.15761294791963
1.923999999999899,125.56575775146484,125.66370391845703,2.3240553121602794,238.1432654212087,164.2961650337473
1.9249999999998988,125.57765197753906,125.66370391845703,2.3646180721422283,251.68776714048093,179.1038688705641
1.9259999999998987,125.5868911743164,125.66370391845703,2.4002184053011644,237.03254139278891,172.43856238648212
1.9269999999998986,125.59481048583984,125.66370391845703,2.4228898982166793,233.8156681496412,169.1512294213639
1.9279999999998985,125.60340118408203,125.66370391845703,2.4443502158538397,244.91968230043653,170.83618072535543
1.9289999999998984,125.61473083496094,125.66370391845703,2.476947338517124,246.36120535645247,177.75586009366512
1.9299999999998982,125.62034606933594,125.66370391845703,2.5011474481894065,216.9600816338273,163.3876401923873
1.9309999999998981,125.62171936035156,125.66370391845703,2.504521260165191,199.57643767462943,152.75999300881628
1.931999999999898,125.62123107910156,125.66370391845703,2.4989543598878843,198.26767060259044,148.06204149166933
1.932999999999898,125.6215591430664,125.66370391845703,2.498008635886961,214.2583135930949,150.1025679198633
1.9339999999998978,125.62519073486328,125.66370391845703,2.5150689574224403,207.2684292925159,158.42216354371908
1.9349999999998977,125.62395477294922,125.66370391845703,2.511940901822914,186.09099305252167,146.2057243245251
1.9359999999998976,125.62027740478516,125.66370391845703,2.4973745525167583,181.40424505926669,140.04793430815056
1.9369999999998975,125.61705780029297,125.66370391845703,2.485336029899171,195.10726716594357,141.19318906648974
1.9379999999998974,125.6170883178711,125.66370391845703,2.4901506739980914,191.41626744316778,149.3619490687709
1.9389999999998973,125.61246490478516,125.66370391845703,2.479577748374736,170.50335630557748,137.67149211517003
1.9399999999998971,125.60580444335938,125.66370391845703,2.4574296614418203,166.95760033823635,132.5303799421566
1.940999999999897,125.60021209716797,125.66370391845703,2.4383354601967975,182.85319550189254,135.2308742905464
1.941999999999897,125.59872436523438,125.66370391845703,2.4376086340778262,186.0535553333634,145.5098368162422
1.9429999999998968,125.59356689453125,125.66370391845703,2.4273004991715315,168.99752930047498,136.3103236040095
1.9439999999998967,125.58736419677734,125.66370391845703,2.4070427104501095,169.33183597257252,133.67444815316227
1.9449999999998966,125.5832290649414,125.66370391845703,2.391745034144497,189.10478379673964,138.83891206954723
1.9459999999998965,125.58412170410156,125.66370391845703,2.3969682747014,198.20636201564892,151.4925478851515
1.9469999999998964,125.58220672607422,125.66370391845703,2.3965056223330166,184.36521735954173,144.42763306015007
1.9479999999998963,125.57984161376953,125.66370391845703,2.3870228766985906,186.7559232895293,143.28983730642807
1.9489999999998961,125.57987213134766,125.66370391845703,2.382889896510942,207.49302077271363,149.32040130563794
1.949999999999896,125.5850601196289,125.66370391845703,2.3989653905034007,217.79223524816516,162.26058773710253
1.950999999999896,125.58731842041016,125.66370391845703,2.410020719174994,202.76341461009025,154.92241323877766
1.9519999999998958,125.58868408203125,125.66370391845703,2.4102562374861085,202.4315774897948,152.67569743048554
1.9529999999998957,125.59174346923828,125.66370391845703,2.4131372416157033,219.28317580860804,156.93529241919478
1.9539999999998956,125.59906768798828,125.66370391845703,2.432754165362832,226.89601373905344,167.66801540181064
1.9549999999998955,125.60250854492188,125.66370391845703,2.4469755922544985,206.72276783244357,157.89740487543511
1.9559999999998954,125.60392761230469,125.66370391845703,2.4467375404115335,200.52794022220854,152.841892026482
1.9569999999998953,125.60588836669922,125.66370391845703,2.4450589963256255,211.3950305365211,154.20491448776988
1.9579999999998952,125.6110610961914,125.66370391845703,2.4560590053444464,217.07555266310848,162.25825613143016
1.958999999999895,125.61146545410156,125.66370391845703,2.463517233296369,192.19460424272106,150.2986314916528
1.959999999999895,125.60911560058594,125.66370391845703,2.4536732466255686,181.8114842363716,143.36456573236606
1.9609999999998948,125.60677337646484,125.66370391845703,2.439787346854786,189.52283305421395,143.39106844603145
1.9619999999998947,125.6073989868164,125.66370391845703,2.4367940004535367,215.9207416306112,150.85745482025757
1.9629999999998946,125.6136245727539,125.66370391845703,2.4590039362575027,219.07726590848537,164.92396432008096
1.9639999999998945,125.61723327636719,125.66370391845703,2.4650885063928003,208.4523566009408,158.33506339485564
1.9649999999998944,125.6204605102539,125.66370391845703,2.4656094609233064,213.75500973673718,157.41151510880863
1.9659999999998943,125.62592315673828,125.66370391845703,2.4742949386979203,236.14870890318008,163.02174339500155
1.9669999999998942,125.63597106933594,125.66370391845703,2.5043244746555637,235.1815445193156,174.5533205726946
1.967999999999894,125.64214324951172,125.66370391845703,2.516451305220133,218.1125904777979,164.82466634953704
1.968999999999894,125.64646911621094,125.66370391845703,2.5184947061364094,215.93409971752828,160.19905661715103
1.9699999999998938,125.6514663696289,125.66370391845703,2.5235576921875933,230.51095720061292,161.89461414636446
1.9709999999998937,125.65955352783203,125.66370391845703,2.544766057407454,225.24498332785961,169.66720279529216
1.9719999999998936,125.66240692138672,125.66370391845703,2.548740418193943,201.2178642157865,156.51902892446304
1.9729999999998935,125.66221618652344,125.66370391845703,2.538671333075893,192.76992096312878,148.86917388928467
1.9739999999998934,125.66178131103516,125.66370391845703,2.5280156858744367,202.42703629366082,148.24893524601532
1.9749999999998933,125.66390228271484,125.66370391845703,2.5309657945561157,199.0686106872099,154.68656535154363
1.9759999999998932,125.66067504882812,125.66370391845703,2.52170509625089,173.79911624341094,141.24580735659833
1.976999999999893,125.6546401977539,125.66370391845703,2.497664460882794,165.6597770453112,134.17267287680954
1.977999999999893,125.64897155761719,125.66370391845703,2.4732453003285233,177.4226816305702,135.0758107190521
1.9789999999998928,125.6468505859375,125.66370391845703,2.4641048954957396,182.60944146221837,144.00450609948038
1.9799999999998927,125.64070892333984,125.66370391845703,2.4502897232762577,162.69502212657312,133.87676027719613
1.9809999999998926,125.63320922851562,125.66370391845703,2.424228215275455,160.55099670565264,130.47510306937835
1.9819999999998925,125.62762451171875,125.66370391845703,2.40103411208595,178.79748454082377,135.27482932084936
1.9829999999998924,125.62718200683594,125.66370391845703,2.3970896443715843,193.08821693485356,148.18375140958864
1.9839999999998923,125.6242446899414,125.66370391845703,2.3943207035137455,179.55036212242877,141.92080025289977
1.9849999999998922,125.62122344970703,125.66370391845703,2.3820136579160223,182.5416361261661,141.70505792876259
1.985999999999892,125.6210708618164,125.66370391845703,2.3748161687328087,204.54217761944392,148.90116296578992
1.986999999999892,125.62667083740234,125.66370391845703,2.3882483261468743,221.73402227420485,163.36610396223978
1.9879999999998919,125.63005828857422,125.66370391845703,2.4036601913371025,208.78788533475128,157.8127515519904
1.9889999999998917,125.63314056396484,125.66370391845703,2.408416159668623,210.07396826786513,157.05890132966923
1.9899999999998916,125.638427734375,125.66370391845703,2.415794501775828,228.35954234975705,162.59824487129478
1.9909999999998915,125.64844512939453,125.66370391845703,2.4398730357274427,263.462504378792,174.50056766912508
1.9919999999998914,125.66524505615234,125.66370391845703,2.4929544105089145,268.38414192183376,191.57823672990338
1.9929999999998913,125.67992401123047,125.66370391845703,2.526021045371797,260.36216854477965,186.25750094438143
1.9939999999998912,125.69404602050781,125.66370391845703,2.5535917823902192,265.3002059536634,184.90625002964052
1.994999999999891,125.70954132080078,125.66370391845703,2.5873873857328924,284.2552726452931,188.36561456340337
1.995999999999891,125.72810363769531,125.66370391845703,2.6381916214822287,272.37933904678863,196.09995343228218
1.9969999999998909,125.74065399169922,125.66370391845703,2.6626126990614387,245.73458814551273,181.02509998346153
1.9979999999998908,125.74883270263672,125.66370391845703,2.671501654987906,232.21399412120658,170.03115293699906
1.9989999999998906,125.75489044189453,125.66370391845703,2.6767373554245704,234.32890720515363,164.71002614306997
1.9999999999998905,125.76114654541016,125.66370391845703,2.690531546749061,215.18004623527338,165.22729426925036
