t,omega,omega_ref,i_rms,p_el,p_mech
0.001,-0.05000000074505806,0.0,0.0,0.0,-0.0
0.002,-0.09999624639749527,0.39269908169872414,0.0033671751485073696,0.7698859881579255,-0.0
0.003,-0.14998875558376312,0.7853981633974483,0.010457775488506672,0.5488497632548077,-4.052666344270533e-09
0.004,-0.19997744262218475,1.1780972450961724,0.0876084958177157,3.5793754124399566,-2.095181478921886e-07
0.005,-0.24996234476566315,1.5707963267948966,0.18011434794028294,-5.918821584328796,-4.908141897934718e-07
0.006,-0.29994451999664307,1.9634954084936207,0.05297988639731957,-0.7299184029695558,5.467983210122203e-06
0.007,-0.3499247133731842,2.356194490192345,0.08183436063683562,4.570874421044424,1.8906222863219434e-05
0.008,-0.3999037444591522,2.748893571891069,0.2060668272348809,-4.108010491322256,4.206316951034209e-05
0.009000000000000001,-0.44987669587135315,3.141592653589793,0.11775698272332594,-1.2197570478083992,2.6462757710993272e-05
0.010000000000000002,-0.49984195828437805,3.5342917352885177,0.06488937850963318,1.6762907823079842,-9.956745081600729e-06
0.011000000000000003,-0.5497980713844299,3.9269908169872423,0.11032368237932168,0.7307795263114247,-7.019115917310253e-05
0.012000000000000004,-0.5997487306594849,4.319689898685967,0.10596318929305913,-0.8578364169524635,-9.746443047992283e-05
0.013000000000000005,-0.6497004628181458,4.7123889803846915,0.06721800957134762,0.32905800882294156,-4.255519542469998e-05
0.014000000000000005,-0.6996573805809021,5.105088062083415,0.1131023359639472,3.5199751099067926,7.930137766555435e-05
0.015000000000000006,-0.7496142387390137,5.49778714378214,0.2087709535412057,-1.6047333181093877,0.0001397672646124828
0.016000000000000007,-0.7995586395263672,5.890486225480864,0.16266493705786933,1.3532508790161895,9.798536958673392e-06
0.017000000000000008,-0.8494866490364075,6.283185307179589,0.16844379855270683,-0.4429277251247874,-0.0002046615316020923
0.01800000000000001,-0.899410605430603,6.6758843888783135,0.11574477922211726,0.888226090174965,-0.00022121079953462457
0.01900000000000001,-0.9493293166160583,7.068583470577038,0.08122104473510841,0.30704891086451,-0.000263132027677801
0.02000000000000001,-0.9992634654045105,7.461282552275763,0.03964167805323286,3.039993462939154,0.00010720203989807426
0.02100000000000001,-1.04921293258667,7.853981633974487,0.1137065949632153,1.631566067715175,0.0005115242469298707
0.022000000000000013,-1.0991549491882324,8.246680715673211,0.09225016187009294,-0.5112868856858208,0.0004564401503290116
0.023000000000000013,-1.1490682363510132,8.639379797371936,0.026805615182679068,3.4487368805259284,-9.80562679711205e-05
0.024000000000000014,-1.1989524364471436,9.03207887907066,0.13563815107054553,0.044731703608936524,-0.0007113089832439074
0.025000000000000015,-1.248852252960205,9.424777960769385,0.08498690475556961,2.2569785075704623,-0.000257187039258131
0.026000000000000016,-1.2987679243087769,9.817477042468107,0.09896643798055604,4.324200722206062,0.00024412405069608442
0.027000000000000017,-1.3486993312835693,10.210176124166832,0.15553025290681546,1.4059875994704907,0.0007760160510632606
0.028000000000000018,-1.3986154794692993,10.602875205865557,0.12157644073159991,2.416744526245203,0.0004840985600574383
0.02900000000000002,-1.448481798171997,10.995574287564281,0.17157402498300103,3.9135021679278026,-0.000831616397301468
0.03000000000000002,-1.4983285665512085,11.388273369263006,0.18714963720321479,3.46016300283392,-0.0013395738940329624
0.03100000000000002,-1.548194169998169,11.78097245096173,0.20143186826094384,5.332300251083887,-0.0006810886829282796
0.03200000000000002,-1.598078727722168,12.173671532660455,0.23863415849324196,4.2859160322821825,2.205243840708145e-05
0.03300000000000002,-1.6479275226593018,12.56637061435918,0.25245068468246307,5.985885315127007,-0.0010326543549273842
0.03400000000000002,-1.6977338790893555,12.959069696057904,0.2850955860367884,8.122935388012213,-0.0023780549936904746
0.035000000000000024,-1.7474912405014038,13.351768777756629,0.33433516734770274,7.510648789158095,-0.004030578399890108
0.036000000000000025,-1.7972697019577026,13.744467859455353,0.3699375221408731,9.681352133604019,-0.003252312542282058
0.037000000000000026,-1.8470677137374878,14.137166941154078,0.4169251578889056,11.896829113429362,-0.002481959905657357
0.03800000000000003,-1.896881341934204,14.529866022852802,0.4714575484095475,14.14813648375737,-0.0018171047549175702
0.03900000000000003,-1.9467042684555054,14.922565104551527,0.5308984854177523,15.323676392069205,-0.00135282654685215
0.04000000000000003,-1.9964011907577515,15.315264186250252,0.5922354915065611,20.849221555241783,-0.006272406904184973
0.04100000000000003,-2.045950174331665,15.707963267948976,0.6723402781499871,21.59033871147225,-0.012324134878507286
0.04200000000000003,-2.0954906940460205,16.1006623496477,0.739223421818909,24.986903151967063,-0.012825088675342461
0.04300000000000003,-2.1450107097625732,16.493361431346425,0.8105748491801031,28.683827549922274,-0.013850645768700797
0.04400000000000003,-2.1944923400878906,16.886060513045148,0.8858997530938343,32.68491722775438,-0.015689330392922973
0.04500000000000003,-2.243913173675537,17.278759594743875,0.9648192724243967,37.04577493128714,-0.018609523600298924
0.046000000000000034,-2.2932450771331787,17.671458676442597,1.0471719581103534,41.82624905782221,-0.022925989768126053
0.047000000000000035,-2.342453956604004,18.064157758141324,1.1329475445197354,47.09000957993705,-0.02900446044698432
0.048000000000000036,-2.3914990425109863,18.456856839840047,1.222239203466728,52.90443986393214,-0.037265674995905995
0.04900000000000004,-2.4403324127197266,18.849555921538773,1.315209610597541,59.34048955188221,-0.04818952712250679
0.05000000000000004,-2.4888973236083984,19.242255003237496,1.4120664812484587,66.07468779659604,-0.06231925737513918
0.05100000000000004,-2.5371315479278564,19.634954084936222,1.5122123481289385,73.0629846233507,-0.08013524186458401
0.05200000000000004,-2.5849661827087402,20.027653166634945,1.6150748508307222,80.63705096892438,-0.10211073302423478
0.05300000000000004,-2.6323249340057373,20.42035224833367,1.7208081529976185,88.83990399759342,-0.128838387964326
0.05400000000000004,-2.679123878479004,20.813051330032394,1.8295588525974225,97.70910132203707,-0.1609516122027798
0.05500000000000004,-2.7252695560455322,21.20575041173112,1.9414544028899625,107.2790834832488,-0.19912204880179143
0.05600000000000004,-2.770660877227783,21.598449493429843,2.056600066656071,117.5809475083509,-0.24405766621594938
0.057000000000000044,-2.8151869773864746,21.99114857512857,2.175077230478704,128.64222494828465,-0.2964999871824067
0.058000000000000045,-2.8587279319763184,22.383847656827292,2.296942700556264,140.48669048857772,-0.35722075521035657
0.059000000000000045,-2.901154041290283,22.77654673852602,2.4222287384968713,153.13420108628102,-0.4270176433861888
0.060000000000000046,-2.9423258304595947,23.16924582022474,2.5509436475286353,166.60056509173899,-0.5067090526275341
0.06100000000000005,-2.982093334197998,23.561944901923464,2.683072757647589,180.8974405936632,-0.5971276922834415
0.06200000000000005,-3.020296096801758,23.95464398362219,2.8185796880055998,196.0322620234731,-0.6991129904235475
0.06300000000000004,-3.056762933731079,24.347343065320914,2.957407789063252,212.00819386824412,-0.813502069232192
0.06400000000000004,-3.0913116931915283,24.740042147019636,3.0994816871874775,228.8241101714966,-0.9411191515869856
0.06500000000000004,-3.123748779296875,25.13274122871836,3.2447088712855128,246.47459834803155,-1.0827631513500018
0.06600000000000004,-3.1538689136505127,25.525440310417085,3.3929812752274664,254.89755062652767,-1.2391933885783795
0.06700000000000005,-3.1826844215393066,25.91813939211581,3.535912934858802,266.35767644694647,-1.333407758652352
0.06800000000000005,-3.2100110054016113,26.310838473814535,3.675582444168302,277.3702664809181,-1.440307106766378
0.06900000000000005,-3.235633373260498,26.703537555513257,3.8118688950679993,287.9487024697191,-1.5619668822103137
0.07000000000000005,-3.2593166828155518,27.096236637211984,3.944721648127028,298.1482702292096,-1.6996651329599743
0.07100000000000005,-3.280808210372925,27.488935718910707,4.074153740938368,308.0270924393698,-1.8545782487207918
0.07200000000000005,-3.299837112426758,27.88163480060943,4.200229975031222,317.64534411744694,-2.027752872370523
0.07300000000000005,-3.3161158561706543,28.274333882308156,4.3230575013367725,327.0645648864967,-2.2200690153148894
0.07400000000000005,-3.3293402194976807,28.66703296400688,4.442778113530066,336.34699253319815,-2.4322001344789137
0.07500000000000005,-3.3391921520233154,29.059732045705605,4.559561804118879,345.5549237271585,-2.6645733800951725
0.07600000000000005,-3.345338821411133,29.452431127404328,4.67360126242025,354.7501055146155,-2.917325932702376
0.07700000000000005,-3.347435474395752,29.845130209103054,4.7851070810773075,363.9931606778403,-3.190263249084917
0.07800000000000006,-3.3451263904571533,30.237829290801777,4.8943035018306595,373.34304955192124,-3.482815825845778
0.07900000000000006,-3.338046073913574,30.630528372500503,5.001424578608589,382.85657037933873,-3.7939964613903365
0.08000000000000006,-3.3258204460144043,31.023227454199226,5.106710671313922,392.587899765245,-4.1223584578900345
0.08100000000000006,-3.308070182800293,31.415926535897952,5.210405210224072,402.588174278944,-4.465958280567225
0.08200000000000006,-3.284409761428833,31.808625617596675,5.312751690957628,412.90511373605284,-4.822315626357237
0.08300000000000006,-3.2544515132904053,32.2013246992954,5.413990875080887,423.5826861975629,-5.18838291365577
0.08400000000000006,-3.2178051471710205,32.59402378099413,5.51435818273927,434.6608142426012,-5.560512658829663
0.08500000000000006,-3.1740810871124268,32.98672286269285,5.614081271982817,446.1751216169334,-5.934434893348755
0.08600000000000006,-3.1228909492492676,33.379421944391574,5.713377805272192,458.15671893452526,-6.305235389481163
0.08700000000000006,-3.063850164413452,33.772121026090296,5.812453407417236,470.6320267196851,-6.667343268033895
0.08800000000000006,-2.9965782165527344,34.164820107789026,5.9114998212377765,483.6226337267326,-7.014520151678285
0.08900000000000007,-2.920701265335083,34.55751918948775,6.010693267816366,497.14518816651315,-7.339860535794785
0.09000000000000007,-2.8358523845672607,34.95021827118647,6.110193017576233,511.2113192074639,-7.6357936404534
0.09100000000000007,-2.7416749000549316,35.342917352885195,6.210140176793533,525.827585905764,-7.894099809014164
0.09200000000000007,-2.6378211975097656,35.735616434583925,6.310656691764449,540.9954505562388,-8.105922157380364
0.09300000000000007,-2.523955821990967,36.12831551628265,6.411844569915394,556.7112733443181,-8.2617963114781
0.09400000000000007,-2.3997554779052734,36.52101459798137,6.513785313884697,572.966325120241,-8.351678319633754
0.09500000000000007,-2.2649106979370117,36.91371367968009,6.6165395612226465,589.7468151100076,-8.364983845840637
0.09600000000000007,-2.119126558303833,37.306412761378816,6.7201469190442324,596.6640659553703,-8.290630583578402
0.09700000000000007,-1.9654619693756104,37.699111843077546,6.820213900532246,597.1275104822862,-7.999650659095185
0.09800000000000007,-1.803698182106018,38.09181092477627,6.913463445295946,596.8098240238495,-7.633839727417677
0.09900000000000007,-1.6335911750793457,38.48451000647499,7.000075980859277,595.8678506496152,-7.1868787965596335
0.10000000000000007,-1.454904317855835,38.877209088173714,7.080287404526709,594.409777799523,-6.650783420714973
0.10100000000000008,-1.2674111127853394,39.269908169872444,7.154348794915622,592.5426648307508,-6.017265733719808
0.10200000000000008,-1.0708962678909302,39.66260725157117,7.222524583507814,590.3726908999345,-5.2778006427716795
0.10300000000000008,-0.8651578426361084,40.05530633326989,7.285091356001836,588.004684390533,-4.423692194432492
0.10400000000000008,-0.6500086188316345,40.44800541496861,7.342336759770694,585.5416719912961,-3.4461424415876913
0.10500000000000008,-0.42527738213539124,40.84070449666734,7.394558487273369,583.0844548902742,-2.336324931900223
0.10600000000000008,-0.19081038236618042,41.233403578366065,7.442063313803294,580.7312093892962,-1.0854633432064287
0.10700000000000008,0.05352763086557388,41.62610266006479,7.485166169769438,578.5771086698322,0.3150890189669968
0.10800000000000008,0.3078525960445404,42.01880174176351,7.524189228750926,576.71396204503,1.873769277237062
0.10900000000000008,0.5722602009773254,42.41150082346224,7.5594609931023795,575.2298677099831,3.59872382248002
0.11000000000000008,0.8468255996704102,42.804199905160964,7.591315359083814,574.2088747604014,5.497731980099327
0.11100000000000008,1.1316026449203491,43.196898986859686,7.620090643496385,573.7306500967222,7.57812893433528
0.11200000000000009,1.426624059677124,43.58959806855841,7.646128553765557,573.8701457737868,9.846738132474783
0.11300000000000009,1.7319011688232422,43.98229715025714,7.669773083461674,574.6972624020316,12.309805731127545
0.11400000000000009,2.047424554824829,44.37499623195586,7.6913693155158915,576.2765043605916,14.972947326505981
0.11500000000000009,2.3731637001037598,44.767695313654585,7.711262116004311,578.6666228507248,17.84109448762912
0.11600000000000009,2.7090678215026855,45.16039439535331,7.729794702455282,581.920243203762,20.918457250425465
0.11700000000000009,3.0550670623779297,45.55309347705204,7.747307072293498,586.08347336442,24.208498048500243
0.11800000000000009,3.411072254180908,45.94579255875076,7.764134279362649,591.1954911001383,27.713903211523977
0.11900000000000009,3.776977062225342,46.33849164044948,7.780604549534155,597.2881082411084,31.43658170047014
0.12000000000000009,4.152657985687256,46.731190722148206,7.797037230248595,604.3853111338726,35.377655494963925
0.1210000000000001,4.537975311279297,47.12388980384693,7.813740573443977,612.5027774924375,39.537465111540776
0.1220000000000001,4.932775974273682,47.51658888554566,7.831009356646153,604.3137966643404,43.915599275463094
0.1230000000000001,5.333144187927246,47.90928796724438,7.842700431068911,587.1834624736603,48.07703796513732
0.1240000000000001,5.73869514465332,48.301987048943104,7.8450916392973316,569.9430276009518,52.3312711411862
0.12500000000000008,6.1490797996521,48.69468613064183,7.838612857613105,552.9228478740253,56.67175670775614
0.12600000000000008,6.563953399658203,49.08738521234054,7.8237869310572306,536.371054544254,61.088726495489674
0.12700000000000009,6.982977390289307,49.48008429403927,7.801185106219816,520.534691881997,65.57242661873148
0.12800000000000009,7.405819416046143,49.872783375737995,7.771428882072142,505.6590662009703,70.11323748287168
0.1290000000000001,7.832155704498291,50.26548245743672,7.735192243101888,491.985824531068,74.70178746476462
0.1300000000000001,8.26167106628418,50.65818153913544,7.693203561769692,479.75088708059457,79.32904475326762
0.1310000000000001,8.694061279296875,51.05088062083417,7.646247000523693,469.1822546809139,83.98643084855034
0.1320000000000001,9.129035949707031,51.443579702532894,7.595163216063368,460.49770195131816,88.6659363319663
0.1330000000000001,9.566313743591309,51.83627878423162,7.5408491320688,453.90237022200995,93.36015780596985
0.1340000000000001,10.005633354187012,52.22897786593034,7.484256510155331,449.5862778696811,98.06248053577454
0.1350000000000001,10.446743965148926,52.62167694762907,7.426389016161318,447.72176943984255,102.76705287241818
0.1360000000000001,10.889416694641113,53.01437602932779,7.368297455367917,448.4609286845642,107.46895424697347
0.1370000000000001,11.333436965942383,53.407075111026515,7.31107284297784,451.93298436024594,112.16416343670915
0.1380000000000001,11.77861213684082,53.79977419272524,7.2558369938225855,458.24174122861365,116.84966177385844
0.1390000000000001,12.224766731262207,54.19247327442397,7.203730367432362,467.46307210284425,121.52339757270454
0.1400000000000001,12.671745300292969,54.58517235612269,7.155897000506419,479.6425098956384,126.18430778615713
0.1410000000000001,13.119416236877441,54.97787143782141,7.113466505197129,469.9317801077693,130.8323302633541
0.1420000000000001,13.56510066986084,55.370570519520136,7.066479053688997,452.54140652088466,134.74697145032525
0.1430000000000001,14.008210182189941,55.76326960121886,7.01199338212159,437.26443485151003,138.4367472610817
0.1440000000000001,14.448227882385254,56.15596868291759,6.951284982453606,424.5731634722116,141.90132142018396
0.1450000000000001,14.884688377380371,56.54866776461631,6.885795359365511,414.8365289573394,145.13884021012925
0.1460000000000001,15.317180633544922,56.941366846315034,6.817089563019325,408.39550643937355,148.15047844903518
0.1470000000000001,15.745348930358887,57.33406592801376,6.74685253722196,405.5586643373153,150.94041530445347
0.1480000000000001,16.168893814086914,57.72676500971249,6.676881172204491,406.59675536614526,153.515724593519
0.1490000000000001,16.587570190429688,58.11946409141121,6.609070259699363,411.737431246106,155.88619353067682
0.1500000000000001,17.001188278198242,58.51216317310993,6.545391041789943,421.16018811146927,158.06412768901475
0.1510000000000001,17.40961265563965,58.904862254808656,6.487861226369087,434.9916414851628,160.06409953939365
0.1520000000000001,17.81276512145996,59.297561336507385,6.43850577188642,453.30123086498753,161.902697828497
0.1530000000000001,18.21061134338379,59.69026041820611,6.399308482910551,476.09745318372063,163.59809971632717
0.1540000000000001,18.603174209594727,60.08295949990483,6.372155511181667,503.32472147505206,165.16986387318505
0.1550000000000001,18.990520477294922,60.475658581603554,6.358773144891323,499.1362817010027,166.6384619478395
0.1560000000000001,19.372255325317383,60.868357663302284,6.341936322917567,494.18229003422215,167.82526516315855
0.1570000000000001,19.747812271118164,61.26105674500101,6.322612066836073,492.48713563304403,168.65045801775204
0.1580000000000001,20.1167049407959,61.65375582669973,6.3027391064629885,494.42949280200025,169.1306694161337
0.1590000000000001,20.478527069091797,62.04645490839845,6.284349330580814,500.32733482223415,169.2877454960585
0.16000000000000011,20.832950592041016,62.43915399009718,6.269532917151502,510.44118349264966,169.14686625124338
0.16100000000000012,21.179731369018555,62.831853071795905,6.260398310878363,524.9678353551598,168.73613827649203
0.16200000000000012,21.518701553344727,63.22455215349463,6.25902329869825,544.0345519480289,168.08605022790238
0.16300000000000012,21.84976577758789,63.61725123519335,6.267398254593071,567.6940419466375,167.22892752506343
0.16400000000000012,22.17290687561035,64.00995031689207,6.287363912981389,595.9203747555208,166.19843623439854
0.16500000000000012,22.48816680908203,64.4026493985908,6.32054726756809,628.6059513659412,165.02888524796387
0.16600000000000012,22.7956600189209,64.79534848028952,6.368300186449446,633.5131145697848,163.75477666247446
0.16700000000000012,23.09718132019043,65.18804756198826,6.414986334691329,631.4517229082527,163.17309140388883
0.16800000000000012,23.39215660095215,65.58074664368698,6.4577548177119315,631.7224700486884,162.20408339883156
0.16900000000000012,23.680070877075195,65.9734457253857,6.4982352068735345,634.807391288465,160.86814846126077
0.17000000000000012,23.960508346557617,66.36614480708442,6.538149265219509,641.0738021959263,159.20005190259286
0.17100000000000012,24.233139038085938,66.75884388878315,6.579241729675053,650.8259082413152,157.2375653375396
0.17200000000000013,24.497718811035156,67.15154297048187,6.623243721564746,664.2979971043903,155.02080251634916
0.17300000000000013,24.75409698486328,67.54424205218059,6.6718321102589515,681.6478721970067,152.59166366206506
0.17400000000000013,25.002201080322266,67.93694113387932,6.726585715818033,702.9513644197299,149.99310601400862
0.17500000000000013,25.24203872680664,68.32964021557805,6.788940216333395,728.1980849272496,147.26851422522896
0.17600000000000013,25.47369384765625,68.72233929727678,6.860144111278023,757.2885550011401,144.46103598861876
0.17700000000000013,25.697324752807617,69.1150383789755,6.941218370768739,754.6320706166518,141.61294595431363
0.17800000000000013,25.91537094116211,69.50773746067422,7.016859783519793,744.8653987034146,139.92970332437056
0.17900000000000013,26.127382278442383,69.90043654237294,7.083752918221932,736.5485623103938,137.92921579110168
0.18000000000000013,26.332969665527344,70.29313562407167,7.143405074786371,730.3283071544206,135.639125806644
0.18100000000000013,26.53183364868164,70.68583470577039,7.197456416878341,726.7258389879685,133.10412481712143
0.18200000000000013,26.723766326904297,71.07853378746911,7.247606863440848,726.1924822596012,130.37123173562588
0.18300000000000013,26.908655166625977,71.47123286916785,7.295586648021493,729.1008631027792,127.48899582257023
0.18400000000000014,27.086467742919922,71.86393195086657,7.3431231879865,735.7364526751044,124.50670820932947
0.18500000000000014,27.257265090942383,72.2566310325653,7.391904162693946,746.2905453006317,121.47373979026075
0.18600000000000014,27.42118263244629,72.64933011426402,7.443537692776107,760.8548608659648,118.43872972393548
0.18700000000000014,27.57843589782715,73.04202919596274,7.49951097085,779.4179208638911,115.4489121651142
0.18800000000000014,27.729310989379883,73.43472827766146,7.561149102361252,767.3504103885773,112.54941119182347
0.18900000000000014,27.87567901611328,73.82742735936019,7.6156984557233685,743.8815872260772,110.63749114206242
0.19000000000000014,28.017353057861328,74.22012644105891,7.657913969136739,722.3584455842167,108.57508711049981
0.19100000000000014,28.154212951660156,74.61282552275763,7.689564052234195,703.6835200909068,106.40111095418565
0.19200000000000014,28.286230087280273,75.00552460445637,7.712615678281955,688.5534474421348,104.16665148017888
0.19300000000000014,28.413467407226562,75.39822368615509,7.729136832355065,677.5675691869294,101.92365698220148
0.19400000000000014,28.536069869995117,75.79092276785381,7.741266097709389,671.2177228047974,99.72397613427998
0.19500000000000015,28.654268264770508,76.18362184955254,7.7511770483662685,669.8784310064776,97.61854720951757
0.19600000000000015,28.76837158203125,76.57632093125126,7.761036578790824,673.799203237122,95.65657141001796
0.19700000000000015,28.87876319885254,76.96902001294998,7.7729576466886146,683.0991379772559,93.88474421193587
0.19800000000000015,28.98589324951172,77.3617190946487,7.788947559464561,697.7639508650421,92.34653483211895
0.19900000000000015,29.090269088745117,77.75441817634743,7.810853645327105,681.2510629339888,91.08153588436251
0.20000000000000015,29.192537307739258,78.14711725804617,7.825982804140701,652.4218717866531,90.17566253590154
0.20100000000000015,29.292831420898438,78.53981633974489,7.829074170225768,627.3845504334348,89.3329790559846
0.20200000000000015,29.391359329223633,78.93251542144361,7.822353144702978,607.1090697892243,88.60100240127483
0.20300000000000015,29.48841667175293,79.32521450314233,7.808266310610125,592.2952295687513,88.02938640259637
0.20400000000000015,29.584369659423828,79.71791358484107,7.789372607906726,583.5057524501782,87.66650146026277
0.20500000000000015,29.679655075073242,80.11061266653978,7.768302162313751,581.157396018597,87.55858653794483
0.20600000000000016,29.774784088134766,80.50331174823852,7.747707017748567,585.5130294745072,87.74898237736967
0.20700000000000016,29.870319366455078,80.89601082993723,7.730202913240977,596.6765278429567,88.27735555898428
0.20800000000000016,29.966875076293945,81.28870991163596,7.718303017803988,614.5905921661052,89.1790720033337
0.20900000000000016,30.065109252929688,81.68140899333468,7.714345710739752,639.0375279579607,90.48463850889569
0.21000000000000016,30.165708541870117,82.07410807503341,7.7204197565240795,616.3506816103104,92.21921750254674
0.21100000000000016,30.267841339111328,82.46680715673213,7.716327831939883,595.3286589422434,93.46454457054638
0.21200000000000016,30.37184715270996,82.85950623843087,7.703500130094943,579.7526670077622,94.92758235799116
0.21300000000000016,30.47814178466797,83.25220532012958,7.684557754247967,570.3224327343441,96.6605154798225
0.21400000000000016,30.587209701538086,83.64490440182831,7.662247407943996,567.562068511451,98.70676092989909
0.21500000000000016,30.699586868286133,84.03760348352702,7.639377929049444,571.8321025963344,101.10691123628023
0.21600000000000016,30.81586265563965,84.43030256522576,7.618759674723174,583.3226435644592,103.89807886267315
0.21700000000000016,30.936668395996094,84.82300164692448,7.60313402678181,602.049188830477,107.11319595982386
0.21800000000000017,31.062665939331055,85.2157007286232,7.595094433005652,627.8515974046252,110.78038621301843
0.21900000000000017,31.19454002380371,85.60839981032193,7.59700214486307,660.3962404666789,114.92242705217095
0.22000000000000017,31.332983016967773,86.00109889202066,7.610901356959313,639.9035268517218,119.55626266495155
0.22100000000000017,31.475976943969727,86.39379797371937,7.6134083840268305,624.6267342716588,122.97202612686206
0.22200000000000017,31.623815536499023,86.78649705541811,7.608143911290836,614.9761651065388,126.62221665670607
0.22300000000000017,31.776887893676758,87.17919613711682,7.597790120437489,611.5873864149902,130.56723904896586
0.22400000000000017,31.93563461303711,87.57189521881556,7.585116865163154,614.9467840761704,134.85175176234412
0.22500000000000017,32.10055160522461,87.96459430051428,7.5729317054792595,625.3657028961206,139.51733518623465
0.22600000000000017,32.272178649902344,88.357293382213,7.564010668758429,642.9729363595529,144.60175171593608
0.22700000000000017,32.451087951660156,88.74999246391172,7.561019591034074,667.710503362527,150.1381195265973
0.22800000000000017,32.63787841796875,89.14269154561046,7.566428590630732,699.3328586248432,156.1541640582268
0.22900000000000018,32.83315658569336,89.53539062730917,7.582423830169882,691.2892759511357,162.67146540805916
0.23000000000000018,33.034271240234375,89.9280897090079,7.5912612761428075,673.8120230368257,167.53588602456608
0.23100000000000018,33.241329193115234,90.32078879070662,7.590348225762635,661.5374022267583,172.5461355867708
0.23200000000000018,33.454532623291016,90.71348787240535,7.5823520591978575,655.4013242313262,177.7762665202145
0.23300000000000018,33.67416763305664,91.10618695410407,7.570135859868816,656.0506336404618,183.28270654942347
0.23400000000000018,33.90057373046875,91.4988860358028,7.556651167348558,663.9435901539462,189.11934734567737
0.23500000000000018,34.13416290283203,91.89158511750152,7.544867109333436,679.3391495644819,195.3366708974061
0.23600000000000018,34.375389099121094,92.28428419920024,7.537688087739144,702.2886768176692,201.98046822610857
0.23700000000000018,34.62474822998047,92.67698328089897,7.537861317191883,732.6315899817791,209.09075270352324
0.23800000000000018,34.88276290893555,93.0696823625977,7.547877961921383,730.9209219882765,216.70063184369778
0.23900000000000018,35.146522521972656,93.46238144429641,7.55322246569556,711.4041766471246,222.38981909377017
0.24000000000000019,35.41590881347656,93.85508052599515,7.547694320472361,697.2774351724743,228.09387797374916
0.2410000000000002,35.69093322753906,94.24777960769386,7.534148868573251,689.7122902510981,233.9046830701958
0.2420000000000002,35.971710205078125,94.6404786893926,7.515722144522556,689.4915119401594,239.89690519481226
0.2430000000000002,36.25844192504883,95.03317777109132,7.495682441801203,697.1829261515031,246.14354358841342
0.2440000000000002,36.55141830444336,95.42587685279004,7.4773496661292205,713.1246838630805,252.71445290702326
0.2450000000000002,36.85100555419922,95.81857593448876,7.46399925871468,737.4129673380103,259.674613701413
0.2460000000000002,37.15763473510742,96.2112750161875,7.458751533789366,769.8945391779558,267.08240877384304
0.2470000000000002,37.47177505493164,96.60397409788621,7.464450786647423,767.9666948211793,274.98782485292287
0.2480000000000002,37.79054260253906,96.99667317958495,7.465304415266246,749.7076850416141,280.8428906158866
0.2490000000000002,38.113643646240234,97.38937226128365,7.455807610779129,737.5614415992724,286.5665265269618
0.25000000000000017,38.44094467163086,97.78207134298239,7.439169060494549,732.7736802551866,292.27257006821566
0.25100000000000017,38.772430419921875,98.17477042468109,7.418897695327322,736.1748897649003,298.05951338945505
0.25200000000000017,39.108219146728516,98.56746950637982,7.398640088539851,748.340114642337,304.02489668280623
0.25300000000000017,39.44853591918945,98.96016858807855,7.382076550004645,769.5703276318891,310.2628577800217
0.25400000000000017,39.79370880126953,99.35286766977727,7.372797214276568,799.8776665360514,316.8616496916481
0.25500000000000017,40.14414596557617,99.74556675147599,7.374160757058709,838.9770334875868,323.9010093850426
0.25600000000000017,40.50033187866211,100.13826583317473,7.389143082053431,826.4679512431469,331.44973342876216
0.2570000000000002,40.8595085144043,100.53096491487344,7.394101940527875,812.8057616288181,336.85857347275186
0.2580000000000002,41.221282958984375,100.92366399657217,7.390485410807236,806.1524559450103,342.00487955965843
0.2590000000000002,41.58544158935547,101.31636307827088,7.381893373181857,807.5949469193473,347.02830299906907
0.2600000000000002,41.95191192626953,101.70906215996962,7.372128299090992,817.8907505764847,352.0544667521714
0.2610000000000002,42.3207893371582,102.10176124166834,7.365063527505479,837.4904278159515,357.2075975098024
0.2620000000000002,42.692291259765625,102.49446032336706,7.36450622666508,866.5165585494591,362.6068499757305
0.2630000000000002,43.06675338745117,102.88715940506579,7.374040282752669,904.7499354643742,368.36279165304524
0.2640000000000002,43.444618225097656,103.27985848676452,7.396856856817195,892.9640141720005,374.57387073528844
0.2650000000000002,43.82377624511719,103.67255756846323,7.410149005884586,877.0588036730736,379.00221400461874
0.2660000000000002,44.20368194580078,104.06525665016197,7.4138245689215125,868.2510926321509,382.97423812294636
0.2670000000000002,44.583988189697266,104.45795573186068,7.411681118346661,867.8285232339971,386.6528754514174
0.2680000000000002,44.96453857421875,104.85065481355942,7.407766998487084,876.6800969692849,390.1952758885558
0.2690000000000002,45.34534454345703,105.24335389525814,7.406216435857209,895.3399051681117,393.75834652106676
0.2700000000000002,45.726585388183594,105.63605297695686,7.4110927855008955,923.960739757055,397.4941704903799
0.2710000000000002,46.10858917236328,106.02875205865558,7.426209297521398,962.2968644801189,401.54510129945794
0.2720000000000002,46.4918098449707,106.42145114035432,7.454936673098468,942.3260767560798,406.0388977397962
0.2730000000000002,46.87461853027344,106.81415022205303,7.471183207937205,924.7571985220097,409.0244003324396
0.2740000000000002,47.25642395019531,107.20684930375177,7.47760472193956,914.9501054951602,411.43572699048553
0.2750000000000002,47.63685607910156,107.59954838545048,7.478328503232466,914.2252394439828,413.46284695988635
0.2760000000000002,48.01573944091797,107.99224746714921,7.477707799538512,923.4974785232768,415.2948064740079
0.2770000000000002,48.39310836791992,108.38494654884794,7.480153082377462,943.262093301686,417.12023435617317
0.2780000000000002,48.7691764831543,108.77764563054666,7.489947430618222,973.5657309086251,419.12102093800297
0.2790000000000002,49.144325256347656,109.17034471224538,7.511038939327773,964.5568385754971,421.46609128825395
0.2800000000000002,49.517799377441406,109.56304379394412,7.525976026004397,939.1466053997065,423.0411518689696
0.2810000000000002,49.88889694213867,109.95574287564283,7.528522519279518,921.5672341521972,423.8689029783729
0.2820000000000002,50.257144927978516,110.34844195734156,7.523023224378943,913.6650765438858,424.15837118073966
0.2830000000000002,50.622291564941406,110.74114103904027,7.514246832325071,916.6590911277203,424.13108621678856
0.2840000000000002,50.98432159423828,111.13384012073901,7.507121567130648,931.2891541892219,424.0115724369306
0.2850000000000002,51.343421936035156,111.52653920243772,7.506530483915993,957.7780239138183,424.01935105084533
0.2860000000000002,51.69997787475586,111.91923828413645,7.517073764665821,995.8074182536232,424.3611500276024
0.2870000000000002,52.054542541503906,112.31193736583518,7.542810308355182,967.7382138206599,425.2230992919468
0.2880000000000002,52.406333923339844,112.7046364475339,7.554623226150148,947.8819027944531,425.2219160076187
0.2890000000000002,52.75484085083008,113.09733552923262,7.557294579695594,937.7194797976717,424.6094551808865
0.2900000000000002,53.09977722167969,113.49003461093136,7.555697298953449,938.6198567827504,423.623119652177
0.2910000000000002,53.441097259521484,113.88273369263007,7.554895258286258,951.4353409084606,422.50565272258694
0.2920000000000002,53.77896499633789,114.2754327743288,7.559920822509713,976.4467089442229,421.49554644515405
0.2930000000000002,54.1137580871582,114.66813185602751,7.575518710247329,1013.3355832103342,420.8179905090309
0.2940000000000002,54.44602584838867,115.06083093772625,7.6058688245229025,983.1119951724502,420.67573203916453
0.2950000000000002,54.775272369384766,115.45353001942497,7.621771958921963,960.3021150600559,419.9440814211884
0.2960000000000002,55.10100173950195,115.8462291011237,7.627463008243159,947.4820882501323,418.5878175326423
0.2970000000000002,55.42293930053711,116.23892818282242,7.627979459269476,946.1529824362963,416.8566940875594
0.2980000000000002,55.74104690551758,116.63162726452116,7.628576936230396,957.228512351601,415.009052038394
0.2990000000000002,56.055519104003906,117.02432634621987,7.634480423070279,980.9863124163951,413.2984797349441
0.3000000000000002,56.36674499511719,117.4170254279186,7.650607280606123,972.2425046860643,411.96310541489476
0.3010000000000002,56.674896240234375,117.80972450961731,7.662931185117877,937.4549976261734,410.7555615712539
0.3020000000000002,56.979347229003906,118.20242359131605,7.660555053031791,912.2679191245815,408.77305486209525
0.3030000000000002,57.27971267700195,118.59512267301477,7.648625421069625,899.1024363438972,406.2723636749063
0.3040000000000002,57.57585525512695,118.9878217547135,7.632880345176052,899.451186510164,403.5351082854415
0.3050000000000002,57.867881774902344,119.38052083641222,7.619263878396883,914.1096735926369,400.84511755639136
0.3060000000000002,58.15613555908203,119.77321991811095,7.613634491407751,943.1292737668789,398.47611212401137
0.3070000000000002,58.44115447998047,120.16591899980966,7.6214290411408525,929.2089879117678,396.67946612952665
0.3080000000000002,58.722991943359375,120.5586180815084,7.623781484677468,899.516355095855,394.87358250733854
0.3090000000000002,59.00121307373047,120.95131716320711,7.614345276977972,881.4007479560906,392.50941604402703
0.3100000000000002,59.2756462097168,121.34401624490584,7.59883803838874,876.9764170771695,389.86473649576055
0.3110000000000002,59.54635238647461,121.73671532660457,7.583441157101382,887.4004413156533,387.2321039794299
0.3120000000000002,59.81363296508789,122.12941440830329,7.5743900266205895,913.0334231335862,384.8980164262526
0.3130000000000002,60.078006744384766,122.52211349000201,7.577618205940497,953.4058298650406,383.1293986858639
0.3140000000000002,60.34017562866211,122.91481257170075,7.598365463885501,928.1588504936517,382.1607455761677
0.3150000000000002,60.59984588623047,123.30751165339946,7.6076427757718355,907.0552162834396,380.8070722677024
0.3160000000000002,60.85678482055664,123.7002107350982,7.60814151943628,898.4240643018844,379.11653058237124
0.3170000000000002,61.11097717285156,124.0929098167969,7.6057341218877745,903.8169715083535,377.3711893831831
0.3180000000000002,61.36265182495117,124.48560889849564,7.606487788217108,923.9288578135419,375.85388646131014
0.31900000000000023,61.61223602294922,124.87830798019436,7.616291644340202,958.5984843770402,374.83183311650424
0.32000000000000023,61.860347747802734,125.27100706189309,7.640472802113081,940.3586874277994,374.54295361561185
0.32100000000000023,62.10673141479492,125.66370614359181,7.65586276773586,911.9100388072665,373.9130062188206
0.32200000000000023,62.3510856628418,126.05640522529055,7.65882467055144,895.3321340605748,372.873088020267
0.32300000000000023,62.59333419799805,126.44910430698926,7.6551969255917145,892.7467181509204,371.7111959187813
0.32400000000000023,62.833641052246094,126.84180338868799,7.651231221801017,905.2583077984777,370.7215558138781
0.32500000000000023,63.072391510009766,127.2345024703867,7.653166432763265,933.0622737777616,370.1861477743701
0.32600000000000023,63.310157775878906,127.62720155208544,7.666837795026696,919.9313168930826,370.35944119647877
0.32700000000000023,63.546607971191406,128.01990063378415,7.674443677509641,885.0722654915496,370.095486734569
0.32800000000000024,63.781436920166016,128.41259971548288,7.667306507432937,862.7279819878426,369.4125147498031
0.32900000000000024,64.01457214355469,128.8052987971816,7.65161470258112,855.490591823005,368.6216507569555
0.33000000000000024,64.24620056152344,129.19799787888033,7.634157826944043,864.750884348754,368.04094548361707
0.33100000000000024,64.47673797607422,129.59069696057904,7.621833544437095,890.9024703329972,367.9757751582759
0.33200000000000024,64.70680236816406,129.98339604227777,7.621222075724868,885.3214035447724,368.70186127723537
0.33300000000000024,64.93596649169922,130.3760951239765,7.6181855061111525,850.4920967523784,368.85409398537075
0.33400000000000024,65.16397857666016,130.76879420567522,7.6007497809831674,829.4676638284976,368.6741249718833
0.33500000000000024,65.39085388183594,131.16149328737396,7.575584257475112,825.0255400302275,368.49866542134293
0.33600000000000024,65.61687469482422,131.5541923690727,7.550047401180189,838.5736541865157,368.6665115687886
0.33700000000000024,65.84254455566406,131.9468914507714,7.53161574529476,870.4264269233873,369.4989531723712
0.33800000000000024,66.06858825683594,132.33959053247014,7.52739898710298,872.9661215485069,371.28140018550346
0.33900000000000025,66.29444122314453,132.73228961416885,7.523694303929978,844.3971855183535,372.31755231978445
0.34000000000000025,66.51994323730469,133.1249886958676,7.507731628335323,830.4235378476923,373.1412448900737
0.34100000000000025,66.74520111083984,133.5176877775663,7.486436313220223,833.7247934335785,374.10344146796166
0.34200000000000025,66.9705810546875,133.91038685926503,7.467377422438998,855.5196795950127,375.5493858103151
0.34300000000000025,67.19667053222656,134.30308594096374,7.4581344337923134,895.8641176429066,377.80025245559915
0.34400000000000025,67.42427062988281,134.69578502266248,7.46575795290326,900.7404083310541,381.1337328263523
0.34500000000000025,67.65259552001953,135.08848410436119,7.47339405853892,878.6021548794513,383.4350477829252
0.34600000000000025,67.88153076171875,135.48118318605992,7.47024758420328,870.8823853503442,385.57626697087005
0.34700000000000025,68.1112060546875,135.87388226775863,7.463149443078553,880.0798043903196,387.91474546273844
0.34800000000000025,68.34201049804688,136.26658134945737,7.4594594650754855,907.23182930722,390.79488375029405
0.34900000000000025,68.57454681396484,136.6592804311561,7.466422803740267,952.1741501517035,394.53165088975777
0.35000000000000026,68.80961608886719,137.0519795128548,7.49061494929014,949.074328631397,399.3903335217336
0.35100000000000026,69.0461196899414,137.44467859455355,7.509823360017081,927.8943745718672,402.760860325153
0.35200000000000026,69.28388977050781,137.8373776762523,7.51755247929092,920.7795892091432,405.92761494635937
0.35300000000000026,69.52302551269531,138.230076757951,7.5205429268185515,930.1435044205933,409.26492590296044
0.35400000000000026,69.76390075683594,138.62277583964973,7.525981473700569,956.9773398924713,413.12798132789186
0.35500000000000026,70.00709533691406,139.01547492134844,7.540889685022912,1001.0250028430175,417.8382741008424
0.35600000000000026,70.25337219238281,139.40817400304718,7.571571685475357,981.7803530907966,423.6620156384324
0.35700000000000026,70.50122833251953,139.8008730847459,7.589883869037394,957.113641189214,427.4150494234781
0.35800000000000026,70.7504653930664,140.19357216644462,7.595243071759948,947.2256757811051,430.9094230694806
0.35900000000000026,71.00118255615234,140.58627124814333,7.594727156789187,954.4769994197346,434.56016035717215
0.36000000000000026,71.25373840332031,140.97897032984207,7.595799420579967,979.8199668562943,438.7541527794254
0.36100000000000027,71.50873565673828,141.37166941154078,7.605725728122441,1022.8685427528227,443.8379092126651
0.36200000000000027,71.76695251464844,141.76436849323952,7.630999373210091,986.1567184987236,450.0936357885834
0.36300000000000027,72.02650451660156,142.15706757493822,7.63695578833914,960.3632490693791,453.6749326020153
0.36400000000000027,72.28723907470703,142.54976665663696,7.630345250708952,951.4037701054311,457.0478026814376
0.36500000000000027,72.54930877685547,142.9424657383357,7.618979065677508,961.3473565128234,460.68202264450525
0.36600000000000027,72.81317901611328,143.3351648200344,7.610912613437914,990.8386191765325,465.00354171784323
0.36700000000000027,73.07955169677734,143.72786390173314,7.613862561803917,971.0405367124131,470.38431523567675
0.36800000000000027,73.34681701660156,144.12056298343188,7.60630256957629,935.1130012349847,473.44582610492597
0.36900000000000027,73.61470031738281,144.5132620651306,7.582835607822046,917.0456694387628,476.1148557568645
0.3700000000000003,73.88328552246094,144.90596114682933,7.551918880798543,919.9826763206355,478.9301481455136
0.3710000000000003,74.15302276611328,145.29866022852804,7.522711731861669,945.2779456411782,482.40211987333487
0.3720000000000003,74.42462921142578,145.69135931022677,7.504337810436878,992.6571877068167,486.99186041697294
0.3730000000000003,74.6990966796875,146.08405839192548,7.505153622345174,967.8619505047848,493.0800178808574
0.3740000000000003,74.97457122802734,146.47675747362422,7.4925835130056,951.4068430365129,496.4513601698826
0.3750000000000003,75.25104522705078,146.86945655532293,7.472285824042325,955.3558955501359,499.81700914357293
0.3760000000000003,75.52887725830078,147.26215563702166,7.453359913842767,981.5030984735083,503.7344037470508
0.3770000000000003,75.80872344970703,147.65485471872037,7.4449972035706935,1029.8974609952497,508.69876163730015
0.3780000000000003,76.0915298461914,148.0475538004191,7.4556924210500535,1021.8256563790073,515.1279787318607
0.3790000000000003,76.37574005126953,148.44025288211782,7.45926208702128,1004.7467070031233,519.2201256695956
0.3800000000000003,76.66117858886719,148.83295196381656,7.4535930840957105,1006.5850821601875,523.0880404692766
0.3810000000000003,76.94806671142578,149.22565104551526,7.447385279599208,1029.7251831559965,527.3025909388609
0.3820000000000003,77.2369384765625,149.618350127214,7.449634500873073,1074.6540245897377,532.3890744140762
0.3830000000000003,77.52863311767578,150.01104920891274,7.468782750245487,1075.0901065671565,538.8031955560838
0.3840000000000003,77.82180786132812,150.40374829061145,7.484022413587688,1052.66386136883,543.1796014565333
0.3850000000000003,78.11611938476562,150.79644737231018,7.4869599431298415,1047.8606582187872,547.0445974638731
0.3860000000000003,78.41160583496094,151.18914645400892,7.486036813211294,1063.775914332691,550.9930286928064
0.3870000000000003,78.70867156982422,151.58184553570763,7.49025693415904,1101.471756726221,555.594042355435
0.3880000000000003,79.00801849365234,151.97454461740637,7.508294320170359,1105.4652800379731,561.3571546545137
0.3890000000000003,79.30851745605469,152.36724369910507,7.524429018006505,1075.468747080832,565.3408351151029
0.3900000000000003,79.60965728759766,152.7599427808038,7.525220807424074,1062.9194105120507,568.5586675696467
0.3910000000000003,79.91136169433594,153.15264186250252,7.5192742010829114,1071.6263317256,571.6495942153921
0.3920000000000003,80.21393585205078,153.54534094420126,7.516029481888718,1103.1924033271478,575.2445038465454
0.3930000000000003,80.5180435180664,153.93804002589997,7.5248094000291585,1157.2716972006863,579.9226601233279
0.3940000000000003,80.82462310791016,154.3307391075987,7.553942660559807,1132.3899364681738,586.1663494194933
0.3950000000000003,81.1319808959961,154.7234381892974,7.567996245419927,1116.085395458252,589.6989890341248
0.3960000000000003,81.43986511230469,155.11613727099615,7.572856416202108,1119.816260079651,592.8429380053313
0.3970000000000003,81.74845886230469,155.50883635269486,7.577660638305092,1145.6346588553806,596.2652601720063
0.3980000000000003,82.05827331542969,155.9015354343936,7.591577493049808,1193.5439461932556,600.5759111392332
0.3990000000000003,82.37014770507812,156.29423451609233,7.622919387609875,1163.7790045702288,606.293931194226
0.4000000000000003,82.68242645263672,156.68693359779104,7.637536265527774,1139.5171136697184,609.3034832853539
0.4010000000000003,82.99473571777344,157.07963267948966,7.639891432892784,1135.4075487987393,611.6921498919237
0.4020000000000003,83.30713653564453,157.07963267948966,7.63936594705961,1154.0033076673383,614.1754187406767
0.4030000000000003,83.62007141113281,157.07963267948966,7.6455571709570425,1195.6738722035245,617.4225318551149
0.4040000000000003,83.93433380126953,157.07963267948966,7.667354315966514,1160.8059886185852,622.0146227229304
0.4050000000000003,84.24832153320312,157.07963267948966,7.671564984392456,1131.420917753765,623.904285588388
0.4060000000000003,84.56161499023438,157.07963267948966,7.662500451812355,1123.9258738392778,625.1082393868179
0.4070000000000003,84.87429809570312,157.07963267948966,7.650277424819554,1141.1077865904776,626.4107554418727
0.4080000000000003,85.18685913085938,157.07963267948966,7.645311029953544,1183.3718623063864,628.5499866711998
0.4090000000000003,85.50015258789062,157.07963267948966,7.657302955665326,1147.861114335238,632.1686189860826
0.4100000000000003,85.81266021728516,157.07963267948966,7.652340169306545,1121.3874610063149,633.1573188757806
0.4110000000000003,86.12406921386719,157.07963267948966,7.636172690689917,1118.9166545505775,633.5991512008154
0.4120000000000003,86.4345474243164,157.07963267948966,7.619637377975483,1142.9565850825095,634.3300801363114
0.4130000000000003,86.74473571777344,157.07963267948966,7.613731652187624,1193.4516236041093,636.1279352101382
0.4140000000000003,87.05561065673828,157.07963267948966,7.62849280964409,1158.7816445953638,639.6572548022103
0.4150000000000003,87.36569213867188,157.07963267948966,7.626309164284367,1140.7115668292852,640.583963929025
0.4160000000000003,87.67478942871094,157.07963267948966,7.616276008050296,1147.5088158399142,641.1624939372546
0.4170000000000003,87.98319244384766,157.07963267948966,7.609376210978823,1181.0176480789062,642.2380869972374
0.4180000000000003,88.29161834716797,157.07963267948966,7.61641916299296,1173.453751956952,644.579187206751
0.4190000000000003,88.59925842285156,157.07963267948966,7.618913934752746,1139.24608523005,645.46248246553
0.4200000000000003,88.90560150146484,157.07963267948966,7.606557275482615,1128.2902863673924,645.4285759992354
0.4210000000000003,89.21063995361328,157.07963267948966,7.590278827660827,1144.6970638581006,645.3604571483046
0.4220000000000003,89.51485443115234,157.07963267948966,7.581799482296889,1189.5436601329952,646.1311516825314
0.4230000000000003,89.81915283203125,157.07963267948966,7.592298331908149,1178.7739624119445,648.5235077990121
0.4240000000000003,90.12266540527344,157.07963267948966,7.596487007330677,1155.70817200826,649.3300204603775
0.4250000000000003,90.42506408691406,157.07963267948966,7.590402103516901,1157.2756743850437,649.5357502636808
0.4260000000000003,90.72651672363281,157.07963267948966,7.58521768995317,1186.5523634037318,650.0310014178078
0.4270000000000003,91.02766418457031,157.07963267948966,7.59240763949414,1243.532949101099,651.6655607574627
0.4280000000000003,91.32952117919922,157.07963267948966,7.622363915120758,1221.9994673734984,655.1696087737919
0.4290000000000003,91.63098907470703,157.07963267948966,7.6398476421284185,1206.3825069617674,656.6542683381764
0.4300000000000003,91.93181610107422,157.07963267948966,7.649154862607654,1214.8452706429616,657.6795327676138
0.4310000000000003,92.23223114013672,157.07963267948966,7.6610045120245545,1249.4917625269363,659.1103276988619
0.43200000000000033,92.53288269042969,157.07963267948966,7.685951547755833,1239.5941394292431,661.7447075758915
0.43300000000000033,92.83303833007812,157.07963267948966,7.7043699451169845,1200.488958910632,663.0071462867767
0.43400000000000033,93.13207244873047,157.07963267948966,7.704991530079543,1183.9465898142093,663.0953873355659
0.43500000000000033,93.42986297607422,157.07963267948966,7.698672108462581,1194.6322162863087,662.9321793204256
0.43600000000000033,93.7267837524414,157.07963267948966,7.6971823016849426,1233.882534180847,663.4456213392975
0.43700000000000033,94.02364349365234,157.07963267948966,7.711793822936061,1206.114073922287,665.4726386698937
0.43800000000000033,94.31938934326172,157.07963267948966,7.713346941534603,1173.8952992626464,665.5188960572328
0.43900000000000033,94.6136474609375,157.07963267948966,7.701455579159211,1168.3247551440452,664.8102828756694
0.44000000000000034,94.90654754638672,157.07963267948966,7.688191812206486,1192.7472650435739,664.3451849995945
0.44100000000000034,95.19873809814453,157.07963267948966,7.685974120278704,1184.389691251204,665.0737828946073
0.44200000000000034,95.48960876464844,157.07963267948966,7.680255610718121,1141.4433691923307,664.6244612997173
0.44300000000000034,95.77862548828125,157.07963267948966,7.6571984143257925,1125.6699219406194,663.1354395999829
0.44400000000000034,96.06582641601562,157.07963267948966,7.629426826271033,1142.128364877907,661.6686641080925
0.44500000000000034,96.3517837524414,157.07963267948966,7.610649683742092,1191.9841157428289,661.2828054157526
0.44600000000000034,96.6375503540039,157.07963267948966,7.613956640175627,1178.1869372946098,662.919741769119
0.44700000000000034,96.92229461669922,157.07963267948966,7.610373952426079,1161.422163959759,662.9376783544798
0.44800000000000034,97.2059097290039,157.07963267948966,7.599974832653719,1174.2092628935375,662.7180116696526
0.44900000000000034,97.48880767822266,157.07963267948966,7.595633599302709,1218.8987226218405,663.2964925565163
0.45000000000000034,97.77189636230469,157.07963267948966,7.610061932165059,1221.0467637344377,665.6208917464486
0.45100000000000035,98.05461120605469,157.07963267948966,7.623407777498211,1195.547010432924,666.8654055278073
0.45200000000000035,98.33661651611328,157.07963267948966,7.6248094623538325,1196.5740763408207,667.4308821423128
0.45300000000000035,98.61808776855469,157.07963267948966,7.626341925294342,1228.0554230571688,668.3328805892106
0.45400000000000035,98.89969635009766,157.07963267948966,7.640582939808129,1289.9384788158375,670.5513318267347
0.45500000000000035,99.1825180053711,157.07963267948966,7.678845068712607,1264.8792789568174,674.9161459932832
0.45600000000000035,99.46540069580078,157.07963267948966,7.702433587498585,1249.7200430924017,677.0044440552613
0.45700000000000035,99.74816131591797,157.07963267948966,7.717491069062024,1261.1508638996386,678.7236345173703
0.45800000000000035,100.0311050415039,157.07963267948966,7.735679828413523,1301.023680146947,681.058197775961
0.45900000000000035,100.31497192382812,157.07963267948966,7.768246236080927,1271.5346292418562,684.8889832784703
0.46000000000000035,100.5986099243164,157.07963267948966,7.785460956004569,1232.3967974289449,686.4178843277867
0.46100000000000035,100.88153076171875,157.07963267948966,7.785012972106277,1219.93821528823,686.9332647863102
0.46200000000000035,101.16378021240234,157.07963267948966,7.779263399515281,1238.3127178995096,687.5299442045565
0.46300000000000036,101.44590759277344,157.07963267948966,7.781116471516491,1211.84364069917,689.2546894262179
0.46400000000000036,101.72692108154297,157.07963267948966,7.771719545272391,1158.7042715413959,688.9489335841166
0.46500000000000036,102.00627136230469,157.07963267948966,7.7411349860811445,1136.3361618489434,687.47216247908
0.46600000000000036,102.28400421142578,157.07963267948966,7.703538891475126,1150.4147568449944,686.0900229782113
0.46700000000000036,102.560791015625,157.07963267948966,7.674323268283167,1201.9368851875604,686.042497291772
0.46800000000000036,102.83779907226562,157.07963267948966,7.668115947472613,1167.4414184785653,688.4036199977364
0.46900000000000036,103.11375427246094,157.07963267948966,7.646788747650616,1154.7411494446128,688.107717237251
0.47000000000000036,103.3887710571289,157.07963267948966,7.621462893237228,1178.1518007513134,688.0566082913555
0.47100000000000036,103.66358184814453,157.07963267948966,7.607359746477988,1238.6223079372485,689.4913532631587
0.47200000000000036,103.93939971923828,157.07963267948966,7.618801009405209,1221.1790263294122,693.4668267219574
0.47300000000000036,104.2151107788086,157.07963267948966,7.620332533820812,1212.8254216347066,695.139500042624
0.47400000000000037,104.49078369140625,157.07963267948966,7.617611755641243,1237.4511192682908,696.9269132106881
0.47500000000000037,104.76702117919922,157.07963267948966,7.624636373309103,1293.4579193885672,700.0056571005357
0.47600000000000037,105.04483795166016,157.07963267948966,7.653353106805522,1277.572248608996,705.2065646008589
0.47700000000000037,105.32312774658203,157.07963267948966,7.671461445318935,1260.7130302425087,708.1223729533639
0.47800000000000037,105.60173034667969,157.07963267948966,7.680306404252453,1273.9550293640011,710.705686908905
0.47900000000000037,105.88103485107422,157.07963267948966,7.6930788841681315,1307.185135228545,714.1240505487608
0.48000000000000037,106.16156005859375,157.07963267948966,7.717409199393737,1282.5489453234823,718.6332682661838
0.48100000000000037,106.4422378540039,157.07963267948966,7.72847313127197,1250.4109657680974,720.9182352662345
0.4820000000000004,106.72274017333984,157.07963267948966,7.724699197969463,1245.4245066133526,722.4795355917249
0.4830000000000004,107.00320434570312,157.07963267948966,7.718445995739993,1256.0050260075047,724.3360496715782
0.4840000000000004,107.28379821777344,157.07963267948966,7.716154121291954,1223.8658404681767,726.567429210646
0.4850000000000004,107.5635757446289,157.07963267948966,7.700089535490138,1179.0521767409207,726.7606158345301
0.4860000000000004,107.84212493896484,157.07963267948966,7.666260701045118,1161.7305114887336,726.0269281866163
0.4870000000000004,108.11947631835938,157.07963267948966,7.627317178167951,1165.6178575390095,725.355378855034
0.4880000000000004,108.39586639404297,157.07963267948966,7.592287729799743,1137.0907415615811,725.1664210548885
0.4890000000000004,108.67051696777344,157.07963267948966,7.54736205040379,1096.7352001914373,723.2598110701243
0.4900000000000004,108.94320678710938,157.07963267948966,7.4884678202802935,1090.3982994148841,720.8541295868472
0.4910000000000004,109.21426391601562,157.07963267948966,7.430814621312654,1111.1614875044245,719.125019861942
0.4920000000000004,109.48424530029297,157.07963267948966,7.385585568693195,1105.046265213888,718.6021253548045
0.4930000000000004,109.75273132324219,157.07963267948966,7.34011948655933,1089.0935562120842,717.1252159577774
0.4940000000000004,110.01985168457031,157.07963267948966,7.290735478213254,1108.7412371279584,715.8948895746878
0.4950000000000004,110.2862319946289,157.07963267948966,7.253011027345338,1154.8549851216362,716.0548207649377
0.4960000000000004,110.55271911621094,157.07963267948966,7.237272872636532,1169.4593231489,718.0586901009866
0.4970000000000004,110.81907653808594,157.07963267948966,7.227576240691098,1174.8189966209934,719.546143051291
0.4980000000000004,111.08553314208984,157.07963267948966,7.220183846034486,1209.7884616570598,721.5413000589878
0.4990000000000004,111.35272216796875,157.07963267948966,7.227725381938309,1263.6920492862291,724.9525702967286
0.5000000000000003,111.62139129638672,157.07963267948966,7.2568472318071935,1273.6484470215323,730.0417221703627
0.5010000000000003,111.89106750488281,157.07963267948966,7.286087668478479,1274.3366188725645,734.1207516450834
0.5020000000000003,112.16170501708984,157.07963267948966,7.312081237684592,1295.7744823441546,738.0886546040574
0.5030000000000003,112.43354797363281,157.07963267948966,7.344076531025192,1328.8436763747984,742.6241384544129
0.5040000000000003,112.7069091796875,157.07963267948966,7.386405078316101,1307.087133269013,747.9138381411256
0.5050000000000003,112.9808349609375,157.07963267948966,7.414644463864816,1279.7208821698198,751.0452872941132
0.5060000000000003,113.25485229492188,157.07963267948966,7.428070189951694,1270.05003814536,753.1189596502192
0.5070000000000003,113.52877807617188,157.07963267948966,7.435701494961775,1272.9207666218904,754.7987670254578
0.5080000000000003,113.8026351928711,157.07963267948966,7.4434550298776765,1218.9987351504935,756.4826743145801
0.5090000000000003,114.07512664794922,157.07963267948966,7.427374931092189,1170.5627195166212,755.2476841176205
0.5100000000000003,114.34574127197266,157.07963267948966,7.391826718773418,1146.2498267894425,752.7744116793012
0.5110000000000003,114.61430358886719,157.07963267948966,7.348709163480539,1143.2067090354005,749.8975378328505
0.5120000000000003,114.8810043334961,157.07963267948966,7.307705957364288,1087.380794769381,747.4049265081389
0.5130000000000003,115.14476013183594,157.07963267948966,7.245738007442092,1053.6307912896184,742.4027184352411
0.5140000000000003,115.40554809570312,157.07963267948966,7.174053532479422,1052.669598825901,737.2500680972589
0.5150000000000003,115.66368865966797,157.07963267948966,7.107571279488675,1079.785081045671,732.8432980812029
0.5160000000000003,115.91996765136719,157.07963267948966,7.05830436473129,1052.8395164202816,730.196592504055
0.5170000000000003,116.1738052368164,157.07963267948966,7.000433187479649,1061.8795632478286,726.1454534021595
0.5180000000000003,116.4257583618164,157.07963267948966,6.951455175083108,1102.771999031467,723.3938654804269
0.5190000000000003,116.67668914794922,157.07963267948966,6.924797287739184,1126.7657200066024,722.6152802022617
0.5200000000000004,116.92670440673828,157.07963267948966,6.910489132736225,1131.4374849693613,722.0518926185828
0.5210000000000004,117.1760025024414,157.07963267948966,6.899452915626517,1170.3650894443306,721.9694529812182
0.5220000000000004,117.42534637451172,157.07963267948966,6.907044470436561,1231.6252093586622,723.6443934809796
0.5230000000000004,117.6756591796875,157.07963267948966,6.941371404906368,1252.5039776408985,727.519233210231
0.5240000000000004,117.92678833007812,157.07963267948966,6.980977489037274,1263.8908225456325,731.044689313141
0.5250000000000004,118.17878723144531,157.07963267948966,7.021694226990958,1295.175064473643,734.6926159801801
0.5260000000000004,118.4319839477539,157.07963267948966,7.0723131045347465,1336.7854380001877,739.1733807884126
0.5270000000000004,118.68684387207031,157.07963267948966,7.1362999683091655,1314.5429817791817,744.7363241553666
0.5280000000000004,118.94243621826172,157.07963267948966,7.183917245293832,1294.8792237233158,748.1339162735418
0.5290000000000004,119.19830322265625,157.07963267948966,7.218298971395131,1286.5899205142869,750.448025302744
0.5300000000000004,119.45419311523438,157.07963267948966,7.245986825371257,1286.9891852032968,752.1407169556352
0.5310000000000004,119.71001434326172,157.07963267948966,7.271575864815202,1211.81618040574,753.6607319895057
0.5320000000000004,119.96424102783203,157.07963267948966,7.26254997895189,1160.1484817879425,751.4511152801098
0.5330000000000004,120.2162094116211,157.07963267948966,7.232212090063369,1127.6244726606203,747.6782879157549
0.5340000000000004,120.46560668945312,157.07963267948966,7.19087427379222,1068.8330245628408,743.0588802160679
0.5350000000000004,120.71139526367188,157.07963267948966,7.128194515969974,993.563018185167,735.910547325609
0.5360000000000004,120.95282745361328,157.07963267948966,7.037815586534707,957.6366589041102,726.8860892819685
0.5370000000000004,121.18988037109375,157.07963267948966,6.93915650711711,958.0098758895973,717.7565562606625
0.5380000000000004,121.42308044433594,157.07963267948966,6.8490523775261725,932.2395774985223,709.8118046658357
0.5390000000000004,121.65210723876953,157.07963267948966,6.754558226558161,921.9102931900986,701.0371591941657
0.5400000000000004,121.87739562988281,157.07963267948966,6.663592112962399,956.8665860679956,693.262712851663
0.5410000000000004,122.09996032714844,157.07963267948966,6.597120097033179,1027.6236211743271,687.9249003705397
0.5420000000000004,122.32128143310547,157.07963267948966,6.57039118469204,1051.677555827541,686.1856771813116
0.5430000000000004,122.54157257080078,157.07963267948966,6.557074770145629,1108.6671337284881,684.9191845539277
0.5440000000000004,122.76189422607422,157.07963267948966,6.572921392201039,1192.2003405314663,686.2668259931278
0.5450000000000004,122.98352813720703,157.07963267948966,6.627171812728175,1241.236170909077,690.7682974834049
0.5460000000000004,123.2068099975586,157.07963267948966,6.698486325128701,1273.193698918035,696.1409502403716
0.5470000000000004,123.43197631835938,157.07963267948966,6.777598011263684,1321.5532485128965,702.0882003597266
0.5480000000000004,123.65947723388672,157.07963267948966,6.871081103712765,1374.3031753909922,709.2145291892825
0.5490000000000004,123.88980102539062,157.07963267948966,6.979033746979404,1353.591351861652,717.5598253877189
0.5500000000000004,124.12198638916016,157.07963267948966,7.066422146007972,1331.8180869215673,723.5737504590462
0.5510000000000004,124.3553695678711,157.07963267948966,7.135369972146211,1311.09475902066,727.9572014771468
0.5520000000000004,124.58936309814453,157.07963267948966,7.188903545502996,1248.5871467683346,730.904994000291
0.5530000000000004,124.82262420654297,157.07963267948966,7.2113904746903925,1147.2806259309698,730.4622355210969
0.5540000000000004,125.05355072021484,157.07963267948966,7.187843965384516,1067.0960184122155,726.0277357232184
0.5550000000000004,125.28114318847656,157.07963267948966,7.131842117507843,1008.6232668514998,719.0512196925349
0.5560000000000004,125.50483703613281,157.07963267948966,7.05562403588545,914.6679088396113,710.5829497679864
0.5570000000000004,125.7232894897461,157.07963267948966,6.944825218511061,829.2369442103515,698.6820074913695
0.5580000000000004,125.93589782714844,157.07963267948966,6.804376020863797,791.5281460936251,685.1910983761754
0.5590000000000004,126.14280700683594,157.07963267948966,6.657620511686967,798.4488939207489,671.9768932968316
0.5600000000000004,126.3448715209961,157.07963267948966,6.525685681528465,770.6179866099876,660.8375389953916
0.5610000000000004,126.54195404052734,157.07963267948966,6.390518894411558,792.9391320582771,649.3069402995654
0.5620000000000004,126.73516082763672,157.07963267948966,6.277701102899618,867.2140996283897,640.5090235336497
0.5630000000000004,126.9261703491211,157.07963267948966,6.211681131068057,930.003914641872,635.938735302276
0.5640000000000004,127.11595153808594,157.07963267948966,6.182410739256542,1001.3619968702776,633.8043081211197
0.5650000000000004,127.30585479736328,157.07963267948966,6.192982515654567,1110.8586112196886,635.0935208674059
0.5660000000000004,127.4975814819336,157.07963267948966,6.258120755357723,1241.4230055718722,640.7493446818515
0.5670000000000004,127.69297790527344,157.07963267948966,6.381389051326791,1302.3259314684367,651.1203874257145
0.5680000000000004,127.89225006103516,157.07963267948966,6.519450671497995,1376.5209820096238,662.0958837967826
0.5690000000000004,128.0959930419922,157.07963267948966,6.677411772684608,1445.4526568366655,674.6603155933988
0.5700000000000004,128.30465698242188,157.07963267948966,6.849488111698978,1439.1593716334382,688.3780565425182
0.5710000000000004,128.5172576904297,157.07963267948966,6.999236016263006,1406.0475789262302,699.7408122046935
0.5720000000000004,128.73268127441406,157.07963267948966,7.117550639438308,1362.3118974686126,708.1856550398887
0.5730000000000004,128.94976806640625,157.07963267948966,7.204658979785759,1271.6654099976056,713.7003859073388
0.5740000000000004,129.16659545898438,157.07963267948966,7.245781323799131,1124.0582124486466,714.2792909381599
0.5750000000000004,129.3808135986328,157.07963267948966,7.2190986314790075,992.2706817266802,708.7861112463207
0.5760000000000004,129.5907440185547,157.07963267948966,7.137751140868201,882.857369736433,698.8243634946693
0.5770000000000004,129.79515075683594,157.07963267948966,7.015632200651437,746.5340436546195,685.6692558757345
0.5780000000000004,129.99229431152344,157.07963267948966,6.842933914955947,620.8662110271543,667.834945772985
0.5790000000000004,130.1813507080078,157.07963267948966,6.6244599094420105,558.894203118253,647.7842939656216
0.5800000000000004,130.3624725341797,157.07963267948966,6.390816808626492,558.530668038528,628.03807139622
0.5810000000000004,130.53677368164062,157.07963267948966,6.171884707345965,541.7412590194283,611.1463552096791
0.5820000000000004,130.70468139648438,157.07963267948966,5.958292751612912,593.8408746788311,595.1887645846117
0.5830000000000004,130.8680419921875,157.07963267948966,5.787435048414458,715.5001576305347,584.100129627816
0.5840000000000004,131.02947998046875,157.07963267948966,5.695573844289545,834.6608972818254,579.8425949909097
0.5850000000000004,131.1908721923828,157.07963267948966,5.675437745533108,980.3969566794684,580.4368437765362
0.5860000000000004,131.3546600341797,157.07963267948966,5.738462241625614,1164.6357583575295,587.4814449066387
0.5870000000000004,131.52342224121094,157.07963267948966,5.89356664929521,1316.8034821408548,601.3785716628817
0.5880000000000004,131.69873046875,157.07963267948966,6.107002314855269,1439.8828239584975,619.4245842931432
0.5890000000000004,131.8815155029297,157.07963267948966,6.3548970286273585,1557.4320073428464,640.0548909375719
0.5900000000000004,132.072509765625,157.07963267948966,6.62722497469913,1610.2024552936302,662.6987402611655
0.5910000000000004,132.2713165283203,157.07963267948966,6.889082052807718,1583.3538001575344,684.4163371043638
0.5920000000000004,132.47622680664062,157.07963267948966,7.105184063007626,1532.0570579716432,701.6733491805164
0.5930000000000004,132.68545532226562,157.07963267948966,7.273149275972356,1445.7098806010313,714.2580133178207
0.5940000000000004,132.89688110351562,157.07963267948966,7.3865400446771705,1272.81750868088,721.3364429954154
0.5950000000000004,133.10723876953125,157.07963267948966,7.417723009811837,1064.8409675352295,719.619355629839
0.5960000000000004,133.31336975097656,157.07963267948966,7.358108088465204,866.2583829198664,709.5365897644155
0.5970000000000004,133.51271057128906,157.07963267948966,7.219542663810391,693.3535325699488,692.4826971869334
0.5980000000000004,133.70339965820312,157.07963267948966,7.016739569637312,474.4167316849669,670.3966735183325
0.5990000000000004,133.88296508789062,157.07963267948966,6.729737082317636,320.5362591487708,641.5486925208189
0.6000000000000004,134.05075073242188,157.07963267948966,6.385790205976125,253.57064138391758,610.8125049954922
0.6010000000000004,134.20742797851562,157.07963267948966,6.02432101862026,270.75277948545494,581.7604661402258
0.6020000000000004,134.3550567626953,157.07963267948966,5.687287509282435,272.048141875069,558.0713221228121
0.6030000000000004,134.49484252929688,157.07963267948966,5.366635157791383,406.56550984866425,537.6210080279346
0.6040000000000004,134.6302032470703,157.07963267948966,5.1418939509594574,621.703221236599,526.2794649264398
0.6050000000000004,134.76547241210938,157.07963267948966,5.064073082096523,824.7115199503883,526.5615952526599
0.6060000000000004,134.9036407470703,157.07963267948966,5.116320154673798,1092.6233745860766,534.9468147697232
0.6070000000000004,135.0486602783203,157.07963267948966,5.323330496220065,1348.3146365101952,554.1026950999224
0.6080000000000004,135.20358276367188,157.07963267948966,5.64335318774076,1564.7867023835101,581.5132672410896
0.6090000000000004,135.37030029296875,157.07963267948966,6.031021612914294,1769.3013441491032,614.1906415354428
0.6100000000000004,135.5502166748047,157.07963267948966,6.461327175273494,1883.2020862993718,650.8222928948409
0.6110000000000004,135.7432861328125,157.07963267948966,6.879665753072378,1894.1817766620238,687.5092324388758
0.6120000000000004,135.9474334716797,157.07963267948966,7.2405747922599195,1847.9667509943984,718.6629346718092
0.6130000000000004,136.1599884033203,157.07963267948966,7.532577658255524,1725.230954519496,742.7763185216056
0.6140000000000004,136.37757873535156,157.07963267948966,7.73940438329433,1481.984210255303,757.7137722165763
0.6150000000000004,136.59527587890625,157.07963267948966,7.829441654102013,1176.2601311801748,759.2661545132759
0.6160000000000004,136.8080596923828,157.07963267948966,7.788731145996346,859.5457990172699,747.0702355630868
0.6170000000000004,137.011474609375,157.07963267948966,7.6254523567847485,562.9892552077155,722.5193958246654
0.6180000000000004,137.20193481445312,157.07963267948966,7.352976355690745,224.4828984922561,688.0445070459587
0.6190000000000004,137.3756561279297,157.07963267948966,6.952508348568201,-32.6933622348284,642.9112576359418
0.6200000000000004,137.5311737060547,157.07963267948966,6.449868910673662,-169.80202976708,593.6412310975205
0.6210000000000004,137.66905212402344,157.07963267948966,5.890282065019068,-184.90492136758303,545.719118467254
0.6220000000000004,137.7919464111328,157.07963267948966,5.327520492625193,-172.0324258563051,504.92750676631994
0.6230000000000004,137.90232849121094,157.07963267948966,4.776095506480704,21.532379505011548,470.85368215267977
0.6240000000000004,138.00555419921875,157.07963267948966,4.359559300090622,335.9498657419545,451.4430915012132
0.6250000000000004,138.10830688476562,157.07963267948966,4.1877662148189145,679.7503694271962,450.5083515272733
0.6260000000000004,138.21607971191406,157.07963267948966,4.28353878342549,1109.5551227260553,464.7840000624721
0.6270000000000004,138.33538818359375,157.07963267948966,4.666675865489565,1524.4513218360605,497.1174378326994
0.6280000000000004,138.47132873535156,157.07963267948966,5.2349354837091,1909.9684185571243,543.6600784400806
0.6290000000000004,138.62745666503906,157.07963267948966,5.9080422167201885,2251.723219750918,600.3290359346291
0.6300000000000004,138.80604553222656,157.07963267948966,6.620207749481941,2431.9210213200136,663.4402702359915
0.6310000000000004,139.00674438476562,157.07963267948966,7.281750294697739,2490.164003696323,725.9063496142987
0.6320000000000005,139.22642517089844,157.07963267948966,7.853572031482632,2421.612195104101,779.9777685234321
0.6330000000000005,139.46044921875,157.07963267948966,8.311494379844302,2166.0764231433695,821.3114215216482
0.6340000000000005,139.70204162597656,157.07963267948966,8.621242373159975,1746.7580242866918,843.971201524592
0.6350000000000005,139.94259643554688,157.07963267948966,8.744680579265939,1248.8218311130795,842.5240909742799
0.6360000000000005,140.1737060546875,157.07963267948966,8.68017760185263,715.6441059052521,817.5212798706468
0.6370000000000005,140.38760375976562,157.07963267948966,8.433347416841313,204.8199671798853,770.4536528049215
0.6380000000000005,140.57798767089844,157.07963267948966,8.015299776965415,-360.0649950216163,705.4728449191696
0.6390000000000005,140.73904418945312,157.07963267948966,7.3954518290594855,-771.0296470634042,623.7382203815447
0.6400000000000005,140.8686065673828,157.07963267948966,6.606879361015001,-998.4102635109268,535.6685109395455
0.6410000000000005,140.968017578125,157.07963267948966,5.691177598388299,-1026.3019338549857,451.0045627280879
0.6420000000000005,141.0420684814453,157.07963267948966,4.705586074757821,-944.628287004733,379.76953505612533
0.6430000000000005,141.09634399414062,157.07963267948966,3.6834417514378597,-583.3684446646832,324.0750079018517
0.6440000000000005,141.1407928466797,157.07963267948966,2.857411885652618,-31.287220311775087,296.5239223013031
0.6450000000000005,141.1874542236328,157.07963267948966,2.605009837654623,618.3591731734828,302.8180074793829
0.6460000000000005,141.24676513671875,157.07963267948966,3.1043301712199107,1381.5249644304515,338.69724039629284
0.6470000000000005,141.3302001953125,157.07963267948966,4.1252234990713506,2111.204296347318,407.1249650771767
0.6480000000000005,141.44642639160156,157.07963267948966,5.308266940740067,2744.853107184393,500.2272259126232
0.6490000000000005,141.60240173339844,157.07963267948966,6.498263164036362,3221.8952702090005,613.3814264795216
0.6500000000000005,141.7987060546875,157.07963267948966,7.6049195883594365,3510.2455183326433,728.6379595295683
0.6510000000000005,142.0323486328125,157.07963267948966,8.585113516644338,3576.548269563386,835.9311676401827
0.6520000000000005,142.29689025878906,157.07963267948966,9.405927006364182,3310.97135759178,925.474711961991
0.6530000000000005,142.5823516845703,157.07963267948966,10.02197702909635,2767.174089394215,987.0706738874363
0.6540000000000005,142.87454223632812,157.07963267948966,10.389057260050128,2013.7845982049614,1008.3331812486742
0.6550000000000005,143.15817260742188,157.07963267948966,10.494875276021853,1119.8962454758632,985.9478137855729
0.6560000000000005,143.41822814941406,157.07963267948966,10.335366582632595,188.76163355981978,920.1185665925658
0.6570000000000005,143.6411590576172,157.07963267948966,9.91787550052083,-781.1036320425118,814.9892918624085
0.6580000000000005,143.81509399414062,157.07963267948966,9.228439159357155,-1632.2036642527783,675.0854435853169
0.6590000000000005,143.93338012695312,157.07963267948966,8.267937811470505,-2216.654710214779,515.4837698077728
0.6600000000000005,143.99484252929688,157.07963267948966,7.069602525732993,-2488.3891798464447,352.10144634134366
0.6610000000000005,144.004638671875,157.07963267948966,5.6639674115029965,-2418.743293397124,203.32835426935523
0.6620000000000005,143.97402954101562,157.07963267948966,4.0839219102590025,-2007.1000285186324,86.95938563402188
0.6630000000000005,143.91952514648438,157.07963267948966,2.3643369100894214,-1317.7444606207125,18.084781213310862
0.6640000000000005,143.85740661621094,157.07963267948966,0.5032324599164937,-293.3823436723663,-3.7904395662418735
0.6650000000000005,143.80975341796875,157.07963267948966,1.4274244572097157,930.3628391376518,37.76548095661315
0.6660000000000005,143.7985382080078,157.07963267948966,3.3848721281869683,2135.488176056795,142.57533814608678
0.6670000000000005,143.84103393554688,157.07963267948966,5.216245776897422,3298.0525702183977,297.1003957977038
0.6680000000000005,143.9482421875,157.07963267948966,6.975627869448135,4302.33285967427,483.660004689026
0.6690000000000005,144.12545776367188,157.07963267948966,8.619394999633842,5032.650094223558,686.0592706724661
0.6700000000000005,144.37112426757812,157.07963267948966,10.100717541102798,5313.4347260766235,884.9528842664145
0.6710000000000005,144.67825317382812,157.07963267948966,11.369312811081972,5124.936668788154,1064.7080096031457
0.6720000000000005,145.02951049804688,157.07963267948966,12.360285901557337,4454.7795543213715,1195.3511608562942
0.6730000000000005,145.4020233154297,157.07963267948966,13.04094095933387,3361.8026666054393,1260.3007389974464
0.6740000000000005,145.7694549560547,157.07963267948966,13.388719589482186,1946.3049586231507,1248.777660848082
0.6750000000000005,146.1044158935547,157.07963267948966,13.391640350492912,394.67040941185246,1156.859336850085
0.6760000000000005,146.3809814453125,157.07963267948966,13.062064881124694,-1123.8474537389482,988.1341273137044
0.6770000000000005,146.57762145996094,157.07963267948966,12.42029829216328,-2704.788469239382,755.1887620157992
0.6780000000000005,146.67784118652344,157.07963267948966,11.440158426601412,-3869.7967145332887,472.9476900650796
0.6790000000000005,146.67539978027344,157.07963267948966,10.181906983679148,-4618.979663393271,171.77897722559118
0.6800000000000005,146.5743865966797,157.07963267948966,8.696159282604144,-4834.878752592016,-117.30723739146535
0.6810000000000005,146.389892578125,157.07963267948966,7.074904253109835,-4476.293041680387,-361.55184458594425
0.6820000000000005,146.1472625732422,157.07963267948966,5.491644846320951,-3560.501158533327,-530.9578958630408
0.6830000000000005,145.87977600097656,157.07963267948966,4.324119260467606,-2144.0274131303586,-602.5665629598446
0.6840000000000005,145.62530517578125,157.07963267948966,4.223573523806254,-319.77045213313653,-563.6680395647297
0.6850000000000005,145.42230224609375,157.07963267948966,5.38421380284152,1725.6816246680723,-413.2387052442285
0.6860000000000005,145.304931640625,157.07963267948966,7.210143289734043,3831.5839349929383,-164.0718848493415
0.6870000000000005,145.29774475097656,157.07963267948966,9.274269798341246,5734.005851052817,156.081331962931
0.6880000000000005,145.41439819335938,157.07963267948966,11.346009607421172,7209.784228955823,516.3598936033877
0.6890000000000005,145.65542602539062,157.07963267948966,13.290746224883371,8043.052537918747,879.5481188340945
0.6900000000000005,146.00790405273438,157.07963267948966,15.011984236133339,8089.530219681138,1207.2184041751555
0.6910000000000005,146.446044921875,157.07963267948966,16.43455894739027,7293.851226597731,1461.819930361675
0.6920000000000005,146.93299865722656,157.07963267948966,17.500423297477685,5707.088816611028,1610.1895907525382
0.6930000000000005,147.4238739013672,157.07963267948966,18.169200707292887,3478.613902479137,1627.2524817779963
0.6940000000000005,147.8698272705078,157.07963267948966,18.419505432707663,916.7072116744653,1499.4211376313108
0.6950000000000005,148.22251892089844,157.07963267948966,18.269139995203904,-1665.2587158000013,1226.6125242091741
0.6960000000000005,148.4394073486328,157.07963267948966,17.753349340432695,-4356.97208431028,825.3444500490122
0.6970000000000005,148.487060546875,157.07963267948966,16.871022888813595,-6472.881237991452,323.08126161677114
0.6980000000000005,148.3483123779297,157.07963267948966,15.712646836055802,-7949.062358052007,-230.2775708753749
0.6990000000000005,148.02447509765625,157.07963267948966,14.376425144959597,-8663.046542897928,-777.7550996707674
0.7000000000000005,147.5357208251953,157.07963267948966,13.00399138867665,-8437.897649671137,-1261.8552492188705
0.7010000000000005,146.92076110839844,157.07963267948966,11.815020312604485,-7266.674766481612,-1627.5689574261532
0.7020000000000005,146.23414611816406,157.07963267948966,11.087228374950856,-5227.153725187158,-1829.6724910779399
0.7030000000000005,145.54029846191406,157.07963267948966,11.091695398688536,-2439.829436551092,-1842.2163470768073
0.7040000000000005,144.9066619873047,157.07963267948966,11.948257554330878,846.2164620904399,-1659.796589400257
0.7050000000000005,144.39625549316406,157.07963267948966,13.519948581765396,4481.309498413328,-1298.2578356832178
0.7060000000000005,144.05810546875,157.07963267948966,15.597854102055587,8004.958238511582,-799.0044935289419
0.7070000000000005,143.92376708984375,157.07963267948966,17.934095476851862,11011.893052090034,-211.6768907550777
0.7080000000000005,144.00315856933594,157.07963267948966,20.31980216014734,13037.28711612179,403.77229583147084
0.7090000000000005,144.2831268310547,157.07963267948966,22.581419771374183,13715.846051443466,983.3265076252484
0.7100000000000005,144.72735595703125,157.07963267948966,24.578352954603652,12833.075176303557,1461.9068191084973
0.7110000000000005,145.2785186767578,157.07963267948966,26.2006441451313,10395.887190325853,1778.265554101568
0.7120000000000005,145.86231994628906,157.07963267948966,27.371650935540035,6646.9120831697,1880.7406239864977
0.7130000000000005,146.3935546875,157.07963267948966,28.05157055735964,2032.3887988009956,1733.8133132289988
0.7140000000000005,146.78321838378906,157.07963267948966,28.24925880595204,-2502.7003968891518,1322.896315156373
0.7150000000000005,146.9482421875,157.07963267948966,28.04248466227152,-7257.544293793163,664.3089157470885
0.7160000000000005,146.81893920898438,157.07963267948966,27.457086756662086,-11121.350485354205,-200.5053165410491
0.7170000000000005,146.35009765625,157.07963267948966,26.61584231044274,-13983.436423810872,-1193.7076437871622
0.7180000000000005,145.52706909179688,157.07963267948966,25.646374866636048,-15657.154651657498,-2217.9784956160265
0.7190000000000005,144.36807250976562,157.07963267948966,24.704592279822542,-15806.859093699328,-3170.5690173396047
0.7200000000000005,142.9232635498047,157.07963267948966,23.993939663650302,-14318.738002157002,-3956.033823095362
0.7210000000000005,141.27261352539062,157.07963267948966,23.712754564371004,-11318.344131958125,-4492.314386501053
0.7220000000000005,139.51654052734375,157.07963267948966,24.02202728529037,-6985.100977543874,-4730.901332313758
0.7230000000000005,137.76612854003906,157.07963267948966,24.995477874940587,-1587.5011401701297,-4656.360973773371
0.7240000000000005,136.13023376464844,157.07963267948966,26.616715894461752,4496.553354379722,-4289.6389018684695
0.7250000000000005,134.70144653320312,157.07963267948966,28.765280995572873,10874.852755739266,-3687.013663528733
0.7260000000000005,133.54537963867188,157.07963267948966,31.31597731522984,16841.463110033354,-2927.1935685858325
0.7270000000000005,132.69528198242188,157.07963267948966,34.09188558995305,21505.783096844116,-2096.822653506904
0.7280000000000005,132.14976501464844,157.07963267948966,36.89873460355039,24092.44872752992,-1283.3338304358583
0.7290000000000005,131.87306213378906,157.07963267948966,39.55032409577149,24004.33756355001,-571.7896956906255
0.7300000000000005,131.7977752685547,157.07963267948966,41.88207371862892,21033.40640776004,-40.56932427620386
0.7310000000000005,131.82992553710938,157.07963267948966,43.76670840169965,15483.889222353402,242.66851631977048
0.7320000000000005,131.85569763183594,157.07963267948966,45.12789575214939,8023.5835735835735,225.89450407956863
0.7330000000000005,131.7497100830078,157.07963267948966,45.94651004161343,-257.5954490311189,-121.48759875950962
0.7340000000000005,131.38363647460938,157.07963267948966,46.27117066476939,-7943.39008161519,-804.5822597318771
0.7350000000000005,130.6409454345703,157.07963267948966,46.18190983809369,-14713.616578887142,-1784.1052067604132
0.7360000000000005,129.4267578125,157.07963267948966,45.78192011936923,-20263.89063184061,-2988.177887172852
0.7370000000000005,127.67881774902344,157.07963267948966,45.16940923072051,-24350.63654556973,-4311.04855883372
0.7380000000000005,125.37517547607422,157.07963267948966,44.4442449852939,-26754.66305693161,-5626.997258923623
0.7390000000000005,122.53704833984375,157.07963267948966,43.71199576729214,-27280.971419774898,-6809.924399188637
0.7400000000000005,119.22317504882812,157.07963267948966,43.101367899660445,-25588.457565405217,-7760.68818236047
0.7410000000000005,115.52716064453125,157.07963267948966,42.731535260913105,-22020.11092313325,-8403.613938038441
0.7420000000000005,111.56552124023438,157.07963267948966,42.691262262657176,-16922.22622215068,-8708.74531991702
0.7430000000000005,107.46377563476562,157.07963267948966,43.03509694851874,-10657.146363378011,-8690.330253957789
0.7440000000000005,103.34271240234375,157.07963267948966,43.78203510149255,-3567.5872875489513,-8397.62877524641
0.7450000000000006,99.306640625,157.07963267948966,44.919904605675804,4030.7314100716835,-7901.4731627331
0.7460000000000006,95.43489837646484,157.07963267948966,46.41223708856865,12412.113585541352,-7280.3499713147985
0.7470000000000006,91.77155303955078,157.07963267948966,48.21313240075621,20300.55761161757,-6618.9051344600875
0.7480000000000006,88.33061218261719,157.07963267948966,50.244665448975155,27279.771170445758,-5978.313043215799
0.7490000000000006,85.0986328125,157.07963267948966,52.40187159827417,32361.18440939989,-5404.370000183141
0.7500000000000006,82.04096221923828,157.07963267948966,54.54210925237112,34319.95096349359,-4924.572469321271
0.7510000000000006,79.10997009277344,157.07963267948966,56.487438175787474,34168.554430375356,-4548.566345344893
0.7520000000000006,76.24706268310547,157.07963267948966,58.155889786596205,32104.340311238488,-4280.472126927055
0.7530000000000006,73.38841247558594,157.07963267948966,59.488049556073065,28397.852467563418,-4114.054876098898
0.7540000000000006,70.47036743164062,157.07963267948966,60.44303262118431,23376.750362183007,-4034.4875908679296
0.7550000000000006,67.43431854248047,157.07963267948966,60.995464728746164,17402.11718070871,-4020.115840870592
0.7560000000000006,64.2309341430664,157.07963267948966,61.13299307998676,10846.567097704276,-4044.3928904842205
0.7570000000000006,60.82366180419922,157.07963267948966,60.854296977280775,4031.4454362648517,-4078.1761306429057
0.7580000000000006,57.18844223022461,157.07963267948966,60.174275935584085,-2602.0916447561467,-4095.4437894527623
0.7590000000000006,53.3126106262207,157.07963267948966,59.12189321221814,-8427.243094696629,-4074.7273084848944
0.7600000000000006,49.20137405395508,157.07963267948966,57.73206948302342,-13220.858897920174,-3992.4352346028286
0.7610000000000006,44.87339782714844,157.07963267948966,56.05490988072074,-16718.878838578494,-3836.0326269332595
0.7620000000000006,40.3597526550293,157.07963267948966,54.1501777786826,-19208.609331511423,-3600.317770752395
0.7630000000000006,35.70340347290039,157.07963267948966,52.06122741719946,-20988.21257520743,-3287.083676813286
0.7640000000000006,30.95712661743164,157.07963267948966,49.81670538663537,-22135.844952385964,-2906.007192622474
0.7650000000000006,26.18077278137207,157.07963267948966,47.44272855536768,-22730.40154425305,-2473.5769876942118
0.7660000000000006,21.438444137573242,157.07963267948966,44.96331848017405,-22849.609891362892,-2011.082015730854
0.7670000000000006,16.795745849609375,157.07963267948966,42.4006708716135,-22555.9366966654,-1542.2162343998057
0.7680000000000006,12.317322731018066,157.07963267948966,39.77612611050481,-21955.130907212475,-1090.6157509274865
0.7690000000000006,8.064284324645996,157.07963267948966,37.107123568237405,-21036.792333246744,-677.7410451139125
0.7700000000000006,4.093278884887695,157.07963267948966,34.41494159622084,-19966.01558035634,-320.945830946498
0.7710000000000006,0.4531320035457611,157.07963267948966,31.71160085105152,-18725.06030368901,-32.53342639175751
0.7720000000000006,-2.815424680709839,157.07963267948966,29.01277628448949,-17359.055203015,181.23016709064203
0.7730000000000006,-5.680716037750244,157.07963267948966,26.333044637818524,-15905.006910242624,319.88140424783313
0.7740000000000006,-8.120774269104004,157.07963267948966,23.686232100131136,-14392.48424264978,388.2516700166692
0.7750000000000006,-10.123651504516602,157.07963267948966,21.085903950576434,-12844.827604137789,395.52818261704937
0.7760000000000006,-11.687370300292969,157.07963267948966,18.54606757297697,-11280.330766232039,354.00543624146025
0.7770000000000006,-12.819513320922852,157.07963267948966,16.082310984963442,-9713.310200255772,277.67575131506817
0.7780000000000006,-13.536444664001465,157.07963267948966,13.713851389104159,-8155.009742288532,180.81768778520953
0.7790000000000006,-13.86220645904541,157.07963267948966,11.467532960121366,-6614.318884815434,76.73483125021798
0.7800000000000006,-13.82715892791748,157.07963267948966,9.386086339833009,-5098.309605476415,-23.231773028030748
0.7810000000000006,-13.46643352508545,157.07963267948966,7.545446882939043,-3612.616439046275,-110.3408411233625
0.7820000000000006,-12.818310737609863,157.07963267948966,6.086859108916321,-2161.696428258528,-178.71619562657608
0.7830000000000006,-11.92262077331543,157.07963267948966,5.241679913557962,-869.8217922102822,-225.27262938567463
0.7840000000000006,-10.835160255432129,157.07963267948966,5.1458610971647945,498.4934856961728,-246.29765906981726
0.7850000000000006,-9.594694137573242,157.07963267948966,5.8232037107452035,1825.2361566609418,-247.47653236724187
0.7860000000000006,-8.237497329711914,157.07963267948966,6.9934221375476975,3031.5168483979296,-231.71715018719115
0.7870000000000006,-6.796596050262451,157.07963267948966,8.362150472133356,4178.469557531652,-202.5770345920146
0.7880000000000006,-5.301224231719971,157.07963267948966,9.821510584736208,5284.795797195533,-163.79320806792515
0.7890000000000006,-3.7770206928253174,157.07963267948966,11.309434369628846,6351.065074419936,-118.88596762168882
0.7900000000000006,-2.245950222015381,157.07963267948966,12.794466969792047,7377.514823450042,-71.00738858046311
0.7910000000000006,-0.7264111638069153,157.07963267948966,14.260143355848351,8364.147994443618,-22.80016532247871
0.7920000000000006,0.7665465474128723,157.07963267948966,15.697601708869698,9257.003840805584,23.65414335499856
0.7930000000000006,2.239041805267334,157.07963267948966,17.09037960302151,10093.93942268823,68.18118627359173
0.7940000000000006,3.680701732635498,157.07963267948966,18.437761562346342,10879.073063321583,109.81946660092436
0.7950000000000006,5.083398342132568,157.07963267948966,19.73867081373582,11611.309487259621,147.72078923695713
0.7960000000000006,6.4410858154296875,157.07963267948966,20.99253530681557,12287.7176285291,181.38982540714613
0.7970000000000006,7.749484539031982,157.07963267948966,22.198758989322453,12904.892386780464,210.61269064057385
0.7980000000000006,9.005785942077637,157.07963267948966,23.3565963769899,13459.024853551009,235.39004554685147
0.7990000000000006,10.208380699157715,157.07963267948966,24.465086173289727,13945.988966242048,255.8771322517052
0.8000000000000006,11.356621742248535,157.07963267948966,25.52302145119325,14361.455233277682,272.3332900263205
0.8010000000000006,12.450618743896484,157.07963267948966,26.528944640533414,14701.029209426906,285.0815387224022
0.8020000000000006,13.491065979003906,157.07963267948966,27.481160071616646,14960.411596744274,294.4779046959196
0.8030000000000006,14.479101181030273,157.07963267948966,28.377759445202543,15135.575942242544,300.88941735067147
0.8040000000000006,15.416194915771484,157.07963267948966,29.216657166024763,15222.958766680462,304.679431727714
0.8050000000000006,16.30406379699707,157.07963267948966,29.995633406794685,15219.655633002798,306.1987069749609
0.8060000000000006,17.144611358642578,157.07963267948966,30.712383286506,15123.615263628162,305.7809390988925
0.8070000000000006,17.939878463745117,157.07963267948966,31.36457078276104,14933.82252662136,303.74116061147936
0.8080000000000006,18.692020416259766,157.07963267948966,31.949886040466662,14650.460167670417,300.3762799026589
0.8090000000000006,19.403289794921875,157.07963267948966,32.46610465629631,14275.038825128104,295.9665112499215
0.8100000000000006,20.076025009155273,157.07963267948966,32.911147369188015,13810.485363658878,290.77708168463914
0.8110000000000006,20.712648391723633,157.07963267948966,33.28313842738285,13240.741340810882,285.05982719545347
0.8120000000000006,21.315759658813477,157.07963267948966,33.57858982353097,12560.478353692604,279.0931173948714
0.8130000000000006,21.88811683654785,157.07963267948966,33.79348981012305,11819.434310448332,273.1442101760851
0.8140000000000006,22.43242645263672,157.07963267948966,33.92818489807733,10925.534837044917,267.3726270640601
0.8150000000000006,22.953596115112305,157.07963267948966,33.977527296518915,9961.785952754804,262.98059280540053
0.8160000000000006,23.453102111816406,157.07963267948966,33.93635919652414,8961.075873568816,258.55960621980233
0.8170000000000006,23.932525634765625,157.07963267948966,33.8060214371738,7936.208116939684,254.25148331401232
0.8180000000000006,24.393625259399414,157.07963267948966,33.588265395099,6899.564754017804,250.22695050512417
0.8190000000000006,24.83835792541504,157.07963267948966,33.28516645513687,5863.492873366298,246.6757037421543
0.8200000000000006,25.268918991088867,157.07963267948966,32.89913022230624,4840.13915581384,243.80615508441568
0.8210000000000006,25.687761306762695,157.07963267948966,32.43289817349949,3838.0443692963854,241.84389376425148
0.8220000000000006,26.097551345825195,157.07963267948966,31.889288559355666,2859.9854913555023,240.993358568053
0.8230000000000006,26.50082778930664,157.07963267948966,31.270818644465372,1929.1310227718275,241.28216632247455
0.8240000000000006,26.900238037109375,157.07963267948966,30.581376260136466,1053.829209399651,242.85370949496732
0.8250000000000006,27.297801971435547,157.07963267948966,29.825404808124322,244.72270547554723,245.45197112462793
0.8260000000000006,27.695449829101562,157.07963267948966,29.007558658195858,-492.6789171707929,249.09045410345058
0.8270000000000006,28.0950927734375,157.07963267948966,28.13258871076319,-1154.1135667648089,253.82190695728235
0.8280000000000006,28.498647689819336,157.07963267948966,27.20535054148917,-1736.6200617918914,259.7155004110956
0.8290000000000006,28.9080753326416,157.07963267948966,26.230779296668253,-2238.408908070567,266.85924220441416
0.8300000000000006,29.325401306152344,157.07963267948966,25.213876425811364,-2658.724531421501,275.361368635276
0.8310000000000006,29.75273895263672,157.07963267948966,24.159709810486635,-3218.0336933179365,285.3509552744534
0.8320000000000006,30.18868637084961,157.07963267948966,23.045246412814798,-3567.0782956470025,294.74915648765494
0.8330000000000006,30.63626480102539,157.07963267948966,21.890271253874758,-3807.9781686090455,306.26618354296335
0.8340000000000006,31.09839630126953,157.07963267948966,20.702861455845092,-3914.154700480316,319.9590539186417
0.8350000000000006,31.577646255493164,157.07963267948966,19.49606189257644,-3943.9989241067747,335.7225656816776
0.8360000000000006,32.076683044433594,157.07963267948966,18.275368652755464,-3889.8565776594,353.744219313707
0.8370000000000006,32.59840393066406,157.07963267948966,17.048538623530654,-3754.207172096199,374.31248590608357
0.8380000000000006,33.145973205566406,157.07963267948966,15.824535810505111,-3555.2104327318107,397.7603129219873
0.8390000000000006,33.72254943847656,157.07963267948966,14.610961192248007,-3276.056481753786,424.2729430477051
0.8400000000000006,34.331703186035156,157.07963267948966,13.421332090016877,-2943.7454872773446,454.33242815236775
0.8410000000000006,34.97688293457031,157.07963267948966,12.267064729490995,-2551.304397522228,488.10752869331935
0.8420000000000006,35.66169738769531,157.07963267948966,11.165487345200034,-2104.499902555882,525.9645723883823
0.8430000000000006,36.38985061645508,157.07963267948966,10.13857198274549,-1780.6387227624648,568.2849694642538
0.8440000000000006,37.15878677368164,157.07963267948966,9.159773534339337,-1257.5948089020392,610.6423410722161
0.8450000000000006,37.97160339355469,157.07963267948966,8.307481750681069,-689.5442587761652,657.3658135908713
0.8460000000000006,38.83161544799805,157.07963267948966,7.626067463337512,-85.0581299655808,708.9564099797327
0.8470000000000006,39.74227523803711,157.07963267948966,7.162465262048162,548.0762612026685,765.8928609835834
0.8480000000000006,40.70712661743164,157.07963267948966,6.954792456230358,1154.9035202203308,828.6581821462516
0.8490000000000006,41.72441101074219,157.07963267948966,6.989570420584025,1759.199435711272,893.1832241029044
0.8500000000000006,42.79676818847656,157.07963267948966,7.256481838003969,2384.8926613530934,963.3449467651815
0.8510000000000006,43.92693328857422,157.07963267948966,7.726083109662497,3024.2222351507967,1039.641674174068
0.8520000000000006,45.11766815185547,157.07963267948966,8.356509742762668,3593.9923616538267,1122.5515886945366
0.8530000000000006,46.37168502807617,157.07963267948966,9.070496494424399,4107.466581474313,1212.5292615839396
0.8540000000000006,47.688392639160156,157.07963267948966,9.830365340306905,4595.873921101363,1306.837632748485
0.8550000000000006,49.066951751708984,157.07963267948966,10.61276701207285,5052.868772919047,1405.410852495677
0.8560000000000006,50.506309509277344,157.07963267948966,11.39950937158096,5470.685129657313,1508.1566592433421
0.8570000000000007,52.0051155090332,157.07963267948966,12.17581915812435,5841.16601688266,1614.8560886206471
0.8580000000000007,53.56162643432617,157.07963267948966,12.9292873115625,6095.233426761653,1725.1285132386279
0.8590000000000007,55.17913818359375,157.07963267948966,13.636699600728667,6229.424790565702,1844.6663822432502
0.8600000000000007,56.85130310058594,157.07963267948966,14.2747814565585,6274.363032311283,1962.8549077729258
0.8610000000000007,58.5709228515625,157.07963267948966,14.835993662074904,6230.176973457509,2077.9590367596056
0.8620000000000007,60.329994201660156,157.07963267948966,15.314137354834717,6097.101502110738,2188.1258587041916
0.8630000000000007,62.119728088378906,157.07963267948966,15.703726501362363,5877.5279702004755,2291.2967029793513
0.8640000000000007,63.930564880371094,157.07963267948966,15.999975345601818,5576.212273882686,2385.2420848773786
0.8650000000000007,65.7522201538086,157.07963267948966,16.198839452262664,5200.378275790001,2467.616834095646
0.8660000000000007,67.57378387451172,157.07963267948966,16.297089161880535,4738.894575567393,2536.036453975788
0.8670000000000007,69.38369750976562,157.07963267948966,16.288801130495848,4160.930714257074,2587.9870247719687
0.8680000000000007,71.17141723632812,157.07963267948966,16.16545540229341,3492.0892446999387,2623.266778748436
0.8690000000000007,72.9211196899414,157.07963267948966,15.91091982415203,2799.8745112242223,2632.5184198556326
0.8700000000000007,74.61722564697266,157.07963267948966,15.526668774888604,2113.1304848908044,2613.9503288300148
0.8710000000000007,76.2448959350586,157.07963267948966,15.016764728294403,1459.35705575927,2566.8125956731337
0.8720000000000007,77.79060363769531,157.07963267948966,14.387718103384628,858.7395810011175,2491.517968873879
0.8730000000000007,79.24254608154297,157.07963267948966,13.648487396062931,338.8817219361272,2389.5948161980373
0.8740000000000007,80.59093475341797,157.07963267948966,12.810425764302435,-81.61469067734558,2263.531699197541
0.8750000000000007,81.8284912109375,157.07963267948966,11.887767675207265,-495.23569492693036,2117.0643000960736
0.8760000000000007,82.94742584228516,157.07963267948966,10.870948470042697,-757.1152688810448,1949.3834278346592
0.8770000000000007,83.94408416748047,157.07963267948966,9.784003723110859,-844.1385021303358,1767.6657675604827
0.8780000000000007,84.81896209716797,157.07963267948966,8.666306670943941,-768.9221002888098,1579.6271882066364
0.8790000000000007,85.57649230957031,157.07963267948966,7.566811005912796,-539.3934299836255,1392.9970376282151
0.8800000000000007,86.22486877441406,157.07963267948966,6.556155736712115,-165.86078189971897,1215.410366637264
0.8810000000000007,86.7757339477539,157.07963267948966,5.738989217104879,246.24873161004854,1054.036237016373
0.8820000000000007,87.23855590820312,157.07963267948966,5.203737584537801,832.8281350945402,906.1162847700148
0.8830000000000007,87.62828826904297,157.07963267948966,5.116729624997181,1517.4652744610783,782.1271476639946
0.8840000000000007,87.96208190917969,157.07963267948966,5.516375118991009,2200.9005188297506,686.7495994652071
0.8850000000000007,88.25841522216797,157.07963267948966,6.265167753207345,2926.212161245802,622.9712357381334
0.8860000000000007,88.5325927734375,157.07963267948966,7.2535193339734105,3592.1847114789234,585.732299524298
0.8870000000000007,88.80752563476562,157.07963267948966,8.342668860271255,4190.5762649930775,588.9163149058718
0.8880000000000007,89.09487915039062,157.07963267948966,9.455076137737564,4721.154840787578,613.0089036752298
0.8890000000000007,89.40473937988281,157.07963267948966,10.549448861964189,5158.74690564155,655.4004179317893
0.8900000000000007,89.74530792236328,157.07963267948966,11.59560821129352,5479.868624002274,713.0783058122922
0.8910000000000007,90.1227798461914,157.07963267948966,12.569741581369133,5543.738538962894,782.6317670989505
0.8920000000000007,90.54806518554688,157.07963267948966,13.42824769257437,5436.292546285361,872.9599679320269
0.8930000000000007,91.02030944824219,157.07963267948966,14.145707514159843,5156.74832784687,963.0668569343093
0.8940000000000007,91.53604125976562,157.07963267948966,14.710973001760928,4721.255654672453,1048.182570137556
0.8950000000000007,92.08946990966797,157.07963267948966,15.11642724191894,4152.400135527003,1124.0370955890223
0.8960000000000007,92.67292785644531,157.07963267948966,15.357345843761141,3453.9418607781904,1186.8947305445313
0.8970000000000007,93.27782440185547,157.07963267948966,15.427816126609152,2676.377184317654,1234.7059775620187
0.8980000000000007,93.89457702636719,157.07963267948966,15.327560604976044,1767.6092721466887,1265.2290363548007
0.8990000000000007,94.51331329345703,157.07963267948966,15.042958162664195,853.6884052166121,1277.4046256143304
0.9000000000000007,95.12076568603516,157.07963267948966,14.571040265600221,-1.3230433087123217,1264.2247460063709
0.9010000000000007,95.7043685913086,157.07963267948966,13.923020409554983,-743.1556579381864,1226.4262710428218
0.9020000000000007,96.25312805175781,157.07963267948966,13.116411951332296,-1345.6714151580854,1166.4795628870834
0.9030000000000007,96.75753021240234,157.07963267948966,12.168162403999549,-1784.7314358929914,1086.8072713078384
0.9040000000000007,97.20999145507812,157.07963267948966,11.098195828405204,-2199.3529122351624,990.9936910062816
0.9050000000000007,97.60342407226562,157.07963267948966,9.887376561120497,-2317.899281271785,879.8532298002009
0.9060000000000007,97.9343032836914,157.07963267948966,8.586961953863044,-2214.102504869525,760.3554730432799
0.9070000000000007,98.20213317871094,157.07963267948966,7.24239925722723,-1910.1304201030528,638.6548499007215
0.9080000000000007,98.40927124023438,157.07963267948966,5.918342088988203,-1420.2422132401189,520.5910017184138
0.9090000000000007,98.56077575683594,157.07963267948966,4.732244617914968,-771.4041789718278,411.7669450703006
0.9100000000000007,98.66403198242188,157.07963267948966,3.904150097465244,-92.37511919526295,317.00767837373246
0.9110000000000007,98.7251205444336,157.07963267948966,3.6662928920015054,761.0649918137907,233.9434993179058
0.9120000000000007,98.75364685058594,157.07963267948966,4.205695091433081,1612.8402258136348,169.72424832842256
0.9130000000000007,98.75949096679688,157.07963267948966,5.237900921196363,2487.7804011673184,124.93719595494248
0.9140000000000007,98.75151062011719,157.07963267948966,6.522555298502666,3227.012838600494,97.6124926388647
0.9150000000000007,98.74128723144531,157.07963267948966,7.8475429096097615,3874.2932043424107,93.17467997373039
0.9160000000000007,98.73523712158203,157.07963267948966,9.148716714086039,4392.673789207016,101.41052563579467
0.9170000000000007,98.73838806152344,157.07963267948966,10.383519516278785,4749.775577541225,119.59708765655351
0.9180000000000007,98.75423431396484,157.07963267948966,11.521379392268955,4794.024999252871,144.66646547883622
0.9190000000000007,98.78706359863281,157.07963267948966,12.511776837093057,4619.943956510893,178.2890736376802
0.9200000000000007,98.83610534667969,157.07963267948966,13.328690007256803,4228.215887330464,210.41882941196212
0.9210000000000007,98.89892578125,157.07963267948966,13.959324138286297,3646.232587729405,237.81783660969745
0.9220000000000007,98.9718017578125,157.07963267948966,14.39547844158585,2900.263546731927,257.9112931234393
0.9230000000000007,99.05017852783203,157.07963267948966,14.631232685876608,2033.3565951121761,269.01258968513406
0.9240000000000007,99.1290054321289,157.07963267948966,14.664919172954274,1055.0103328251269,270.13843441909506
0.9250000000000007,99.2029037475586,157.07963267948966,14.492302797217942,15.38304601336704,260.580710502634
0.9260000000000007,99.26644897460938,157.07963267948966,14.099272638624901,-959.8450960084474,240.20108988334982
0.9270000000000007,99.31520080566406,157.07963267948966,13.497496571388748,-1774.3828807750517,210.93262855747273
0.9280000000000007,99.3459701538086,157.07963267948966,12.712404210845042,-2425.955117370293,175.27404050575393
0.9290000000000007,99.357177734375,157.07963267948966,11.760976506342097,-2888.231932343331,136.43514628525276
0.9300000000000007,99.3490982055664,157.07963267948966,10.661407912702197,-3145.0479356567457,98.10193323239056
0.9310000000000007,99.32392883300781,157.07963267948966,9.433260716170807,-3189.6202181629915,64.14037790718305
0.9320000000000007,99.28575897216797,157.07963267948966,8.098230512847337,-3196.180486133339,38.27751941801908
0.9330000000000007,99.23870086669922,157.07963267948966,6.618133508279259,-2812.3625981976984,20.617991012849526
0.9340000000000007,99.18978118896484,157.07963267948966,5.075975075320349,-2218.5635693978165,16.908369895616275
0.9350000000000007,99.1470718383789,157.07963267948966,3.5364488709238984,-1446.5459404046485,29.212361189236542
0.9360000000000007,99.119140625,157.07963267948966,2.188504946358024,-536.2631610491917,58.49260565916361
0.9370000000000007,99.11438751220703,157.07963267948966,1.757909605559856,420.62559778040304,104.42784018776426
0.9380000000000007,99.13812255859375,157.07963267948966,2.699690099698661,1430.0730973420596,160.93873220032572
0.9390000000000007,99.19539642333984,157.07963267948966,4.149911781913606,2371.3369120235275,227.56232946228133
0.9400000000000007,99.2903823852539,157.07963267948966,5.661578179865357,3234.032552640737,302.68570818685765
0.9410000000000007,99.42433166503906,157.07963267948966,7.145613574455395,3989.6866480102294,380.58685215108994
0.9420000000000007,99.59650421142578,157.07963267948966,8.562004265432712,4594.695398621416,457.40521199347285
0.9430000000000007,99.80409240722656,157.07963267948966,9.882674210217104,4919.480316532846,529.0877529039766
0.9440000000000007,100.04194641113281,157.07963267948966,11.064911716174159,4994.659203592428,590.9186849534544
0.9450000000000007,100.30189514160156,157.07963267948966,12.076470300240205,4810.1920716837485,636.825522214614
0.9460000000000007,100.5743408203125,157.07963267948966,12.90096518489801,4380.24325067726,663.7252348312088
0.9470000000000007,100.8487548828125,157.07963267948966,13.526027860330629,3734.0454809280545,669.5433283073187
0.9480000000000007,101.11427307128906,157.07963267948966,13.94305466387728,2899.8723774953914,653.3674132623894
0.9490000000000007,101.36004638671875,157.07963267948966,14.145186506957893,1936.4062483831078,614.9620163998148
0.9500000000000007,101.57561492919922,157.07963267948966,14.131514201737806,851.1883974033833,554.9583007370244
0.9510000000000007,101.75032043457031,157.07963267948966,13.896377839356692,-274.8405034458067,472.78089596097925
0.9520000000000007,101.8775405883789,157.07963267948966,13.428810175823811,-1314.8112578847254,376.6402227018069
0.9530000000000007,101.95352172851562,157.07963267948966,12.742499376560998,-2169.370431210314,272.4633777887431
0.9540000000000007,101.9775161743164,157.07963267948966,11.86364679843226,-2831.0764419419074,166.5127094061034
0.9550000000000007,101.95244598388672,157.07963267948966,10.809971816362312,-3271.208099059873,66.42165610987279
0.9560000000000007,101.8848876953125,157.07963267948966,9.59971298555575,-3472.3975376957096,-20.188547822177203
0.9570000000000007,101.78487396240234,157.07963267948966,8.25147831456938,-3428.098200985965,-86.26145500425521
0.9580000000000007,101.66535186767578,157.07963267948966,6.784217585396557,-3270.566735491885,-125.82805606480218
0.9590000000000007,101.5383071899414,157.07963267948966,5.164874931738796,-2724.2062688641468,-140.9830327590706
0.9600000000000007,101.42057037353516,157.07963267948966,3.4589508740223898,-1949.0440411891932,-121.9462267845386
0.9610000000000007,101.3298568725586,157.07963267948966,1.6924907416547252,-986.8558074735081,-67.10414201598594
0.9620000000000007,101.28352355957031,157.07963267948966,0.19407909933261452,115.05889286696743,22.834652829950123
0.9630000000000007,101.29752349853516,157.07963267948966,1.9546352497797317,1278.5341878737702,145.036853569839
0.9640000000000007,101.37881469726562,157.07963267948966,3.7218103752478524,2361.5719893005657,281.6097972547972
0.9650000000000007,101.53764343261719,157.07963267948966,5.4085439792432854,3422.528765390738,439.5290876417223
0.9660000000000007,101.7782974243164,157.07963267948966,7.039079797599567,4385.402933538795,607.1454153346342
0.9670000000000007,102.10149383544922,157.07963267948966,8.58955901557204,5133.456119918782,777.6620555402287
0.9680000000000007,102.50647735595703,157.07963267948966,10.027201439667882,5642.784623407225,948.4684852545536
0.9690000000000007,102.98402404785156,157.07963267948966,11.309569511137468,5861.311568156596,1102.4152953749465
0.9700000000000008,103.52119445800781,157.07963267948966,12.41364444795883,5772.517912296718,1231.68282314985
0.9710000000000008,104.10192108154297,157.07963267948966,13.319543110465323,5379.875287337866,1329.3680025792946
0.9720000000000008,104.70777130126953,157.07963267948966,14.010708628026983,4708.20541403444,1389.79382833383
0.9730000000000008,105.31879425048828,157.07963267948966,14.474517240539807,3802.071495589847,1408.9186519490295
0.9740000000000008,105.91459655761719,157.07963267948966,14.702698957043332,2689.0574138571696,1384.723461586324
0.9750000000000008,106.47447967529297,157.07963267948966,14.687839573812129,1438.5016742323,1315.652977256125
0.9760000000000008,106.97732543945312,157.07963267948966,14.43025929458973,105.6853930434737,1199.9244221406825
0.9770000000000008,107.40605926513672,157.07963267948966,13.912610530886624,-1155.5374885451167,1045.6112043641758
0.9780000000000008,107.74809265136719,157.07963267948966,13.146096562563324,-2224.01964028256,862.1833178681392
0.9790000000000008,107.99553680419922,157.07963267948966,12.15717589730846,-3045.7567645328913,659.8983184415761
0.9800000000000008,108.1467056274414,157.07963267948966,10.970249312640737,-3598.2229970956664,452.64489051670853
0.9810000000000008,108.20629119873047,157.07963267948966,9.606686563563082,-3855.0291628641153,254.70533470776243
0.9820000000000008,108.1852035522461,157.07963267948966,8.088923047388759,-3803.7371049085104,80.11701834817221
0.9830000000000008,108.10005187988281,157.07963267948966,6.441228948802672,-3442.967881032712,-58.46162186889494
0.9840000000000008,107.97222137451172,157.07963267948966,4.69363316071565,-2846.683127215936,-150.56115440850934
0.9850000000000008,107.82078552246094,157.07963267948966,2.8848190791071375,-1882.4802630932973,-201.27322527381375
0.9860000000000008,107.67281341552734,157.07963267948966,1.3646069182338103,-686.9073394638596,-193.56312763183234
0.9870000000000008,107.55603790283203,157.07963267948966,1.8359196558659046,630.385260985844,-126.26547820459312
0.9880000000000008,107.5027847290039,157.07963267948966,3.579687381706818,2034.3931305714605,10.344128433530246
0.9890000000000008,107.53228759765625,157.07963267948966,5.4412943117609265,3396.938918629873,188.32579124521632
0.9900000000000008,107.65865325927734,157.07963267948966,7.27809119761262,4630.874221601788,397.10672702830084
0.9910000000000008,107.89034271240234,157.07963267948966,9.028622116540014,5650.645077183947,625.2616186497373
0.9920000000000008,108.229736328125,157.07963267948966,10.651906917546945,6380.49646048006,860.3818733905995
0.9930000000000008,108.67292785644531,157.07963267948966,12.113332488010615,6761.167370827119,1089.5888296375301
0.9940000000000008,109.20999145507812,157.07963267948966,13.381986222893984,6756.431844361636,1300.0565742768165
0.9950000000000008,109.82539367675781,157.07963267948966,14.430543977605437,6358.260903353787,1479.5489663969377
0.9960000000000008,110.49883270263672,157.07963267948966,15.235904736751667,5589.413486328565,1616.9984379381717
0.9970000000000008,111.20630645751953,157.07963267948966,15.779989913214242,4502.602180627567,1703.1377439297398
0.9980000000000008,111.92134857177734,157.07963267948966,16.050424246428033,3144.30338693782,1731.171774926751
0.9990000000000008,112.61622619628906,157.07963267948966,16.037830465849233,1617.8165603968537,1696.60664528669
1.0000000000000007,113.26241302490234,157.07963267948966,15.746944066073949,-24.23538971081399,1596.1646124429913
1.0010000000000006,113.8331069946289,157.07963267948966,15.155990161531774,-1582.8691263363798,1432.4483837791922
1.0020000000000004,114.30608367919922,157.07963267948966,14.277845421537203,-2897.611867514987,1215.107810332678
1.0030000000000003,114.66485595703125,157.07963267948966,13.145006714121626,-3889.548368153464,957.0982146208001
1.0040000000000002,114.90064239501953,157.07963267948966,11.78981942511645,-4533.923456152106,676.5038034006811
1.0050000000000001,115.012939453125,157.07963267948966,10.242389259702165,-4796.339828199585,393.1530808447719
1.006,115.00982666015625,157.07963267948966,8.538916373165863,-4659.999035365549,127.69293017303339
1.007,114.90758514404297,157.07963267948966,6.730090034248055,-4124.280470459675,-100.2415011983166
1.0079999999999998,114.72975158691406,157.07963267948966,4.909478078704937,-3211.3471891193954,-273.5541037086729
1.0089999999999997,114.50545501708984,157.07963267948966,3.3260099793221625,-1961.1100446370963,-379.44077008680136
1.0099999999999996,114.26728057861328,157.07963267948966,2.736264667434344,-432.3279190231278,-410.42247650861543
1.0109999999999995,114.04878234863281,157.07963267948966,3.7690398426334415,1258.4432095634043,-364.7989369181966
1.0119999999999993,113.88142395019531,157.07963267948966,5.564077416891879,2995.976275936096,-247.8106633133802
1.0129999999999992,113.79064178466797,157.07963267948966,7.5592802848547676,4642.611024797832,-73.38321607997109
1.0139999999999991,113.7961196899414,157.07963267948966,9.553918453224558,6072.271473740313,145.70041114555306
1.014999999999999,113.91060638427734,157.07963267948966,11.455929192485241,7165.953282913718,394.17560315078657
1.015999999999999,114.13908386230469,157.07963267948966,13.204583972695744,7822.708594338081,655.2086207913961
1.0169999999999988,114.47854614257812,157.07963267948966,14.751513162001343,7971.695386671906,911.3013363252653
1.0179999999999987,114.91820526123047,157.07963267948966,16.055879053919945,7582.860820990768,1145.1492910830787
1.0189999999999986,115.440185546875,157.07963267948966,17.083702327051554,6673.627312168775,1340.4836704620232
1.0199999999999985,116.02061462402344,157.07963267948966,17.808492003743016,5309.382673471376,1482.9361427252236
1.0209999999999984,116.63109588623047,157.07963267948966,18.212082464297648,3565.735626792809,1560.9496729919529
1.0219999999999982,117.24042510986328,157.07963267948966,18.282892374290647,1627.3420287392848,1566.5116073803001
1.0229999999999981,117.81633758544922,157.07963267948966,18.025554351032746,-486.4919676278629,1495.582321817043
1.023999999999998,118.32637023925781,157.07963267948966,17.433284341465907,-2502.7936212947848,1346.2461940251173
1.024999999999998,118.74198150634766,157.07963267948966,16.513902260220714,-4176.428166766444,1126.8265624073886
1.0259999999999978,119.04081726074219,157.07963267948966,15.314066562040209,-5445.070599370425,851.7146961069069
1.0269999999999977,119.20872497558594,157.07963267948966,13.875551030598817,-6260.956034294553,540.8208201315027
1.0279999999999976,119.24101257324219,157.07963267948966,12.245101478838071,-6579.462392892911,217.55613665578565
1.0289999999999975,119.1430892944336,157.07963267948966,10.48555860824399,-6377.993329942292,-92.88768012929208
1.0299999999999974,118.93028259277344,157.07963267948966,8.694320160791717,-5653.5222982746745,-366.0009148170691
1.0309999999999973,118.62698364257812,157.07963267948966,7.045672701154915,-4437.061639668338,-579.7865857882011
1.0319999999999971,118.26463317871094,157.07963267948966,5.8683574777013705,-2778.9356238864725,-717.7632129151107
1.032999999999997,117.87914276123047,157.07963267948966,5.63856675539248,-755.8958767157774,-770.0412761205532
1.033999999999997,117.50792694091797,157.07963267948966,6.548214274867944,1486.8946859543028,-734.1253410891832
1.0349999999999968,117.18614196777344,157.07963267948966,8.211130654730873,3789.974656586572,-616.3257342579661
1.0359999999999967,116.9427719116211,157.07963267948966,10.233069912216024,5954.54798242183,-431.7138015100536
1.0369999999999966,116.79999542236328,157.07963267948966,12.357869862583083,7798.19958152507,-196.23001083801202
1.0379999999999965,116.77163696289062,157.07963267948966,14.43691459564759,9146.953480077786,70.99973658895794
1.0389999999999964,116.86219787597656,157.07963267948966,16.371341213877894,9791.292951083551,348.9972273045971
1.0399999999999963,117.06670379638672,157.07963267948966,18.075527216864714,9699.84923350272,616.4032869450281
1.0409999999999962,117.37090301513672,157.07963267948966,19.494424147784038,8895.372539669275,852.0586154354427
1.041999999999996,117.75224304199219,157.07963267948966,20.590841935016194,7426.301497692312,1036.5604600486977
1.042999999999996,118.18154907226562,157.07963267948966,21.33699361039985,5363.111153173008,1153.7732030216262
1.0439999999999958,118.62513732910156,157.07963267948966,21.711375919588082,2826.6358441355114,1192.0648748202077
1.0449999999999957,119.04693603515625,157.07963267948966,21.70585120563581,62.351684853758144,1144.5056828455818
1.0459999999999956,119.41001892089844,157.07963267948966,21.3306258718552,-2730.448275998454,1007.8465273783278
1.0469999999999955,119.68043518066406,157.07963267948966,20.584190547854224,-5188.663736380099,788.4002267605276
1.0479999999999954,119.83021545410156,157.07963267948966,19.515793276558703,-7106.014043997401,500.30229215572933
1.0489999999999953,119.8401107788086,157.07963267948966,18.188215988355203,-8465.546784711963,165.09989410580164
1.0499999999999952,119.70142364501953,157.07963267948966,16.661650747245233,-9200.550913561867,-190.81091834084685
1.050999999999995,119.41709899902344,157.07963267948966,15.013133828155645,-9271.63262631747,-538.2002850038109
1.051999999999995,119.0018310546875,157.07963267948966,13.348876112370943,-8662.040842580738,-848.0305485984635
1.0529999999999948,118.48114776611328,157.07963267948966,11.823115133583775,-7392.672660259471,-1094.1927182381621
1.0539999999999947,117.88945770263672,157.07963267948966,10.65404395176153,-5512.684171148931,-1256.2497081257818
1.0549999999999946,117.26707458496094,157.07963267948966,10.106172943527914,-3097.7941271910167,-1321.6926222399563
1.0559999999999945,116.65674591064453,157.07963267948966,10.380504018548802,-256.672651049426,-1286.79914464322
1.0569999999999944,116.09990692138672,157.07963267948966,11.472588765370752,2818.4164294214634,-1156.5698909149962
1.0579999999999943,115.6316146850586,157.07963267948966,13.151750100863266,5881.227587518374,-947.2240006174934
1.0589999999999942,115.27847290039062,157.07963267948966,15.18502586748157,8675.377558636992,-678.9074242404739
1.059999999999994,115.05725860595703,157.07963267948966,17.361324597241328,10852.810954546883,-374.0953108030406
1.060999999999994,114.97370910644531,157.07963267948966,19.503896042086087,12142.013278196997,-57.30680141953115
1.0619999999999938,115.02210235595703,157.07963267948966,21.478268348710994,12518.521148176633,246.17575949987608
1.0629999999999937,115.18540954589844,157.07963267948966,23.20372034884487,11942.68472521999,511.2782348791962
1.0639999999999936,115.4365234375,157.07963267948966,24.620981378948976,10442.062960257528,715.1413281311296
1.0649999999999935,115.74014282226562,157.07963267948966,25.686401334920106,8111.317544587265,838.5976702070501
1.0659999999999934,116.0552978515625,157.07963267948966,26.369146917993877,5107.5015650849045,867.712728162021
1.0669999999999933,116.3384017944336,157.07963267948966,26.650008784581786,1597.836069026604,795.310516423242
1.0679999999999932,116.54557037353516,157.07963267948966,26.530620898524568,-2141.4585000512084,619.7754499059394
1.068999999999993,116.6349868774414,157.07963267948966,26.02139471745782,-5654.70967336135,345.60871423806856
1.069999999999993,116.57247161865234,157.07963267948966,25.15169755065781,-8517.452634788055,-8.784848031453478
1.0709999999999928,116.33364868164062,157.07963267948966,23.998580643710344,-10676.391769299289,-418.99302602282387
1.0719999999999927,115.9069595336914,157.07963267948966,22.632641453051274,-12098.318607998955,-852.9926733824948
1.0729999999999926,115.29503631591797,157.07963267948966,21.12994828372897,-12730.395514585474,-1275.702017028251
1.0739999999999925,114.5149154663086,157.07963267948966,19.58340803874469,-12544.056954050115,-1652.3788702627457
1.0749999999999924,113.5969467163086,157.07963267948966,18.110729744688246,-11540.966348578559,-1952.463372238726
1.0759999999999923,112.58281707763672,157.07963267948966,16.85625145447319,-9766.929502225117,-2151.7002596131847
1.0769999999999922,111.52186584472656,157.07963267948966,15.987299619923894,-7286.786525028876,-2236.039891696494
1.077999999999992,110.467041015625,157.07963267948966,15.665369698377528,-4192.793137702805,-2201.508481041791
1.078999999999992,109.47058868408203,157.07963267948966,15.99496169793472,-609.2124641505113,-2054.040820281681
1.0799999999999919,108.57977294921875,157.07963267948966,16.97881525641691,3259.7020885739976,-1808.0822214668217
1.0809999999999917,107.83148193359375,157.07963267948966,18.49065685628206,7148.347062778737,-1488.3868728246466
1.0819999999999916,107.2508773803711,157.07963267948966,20.386133792145273,10656.220363954535,-1120.809318065824
1.0829999999999915,106.85030364990234,157.07963267948966,22.47792885641534,13278.189221664403,-731.9964604361369
1.0839999999999914,106.62877655029297,157.07963267948966,24.574886284784903,14952.786192667896,-348.69821382508655
1.0849999999999913,106.5720443725586,157.07963267948966,26.555468869387585,15569.397557527122,2.692063428298604
1.0859999999999912,106.65353393554688,157.07963267948966,28.328683601345432,15083.995864420587,297.5237143512758
1.086999999999991,106.83602905273438,157.07963267948966,29.82626231539322,13521.977445990435,513.8746469877093
1.087999999999991,107.07393646240234,157.07963267948966,30.99742460180597,10976.743973552771,633.7099608212981
1.0889999999999909,107.31608581542969,157.07963267948966,31.805633062579684,7605.585148297684,644.2701510357272
1.0899999999999908,107.50898742675781,157.07963267948966,32.22681081424499,3622.482094227395,539.5944917760983
1.0909999999999906,107.60052490234375,157.07963267948966,32.248597045347765,-666.4258350321121,321.93574425600156
1.0919999999999905,107.54207611083984,157.07963267948966,31.887310808158244,-5131.650552134602,-0.8035746687450701
1.0929999999999904,107.29108428955078,157.07963267948966,31.15384213142821,-8973.328593239363,-413.9822589109814
1.0939999999999903,106.81682586669922,157.07963267948966,30.10851679388848,-11973.831589167276,-889.1758020479481
1.0949999999999902,106.10240936279297,157.07963267948966,28.82757582218883,-14122.324324150073,-1392.9246076960026
1.09599999999999,105.14704895019531,157.07963267948966,27.38215617689515,-15447.248085062743,-1887.1820436793028
1.09699999999999,103.96630096435547,157.07963267948966,25.84384067962532,-15925.26682918646,-2334.7925393869014
1.0979999999999899,102.591064453125,157.07963267948966,24.29499027869728,-15548.513757674153,-2703.1498192156237
1.0989999999999898,101.0654296875,157.07963267948966,22.831874240218298,-14352.346716312866,-2967.1662914344224
1.0999999999999897,99.44322204589844,157.07963267948966,21.564242024587475,-12394.715610023522,-3111.8332831851367
1.1009999999999895,97.78392028808594,157.07963267948966,20.610220437955483,-9752.794786231494,-3132.6838210936307
1.1019999999999894,96.14820861816406,157.07963267948966,20.082979771017442,-6520.126274864041,-3035.16614563543
1.1029999999999893,94.59367370605469,157.07963267948966,20.06778095305411,-2808.6480911159283,-2832.756475039698
1.1039999999999892,93.17105865478516,157.07963267948966,20.597960729070724,1162.5213392521568,-2544.537663491359
1.104999999999989,91.92081451416016,157.07963267948966,21.617925626858323,5368.310955300166,-2193.7022530790073
1.105999999999989,90.8697509765625,157.07963267948966,23.065594816996516,9438.793569883417,-1806.7970577419428
1.1069999999999889,90.03217315673828,157.07963267948966,24.81909415543272,12773.772708301303,-1405.8730376723556
1.1079999999999888,89.40982818603516,157.07963267948966,26.697988180160248,15301.865316665837,-1011.3902357175308
1.1089999999999887,88.99264526367188,157.07963267948966,28.577247111561366,16930.31204438278,-641.598572352465
1.1099999999999886,88.7597885131836,157.07963267948966,30.361004961230204,17598.51648361925,-312.759519608692
1.1109999999999884,88.68104553222656,157.07963267948966,31.97530428258105,17292.992699954335,-39.16410937935293
1.1119999999999883,88.71847534179688,157.07963267948966,33.36357837419596,16045.527990435523,166.93576825384818
1.1129999999999882,88.82823181152344,157.07963267948966,34.48296604370148,13930.652440854907,295.6307610629974
1.113999999999988,88.96261596679688,157.07963267948966,35.301654622987236,11062.545028818276,339.92106148495554
1.114999999999988,89.07237243652344,157.07963267948966,35.79712411441553,7591.02434511099,296.48979878283643
1.115999999999988,89.10914611816406,157.07963267948966,35.95509445463036,3696.132502600295,166.54302147977788
1.1169999999999878,89.02803802490234,157.07963267948966,35.76899471174056,-419.1525934126822,-43.48781147686779
1.1179999999999877,88.79025268554688,157.07963267948966,35.239807806347024,-4343.708432191124,-321.6145623142119
1.1189999999999876,88.36239624023438,157.07963267948966,34.406170292070705,-8339.671578381094,-655.9913473380581
1.1199999999999875,87.71942138671875,157.07963267948966,33.264499059742725,-11406.069710301892,-1028.6855784024785
1.1209999999999873,86.8478012084961,157.07963267948966,31.886451691018294,-13756.053780035432,-1415.686276545782
1.1219999999999872,85.74639129638672,157.07963267948966,30.321595379307677,-15301.889909674435,-1791.9231679741022
1.1229999999999871,84.42707824707031,157.07963267948966,28.625963758309087,-16169.424572989274,-2132.4284833555057
1.123999999999987,82.91358947753906,157.07963267948966,26.848663135036517,-16353.167639657084,-2416.3627758979155
1.124999999999987,81.24015808105469,157.07963267948966,25.045288983483193,-15919.130901181148,-2627.6546045402783
1.1259999999999868,79.4485092163086,157.07963267948966,23.277793356620265,-14880.088929604646,-2757.7466730872793
1.1269999999999867,77.58560943603516,157.07963267948966,21.62014342273218,-13297.365560694221,-2803.849098810063
1.1279999999999866,75.70069885253906,157.07963267948966,20.157057406158543,-11238.571719390167,-2769.270671898295
1.1289999999999865,73.84239196777344,157.07963267948966,18.981871959381195,-8776.00903524937,-2662.209049107043
1.1299999999999863,72.0561294555664,157.07963267948966,18.187629443635622,-5985.751110131781,-2494.1845835471518
1.1309999999999862,70.38211059570312,157.07963267948966,17.849715751546356,-3205.7171162079208,-2278.4347508936553
1.1319999999999861,68.85765075683594,157.07963267948966,17.955997274056042,73.49151231256982,-2023.2891021341566
1.132999999999986,67.50605773925781,157.07963267948966,18.55249090732504,3367.0175922839226,-1750.334441713072
1.133999999999986,66.34266662597656,157.07963267948966,19.569332893929218,6570.49950035715,-1470.5904715397749
1.1349999999999858,65.37504577636719,157.07963267948966,20.908658521443694,9583.455187528783,-1193.2773918281496
1.1359999999999857,64.603515625,157.07963267948966,22.46754135129555,12079.073862537158,-925.9351525910688
1.1369999999999856,64.02169036865234,157.07963267948966,24.116133268614803,14020.009651536398,-674.7643384998408
1.1379999999999855,63.61762619018555,157.07963267948966,25.761502361866178,15414.546686335347,-444.38428321619233
1.1389999999999854,63.37467575073242,157.07963267948966,27.339936074139207,16246.294642102976,-238.51750371218193
1.1399999999999852,63.27230453491211,157.07963267948966,28.80353033340875,16515.14466979477,-60.258028521633854
1.1409999999999851,63.28688430786133,157.07963267948966,30.116170723500257,16236.231479010414,87.74818695723057
1.141999999999985,63.392433166503906,157.07963267948966,31.250536111753068,15438.646814473172,203.22954357555236
1.142999999999985,63.561336517333984,157.07963267948966,32.18595739332708,14164.361933202326,284.32207982373075
1.1439999999999848,63.76509475708008,157.07963267948966,32.906941335799814,12467.246821571036,329.69764205511495
1.1449999999999847,63.975074768066406,157.07963267948966,33.4021812315951,10412.034738117798,338.76377094169766
1.1459999999999846,64.163330078125,157.07963267948966,33.66391478300178,8073.071376714177,311.90247875462
1.1469999999999845,64.30345916748047,157.07963267948966,33.687525691118516,5532.702371781382,250.70627307746682
1.1479999999999844,64.37149047851562,157.07963267948966,33.4713122782072,2879.19067147387,158.16453262839946
1.1489999999999843,64.34677124023438,157.07963267948966,33.016364998307616,204.11505614568685,38.75349973587144
1.1499999999999841,64.21282958984375,157.07963267948966,32.32650737339163,-2400.7213780145944,-101.60936879118978
1.150999999999984,63.95806121826172,157.07963267948966,31.4082641424627,-4697.258448579561,-255.76987463213578
1.151999999999984,63.57316970825195,157.07963267948966,30.292285441126516,-6697.359061058756,-419.70635323396755
1.1529999999999838,63.0538215637207,157.07963267948966,28.997620454646707,-8367.719983746338,-585.8702507557068
1.1539999999999837,62.4011116027832,157.07963267948966,27.54327816231296,-10162.189406648613,-746.2906510230877
1.1549999999999836,61.61964416503906,157.07963267948966,25.899030699118878,-11120.575709937373,-895.6880097705966
1.1559999999999835,60.72116470336914,157.07963267948966,24.131114525982273,-11674.873988460935,-1024.8005637605338
1.1569999999999834,59.72233581542969,157.07963267948966,22.263403262139573,-11846.764039436663,-1127.8876631533526
1.1579999999999833,58.643943786621094,157.07963267948966,20.31999584649995,-11661.372948565977,-1200.926592246356
1.1589999999999832,57.50994110107422,157.07963267948966,18.326538846624143,-11148.48372264812,-1241.7575599974216
1.159999999999983,56.346370697021484,157.07963267948966,16.311984763975744,-10341.006868683591,-1250.0534261637374
1.160999999999983,55.18022918701172,157.07963267948966,14.311690353792866,-9273.765206191998,-1227.1142248071103
1.1619999999999828,54.03840637207031,157.07963267948966,12.372974098164,-7982.548424284263,-1175.5350858024112
1.1629999999999827,52.94670104980469,157.07963267948966,10.565028046999954,-6503.397039470448,-1098.8056394298355
1.1639999999999826,51.92900848388672,157.07963267948966,8.995016309839027,-4872.094092860916,-1000.9012075179284
1.1649999999999825,51.006683349609375,157.07963267948966,7.825028803579462,-3277.2586797044432,-885.9144998130643
1.1659999999999824,50.20524215698242,157.07963267948966,7.17829046123545,-1446.8086366618845,-750.6859623750645
1.1669999999999823,49.53844451904297,157.07963267948966,7.26567848833257,442.11605997096626,-607.3725966150641
1.1679999999999822,49.016544342041016,157.07963267948966,8.04652065339239,2341.8529244047104,-458.97717373145974
1.168999999999982,48.64594268798828,157.07963267948966,9.316548807528473,4187.988172614815,-308.3415504559161
1.169999999999982,48.429527282714844,157.07963267948966,10.86271025057958,5896.133542559946,-157.6539770440737
1.1709999999999818,48.35708999633789,157.07963267948966,12.507480584083218,7452.426952183657,-18.18661264504866
1.1719999999999817,48.42604064941406,157.07963267948966,14.192295692690344,8875.32906059671,118.71625282006698
1.1729999999999816,48.63181686401367,157.07963267948966,15.86731697633588,10138.225216074386,252.31155055784583
1.1739999999999815,48.96807098388672,157.07963267948966,17.498869255964113,11150.167557445086,381.8519386167515
1.1749999999999814,49.42667007446289,157.07963267948966,19.05070534754854,11856.9644316887,506.39952706131317
1.1759999999999813,49.99793243408203,157.07963267948966,20.491535636423052,12313.774862665443,624.9424109426144
1.1769999999999812,50.6708869934082,157.07963267948966,21.80870289727512,12518.233640539558,736.454790803225
1.177999999999981,51.43339538574219,157.07963267948966,22.992276560988316,12471.261493702068,839.7123553904419
1.178999999999981,52.27224349975586,157.07963267948966,24.03411383281326,12111.594959631419,933.2758916945389
1.1799999999999808,53.177249908447266,157.07963267948966,24.928548473637786,11486.631123406769,1019.8602897622042
1.1809999999999807,54.131622314453125,157.07963267948966,25.655748519307007,10617.634979426706,1091.6825983791705
1.1819999999999806,55.117767333984375,157.07963267948966,26.210171120497332,9528.386399119247,1146.6751559949503
1.1829999999999805,56.11757278442383,157.07963267948966,26.587551540149796,8247.119264204275,1182.8908489880907
1.1839999999999804,57.11270523071289,157.07963267948966,26.784659914050515,6807.142971887738,1198.6154346376213
1.1849999999999803,58.08498001098633,157.07963267948966,26.79932930953489,5246.575962172839,1192.5504746273016
1.1859999999999802,59.01678466796875,157.07963267948966,26.630525297446344,3607.8254345834994,1164.0040501208616
1.18699999999998,59.891597747802734,157.07963267948966,26.278440661412603,1936.7829832412942,1113.0708201981051
1.18799999999998,60.694496154785156,157.07963267948966,25.744603166994036,281.71235545599285,1040.7773127633334
1.1889999999999799,61.412723541259766,157.07963267948966,25.031984922292413,-1279.4040029699415,949.1715448681331
1.1899999999999797,62.03474807739258,157.07963267948966,24.15180515234681,-2699.2996066013416,839.4915727462902
1.1909999999999796,62.55120849609375,157.07963267948966,23.115352427225336,-3942.8941930059364,714.4755255030204
1.1919999999999795,62.95585250854492,157.07963267948966,21.93404879224231,-4985.247123380334,578.359112744989
1.1929999999999794,63.245948791503906,157.07963267948966,20.619761130479134,-5808.532486159999,436.16668060480896
1.1939999999999793,63.422542572021484,157.07963267948966,19.18458227037773,-6401.37466640034,293.43871046564226
1.1949999999999792,63.490562438964844,157.07963267948966,17.64068865568305,-7078.535894429725,155.89976754210153
1.195999999999979,63.4542121887207,157.07963267948966,15.947758952338978,-7186.865365707282,23.36610694985091
1.196999999999979,63.3254508972168,157.07963267948966,14.166323201407991,-7033.088999614407,-93.72401384702349
1.1979999999999789,63.11962890625,157.07963267948966,12.312487423517535,-6633.571177853621,-190.71331566748762
1.1989999999999787,62.854862213134766,157.07963267948966,10.402860737775626,-6006.952020934632,-264.0292724429756
1.1999999999999786,62.551334381103516,157.07963267948966,8.45636110061659,-5175.428651726743,-311.2710083043563
1.2009999999999785,62.23051071166992,157.07963267948966,6.498444260529481,-4164.071013258874,-331.23175382258495
1.2019999999999784,61.914337158203125,157.07963267948966,4.575960706122448,-3000.2751264840645,-323.82317883845263
1.2029999999999783,61.62445831298828,157.07963267948966,2.828458420362234,-1713.3631233567687,-289.924886908426
1.2039999999999782,61.38151168823242,157.07963267948966,1.891045015029735,-334.3219896249873,-231.18955246659232
1.204999999999978,61.204505920410156,157.07963267948966,2.7634554065168193,1049.7322046404897,-149.83487833218655
1.205999999999978,61.117244720458984,157.07963267948966,4.428513641638428,2444.9550695565117,-39.93214794526554
1.2069999999999779,61.1252555847168,157.07963267948966,6.209003442311999,3774.5466452227392,76.52015073295067
1.2079999999999778,61.236141204833984,157.07963267948966,7.997381096311793,5033.244067824043,202.65574876708484
1.2089999999999776,61.45493698120117,157.07963267948966,9.744869790274121,6188.501487652605,336.0197819528686
1.2099999999999775,61.78408432006836,157.07963267948966,11.426035002886184,7209.141785658227,474.2040113495491
1.2109999999999774,62.22351837158203,157.07963267948966,13.022998787510161,8066.1782256915285,614.8501465432577
1.2119999999999773,62.77073287963867,157.07963267948966,14.52092960685155,8733.655981909478,755.6110648358207
1.2129999999999772,63.420921325683594,157.07963267948966,15.906488363727625,9156.64686839103,894.1060282866966
1.213999999999977,64.16703033447266,157.07963267948966,17.160979762928424,9316.37026285251,1027.7781143196087
1.214999999999977,64.99986267089844,157.07963267948966,18.26831382917976,9244.039653808954,1153.9410251917034
1.2159999999999769,65.9083251953125,157.07963267948966,19.22110117632554,8944.892365292697,1269.840893350636
1.2169999999999768,66.87959289550781,157.07963267948966,20.01291120575419,8429.523541736227,1372.6446275036428
1.2179999999999767,67.89933013916016,157.07963267948966,20.638193329902013,7714.186708370711,1459.4997143831636
1.2189999999999765,68.95198822021484,157.07963267948966,21.092303648697218,6738.879827152637,1527.6339583894717
1.2199999999999764,70.0224380493164,157.07963267948966,21.3691072530004,5563.608193613842,1576.3726095574525
1.2209999999999763,71.09148406982422,157.07963267948966,21.448757687245973,4261.233870205774,1598.5603332755213
1.2219999999999762,72.13994598388672,157.07963267948966,21.329672773445576,2877.4159476933382,1592.5544590898464
1.222999999999976,73.1492919921875,157.07963267948966,21.011977437463454,1450.2868439891704,1557.7242748918711
1.223999999999976,74.10193634033203,157.07963267948966,20.497191650453185,60.287593310232964,1494.09102581216
1.2249999999999759,74.98194885253906,157.07963267948966,19.79193372756603,-1224.330108271346,1403.0148565490485
1.2259999999999758,75.77532958984375,157.07963267948966,18.90852377185628,-2363.2950347637493,1286.6711302384626
1.2269999999999757,76.47088623046875,157.07963267948966,17.858644771659183,-3322.1329670114724,1148.961472431455
1.2279999999999756,77.06082153320312,157.07963267948966,16.654919816027892,-4074.6110428073107,995.1213984068273
1.2289999999999754,77.54120635986328,157.07963267948966,15.310585854077313,-4602.389062098158,831.4942067776935
1.2299999999999753,77.91226959228516,157.07963267948966,13.839242844038777,-4894.4507247094725,665.1849585084219
1.2309999999999752,78.17852783203125,157.07963267948966,12.25468446419027,-5180.60347823276,503.62643944170634
1.2319999999999751,78.3433837890625,157.07963267948966,10.516234391598697,-4964.3071733084635,345.83376002826964
1.232999999999975,78.41915130615234,157.07963267948966,8.689178470817007,-4500.252979221979,206.4696989922464
1.233999999999975,78.4216079711914,157.07963267948966,6.789757408518838,-3801.8676767630836,91.50255268760532
1.2349999999999748,78.36943817138672,157.07963267948966,4.836790183865149,-2895.5536509195204,5.819238496962463
1.2359999999999747,78.28335571289062,157.07963267948966,2.854427784930728,-1812.8664770354856,-47.29309474648572
1.2369999999999746,78.18512725830078,157.07963267948966,0.9334277447149055,-589.9267155509245,-66.23626294900728
1.2379999999999745,78.09657287597656,157.07963267948966,1.3468209790982322,732.946226247367,-51.05615119604456
1.2389999999999743,78.03860473632812,157.07963267948966,3.310084167844504,2018.984574490711,-3.294626149257554
1.2399999999999742,78.032470703125,157.07963267948966,5.208680444145245,3292.092344485265,77.58517793030197
1.2409999999999741,78.09088134765625,157.07963267948966,7.060615076787143,4489.38304359425,178.4594168075886
1.241999999999974,78.22355651855469,157.07963267948966,8.840021549798601,5563.817153840747,294.9514354115081
1.242999999999974,78.43701171875,157.07963267948966,10.527059257775957,6471.839719002431,422.50430913389835
1.2439999999999738,78.73448944091797,157.07963267948966,12.103681559998344,7174.987413154051,556.4296632736081
1.2449999999999737,79.11592102050781,157.07963267948966,13.552851883674574,7641.934176751857,692.0093160370485
1.2459999999999736,79.57807922363281,157.07963267948966,14.858501258190056,7850.520176485651,824.5748896020494
1.2469999999999735,80.11474609375,157.07963267948966,16.005729362314398,7789.55628524712,949.5758669443978
1.2479999999999734,80.71699523925781,157.07963267948966,16.981110328130377,7460.151398345696,1062.6496819471856
1.2489999999999732,81.37351989746094,157.07963267948966,17.77303929694482,6876.311348747121,1159.7052003756705
1.2499999999999731,82.07105255126953,157.07963267948966,18.37207276691445,6064.623466478797,1237.0291926499315
1.250999999999973,82.79479217529297,157.07963267948966,18.77122166791635,5023.8744597246905,1291.4192189410855
1.251999999999973,83.52888488769531,157.07963267948966,18.961184544243217,3781.9128108155655,1320.2634773846612
1.2529999999999728,84.25684356689453,157.07963267948966,18.938734670199413,2408.3493549133486,1321.5278278429207
1.2539999999999727,84.96063232421875,157.07963267948966,18.688583514640378,1006.1758422377185,1291.5782617035984
1.2549999999999726,85.62324523925781,157.07963267948966,18.21524033065012,-352.4682757614654,1231.2463682147722
1.2559999999999725,86.22956085205078,157.07963267948966,17.526994133875842,-1582.8296844895942,1142.9423849473678
1.2569999999999724,86.76667022705078,157.07963267948966,16.640501959280314,-2642.162830625925,1030.0633150700016
1.2579999999999723,87.22476196289062,157.07963267948966,15.57050193833042,-3492.374706099499,897.7068391975887
1.2589999999999721,87.59762573242188,157.07963267948966,14.332712351194102,-4089.3417609309267,752.301636237631
1.259999999999972,87.88333892822266,157.07963267948966,12.94693830607146,-4441.224731371474,601.6132794743406
1.260999999999972,88.08415985107422,157.07963267948966,11.42873023926495,-4540.654877410599,453.48592422527366
1.2619999999999718,88.20650482177734,157.07963267948966,9.793527889828097,-4575.183088497975,315.6972705310028
1.2629999999999717,88.25590515136719,157.07963267948966,8.003676292366999,-4137.108105815526,187.12062053192886
1.2639999999999716,88.24571990966797,157.07963267948966,6.1254084187513955,-3440.8416043229004,81.95297891793453
1.2649999999999715,88.1924057006836,157.07963267948966,4.181059422624983,-2518.4096685912923,5.828057476188583
1.2659999999999714,88.11454010009766,157.07963267948966,2.1990763349489133,-1407.4302065061943,-37.44151915728984
1.2669999999999713,88.03182220458984,157.07963267948966,0.4226037248548626,-151.64363414350237,-45.973521603643974
1.2679999999999712,87.96394348144531,157.07963267948966,1.9460217252437633,1178.3798203135032,-19.833639956200898
1.268999999999971,87.93470764160156,157.07963267948966,3.935763295269784,2477.5560082603547,48.11551367917042
1.269999999999971,87.94953918457031,157.07963267948966,5.814544257411681,3712.8832624377837,125.64491153192955
1.2709999999999708,88.01927947998047,157.07963267948966,7.645240862552628,4834.1586551575565,222.39189577755468
1.2719999999999707,88.15789031982422,157.07963267948966,9.401956558383358,5808.436742059721,344.1929338538214
1.2729999999999706,88.36931610107422,157.07963267948966,11.044726789652968,6559.142370329181,473.7212241362307
1.2739999999999705,88.6538314819336,157.07963267948966,12.551487295991558,7045.73806948853,604.8721569824548
1.2749999999999704,89.00818634033203,157.07963267948966,13.901968724695646,7240.138822456067,731.6648605075172
1.2759999999999703,89.42583465576172,157.07963267948966,15.077634786511174,7129.449358738115,848.3272974218853
1.2769999999999702,89.897216796875,157.07963267948966,16.062106861560682,6717.732637355302,949.4718075414262
1.27799999999997,90.41024780273438,157.07963267948966,16.841641831256588,6026.479428865674,1030.2778586075874
1.27899999999997,90.95087432861328,157.07963267948966,17.405572435947903,5092.947275760994,1086.686653428074
1.2799999999999698,91.50364685058594,157.07963267948966,17.746560550453847,3924.8882009319914,1115.6037247313222
1.2809999999999697,92.05226135253906,157.07963267948966,17.855757542421987,2580.627243210584,1114.7054858436682
1.2819999999999696,92.57953643798828,157.07963267948966,17.731568743817945,1131.190027854446,1081.6697035121738
1.2829999999999695,93.06868743896484,157.07963267948966,17.359995060074116,-299.9036010023746,1016.4900574518775
1.2839999999999694,93.50493621826172,157.07963267948966,16.748592867504783,-1614.893450991201,922.3729430383418
1.2849999999999693,93.87601470947266,157.07963267948966,15.913937641246937,-2742.022154419853,803.7639954767671
1.2859999999999692,94.17302703857422,157.07963267948966,14.875141497217877,-3617.201593511188,666.8321758588501
1.286999999999969,94.39127349853516,157.07963267948966,13.655197959555748,-4241.4402512521265,519.7415367684948
1.287999999999969,94.53048706054688,157.07963267948966,12.271689519532794,-4594.629998282633,371.1112032416911
1.2889999999999688,94.59490203857422,157.07963267948966,10.74249842199498,-4666.556056379726,229.87815389611413
1.2899999999999687,94.59312438964844,157.07963267948966,9.085888113965654,-4612.427233461119,104.65706741548254
1.2909999999999686,94.53358459472656,157.07963267948966,7.276859669411296,-4087.497272061649,-4.631914507704497
1.2919999999999685,94.43195343017578,157.07963267948966,5.384532092885769,-3283.982759016638,-84.12450062812056
1.2929999999999684,94.30670166015625,157.07963267948966,3.454471560438664,-2240.573163610359,-128.5724159859611
1.2939999999999683,94.1779556274414,157.07963267948966,1.643697796290618,-1003.0401661774364,-134.99235119042368
1.2949999999999682,94.06629180908203,157.07963267948966,1.3702045232579398,338.5231022355684,-102.72817461300102
1.295999999999968,93.99650573730469,157.07963267948966,3.0670542151008737,1745.8359408121496,-23.93287217968402
1.296999999999968,93.98281860351562,157.07963267948966,4.967219042664998,3102.589928416924,81.50457889909792
1.2979999999999678,94.03656768798828,157.07963267948966,6.852798305411853,4357.38775718119,208.38655936874628
1.2989999999999677,94.16549682617188,157.07963267948966,8.665365606711077,5442.30658047368,350.2545472855472
1.2999999999999676,94.37336730957031,157.07963267948966,10.370609329714261,6295.470570450875,500.0596266137896
1.3009999999999675,94.65986633300781,157.07963267948966,11.940467699020946,6865.221602489351,650.4501449582922
1.3019999999999674,95.02059173583984,157.07963267948966,13.349846395006487,7114.382540111458,794.045803945835
1.3029999999999673,95.44734954833984,157.07963267948966,14.576114677000666,7024.03735475722,923.702196398297
1.3039999999999672,95.9284896850586,157.07963267948966,15.599377899295254,6596.174894245862,1032.775614547682
1.304999999999967,96.44953155517578,157.07963267948966,16.40298895937604,5854.587588253959,1115.4002708285434
1.305999999999967,96.99376678466797,157.07963267948966,16.974075317789204,4843.658884938812,1166.7794150364657
1.3069999999999669,97.54313659667969,157.07963267948966,17.303953056853207,3585.1186921587905,1183.4877881689697
1.3079999999999667,98.07875061035156,157.07963267948966,17.38401868194529,2156.8055711052116,1163.0668149191533
1.3089999999999666,98.58089447021484,157.07963267948966,17.215663876381058,614.8252332353949,1103.1263175316865
1.3099999999999665,99.0312728881836,157.07963267948966,16.78178538008205,-888.2619720480989,1005.6970004311642
1.3109999999999664,99.4144287109375,157.07963267948966,16.091414083656336,-2232.6577086204516,876.0117059535546
1.3119999999999663,99.71829986572266,157.07963267948966,15.166019226071999,-3338.1432263200345,720.6199826680029
1.3129999999999662,99.93534851074219,157.07963267948966,14.029546365885201,-4164.066061861861,548.7049708419198
1.313999999999966,100.06331634521484,157.07963267948966,12.705471917921567,-4696.631663576499,371.15503598494104
1.314999999999966,100.10535430908203,157.07963267948966,11.214780988913809,-4916.604768858069,199.28720575298286
1.3159999999999659,100.06997680664062,157.07963267948966,9.57978486603801,-4816.468889503034,44.30031146893984
1.3169999999999658,99.97066497802734,157.07963267948966,7.825617787593246,-4395.118954445406,-83.59074392418714
1.3179999999999656,99.82522583007812,157.07963267948966,5.9860532561254205,-3736.6521639522944,-175.5675436199358
1.3189999999999655,99.64933776855469,157.07963267948966,4.1121983031108345,-2694.1788114555434,-235.98487323555977
1.3199999999999654,99.466064453125,157.07963267948966,2.458479106374197,-1450.0354429171298,-250.24685469586208
1.3209999999999653,99.30506134033203,157.07963267948966,1.9043145113608264,-13.479332606480064,-205.65327892838613
1.3219999999999652,99.18878173828125,157.07963267948966,3.200105979567359,1499.544816955976,-116.71205096580987
1.322999999999965,99.13513946533203,157.07963267948966,5.030395715086969,2985.5590062372376,7.5328888430173
1.323999999999965,99.15809631347656,157.07963267948966,6.937449208464922,4373.743364322821,159.43903278992804
1.3249999999999649,99.26730346679688,157.07963267948966,8.801906761338364,5581.55977812116,330.8455871969
1.3259999999999648,99.46760559082031,157.07963267948966,10.568722746365975,6532.701514112129,512.739914944881
1.3269999999999647,99.75880432128906,157.07963267948966,12.199348319244944,7162.59695472952,695.6404900221695
1.3279999999999645,100.1357192993164,157.07963267948966,13.661713136091382,7424.253424320694,869.9716150528275
1.3289999999999644,100.58841705322266,157.07963267948966,14.927841642110357,7293.546395014675,1026.4267633319373
1.3299999999999643,101.10273742675781,157.07963267948966,15.973584715306048,6772.962767732664,1156.338780696384
1.3309999999999642,101.66096496582031,157.07963267948966,16.779030507265524,5892.863277823826,1252.071447307055
1.331999999999964,102.24272155761719,157.07963267948966,17.329068136375497,4707.962351821463,1307.4391934052892
1.332999999999964,102.82600402832031,157.07963267948966,17.613629367907244,3259.0634202786587,1318.1237364858566
1.3339999999999639,103.38792419433594,157.07963267948966,17.625033426491306,1640.1298034603078,1281.26321587803
1.3349999999999638,103.9050064086914,157.07963267948966,17.365166046250526,-69.941743562553,1194.554823228218
1.3359999999999637,104.35586547851562,157.07963267948966,16.819037644166414,-1698.530767563682,1061.6264927329453
1.3369999999999636,104.7229232788086,157.07963267948966,15.999502126526883,-3099.2094838249077,889.9009800818565
1.3379999999999634,104.99304962158203,157.07963267948966,14.935439135969952,-4192.691694185683,688.7111808157237
1.3389999999999633,105.15924072265625,157.07963267948966,13.656462983581381,-4962.113592751201,471.2470153489547
1.3399999999999632,105.22103881835938,157.07963267948966,12.188538844766233,-5378.907477949786,251.8682810547259
1.340999999999963,105.18473815917969,157.07963267948966,10.56003533797651,-5425.702535792669,45.42900372113775
1.341999999999963,105.06314086914062,157.07963267948966,8.80555475468924,-5097.903347419869,-133.8737793477809
1.342999999999963,104.87482452392578,157.07963267948966,6.975046261554383,-4405.912415570043,-273.5942275401185
1.3439999999999628,104.6430892944336,157.07963267948966,5.161159927040772,-3378.786859006762,-363.88677987473585
1.3449999999999627,104.39437866210938,157.07963267948966,3.599971473575442,-2058.5229558684523,-398.48892786178254
1.3459999999999626,104.1565170288086,157.07963267948966,2.9508777493348872,-501.83039025515336,-375.0305461616101
1.3469999999999624,103.95680236816406,157.07963267948966,3.812739946861144,1218.5248036310754,-295.0431673187672
1.3479999999999623,103.82017517089844,157.07963267948966,5.532028932077765,2926.234883392595,-163.6770603836703
1.3489999999999622,103.7645263671875,157.07963267948966,7.448629837294574,4539.097697891521,4.436069175359899
1.3499999999999621,103.80332946777344,157.07963267948966,9.387815037886847,5956.933123467278,200.51532897766103
1.350999999999962,103.94427490234375,157.07963267948966,11.255471886855375,7081.176775931141,413.14320067667126
1.351999999999962,104.18887329101562,157.07963267948966,12.993535425616797,7826.655643203508,630.1256439043415
1.3529999999999618,104.53238677978516,157.07963267948966,14.557821259529153,8130.04403299963,839.0268321790975
1.3539999999999617,104.96408081054688,157.07963267948966,15.911646659045168,7957.765950363089,1027.675053537285
1.3549999999999616,105.46783447265625,157.07963267948966,17.024232380481546,7311.727753341314,1184.6701131759899
1.3559999999999615,106.02296447753906,157.07963267948966,17.87073394365939,6231.311393348477,1299.9179570684917
1.3569999999999613,106.6053237915039,157.07963267948966,18.432754392408718,4782.338310284932,1365.2075381365785
1.3579999999999612,107.1885986328125,157.07963267948966,18.697919809322553,3045.556431343933,1374.737912511673
1.3589999999999611,107.7454605102539,157.07963267948966,18.660728336275643,1126.2369166031824,1325.054439839257
1.359999999999961,108.24810791015625,157.07963267948966,18.323696286597173,-857.6114068351247,1213.9703028899946
1.360999999999961,108.6714859008789,157.07963267948966,17.67573699553315,-2698.2597642307987,1046.489238576532
1.3619999999999608,108.99505615234375,157.07963267948966,16.737679327156528,-4208.727897438139,832.1082267407072
1.3629999999999607,109.204345703125,157.07963267948966,15.549496841085746,-5360.185431328376,584.1791755591179
1.3639999999999606,109.29231262207031,157.07963267948966,14.144185028577295,-6114.532241639314,319.47285826266875
1.3649999999999605,109.25994873046875,157.07963267948966,12.5571965601752,-6438.041673203211,56.45260750959682
1.3659999999999604,109.11650085449219,157.07963267948966,10.832964751459915,-6314.401224824895,-186.0553397340888
1.3669999999999602,108.87896728515625,157.07963267948966,9.034899446699479,-5741.061160813072,-390.5447304179157
1.3679999999999601,108.57122802734375,157.07963267948966,7.270083789348164,-4743.706518865857,-541.9403224070438
1.36899999999996,108.2222671508789,157.07963267948966,5.746891957392804,-3361.7103495749684,-629.4567115269434
1.36999999999996,107.86417388916016,157.07963267948966,4.8724844665035665,-1652.981877233655,-647.1255649578346
1.3709999999999598,107.52981567382812,157.07963267948966,5.109595710070783,304.9401314749294,-594.1476855948324
1.3719999999999597,107.25045013427734,157.07963267948966,6.377447272844341,2358.166065869827,-474.6977122977572
1.3729999999999596,107.05144500732422,157.07963267948966,8.155033022403517,4366.4443353392435,-301.80271217352043
1.3739999999999595,106.95230865478516,157.07963267948966,10.129473637040917,6195.636103761795,-87.91634940350163
1.3749999999999594,106.96586608886719,157.07963267948966,12.123695607741277,7711.934308681855,153.12512707416744
1.3759999999999593,107.09747314453125,157.07963267948966,14.035276567467298,8793.117712941574,406.1690071490253
1.3769999999999591,107.34475708007812,157.07963267948966,15.793882077646147,9340.751592819433,655.4835951367088
1.377999999999959,107.69778442382812,157.07963267948966,17.345156766520567,9292.997422674644,885.4471928265145
1.378999999999959,108.13961791992188,157.07963267948966,18.645164526407797,8635.224407257958,1081.2113838556324
1.3799999999999588,108.64727783203125,157.07963267948966,19.65896407279223,7405.405309509809,1229.383748150664
1.3809999999999587,109.19300079345703,157.07963267948966,20.360713330506556,5692.146264463409,1318.7661775563545
1.3819999999999586,109.74584197998047,157.07963267948966,20.734092549655948,3581.5021160407478,1341.1571690968944
1.3829999999999585,110.273193359375,157.07963267948966,20.770410847366534,1254.575087267886,1291.4896759977887
1.3839999999999584,110.74181365966797,157.07963267948966,20.478831215242607,-1177.8303603107533,1166.971539151932
1.3849999999999583,111.12114715576172,157.07963267948966,19.846822994308038,-3450.1469361870563,972.6189260003747
1.3859999999999582,111.3858413696289,157.07963267948966,18.899548237399504,-5312.536919494969,719.6127834710377
1.386999999999958,111.51762390136719,157.07963267948966,17.687636774847242,-6735.387485609442,424.07925501968214
1.387999999999958,111.50711059570312,157.07963267948966,16.254300722709345,-7674.507324561225,106.71797763767078
1.3889999999999578,111.35470581054688,157.07963267948966,14.647963465430477,-8088.133224720889,-209.44738648616445
1.3899999999999577,111.07086944580078,157.07963267948966,12.931500119292702,-7954.762390651185,-500.8875439421708
1.3909999999999576,110.67560577392578,157.07963267948966,11.195053757443981,-7270.224235295447,-745.8166137418167
1.3919999999999575,110.19734191894531,157.07963267948966,9.578655196851741,-6066.257617209489,-925.5734221846504
1.3929999999999574,109.67073059082031,157.07963267948966,8.30388871262163,-4388.695226293986,-1027.2835788351213
1.3939999999999573,109.13407135009766,157.07963267948966,7.676374345966125,-2305.816832191986,-1044.2567409265469
1.3949999999999572,108.62646484375,157.07963267948966,7.942400677721289,90.20824442398938,-976.3805236323656
1.395999999999957,108.18484497070312,157.07963267948966,9.064189225799769,2629.4836786404876,-829.7240275349907
1.396999999999957,107.8393325805664,157.07963267948966,10.733565909041578,5133.370471390471,-619.8644965482487
1.3979999999999568,107.61268615722656,157.07963267948966,12.693535674698914,7421.3328727167545,-362.76868925224596
1.3989999999999567,107.51934814453125,157.07963267948966,14.747276128876287,9318.26475710744,-75.83978937892364
1.3999999999999566,107.5645523071289,157.07963267948966,16.762325386453014,10660.963755895998,222.15773333087907
1.4009999999999565,107.74408721923828,157.07963267948966,18.643470539150314,11315.86082242035,512.0048171924395
1.4019999999999564,108.04458618164062,157.07963267948966,20.317352845625145,11180.369501656285,774.8417011912949
1.4029999999999563,108.44429016113281,157.07963267948966,21.723290371260283,10267.772048391438,992.9427697223588
1.4039999999999562,108.91429901123047,157.07963267948966,22.81848256311473,8645.28911330321,1150.4417510781122
1.404999999999956,109.4201889038086,157.07963267948966,23.573440530794652,6397.167761987212,1234.3783258759674
1.405999999999956,109.92401123046875,157.07963267948966,23.967148620079964,3675.9459811881484,1235.6224313964894
1.4069999999999558,110.38623046875,157.07963267948966,23.993337396245145,728.2654588034496,1149.0346231838744
1.4079999999999557,110.76712036132812,157.07963267948966,23.666081840895238,-2291.4973715540896,972.9029233750783
1.4089999999999556,111.03119659423828,157.07963267948966,22.980522177116384,-5052.296354571466,715.9029965455973
1.4099999999999555,111.149658203125,157.07963267948966,21.97422712096487,-7259.668068457074,393.0036017558986
1.4109999999999554,111.10286712646484,157.07963267948966,20.710376032258647,-8920.144256616137,25.649321736940696
1.4119999999999553,110.88227844238281,157.07963267948966,19.24279958401347,-9982.809220406085,-359.8339926193737
1.4129999999999552,110.49142456054688,157.07963267948966,17.63397847975889,-10405.152969722752,-734.8469306694298
1.413999999999955,109.94600677490234,157.07963267948966,15.963960324833531,-10165.889088267377,-1071.1538994616244
1.414999999999955,109.27291107177734,157.07963267948966,14.341522001887187,-9267.754567239172,-1343.7383989907512
1.4159999999999549,108.50877380371094,157.07963267948966,12.91403479959308,-7754.058558198822,-1532.0161602698918
1.4169999999999547,107.69676971435547,157.07963267948966,11.87437217516324,-5679.956363314419,-1623.7745809221612
1.4179999999999546,106.88347625732422,157.07963267948966,11.431100147261063,-3125.5810882612554,-1614.3991250459953
1.4189999999999545,106.11534881591797,157.07963267948966,11.72337427709462,-197.04305879207772,-1507.0823934219961
1.4199999999999544,105.43526458740234,157.07963267948966,12.735803587194663,2921.03934782343,-1311.882432946012
1.4209999999999543,104.87761688232422,157.07963267948966,14.28177053119584,6026.251259841229,-1048.222037933327
1.4219999999999542,104.46746063232422,157.07963267948966,16.174664284854543,8887.843367062036,-736.0626352763418
1.422999999999954,104.2195816040039,157.07963267948966,18.230569332546395,11291.633508086305,-396.1207067827506
1.423999999999954,104.13780212402344,157.07963267948966,20.304730519956642,12985.145241507475,-49.909286929584006
1.4249999999999539,104.21491241455078,157.07963267948966,22.27676841652376,13692.536662588116,281.2097843737651
1.4259999999999537,104.43325805664062,157.07963267948966,24.038932099449,13509.07192652717,576.803909655668
1.4269999999999536,104.76554107666016,157.07963267948966,25.532915622736944,12443.583954344522,817.4183410684602
1.4279999999999535,105.17642974853516,157.07963267948966,26.715387612372478,10556.551487406303,986.0256977269361
1.4289999999999534,105.62460327148438,157.07963267948966,27.554453708076764,7959.165841580884,1069.046233148649
1.4299999999999533,106.0652084350586,157.07963267948966,28.027967812335234,4720.611229898055,1057.5268665370152
1.4309999999999532,106.4521484375,157.07963267948966,28.120342126871588,1214.6260800022687,947.2079087111258
1.431999999999953,106.74034881591797,157.07963267948966,27.84433237244187,-2454.3237326007825,739.026778507029
1.432999999999953,106.88772583007812,157.07963267948966,27.208823500401614,-5852.717980848751,439.06891652938737
1.4339999999999529,106.86083984375,157.07963267948966,26.241942982630658,-8631.826609407884,66.5261096745105
1.4349999999999528,106.63618469238281,157.07963267948966,25.010625424455835,-10728.278534566989,-355.3993281338779
1.4359999999999526,106.20308685302734,157.07963267948966,23.57777003989309,-12155.143293850453,-796.7282270964405
1.4369999999999525,105.56463623046875,157.07963267948966,22.00580269278488,-12869.466447258932,-1225.577389667384
1.4379999999999524,104.73776245117188,157.07963267948966,20.369594293990314,-12849.012969306817,-1610.7721373435336
1.4389999999999523,103.7521743774414,157.07963267948966,18.76290668394049,-12093.456969283392,-1925.088217821345
1.4399999999999522,102.64891815185547,157.07963267948966,17.300677980824066,-10652.828739260363,-2146.3369741917513
1.440999999999952,101.4764404296875,157.07963267948966,16.124013600928496,-8576.435464225337,-2262.482525008054
1.441999999999952,100.28736877441406,157.07963267948966,15.386407464844188,-5940.397035735742,-2269.422560874151
1.4429999999999519,99.13470458984375,157.07963267948966,15.220032485827078,-2840.9295181294897,-2171.339118542478
1.4439999999999518,98.06809997558594,157.07963267948966,15.686838700870215,535.4134076759813,-1979.3465268924465
1.4449999999999517,97.13033294677734,157.07963267948966,16.723332114338298,4141.257730114489,-1710.2918327466448
1.4459999999999515,96.35295104980469,157.07963267948966,18.234909684298895,7653.440761751042,-1387.6708442035751
1.4469999999999514,95.75691223144531,157.07963267948966,20.063657739206455,10860.477411883861,-1031.8891014039352
1.4479999999999513,95.35184478759766,157.07963267948966,22.059075489333267,13451.07002153152,-663.4356097616835
1.4489999999999512,95.13593292236328,157.07963267948966,24.077383213582987,15064.340290994442,-302.07032087879
1.449999999999951,95.09658813476562,157.07963267948966,25.982884417292688,15781.506804236516,33.83267185791238
1.450999999999951,95.21105194091797,157.07963267948966,27.698843205378815,15573.708451474578,326.74799390991996
1.4519999999999509,95.4477310180664,157.07963267948966,29.168088240740165,14458.283770281005,560.8889420738794
1.4529999999999508,95.76787567138672,157.07963267948966,30.34774783055008,12499.092821482594,722.6820692867121
1.4539999999999507,96.12757110595703,157.07963267948966,31.206128180593755,9803.956514372616,801.4668174017457
1.4549999999999506,96.47998809814453,157.07963267948966,31.72087791636922,6520.747019852471,790.4080124051189
1.4559999999999504,96.77794647216797,157.07963267948966,31.878030266596152,2799.810058560801,687.5092882686092
1.4569999999999503,96.97600555419922,157.07963267948966,31.67453775036316,-1001.7854437445067,495.19178211346053
1.4579999999999502,97.03203582763672,157.07963267948966,31.132398851661584,-4884.544051253373,219.87568936917035
1.4589999999999501,96.90939331054688,157.07963267948966,30.257036585258515,-8235.577295957384,-126.68378200815043
1.45999999999995,96.58187103271484,157.07963267948966,29.09401235185981,-10905.317781863281,-522.0320334325494
1.46099999999995,96.03435516357422,157.07963267948966,27.702629576820435,-12808.025773250109,-941.671717236254
1.4619999999999498,95.26502990722656,157.07963267948966,26.144364621881206,-14032.628565736459,-1356.7962937817572
1.4629999999999497,94.2853775024414,157.07963267948966,24.474724068118665,-14558.695587983651,-1739.5822750097705
1.4639999999999496,93.11947631835938,157.07963267948966,22.758258656840056,-14388.63689620922,-2065.0801553607407
1.4649999999999495,91.80231475830078,157.07963267948966,21.072402590457532,-13537.998842135361,-2313.7342845559197
1.4659999999999493,90.37760162353516,157.07963267948966,19.51082483478916,-12057.349568234538,-2472.4274831559806
1.4669999999999492,88.89464569091797,157.07963267948966,18.183500973202527,-10009.495870580628,-2535.5958088169036
1.4679999999999491,87.4050521850586,157.07963267948966,17.21158769672615,-7468.477572854712,-2504.887825019848
1.468999999999949,85.95945739746094,157.07963267948966,16.7095176188649,-4519.541419092785,-2388.021501288318
1.469999999999949,84.6045150756836,157.07963267948966,16.75434583858505,-1412.167131254486,-2197.173015856015
1.4709999999999488,83.38214111328125,157.07963267948966,17.32150418915361,2079.8848136384718,-1944.5282094560055
1.4719999999999487,82.32189178466797,157.07963267948966,18.39245877099293,5557.673714720277,-1653.0088539898009
1.4729999999999486,81.4441909790039,157.07963267948966,19.85076789807766,8867.952877640773,-1338.171389237221
1.4739999999999485,80.75996398925781,157.07963267948966,21.56685030420434,11855.652675091256,-1014.5364682605056
1.4749999999999484,80.27080535888672,157.07963267948966,23.420280440605005,14314.422817102666,-695.3091816135291
1.4759999999999482,79.96953582763672,157.07963267948966,25.299982271123707,15854.386421967416,-392.25570980833385
1.4769999999999481,79.84126281738281,157.07963267948966,27.0839438608665,16638.10058506223,-115.40957801537003
1.477999999999948,79.86402893066406,157.07963267948966,28.709561750380434,16655.18687996985,125.79287557212483
1.478999999999948,80.0098876953125,157.07963267948966,30.130160835851377,15922.972281879029,322.99573200624974
1.4799999999999478,80.24610137939453,157.07963267948966,31.31056446561481,14487.123596051311,468.9886331825769
1.4809999999999477,80.5364761352539,157.07963267948966,32.22437002602283,12419.878026652566,557.9430465409507
1.4819999999999476,80.8427505493164,157.07963267948966,32.85220283435966,9817.945515982346,585.8161660754585
1.4829999999999475,81.12620544433594,157.07963267948966,33.180650830084566,6799.816570009223,550.8712406657178
1.4839999999999474,81.34930419921875,157.07963267948966,33.20166939369604,3502.15803401519,454.22258763315284
1.4849999999999473,81.47747802734375,157.07963267948966,32.912308166553586,91.01696434717093,300.28672143304954
1.4859999999999471,81.47869110107422,157.07963267948966,32.326563452576785,-3135.2532075614304,93.4149955808515
1.486999999999947,81.32599639892578,157.07963267948966,31.46775016097468,-6039.493708609779,-157.09710677293165
1.487999999999947,80.99919128417969,157.07963267948966,30.363603337494887,-9022.315042418742,-438.53892782107914
1.4889999999999468,80.48494720458984,157.07963267948966,28.997853078387152,-11097.904083210227,-737.5112472988328
1.4899999999999467,79.78003692626953,157.07963267948966,27.44184245118787,-12527.600400933487,-1035.3437476099637
1.4909999999999466,78.89118194580078,157.07963267948966,25.741301621613275,-13415.617399413428,-1314.125608587421
1.4919999999999465,77.83431243896484,157.07963267948966,23.93406290938481,-13767.692097129595,-1558.1686972765592
1.4929999999999464,76.63360595703125,157.07963267948966,22.062424866369618,-13587.913097311965,-1754.704749182044
1.4939999999999463,75.32025146484375,157.07963267948966,20.176927035697517,-12918.580857175872,-1894.4646708391758
1.4949999999999461,73.93026733398438,157.07963267948966,18.33828648555406,-11789.378567419766,-1972.95402382417
1.495999999999946,72.50272369384766,157.07963267948966,16.623361629443057,-10251.163849676102,-1989.4831989660006
1.496999999999946,71.07758331298828,157.07963267948966,15.12832799301829,-8359.445632686315,-1947.1016234410242
1.4979999999999458,69.69374084472656,157.07963267948966,13.968194497569785,-6173.332572931058,-1851.776445598899
1.4989999999999457,68.38724517822266,157.07963267948966,13.262763460297306,-3989.662180648186,-1711.4172784179846
1.4999999999999456,67.19499969482422,157.07963267948966,13.0401007197988,-1363.7908729736203,-1528.167927921482
1.5009999999999455,66.14177703857422,157.07963267948966,13.397867056000205,1356.7612747689013,-1320.434941932328
1.5019999999999454,65.24574279785156,157.07963267948966,14.27438158056235,4046.6256420608256,-1097.5275344000636
1.5029999999999453,64.51901245117188,157.07963267948966,15.547105958257523,6625.7575952924,-866.9210038001809
1.5039999999999452,63.967769622802734,157.07963267948966,17.083961276007727,9015.718786654614,-635.0822400436064
1.504999999999945,63.59255599975586,157.07963267948966,18.770257183478684,11140.518591396258,-407.51965177670814
1.505999999999945,63.38876724243164,157.07963267948966,20.515061646131226,12928.076837493289,-188.9262088389778
1.5069999999999448,63.34714126586914,157.07963267948966,22.24790410161322,14245.351338275257,16.636785630858608
1.5079999999999447,63.454376220703125,157.07963267948966,23.90398980834445,14939.471493397774,205.572263361378
1.5089999999999446,63.693721771240234,157.07963267948966,25.42035217268115,15143.777080353251,374.6545312879928
1.5099999999999445,64.04541778564453,157.07963267948966,26.768470813002157,14868.66862786993,520.648901850805
1.5109999999999444,64.48719024658203,157.07963267948966,27.926961276250644,14135.422341814581,640.4598809103006
1.5119999999999443,64.9948501586914,157.07963267948966,28.879476144269724,12977.066729297669,731.1893829353487
1.5129999999999442,65.5428466796875,157.07963267948966,29.613535206822036,11437.893290131517,790.2776303503143
1.513999999999944,66.10491943359375,157.07963267948966,30.11981261864854,9572.853732789243,815.7184144065039
1.514999999999944,66.65481567382812,157.07963267948966,30.391722830902452,7446.717847794958,806.3264625259658
1.5159999999999438,67.16707611083984,157.07963267948966,30.42520557484681,5132.855124134903,762.024241178333
1.5169999999999437,67.6178970336914,157.07963267948966,30.21864283382363,2706.5349353254237,684.1065930161452
1.5179999999999436,67.98587036132812,157.07963267948966,29.77295604484563,263.6305122749121,575.2139078255638
1.5189999999999435,68.25103759765625,157.07963267948966,29.097870634073647,-2034.6595673474621,437.1742592921166
1.5199999999999434,68.39684295654297,157.07963267948966,28.208500023050366,-4117.398730980763,274.8513912089412
1.5209999999999433,68.41094207763672,157.07963267948966,27.12187732640822,-5933.076454385776,94.71803154061192
1.5219999999999432,68.28592681884766,157.07963267948966,25.855984911333362,-7444.812888112164,-95.4380049222744
1.522999999999943,68.01985931396484,157.07963267948966,24.429371906045624,-9053.18251034916,-286.97428145006876
1.523999999999943,67.6138687133789,157.07963267948966,22.811445743740602,-9896.330270099583,-474.498124839166
1.5249999999999428,67.07717895507812,157.07963267948966,21.068181678765036,-10318.10250027493,-646.117130630468
1.5259999999999427,66.42488098144531,157.07963267948966,19.2286789925631,-10398.578764433501,-793.466885457358
1.5269999999999426,65.67655181884766,157.07963267948966,17.315797758018764,-10113.833170437316,-910.7293982220692
1.5279999999999425,64.85600280761719,157.07963267948966,15.361222810471427,-9518.796019362744,-993.1077589537532
1.5289999999999424,63.989437103271484,157.07963267948966,13.400123697562048,-8624.60034825914,-1038.8074668961706
1.5299999999999423,63.104698181152344,157.07963267948966,11.48366412991016,-7465.18764422022,-1047.45751761919
1.5309999999999422,62.23009490966797,157.07963267948966,9.689088189423332,-6077.136300959049,-1020.4156333578773
1.531999999999942,61.393245697021484,157.07963267948966,8.141566591563212,-4498.868012018241,-960.4103986308959
1.532999999999942,60.62013244628906,157.07963267948966,7.038746036497037,-2770.184053990239,-871.1238163228387
1.5339999999999419,59.93424606323242,157.07963267948966,6.622006433827071,-1073.4017460277512,-756.7782033464725
1.5349999999999417,59.36201858520508,157.07963267948966,6.942700036814978,849.8583646769406,-614.671004214834
1.5359999999999416,58.91876220703125,157.07963267948966,7.960955552065353,2785.0727609222145,-458.15980538303955
1.5369999999999415,58.61521911621094,157.07963267948966,9.416861047397198,4654.9718564975465,-292.0470756807932
1.5379999999999414,58.45814895629883,157.07963267948966,11.092700136084197,6362.242692883317,-120.0432058337529
1.5389999999999413,58.441158294677734,157.07963267948966,12.820670751712022,7899.541032068777,43.7059036738454
1.5399999999999412,58.56381607055664,157.07963267948966,14.55470557211086,9263.077250514782,207.36395550280773
1.540999999999941,58.822879791259766,157.07963267948966,16.24881002544731,10416.506239218304,368.76960361632473
1.541999999999941,59.21245193481445,157.07963267948966,17.870445635636436,11325.534251740515,525.7838038023561
1.5429999999999409,59.72417068481445,157.07963267948966,19.39446029660847,11960.192367676487,676.2697804731196
1.5439999999999408,60.34744644165039,157.07963267948966,20.800069310227567,12296.429551690948,818.0138219008106
1.5449999999999406,61.06962966918945,157.07963267948966,22.06933562720949,12196.126698529093,948.6668116592368
1.5459999999999405,61.88077926635742,157.07963267948966,23.18073765274465,11739.303560934035,1071.4414033536723
1.5469999999999404,62.762840270996094,157.07963267948966,24.1049665224925,10968.362015512104,1175.8055955500972
1.5479999999999403,63.6961669921875,157.07963267948966,24.833594208266238,9910.082350820112,1258.6786800393575
1.5489999999999402,64.6599349975586,157.07963267948966,25.36007900973284,8598.180256785452,1317.1808771770725
1.54999999999994,65.63260650634766,157.07963267948966,25.67938610963791,7074.008422810894,1348.774967702644
1.55099999999994,66.59244537353516,157.07963267948966,25.78798241795373,5356.713651172393,1351.5120732332198
1.5519999999999399,67.5179214477539,157.07963267948966,25.681307185753955,3523.8236956422784,1323.9869859299204
1.5529999999999398,68.38821411132812,157.07963267948966,25.359332757413167,1660.408692850595,1265.6648712901992
1.5539999999999397,69.18392181396484,157.07963267948966,24.826430477965907,-155.67742224468023,1177.2822015088973
1.5549999999999395,69.88715362548828,157.07963267948966,24.092624477805835,-1849.2197395892097,1060.0799956215458
1.5559999999999394,70.48270416259766,157.07963267948966,23.16969948655625,-3370.0613318177257,917.3947072044126
1.5569999999999393,70.95880126953125,157.07963267948966,22.070774152406074,-4678.043312253128,754.1209251638747
1.5579999999999392,71.30774688720703,157.07963267948966,20.809901030127662,-5742.752413653889,576.5518520263876
1.558999999999939,71.5264663696289,157.07963267948966,19.401778084444437,-6542.816485910929,392.0645728967332
1.559999999999939,71.61679077148438,157.07963267948966,17.86160203211161,-7369.916098898966,208.67374424266472
1.5609999999999389,71.58143615722656,157.07963267948966,16.15702834245022,-7582.062350400227,28.658578485612995
1.5619999999999388,71.43187713623047,157.07963267948966,14.35209743366881,-7479.971544829446,-134.5666555309791
1.5629999999999387,71.18428802490234,157.07963267948966,12.46994922338723,-7093.054937284679,-273.67240635394916
1.5639999999999386,70.85845947265625,157.07963267948966,10.53510004445024,-6427.004800037342,-383.3369611690539
1.5649999999999384,70.47718811035156,157.07963267948966,8.583906387540669,-5508.0314809874935,-459.4530285403098
1.5659999999999383,70.06529998779297,157.07963267948966,6.676409065747399,-4366.89096768179,-499.70878180023385
1.5669999999999382,69.64855194091797,157.07963267948966,4.939459953857674,-3038.1033806207593,-503.54452346686963
1.567999999999938,69.25257110595703,157.07963267948966,3.692739023132838,-1559.4722110214386,-471.9682005209049
1.568999999999938,68.90182495117188,157.07963267948966,3.53742309834715,-59.15999246913233,-407.2796985035937
1.569999999999938,68.62537384033203,157.07963267948966,4.516568567952984,1601.925963320328,-303.71158030373465
1.5709999999999378,68.44132232666016,157.07963267948966,6.133838021770442,3196.7771120148386,-176.45132045546583
1.5719999999999377,68.35641479492188,157.07963267948966,7.908660067842665,4691.669082051224,-40.709327446309224
1.5729999999999376,68.3796615600586,157.07963267948966,9.722531723219324,6080.079155647569,107.18386374613219
1.5739999999999374,68.51673126220703,157.07963267948966,11.507394740798762,7317.804798356408,263.38397787299414
1.5749999999999373,68.76993560791016,157.07963267948966,13.224458837043933,8363.093984984884,424.0931426123756
1.5759999999999372,69.13827514648438,157.07963267948966,14.8467093009532,9178.448288006772,585.5990047997498
1.5769999999999371,69.61761474609375,157.07963267948966,16.35262747408078,9732.289650004277,744.2471250490265
1.577999999999937,70.20085144042969,157.07963267948966,17.723725397254707,10000.795094709514,896.4054630387467
1.578999999999937,70.87814331054688,157.07963267948966,18.943579059206435,9969.74983592352,1038.43664008664
1.5799999999999368,71.63713073730469,157.07963267948966,19.99753050153402,9636.188619252374,1166.6909545207104
1.5809999999999367,72.46326446533203,157.07963267948966,20.87271614589102,9009.549602314819,1277.533614661356
1.5819999999999366,73.3400650024414,157.07963267948966,21.558252807933,7990.0338766921395,1367.41302046263
1.5829999999999365,74.2511215209961,157.07963267948966,22.038568299925938,6723.83885289143,1435.3596983130117
1.5839999999999363,75.17523956298828,157.07963267948966,22.295298036312442,5255.005327227578,1472.9537411128558
1.5849999999999362,76.09065246582031,157.07963267948966,22.324698536633534,3652.562178300056,1477.7639719074168
1.5859999999999361,76.9758071899414,157.07963267948966,22.126775685259503,1987.8318817544932,1448.4688678415466
1.586999999999936,77.8100814819336,157.07963267948966,21.704682065791268,333.5234295562786,1385.0903323190287
1.587999999999936,78.5744857788086,157.07963267948966,21.065284314819483,-1223.0858003722803,1288.9991077471063
1.5889999999999358,79.25214385986328,157.07963267948966,20.22187516489758,-2623.617506431822,1162.709073996516
1.5899999999999357,79.82928466796875,157.07963267948966,19.18794864125863,-3822.0967087587296,1010.7806620698235
1.5909999999999356,80.29601287841797,157.07963267948966,17.978206474768776,-4774.258527483589,839.4391388785133
1.5919999999999355,80.64697265625,157.07963267948966,16.60966745691423,-5448.589379364548,656.4415262678208
1.5929999999999354,80.88190460205078,157.07963267948966,15.101397215960768,-5858.713211586666,470.69327242180947
1.5939999999999352,81.00545501708984,157.07963267948966,13.468359577995246,-6243.152532858979,290.99831945810797
1.5949999999999351,81.02212524414062,157.07963267948966,11.67666891907549,-6068.9173737371975,117.88508160197719
1.595999999999935,80.9454574584961,157.07963267948966,9.79429208618912,-5590.066816063961,-33.332963707525444
1.596999999999935,80.79324340820312,157.07963267948966,7.851842224740687,-4831.308867499612,-155.3611458290441
1.5979999999999348,80.58659362792969,157.07963267948966,5.895181051457143,-3822.7451471337095,-242.71324233372005
1.5989999999999347,80.34889221191406,157.07963267948966,4.0241437199504775,-2600.497224225253,-291.9107584083929
1.5999999999999346,80.10464477539062,157.07963267948966,2.576975911951359,-1206.1352240557019,-301.5506957767684
1.6009999999999345,79.87825012207031,157.07963267948966,2.5414316540604336,248.62695225862933,-272.2057099502126
1.6019999999999344,79.69893646240234,156.6869335978167,3.9054087826457238,1804.249997434126,-196.57492756272515
1.6029999999999343,79.58164978027344,156.29423451611802,5.700429948089864,3295.058038601611,-97.57854379681642
1.6039999999999341,79.54039764404297,155.90153543441934,7.582018222116941,4709.75918824923,23.403802455047742
1.604999999999934,79.58576202392578,155.50883635272066,9.44298754749707,5991.494270832129,161.29654809666397
1.605999999999934,79.72467803955078,155.11613727102198,11.234501764767085,7086.248850475656,310.73668451467245
1.6069999999999338,79.96024322509766,154.7234381893233,12.924998165835222,7945.356408244584,466.2437383114179
1.6079999999999337,80.29179382324219,154.33073910762462,14.489590654584049,8528.141976165487,622.3307014681319
1.6089999999999336,80.71497344970703,153.93804002592594,15.906806497728358,8804.657489502077,773.5846058219631
1.6099999999999335,81.22203063964844,153.54534094422726,17.157573788203244,8758.232854733193,914.7351531087261
1.6109999999999334,81.80206298828125,153.15264186252858,18.22504588995196,8387.475680265341,1040.7273499509433
1.6119999999999333,82.44145965576172,152.7599427808299,19.094771147729947,7707.332633774407,1146.8165534590905
1.6129999999999332,83.12435150146484,152.36724369913122,19.75498990932365,6668.546023826182,1228.6967827276433
1.613999999999933,83.83450317382812,151.97454461743254,20.196125370004875,5343.428129616838,1284.9972262982262
1.614999999999933,84.55123901367188,151.58184553573386,20.3919660894382,3831.684613477751,1307.1947485777505
1.6159999999999328,85.25349426269531,151.18914645403518,20.340154199050783,2216.204187759857,1293.4564254127204
1.6169999999999327,85.92078399658203,150.7964473723365,20.042814218646015,580.5130110443359,1243.5934916529186
1.6179999999999326,86.5341567993164,150.40374829063782,19.505786166085635,-982.1308646528739,1159.240936094263
1.6189999999999325,87.0767593383789,150.01104920893914,18.742320858286302,-2388.9322734850984,1043.348837345439
1.6199999999999324,87.53474426269531,149.61835012724046,17.76880843033805,-3573.302181507864,900.7584356186321
1.6209999999999323,87.89823150634766,149.22565104554178,16.60443043892568,-4492.8775641869925,738.432670337639
1.6219999999999322,88.16202545166016,148.8329519638431,15.269952079409006,-5149.0522979551215,564.9148211899409
1.622999999999932,88.3257827758789,148.4402528821444,13.781967740944358,-5523.306625535801,389.29276501692704
1.623999999999932,88.39415740966797,148.0475538004457,12.157752561351574,-5822.100072701939,220.97583946581614
1.6249999999999318,88.37226104736328,147.65485471874703,10.368986906033214,-5568.070855488255,61.397247427570434
1.6259999999999317,88.27378845214844,147.26215563704835,8.487051604652107,-5000.738333956665,-73.87550165108655
1.6269999999999316,88.11640167236328,146.86945655534967,6.550126736807842,-4143.721538664678,-177.580334184451
1.6279999999999315,87.92089080810547,146.476757473651,4.628025732429086,-3033.1532135137045,-244.24838326026475
1.6289999999999314,87.71000671386719,146.0840583919523,2.9215605318039506,-1712.4622218950115,-270.66360935592604
1.6299999999999313,87.50718688964844,145.69135931025363,2.2088381062544107,-292.7509359976201,-255.93871429301814
1.6309999999999312,87.34093475341797,145.29866022855495,3.2039728296789485,1290.4301968919256,-191.60408538406648
1.631999999999931,87.2311019897461,144.90596114685627,5.000471803830729,2825.0846289627493,-92.96349981893779
1.632999999999931,87.1897964477539,144.5132620651576,6.896321616877981,4266.780088628997,26.576203440685674
1.6339999999999308,87.22802734375,144.1205629834589,8.78357254597686,5571.299299086111,165.32686477534725
1.6349999999999307,87.35291290283203,143.72786390176023,10.601331427968697,6674.716252326862,316.9633832952233
1.6359999999999306,87.5674819946289,143.33516482006155,12.312182892666097,7519.619259077833,474.82239642563815
1.6369999999999305,87.87060546875,142.94246573836287,13.887075306112433,8058.989291185504,632.1328519078289
1.6379999999999304,88.25714874267578,142.5497666566642,15.30112970407806,8259.950420880077,782.1933430459251
1.6389999999999303,88.71820068359375,142.1570675749655,16.53248308686378,8107.074629522382,918.5363827009144
1.6399999999999302,89.24149322509766,141.76436849326683,17.56217366541805,7604.674224595424,1035.098379942309
1.64099999999993,89.8118896484375,141.37166941156815,18.37441271385241,6777.552544022924,1126.410242692988
1.64199999999993,90.41204833984375,140.97897032986947,18.956960075740685,5635.286379965535,1187.819609742497
1.6429999999999298,91.02298736572266,140.5862712481708,19.29715668311935,4196.32635422755,1215.5609314047706
1.6439999999999297,91.62440490722656,140.1935721664721,19.388486810642586,2582.3496201810026,1206.2194477667865
1.6449999999999296,92.19510650634766,139.80087308477343,19.214857830665846,904.4823776749213,1157.1831361144464
1.6459999999999295,92.71531677246094,139.40817400307475,18.780614229280545,-736.5549987506508,1070.1639620420028
1.6469999999999294,93.16764831542969,139.01547492137607,18.096034209000667,-2226.0994012883543,948.988065548674
1.6479999999999293,93.53775787353516,138.6227758396774,17.18125394556866,-3485.742495089796,798.9954463961774
1.6489999999999292,93.81559753417969,138.2300767579787,16.058004689079954,-4469.248790088331,628.2920099095967
1.649999999999929,93.99617767333984,137.83737767628003,14.749051809464934,-5168.884474614622,446.70154956351087
1.650999999999929,94.07981872558594,137.44467859458135,13.27367101240527,-5561.795899710073,264.7115533661279
1.6519999999999289,94.07223510742188,137.05197951288267,11.652434174391848,-5635.352508226075,93.08434086252626
1.6529999999999287,93.9843521118164,136.659280431184,9.908408364085759,-5535.0718347616,-57.94110500104
1.6539999999999286,93.82708740234375,136.2665813494853,8.03811669247282,-4914.190030883483,-188.06310289263763
1.6549999999999285,93.6198501586914,135.87388226778663,6.134963715066316,-3979.795556210448,-281.23783062792467
1.6559999999999284,93.38520050048828,135.48118318608795,4.317569702385931,-2774.63816500795,-331.74762407662365
1.6569999999999283,93.14749145507812,135.08848410438927,2.9401574445126704,-1411.9600182035495,-336.64866411711415
1.6579999999999282,92.93708801269531,134.6957850226906,2.781653444825572,160.35959380832068,-285.1580845459666
1.658999999999928,92.77647399902344,134.3030859409919,4.071044990797883,1793.1334519901156,-192.3188420147828
1.659999999999928,92.68190002441406,133.91038685929323,5.859036419522221,3365.645513279097,-69.72675417752488
1.6609999999999279,92.6671371459961,133.51768777759455,7.760640052827926,4834.731591505683,78.19466646197093
1.6619999999999278,92.74180603027344,133.12498869589584,9.64322424602226,6122.482109866717,244.12417448407285
1.6629999999999276,92.91093444824219,132.73228961419716,11.44387797549854,7156.294636615849,420.11707939464543
1.6639999999999275,93.17481994628906,132.33959053249848,13.121144557579452,7873.643153610178,597.9117019545396
1.6649999999999274,93.52903747558594,131.9468914507998,14.642255216110408,8227.112850147178,769.1952462708284
1.6659999999999273,93.96468353271484,131.55419236910112,15.979344588310573,8189.157563395618,925.8510672682993
1.6669999999999272,94.46878051757812,131.16149328740244,17.108464577891464,7755.790090177856,1060.2080519278575
1.667999999999927,95.02485656738281,130.76879420570376,18.00960317487734,6948.385815845385,1165.3123106268029
1.668999999999927,95.61367797851562,130.37609512400508,18.66704405850918,5798.180902318879,1235.2345913218846
1.6699999999999269,96.21405792236328,129.9833960423064,19.067902406713465,4309.644744472646,1265.3133241607375
1.6709999999999268,96.80321502685547,129.59069696060772,19.20618191202864,2598.1629005550553,1251.4094335200502
1.6719999999999267,97.35735321044922,129.19799787890904,19.05993212900699,803.1661068649881,1190.4944931400867
1.6729999999999265,97.85431671142578,128.80529879721036,18.63325467966732,-959.5652032758318,1084.7449131363726
1.6739999999999264,98.27482604980469,128.41259971551167,17.936582334646545,-2551.805194327998,939.2082270726482
1.6749999999999263,98.60319519042969,128.019900633813,16.993633572478483,-3870.7705911635985,760.6919062042284
1.6759999999999262,98.82897186279297,127.62720155211431,15.831886139386857,-4896.153828497421,559.721799205092
1.676999999999926,98.9476089477539,127.23450247041563,14.474857543559471,-5599.716889865909,348.39152347452324
1.677999999999926,98.96080017089844,126.84180338871695,12.94613888833341,-5955.489771544605,139.75551798060525
1.6789999999999259,98.87657165527344,126.44910430701827,11.272508540235764,-5949.739241592508,-53.00745142174861
1.6799999999999258,98.70891571044922,126.0564052253196,9.487233713455947,-5576.963064322523,-217.63906474195517
1.6809999999999257,98.47711181640625,125.66370614362091,7.6391886543441,-4853.057487004528,-343.4904979783524
1.6819999999999256,98.20454406738281,125.27100706192223,5.814802810093041,-3803.9671172010594,-422.6318126706717
1.6829999999999254,97.91728210449219,124.87830798022355,4.215923900997464,-2469.001510570204,-450.2147827798348
1.6839999999999253,97.64244079589844,124.48560889852487,3.3613727254039225,-900.5299437034568,-424.73941657427196
1.6849999999999252,97.40650177001953,124.0929098168262,3.878325614142346,834.9092418640117,-347.9707803943352
1.6859999999999251,97.23368835449219,123.70021073512751,5.403554680827091,2589.546817185791,-224.6298609919926
1.686999999999925,97.14056396484375,123.30751165342883,7.24680143226828,4250.763185349343,-69.60801346706302
1.687999999999925,97.14080047607422,122.91481257173015,9.167865375895266,5756.094293690382,111.75674898738582
1.6889999999999248,97.24292755126953,122.52211349003147,11.053145688281507,7015.449613918822,310.03706362898055
1.6899999999999247,97.44995880126953,122.12941440833279,12.838725725474749,7947.502337665212,515.1644802585378
1.6909999999999246,97.75927734375,121.7367153266341,14.479274408076906,8486.341925949497,716.819346835608
1.6919999999999245,98.16279602050781,121.34401624493542,15.938330786128574,8588.090736297036,904.7716729311417
1.6929999999999243,98.64736938476562,120.95131716323674,17.185243777389218,8236.564473676053,1069.213619306442
1.6939999999999242,99.19540405273438,120.55861808153806,18.19447327525145,7446.754644656428,1201.112264219702
1.6949999999999241,99.78565216064453,120.16591899983938,18.94576235766796,6265.109903583496,1292.6055068815951
1.695999999999924,100.3942642211914,119.7732199181407,19.424540639186908,4678.964671155124,1337.450910531372
1.696999999999924,100.99547576904297,119.38052083644202,19.623362992707193,2820.5456308811986,1330.5883395965402
1.6979999999999238,101.56181335449219,118.98782175474334,19.516459866959536,848.1571504226254,1267.318207698516
1.6989999999999237,102.06735229492188,118.59512267304466,19.107539952035587,-1103.9699423389898,1149.5877347725873
1.6999999999999236,102.48931884765625,118.20242359134598,18.407229749589366,-2869.5389646731833,983.1292107641492
1.7009999999999235,102.80903625488281,117.8097245096473,17.442946478554877,-4316.982278203988,776.0087461827144
1.7019999999999234,103.01395416259766,117.41702542794862,16.248180615738427,-5444.618802727377,541.0824736840351
1.7029999999999232,103.09829711914062,117.02432634624994,14.84904016519131,-6206.204538574592,292.95399205069134
1.7039999999999231,103.06371307373047,116.63162726455126,13.275155138973979,-6572.064141373093,47.70251588289112
1.704999999999923,102.9193344116211,116.23892818285258,11.561197571575178,-6521.4466381469665,-178.35242928969325
1.705999999999923,102.68144989013672,115.8462291011539,9.75600499799067,-6048.889351807772,-369.9848856809438
1.7069999999999228,102.37263488769531,115.45353001945521,7.937946150548596,-5176.422388137214,-514.1528590630797
1.7079999999999227,102.02024841308594,115.06083093775653,6.249987025594497,-3939.2502509679866,-601.3262380514691
1.7089999999999226,101.65461730957031,114.66813185605785,4.9873175712078535,-2385.656705141565,-626.1387654158256
1.7099999999999225,101.30702209472656,114.27543277435916,4.644116409647225,-579.0295632221861,-587.5317769296461
1.7109999999999224,101.00758361816406,113.88273369266048,5.458434137969618,1400.0021127817172,-488.544905948741
1.7119999999999223,100.78340148925781,113.4900346109618,7.046667594273522,3368.1058201817473,-335.830371331189
1.7129999999999221,100.65262603759766,113.09733552926312,8.914627498398675,5205.033821951044,-147.39582884921938
1.713999999999922,100.62960052490234,112.70463644756444,10.865393067165341,6826.044162225368,69.4912279088982
1.714999999999922,100.72236633300781,112.31193736586576,12.780485122753491,8123.842413247945,302.79352147215377
1.7159999999999218,100.93223571777344,111.91923828416708,14.586062428089793,9005.223716626562,539.8282147212229
1.7169999999999217,101.25379180908203,111.5265392024684,16.228365247186535,9401.017693254624,767.7582009253784
1.7179999999999216,101.67518615722656,111.13384012076972,17.664825087532318,9275.066482748496,974.0304202187344
1.7189999999999215,102.17874908447266,110.74114103907104,18.861149488037633,8630.411184199127,1146.8249384241872
1.7199999999999214,102.74183654785156,110.34844195737236,19.790720454395995,7510.831783785601,1275.5556443901942
1.7209999999999213,103.33802795410156,109.95574287567368,20.43476592811052,5966.988364499123,1351.4490770175855
1.7219999999999211,103.93834686279297,109.563043793975,20.77941484510279,4069.1181867303544,1367.9575863226507
1.722999999999921,104.51192474365234,109.17034471227632,20.82431150264991,1968.9410189652276,1319.7326993814042
1.723999999999921,105.02812194824219,108.77764563057764,20.55416879820114,-160.17809586683933,1205.7999253375751
1.7249999999999208,105.45940399169922,108.38494654887896,19.981064340093027,-2164.7333211485416,1031.7152322881889
1.7259999999999207,105.78301239013672,107.99224746718028,19.12775631584191,-3879.845985097424,807.1637800784056
1.7269999999999206,105.98255157470703,107.5995483854816,18.030650077668646,-5241.324733656786,545.752990772554
1.7279999999999205,106.0496826171875,107.20684930378292,16.724945764788757,-6246.768064842815,265.2962519481457
1.7289999999999204,105.98471069335938,106.81415022208422,15.240959625957986,-6868.272744360932,-14.882736331829033
1.7299999999999203,105.79676818847656,106.42145114038554,13.611556162489585,-7092.450759510517,-275.05365549029244
1.7309999999999202,105.50338745117188,106.02875205868686,11.874773105926277,-6917.813074355811,-496.8083978938223
1.73199999999992,105.12937927246094,105.63605297698818,10.079968511868081,-6351.836646290404,-664.6076611257291
1.73299999999992,104.70538330078125,105.2433538952895,8.301721346239116,-5422.056636174937,-766.6753844760134
1.7339999999999198,104.26577758789062,104.85065481359082,6.669430671986902,-4164.726185580253,-796.0826261373926
1.7349999999999197,103.84642028808594,104.45795573189214,5.430146375272124,-2626.3123818467193,-750.89435841768
1.7359999999999196,103.48233795166016,104.06525665019346,4.9762612568521165,-864.6393884363199,-633.9078609478591
1.7369999999999195,103.20556640625,103.67255756849478,5.544740078427398,1049.6287967893873,-452.0731513111529
1.7379999999999194,103.04312896728516,103.2798584867961,6.886330059076783,2966.1006056297338,-215.75158716337776
1.7389999999999193,103.01081085205078,102.88715940509742,8.563368140755784,4768.818445467041,52.34394300591082
1.7399999999999192,103.11941528320312,102.49446032339874,10.364153274168235,6389.315923954209,343.0301412635857
1.740999999999919,103.37197875976562,102.10176124170006,12.161342738289664,7735.625824186098,641.5293171035644
1.741999999999919,103.76359558105469,101.70906216000138,13.878226510520026,8726.023530657938,932.563873171101
1.7429999999999188,104.28155517578125,101.3163630783027,15.461652794204324,9296.40728492948,1200.7848191944813
1.7439999999999187,104.9058837890625,100.92366399660402,16.871105187946963,9407.731624734273,1431.225666539006
1.7449999999999186,105.61018371582031,100.53096491490534,18.073635980105273,9052.925980816419,1609.8646393186134
1.7459999999999185,106.36288452148438,100.13826583320666,19.046396437004244,8254.507374684717,1724.3886203633606
1.7469999999999184,107.12865447998047,99.74556675150798,19.772113217987005,7064.404785874107,1764.9449707910337
1.7479999999999183,107.87024688720703,99.3528676698093,20.24002087277156,5530.5356301238935,1725.1222867846882
1.7489999999999182,108.55005645751953,98.9601685881106,20.442704132461664,3733.276874414905,1601.9838145731562
1.749999999999918,109.12952423095703,98.56746950641192,20.387014503416747,1763.7460369789073,1391.630922259426
1.750999999999918,109.57647705078125,98.17477042471324,20.059669374195877,-209.88909260415338,1107.0217714813389
1.7519999999999178,109.86621856689453,97.78207134301456,19.474060430764382,-2065.7068750883677,764.5838699488241
1.7529999999999177,109.98328399658203,97.38937226131588,18.650419008738346,-3669.3042116357374,385.6107635752594
1.7539999999999176,109.92190551757812,96.9966731796172,17.621030541890647,-4974.7261281819965,-6.8780390982034305
1.7549999999999175,109.68775177001953,96.60397409791852,16.414517878560485,-5913.112084249396,-385.9058842420788
1.7559999999999174,109.29786682128906,96.21127501621984,15.067732930125223,-6520.6987581783105,-724.9825558923789
1.7569999999999173,108.77934265136719,95.81857593452116,13.607164120020515,-6793.466201347082,-1001.4907141175034
1.7579999999999172,108.16751861572266,95.42587685282248,12.059698350320417,-6730.973538606167,-1197.7759107902907
1.758999999999917,107.5037841796875,95.0331777711238,10.45628565096883,-6354.8404564390385,-1302.1282502937738
1.759999999999917,106.83274841308594,94.64047868942512,8.83460407124945,-5679.662683070161,-1309.7159324882543
1.7609999999999169,106.19959259033203,94.24777960772644,7.252806853083628,-4734.59074682276,-1221.5973922281692
1.7619999999999167,105.64740753173828,93.85508052602776,5.813370643862186,-3554.6855278158982,-1044.2530865667227
1.7629999999999166,105.21478271484375,93.46238144432908,4.713496823751926,-2181.095276966613,-788.4906186262047
1.7639999999999165,104.9337387084961,93.0696823626304,4.270968592960468,-661.5836070124551,-468.3182294856535
1.7649999999999164,104.82818603515625,92.67698328093172,4.690989559654145,948.8484323353827,-99.97372988010375
1.7659999999999163,104.91272735595703,92.28428419923304,5.778117695019644,2525.9532489350368,298.79769558817156
1.7669999999999162,105.185546875,91.89158511753436,7.153852174680493,4000.4919624471095,695.682186092784
1.767999999999916,105.63943481445312,91.49888603583567,8.641625118549365,5323.002545410702,1081.2614316071902
1.768999999999916,106.25798034667969,91.10618695413699,10.133124100948674,6432.472681974402,1437.607944822396
1.7699999999999159,107.01620483398438,90.71348787243831,11.565785405697849,7242.133164748583,1746.9277505426714
1.7709999999999158,107.88081359863281,90.32078879073963,12.890003037114758,7686.937352891344,1990.6912473262014
1.7719999999999156,108.81121063232422,89.92808970904095,14.066924128460697,7795.654807329883,2151.1696564127624
1.7729999999999155,109.76215362548828,89.53539062734227,15.080427095818761,7573.363106344642,2215.2199070450533
1.7739999999999154,110.6858139038086,89.14269154564359,15.919854797078985,7038.258214548279,2173.6330076016015
1.7749999999999153,111.53416442871094,88.7499924639449,16.578605478357094,6221.48628995698,2022.4656753560553
1.7759999999999152,112.26158142089844,88.35729338224623,17.05343059409277,5166.168628475025,1764.250472087636
1.776999999999915,112.82747650146484,87.96459430054755,17.344004261502523,3925.838134269914,1408.792836647764
1.777999999999915,113.19891357421875,87.57189521884887,17.452617280431795,2562.1596626823934,973.2884524725994
1.7789999999999149,113.35284423828125,87.17919613715019,17.38392292125379,1137.9618310174617,481.5643282180231
1.7799999999999148,113.27687072753906,86.7864970554515,17.145084565416344,-357.03750275329946,-39.580256616933944
1.7809999999999147,112.9625015258789,86.39379797375283,16.74041411208142,-1802.9158538893387,-578.0804447482535
1.7819999999999145,112.4241714477539,86.00109889205415,16.166362554945312,-3074.788705619943,-1078.9544042759785
1.7829999999999144,111.6875228881836,85.60839981035546,15.44177652588346,-4090.951072641711,-1514.9649776774954
1.7839999999999143,110.7867660522461,85.21570072865678,14.594038544610113,-4854.665418600189,-1866.4969168679504
1.7849999999999142,109.76403045654297,84.8230016469581,13.645028004370745,-5383.768920808773,-2117.184844889986
1.785999999999914,108.66659545898438,84.43030256525942,12.606649331518076,-5678.620534899023,-2258.5251904639313
1.786999999999914,107.54380798339844,84.03760348356074,11.488809969503786,-5746.377337977107,-2289.900479954089
1.7879999999999139,106.44409942626953,83.64490440186205,10.299957814720491,-5598.446976563135,-2217.5426203020393
1.7889999999999138,105.41230773925781,83.25220532016337,9.04797653495703,-5252.002261550616,-2053.022461022695
1.7899999999999137,104.48750305175781,82.85950623846469,7.740518016680413,-4730.652350696651,-1811.6089370269353
1.7909999999999136,103.70130157470703,82.46680715676601,6.38484306500458,-4054.420638731756,-1510.634817600346
1.7919999999999134,103.07683563232422,82.07410807506733,4.990389060743178,-3248.4857804224566,-1168.2517808273358
1.7929999999999133,102.6280746459961,81.68140899336865,3.5706371013641562,-2340.3558916850375,-802.6212982991781
1.7939999999999132,102.3596420288086,81.28870991166997,2.1545635491628854,-1359.7976175734568,-431.41400846049197
1.794999999999913,102.26697540283203,80.89601082997129,0.9074847583605341,-338.78123967179476,-71.56963387614626
1.795999999999913,102.33673095703125,80.50331174827261,1.191713968941385,688.6651802757146,260.8033988794055
1.796999999999913,102.54747009277344,80.11061266657393,2.5355335170568467,1602.0058833413746,550.5131797396339
1.7979999999999128,102.86325073242188,79.71791358487525,3.8358722123282316,2369.8384040201895,768.3223244848684
1.7989999999999127,103.25304412841797,79.32521450317657,5.099975373639823,3025.256296664289,924.1309132642123
1.7999999999999126,103.68234252929688,78.93251542147789,6.312019282108789,3550.7490642515736,1009.9689286647979
1.8009999999999124,104.11430358886719,78.53981633977921,7.462828414813733,3934.092919685096,1019.7651017032724
1.8019999999999123,104.51102447509766,78.14711725808053,8.546170860053126,4168.493239593543,950.0708067427944
1.8029999999999122,104.83502960205078,77.75441817638185,9.55755554718868,4252.5395376260885,800.6081670380865
1.8039999999999121,105.05070495605469,77.36171909468317,10.493708887744836,4155.022752011101,574.7091857468797
1.804999999999912,105.1132583618164,76.96902001298449,11.351441849119233,3864.625095568229,253.18524257362515
1.805999999999912,104.99520111083984,76.5763209312858,12.11166315329677,3432.9647092479886,-126.36739286272325
1.8069999999999118,104.67678833007812,76.18362184958711,12.772576114428427,2884.5982652990697,-545.4429511022828
1.8079999999999117,104.146728515625,75.79092276788843,13.33309719285763,2246.3343994009783,-983.5798929309161
1.8089999999999116,103.40242767333984,75.39822368618975,13.792477860552825,1546.529665380393,-1419.6911025292916
1.8099999999999115,102.44974517822266,75.00552460449107,14.150289146159633,813.8337290312935,-1833.7056405876647
1.8109999999999113,101.30220794677734,74.61282552279239,14.406517633873763,76.01040117394805,-2208.0855123953843
1.8119999999999112,99.97985076904297,74.22012644109371,14.561746806088834,-641.1047941205601,-2529.0150356455215
1.8129999999999111,98.50768280029297,73.82742735939503,14.617390708316828,-1314.470289784244,-2787.12241420878
1.813999999999911,96.9140396118164,73.43472827769635,14.575942776652907,-1919.5380432518082,-2977.68492677177
1.814999999999911,95.22838592529297,73.04202919599767,14.442551674502925,-2424.293713113585,-3101.367659469828
1.8159999999999108,93.47834777832031,72.64933011429899,14.228158344900196,-2984.783576443811,-3164.993182554793
1.8169999999999107,91.69025421142578,72.25663103260031,13.910628290248665,-3440.7635664725367,-3174.463662098453
1.8179999999999106,89.89592742919922,71.86393195090163,13.495794300426235,-3764.4724937720343,-3123.792980480125
1.8189999999999105,88.12334442138672,71.47123286920295,12.997682910778408,-3931.6050644817406,-3024.1164466577316
1.8199999999999104,86.39459228515625,71.07853378750427,12.43838396525583,-3993.2438194785796,-2889.2767218539016
1.8209999999999102,84.72796630859375,70.68583470580559,11.83074074748018,-3955.9697257961643,-2728.4915543624047
1.8219999999999101,83.1377182006836,70.29313562410691,11.189220107319176,-3828.408722627705,-2550.4883940830177
1.82299999999991,81.63407135009766,69.90043654240823,10.530158499246799,-3620.3452314133824,-2363.1564801839195
1.82399999999991,80.22338104248047,69.50773746070955,9.87216492149533,-3342.1369695408166,-2173.3640300238785
1.8249999999999098,78.90837097167969,69.11503837901087,9.23659719224928,-3190.7898716218733,-1986.9060353632476
1.8259999999999097,77.6954574584961,68.72233929731217,8.582649325725177,-2821.760245255654,-1797.8680162456424
1.8269999999999096,76.58323669433594,68.3296402156135,7.9868047420841135,-2405.739850764811,-1618.0404417751051
1.8279999999999095,75.56754302978516,67.93694113391481,7.480536142804103,-1956.2522790446403,-1450.8198040933157
1.8289999999999094,74.64186096191406,67.54424205221613,7.096001324303899,-1485.2659263424946,-1298.7813991173207
1.8299999999999093,73.7977294921875,67.15154297051745,6.861956287027014,-1004.4530936701149,-1163.8407752471344
1.8309999999999091,73.02509307861328,66.75884388881877,6.797228882949689,-652.8262675249271,-1047.3359164919284
1.831999999999909,72.31729888916016,66.3661448071201,6.84430875606993,-225.17393821207764,-943.4681585534464
1.832999999999909,71.66519165039062,65.97344572542141,7.0378402227279855,198.7950298972131,-855.2381571699848
1.8339999999999088,71.0576400756836,65.58074664372273,7.36311224180511,601.9125567553523,-784.7211835661462
1.8349999999999087,70.48292541503906,65.18804756202405,7.795353426327301,904.4513596536711,-732.151686468614
1.8359999999999086,69.92050170898438,64.79534848032537,8.274607085912132,1143.0211046155987,-709.1911045892768
1.8369999999999085,69.36185455322266,64.40264939862669,8.781966526513703,1351.8244006723903,-698.3444828788678
1.8379999999999084,68.79888916015625,64.00995031692801,9.304007238719727,1529.688761362941,-698.6613879750803
1.8389999999999083,68.22396087646484,63.61725123522933,9.829783887106252,1675.7735824735496,-709.2222599454186
1.8399999999999082,67.62989044189453,63.22455215353065,10.350470143657047,1789.741578068309,-728.9821686939916
1.840999999999908,67.01014709472656,62.831853071831965,10.858964339768798,1799.679363351249,-756.773108686956
1.841999999999908,66.34447479248047,62.439153990133285,11.329276600438337,1730.7247406651304,-810.2638390848829
1.8429999999999078,65.63052368164062,62.046454908434605,11.751832145549622,1633.0261721357413,-864.9777273364303
1.8439999999999077,64.8676528930664,61.653755826735924,12.126049319083519,1513.5768840324185,-918.4564472161934
1.8449999999999076,64.05669403076172,61.261056745037244,12.452329539447353,1378.826431232932,-968.6585807529387
1.8459999999999075,63.1998291015625,60.868357663338564,12.731800421101177,1234.908459341163,-1013.8027727153893
1.8469999999999074,62.300472259521484,60.475658581639884,12.966177938464902,1087.5013695831724,-1052.4009413512397
1.8479999999999073,61.363121032714844,60.082959499941204,13.157656901046684,941.7132062364694,-1083.2796270001209
1.8489999999999072,60.393192291259766,59.690260418242524,13.308819350559595,801.9955511616548,-1105.5871859652398
1.849999999999907,59.396873474121094,59.29756133654384,13.422554429024515,595.5657763121092,-1118.7878567972045
1.850999999999907,58.36520004272461,58.904862254845156,13.485687482240301,360.0800859539302,-1140.7124565599804
1.8519999999999068,57.30817794799805,58.512163173146476,13.494965537840608,145.14963648539043,-1149.1940966378097
1.8529999999999067,56.23683166503906,58.119464091447796,13.455196104080464,-43.019704197943206,-1143.9119645321239
1.8539999999999066,55.16273498535156,57.726765009749116,13.371806082343518,-199.81104862766261,-1125.1846035678616
1.8549999999999065,54.09774398803711,57.334065928050435,13.250729631925203,-321.9077559721901,-1093.6989413455976
1.8559999999999064,53.0536994934082,56.941366846351755,13.0983234654867,-405.84917089588316,-1050.4485082925905
1.8569999999999063,52.042213439941406,56.548667764653075,12.921676856009052,-451.75564424682494,-996.6161156433976
1.8579999999999062,51.07443618774414,56.155968682954395,12.727883858796039,-459.8655676103927,-933.5127298883956
1.858999999999906,50.160865783691406,55.763269601255715,12.524191799236583,-431.4421193746723,-862.5044778964123
1.859999999999906,49.311187744140625,55.37057051955703,12.317856081177503,-466.7050418182859,-784.9526330311671
1.8609999999999058,48.51628112792969,54.97787143785835,12.090148851887001,-486.40354226995896,-719.2140550070292
1.8619999999999057,47.78639602661133,54.58517235615967,11.848391942647938,-467.9384614546789,-646.3064230633897
1.8629999999999056,47.13127899169922,54.19247327446099,11.600706049779184,-411.96849967342143,-567.021691916028
1.8639999999999055,46.55979537963867,53.79977419276231,11.355422791790184,-320.29179615488215,-482.31196986482877
1.8649999999999054,46.07978439331055,53.40707511106363,11.120872111478912,-195.54449642253329,-393.0765435123143
1.8659999999999053,45.69792938232422,53.014376029364946,10.905116678966682,-41.08915114056492,-300.14345454601767
1.8669999999999052,45.41963577270508,52.621676947666266,10.715632799420643,139.1026943505953,-204.2652979022139
1.867999999999905,45.24896240234375,52.228977865967586,10.55895430741377,264.8380649014481,-106.12695017124689
1.868999999999905,45.16672134399414,51.836278784268906,10.414722128162753,368.37014974075714,-26.05871799517768
1.8699999999999048,45.1756706237793,51.44357970257022,10.284132099533817,491.42848496701527,56.325092286229456
1.8709999999999047,45.2779541015625,51.05088062087154,10.172211987553503,632.4179907701434,140.96797770173376
1.8719999999999046,45.474796295166016,50.65818153917286,10.083370976800353,788.9869694087248,227.58969306447318
1.8729999999999045,45.76646423339844,50.26548245747418,10.021171985772607,958.4119845425099,315.8607827101242
1.8739999999999044,46.15221405029297,49.8727833757755,9.988153341150898,1137.6700504642645,405.3847153599755
1.8749999999999043,46.6302490234375,49.48008429407682,9.985704856918836,1323.5105579218457,495.67556504912415
1.8759999999999042,47.19768524169922,49.08738521237814,10.014016813295616,1428.8193775173386,586.1340712909963
1.876999999999904,47.82695388793945,48.69468613067946,10.042927420225658,1506.6967375006468,653.1315442008816
1.877999999999904,48.5134391784668,48.30198704898078,10.07396524915446,1586.3612145400075,718.0722758952301
1.8789999999999039,49.252498626708984,47.9092879672821,10.108206675092495,1667.8549534046092,780.8470814998952
1.8799999999999037,50.0391845703125,47.51658888558341,10.146666422311394,1749.9312402349558,841.0355401060684
1.8809999999999036,50.86819076538086,47.12388980388473,10.190031505482947,1831.761839255293,898.0869201433935
1.8819999999999035,51.73387145996094,46.73119072218605,10.238837142537264,1911.6141443133329,951.3811937351312
1.8829999999999034,52.63017272949219,46.33849164048737,10.293237812793292,1987.945975308679,1000.1667817759889
1.8839999999999033,53.55060958862305,45.94579255878869,10.353128720736297,2002.6015450082043,1043.5762034249765
1.8849999999999032,54.46450424194336,45.55309347709001,10.400101922074159,1963.6147085226644,1054.3345094247397
1.885999999999903,55.36381912231445,45.16039439539133,10.429469781921908,1917.7394119289775,1055.6771383652087
1.886999999999903,56.24132537841797,44.76769531369265,10.44307610903534,1867.1995237576177,1047.9541696546955
1.8879999999999029,57.090415954589844,44.37499623199397,10.443145747048419,1813.7501715302747,1031.4065075191447
1.8889999999999028,57.90511703491211,43.98229715029528,10.432182190632416,1759.0256239864443,1006.3705957574549
1.8899999999999026,58.6800651550293,43.5895980685966,10.412915830798552,1704.5143923510939,973.258996781614
1.8909999999999025,59.41048812866211,43.19689898689792,10.388252059864318,1651.5357177637065,932.5337956910726
1.8919999999999024,60.092132568359375,42.80419990519924,10.361218820282676,1601.2221453906996,884.675733054698
1.8929999999999023,60.7212028503418,42.41150082350056,10.334913967701198,1554.5092038258204,830.1523914312603
1.8939999999999022,61.29426574707031,42.01880174180188,10.312453105863154,1471.1221838279193,769.3870794433965
1.894999999999902,61.78255081176758,41.6261026601032,10.28492913180688,1336.0201507105678,670.8149189209823
1.895999999999902,62.18324279785156,41.23340357840452,10.247497450544515,1207.3061657370092,566.2697241763127
1.8969999999999019,62.4952278137207,40.84070449670584,10.204379585065931,1088.8339486694524,458.2786762961582
1.8979999999999018,62.71873092651367,40.44800541500716,10.160071058119264,983.571297831197,348.9522951160785
1.8989999999999017,62.85506057739258,40.05530633330847,10.11919824607036,894.0669891775419,240.15162324329003
1.8999999999999015,62.906375885009766,39.66260725160979,10.086464799715444,822.4256780436152,133.3977529520053
1.9009999999999014,62.87535858154297,39.26990816991111,10.066596834668436,770.2980622727332,29.802654780898582
1.9019999999999013,62.76490020751953,38.87720908821243,10.064283329854804,738.8919186145627,-69.97110874626742
1.9029999999999012,62.577781677246094,38.48451000651375,10.084109657632968,729.0032667001367,-165.72027877918748
1.903999999999901,62.31633758544922,38.09181092481507,10.130483504127179,741.0657949395843,-257.6808953420874
1.904999999999901,61.98216247558594,37.69911184311639,10.207554466917614,775.2158564995917,-346.4809666116189
1.9059999999999009,61.57585906982422,37.30641276141771,10.319131015489134,777.3509382213537,-433.06988773575074
1.9069999999999008,61.07068634033203,36.91371367971903,10.450512559768054,754.8695374670103,-550.3112803202948
1.9079999999999007,60.467742919921875,36.52101459802035,10.602911727686942,746.713461075371,-663.1661521763847
1.9089999999999006,59.76847457885742,36.12831551632166,10.777369590222245,753.7894248597587,-770.6955041413396
1.9099999999999004,58.974342346191406,35.73561643462298,10.974618016500685,776.4936478822941,-872.4091997660216
1.9109999999999003,58.08675765991211,35.3429173529243,11.195078315469706,815.0273421960951,-967.90914172776
1.9119999999999002,57.107086181640625,34.95021827122562,11.438852399017076,869.4057740774948,-1056.842157771563
1.9129999999999001,56.0366325378418,34.55751918952694,11.705715513230235,939.466410352779,-1138.8573321759611
1.9139999999999,54.876705169677734,34.16482010782826,11.995112576839531,1024.8788432028296,-1213.570247009089
1.9149999999999,53.62869644165039,33.77212102612958,12.306160090913467,1125.156399863009,-1280.5363855347803
1.9159999999998998,52.294193267822266,33.3794219444309,12.637655268811022,1239.669271194372,-1339.2363760332212
1.9169999999998997,50.875091552734375,32.98672286273222,12.98809347463722,1320.5416973587303,-1389.0740253372094
1.9179999999998996,49.348838806152344,32.594023781033535,13.34252698856795,1355.8509953772925,-1453.2605466838038
1.9189999999998995,47.722251892089844,32.201324699334855,13.694328634488668,1403.1555485773774,-1501.2303041437094
1.9199999999998993,46.00389099121094,31.808625617636178,14.04246888998229,1463.690247964036,-1531.7308053596366
1.9209999999998992,44.20374298095703,31.415926535937494,14.386077450541217,1539.7605107122015,-1544.2123132329657
1.9219999999998991,42.33311462402344,31.023227454238814,14.724798056229853,1633.4288766892012,-1538.6502382480085
1.922999999999899,40.40449523925781,30.630528372540134,15.058761204806881,1746.431387622143,-1515.526543220933
1.923999999999899,38.43143081665039,30.237829290841454,15.388539006552659,1880.114502540371,-1475.7937702591785
1.9249999999998988,36.42838668823242,29.845130209142773,15.715086726036471,2035.3825531623504,-1420.8233361750838
1.9259999999998987,34.410648345947266,29.45243112744409,16.03967261983352,2212.6563278434433,-1352.3438577702614
1.9269999999998986,32.39418029785156,29.05973204574541,16.363798069332177,2411.8428355263713,-1272.3697411720368
1.9279999999998985,30.39553451538086,28.66703296404673,16.689110293228236,2632.315841908892,-1183.1260937450077
1.9289999999998984,28.431713104248047,28.27433388234805,17.01731009454003,2872.90652336444,-1086.9679954005674
1.9299999999998982,26.520048141479492,27.88163480064937,17.350057182241738,3075.96388797114,-986.297775112138
1.9309999999998981,24.649782180786133,27.488935718950685,17.67566767788339,3245.2375428553846,-896.4032102888395
1.931999999999898,22.84065055847168,27.096236637252005,17.99340521551409,3428.8718521380733,-802.7497974782883
1.932999999999898,21.1129093170166,26.703537555553325,18.305544114800785,3625.995501133327,-707.7160838760941
1.9339999999998978,19.486726760864258,26.310838473854645,18.614283991322186,3834.575225376047,-613.6755263044046
1.9349999999998977,17.981830596923828,25.91813939215596,18.921602510047627,4051.908188042781,-522.7087461924569
1.9359999999998976,16.61713409423828,25.52544031045728,19.229126390268018,4274.67198778225,-436.4816580339235
1.9369999999998975,15.4103422164917,25.1327412287586,19.538011571785383,4498.9893501860915,-356.146893121405
1.9379999999998974,14.377530097961426,24.74004214705992,19.84883896404469,4720.507292648036,-282.2758971686533
1.9389999999998973,13.532705307006836,24.34734306536124,20.161531865127994,4934.487757196395,-214.83070811913032
1.9399999999998971,12.887375831604004,23.954643983662557,20.475300356161952,5135.906142060095,-153.18309818045265
1.940999999999897,12.450125694274902,23.561944901963876,20.78861661446866,5319.553767814725,-96.18554287078247
1.941999999999897,12.226223945617676,23.169245820265196,21.099223217398258,5480.140227681013,-42.29486917478598
1.9429999999998968,12.217280387878418,22.776546738566516,21.40417429274872,5612.391945431678,10.256061077042462
1.9439999999998967,12.42096996307373,22.383847656867836,21.69990704299899,5711.1442163870215,63.249011472867046
1.9449999999998966,12.830841064453125,21.991148575169152,21.98233899174996,5771.425576873943,118.24957667900611
1.9459999999998965,13.436223030090332,21.598449493470472,22.246984521905812,5783.925792983205,176.3759032065934
1.9469999999998964,14.22336483001709,21.205750411771792,22.48871818376505,5698.253036527896,238.4259138145807
1.9479999999998963,15.137248992919922,20.81305133007311,22.694956724884396,5577.281349769153,292.13431528486495
1.9489999999998961,16.156814575195312,20.42035224837443,22.86516512637992,5437.880724223101,345.98240174954765
1.949999999999896,17.258167266845703,20.027653166675748,22.999462704692554,5278.701035450317,397.82279726158833
1.950999999999896,18.414813995361328,19.634954084977068,23.097912685324044,5098.7802932308705,444.88029079499876
1.9519999999998958,19.598356246948242,19.242255003278387,23.160659204754683,4897.791594681434,484.0491864891102
1.9529999999998957,20.779266357421875,18.849555921579707,23.188047376405837,4676.139328724753,512.158702072862
1.9539999999998956,21.9277400970459,18.456856839881027,23.180716299402544,4435.028029696754,526.2802125080809
1.9549999999998955,23.014602661132812,18.064157758182343,23.13966126451806,4176.503712632064,524.0462005949133
1.9559999999998954,24.01222801208496,17.671458676483663,23.066264406162794,3903.4654262965773,503.94468428203555
1.9569999999998953,24.89544105529785,17.278759594784983,22.962296017422567,3619.6440422145856,465.55240920093075
1.9579999999998952,25.642396926879883,16.886060513086303,22.829891509460634,3329.545250045924,409.6744388311725
1.958999999999895,26.23533821105957,16.493361431387623,22.671511320202484,3038.354616165733,338.36472017151766
1.959999999999895,26.661251068115234,16.10066234968894,22.489892682406452,2751.804483746774,254.81808377572412
1.9609999999998948,26.912343978881836,15.707963267990259,22.28800275494849,2476.0053213312094,163.13851458092742
1.9619999999998947,26.986328125,15.315264186291579,22.069001956089817,2217.247498554937,68.0067780341868
1.9629999999998946,26.886484146118164,14.922565104592897,21.836224296562428,1981.7828324740751,-25.714835141450436
1.9639999999998945,26.62149429321289,14.529866022894216,21.593178187102485,1775.5979781875894,-113.39321517850554
1.9649999999998944,26.205062866210938,14.137166941195536,21.343566936299247,1604.1932714576894,-191.00058139378953
1.9659999999998943,25.65532112121582,13.744467859496854,21.091323539046066,1472.380615417802,-255.4116346729293
1.9669999999998942,24.99407386779785,13.351768777798174,20.84065010688362,1384.1123909662933,-304.58996036240535
1.967999999999894,24.24589729309082,12.959069696099492,20.59604914808507,1346.247305752463,-337.6488731815626
1.968999999999894,23.436073303222656,12.566370614400812,20.36249841162896,1347.09287493714,-355.29393835204144
1.9699999999998938,22.58995819091797,12.173671532702132,20.142997484971527,1372.7844701386134,-358.89022394994515
1.9709999999998937,21.733278274536133,11.78097245100345,19.93879542617097,1422.383436733044,-349.89911879553716
1.9719999999998936,20.89141273498535,11.38827336930477,19.751174160202126,1494.6747777942162,-330.18317570432714
1.9729999999998935,20.088682174682617,10.995574287606088,19.58146600434712,1588.0951454869614,-301.7973056775674
1.9739999999998934,19.347707748413086,10.602875205907408,19.43102522112682,1652.1078792880064,-266.79221915748735
1.9749999999998933,18.642074584960938,10.210176124208726,19.29052776785247,1702.283385640825,-243.90625428628957
1.9759999999998932,17.991195678710938,9.817477042510045,19.16197871725758,1769.2541062721562,-215.7077680437256
1.976999999999893,17.413043975830078,9.424777960811365,19.046784246829162,1851.6003161650751,-183.464872501726
1.977999999999893,16.923206329345703,9.032078879112683,18.946249008760656,1947.5865543462523,-148.42706130036575
1.9789999999998928,16.53443717956543,8.639379797414003,18.86154206248535,2055.353096780149,-111.6072351445396
1.9799999999998927,16.256284713745117,8.246680715715321,18.793633316485348,2172.968402010302,-73.77544030322943
1.9809999999998926,16.09479331970215,7.853981634016641,18.74323830578425,2298.480924725448,-35.49611464870542
1.9819999999998925,16.05230712890625,7.46128255231796,18.710780061240627,2429.9687745820634,2.8001965799153368
1.9829999999998924,16.127355575561523,7.068583470619279,18.69637452465259,2565.585887137715,40.722437815088625
1.9839999999998923,16.314632415771484,6.675884388920598,18.69984317719681,2703.603718343445,77.81618213639278
1.9849999999998922,16.60507583618164,6.283185307221918,18.720753159545975,2842.447810943785,113.46792294850417
1.985999999999892,16.98604393005371,5.890486225523237,18.75848162837118,2980.728890221582,146.83172771424475
1.986999999999892,17.441579818725586,5.497787143824556,18.812297906464543,3117.268395604814,176.79133837649903
1.9879999999998919,17.952768325805664,5.1050880621258745,18.881454564681267,3251.118511842369,201.96736084644112
1.9889999999998917,18.498167037963867,4.7123889804271935,18.965277205838625,3381.576802155338,220.77438083473498
1.9899999999998916,19.0543270111084,4.319689898728513,19.063242518849762,3508.168467460859,231.5277881890519
1.9909999999998915,19.596351623535156,3.9269908170298318,19.175025894214635,3630.5538458573387,232.59102371398845
1.9919999999998914,20.098541259765625,3.534291735331151,19.300503522000234,3748.718569350112,222.554190127759
1.9929999999998913,20.535118103027344,3.14159265363247,19.439800742427646,3863.3444360591475,200.4573579033919
1.9939999999998912,20.881013870239258,2.748893571933789,19.59331830843677,3975.153061813856,165.97775718346665
1.994999999999891,21.112533569335938,2.3561944902351084,19.76154072731825,4084.6736794265767,119.53307659427409
1.995999999999891,21.208152770996094,1.9634954085364273,19.944939995390055,4192.735847859609,62.43813673933519
1.9969999999998909,21.149335861206055,1.5707963268377465,20.143884927311063,4300.356573580842,-3.057043325246574
1.9979999999998908,20.921297073364258,1.1780972451390657,20.35852004684681,4408.5967408178685,-73.83256031670467
1.9989999999998906,20.513729095458984,0.7853981634403847,20.588653462627896,4518.3953544870665,-146.05677272494285
1.9999999999998905,19.921457290649414,0.39269908174170376,20.833669451233487,4631.755663189297,-215.44425286533462
