{
  "motor_name": "env_demo_true_motor2",
  "source": "simulation",
  "timestamp": "2025-12-06T21:37:04.465709Z",
  "tests": {
    "rs_leq_test": {
      "u_d_step": 170.0,
      "total_time": 2.2,
      "rs_fit_error": 0.00026457309356068566,
      "leq_fit_error": 0.4136979119178686
    },
    "locked_rotor_q_test": {
      "u_q_step": 240.0,
      "total_time": 2.6
    },
    "mech_runup_coast_test": {
      "torque_ref": 2.8,
      "runup_time": 1.0,
      "coast_time": 1.0
    },
    "refinement": {
      "enabled": true,
      "method": "multi_test_least_squares",
      "status": "ok"
    }
  },
  "estimated_params": {
    "Rs": 1.7999987991459885,
    "Rr": 1.599925646638545,
    "Ls": 0.2400027047325049,
    "Lr": 0.2400027047325049,
    "Lm": 0.1800018440521496,
    "J": 0.02,
    "B": 0.0015
  },
  "true_params_if_available": {
    "Rs": 1.8,
    "Rr": 1.6,
    "Ls": 0.24,
    "Lr": 0.24,
    "Lm": 0.18,
    "J": 0.02,
    "B": 0.0015
  },
  "relative_error_percent": {
    "Rs": 6.67141117534816e-05,
    "Rr": 0.0046470850909446915,
    "Ls": 0.0011269718770458756,
    "Lr": 0.0011269718770458756,
    "Lm": 0.00102447341645489,
    "J": 0.0,
    "B": 0.0
  }
}