{
  "env_demo_true_motor1": {
    "baseline_speed_err": 2.9912280072830613,
    "baseline_current_rms": 1.3421783263559035,
    "ext_scale": 4.3334063336389645
  },
  "env_demo_true_motor2": {
    "baseline_speed_err": 2.6864296708659956,
    "baseline_current_rms": 2.4670207748519877,
    "ext_scale": 5.153450445717983
  }
}