t,omega,omega_ref,i_rms,p_el,p_mech
0.001,-0.025762490928173065,125.66370391845703,0.0,0.6759807133761924,-0.0
0.002,-0.051521893590688705,125.66370391845703,0.005104279865205946,0.6909522252677548,-0.0
0.003,-0.07727821171283722,125.66370391845703,0.014691020071001018,0.2625351422197116,2.6950893055076082e-09
0.004,-0.10303404182195663,125.66370391845703,0.08835619053561988,3.2690423182438684,5.345609074906279e-06
0.005,-0.1287919282913208,125.66370391845703,0.1633914908721148,-5.820171559023776,1.992320430700884e-05
0.006,-0.15453359484672546,125.66370391845703,0.015387237905367678,1.6064948888516457,-1.664258336635983e-05
0.007,-0.18025994300842285,125.66370391845703,0.15938850136221874,-2.553132545236129,-6.357587339697758e-05
0.008,-0.20599834620952606,125.66370391845703,0.04454919933563954,0.1463482950546824,-1.023669401191151e-05
0.009000000000000001,-0.23173865675926208,125.66370391845703,0.04352951560812123,2.081800076373543,1.1598031437518536e-05
0.010000000000000002,-0.25747862458229065,125.66370391845703,0.1048430970686662,-3.62300690402553,2.7030951169480652e-05
0.011000000000000003,-0.2832516133785248,125.66370391845703,0.0988590061963006,6.040125285786164,0.00023410524817365981
0.012000000000000004,-0.3090800642967224,125.66370391845703,0.24815590970009482,-1.9636375105871648,0.0006176468422898006
0.013000000000000005,-0.33482980728149414,125.66370391845703,0.14879253542924387,0.002177311079644806,0.0001624395451586248
0.014000000000000005,-0.3604642450809479,125.66370391845703,0.10136043971487488,-0.3465310335931906,-0.0006339108414088157
0.015000000000000006,-0.38621559739112854,125.66370391845703,0.036954068690933435,1.0544304224301426,0.00024757516798253846
0.016000000000000007,-0.41205546259880066,125.66370391845703,0.05387395025493282,0.08521887563353792,0.001019043912217758
0.017000000000000008,-0.4376954138278961,125.66370391845703,0.03571566193413084,1.9683487333253569,-0.0006407025930518892
0.01800000000000001,-0.4630846679210663,125.66370391845703,0.17394587669981934,3.0990540356093437,-0.0029710115455435877
0.01900000000000001,-0.4888368844985962,125.66370391845703,0.25728838299847073,4.923268258304829,0.0004420257858745334
0.02000000000000001,-0.5150371193885803,125.66370391845703,0.27638805745202016,0.5212620233757701,0.005112093511405577
0.02100000000000001,-0.5412341356277466,125.66370391845703,0.20620811523869068,-0.20370834703699447,0.00537195551308905
0.022000000000000013,-0.566746711730957,125.66370391845703,0.16105978004561677,3.1985071360171276,-0.0020982135900009472
0.023000000000000013,-0.5916266441345215,125.66370391845703,0.1899044944640166,0.9200056156555102,-0.009639512805263921
0.024000000000000014,-0.6167140007019043,125.66370391845703,0.14137705506094694,1.186460756179553,-0.007452378337338693
0.025000000000000015,-0.6419147253036499,125.66370391845703,0.10916459237981074,1.396156124694504,-0.006264257792444352
0.026000000000000016,-0.6671452522277832,125.66370391845703,0.09110191471298339,1.164549167075792,-0.006071570927304909
0.027000000000000017,-0.6931262612342834,125.66370391845703,0.12773729536283293,4.327684624886084,0.00413778440509392
0.028000000000000018,-0.7196598052978516,125.66370391845703,0.19266274930940017,0.6939035893995082,0.012293143038293803
0.02900000000000002,-0.7457116842269897,125.66370391845703,0.1421047170951261,1.7999564730820254,0.005601685981249943
0.03000000000000002,-0.7702420353889465,125.66370391845703,0.1940144116421401,3.1932237987013434,-0.017604894893383696
0.03100000000000002,-0.7945653796195984,125.66370391845703,0.18749187577892443,2.3845498660792988,-0.021403508280832966
0.03200000000000002,-0.8197207450866699,125.66370391845703,0.19121597709459281,4.454463716028858,-0.00839294120928567
0.03300000000000002,-0.8454829454421997,125.66370391845703,0.21864091717520895,2.106868485471719,0.0016560041051289617
0.03400000000000002,-0.8703908920288086,125.66370391845703,0.19444299198426584,3.4156651142241974,-0.01311271515012156
0.035000000000000024,-0.8944785594940186,125.66370391845703,0.20066365968224126,4.980196783845468,-0.028096419956185958
0.036000000000000025,-0.9177934527397156,125.66370391845703,0.22658923941954592,3.5377563486774113,-0.042959786953747074
0.037000000000000026,-0.941899299621582,125.66370391845703,0.22446763395484048,4.748292917717256,-0.029136728293785864
0.03800000000000003,-0.966544508934021,125.66370391845703,0.2367615853372218,5.520928477344003,-0.01941653840160726
0.03900000000000003,-0.9914929866790771,125.66370391845703,0.25142305037733864,4.8459739348871755,-0.01384533794013415
0.04000000000000003,-1.014696478843689,125.66370391845703,0.2655126521205484,8.393443592752034,-0.049521854510664175
0.04100000000000003,-1.0363211631774902,125.66370391845703,0.3099475989919465,6.4089616624020485,-0.08324265896498285
0.04200000000000003,-1.0586074590682983,125.66370391845703,0.3038140203160132,6.924558895573759,-0.07096957996076102
0.04300000000000003,-1.081284761428833,125.66370391845703,0.3050847404130693,7.330127705815466,-0.06397649705285612
0.04400000000000003,-1.1040924787521362,125.66370391845703,0.3098371946568498,7.665257407655188,-0.06238576475729182
0.04500000000000003,-1.1268075704574585,125.66370391845703,0.3161750114792377,8.009533867508893,-0.06569687946903793
0.046000000000000034,-1.1492383480072021,125.66370391845703,0.32366780830952663,8.421122237263345,-0.0734746895331862
0.047000000000000035,-1.1712199449539185,125.66370391845703,0.33250427851260067,8.941802921993798,-0.08534131643964742
0.048000000000000036,-1.1926090717315674,125.66370391845703,0.34304873325283824,9.601343911212917,-0.10096492748713247
0.04900000000000004,-1.213281273841858,125.66370391845703,0.35563207144860487,10.420839748777668,-0.12005276931535369
0.05000000000000004,-1.2331266403198242,125.66370391845703,0.37046930532392713,11.415207780645265,-0.1423465686803466
0.05100000000000004,-1.2520475387573242,125.66370391845703,0.38764445055346364,12.595020212432985,-0.16761945586823992
0.05200000000000004,-1.269956111907959,125.66370391845703,0.4071288867392704,13.967824592031024,-0.1956735572910932
0.05300000000000004,-1.2867716550827026,125.66370391845703,0.4288125587489389,15.539077596183626,-0.22633779147980837
0.05400000000000004,-1.3024190664291382,125.66370391845703,0.45253580549191974,17.312791291021245,-0.2594657884519334
0.05500000000000004,-1.3168268203735352,125.66370391845703,0.47811568766136886,19.29196888020385,-0.2949335694483254
0.05600000000000004,-1.329925775527954,125.66370391845703,0.5053648702477523,19.46307691629328,-0.3326371147633192
0.057000000000000044,-1.3446359634399414,125.66370391845703,0.5304368563919878,22.224215929464986,-0.2929419864287123
0.058000000000000045,-1.3603841066360474,125.66370391845703,0.5584452512298361,21.850084363228977,-0.26808232140615534
0.059000000000000045,-1.3731316328048706,125.66370391845703,0.571136582239421,25.045121844037894,-0.3529500974318736
0.060000000000000046,-1.3829931020736694,125.66370391845703,0.5957863854115618,24.944419357826536,-0.43527097452267255
0.06100000000000005,-1.39412260055542,125.66370391845703,0.6097283256530545,26.23663470817186,-0.403382841842938
0.06200000000000005,-1.4059053659439087,125.66370391845703,0.6240705389719828,27.10411067153331,-0.38838606719679525
0.06300000000000004,-1.4177523851394653,125.66370391845703,0.6367270599853045,27.70266011465348,-0.3897971097141604
0.06400000000000004,-1.4291551113128662,125.66370391845703,0.6473948878037037,28.18055496943189,-0.40559364716176244
0.06500000000000004,-1.4396756887435913,125.66370391845703,0.6565336561472439,28.64415592337561,-0.433935651106294
0.06600000000000004,-1.4489386081695557,125.66370391845703,0.6648270762312048,29.168746322460624,-0.4731408267648366
0.06700000000000005,-1.4566212892532349,125.66370391845703,0.6729481748305179,29.806989989764094,-0.5216519545621688
0.06800000000000005,-1.4624472856521606,125.66370391845703,0.6814676177212851,30.595312339573084,-0.5780151658347537
0.06900000000000005,-1.4661797285079956,125.66370391845703,0.6908283760806978,31.558640254756043,-0.6408647562983119
0.07000000000000005,-1.4676146507263184,125.66370391845703,0.701350108033049,32.71387160601279,-0.7089116099682051
0.07100000000000005,-1.4665769338607788,125.66370391845703,0.713245650415354,34.07237840878017,-0.7809347313179432
0.07200000000000005,-1.4629148244857788,125.66370391845703,0.726641110711034,35.641785567178964,-0.8557731648488436
0.07300000000000005,-1.4564964771270752,125.66370391845703,0.741595495192932,37.42721363983745,-0.9323192137544222
0.07400000000000005,-1.4472064971923828,125.66370391845703,0.7581180512847295,39.43212991302304,-1.0095117668635212
0.07500000000000005,-1.4349429607391357,125.66370391845703,0.7761826678652315,41.65891671210216,-1.0863297559814091
0.07600000000000005,-1.4196144342422485,125.66370391845703,0.7957392907953658,44.10923817578437,-1.1617852960269022
0.07700000000000005,-1.4011385440826416,125.66370391845703,0.816722622606965,46.78426536463458,-1.2349176733903302
0.07800000000000006,-1.379439115524292,125.66370391845703,0.8390585124390985,49.68480334340141,-1.3047858847897869
0.07900000000000006,-1.354444980621338,125.66370391845703,0.86266847657143,52.81135168369394,-1.3704620825866303
0.08000000000000006,-1.3260886669158936,125.66370391845703,0.8874727657184083,56.16412077344742,-1.431024623971423
0.08100000000000006,-1.2943042516708374,125.66370391845703,0.9133923416348055,57.27366273928919,-1.485549740424002
0.08200000000000006,-1.264778971672058,125.66370391845703,0.9365679232751364,59.47120967967993,-1.3946131349590845
0.08300000000000006,-1.2364641427993774,125.66370391845703,0.9574122509263985,60.76315613310542,-1.3335483613213257
0.08400000000000006,-1.2083666324615479,125.66370391845703,0.974025814690878,60.790734919189475,-1.2980713628923315
0.08500000000000006,-1.1726059913635254,125.66370391845703,0.9867719384847671,66.59074253484964,-1.4394522296429035
0.08600000000000006,-1.129717230796814,125.66370391845703,1.011301832410102,65.22594071147081,-1.5479555129426932
0.08700000000000006,-1.0881291627883911,125.66370391845703,1.0182781248712225,65.56310297092281,-1.4627783946576332
0.08800000000000006,-1.0468213558197021,125.66370391845703,1.0243031298387673,65.78807534997647,-1.4014825796934478
0.08900000000000007,-1.0048314332962036,125.66370391845703,1.029344869496783,66.01510909963808,-1.3590739811100987
0.09000000000000007,-0.9613583087921143,125.66370391845703,1.0337365260464466,66.35559063194427,-1.328890395060897
0.09100000000000007,-0.9157416224479675,125.66370391845703,1.0379730943777412,66.88262525674739,-1.3051879774354642
0.09200000000000007,-0.8674418330192566,125.66370391845703,1.042534522374888,67.64235736568031,-1.2829908980078804
0.09300000000000007,-0.8160219192504883,125.66370391845703,1.0478168250857889,68.6624548773431,-1.2579543650198215
0.09400000000000007,-0.7611314654350281,125.66370391845703,1.0541154728794306,69.95823269405976,-1.2262621052509615
0.09500000000000007,-0.7024924755096436,125.66370391845703,1.0616322454984972,71.53699398795095,-1.184546972605607
0.09600000000000007,-0.6398874521255493,125.66370391845703,1.0704910136796433,73.40104791239284,-1.1298282389897019
0.09700000000000007,-0.573148787021637,125.66370391845703,1.0807553182495806,75.54975913471549,-1.059459300769123
0.09800000000000007,-0.5021500587463379,125.66370391845703,1.09244448117825,77.98089940790796,-0.9710837654529477
0.09900000000000007,-0.426798015832901,125.66370391845703,1.1055469916159533,80.69150338566338,-0.862595868827099
0.10000000000000007,-0.3470265865325928,125.66370391845703,1.1200309287329873,83.678377874379,-0.7321065958703618
0.10100000000000008,-0.26279106736183167,125.66370391845703,1.1358516666399356,86.93837316077092,-0.5779113792736106
0.10200000000000008,-0.17406359314918518,125.66370391845703,1.1529573003329414,90.46849449875681,-0.39846107923140034
0.10300000000000008,-0.08082921802997589,125.66370391845703,1.171292272052926,94.26590912344705,-0.1923347695499176
0.10400000000000008,0.01691746897995472,125.66370391845703,1.1907996420522622,98.32788747906218,0.04178597708008433
0.10500000000000008,0.11917512118816376,125.66370391845703,1.211422380337457,99.3885629400028,0.3051411576006594
0.10600000000000008,0.21872223913669586,125.66370391845703,1.2279612924301737,100.1146013898879,0.548222383176721
0.10700000000000008,0.3166787326335907,125.66370391845703,1.2402483803386617,100.05625546312544,0.7837495153227214
0.10800000000000008,0.41413116455078125,125.66370391845703,1.247847388277294,99.57865596812496,1.0208568385800347
0.10900000000000008,0.512019157409668,125.66370391845703,1.2514790153541198,98.94742305964222,1.2667366767361992
0.11000000000000008,0.6111379265785217,125.66370391845703,1.2521833927607848,98.3449696244274,1.527142750154964
0.11100000000000008,0.7121469378471375,125.66370391845703,1.2509887862532088,97.89436370000945,1.8066420011776532
0.11200000000000009,0.8155826330184937,125.66370391845703,1.2487857157972613,97.67682017095024,2.108827513806684
0.11300000000000009,0.9218716025352478,125.66370391845703,1.2462944409111902,97.74456582766322,2.436491494831155
0.11400000000000009,1.0313446521759033,125.66370391845703,1.2440731499817592,98.13016126146319,2.791766792371974
0.11500000000000009,1.1442499160766602,125.66370391845703,1.2425415541426723,98.85314801689432,3.176240420919709
0.11600000000000009,1.260765790939331,125.66370391845703,1.2420079631598722,99.92470570682633,3.591048484365038
0.11700000000000009,1.3810114860534668,125.66370391845703,1.2426945248902612,101.35084786969517,4.036952262944788
0.11800000000000009,1.5050580501556396,125.66370391845703,1.2447585757224136,103.13455823722842,4.514407671123647
0.11900000000000009,1.632936954498291,125.66370391845703,1.2483096416414814,105.27716834617895,5.023622924482471
0.12000000000000009,1.7646479606628418,125.66370391845703,1.2534223701588154,107.77919923359343,5.56461109924753
0.1210000000000001,1.9001662731170654,125.66370391845703,1.2601459773321675,110.6408302341534,6.137238931955146
0.1220000000000001,2.0394480228424072,125.66370391845703,1.2685108758796084,113.86211289505192,6.741269472523456
0.1230000000000001,2.182435989379883,125.66370391845703,1.27853312293506,117.44301450880239,7.37640488125233
0.1240000000000001,2.3290634155273438,125.66370391845703,1.2902172495414748,121.38335107498106,8.042322517458604
0.12500000000000008,2.4792582988739014,125.66370391845703,1.3035579405791402,125.68265150522011,8.738711969833352
0.12600000000000008,2.632946252822876,125.66370391845703,1.3185409401331392,130.33998190756054,9.46530650669397
0.12700000000000009,2.790053129196167,125.66370391845703,1.335143471463749,130.25557441867542,10.22191260208069
0.12800000000000009,2.944110870361328,125.66370391845703,1.3435735476342494,129.22314985230247,10.607894277323988
0.1290000000000001,3.0957398414611816,125.66370391845703,1.3469817005683016,127.63886174523766,11.005000611847501
0.1300000000000001,3.2456557750701904,125.66370391845703,1.3456842272138767,125.8951086915573,11.427912582434232
0.1310000000000001,3.394533634185791,125.66370391845703,1.3407932679239154,124.26380192382287,11.882848324636303
0.1320000000000001,3.5429792404174805,125.66370391845703,1.3335821810228652,122.92666624302048,12.37311833314882
0.1330000000000001,3.691516160964966,125.66370391845703,1.3252342501090544,122.00228207174871,12.899934303788335
0.1340000000000001,3.8405847549438477,125.66370391845703,1.316754809240712,121.56553462304478,13.463037374579521
0.1350000000000001,3.9905433654785156,125.66370391845703,1.3089563773760826,121.66165981761858,14.061185060421872
0.1360000000000001,4.141677379608154,125.66370391845703,1.3024743426726584,122.31621630326153,14.692540977885969
0.1370000000000001,4.294205188751221,125.66370391845703,1.29779295874131,123.54202664023147,15.354953773225574
0.1380000000000001,4.448291778564453,125.66370391845703,1.295272332768997,125.34389600935015,16.046186007469387
0.1390000000000001,4.604053974151611,125.66370391845703,1.295172484788804,127.72172396778986,16.764055675442773
0.1400000000000001,4.761571407318115,125.66370391845703,1.2976732113934077,130.6724710990048,17.50655569820419
0.1410000000000001,4.920895099639893,125.66370391845703,1.3028897523218803,134.19132267078976,18.27193465519885
0.1420000000000001,5.0820536613464355,125.66370391845703,1.31088481021941,138.27229974369354,19.05874728903122
0.1430000000000001,5.245059490203857,125.66370391845703,1.3216776566954254,142.90849897772705,19.86588988704702
0.1440000000000001,5.409915447235107,125.66370391845703,1.3352510520653356,148.09209079609394,20.692627191067647
0.1450000000000001,5.576620101928711,125.66370391845703,1.3515566098811522,153.8141675298751,21.538607015767234
0.1460000000000001,5.745169639587402,125.66370391845703,1.3705191057690405,152.79940210201434,22.403857131233018
0.1470000000000001,5.911078929901123,125.66370391845703,1.3766633506965704,151.235757755427,22.7411151724425
0.1480000000000001,6.074371337890625,125.66370391845703,1.3777218944740799,149.27445274850348,23.05382909087824
0.1490000000000001,6.235320091247559,125.66370391845703,1.3744977092596053,147.34528471308033,23.37485360996916
0.1500000000000001,6.394301414489746,125.66370391845703,1.3683906815889328,145.74670197544367,23.721653983507
0.1510000000000001,6.551728248596191,125.66370391845703,1.3608770499724192,144.67504480893194,24.10453017145281
0.1520000000000001,6.70801305770874,125.66370391845703,1.3532857969002503,144.25522920525117,24.528832330292982
0.1530000000000001,6.863543510437012,125.66370391845703,1.3467234049877117,144.56277170379687,24.996591654174487
0.1540000000000001,7.018672466278076,125.66370391845703,1.3420645750867943,145.63956621219256,25.507749669479537
0.1550000000000001,7.173711776733398,125.66370391845703,1.3399703368076317,147.50498710166804,26.061046355562684
0.1560000000000001,7.328935146331787,125.66370391845703,1.3409154808542156,150.16354256723758,26.654668694130972
0.1570000000000001,7.4845805168151855,125.66370391845703,1.3452172044655255,153.610018441113,27.286692286508607
0.1580000000000001,7.640854835510254,125.66370391845703,1.353061669610601,157.832823308622,27.9553800683617
0.1590000000000001,7.797939777374268,125.66370391845703,1.3645274234827112,162.81606508053417,28.65937458309949
0.16000000000000011,7.955995559692383,125.66370391845703,1.3796056079060763,168.5407495525222,29.397805051908577
0.16100000000000012,8.115168571472168,125.66370391845703,1.3982172415682883,174.9853852539958,30.170353951175063
0.16200000000000012,8.275593757629395,125.66370391845703,1.4202279342567097,176.3162476415901,30.97726721695306
0.16300000000000012,8.434636116027832,125.66370391845703,1.4339806182346309,175.50466528200815,31.34237075784038
0.16400000000000012,8.591878890991211,125.66370391845703,1.4408435479424013,174.01317020991797,31.620897221097895
0.16500000000000012,8.747282028198242,125.66370391845703,1.4422114987566181,172.40438218389536,31.87419122918852
0.16600000000000012,8.901020050048828,125.66370391845703,1.4399520056840274,171.06240243776628,32.14140574313583
0.16700000000000012,9.053394317626953,125.66370391845703,1.4358643927025898,170.24475009943882,32.44788113325583
0.16800000000000012,9.204766273498535,125.66370391845703,1.4315008797919246,170.1193566591169,32.80926167356294
0.16900000000000012,9.355521202087402,125.66370391845703,1.4281201176045326,170.79115653821805,33.23456577796614
0.17000000000000012,9.50604248046875,125.66370391845703,1.4266962529095184,172.32124617831116,33.72842979075505
0.17100000000000012,9.656700134277344,125.66370391845703,1.427949275494925,174.74047897467898,34.29274517001486
0.17200000000000013,9.807842254638672,125.66370391845703,1.4323812077896663,178.05894345658396,34.92781014503965
0.17300000000000013,9.959789276123047,125.66370391845703,1.4403115475935684,182.27243573137082,35.63312222616181
0.17400000000000013,10.112841606140137,125.66370391845703,1.4519094799598948,187.36676697550746,36.40794671039145
0.17500000000000013,10.267277717590332,125.66370391845703,1.4672221917228976,193.3205344020247,37.251654582659334
0.17600000000000013,10.423354148864746,125.66370391845703,1.4861993498715875,200.10682013806695,38.163926276688876
0.17700000000000013,10.581315040588379,125.66370391845703,1.5087140398978653,207.69415756302868,39.144891186942296
0.17800000000000013,10.741388320922852,125.66370391845703,1.534580498276209,207.78787759993526,40.19515035841682
0.17900000000000013,10.899744033813477,125.66370391845703,1.547703483116654,206.53916319394702,40.41725610335822
0.18000000000000013,11.056248664855957,125.66370391845703,1.553880972760023,204.65186176500399,40.592668219513556
0.18100000000000013,11.211133003234863,125.66370391845703,1.5547468046115183,202.72866414669292,40.801999991857464
0.18200000000000013,11.364810943603516,125.66370391845703,1.5522379042045733,201.1843401533148,41.09156152625044
0.18300000000000013,11.517797470092773,125.66370391845703,1.5481654125303623,200.2938697792624,41.48949142862007
0.18400000000000014,11.670642852783203,125.66370391845703,1.5440644417889045,200.23322068855802,42.011518993060506
0.18500000000000014,11.823901176452637,125.66370391845703,1.5411610952909596,201.1086691292822,42.6651298002443
0.18600000000000014,11.978105545043945,125.66370391845703,1.5403884293223846,202.97785432114824,43.452535582393
0.18700000000000014,12.133756637573242,125.66370391845703,1.5424206559576723,205.86466775492346,44.372780375760634
0.18800000000000014,12.2913179397583,125.66370391845703,1.547711737656611,209.76959892707248,45.42319563060056
0.18900000000000014,12.451214790344238,125.66370391845703,1.5565324781800105,214.67677656606915,46.60037538310642
0.19000000000000014,12.613834381103516,125.66370391845703,1.5690039110794751,220.55863956333354,47.90079832522057
0.19100000000000014,12.77953052520752,125.66370391845703,1.5851264290229974,227.3789336724267,49.32121397243962
0.19200000000000014,12.948623657226562,125.66370391845703,1.6048047634241738,235.09454697258587,50.858833078100055
0.19300000000000014,13.121407508850098,125.66370391845703,1.62786914961883,234.7289467220949,52.511421019302915
0.19400000000000014,13.291702270507812,125.66370391845703,1.6378848990661508,232.0250432146641,52.53648787548883
0.19500000000000015,13.459837913513184,125.66370391845703,1.6400839723805252,228.75333229221633,52.62534103982739
0.19600000000000015,13.626447677612305,125.66370391845703,1.6364399880038845,225.5788384072943,52.86645884417787
0.19700000000000015,13.79227352142334,125.66370391845703,1.629112434690204,222.9463861669444,53.29909985790204
0.19800000000000015,13.958088874816895,125.66370391845703,1.6200674126130565,221.14848813963468,53.94268533869785
0.19900000000000015,14.124654769897461,125.66370391845703,1.6109593244389513,220.36980755986056,54.80371536558942
0.20000000000000015,14.292686462402344,125.66370391845703,1.6031131126270588,220.71890571609754,55.88050014208729
0.20100000000000015,14.462843894958496,125.66370391845703,1.5975466171891464,222.25096665555864,57.166514421416686
0.20200000000000015,14.635723114013672,125.66370391845703,1.5950065614072737,224.98381671143324,58.65267339547228
0.20300000000000015,14.811858177185059,125.66370391845703,1.5960066667771744,228.9090180569114,60.3288605708926
0.20400000000000015,14.991718292236328,125.66370391845703,1.6008634098153314,233.99939140270422,62.184868795298925
0.20500000000000015,15.175718307495117,125.66370391845703,1.6097280950462796,240.21398704199026,64.2109930955106
0.20600000000000016,15.364218711853027,125.66370391845703,1.6226152027154108,247.50126224569863,66.3983012613108
0.20700000000000016,15.557533264160156,125.66370391845703,1.6394273643763357,247.61708680802383,68.73874459049338
0.20800000000000016,15.747629165649414,125.66370391845703,1.645252173450453,243.20475586152165,68.57220425906067
0.20900000000000016,15.935049057006836,125.66370391845703,1.6420363924035355,238.35102824314998,68.54292256888735
0.21000000000000016,16.120622634887695,125.66370391845703,1.6322244616831234,233.80794575586663,68.75296583859809
0.21100000000000016,16.30525016784668,125.66370391845703,1.6183757229451006,230.05947089307045,69.23905296267584
0.21200000000000016,16.48983383178711,125.66370391845703,1.6027851941630942,227.42283273768538,70.01529572363657
0.21300000000000016,16.675230026245117,125.66370391845703,1.5873895304493861,226.0967794075703,71.08141524284385
0.21400000000000016,16.862234115600586,125.66370391845703,1.573759428912772,226.19576807060508,72.42833219428695
0.21500000000000016,17.051563262939453,125.66370391845703,1.5631236428404398,227.77440816892974,74.0419929106903
0.21600000000000016,17.243854522705078,125.66370391845703,1.5564021369639611,230.84467545063433,75.90597467241903
0.21700000000000016,17.43966293334961,125.66370391845703,1.5542397651533575,235.38782385015273,78.00315840560968
0.21800000000000017,17.63947296142578,125.66370391845703,1.55703812988743,241.36246178317515,80.31679380007002
0.21900000000000017,17.843698501586914,125.66370391845703,1.5649857923250172,248.7098958931387,82.83104586132363
0.22000000000000017,18.052692413330078,125.66370391845703,1.5780875933792362,249.5864920877753,85.53126030159258
0.22100000000000017,18.25823974609375,125.66370391845703,1.5812719925028382,244.45479362559547,85.25623632639858
0.22200000000000017,18.4606876373291,125.66370391845703,1.574754694532414,239.05458042977972,85.06633199812161
0.22300000000000017,18.660734176635742,125.66370391845703,1.561485917039788,234.22622810714367,85.10005942708182
0.22400000000000017,18.85919189453125,125.66370391845703,1.544483509247386,230.50199334683845,85.41599690098883
0.22500000000000017,19.056921005249023,125.66370391845703,1.5264441724499094,228.22954365378192,86.04229118153448
0.22600000000000017,19.2547607421875,125.66370391845703,1.5096527811789078,227.6240990686304,86.98713129988909
0.22700000000000017,19.453502655029297,125.66370391845703,1.4959693927719864,228.8053441344202,88.2459839434636
0.22800000000000017,19.653881072998047,125.66370391845703,1.486842737070768,231.82385639413312,89.80667504955528
0.22900000000000018,19.856550216674805,125.66370391845703,1.4833319584715476,236.6797652321864,91.65276987203373
0.23000000000000018,20.06209945678711,125.66370391845703,1.486132113708035,243.33571884428636,93.76592952978403
0.23100000000000018,20.271038055419922,125.66370391845703,1.495604341836658,251.72574219110078,96.12726528791588
0.23200000000000018,20.48381233215332,125.66370391845703,1.511812469104625,253.30929755213884,98.71822927800972
0.23300000000000018,20.69371223449707,125.66370391845703,1.5169254677997095,249.03474759844815,98.55038655517473
0.23400000000000018,20.90060043334961,125.66370391845703,1.5124994804141256,244.5627562322962,98.28644131331647
0.23500000000000018,21.104808807373047,125.66370391845703,1.5018963548803415,240.81732883561426,98.1267514738032
0.23600000000000018,21.306913375854492,125.66370391845703,1.4884885617176589,238.39236363555653,98.18066239127488
0.23700000000000018,21.507617950439453,125.66370391845703,1.4752694207020172,237.67471882054392,98.51318157355772
0.23800000000000018,21.707674026489258,125.66370391845703,1.4647446169678082,238.90062472013105,99.158885737226
0.23900000000000018,21.907840728759766,125.66370391845703,1.4589016963993082,242.1959528842425,100.13178871508717
0.24000000000000019,22.10884666442871,125.66370391845703,1.4592103539363808,247.6052106552087,101.43230697745908
0.2410000000000002,22.311376571655273,125.66370391845703,1.466640069475731,255.1121723748335,103.05218108729885
0.2420000000000002,22.51605796813965,125.66370391845703,1.4816939125153874,264.65438346532346,104.97780814418418
0.2430000000000002,22.723461151123047,125.66370391845703,1.5044594669077964,267.5973746351565,107.19247657384628
0.2440000000000002,22.929176330566406,125.66370391845703,1.5166526072513475,265.06496037746973,107.40009270885254
0.2450000000000002,23.13251495361328,125.66370391845703,1.519028090881805,262.0624519514098,107.26506109436991
0.2460000000000002,23.33340072631836,125.66370391845703,1.5152152202318567,259.63722294145884,107.06308500172463
0.2470000000000002,23.532129287719727,125.66370391845703,1.508797458605,258.4822931510937,106.97074481689182
0.2480000000000002,23.729225158691406,125.66370391845703,1.5029039025534123,259.0546038835869,107.10297950963485
0.2490000000000002,23.925342559814453,125.66370391845703,1.500098735449128,261.6369075827763,107.53093500919128
0.25000000000000017,24.121192932128906,125.66370391845703,1.502352930998882,266.3824859498281,108.29488328268889
0.25100000000000017,24.3175106048584,125.66370391845703,1.5110528060675845,273.3476498175373,109.41363493991363
0.25200000000000017,24.515003204345703,125.66370391845703,1.527032651452496,282.51514049723244,110.89114003628832
0.25300000000000017,24.714353561401367,125.66370391845703,1.5506285910352224,293.8108426253411,112.7212839775419
0.25400000000000017,24.916183471679688,125.66370391845703,1.5817509673057282,295.9215047935059,114.89100985589955
0.25500000000000017,25.116689682006836,125.66370391845703,1.5974716065507155,294.1655351795827,115.16172586445452
0.25600000000000017,25.31509017944336,125.66370391845703,1.6037098530629827,291.8252851681027,115.01769548303602
0.2570000000000002,25.511266708374023,125.66370391845703,1.604076912469214,290.0034274443446,114.78601216743296
0.2580000000000002,25.705514907836914,125.66370391845703,1.6020402385286894,289.44461824460126,114.68098945726126
0.2590000000000002,25.898391723632812,125.66370391845703,1.600586255854628,290.6372175078911,114.84320553924486
0.2600000000000002,26.09060287475586,125.66370391845703,1.6021182779039493,293.8790322871185,115.36035386477383
0.2610000000000002,26.282926559448242,125.66370391845703,1.6084389745492909,299.3252191299282,116.28242082428444
0.2620000000000002,26.476163864135742,125.66370391845703,1.620772369739275,307.02326769752574,117.63270367649936
0.2630000000000002,26.671096801757812,125.66370391845703,1.6398099439082374,316.9383626057692,119.41567241196051
0.2640000000000002,26.868467330932617,125.66370391845703,1.6657747281882287,321.3392848408319,121.62255594153855
0.2650000000000002,27.064735412597656,125.66370391845703,1.6848496190287927,318.875894017143,121.92610271380585
0.2660000000000002,27.25912094116211,125.66370391845703,1.6917809221590345,315.262870879206,121.78883807290579
0.2670000000000002,27.451534271240234,125.66370391845703,1.6905195111242048,311.8144738845296,121.57786683545923
0.2680000000000002,27.642318725585938,125.66370391845703,1.6848991114584568,309.4148478768531,121.53584792358375
0.2690000000000002,27.83209800720215,125.66370391845703,1.6782135040668802,308.6601099274258,121.8226266321973
0.2700000000000002,28.021650314331055,125.66370391845703,1.673154860689503,309.9304657410702,122.53815080262692
0.2710000000000002,28.211833953857422,125.66370391845703,1.6718170704390678,313.4427455146665,123.73925318346613
0.2720000000000002,28.40353012084961,125.66370391845703,1.675722229481507,319.2890209338468,125.45183825179235
0.2730000000000002,28.597599029541016,125.66370391845703,1.6858590733350138,327.4648282775724,127.67964098007302
0.2740000000000002,28.794858932495117,125.66370391845703,1.7027320651897528,337.8897337772778,130.41049381248558
0.2750000000000002,28.996057510375977,125.66370391845703,1.7264215104303247,339.07869059968556,133.6206436334419
0.2760000000000002,29.194826126098633,125.66370391845703,1.7362492642419491,333.7403813949247,133.13140380299083
0.2770000000000002,29.391006469726562,125.66370391845703,1.7344991251615927,327.85178561241975,132.51847070910486
0.2780000000000002,29.585044860839844,125.66370391845703,1.725266824329159,322.69934739652723,132.13950320581773
0.2790000000000002,29.77771759033203,125.66370391845703,1.712418924374783,319.1274376709034,132.20125919866754
0.2800000000000002,29.96999168395996,125.66370391845703,1.6992819469790557,317.6865029427563,132.82938049246468
0.2810000000000002,30.16291618347168,125.66370391845703,1.6885796014597712,318.70607216765967,134.09169589347155
0.2820000000000002,30.357563018798828,125.66370391845703,1.6824260350839615,322.3478028931865,136.0148795073391
0.2830000000000002,30.554960250854492,125.66370391845703,1.6823403895402698,328.64447819235204,138.59632000329213
0.2840000000000002,30.75608253479004,125.66370391845703,1.6892753458429273,337.52859551674334,141.8127237116696
0.2850000000000002,30.96180534362793,125.66370391845703,1.7036610299276234,338.34445988690857,145.62595878412182
0.2860000000000002,31.164213180541992,125.66370391845703,1.706236637532098,330.5518848034702,144.5275183284538
0.2870000000000002,31.36347198486328,125.66370391845703,1.6966029203146933,322.6101921738912,143.49108100276183
0.2880000000000002,31.56032371520996,125.66370391845703,1.6792852583747524,315.89128012501294,142.8872644702348
0.2890000000000002,31.755800247192383,125.66370391845703,1.6585881055221012,311.270054895313,142.9137488484077
0.2900000000000002,31.951082229614258,125.66370391845703,1.6382542161648181,309.3071485510165,143.6835364020406
0.2910000000000002,32.147403717041016,125.66370391845703,1.6213917140490401,310.3253797661295,145.24949214357235
0.2920000000000002,32.34598159790039,125.66370391845703,1.6104440442019283,314.4652219322758,147.62162180835494
0.2930000000000002,32.547969818115234,125.66370391845703,1.6071751761887736,321.72577628642654,150.7794922547107
0.2940000000000002,32.75442886352539,125.66370391845703,1.6126720462650233,331.99504872746684,154.68105092102496
0.2950000000000002,32.96630859375,125.66370391845703,1.6273745616645907,331.26281384615135,159.268808528544
0.2960000000000002,33.17428207397461,125.66370391845703,1.6234491612550623,322.9460326241577,157.70327978746715
0.2970000000000002,33.378761291503906,125.66370391845703,1.6091310696856063,315.3450282662004,156.35591674505417
0.2980000000000002,33.58070755004883,125.66370391845703,1.5893171293406352,309.77869056396247,155.61809662005157
0.2990000000000002,33.781349182128906,125.66370391845703,1.5685820332577232,307.0610245391485,155.68321513570962
0.3000000000000002,33.98203659057617,125.66370391845703,1.550893946994717,307.67979196845295,156.65363167450823
0.3010000000000002,34.18413162231445,125.66370391845703,1.5394804331614418,311.8743601581134,158.56702703782764
0.3020000000000002,34.38896560668945,125.66370391845703,1.536743222699908,319.69251811264,161.41502905695228
0.3030000000000002,34.59776306152344,125.66370391845703,1.5442113267013573,331.0327422165598,165.1563598119092
0.3040000000000002,34.8116340637207,125.66370391845703,1.5625478356151472,331.0687756981137,169.726379716658
0.3050000000000002,35.02198028564453,125.66370391845703,1.5606193349185518,324.1126478755769,168.30143694421147
0.3060000000000002,35.22899627685547,125.66370391845703,1.5492729737921371,318.09440890723863,166.9675054253574
0.3070000000000002,35.43351364135742,125.66370391845703,1.5337490828251434,314.39585279401354,166.18440180171032
0.3080000000000002,35.63669204711914,125.66370391845703,1.5189039312843335,313.86965227705264,166.1980850284607
0.3090000000000002,35.83984375,125.66370391845703,1.5088918867402294,317.01401930030914,167.14615134213315
0.3100000000000002,36.044342041015625,125.66370391845703,1.5069767730201904,324.0548972212271,169.0880215608148
0.3110000000000002,36.251529693603516,125.66370391845703,1.5154150716751227,335.0065820952375,172.02629858285297
0.3120000000000002,36.4626579284668,125.66370391845703,1.535413930872869,338.47454087008475,175.92228159696447
0.3130000000000002,36.67163848876953,125.66370391845703,1.5430235436092528,333.7010357255274,175.37033470610245
0.3140000000000002,36.87801742553711,125.66370391845703,1.5395506793338811,329.1475674561007,174.4606676307224
0.3150000000000002,37.08214569091797,125.66370391845703,1.5306138595026473,326.4523941306088,173.77242464742494
0.3160000000000002,37.28483200073242,125.66370391845703,1.5214886043758444,326.66812363546245,173.6666600714501
0.3170000000000002,37.48717498779297,125.66370391845703,1.5166643649191973,330.44642568750936,174.36962434493975
0.3180000000000002,37.69041061401367,125.66370391845703,1.5196579039094182,338.12701742842364,176.00744554583375
0.31900000000000023,37.89582061767578,125.66370391845703,1.5328997069180528,349.80400792020015,178.63162100958124
0.32000000000000023,38.10464859008789,125.66370391845703,1.5576983849467922,355.99193881675427,182.2377677336833
0.32100000000000023,38.31260681152344,125.66370391845703,1.5746924394298978,353.2935123137766,182.58841473429413
0.32200000000000023,38.51873779296875,125.66370391845703,1.5789683270229002,350.0485046471433,182.18186286698383
0.32300000000000023,38.72298049926758,125.66370391845703,1.5763517214818767,348.10773002307695,181.702217751566
0.32400000000000023,38.92585754394531,125.66370391845703,1.5723009694854129,348.69854660054875,181.61073237077377
0.32500000000000023,39.12826919555664,125.66370391845703,1.5714241378242126,352.6100603631313,182.21152106272513
0.32600000000000023,39.33133316040039,125.66370391845703,1.5773284892219268,360.2865481865178,183.6898128326401
0.32700000000000023,39.53626251220703,125.66370391845703,1.592535577562682,371.897829561481,186.14047390997553
0.32800000000000024,39.74427795410156,125.66370391845703,1.618462690833753,387.39326906282014,189.58936015033186
0.32900000000000024,39.95652770996094,125.66370391845703,1.6554881878484993,390.2542299197142,194.00920484318564
0.33000000000000024,40.167388916015625,125.66370391845703,1.6709303946616778,387.4286595401322,193.93533222594402
0.33100000000000024,40.376182556152344,125.66370391845703,1.6756627834929856,384.50471219314437,193.29576018706882
0.33200000000000024,40.58310317993164,125.66370391845703,1.675161238902587,383.21880464732664,192.78694359590605
0.33300000000000024,40.788883209228516,125.66370391845703,1.6743312341098389,384.70897978889315,192.85460152848128
0.33400000000000024,40.99458312988281,125.66370391845703,1.6772191486959735,389.668484451834,193.78087127501834
0.33500000000000024,41.20143127441406,125.66370391845703,1.686875643817474,398.4400278867524,195.72426034060345
0.33600000000000024,41.41070556640625,125.66370391845703,1.705303105443612,411.08750731917866,198.74923862484243
0.33700000000000024,41.62364959716797,125.66370391845703,1.7334779020558482,412.8923767783716,202.8483976278214
0.33800000000000024,41.8343505859375,125.66370391845703,1.7446796485437062,407.02152354481007,202.0158377122614
0.33900000000000025,42.04227828979492,125.66370391845703,1.7432427925287075,400.8077932845741,200.7117890857637
0.34000000000000025,42.24778747558594,125.66370391845703,1.7348158698176408,396.1787668968239,199.67223396233376
0.34100000000000025,42.45177459716797,125.66370391845703,1.7245946516408137,394.3989924913809,199.36335067469375
0.34200000000000025,42.65545654296875,125.66370391845703,1.7169682638975643,396.25462006893775,200.07778691473115
0.34300000000000025,42.86020278930664,125.66370391845703,1.7153864524666222,402.15250956072737,201.97627286789213
0.34400000000000025,43.06744384765625,125.66370391845703,1.7222857655585222,412.19573690359516,205.11861088064782
0.34500000000000025,43.278541564941406,125.66370391845703,1.7390700035395101,413.72582366816783,209.4866767955462
0.34600000000000025,43.4865608215332,125.66370391845703,1.7433586972438888,404.70226655847495,207.8351208643419
0.34700000000000025,43.69125747680664,125.66370391845703,1.7336219959575785,395.60230408798645,205.93630839346
0.34800000000000025,43.89326858520508,125.66370391845703,1.7160040232308653,388.49868690619445,204.54812954759785
0.34900000000000025,44.093727111816406,125.66370391845703,1.6962382582087159,384.72796801280947,204.13538643456653
0.35000000000000026,44.294071197509766,125.66370391845703,1.6792427950006183,385.11734798520604,204.982896179425
0.35100000000000026,44.495872497558594,125.66370391845703,1.668975947392862,390.08712954258687,207.23771678814137
0.35200000000000026,44.70072555541992,125.66370391845703,1.6683221807467108,399.7290645736949,210.94055864003758
0.35300000000000026,44.9101448059082,125.66370391845703,1.679020395409828,401.0756042435494,216.04950013330128
0.35400000000000026,45.116031646728516,125.66370391845703,1.6768983661842694,390.75863180995054,213.875836794481
0.35500000000000026,45.318443298339844,125.66370391845703,1.6612466966734305,381.14582015305353,211.7090839218812
0.35600000000000026,45.518287658691406,125.66370391845703,1.6387890226794144,374.3400566689601,210.32792215885627
0.35700000000000026,45.71695327758789,125.66370391845703,1.6157973976574835,371.65583700845997,210.1892027473291
0.35800000000000026,45.91608810424805,125.66370391845703,1.5976579093777534,373.8694325770317,211.5603137952302
0.35900000000000026,46.11745071411133,125.66370391845703,1.5886574989611617,381.3247956196542,214.56310158435278
0.36000000000000026,46.32277297973633,125.66370391845703,1.5917962849243772,394.0153517357508,219.20644725677423
0.36100000000000027,46.533660888671875,125.66370391845703,1.6086714342185606,394.6931513180139,225.4112139674998
0.36200000000000027,46.74102020263672,125.66370391845703,1.60418051819984,385.700996029183,223.13628054649664
0.36300000000000027,46.94514846801758,125.66370391845703,1.5891674389521435,378.4581467300761,221.10248377819326
0.36400000000000027,47.14718246459961,125.66370391845703,1.5706938327851039,374.93634346722,220.10398937848856
0.36500000000000027,47.34870147705078,125.66370391845703,1.5551440676952968,376.31108223472324,220.5806418581319
0.36600000000000027,47.551509857177734,125.66370391845703,1.5478130117257307,383.19957393915394,222.77048018053964
0.36700000000000027,47.75745391845703,125.66370391845703,1.5525950442169179,395.77031627862533,226.75648825752435
0.36800000000000027,47.968318939208984,125.66370391845703,1.571772184327088,398.2354137516483,232.50164387924607
0.36900000000000027,48.17631912231445,125.66370391845703,1.5726823002553556,390.96930613766597,230.7736134513995
0.3700000000000003,48.38143539428711,125.66370391845703,1.5628041654913658,385.1757420088972,228.98949143155534
0.3710000000000003,48.58457565307617,125.66370391845703,1.549513528475917,383.01436339882724,228.05509302512024
0.3720000000000003,48.78718185424805,125.66370391845703,1.539512708355007,385.80188228891956,228.50895516520373
0.3730000000000003,48.99098587036133,125.66370391845703,1.538312620510487,394.24917279119893,230.66045049250656
0.3740000000000003,49.197818756103516,125.66370391845703,1.5498816245764286,408.57643203081955,234.64085775529986
0.3750000000000003,49.40947723388672,125.66370391845703,1.5764255493620862,412.6443490919798,240.44211538765157
0.3760000000000003,49.61917495727539,125.66370391845703,1.5844503505365648,407.6458157855154,239.54113225592744
0.3770000000000003,49.826560974121094,125.66370391845703,1.5816089832093176,403.72881928082944,238.26180178309195
0.3780000000000003,50.032283782958984,125.66370391845703,1.5753219153325502,403.1765985235949,237.609067542188
0.3790000000000003,50.23760986328125,125.66370391845703,1.5722441279879522,407.4081180766564,238.20917289251523
0.3800000000000003,50.44414520263672,125.66370391845703,1.5777494260529938,417.20133900558926,240.43559912785398
0.3810000000000003,50.653648376464844,125.66370391845703,1.5956065094895968,432.811373418318,244.46335355452803
0.3820000000000003,50.86785888671875,125.66370391845703,1.6278075764131947,436.95639583886356,250.31050538737676
0.3830000000000003,51.080413818359375,125.66370391845703,1.6397592894906496,432.6501035573751,249.69412380203556
0.3840000000000003,51.2907829284668,125.66370391845703,1.6403551289040132,429.0451003266903,248.50616831639354
0.3850000000000003,51.499488830566406,125.66370391845703,1.6369001122428224,428.53270017032764,247.8289771188219
0.3860000000000003,51.707706451416016,125.66370391845703,1.635898912552211,432.6194073321154,248.3504362484312
0.3870000000000003,51.91698455810547,125.66370391845703,1.642582878016825,442.1398631720599,250.4866147855296
0.3880000000000003,52.129051208496094,125.66370391845703,1.6606239001920942,457.3776898512802,254.43846519145254
0.3890000000000003,52.34561538696289,125.66370391845703,1.6919919874137845,460.19846536769046,260.2354831649774
0.3900000000000003,52.560062408447266,125.66370391845703,1.702180693636276,454.289119808084,259.0992466735491
0.3910000000000003,52.77190399169922,125.66370391845703,1.700198285876141,448.95796338231384,257.4236360150722
0.3920000000000003,52.98173141479492,125.66370391845703,1.6933520519351788,446.7022526280237,256.3399923151047
0.3930000000000003,53.1907958984375,125.66370391845703,1.6881731344875242,449.09764423050376,256.56306485080466
0.3940000000000003,53.400718688964844,125.66370391845703,1.6899664257342382,457.0172061134537,258.5217122107869
0.3950000000000003,53.61328887939453,125.66370391845703,1.7025340098960298,470.755223815625,262.4171572132482
0.3960000000000003,53.830284118652344,125.66370391845703,1.72802001992153,471.59559080507364,268.26823983042607
0.3970000000000003,54.04423141479492,125.66370391845703,1.7318644582085303,462.75948897601387,266.07218230977696
0.3980000000000003,54.25492477416992,125.66370391845703,1.723083280526017,454.86177577306256,263.6020519707242
0.3990000000000003,54.46320343017578,125.66370391845703,1.7092139445816144,450.47469716492856,262.01211933321963
0.4000000000000003,54.67053985595703,125.66370391845703,1.6970370751348614,451.1949693203383,262.010034793688
0.4010000000000003,54.85300064086914,125.66370391845703,1.6921193839855335,457.8835183325849,263.88230404215375
0.4020000000000003,55.03830337524414,125.66370391845703,1.6985080953379528,470.792788741314,267.9225770398851
0.4030000000000003,55.22838592529297,125.66370391845703,1.7187868483554696,469.9287927734365,274.15771305193255
0.4040000000000003,55.41465759277344,125.66370391845703,1.7154373267250296,458.94847705652035,270.8810040801374
0.4050000000000003,55.59733200073242,125.66370391845703,1.7004094912619698,449.85888252670327,267.79801284516117
0.4060000000000003,55.77763748168945,125.66370391845703,1.68159964201225,445.1973228555769,266.05119785257
0.4070000000000003,55.95737838745117,125.66370391845703,1.6660810536094364,446.47038924951266,266.2984609925396
0.4080000000000003,56.138633728027344,125.66370391845703,1.659621380323811,454.41673687235635,268.889431222796
0.4090000000000003,56.32355880737305,125.66370391845703,1.6663088125017018,456.28488998408557,273.9278800289095
0.4100000000000003,56.50483703613281,125.66370391845703,1.6630578683161064,444.13660601853866,270.7184179274352
0.4110000000000003,56.68241500854492,125.66370391845703,1.644897477710173,433.32118477313867,267.3944200561777
0.4120000000000003,56.85736083984375,125.66370391845703,1.6206172694062595,426.83604073271005,265.2524005303915
0.4130000000000003,57.031436920166016,125.66370391845703,1.5984750082432124,426.53545589324904,265.0961927545581
0.4140000000000003,57.206783294677734,125.66370391845703,1.5854737897904472,433.43197142046324,267.39089894671605
0.4150000000000003,57.38568115234375,125.66370391845703,1.5868788925315163,447.83420701268193,272.32701674238996
0.4160000000000003,57.570350646972656,125.66370391845703,1.6058067117860264,451.108131581409,279.87183812264203
0.4170000000000003,57.75220489501953,125.66370391845703,1.604282736760769,442.7235628035754,277.52780391613936
0.4180000000000003,57.931461334228516,125.66370391845703,1.5921381026442991,436.9412354154708,275.4100484534268
0.4190000000000003,58.10942840576172,125.66370391845703,1.5783794721233377,436.4389433436787,274.7755600410804
0.4200000000000003,58.28799819946289,125.66370391845703,1.570953263327947,442.7572560628418,276.3516239052457
0.4210000000000003,58.4693717956543,125.66370391845703,1.5760844658919213,456.5869040949762,280.517276074743
0.4220000000000003,58.65580368041992,125.66370391845703,1.597773050470492,461.310660809473,287.37038151773544
0.4230000000000003,58.84001541137695,125.66370391845703,1.6025363970823732,454.33205824225684,285.68271152360114
0.4240000000000003,59.02183151245117,125.66370391845703,1.5954363665696827,449.2628139105854,283.7646436092389
0.4250000000000003,59.202266693115234,125.66370391845703,1.5856665573375774,449.06604404972614,283.02450512177603
0.4260000000000003,59.383052825927734,125.66370391845703,1.581444961866847,455.51885024542736,284.33009273987085
0.4270000000000003,59.56629943847656,125.66370391845703,1.5892602138905036,469.4913885758809,288.1679413578848
0.4280000000000003,59.75424575805664,125.66370391845703,1.6133486651401228,475.93401513437334,294.7139854550791
0.4290000000000003,59.940650939941406,125.66370391845703,1.623954205138252,470.3002486099862,293.8172803977905
0.4300000000000003,60.12498092651367,125.66370391845703,1.6213615316883425,465.8381582452646,292.25213299093116
0.4310000000000003,60.30796813964844,125.66370391845703,1.6148379812892226,465.7400379785228,291.54889167988483
0.43200000000000033,60.49114990234375,125.66370391845703,1.6127161548375082,471.98184442757423,292.6941904722246
0.43300000000000033,60.676517486572266,125.66370391845703,1.62161652466845,485.5926812465608,296.2693709786823
0.43400000000000033,60.86623764038086,125.66370391845703,1.6459511758444618,493.0053261500402,302.52189356962583
0.43500000000000033,61.05473327636719,125.66370391845703,1.6598745976632312,487.52630503935274,301.99568205415034
0.43600000000000033,61.241207122802734,125.66370391845703,1.6589452385329095,482.5341300357467,300.46309106862475
0.43700000000000033,61.42618179321289,125.66370391845703,1.652510220487644,481.44942528908086,299.56084959169067
0.43800000000000033,61.61106491088867,125.66370391845703,1.6490569629416303,486.44203664660876,300.37654005429346
0.43900000000000033,61.79777526855469,125.66370391845703,1.6554256381492267,498.6975030800385,303.5723017938893
0.44000000000000034,61.98845672607422,125.66370391845703,1.6763333328369514,506.3194787586206,309.4561525569881
0.44100000000000034,62.17780685424805,125.66370391845703,1.6901347157642257,499.71146879874635,308.78041997447946
0.44200000000000034,62.364906311035156,125.66370391845703,1.6874650675064249,493.1656160116959,306.92588414692784
0.44300000000000034,62.550209045410156,125.66370391845703,1.6778703664221397,490.32533241846045,305.61932749390854
0.44400000000000034,62.7350959777832,125.66370391845703,1.670133174788105,493.5358811241298,306.0275743748568
0.44500000000000034,62.9214973449707,125.66370391845703,1.671456304442101,504.1182481741162,308.8738471194866
0.44600000000000034,63.111602783203125,125.66370391845703,1.686978574108306,522.5136572986577,314.5086120148197
0.44700000000000034,63.30759811401367,125.66370391845703,1.7194316202599438,526.1926323495851,322.9696689238917
0.44800000000000034,63.50129699707031,125.66370391845703,1.7259727532580131,518.9824234769709,321.0735455458064
0.44900000000000034,63.69256591796875,125.66370391845703,1.7209374771350794,513.8209117242162,318.9778570606717
0.45000000000000034,63.88250732421875,125.66370391845703,1.7134546457545197,513.8032633320566,318.2596462902795
0.45100000000000035,64.07293701171875,125.66370391845703,1.7113660571457165,520.7270516742537,319.8642848625063
0.45200000000000035,64.26604461669922,125.66370391845703,1.7206522537372064,535.3673518620448,324.29110166581864
0.45300000000000035,64.46406555175781,125.66370391845703,1.7450072557092258,535.6728313302796,331.6699962578859
0.45400000000000035,64.65851593017578,125.66370391845703,1.7440615056085775,524.4534545439249,328.06891456153846
0.45500000000000035,64.84944915771484,125.66370391845703,1.7307466845662172,515.6100995105454,324.5157445469549
0.45600000000000035,65.0382080078125,125.66370391845703,1.7144948397751019,512.4246577029907,322.6598387909929
0.45700000000000035,65.22685241699219,125.66370391845703,1.7036227012404934,516.7986098662448,323.4782555312529
0.45800000000000035,65.41780853271484,125.66370391845703,1.7046568892324077,529.5494265023974,327.4753852044507
0.45900000000000035,65.6135482788086,125.66370391845703,1.7218007304200647,528.8889740265928,334.76361305824986
0.46000000000000035,65.80512237548828,125.66370391845703,1.7147089854106896,515.8947640505993,330.28408072051684
0.46100000000000035,65.9928970336914,125.66370391845703,1.695847125674005,506.1212227832994,326.24486957979707
0.46200000000000035,66.17849731445312,125.66370391845703,1.6751680177104873,502.8827967483054,324.31529897404323
0.46300000000000036,66.36424255371094,125.66370391845703,1.6614818683159118,508.0394710834124,325.4556228584324
0.46400000000000036,66.55279541015625,125.66370391845703,1.6616707669536386,510.5839575507767,330.13257244673116
0.46500000000000036,66.73758697509766,125.66370391845703,1.656751279043993,496.4564533101497,326.069148473787
0.46600000000000036,66.91841888427734,125.66370391845703,1.6351454423873275,484.26193134318845,321.68368312194326
0.46700000000000036,67.09654998779297,125.66370391845703,1.6079676971427845,478.1012953409597,318.937765195011
0.46800000000000036,67.2741470336914,125.66370391845703,1.5857612087098876,480.49853418987357,319.0967003175697
0.46900000000000036,67.45390319824219,125.66370391845703,1.577357240062389,492.7383963915695,322.88643969630675
0.47000000000000036,67.63866424560547,125.66370391845703,1.5889835620704986,499.93023644831555,330.57419322433714
0.47100000000000036,67.8214111328125,125.66370391845703,1.5907693551284356,492.0212105191294,328.76669029148746
0.47200000000000036,68.0020523071289,125.66370391845703,1.579935971297523,487.0122763003309,326.80551188793663
0.47300000000000036,68.18189239501953,125.66370391845703,1.5678877824831392,488.6784402060299,326.6075026856972
0.47400000000000037,68.36309051513672,125.66370391845703,1.5647889020918904,499.2170574084762,329.3676951023144
0.47500000000000037,68.54826354980469,125.66370391845703,1.5783967834048542,519.5748752908978,335.7282097113246
0.47600000000000037,68.74009704589844,125.66370391845703,1.6132356652548179,527.932918588828,345.8615047064855
0.47700000000000037,68.93081665039062,125.66370391845703,1.6244389155024608,524.6340889141766,345.3205970913753
0.47800000000000037,69.12032318115234,125.66370391845703,1.6260106407243513,524.4601725551283,344.619524880476
0.47900000000000037,69.30987548828125,125.66370391845703,1.6285533421641987,530.8986220274129,345.6623949377851
0.48000000000000037,69.50154876708984,125.66370391845703,1.6408874375299896,545.8758622464411,349.5894026535124
0.48100000000000037,69.6977767944336,125.66370391845703,1.6691857972296154,553.4896675813736,356.9678812740698
0.4820000000000004,69.8927230834961,125.66370391845703,1.6835573234654988,547.765320683208,356.20025417428894
0.4830000000000004,70.0855712890625,125.66370391845703,1.6830101553903045,543.1246777321674,354.28207909545307
0.4840000000000004,70.27709197998047,125.66370391845703,1.6783686413938304,543.7902233567585,353.41588482691225
0.4850000000000004,70.46907043457031,125.66370391845703,1.6793233261512308,552.3647342525641,355.0529632396117
0.4860000000000004,70.66385650634766,125.66370391845703,1.6934002921704103,570.1103594473102,360.0322645086357
0.4870000000000004,70.86398315429688,125.66370391845703,1.725277908792033,575.7444618614873,368.66696054330725
0.4880000000000004,71.06218719482422,125.66370391845703,1.735206135438879,568.8643535862828,366.98881292752617
0.4890000000000004,71.25807189941406,125.66370391845703,1.7322322302268782,564.0333788890661,364.72669773446773
0.4900000000000004,71.45271301269531,125.66370391845703,1.7268662061688451,565.172887505951,363.9890183303151
0.4910000000000004,71.64810180664062,125.66370391845703,1.728191733887004,574.5667400645466,366.0896108394964
0.4920000000000004,71.84668731689453,125.66370391845703,1.7430082251091603,578.8097216025102,371.7246399259443
0.4930000000000004,72.04246520996094,125.66370391845703,1.7485713909022849,566.8583758373616,368.72775270467866
0.4940000000000004,72.23469543457031,125.66370391845703,1.73621215927839,555.7591825742322,364.61660997605844
0.4950000000000004,72.42427062988281,125.66370391845703,1.7172316159033216,550.1938150801507,361.7709854171023
0.4960000000000004,72.6131820678711,125.66370391845703,1.7021262932147463,553.0970899472227,361.7764909204905
0.4970000000000004,72.80401611328125,125.66370391845703,1.6994844948336263,565.9600873969348,365.56235686565077
0.4980000000000004,72.99958038330078,125.66370391845703,1.7151785049774888,569.6360551350257,373.48579613036645
0.4990000000000004,73.19207763671875,125.66370391845703,1.7138808229657636,558.1277586332745,370.005710176209
0.5000000000000003,73.38148498535156,125.66370391845703,1.6989977221976216,549.6950797893421,366.4680257016117
0.5010000000000003,73.56929016113281,125.66370391845703,1.6821083897964133,548.5195889494089,365.0911683451352
0.5020000000000003,73.75789642333984,125.66370391845703,1.6734578184259372,556.980618085136,367.23077611196425
0.5030000000000003,73.95011901855469,125.66370391845703,1.6808590125586391,561.4224435393627,373.5731860966723
0.5040000000000003,74.13929748535156,125.66370391845703,1.6798711105503046,548.8165230985143,370.0456701891144
0.5050000000000003,74.32512664794922,125.66370391845703,1.6626368832382996,538.6619704844962,366.0366138261018
0.5060000000000003,74.50896453857422,125.66370391845703,1.641561131207723,535.6894793941517,364.00131830898135
0.5070000000000003,74.69319152832031,125.66370391845703,1.6280629911058317,542.7287773797549,365.5192155123784
0.5080000000000003,74.88075256347656,125.66370391845703,1.6312212445564382,561.0447562044152,371.45512573147425
0.5090000000000003,75.07469940185547,125.66370391845703,1.6567157154898051,567.200178212486,382.04958930847425
0.5100000000000003,75.2663803100586,125.66370391845703,1.65817324783987,559.8215118136761,379.6362500078723
0.5110000000000003,75.45611572265625,125.66370391845703,1.650167081932545,557.0187999143571,377.70858536277916
0.5120000000000003,75.64572143554688,125.66370391845703,1.6446104710361953,562.6988077614031,378.4794838270418
0.5130000000000003,75.83778381347656,125.66370391845703,1.6513892630685394,578.8633526268683,383.20926454960386
0.5140000000000003,76.03523254394531,125.66370391845703,1.6772406057528084,584.1379979901242,392.4350176515287
0.5150000000000003,76.2302474975586,125.66370391845703,1.6812363272382371,575.733122251637,389.7591851204499
0.5160000000000003,76.42280578613281,125.66370391845703,1.6734302249611537,570.9623127926969,387.03770386523047
0.5170000000000003,76.614501953125,125.66370391845703,1.665912228487951,574.1878176396663,386.71064809494584
0.5180000000000003,76.8078384399414,125.66370391845703,1.6690532743280129,587.8005740386303,390.2445403722394
0.5190000000000003,77.00575256347656,125.66370391845703,1.6902820898819892,593.0037157158472,398.3373735547723
0.5200000000000004,77.2011489868164,125.66370391845703,1.6945024613482813,583.5037481053059,395.5036956022702
0.5210000000000004,77.39381408691406,125.66370391845703,1.685104168668529,577.0630592227068,392.2841312267555
0.5220000000000004,77.58517456054688,125.66370391845703,1.6744818881799062,578.3903757089384,391.27753064988707
0.5230000000000004,77.77770233154297,125.66370391845703,1.6735335909225086,590.1697067098974,394.1034627111839
0.5240000000000004,77.97437286376953,125.66370391845703,1.6903326036020991,596.0304726982421,401.58219966730974
0.5250000000000004,78.16862487792969,125.66370391845703,1.694787299823829,585.9926164174636,398.85020360918196
0.5260000000000004,78.3600845336914,125.66370391845703,1.6842208487817139,578.6460688708972,395.4818735126563
0.5270000000000004,78.55010223388672,125.66370391845703,1.671418484583622,578.9872098391902,394.2096241071969
0.5280000000000004,78.74111938476562,125.66370391845703,1.6678072361883567,589.9332198861752,396.7792335481354
0.5290000000000004,78.93612670898438,125.66370391845703,1.6820233249370433,596.8717859239713,404.108936214908
0.5300000000000004,79.12899017333984,125.66370391845703,1.6873467265099826,587.0236741169867,401.72319610417554
0.5310000000000004,79.3191909790039,125.66370391845703,1.6768080978883424,579.6601839833572,398.51329988649667
0.5320000000000004,79.50802612304688,125.66370391845703,1.6635689161411369,579.9990600830494,397.3257768619555
0.5330000000000004,79.69792938232422,125.66370391845703,1.6594841508868698,591.1254866762117,400.0082885521825
0.5340000000000004,79.89192199707031,125.66370391845703,1.673574420707597,599.2521990490482,407.5525368461402
0.5350000000000004,80.08409881591797,125.66370391845703,1.680532237945628,590.1688283729812,405.6624791191496
0.5360000000000004,80.27387237548828,125.66370391845703,1.6712932469756205,583.455966105671,402.800937919137
0.5370000000000004,80.46247863769531,125.66370391845703,1.6592966205845934,584.4859377599789,401.91044969901645
0.5380000000000004,80.65234375,125.66370391845703,1.6566480559954364,596.4494560623779,404.91721426224854
0.5390000000000004,80.84648895263672,125.66370391845703,1.6725249272007663,605.4769624471148,412.8626841491494
0.5400000000000004,81.03910827636719,125.66370391845703,1.6813087422171815,597.2333232509105,411.4027207468403
0.5410000000000004,81.22954559326172,125.66370391845703,1.673858269915702,591.2965389695269,408.86440708492194
0.5420000000000004,81.41901397705078,125.66370391845703,1.6637610850318278,593.1419542252997,408.27120504831896
0.5430000000000004,81.60990905761719,125.66370391845703,1.6631987240494022,606.0172162325663,411.60675778154007
0.5440000000000004,81.80528259277344,125.66370391845703,1.6813245665087815,615.2912662303407,419.94136301104913
0.5450000000000004,81.99919891357422,125.66370391845703,1.6910726443396509,607.3846492546832,418.60183980595843
0.5460000000000004,82.1910171508789,125.66370391845703,1.6846776693518277,601.8052375922948,416.1504688159166
0.5470000000000004,82.38192749023438,125.66370391845703,1.6757887106367888,604.0978893555383,415.678649668195
0.5480000000000004,82.57437133789062,125.66370391845703,1.676568874404625,617.5307940634669,419.2077895737671
0.5490000000000004,82.7713851928711,125.66370391845703,1.6960744120753093,626.271020651685,427.81612030595625
0.5500000000000004,82.9667739868164,125.66370391845703,1.705126339690345,617.9285514089992,426.1679296357258
0.5510000000000004,83.1599349975586,125.66370391845703,1.6982695414679676,612.1129567726003,423.49672752108205
0.5520000000000004,83.35215759277344,125.66370391845703,1.6892079183006568,614.4098112133446,422.9483677214174
0.5530000000000004,83.54593658447266,125.66370391845703,1.6900821980736014,628.0694621830435,426.55893613809974
0.5540000000000004,83.74435424804688,125.66370391845703,1.7098531739289993,635.6977580640142,435.39006225997366
0.5550000000000004,83.94076538085938,125.66370391845703,1.7165777341287325,626.3663386249482,433.0876155014182
0.5560000000000004,84.13472747802734,125.66370391845703,1.7079461867166683,620.03136359791,430.0086854781575
0.5570000000000004,84.32769012451172,125.66370391845703,1.6977632871987902,622.2752368110945,429.3341910654224
0.5580000000000004,84.52225494384766,125.66370391845703,1.6981700561084347,636.2738742246961,433.08496209586986
0.5590000000000004,84.72161865234375,125.66370391845703,1.7180166134176833,642.600914328082,442.2735827798667
0.5600000000000004,84.91854095458984,125.66370391845703,1.7215601675636076,632.2590750998706,439.18986235303913
0.5610000000000004,85.1128158569336,125.66370391845703,1.7108163549314646,625.6725731533717,435.73318213842475
0.5620000000000004,85.30611419677734,125.66370391845703,1.699722369525133,628.3497334746525,435.09181628525505
0.5630000000000004,85.501220703125,125.66370391845703,1.7003849530825825,643.311079597576,439.233134706644
0.5640000000000004,85.70145416259766,125.66370391845703,1.7214324810070085,648.4310270990624,449.0798043434609
0.5650000000000004,85.89884948730469,125.66370391845703,1.7218552661164859,637.4895808618412,445.27116679103665
0.5660000000000004,86.093505859375,125.66370391845703,1.7096565314398569,631.2865806230333,441.6174493879124
0.5670000000000004,86.28736877441406,125.66370391845703,1.6988613926938738,635.1624998682099,441.2790595889477
0.5680000000000004,86.48343658447266,125.66370391845703,1.7014003500436767,651.8855851404909,446.1255308006734
0.5690000000000004,86.68511199951172,125.66370391845703,1.7254567895280513,655.8447926939449,456.9442137618025
0.5700000000000004,86.88359069824219,125.66370391845703,1.7231839376485816,644.7215553015806,452.4736381804954
0.5710000000000004,87.07933807373047,125.66370391845703,1.710462165293562,639.4464087415139,448.7734687160165
0.5720000000000004,87.27458190917969,125.66370391845703,1.701267410756739,645.0911623322589,448.9367151507913
0.5730000000000004,87.47250366210938,125.66370391845703,1.7071243059509236,647.7585130868977,454.6886429600422
0.5740000000000004,87.66674041748047,125.66370391845703,1.7037449988402722,631.9753950567332,449.2832090294699
0.5750000000000004,87.85700225830078,125.66370391845703,1.6829174768261548,619.8780601629251,443.30486867849424
0.5760000000000004,88.04508209228516,125.66370391845703,1.6600802133497243,617.9712481244898,440.457378294981
0.5770000000000004,88.23411560058594,125.66370391845703,1.6494158615722574,629.9980601006614,443.11743462628357
0.5780000000000004,88.4278564453125,125.66370391845703,1.661685733517574,637.0690988231403,452.4729323462977
0.5790000000000004,88.6191635131836,125.66370391845703,1.6607759298358389,627.1681386699536,449.1603460241103
0.5800000000000004,88.8082504272461,125.66370391845703,1.6481008826092527,622.9764524010092,446.2307072224253
0.5810000000000004,88.99727630615234,125.66370391845703,1.6390588009871854,630.2162396334094,447.1051590598354
0.5820000000000004,89.18950653076172,125.66370391845703,1.6467241058345676,651.8065166924977,453.81886916854745
0.5830000000000004,89.38862609863281,125.66370391845703,1.6797180229376623,661.4410455070855,467.20473860643324
0.5840000000000004,89.5861587524414,125.66370391845703,1.6865371235469453,656.4237124984769,465.4360122733758
0.5850000000000004,89.78252410888672,125.66370391845703,1.685006810619033,657.6977497217039,464.39287618573553
0.5860000000000004,89.97991943359375,125.66370391845703,1.6894155192456917,670.3610189157107,467.314292531584
0.5870000000000004,90.18151092529297,125.66370391845703,1.7109370992697925,676.9351304788395,475.9737619623534
0.5880000000000004,90.38076782226562,125.66370391845703,1.7175478928972199,666.4408052323643,472.84081356972086
0.5890000000000004,90.57720947265625,125.66370391845703,1.7082622150586555,659.4587469007349,468.81704753369394
0.5900000000000004,90.77249908447266,125.66370391845703,1.6983590786715363,662.5264126505945,467.78026779091294
0.5910000000000004,90.96961975097656,125.66370391845703,1.701277203974797,679.2883653763347,472.182216736649
0.5920000000000004,91.17218780517578,125.66370391845703,1.726547564199076,685.7555658132574,483.18647100549725
0.5930000000000004,91.37223815917969,125.66370391845703,1.7293799393435652,676.3222338016518,479.70859495465504
0.5940000000000004,91.56997680664062,125.66370391845703,1.720820843935907,672.4757491816765,476.54412250604804
0.5950000000000004,91.76751708984375,125.66370391845703,1.7157090952490544,679.9527788894004,477.2567748139385
0.5960000000000004,91.96807861328125,125.66370391845703,1.7262630383390773,684.227788552541,483.89907558151043
0.5970000000000004,92.16547393798828,125.66370391845703,1.7269361716969707,669.6800279265793,479.1468871965613
0.5980000000000004,92.35922241210938,125.66370391845703,1.7097759592702326,658.6996079464675,473.4710862869307
0.5990000000000004,92.55110168457031,125.66370391845703,1.6908868084671493,658.3596318585222,471.0190728171962
0.6000000000000004,92.74427795410156,125.66370391845703,1.6848684928991393,672.6867899101723,474.46035242957964
0.6010000000000004,92.9426040649414,125.66370391845703,1.702486719475513,679.3977229624799,485.0967131054036
0.6020000000000004,93.1383285522461,125.66370391845703,1.7017318790045866,669.1752977541354,481.30517876223325
0.6030000000000004,93.33180236816406,125.66370391845703,1.6899145766282169,665.3768334748497,478.1564475595588
0.6040000000000004,93.52537536621094,125.66370391845703,1.68281322574862,673.9680953728787,479.36844958958784
0.6050000000000004,93.72248840332031,125.66370391845703,1.6934514365496198,680.2237535031213,487.06835542631626
0.6060000000000004,93.91695404052734,125.66370391845703,1.6949772506140177,667.6792672963464,483.1462769350813
0.6070000000000004,94.10844421386719,125.66370391845703,1.6800652793987627,659.5330333581944,478.5763564152625
0.6080000000000004,94.29888916015625,125.66370391845703,1.6654859836163471,662.9168947222119,477.6160065472403
0.6090000000000004,94.49162292480469,125.66370391845703,1.6661543725388541,681.7605481210845,482.9602019282104
0.6100000000000004,94.69060516357422,125.66370391845703,1.6925756550667288,691.20150425143,495.8513693203941
0.6110000000000004,94.88774108886719,125.66370391845703,1.6967957103358076,684.4803801948756,493.42346836356216
0.6120000000000004,95.0834732055664,125.66370391845703,1.6918204833989097,684.6813457731755,491.81228071780754
0.6130000000000004,95.28018951416016,125.66370391845703,1.6933194489628616,697.6134178947372,494.7644289440582
0.6140000000000004,95.48135375976562,125.66370391845703,1.7136555110873175,704.5842120574811,504.3418581683836
0.6150000000000004,95.68009948730469,125.66370391845703,1.718228949633165,693.7258883285564,500.8124893535127
0.6160000000000004,95.87619018554688,125.66370391845703,1.7078324851598543,687.6308989950215,496.790742151161
0.6170000000000004,96.07162475585938,125.66370391845703,1.698964820815379,693.3069455834204,496.58714536155077
0.6180000000000004,96.2697525024414,125.66370391845703,1.7058229715871354,699.2472751163738,502.84349306094515
0.6190000000000004,96.4651870727539,125.66370391845703,1.7081059242780634,685.3716243742551,498.7031859049522
0.6200000000000004,96.65727996826172,125.66370391845703,1.6915927262108603,675.134341452804,493.29606551017537
0.6210000000000004,96.84783172607422,125.66370391845703,1.6737589154819053,676.4366015200823,491.3201730023671
0.6220000000000004,97.04019165039062,125.66370391845703,1.6705396995708743,693.8047929576983,495.8525377589889
0.6230000000000004,97.23845672607422,125.66370391845703,1.6935312721026297,703.930804203281,508.3978669535661
0.6240000000000004,97.43500518798828,125.66370391845703,1.6979152511504723,697.0895286599459,506.11933998780864
0.6250000000000004,97.63019561767578,125.66370391845703,1.6924604950697886,697.2620584483712,504.5363542641966
0.6260000000000004,97.82646179199219,125.66370391845703,1.6935512133225106,710.6853587489146,507.68467517192784
0.6270000000000004,98.02733612060547,125.66370391845703,1.7142035273993115,718.792194661561,517.8200139896941
0.6280000000000004,98.2260513305664,125.66370391845703,1.7198748857455695,708.5851590423267,514.6773053794396
0.6290000000000004,98.42235565185547,125.66370391845703,1.710563754312619,703.3697376114649,511.0024339510745
0.6300000000000004,98.61829376220703,125.66370391845703,1.7033181351526627,710.4580183580314,511.3544070180215
0.6310000000000004,98.81732177734375,125.66370391845703,1.7126913880297312,716.9360410675611,518.5165172675771
0.6320000000000005,99.01374816894531,125.66370391845703,1.7154834984787506,703.5428035918158,514.4615608131791
0.6330000000000005,99.20703125,125.66370391845703,1.7001053179671939,694.2874383967292,509.27059451653804
0.6340000000000005,99.39908599853516,125.66370391845703,1.6844756529635923,697.2760095651521,507.8611488039261
0.6350000000000005,99.59339904785156,125.66370391845703,1.684680375377999,717.0199824948247,513.4013490145605
0.6360000000000005,99.7941665649414,125.66370391845703,1.7120454987168665,727.0178117066554,527.3566776657531
0.6370000000000005,99.99307250976562,125.66370391845703,1.7158668485473432,720.3285759104675,524.7349701778627
0.6380000000000005,100.19070434570312,125.66370391845703,1.7112340031914497,721.5448461439161,523.2772348475299
0.6390000000000005,100.38970947265625,125.66370391845703,1.7146039478151072,736.8168667311943,527.1033495979806
0.6400000000000005,100.59375762939453,125.66370391845703,1.738603764251916,743.2081305759156,538.3885848335734
0.6410000000000005,100.79505157470703,125.66370391845703,1.740745027196646,731.765583902813,533.949644361529
0.6420000000000005,100.99372100830078,125.66370391845703,1.7298875571352128,726.7063759214532,529.7491743130554
0.6430000000000005,101.19217681884766,125.66370391845703,1.7232211165322113,735.1895818166726,530.4140277755463
0.6440000000000005,101.39412689208984,125.66370391845703,1.734929983410199,738.8027800568136,538.5984870979419
0.6450000000000005,101.592529296875,125.66370391845703,1.7315426969913612,723.3182863132326,532.510196853296
0.6460000000000005,101.78744506835938,125.66370391845703,1.7129156844268592,714.0809177284348,526.4693020382848
0.6470000000000005,101.98133850097656,125.66370391845703,1.6972734829260816,718.9395193829434,525.4299961335017
0.6480000000000005,102.1781005859375,125.66370391845703,1.7003639896979201,723.3990367868221,532.3593905874135
0.6490000000000005,102.3715591430664,125.66370391845703,1.6956448959895498,708.0533854114246,526.645918209852
0.6500000000000005,102.56172943115234,125.66370391845703,1.6752376114179492,699.1982397996546,520.9343579971062
0.6510000000000005,102.75113677978516,125.66370391845703,1.6583276605663237,705.0631655766595,520.3700414246462
0.6520000000000005,102.94380187988281,125.66370391845703,1.6617503808928071,713.3856840567706,528.1057194100408
0.6530000000000005,103.13430786132812,125.66370391845703,1.6623051705556455,701.9629985184598,524.6679123104552
0.6540000000000005,103.322509765625,125.66370391845703,1.6475329381291928,696.8272766009643,520.9181271274889
0.6550000000000005,103.51080322265625,125.66370391845703,1.6370394914178468,706.3751659567329,522.112053601057
0.6560000000000005,103.7031478881836,125.66370391845703,1.6478806024628434,734.9639532710867,531.5223319570865
0.6570000000000005,103.90409088134766,125.66370391845703,1.6909488690219825,751.5446496006306,550.4666390106648
0.6580000000000005,104.10477447509766,125.66370391845703,1.704695962345009,752.5136732915853,551.0301914070824
0.6590000000000005,104.30601501464844,125.66370391845703,1.713981071393612,762.6768946684514,553.3200883046294
0.6600000000000005,104.51061248779297,125.66370391845703,1.7348712045386825,770.7663327498537,561.4730131951532
0.6610000000000005,104.71318817138672,125.66370391845703,1.7464209633346113,758.2559416320282,558.3751515789428
0.6620000000000005,104.91249084472656,125.66370391845703,1.7361309433220917,747.9884345567215,552.6321495980119
0.6630000000000005,105.11011505126953,125.66370391845703,1.7228917523671634,749.573994822541,550.1784568215828
0.6640000000000005,105.30948638916016,125.66370391845703,1.7239156291963709,768.5628800277829,554.9572634450675
0.6650000000000005,105.5149154663086,125.66370391845703,1.7515376538217222,776.8913393009971,568.8748672108783
0.6660000000000005,105.71791076660156,125.66370391845703,1.753346795079654,768.0504163559402,564.88717910205
0.6670000000000005,105.91915893554688,125.66370391845703,1.7464509255005858,767.8869021589528,562.2941355275835
0.6680000000000005,106.12150573730469,125.66370391845703,1.7482036893881476,783.1358667094511,565.7571457492398
0.6690000000000005,106.32890319824219,125.66370391845703,1.7717694717623644,787.0256374415441,577.661754983907
0.6700000000000005,106.53267669677734,125.66370391845703,1.7682232958525972,772.8542939572977,571.0919979781759
0.6710000000000005,106.73340606689453,125.66370391845703,1.7534123126960417,767.0447653784558,565.7261145313508
0.6720000000000005,106.93401336669922,125.66370391845703,1.7454428924916594,776.9847407555224,566.5834603438877
0.6730000000000005,107.13864135742188,125.66370391845703,1.7587161284641837,777.6356569221714,576.3216055951532
0.6740000000000005,107.33871459960938,125.66370391845703,1.7475165379757214,759.8315031173356,567.6864484586965
0.6750000000000005,107.53511810302734,125.66370391845703,1.7252082054563842,751.5711518829713,560.8752444166711
0.6760000000000005,107.73110961914062,125.66370391845703,1.7109303862113323,760.5066900117698,561.0655699387819
0.6770000000000005,107.93119049072266,125.66370391845703,1.7201683988341296,762.2798650997829,570.9815890442707
0.6780000000000005,108.12696838378906,125.66370391845703,1.7073230944228956,745.9132710448572,562.7620399184019
0.6790000000000005,108.31962585449219,125.66370391845703,1.6854975823067415,740.4589956109446,557.0567653081201
0.6800000000000005,108.51271057128906,125.66370391845703,1.674537863135631,753.448636234509,559.0294878244744
0.6810000000000005,108.71094512939453,125.66370391845703,1.6901364306064375,759.3270343536727,571.3069531575442
0.6820000000000005,108.90594482421875,125.66370391845703,1.682932737392785,747.863400133521,565.3280327030164
0.6830000000000005,109.09899139404297,125.66370391845703,1.6691839077246602,747.8781989223648,562.117535082815
0.6840000000000005,109.29367065429688,125.66370391845703,1.6685505693629044,766.5752528516057,566.7418351438733
0.6850000000000005,109.49466705322266,125.66370391845703,1.6958030029058895,775.768348786423,581.6685647302103
0.6860000000000005,109.69329833984375,125.66370391845703,1.6960126847680732,768.3298434902119,577.5845728442799
0.6870000000000005,109.89073944091797,125.66370391845703,1.6906826853312618,772.0186111377377,576.0704683320683
0.6880000000000005,110.0904312133789,125.66370391845703,1.6986202861408388,776.5486592852343,582.1217162031613
0.6890000000000005,110.28702545166016,125.66370391845703,1.699582962188968,760.6119684074105,576.3836872213878
0.6900000000000005,110.47999572753906,125.66370391845703,1.6812959926310582,750.2246975721567,569.4251903426921
0.6910000000000005,110.67178344726562,125.66370391845703,1.665198773449755,755.7346654034847,567.8533428874925
0.6920000000000005,110.86670684814453,125.66370391845703,1.6705206780898652,764.5629858343992,575.8689367870699
0.6930000000000005,111.05963134765625,125.66370391845703,1.672568487274696,754.0152961109777,572.4657716697521
0.6940000000000005,111.25051879882812,125.66370391845703,1.6603992734601685,751.1113001918983,568.9832199409959
0.6950000000000005,111.44213104248047,125.66370391845703,1.6553703550575785,765.2962751762581,571.6077202842703
0.6960000000000005,111.63884735107422,125.66370391845703,1.6754851027644726,779.809905248319,584.0852521198401
0.6970000000000005,111.8349609375,125.66370391845703,1.6872397578420573,775.5332298282281,583.8171792402705
0.6980000000000005,112.03041076660156,125.66370391845703,1.6866534630632688,778.6875729460991,583.3799669676583
0.6990000000000005,112.2277603149414,125.66370391845703,1.6939792216162215,798.1408637461911,588.7397120407676
0.7000000000000005,112.43112182617188,125.66370391845703,1.725373449463638,812.8675311721921,603.3780318528329
0.7010000000000005,112.63379669189453,125.66370391845703,1.7401135606491767,808.5593297880548,602.9878920510405
0.7020000000000005,112.83560180664062,125.66370391845703,1.7418066301334132,810.9457813008038,602.1345477225082
0.7030000000000005,113.0389404296875,125.66370391845703,1.7498128248148255,828.7267866993488,606.7635652172884
0.7040000000000005,113.24772644042969,125.66370391845703,1.7793707056694996,837.9016319595381,620.264979378182
0.7050000000000005,113.4542465209961,125.66370391845703,1.7860894788394346,827.4059274538957,616.3028844983332
0.7060000000000005,113.65847778320312,125.66370391845703,1.779022010426042,824.0383689969613,612.2763484022663
0.7070000000000005,113.86304473876953,125.66370391845703,1.7775267227851463,836.5435845160016,614.2062022424848
0.7080000000000005,114.072021484375,125.66370391845703,1.7970146965601403,839.025153366169,625.4316575859399
0.7090000000000005,114.27686309814453,125.66370391845703,1.7906353428243207,821.707877883303,617.1748418452422
0.7100000000000005,114.4781723022461,125.66370391845703,1.771751737126063,813.6993873559423,610.227599457843
0.7110000000000005,114.67915344238281,125.66370391845703,1.7604245149059385,823.6069651953306,610.5979510602359
0.7120000000000005,114.88434600830078,125.66370391845703,1.7726232253444634,823.3319428514195,621.4298486634489
0.7130000000000005,115.08458709716797,125.66370391845703,1.7569285415817404,804.1431928647089,611.1640851505213
0.7140000000000005,115.28128051757812,125.66370391845703,1.7326556151670907,797.33798674161,604.08627906488
0.7150000000000005,115.47830963134766,125.66370391845703,1.7205700870588632,792.8333071646225,605.9644338391175
0.7160000000000005,115.66961669921875,125.66370391845703,1.701267296263709,766.0930610524663,593.7700808855047
0.7170000000000005,115.8554916381836,125.66370391845703,1.6631076090439987,748.8409728442667,582.1853316422647
0.7180000000000005,116.03942108154297,125.66370391845703,1.6310223504756103,752.2003689807208,578.6539040876338
0.7190000000000005,116.22676086425781,125.66370391845703,1.6269855529672446,759.7456640927296,587.5605627080761
0.7200000000000005,116.41124725341797,125.66370391845703,1.6178704563669937,748.2830231682052,581.9127818859496
0.7210000000000005,116.59407043457031,125.66370391845703,1.6017442611694963,749.1382388185059,578.9989129186537
0.7220000000000005,116.7790298461914,125.66370391845703,1.6009554481213226,770.7003939146279,584.9478330003398
0.7230000000000005,116.97119140625,125.66370391845703,1.6321472036341733,788.0228708591126,602.8219368141237
0.7240000000000005,117.1626205444336,125.66370391845703,1.6437741876186096,786.0384037443325,602.1339148490246
0.7250000000000005,117.35399627685547,125.66370391845703,1.64876600754579,793.5359759918443,603.0607116949391
0.7260000000000005,117.54837799072266,125.66370391845703,1.6656063255724518,801.5234398229469,611.1624437007237
0.7270000000000005,117.73983764648438,125.66370391845703,1.675371085466721,785.2480476757894,605.3437920791085
0.7280000000000005,117.92699432373047,125.66370391845703,1.6617570557171837,770.7054336660127,596.2156408560697
0.7290000000000005,118.11164093017578,125.66370391845703,1.6449176441818127,768.8651317665076,591.2642203238772
0.7300000000000005,118.29756164550781,125.66370391845703,1.64285859231058,769.6132773250481,595.2603098654427
0.7310000000000005,118.47797393798828,125.66370391845703,1.6358230256678776,744.5939579668154,583.1761389722608
0.7320000000000005,118.65238952636719,125.66370391845703,1.6074942998590351,724.0085032214414,569.8502874428306
0.7330000000000005,118.82334899902344,125.66370391845703,1.5780085975119387,718.2282384174271,562.52001894817
0.7340000000000005,118.99523162841797,125.66370391845703,1.5655181117035928,716.7740348906158,565.5603477107583
0.7350000000000005,119.16034698486328,125.66370391845703,1.548939154728227,688.4337572238361,550.2864101035935
0.7360000000000005,119.31903839111328,125.66370391845703,1.5133392008014264,666.9790501009226,535.7205150225484
0.7370000000000005,119.47455596923828,125.66370391845703,1.4791962576691033,662.2258221357927,528.883331026515
0.7380000000000005,119.63179016113281,125.66370391845703,1.4649736820538604,662.8803258099908,533.7416428781352
0.7390000000000005,119.78227233886719,125.66370391845703,1.4462071551195375,636.1339804315578,518.269114585961
0.7400000000000005,119.927001953125,125.66370391845703,1.4113117872386376,618.172101612222,505.1464507521091
0.7410000000000005,120.06977081298828,125.66370391845703,1.380974725573367,618.1321050959252,501.08320583946175
0.7420000000000005,120.2157974243164,125.66370391845703,1.3734920632179237,623.1093569667172,509.5602367663288
0.7430000000000005,120.35575866699219,125.66370391845703,1.3585409814472764,600.3218885570269,495.59002346351656
0.7440000000000005,120.49105072021484,125.66370391845703,1.3301404351069512,587.1936034700024,484.95069496995774
0.7450000000000006,120.62571716308594,125.66370391845703,1.3086276458548407,592.1757758904749,484.0047535738361
0.7460000000000006,120.7649917602539,125.66370391845703,1.3113765768459273,600.4545747287601,495.75901831801684
0.7470000000000006,120.89862060546875,125.66370391845703,1.3015779203104234,580.2867876529084,482.66682522768906
0.7480000000000006,121.02813720703125,125.66370391845703,1.2797910950957696,569.7776308512572,473.29120867942885
0.7490000000000006,121.1576156616211,125.66370391845703,1.2654892533031092,576.8649241140043,473.7267038437565
0.7500000000000006,121.29217529296875,125.66370391845703,1.274866823155792,585.4129920738803,486.62439929672024
0.7510000000000006,121.42057037353516,125.66370391845703,1.266847358667849,564.3653101557745,472.20801107587624
0.7520000000000006,121.5444564819336,125.66370391845703,1.2469996246003672,552.7961649978214,461.7741599493456
0.7530000000000006,121.66793060302734,125.66370391845703,1.2339368135220743,558.3658928337187,461.2740775513643
0.7540000000000006,121.79606628417969,125.66370391845703,1.2431438567147222,564.7814081963323,473.137720351148
0.7550000000000006,121.91677856445312,125.66370391845703,1.2326717613692115,540.151355102879,455.56014399545603
0.7560000000000006,122.03199005126953,125.66370391845703,1.209959529796627,525.2990611425943,442.5880592016512
0.7570000000000006,122.14599609375,125.66370391845703,1.1931642541900298,527.7501794418457,440.09744818881137
0.7580000000000006,122.26400756835938,125.66370391845703,1.1977478159451085,532.0933718940778,450.35359989915526
0.7590000000000006,122.37337493896484,125.66370391845703,1.183266198837309,503.9186580508054,429.62704515308593
0.7600000000000006,122.4764404296875,125.66370391845703,1.156285252176637,486.4333676314049,414.5858943568944
0.7610000000000006,122.57788848876953,125.66370391845703,1.134949137411417,487.0171386291305,410.9990970297052
0.7620000000000006,122.6832275390625,125.66370391845703,1.1351640805903578,491.51009286734364,420.9254844274499
0.7630000000000006,122.7794189453125,125.66370391845703,1.1184163602373405,462.1812035108654,398.81059317452855
0.7640000000000006,122.86927795410156,125.66370391845703,1.0894104698698743,444.6633115227544,383.60064039702695
0.7650000000000006,122.95791625976562,125.66370391845703,1.0665339983609756,446.08882632243717,380.8693546282812
0.7660000000000006,123.05110168457031,125.66370391845703,1.0662257731262215,453.2248146569657,392.3902456085675
0.7670000000000006,123.13545989990234,125.66370391845703,1.0506555185574242,425.4304053840956,370.95960632213394
0.7680000000000006,123.21419525146484,125.66370391845703,1.0235002547347605,410.2318666064368,357.35045235378595
0.7690000000000006,123.29264068603516,125.66370391845703,1.0033459807679226,414.4401025913317,356.8821896867972
0.7700000000000006,123.37670135498047,125.66370391845703,1.0068610005711336,425.16662510808345,371.01200780970385
0.7710000000000006,123.4526138305664,125.66370391845703,0.995241398061685,399.953120210946,351.14739421187767
0.7720000000000006,123.52372741699219,125.66370391845703,0.9726898683328156,387.51938830102654,339.5064463659608
0.7730000000000006,123.59542083740234,125.66370391845703,0.9576698079338207,394.382325038846,341.17808590299904
0.7740000000000006,123.67356872558594,125.66370391845703,0.9666181715470897,407.6831796489506,357.3563231541626
0.7750000000000006,123.74393463134766,125.66370391845703,0.9593440683747326,384.0125595226322,338.3385175422741
0.7760000000000006,123.80987548828125,125.66370391845703,0.941225019509593,372.8706473492161,327.5834303713358
0.7770000000000006,123.8767318725586,125.66370391845703,0.9302796464895148,380.59717584392314,330.0385887482228
0.7780000000000006,123.95023345947266,125.66370391845703,0.9425321987406377,394.5524086551792,346.7384535994897
0.7790000000000006,124.01573181152344,125.66370391845703,0.9378436073737293,370.4268986896097,327.08308872988124
0.7800000000000006,124.07657623291016,125.66370391845703,0.9216519447693947,358.55449424274775,315.7168135580951
0.7810000000000006,124.13807678222656,125.66370391845703,0.9114972049674411,365.2279568209432,317.5366891606327
0.7820000000000006,124.20594024658203,125.66370391845703,0.923240805531103,378.5466471620175,333.5057524278861
0.7830000000000006,124.26516723632812,125.66370391845703,0.9190368599669211,352.63451449372945,312.23726346514377
0.7840000000000006,124.31922149658203,125.66370391845703,0.902192067415428,338.99986319198723,299.53628484082503
0.7850000000000006,124.37351989746094,125.66370391845703,0.8900058894083148,343.9573651605235,300.28808112756076
0.7860000000000006,124.433837890625,125.66370391845703,0.8986062641181607,356.8006745067153,315.41155886388344
0.7870000000000006,124.48500061035156,125.66370391845703,0.8940120855841087,329.31698035846335,292.7747248798239
0.7880000000000006,124.53067016601562,125.66370391845703,0.875586182703518,314.46066221457437,279.237114879142
0.7890000000000006,124.57646942138672,125.66370391845703,0.8606977866471752,318.5558020850569,279.65052184934177
0.7900000000000006,124.6283187866211,125.66370391845703,0.866071432881558,332.1769540000661,294.86175034142275
0.7910000000000006,124.67095947265625,125.66370391845703,0.8617307773938524,304.51817251309774,272.03496312153106
0.7920000000000006,124.70829010009766,125.66370391845703,0.84265975402348,289.92503771834487,258.8700472502807
0.7930000000000006,124.74609375,125.66370391845703,0.8265096335563044,294.67589241671214,260.14001957795324
0.7940000000000006,124.79043579101562,125.66370391845703,0.8306864109677684,310.3330712369228,276.5801223229107
0.7950000000000006,124.82600402832031,125.66370391845703,0.8280682156144422,283.9338612552591,254.74389438955066
0.7960000000000006,124.85679626464844,125.66370391845703,0.8102337733802385,270.8410631669628,242.9131745983005
0.7970000000000006,124.88871002197266,125.66370391845703,0.7951287377795202,277.2490807936536,245.76160722719985
0.7980000000000006,124.92784118652344,125.66370391845703,0.8006461795218338,295.2822998363517,263.90650749013764
0.7990000000000006,124.95875549316406,125.66370391845703,0.800982541340515,270.62425744775754,243.4358164713905
0.8000000000000006,124.9854736328125,125.66370391845703,0.7858551195576455,259.1910976403416,233.0052514332191
0.8010000000000006,125.01384735107422,125.66370391845703,0.7733129250476832,267.10804160389074,237.21496830013157
0.8020000000000006,125.0499496459961,125.66370391845703,0.7813895844476803,286.8003747599685,256.6039093997403
0.8030000000000006,125.07816314697266,125.66370391845703,0.78485427582916,263.23662460323357,236.94681191115023
0.8040000000000006,125.10244750976562,125.66370391845703,0.7724973594402085,252.5929484292836,227.1679875267537
0.8050000000000006,125.12857818603516,125.66370391845703,0.7622265621062518,260.9852659499078,231.85106454253685
0.8060000000000006,125.16253662109375,125.66370391845703,0.7719847102528306,281.17864172361845,251.51846967206797
0.8070000000000006,125.1885757446289,125.66370391845703,0.7776797934667063,257.5642798145186,231.74125383695844
0.8080000000000006,125.21057891845703,125.66370391845703,0.7668505040795709,246.56255673022838,221.6911058916203
0.8090000000000006,125.2342758178711,125.66370391845703,0.757161381513706,254.346086617268,225.98716007377374
0.8100000000000006,125.26560974121094,125.66370391845703,0.7665049198529161,282.0215629764516,245.18339668770363
0.8110000000000006,125.30947875976562,125.66370391845703,0.807156941337581,310.5528015010364,276.6816898291917
0.8120000000000006,125.34636688232422,125.66370391845703,0.8141434977955122,292.03296981142347,259.2791777903076
0.8130000000000006,125.38079833984375,125.66370391845703,0.8163445067455398,288.20697904591424,253.19562933954893
0.8140000000000006,125.41813659667969,125.66370391845703,0.8284200523273567,293.9343535156518,260.59043863411995
0.8150000000000006,125.44217681884766,125.66370391845703,0.8327639619066751,254.9971060295536,227.2841483053171
0.8160000000000006,125.45694732666016,125.66370391845703,0.8150931436926099,228.18232134338444,204.04714181976087
0.8170000000000006,125.46859741210938,125.66370391845703,0.7906402276885606,220.67321335734795,196.2545340195196
0.8180000000000006,125.48374938964844,125.66370391845703,0.7769863535366984,234.4862248155154,205.06436550891917
0.8190000000000006,125.5081558227539,125.66370391845703,0.7895657324819907,255.12980682718202,228.3404342854571
0.8200000000000006,125.52296447753906,125.66370391845703,0.7833889879207803,227.88150612551118,204.2741322070714
0.8210000000000006,125.53382110595703,125.66370391845703,0.7676680508563141,218.07951269221311,194.36442898626294
0.8220000000000006,125.5472412109375,125.66370391845703,0.7591861543876601,229.02030025663984,200.85100699431646
0.8230000000000006,125.56903076171875,125.66370391845703,0.7734568569529799,247.25767001312215,221.89720804540434
0.8240000000000006,125.58032989501953,125.66370391845703,0.7684534170556435,217.5096025809666,195.57119944263854
0.8250000000000006,125.58695220947266,125.66370391845703,0.7521208485312882,205.43535592147984,183.83767055376356
0.8260000000000006,125.59565734863281,125.66370391845703,0.7412124486248826,214.58717495601562,189.0897647585007
0.8270000000000006,125.61251068115234,125.66370391845703,0.7519868435030124,232.6920881560857,209.57700032717088
0.8280000000000006,125.61882781982422,125.66370391845703,0.746421638478188,202.71518575797293,183.13545277033208
0.8290000000000006,125.62065887451172,125.66370391845703,0.728593117041028,190.9474472142091,171.8623740561983
0.8300000000000006,125.62498474121094,125.66370391845703,0.7157626378140164,200.99440675741695,178.14503539658807
0.8310000000000006,125.63807678222656,125.66370391845703,0.7251416152676723,221.33819140379435,200.1895886721754
0.8320000000000006,125.64138793945312,125.66370391845703,0.7206807264032014,193.45634890394643,175.61748360336674
0.8330000000000006,125.64102172851562,125.66370391845703,0.7039614565357173,183.968577484754,166.37868151479634
0.8340000000000006,125.64401245117188,125.66370391845703,0.6928281208630109,196.43768257769202,174.80190390831527
0.8350000000000006,125.65662384033203,125.66370391845703,0.7050339179625819,219.4597888178942,199.02737269870104
0.8360000000000006,125.66031646728516,125.66370391845703,0.7036218508273293,194.1310275685525,176.60183399432643
0.8370000000000006,125.66104888916016,125.66370391845703,0.690516791409933,186.85053871000585,169.1667105132202
0.8380000000000006,125.66570281982422,125.66370391845703,0.6837108657225129,201.1592055861852,179.04024905353094
0.8390000000000006,125.68042755126953,125.66370391845703,0.70074185792631,225.40264461468539,204.3636563900128
0.8400000000000006,125.68655395507812,125.66370391845703,0.7026645764481998,201.19495086634214,182.77223541239147
0.8410000000000006,125.68982696533203,125.66370391845703,0.6931986958769761,194.397914519017,175.59832095547472
0.8420000000000006,125.6969223022461,125.66370391845703,0.6899467660213726,208.62581412301643,185.24210534860907
0.8430000000000006,125.71383666992188,125.66370391845703,0.7098338487624934,232.11922033000866,209.93884449140685
0.8440000000000006,125.7218246459961,125.66370391845703,0.713548961303682,207.03799097105295,187.49731183299116
0.8450000000000006,125.7264404296875,125.66370391845703,0.7053920787365343,198.83614389992462,179.0508450687352
0.8460000000000006,125.7342758178711,125.66370391845703,0.7024400067651259,211.29447577308235,187.14880942133448
0.8470000000000006,125.75125122070312,125.66370391845703,0.721257732807351,233.0385116570885,210.1746508952734
0.8480000000000006,125.75865173339844,125.66370391845703,0.7248548195349354,206.0212203662366,186.085338718717
0.8490000000000006,125.76200103759766,125.66370391845703,0.7154398097564081,195.71294489518957,175.92583173960725
0.8500000000000006,125.7679214477539,125.66370391845703,0.7098362817141702,206.0912911892525,182.39787078064427
0.8510000000000006,125.78243255615234,125.66370391845703,0.7247804026269316,226.61477322746268,204.02127953102246
0.8520000000000006,125.78691101074219,125.66370391845703,0.7273454729509925,198.1389635974134,178.81363236559267
0.8530000000000006,125.78699493408203,125.66370391845703,0.7156023616353662,186.52384462558786,167.7498628071034
0.8540000000000006,125.78942108154297,125.66370391845703,0.70651021009814,195.90358305685703,173.63383506844667
0.8550000000000006,125.80035400390625,125.66370391845703,0.7173937972948918,216.67201773526142,195.06503820786574
0.8560000000000006,125.80134582519531,125.66370391845703,0.7193302312731699,188.20996751003378,170.05358986165325
0.8570000000000007,125.79811096191406,125.66370391845703,0.7060082646687122,176.8253777074559,159.41502659321088
0.8580000000000007,125.79749298095703,125.66370391845703,0.6947940857658046,186.73903221634873,165.99643155128987
0.8590000000000007,125.8057861328125,125.66370391845703,0.7037176810361881,209.01366477107547,188.42367308486385
0.8600000000000007,125.80464935302734,125.66370391845703,0.7062652036122498,181.89308724004752,164.70565696906186
0.8610000000000007,125.79979705810547,125.66370391845703,0.6931919384753031,171.866209347417,155.36343794591517
0.8620000000000007,125.798095703125,125.66370391845703,0.6822936460860841,183.19434248407023,163.263525621343
0.8630000000000007,125.80583953857422,125.66370391845703,0.6920723979500073,207.20594871512475,187.04653040746533
0.8640000000000007,125.80473327636719,125.66370391845703,0.6964229212748195,181.741139138701,164.79574794105474
0.8650000000000007,125.8003921508789,125.66370391845703,0.685214710713193,173.09191338280678,156.6416174699278
0.8660000000000007,125.79957580566406,125.66370391845703,0.6764344050657144,185.56668247778472,165.49399106849475
0.8670000000000007,125.80850982666016,125.66370391845703,0.6886208543757439,210.51045382604062,190.041823586224
0.8680000000000007,125.80889129638672,125.66370391845703,0.6950862355339545,185.94691476262895,168.53499152534553
0.8690000000000007,125.80615997314453,125.66370391845703,0.6860334497897362,177.74150603611935,160.70219974395536
0.8700000000000007,125.80694580078125,125.66370391845703,0.6793218740679113,190.29787389651506,169.5462047431658
0.8710000000000007,125.81739044189453,125.66370391845703,0.6932267330103977,215.02422667613064,193.85504427077936
0.8720000000000007,125.81918334960938,125.66370391845703,0.7010940023007664,190.21032446443309,172.097797083986
0.8730000000000007,125.81761932373047,125.66370391845703,0.6931083137048811,181.33275551339872,163.65774322634138
0.8740000000000007,125.81924438476562,125.66370391845703,0.6868557118021754,192.94241710579428,171.66979143480515
0.8750000000000007,125.83014678955078,125.66370391845703,0.7003868013671997,216.77173591858212,195.05385145174094
0.8760000000000007,125.83208465576172,125.66370391845703,0.7085795681700171,190.9945832769557,172.4908696732489
0.8770000000000007,125.83029174804688,125.66370391845703,0.7001940440025773,180.92255589980897,163.08266741044164
0.8780000000000007,125.83128356933594,125.66370391845703,0.6926350309279007,191.27492768225719,170.10185977552385
0.8790000000000007,125.84120178222656,125.66370391845703,0.7039930855095134,221.6519992766246,192.5975186157062
0.8800000000000007,125.8646240234375,125.66370391845703,0.7467346241917321,252.68515128950017,226.61366646294584
0.8810000000000007,125.88017272949219,125.66370391845703,0.7544324584474953,232.08725217966676,206.83221565629654
0.8820000000000007,125.89339447021484,125.66370391845703,0.7577338321026883,228.54183360315065,200.99224349438703
0.8830000000000007,125.91014862060547,125.66370391845703,0.771209361436702,235.8355709955922,209.9284464648183
0.8840000000000007,125.91230773925781,125.66370391845703,0.7760529555037465,194.17294484197635,173.16277566804555
0.8850000000000007,125.90540313720703,125.66370391845703,0.7594157448208013,168.3809600573785,150.35682682974985
0.8860000000000007,125.89661407470703,125.66370391845703,0.7363338820090474,164.22098004655285,145.58481480849235
0.8870000000000007,125.8929672241211,125.66370391845703,0.724627611435765,182.19593683630015,158.53253495333774
0.8880000000000007,125.90011596679688,125.66370391845703,0.7400222813136776,206.78337670476984,185.70350206729748
0.8890000000000007,125.89759826660156,125.66370391845703,0.7348347185116452,179.89212390738055,161.38405278627388
0.8900000000000007,125.89204406738281,125.66370391845703,0.7210449606269544,172.79649617466748,153.7304707240188
0.8910000000000007,125.89043426513672,125.66370391845703,0.7155367908979001,187.38608828043044,163.65583605961524
0.8920000000000007,125.89849090576172,125.66370391845703,0.7337840500582309,208.73316802099362,187.99918726885215
0.8930000000000007,125.8958511352539,125.66370391845703,0.7295413829854136,179.01610997838495,161.06482039189805
0.8940000000000007,125.88927459716797,125.66370391845703,0.7153364593779286,169.2832820061903,151.14424425531726
0.8950000000000007,125.88595581054688,125.66370391845703,0.7078576986219012,181.70782686069248,159.35224626261652
0.8960000000000007,125.89189910888672,125.66370391845703,0.7230684359071636,202.1926271316873,182.66126067344717
0.8970000000000007,125.886962890625,125.66370391845703,0.7177409726348747,171.85459767899127,155.27155332429382
0.8980000000000007,125.87808990478516,125.66370391845703,0.7017343855889477,161.95000930553127,145.35701300480366
0.8990000000000007,125.87269592285156,125.66370391845703,0.6921232738166728,174.7552866989916,154.08633791931405
0.9000000000000007,125.87696838378906,125.66370391845703,0.7056424538425521,196.7644164366972,178.44597268687087
0.9010000000000007,125.8709487915039,125.66370391845703,0.7006035552604386,168.002971188602,152.5211515952087
0.9020000000000007,125.86161041259766,125.66370391845703,0.6849607213865041,159.8128617791951,144.16338598210842
0.9030000000000007,125.85640716552734,125.66370391845703,0.6763015901328475,174.4873409338052,154.54462823682522
0.9040000000000007,125.86156463623047,125.66370391845703,0.6918123488032274,198.61304129073437,180.64181824411972
0.9050000000000007,125.85714721679688,125.66370391845703,0.6889029553360548,171.96187308272584,156.5318130371342
0.9060000000000007,125.84999084472656,125.66370391845703,0.6759905557794935,165.55019044958306,149.62674678335986
0.9070000000000007,125.847412109375,125.66370391845703,0.6708138794982375,181.7019180814953,161.14059443649055
0.9080000000000007,125.85553741455078,125.66370391845703,0.6903520878403653,206.77029089856774,188.09612667788664
0.9090000000000007,125.85436248779297,125.66370391845703,0.690094834894633,181.06811415513113,164.70177334235402
0.9100000000000007,125.85050964355469,125.66370391845703,0.6802479168313312,175.00679200770168,157.9385955732925
0.9110000000000007,125.85110473632812,125.66370391845703,0.6782147714238597,191.01994801574787,169.141046058618
0.9120000000000007,125.86215209960938,125.66370391845703,0.7003961882189697,215.3172886361411,195.45706256147005
0.9130000000000007,125.86359405517578,125.66370391845703,0.7016848658682946,188.84702953621075,171.30491103497621
0.9140000000000007,125.86187744140625,125.66370391845703,0.6930870270751277,181.49794513739081,163.33527161555568
0.9150000000000007,125.86402130126953,125.66370391845703,0.6915218004073495,195.89311185746695,173.0605151900572
0.9160000000000007,125.87599182128906,125.66370391845703,0.7130191580800636,218.50985539062927,197.80024574301186
0.9170000000000007,125.87776947021484,125.66370391845703,0.7142577855167416,190.30994401999678,172.16227799237453
0.9180000000000007,125.87574005126953,125.66370391845703,0.7046600077720988,181.01995521927054,162.57367187728613
0.9190000000000007,125.87694549560547,125.66370391845703,0.7008926271941643,193.48024358132116,170.72673285049908
0.9200000000000007,125.88743591308594,125.66370391845703,0.7191014629887826,214.85516294196427,194.10184391363535
0.9210000000000007,125.88732147216797,125.66370391845703,0.7194295911522545,185.2925394048234,167.41358635157687
0.9220000000000007,125.8830337524414,125.66370391845703,0.707751797960803,174.71558561947649,156.8992586534303
0.9230000000000007,125.88172149658203,125.66370391845703,0.7008414137756008,186.14883551553277,164.38575220994545
0.9240000000000007,125.88957214355469,125.66370391845703,0.7153592924822036,207.59227010067735,187.4632437777393
0.9250000000000007,125.8868637084961,125.66370391845703,0.7150409009965991,177.93704406278928,160.88025677012877
0.9260000000000007,125.88008117675781,125.66370391845703,0.7017981480836329,167.41416941622168,150.62575420098176
0.9270000000000007,125.87648010253906,125.66370391845703,0.6927713291189875,179.1713007868934,158.60693894577025
0.9280000000000007,125.8823471069336,125.66370391845703,0.7052621130509278,201.86507891557457,182.47418501784227
0.9290000000000007,125.87810516357422,125.66370391845703,0.7053390129208996,173.31695087676295,157.00163287749646
0.9300000000000007,125.87022399902344,125.66370391845703,0.6920786989523552,163.8844678808124,147.8245854222606
0.9310000000000007,125.8659439086914,125.66370391845703,0.6830239168921829,176.79527122139882,156.90597850490374
0.9320000000000007,125.87161254882812,125.66370391845703,0.6959260779663997,201.0287564408099,181.94252161591254
0.9330000000000007,125.86769104003906,125.66370391845703,0.69747869474667,173.93472416527965,157.79241958362974
0.9340000000000007,125.86054229736328,125.66370391845703,0.6856818032875597,165.68318413044292,149.65567064196074
0.9350000000000007,125.85733032226562,125.66370391845703,0.6782789672226067,179.58319699420937,159.5687318873333
0.9360000000000007,125.86433410644531,125.66370391845703,0.6930936182048779,204.69944164847126,185.3010538810352
0.9370000000000007,125.8620376586914,125.66370391845703,0.6965061840224576,178.45635571846677,161.8767519843064
0.9380000000000007,125.85663604736328,125.66370391845703,0.686579414314312,170.6151905755088,154.0462165042877
0.9390000000000007,125.85517120361328,125.66370391845703,0.6809731314232109,184.60532655283342,163.9614471427437
0.9400000000000007,125.86384582519531,125.66370391845703,0.6973068907412079,209.5833470241505,189.5082799659417
0.9410000000000007,125.8631591796875,125.66370391845703,0.7020703815774875,183.18768373298664,165.92950926262668
0.9420000000000007,125.8591537475586,125.66370391845703,0.6931913947716298,174.77047037817366,157.57076762406348
0.9430000000000007,125.8587875366211,125.66370391845703,0.6881001065575895,187.9265775226664,166.73464392618945
0.9440000000000007,125.86824035644531,125.66370391845703,0.7042280738794804,212.1143394576751,191.45328838592474
0.9450000000000007,125.86804962158203,125.66370391845703,0.7094396009085324,184.89514672956167,167.1878420795773
0.9460000000000007,125.86418151855469,125.66370391845703,0.7003396178802016,175.39040472959644,157.93643753396438
0.9470000000000007,125.86358642578125,125.66370391845703,0.6941957363316561,187.38110051337875,166.15865757405157
0.9480000000000007,125.87246704101562,125.66370391845703,0.7084794400925688,210.8676005657476,190.0322077299782
0.9490000000000007,125.8714828491211,125.66370391845703,0.7135275379942319,182.8851148532667,165.19883767264832
0.9500000000000007,125.86658477783203,125.66370391845703,0.7034268815655238,172.52417555853836,155.33044625071946
0.9510000000000007,125.86473846435547,125.66370391845703,0.6954654580171883,183.73830364896662,163.02187090714767
0.9520000000000007,125.87224578857422,125.66370391845703,0.7073967688554359,207.17365457034887,186.5709148975771
0.9530000000000007,125.86990356445312,125.66370391845703,0.7122959228269895,179.0689196220648,161.7627973096149
0.9540000000000007,125.86363983154297,125.66370391845703,0.7013082777913404,168.55741706322448,151.9114658347966
0.9550000000000007,125.86048889160156,125.66370391845703,0.6919039725732168,179.73206432611147,159.7163050679243
0.9560000000000007,125.86680603027344,125.66370391845703,0.7022293407550114,203.8033825016115,183.56629727611715
0.9570000000000007,125.86351776123047,125.66370391845703,0.7075019412885756,176.28439893898783,159.38520544224386
0.9580000000000007,125.85652923583984,125.66370391845703,0.6964141896922873,166.25958916092378,150.06599095063936
0.9590000000000007,125.85285186767578,125.66370391845703,0.6866659589048857,177.9338765882728,158.39486363656428
0.9600000000000007,125.85888671875,125.66370391845703,0.6967274363147379,210.29838543813747,182.84019645032848
0.9610000000000007,125.87922668457031,125.66370391845703,0.7392614520353551,243.29376543763337,218.88591274680124
0.9620000000000007,125.89176177978516,125.66370391845703,0.7460968856271443,223.044908112955,199.26585611618268
0.9630000000000007,125.90247344970703,125.66370391845703,0.7495454197946738,221.04522742351784,194.6966384432332
0.9640000000000007,125.9174575805664,125.66370391845703,0.764339103254896,229.98958026299988,205.4784046902421
0.9650000000000007,125.9177474975586,125.66370391845703,0.7685829965863769,188.38310917737115,168.46860305946285
0.9660000000000007,125.9094009399414,125.66370391845703,0.7525889047663938,164.08405216411424,146.72441845571723
0.9670000000000007,125.89990997314453,125.66370391845703,0.731626526077851,162.30043496737648,143.83600237565372
0.9680000000000007,125.89642333984375,125.66370391845703,0.7235059563415127,182.90932750980716,158.92568132906027
0.9690000000000007,125.90445709228516,125.66370391845703,0.7434041835328035,208.96726226500667,187.9613855831882
0.9700000000000008,125.90274047851562,125.66370391845703,0.7391338946771246,182.18213789460825,163.40293978920596
0.9710000000000008,125.89816284179688,125.66370391845703,0.7275878380527536,175.91045151795672,156.1843112000136
0.9720000000000008,125.89778900146484,125.66370391845703,0.725317153884034,191.5280881271182,166.77611943509643
0.9730000000000008,125.9072494506836,125.66370391845703,0.7470136419859973,212.69712209295318,191.5547701046234
0.9740000000000008,125.90538787841797,125.66370391845703,0.7427001494236735,181.5641211251501,163.04974027798474
0.9750000000000008,125.89928436279297,125.66370391845703,0.7293655964361219,171.2334729655939,152.35696427861845
0.9760000000000008,125.89630889892578,125.66370391845703,0.7232463298361854,183.43606388295817,160.20631497871383
0.9770000000000008,125.90243530273438,125.66370391845703,0.7396164764383243,202.93990543726144,183.1520097857766
0.9780000000000008,125.89682006835938,125.66370391845703,0.7330287570102594,170.4063153483132,153.59407767860353
0.9790000000000008,125.88683319091797,125.66370391845703,0.7162481590803608,159.35927202688245,142.5490958789922
0.9800000000000008,125.880126953125,125.66370391845703,0.7060009265733168,171.6677317502594,150.81596244330663
0.9810000000000008,125.88301849365234,125.66370391845703,0.7186247208296327,193.0160665760462,174.96496169475276
0.9820000000000008,125.87488555908203,125.66370391845703,0.7115649000985063,162.32038475021415,147.20456053376537
0.9830000000000008,125.86318969726562,125.66370391845703,0.6941439619420419,153.44518325419165,138.22428887266594
0.9840000000000008,125.85570526123047,125.66370391845703,0.6838603280314784,168.2702102558171,148.80827717887237
0.9850000000000008,125.85881805419922,125.66370391845703,0.6978501785700446,192.73358247841293,175.49215573209455
0.9860000000000008,125.85196685791016,125.66370391845703,0.6930060103961218,165.0715630952871,150.40534289389376
0.9870000000000008,125.84247589111328,125.66370391845703,0.6785457418113477,158.92676037027184,143.73381600439785
0.9880000000000008,125.83796691894531,125.66370391845703,0.6723637052900017,176.18554011385675,156.28212540458992
0.9890000000000008,125.84471893310547,125.66370391845703,0.6915266287548903,202.48227206990705,184.61051429762253
0.9900000000000008,125.84207153320312,125.66370391845703,0.6901794440115059,176.62310405824041,160.95987322917318
0.9910000000000008,125.83705139160156,125.66370391845703,0.6799950876164764,171.5384271662815,154.98773667477843
0.9920000000000008,125.83705139160156,125.66370391845703,0.678553341811419,189.2142133233845,167.62107446145595
0.9930000000000008,125.84814453125,125.66370391845703,0.7021633714586383,214.94354522636166,195.551338439712
0.9940000000000008,125.8495864868164,125.66370391845703,0.7032506346841321,188.53263614736753,171.26419856755086
0.9950000000000008,125.84813690185547,125.66370391845703,0.6954432553768141,182.16659498905688,164.00155819221956
0.9960000000000008,125.85102081298828,125.66370391845703,0.6956608275727248,198.04354022491043,174.90114233349246
0.9970000000000008,125.86421203613281,125.66370391845703,0.7195768122602834,221.5781148431718,200.8615752865019
0.9980000000000008,125.86697387695312,125.66370391845703,0.720931147712977,192.9578929125999,174.6162030579076
0.9990000000000008,125.86597442626953,125.66370391845703,0.7124004360650359,184.02950088431788,165.141656453341
1.0000000000000007,125.868408203125,125.66370391845703,0.7104675850954317,197.2582477464765,173.8057664565013
1.0010000000000006,125.85457611083984,125.66370391845703,0.7307833713356959,218.77222433152454,197.67544976534498
1.0020000000000004,125.82963562011719,125.66370391845703,0.730946187734796,188.036092175905,169.68308484722021
1.0030000000000003,125.8004150390625,125.66370391845703,0.7199849395106735,177.31789883156185,158.87028023516993
1.0040000000000002,125.77433776855469,125.66370391845703,0.7142877610965479,189.28095985766183,166.7181474026595
1.0050000000000001,125.75769805908203,125.66370391845703,0.7300457073624519,210.97689792437586,190.44713975488955
1.006,125.73018646240234,125.66370391845703,0.7288804574936162,180.44709374587833,163.0494246765072
1.007,125.69869232177734,125.66370391845703,0.715040668954702,170.14593264051686,152.99094245735222
1.0079999999999998,125.67076873779297,125.66370391845703,0.7057226479252782,182.97854760481505,161.9279877928527
1.0089999999999997,125.65292358398438,125.66370391845703,0.7182015022659396,206.63387066371038,187.21234715036042
1.0099999999999996,125.62503051757812,125.66370391845703,0.7158315136397567,178.2034959453643,161.93529254790093
1.0109999999999995,125.59403991699219,125.66370391845703,0.7007994154043539,170.25833309685999,154.09780549255376
1.0119999999999993,125.56756591796875,125.66370391845703,0.691215611585513,185.76366097572668,165.40442395557267
1.0129999999999992,125.55219268798828,125.66370391845703,0.7051108829125696,212.26022165827965,193.23065103428044
1.0139999999999991,125.52789306640625,125.66370391845703,0.703668608893672,187.03669048953915,170.79371862712287
1.014999999999999,125.50148010253906,125.66370391845703,0.6908904474231647,182.11442564512296,165.44496550094834
1.015999999999999,125.4804458618164,125.66370391845703,0.6853941462801292,200.44513008728288,178.9148232740918
1.0169999999999988,125.47125244140625,125.66370391845703,0.7050347968586179,228.75010258556722,208.60567464810003
1.0179999999999987,125.453857421875,125.66370391845703,0.7060918407354858,205.80300558757048,187.9856704199574
1.0189999999999986,125.43477630615234,125.66370391845703,0.6974325326486603,202.5291526441029,183.73133017999288
1.0199999999999985,125.42125701904297,125.66370391845703,0.6973867881382956,221.911107552963,197.66254388868455
1.0209999999999984,125.4195556640625,125.66370391845703,0.7227782403101528,249.70065519810814,227.28327785357789
1.0219999999999982,125.40953826904297,125.66370391845703,0.7256267406816567,226.70139820388744,206.41291256227785
1.0229999999999981,125.39744567871094,125.66370391845703,0.7195835570554099,222.66456094095042,201.19257819153904
1.023999999999998,125.39031219482422,125.66370391845703,0.7222105169375309,240.7026457069521,213.6102885838117
1.024999999999998,125.39423370361328,125.66370391845703,0.7493054190832794,266.0109822282804,241.3433827012529
1.0259999999999978,125.38907623291016,125.66370391845703,0.7517074746139498,240.89762830671373,218.5525864594932
1.0269999999999977,125.38092803955078,125.66370391845703,0.7450008784992013,234.35284595580862,211.05516357316836
1.0279999999999976,125.37677001953125,125.66370391845703,0.7461428988109376,249.68697297566857,221.03609722309278
1.0289999999999975,125.38270568847656,125.66370391845703,0.7705400396457456,272.18377598604206,246.3583493857986
1.0299999999999974,125.37869262695312,125.66370391845703,0.7707180664788155,244.48741279783158,221.40760578795997
1.0309999999999973,125.37086486816406,125.66370391845703,0.7610070673966534,235.42769213526273,211.83602482664293
1.0319999999999971,125.36629486083984,125.66370391845703,0.7582378167090469,248.50101127895073,219.98450460514204
1.032999999999997,125.3712387084961,125.66370391845703,0.7780668016520086,269.5190353831164,243.84716402277687
1.033999999999997,125.36582946777344,125.66370391845703,0.7758059429957921,240.4549231009674,217.88809443402505
1.0349999999999968,125.35633850097656,125.66370391845703,0.7629582668665628,230.37840522156975,207.6262020247206
1.0359999999999967,125.34998321533203,125.66370391845703,0.7566508416860999,242.8956770256468,215.47798461628253
1.0369999999999966,125.35320281982422,125.66370391845703,0.7731160441289381,264.34431478524175,239.4872366433466
1.0379999999999965,125.34630584716797,125.66370391845703,0.7696292408601824,235.76682041001115,214.1070174686117
1.0389999999999964,125.33563995361328,125.66370391845703,0.7553901706702035,226.4725081862412,204.64764974286734
1.0399999999999963,125.32852172851562,125.66370391845703,0.7479918232862894,240.0940981707695,213.53613431117554
1.0409999999999962,125.33149719238281,125.66370391845703,0.7641552457428544,263.1449775997258,238.81155076776767
1.041999999999996,125.32493591308594,125.66370391845703,0.7611987615397572,236.22839635454824,214.92234688169498
1.042999999999996,125.31517791748047,125.66370391845703,0.747890319731409,228.58609164709475,206.87481726562717
1.0439999999999958,125.30950164794922,125.66370391845703,0.7421306786242096,243.8413152926323,217.09439315239882
1.0449999999999957,125.31439971923828,125.66370391845703,0.7607070581097234,268.2961008879843,243.61724774710197
1.0459999999999956,125.31026458740234,125.66370391845703,0.7594177404696303,242.86223134940425,220.9601202252699
1.0469999999999955,125.30327606201172,125.66370391845703,0.7483393798128811,236.38218891752183,213.79405529609568
1.0479999999999954,125.30059051513672,125.66370391845703,0.7453156945958658,252.49651011069957,224.5810099143898
1.0489999999999953,125.30860137939453,125.66370391845703,0.7667746417891598,277.15809199041206,251.39977527253825
1.0499999999999952,125.3076400756836,125.66370391845703,0.7669533051643199,252.00744646557447,228.90613829393618
1.050999999999995,125.30372619628906,125.66370391845703,0.7575692985359754,245.383399274816,221.49460058553305
1.051999999999995,125.30388641357422,125.66370391845703,0.7561438187884413,261.00473276360003,231.71617586981964
1.0529999999999948,125.31442260742188,125.66370391845703,0.7786674534002773,284.6579499534543,257.7418959410244
1.0539999999999947,125.31564331054688,125.66370391845703,0.779141687022038,258.5386933654573,234.38086959242906
1.0549999999999946,125.3134536743164,125.66370391845703,0.7697651617707021,250.6599586730961,225.85815509823243
1.0559999999999945,125.31485748291016,125.66370391845703,0.7677587194382297,264.8664196325251,234.84165034749716
1.0569999999999944,125.32613372802734,125.66370391845703,0.7889374184284426,287.12128234412404,259.61279137071944
1.0579999999999943,125.3276138305664,125.66370391845703,0.7885983589639236,259.59030563194665,235.08522694840644
1.0589999999999942,125.32524108886719,125.66370391845703,0.7778017374416236,250.27183112957263,225.39996482947828
1.059999999999994,125.3260269165039,125.66370391845703,0.7736921765785532,263.1393444731359,233.3281593093745
1.060999999999994,125.33634185791016,125.66370391845703,0.7922515460848221,284.5888723442926,257.2393486813185
1.0619999999999938,125.33662414550781,125.66370391845703,0.7908040268427087,256.1987033116927,232.0779728649294
1.0629999999999937,125.33284759521484,125.66370391845703,0.778317844452191,246.17710432310622,221.9167954347609
1.0639999999999936,125.33213806152344,125.66370391845703,0.7720999562599473,258.5883785119666,229.58917317242881
1.0649999999999935,125.3409652709961,125.66370391845703,0.7885036590516948,280.27749667467145,253.50935822943993
1.0659999999999934,125.33985137939453,125.66370391845703,0.7865231281312035,252.0631522317945,228.60351776021508
1.0669999999999933,125.33484649658203,125.66370391845703,0.7732122863823628,242.37095948339856,218.82781802915864
1.0679999999999932,125.33311462402344,125.66370391845703,0.7661531804375246,255.30808349759624,227.0394815862709
1.068999999999993,125.34120178222656,125.66370391845703,0.7820453922254331,277.97581124992695,251.66439175760667
1.069999999999993,125.3396987915039,125.66370391845703,0.7804987632094589,250.69198941111657,227.61283377248435
1.0709999999999928,125.33462524414062,125.66370391845703,0.7676577661087128,241.92433728679845,218.65841921084265
1.0719999999999927,125.33314514160156,125.66370391845703,0.7613122660271637,255.79805596735525,227.67148632119873
1.0729999999999926,125.34180450439453,125.66370391845703,0.7782912015840899,279.4366106274701,253.08673054105827
1.0739999999999925,125.3411865234375,125.66370391845703,0.777864652024235,253.09519620773798,229.8406695059261
1.0749999999999924,125.33723449707031,125.66370391845703,0.7663092838833209,245.07784973571145,221.49205008736996
1.0759999999999923,125.3370590209961,125.66370391845703,0.7614347675354205,259.5389526587296,230.94342401711125
1.0769999999999922,125.34713745117188,125.66370391845703,0.7799578392622077,283.518402196499,256.66244342600186
1.077999999999992,125.34803771972656,125.66370391845703,0.7806252872898906,257.49319485617025,233.65760745424586
1.078999999999992,125.3456039428711,125.66370391845703,0.7701885564350773,249.51651397613566,225.2937525972255
1.0799999999999919,125.34685516357422,125.66370391845703,0.7663175038131853,263.80592855957775,234.5366301957054
1.0809999999999917,125.35821533203125,125.66370391845703,0.7855333258628192,287.3972405415333,259.91718618914683
1.0819999999999916,125.3602523803711,125.66370391845703,0.7866810230561486,260.94291223623867,236.53255053057768
1.0829999999999915,125.35872650146484,125.66370391845703,0.7764775079587944,252.32193760290355,227.60801352997657
1.0839999999999914,125.36062622070312,125.66370391845703,0.7724332228209289,265.845337844294,236.19246835655463
1.0849999999999913,125.37236785888672,125.66370391845703,0.7909823692509754,288.7314380755761,260.8949665269689
1.0859999999999912,125.37452697753906,125.66370391845703,0.7919385764693039,261.50635524478247,236.8813261601345
1.086999999999991,125.37286376953125,125.66370391845703,0.7810993707943539,252.04155763230483,227.28492614860195
1.087999999999991,125.3743667602539,125.66370391845703,0.7759212829314603,264.7479116815568,235.23447843652087
1.0889999999999909,125.38550567626953,125.66370391845703,0.7929389835819207,287.18029417624876,259.40852215409143
1.0899999999999908,125.38690948486328,125.66370391845703,0.7934412101841766,259.4197096012969,235.00380585969805
1.0909999999999906,125.38435363769531,125.66370391845703,0.7816926584899759,249.46204476977246,225.07209186214726
1.0919999999999905,125.38487243652344,125.66370391845703,0.7752326181737317,261.7996034873045,232.80077945518875
1.0929999999999904,125.39501190185547,125.66370391845703,0.7908294648910736,284.34799586355757,256.91482104737867
1.0939999999999903,125.39544677734375,125.66370391845703,0.7911306679183653,256.62263408313146,232.61431381370193
1.0949999999999902,125.39199829101562,125.66370391845703,0.7788755764184819,246.75782620337813,222.84132023733403
1.09599999999999,125.3917236328125,125.66370391845703,0.771764060669086,259.3000753304336,230.81949237017582
1.09699999999999,125.40120697021484,125.66370391845703,0.7868050127794239,282.4249588239361,255.3001542153048
1.0979999999999899,125.40119934082031,125.66370391845703,0.7874354708003649,255.20930387363572,231.48678056935503
1.0989999999999898,125.39746856689453,125.66370391845703,0.7753935476318262,245.83056620404412,222.16972007720966
1.0999999999999897,125.39710998535156,125.66370391845703,0.7685174675971151,258.8729258737527,230.60046751224482
1.1009999999999895,125.40668487548828,125.66370391845703,0.7839481378468869,282.6348639514667,255.55271670469352
1.1019999999999894,125.40697479248047,125.66370391845703,0.7853312259562932,256.0037136874907,232.25699500258156
1.1029999999999893,125.4037094116211,125.66370391845703,0.774020100012957,247.07671491643663,223.32656268618493
1.1039999999999892,125.40391540527344,125.66370391845703,0.7678946267820681,260.47942058418124,232.04959022806395
1.104999999999989,125.41415405273438,125.66370391845703,0.7840896375933745,284.55984495014104,257.23457004765555
1.105999999999989,125.41519927978516,125.66370391845703,0.7862711854921945,258.1982120518513,234.1674559071252
1.1069999999999889,125.41270446777344,125.66370391845703,0.7756818732226499,249.34802084315234,225.28964473016697
1.1079999999999888,125.41366577148438,125.66370391845703,0.7701479884200017,262.6946713536183,233.94380492604492
1.1089999999999887,125.42459869384766,125.66370391845703,0.7867315744913935,286.66788953640076,258.99106045800755
1.1099999999999886,125.42627716064453,125.66370391845703,0.7894036060477113,260.14167383449865,235.78671521453504
1.1109999999999884,125.42430877685547,125.66370391845703,0.7790840875141561,250.95604987656202,226.62755646994006
1.1119999999999883,125.42564392089844,125.66370391845703,0.7735182646484228,263.874935731393,234.9239618856194
1.1129999999999882,125.43680572509766,125.66370391845703,0.7897353732229763,287.5114220577749,259.60042535677485
1.113999999999988,125.43859100341797,125.66370391845703,0.7925040785758242,260.5784357915885,236.0747482050299
1.114999999999988,125.43656921386719,125.66370391845703,0.7819389490248724,250.89154856111264,226.52567012248215
1.115999999999988,125.43769836425781,125.66370391845703,0.7757508720669056,263.29950723918273,234.43190691793086
1.1169999999999878,125.44852447509766,125.66370391845703,0.7910363076556358,286.6919376375866,258.77874633720444
1.1179999999999877,125.44988250732422,125.66370391845703,0.7937027469712674,259.43786955647226,235.02762561114892
1.1189999999999876,125.44734191894531,125.66370391845703,0.7826695176619254,249.40625398318213,225.24617202794312
1.1199999999999875,125.44788360595703,125.66370391845703,0.7756893972613764,261.5222763104521,232.9708390314744
1.1209999999999873,125.45808410644531,125.66370391845703,0.7900103953167764,284.9760325943759,257.2356710728094
1.1219999999999872,125.45883178710938,125.66370391845703,0.7926717924511956,257.70970011416756,233.53055755138664
1.1229999999999871,125.4557113647461,125.66370391845703,0.7813413108806572,247.66007756708575,223.79607907609994
1.123999999999987,125.45570373535156,125.66370391845703,0.7738654726974338,259.81361644791855,231.6134351751979
1.124999999999987,125.46542358398438,125.66370391845703,0.7876614279189612,283.6106448701054,256.0535683143183
1.1259999999999868,125.46581268310547,125.66370391845703,0.7906036353409303,256.6246583607734,232.63419971540904
1.1269999999999867,125.4624252319336,125.66370391845703,0.7793695389467042,246.8097488488046,223.14264523620582
1.1279999999999866,125.46224212646484,125.66370391845703,0.7718968901902786,259.2029868062802,231.19871661828324
1.1289999999999865,125.4719009399414,125.66370391845703,0.7857204759191555,283.4164941920565,255.90665489041933
1.1299999999999863,125.47235870361328,125.66370391845703,0.7892031292636217,256.7940431940843,232.82540982961217
1.1309999999999862,125.46913146972656,125.66370391845703,0.77838949438302,247.23398991048037,223.57031874580423
1.1319999999999861,125.46919250488281,125.66370391845703,0.771260104247387,259.82451511945146,231.80368584515517
1.132999999999986,125.47914123535156,125.66370391845703,0.785389564277806,284.3011563726355,256.66901562882066
1.133999999999986,125.47998046875,125.66370391845703,0.789476198693453,257.8918573706609,233.7842347162721
1.1349999999999858,125.47715759277344,125.66370391845703,0.7791293694487567,248.39513440633877,224.59126635889112
1.1359999999999857,125.47760009765625,125.66370391845703,0.7723166756890453,260.9600877825399,232.8047744866537
1.1369999999999856,125.48793029785156,125.66370391845703,0.7866048991842074,285.45664417867516,257.61804024156476
1.1379999999999855,125.48912811279297,125.66370391845703,0.79114876130633,259.01283599671564,234.71859141179382
1.1389999999999854,125.48661041259766,125.66370391845703,0.7810468013062798,249.33625130600936,225.38761959945379
1.1399999999999852,125.48728942871094,125.66370391845703,0.7742296072655686,261.64823095385657,233.4007416036321
1.1409999999999851,125.49775695800781,125.66370391845703,0.7882664149003136,286.00817972823535,258.00822772046513
1.141999999999985,125.4990463256836,125.66370391845703,0.793042707781204,259.3665542894112,234.9664739458591
1.142999999999985,125.49652862548828,125.66370391845703,0.7828872827195379,249.38643386562964,225.41009924697084
1.1439999999999848,125.49710845947266,125.66370391845703,0.7757120009324673,261.36656436575004,233.17745964429696
1.1449999999999847,125.50740051269531,125.66370391845703,0.7891398030540488,285.6121708454596,257.5759125067573
1.1459999999999846,125.50846862792969,125.66370391845703,0.7940097947134077,258.7920292423488,234.4220715939442
1.1469999999999845,125.50566101074219,125.66370391845703,0.7836385314775118,248.56991994881156,224.70804933289432
1.1479999999999844,125.50589752197266,125.66370391845703,0.7759601440142602,260.3186150482459,232.32994390712938
1.1489999999999843,125.51580810546875,125.66370391845703,0.7887026571281202,284.60936645164935,256.64617449222675
1.1499999999999841,125.51651000976562,125.66370391845703,0.7936931693690289,257.773791345308,233.5258559834368
1.150999999999984,125.51334381103516,125.66370391845703,0.7831665678176204,247.48811702925045,223.80920155817935
1.151999999999984,125.51321411132812,125.66370391845703,0.7751123028731156,259.1909330068321,231.44268299969266
1.1529999999999838,125.52279663085938,125.66370391845703,0.7873815079544598,283.6961546493297,255.82897392777326
1.1539999999999837,125.52323913574219,125.66370391845703,0.7926429108541712,257.0224065397779,232.88948624917776
1.1549999999999836,125.51985931396484,125.66370391845703,0.7821712325379667,246.83173969817312,223.29586720921617
1.1559999999999835,125.51956939697266,125.66370391845703,0.7740158014304998,258.62193178416953,231.04082449165006
1.1569999999999834,125.52903747558594,125.66370391845703,0.786128394752653,283.4057527637817,255.56845201348992
1.1579999999999833,125.52946472167969,125.66370391845703,0.7918176860203114,256.96521868740024,232.86059930678732
1.1589999999999832,125.526123046875,125.66370391845703,0.7815999405920487,246.904948567169,223.40658764952147
1.159999999999983,125.52590942382812,125.66370391845703,0.7735611461915756,258.7812694628618,231.24678797863132
1.160999999999983,125.53549194335938,125.66370391845703,0.7857108927559988,283.77510212707597,255.86960354759262
1.1619999999999828,125.53610229492188,125.66370391845703,0.7918865067013358,257.5018747840167,233.3286709296228
1.1629999999999827,125.532958984375,125.66370391845703,0.7819791972194944,247.4786280581985,223.9268181436059
1.1639999999999826,125.53294372558594,125.66370391845703,0.7740797489611291,259.32534458528573,231.7575545587436
1.1649999999999825,125.54271697998047,125.66370391845703,0.7862237033116614,284.3932618008009,256.3595720386136
1.1659999999999824,125.54353332519531,125.66370391845703,0.7928211662767715,258.1493912454311,233.8665785961465
1.1669999999999823,125.54057312011719,125.66370391845703,0.7831215360629685,248.02259242663365,224.39951491361694
1.1679999999999822,125.54069519042969,125.66370391845703,0.7752023257982888,259.7032983037866,232.11042267523078
1.168999999999982,125.55055236816406,125.66370391845703,0.7871236515458798,284.7427489214621,256.59318969440875
1.169999999999982,125.55143737792969,125.66370391845703,0.7940180826319155,258.42223473855955,234.06354267975019
1.1709999999999818,125.54850006103516,125.66370391845703,0.7843577034693664,248.10534169949537,224.46720270543258
1.1719999999999817,125.54857635498047,125.66370391845703,0.7762120719336986,259.556847514783,232.01666638270268
1.1729999999999816,125.55833435058594,125.66370391845703,0.7876906889648662,292.9531355931435,256.3620354716833
1.1739999999999815,125.58296966552734,125.66370391845703,0.8309908806769618,327.2039779140611,293.786350357747
1.1749999999999814,125.6000747680664,125.66370391845703,0.8388377130078876,307.46588712971516,274.90377363325047
1.1759999999999813,125.615234375,125.66370391845703,0.842683674299882,305.41562123317647,270.0522686599097
1.1769999999999812,125.6346206665039,125.66370391845703,0.8574736216923635,314.0305364164963,280.73245389079653
1.177999999999981,125.63935852050781,125.66370391845703,0.8613113058872927,271.68348999435256,243.9406218554577
1.178999999999981,125.63477325439453,125.66370391845703,0.8443750810776648,245.13731332488985,220.49591361347888
1.1799999999999808,125.62816619873047,125.66370391845703,0.8226029463135915,241.17934517612136,215.4185075750683
1.1809999999999807,125.6269760131836,125.66370391845703,0.813759731706653,260.88437513092896,229.00796126487825
1.1819999999999806,125.6373291015625,125.66370391845703,0.8326307940792265,286.46651794640877,258.03430344515203
1.1829999999999805,125.63764190673828,125.66370391845703,0.8269544131608465,258.46805924066126,232.80961950692432
1.1839999999999804,125.63459777832031,125.66370391845703,0.8139532850663708,250.96192725792005,224.3675232832122
1.1849999999999803,125.63550567626953,125.66370391845703,0.810483409502035,266.48749200894156,234.30435014834322
1.1859999999999802,125.64653778076172,125.66370391845703,0.8311130094289587,287.8611476279324,259.77043059231875
1.18699999999998,125.64616394042969,125.66370391845703,0.8252344395193982,256.0418602740674,231.1163848199766
1.18799999999998,125.64126586914062,125.66370391845703,0.8105605999949983,245.0372489145597,219.72371513596954
1.1889999999999799,125.63941955566406,125.66370391845703,0.8038291877288505,257.68263495284026,227.39498004762078
1.1899999999999797,125.64712524414062,125.66370391845703,0.8201896973703267,277.7121287673125,251.40962374240246
1.1909999999999796,125.64311981201172,125.66370391845703,0.8121393238564796,244.84546262832848,221.96143421844732
1.1919999999999795,125.63455200195312,125.66370391845703,0.7946666008643651,233.5358250143517,210.49843350420196
1.1929999999999794,125.62930297851562,125.66370391845703,0.7850017890003581,246.678797021943,218.83146135823876
1.1939999999999793,125.6341552734375,125.66370391845703,0.799144588262292,268.6214580311453,244.2020574989995
1.1949999999999792,125.62802124023438,125.66370391845703,0.7909176903020685,237.7723939477451,216.59353080829047
1.195999999999979,125.61817932128906,125.66370391845703,0.7736130329683258,228.8589508146186,207.2646364991005
1.196999999999979,125.61259460449219,125.66370391845703,0.7650671621554738,244.7083518862484,217.95178896154837
1.1979999999999789,125.61810302734375,125.66370391845703,0.7817387122743276,269.6188239312377,245.8100713457026
1.1989999999999787,125.61361694335938,125.66370391845703,0.7758968472263533,241.74797146508988,220.7195813300172
1.1999999999999786,125.60630798339844,125.66370391845703,0.7619453034161484,235.55405950093098,213.59393228442653
1.2009999999999785,125.60398864746094,125.66370391845703,0.7578820106974721,253.79916182611876,226.1328901373817
1.2019999999999784,125.61334228515625,125.66370391845703,0.7798383897586889,280.26141657581434,255.46632536198825
1.2029999999999783,125.61316680908203,125.66370391845703,0.7771969333991605,253.93549603747607,231.5403715471855
1.2039999999999782,125.61036682128906,125.66370391845703,0.7671641514580668,248.61743058536905,224.93133092752575
1.204999999999978,125.6125259399414,125.66370391845703,0.7673078922999627,267.1041105321176,237.4040445033559
1.205999999999978,125.62612915039062,125.66370391845703,0.7929915907747948,292.71162141788335,266.16826111021544
1.2069999999999779,125.62984466552734,125.66370391845703,0.792086518764181,265.51448272291054,241.34263140642184
1.2079999999999778,125.63035583496094,125.66370391845703,0.7836500862510196,258.71317869776004,233.3041997247885
1.2089999999999776,125.6351089477539,125.66370391845703,0.7846482708852041,275.25265726062196,243.96772091564932
1.2099999999999775,125.6504898071289,125.66370391845703,0.8099377401011176,298.4893843230676,270.69396603054287
1.2109999999999774,125.65514373779297,125.66370391845703,0.8085429472758231,268.8655667660241,243.7574438597304
1.2119999999999773,125.65570831298828,125.66370391845703,0.7987305849523315,259.4346385977675,233.493359095926
1.2129999999999772,125.65965270996094,125.66370391845703,0.7971519082450038,273.3388575862242,241.98087280665942
1.213999999999977,125.67343139648438,125.66370391845703,0.8187362251776937,294.5354080852575,266.7277868108633
1.214999999999977,125.67579650878906,125.66370391845703,0.8155966866028052,262.7561070630951,238.05701352535166
1.2159999999999769,125.67350006103516,125.66370391845703,0.8029297247340419,251.39386646709883,226.3290675303134
1.2169999999999768,125.67414855957031,125.66370391845703,0.7974989046935731,263.7516682443507,233.73292935720994
1.2179999999999767,125.68438720703125,125.66370391845703,0.8147686375867076,284.6281560416892,257.8586426937453
1.2189999999999765,125.6831283569336,125.66370391845703,0.8101775606633481,252.3706461768614,228.9673782359482
1.2199999999999764,125.6772689819336,125.66370391845703,0.7952597597776747,240.90638205680446,217.38616896117585
1.2209999999999763,125.67457580566406,125.66370391845703,0.7871997465836671,253.61538840283362,225.3371429118958
1.2219999999999762,125.68185424804688,125.66370391845703,0.8021419923560477,275.9464424767391,250.41978671447225
1.222999999999976,125.67814636230469,125.66370391845703,0.7975022263690479,244.98612463172887,222.7981704563183
1.223999999999976,125.67040252685547,125.66370391845703,0.7823368640369824,235.0081265810024,212.6348887240736
1.2249999999999759,125.66644287109375,125.66370391845703,0.7742976208140807,249.40216907245647,222.14191372182066
1.2259999999999758,125.67312622070312,125.66370391845703,0.789984402343461,273.83545673940023,248.8985114774082
1.2269999999999757,125.66951751708984,125.66370391845703,0.7868308879915531,244.85783309236564,223.02730424705086
1.2279999999999756,125.66249084472656,125.66370391845703,0.773429558285248,236.69638854288294,214.4178008054851
1.2289999999999754,125.6597900390625,125.66370391845703,0.7676565101952686,252.742449480248,225.28688238587614
1.2299999999999753,125.66819763183594,125.66370391845703,0.7861123948450263,278.5345507018432,253.2213711082339
1.2309999999999752,125.66673278808594,125.66370391845703,0.7850737398947703,250.83937983949335,228.4014314911937
1.2319999999999751,125.66209411621094,125.66370391845703,0.7740807351801755,243.52909790473316,220.42241640019293
1.232999999999975,125.6618881225586,125.66370391845703,0.7708813978644494,260.04538921855493,231.56127923970624
1.233999999999975,125.67277526855469,125.66370391845703,0.7917429983113834,285.75695443251396,259.4710923164822
1.2349999999999748,125.67371368408203,125.66370391845703,0.7921746839019518,257.9245082633843,234.46193447729485
1.2359999999999747,125.67124938964844,125.66370391845703,0.7825501271650965,250.03253948718023,225.89888211012754
1.2369999999999746,125.67286682128906,125.66370391845703,0.7803097910140134,265.638661582509,236.17208866798762
1.2379999999999745,125.68516540527344,125.66370391845703,0.8014172296754288,290.190068117491,263.0476210249427
1.2389999999999743,125.68709564208984,125.66370391845703,0.8020453204511416,261.13028133160634,236.97008374553016
1.2399999999999742,125.68511962890625,125.66370391845703,0.7920658154165908,251.77644602910348,227.1643559867915
1.2409999999999741,125.68671417236328,125.66370391845703,0.7887009009170614,265.83872857640677,236.1507621846461
1.241999999999974,125.69851684570312,125.66370391845703,0.8078993063364198,289.17209800461177,261.8146868273101
1.242999999999974,125.69951629638672,125.66370391845703,0.8078061583034967,258.8022151140069,234.68239699627824
1.2439999999999738,125.69622802734375,125.66370391845703,0.7963518831232768,248.16307234458245,223.8870413891736
1.2449999999999737,125.6961898803711,125.66370391845703,0.7907720103993853,261.10533413774556,232.05430827033607
1.2459999999999736,125.70613098144531,125.66370391845703,0.8072995741883333,284.0697442729842,257.15694553420775
1.2469999999999735,125.70516204833984,125.66370391845703,0.8064409209236236,253.22292927911874,229.73949444592367
1.2479999999999734,125.6998519897461,125.66370391845703,0.7935888753315076,242.2595764103028,218.8192641451671
1.2489999999999732,125.69783782958984,125.66370391845703,0.7861967229901707,255.12577913679831,227.08360658300566
1.2499999999999731,125.70594024658203,125.66370391845703,0.8009182256442051,278.7779891476123,252.54960117517254
1.250999999999973,125.70338439941406,125.66370391845703,0.7999978281899504,248.51744656912444,225.75278148559931
1.251999999999973,125.69676971435547,125.66370391845703,0.7867771066712616,238.2228753289013,215.52061324845815
1.2529999999999728,125.69375610351562,125.66370391845703,0.7789908625278241,251.8928197258871,224.5715900619539
1.2539999999999727,125.70122528076172,125.66370391845703,0.7936295282071324,276.76498012799055,250.9438248716523
1.2549999999999726,125.69845581054688,125.66370391845703,0.7935558886892264,247.64611174133452,225.1885172353136
1.2559999999999725,125.69197845458984,125.66370391845703,0.7811717485299957,238.38149878136267,215.87225178936023
1.2569999999999724,125.68943786621094,125.66370391845703,0.7743884922583774,253.00973709906123,225.7462823203034
1.2579999999999723,125.69768524169922,125.66370391845703,0.7902959292168729,278.8329451334742,252.879223311247
1.2589999999999721,125.69599151611328,125.66370391845703,0.7915610876428444,250.60919669402662,227.89314666152615
1.259999999999972,125.69078826904297,125.66370391845703,0.7805715285634454,241.95509412174528,219.069242676473
1.260999999999972,125.68962860107422,125.66370391845703,0.7752243695264269,256.97166512844217,229.21960514430947
1.2619999999999718,125.69930267333984,125.66370391845703,0.7924951685349292,282.9703831809881,256.4749563939141
1.2629999999999717,125.69906616210938,125.66370391845703,0.7948830785305842,254.873337156048,231.57527195856554
1.2639999999999716,125.69524383544922,125.66370391845703,0.7848908907234905,246.0200959025114,222.54436080030072
1.2649999999999715,125.69529724121094,125.66370391845703,0.7802707838816474,260.61181859249496,232.28759063136943
1.2659999999999714,125.70598602294922,125.66370391845703,0.7978456490671627,286.0908818271629,259.0277602030237
1.2669999999999713,125.7065658569336,125.66370391845703,0.8006806872850664,257.41650364376756,233.63424468547396
1.2679999999999712,125.70328521728516,125.66370391845703,0.790748025164573,247.75759654706127,223.92432998415316
1.268999999999971,125.70357513427734,125.66370391845703,0.7856658317711716,261.44154994819445,232.91173416152935
1.269999999999971,125.7142105102539,125.66370391845703,0.802234905949912,286.23403927010287,258.9205477342633
1.2709999999999708,125.7145004272461,125.66370391845703,0.8049165973178279,256.80161676176505,232.92619146759353
1.2719999999999707,125.71067810058594,125.66370391845703,0.7942867955750967,246.30641972913477,222.57235471153848
1.2729999999999706,125.71019744873047,125.66370391845703,0.7879451356737621,259.2012600731881,230.971690070603
1.2739999999999705,125.71987915039062,125.66370391845703,0.8028487339869708,283.7004812749873,256.5354156313037
1.2749999999999704,125.71912384033203,125.66370391845703,0.8052315074911417,253.89779547538242,230.3104437191984
1.2759999999999703,125.71417999267578,125.66370391845703,0.7937885281092167,243.0482816417717,219.75861691702335
1.2769999999999702,125.71253967285156,125.66370391845703,0.7862274828919331,255.7072919663942,228.06767013292261
1.27799999999997,125.7210922241211,125.66370391845703,0.7997697047752115,280.5232220674954,253.7116027224567
1.27899999999997,125.7193374633789,125.66370391845703,0.8021809000249851,250.96848755914803,227.790681673544
1.2799999999999698,125.71350860595703,125.66370391845703,0.7904203125567598,240.36564661996536,217.5430250325987
1.2809999999999697,125.71113586425781,125.66370391845703,0.7823623953366556,253.34634832913332,226.2113952268031
1.2819999999999696,125.7191390991211,125.66370391845703,0.7954751859725986,278.8697711894283,252.31603336145756
1.2829999999999695,125.71707916259766,125.66370391845703,0.7984387013335065,249.97027595991923,227.02138392655303
1.2839999999999694,125.71115112304688,125.66370391845703,0.7870640979943353,239.9190046125365,217.2954992874226
1.2849999999999693,125.70886993408203,125.66370391845703,0.7793545849778497,253.4124628589938,226.4328942796031
1.2859999999999692,125.7171401977539,125.66370391845703,0.7929062451873364,279.58828991505703,253.00161883358126
1.286999999999969,125.715576171875,125.66370391845703,0.7967756506585365,251.30252299415795,228.2615701267865
1.287999999999969,125.71028900146484,125.66370391845703,0.7862090660034694,241.652438051821,218.88775060299767
1.2889999999999688,125.70872497558594,125.66370391845703,0.7792385271230264,255.40852461765087,228.23994887798753
1.2899999999999687,125.7177734375,125.66370391845703,0.7934579364311253,281.8368874255035,254.95046532080153
1.2909999999999686,125.71705627441406,125.66370391845703,0.7982010399897264,253.76793773668356,230.40524909289508
1.2919999999999685,125.71260833740234,125.66370391845703,0.788335225893428,244.0783953260833,220.9950619128958
1.2929999999999684,125.71179962158203,125.66370391845703,0.7818351352448618,257.63376447803984,230.1641634020983
1.2939999999999683,125.72151947021484,125.66370391845703,0.7962418550390575,283.88406138014955,256.6277336902433
1.2949999999999682,125.72139739990234,125.66370391845703,0.8015167542129246,255.5948678434849,231.91050766081807
1.295999999999968,125.71739959716797,125.66370391845703,0.7918641128854398,245.46841306933632,222.14546710988475
1.296999999999968,125.71687316894531,125.66370391845703,0.7851850960679092,258.4828229055889,230.8730412140925
1.2979999999999678,125.72669219970703,125.66370391845703,0.7990179427346685,284.3820979663371,256.8998609393086
1.2989999999999677,125.72655487060547,125.66370391845703,0.8044516412240823,255.6919049736342,231.88163078123122
1.2999999999999676,125.72238159179688,125.66370391845703,0.7945307802636066,245.03109653764693,221.71383926530137
1.3009999999999675,125.72151184082031,125.66370391845703,0.7871345700074392,257.4937480255905,230.03084524471797
1.3019999999999674,125.7308578491211,125.66370391845703,0.7998970562349512,283.20251331544324,255.7256247779453
1.3029999999999673,125.7302017211914,125.66370391845703,0.8053370797727574,254.27090886543184,230.56776029543852
1.3039999999999672,125.72542572021484,125.66370391845703,0.7949877912217141,243.29953820108364,220.21285192033744
1.304999999999967,125.7238998413086,125.66370391845703,0.7867797674995682,255.48766217107064,228.37688833905887
1.305999999999967,125.7325668334961,125.66370391845703,0.7985188105821227,281.3443682987749,254.0260139100811
1.3069999999999669,125.7313003540039,125.66370391845703,0.8040978608541492,252.51812694321265,229.03326121626353
1.3079999999999667,125.72595977783203,125.66370391845703,0.7935347815207747,241.58702153378508,218.79024305909735
1.3089999999999666,125.72391510009766,125.66370391845703,0.7848567224313014,253.79375519424437,227.08194161118232
1.3099999999999665,125.7320556640625,125.66370391845703,0.795828234038791,279.8368815362731,252.69672978859884
1.3109999999999664,125.73043060302734,125.66370391845703,0.8017928915214378,251.4252909180716,228.13287252563376
1.3119999999999663,125.724853515625,125.66370391845703,0.7913493258206438,240.65722228160342,218.18965089076045
1.3129999999999662,125.72245025634766,125.66370391845703,0.782110231009209,252.39509768442602,226.16560133057402
1.313999999999966,125.73008728027344,125.66370391845703,0.7921145327523171,278.1087386720823,251.4398755390453
1.314999999999966,125.72779083251953,125.66370391845703,0.7975793113478358,249.1649717846734,226.43654711783873
1.3159999999999659,125.72142028808594,125.66370391845703,0.7863462038799837,237.99453084566497,216.19306813514723
1.3169999999999658,125.71818542480469,125.66370391845703,0.7761170302418601,249.54631163912364,224.07248118712957
1.3179999999999656,125.72505950927734,125.66370391845703,0.7851954224281346,280.2718253602514,249.50176541349046
1.3189999999999655,125.74089050292969,125.66370391845703,0.809756092308493,300.93969098654287,272.04663525835076
1.3199999999999654,125.75021362304688,125.66370391845703,0.8147259404634363,283.9950195839546,255.71661076731783
1.3209999999999653,125.75943756103516,125.66370391845703,0.8172426917538258,286.9745364143808,255.48942848586137
1.3219999999999652,125.77503204345703,125.66370391845703,0.8327151356189493,301.7547354995963,271.5384239767326
1.322999999999965,125.77693176269531,125.66370391845703,0.8383827142525203,262.4059417733787,237.10756763980675
1.323999999999965,125.7709732055664,125.66370391845703,0.8244461678874411,240.2499355773294,217.3311200322703
1.3249999999999649,125.76457977294922,125.66370391845703,0.8070409454222714,241.02700492861007,216.21118103085178
1.3259999999999648,125.76514434814453,125.66370391845703,0.8040605335504664,262.3068923083383,233.71701661884705
1.3269999999999647,125.7724380493164,125.66370391845703,0.8155063322232528,276.924078550747,250.677093559328
1.3279999999999645,125.771240234375,125.66370391845703,0.8116248925719017,253.5356233307722,229.29202828717945
1.3289999999999644,125.76859283447266,125.66370391845703,0.8025358818631952,251.7014822451459,225.6597547931776
1.3299999999999643,125.77171325683594,125.66370391845703,0.8049319720029053,269.6031356176431,240.15632196681088
1.3309999999999642,125.7804946899414,125.66370391845703,0.8188484692290987,281.04671285794933,254.42041464192934
1.331999999999964,125.77948760986328,125.66370391845703,0.8155395722238306,254.0510061991162,229.80499811250198
1.332999999999964,125.77582550048828,125.66370391845703,0.8054266911014762,248.59591611159652,223.09808623202733
1.3339999999999639,125.77685546875,125.66370391845703,0.8050118048121994,263.3619675132891,234.9242307064888
1.3349999999999638,125.78290557861328,125.66370391845703,0.8155631823514314,273.0995473453956,247.56573464980653
1.3359999999999637,125.77855682373047,125.66370391845703,0.8100684899193416,244.1466649589854,221.3870567972998
1.3369999999999636,125.77114868164062,125.66370391845703,0.7967450206491746,237.2815102073994,213.68668005866178
1.3379999999999634,125.76831817626953,125.66370391845703,0.7924745296349327,251.5595078119496,225.18164939861705
1.3389999999999633,125.77084350585938,125.66370391845703,0.8000326616227963,262.46878409240475,238.6627675919463
1.3399999999999632,125.7633285522461,125.66370391845703,0.7934245629541311,234.37118584094105,213.3910035977387
1.340999999999963,125.7532730102539,125.66370391845703,0.778789280192505,228.80662288212596,206.98692869951853
1.341999999999963,125.74845886230469,125.66370391845703,0.7736097820121725,245.02058223467287,220.15895839407256
1.342999999999963,125.75,125.66370391845703,0.7816885083845923,258.91074705294534,236.15185315807744
1.3439999999999628,125.74237823486328,125.66370391845703,0.7764577985918686,233.32778036360668,213.09393624555554
1.3449999999999627,125.7330551147461,125.66370391845703,0.763753791502414,230.22703559956463,208.78163706597667
1.3459999999999626,125.72974395751953,125.66370391845703,0.7614648881733416,248.84122486491611,223.9048937180129
1.3469999999999624,125.73370361328125,125.66370391845703,0.7733286369122919,265.29621885197,242.19232953674143
1.3479999999999623,125.72913360595703,125.66370391845703,0.7710698870219628,241.6757668984768,220.72973109299917
1.3489999999999622,125.72327423095703,125.66370391845703,0.7619399157511154,239.9938825194587,217.47335366608706
1.3499999999999621,125.7236557006836,125.66370391845703,0.7636347767171066,259.517101702221,233.17351781461127
1.350999999999962,125.73157501220703,125.66370391845703,0.7794497234286654,276.61538465698345,252.14226717997428
1.351999999999962,125.73090362548828,125.66370391845703,0.7796138372492668,253.00130903310907,230.537283389872
1.3529999999999618,125.72864532470703,125.66370391845703,0.7729470801824727,250.6679898158317,226.54780987972947
1.3539999999999617,125.73216247558594,125.66370391845703,0.7766296683205015,269.0299263673348,241.06525549298328
1.3549999999999616,125.74281311035156,125.66370391845703,0.7937860305160378,284.92034212956054,259.04964383588583
1.3559999999999615,125.74422454833984,125.66370391845703,0.7944618433724668,259.47055957405394,235.79054829481342
1.3569999999999613,125.74325561523438,125.66370391845703,0.7876133674285739,254.89296783193885,229.83124349561717
1.3579999999999612,125.74723052978516,125.66370391845703,0.7900193044036498,270.89337480562943,242.24524620823672
1.3589999999999611,125.7577133178711,125.66370391845703,0.8053469947752967,285.04323421527755,258.6529560350477
1.359999999999961,125.7581787109375,125.66370391845703,0.8048163637489029,257.26104499409837,233.44906486360713
1.360999999999961,125.75552368164062,125.66370391845703,0.7956746338199335,250.34885315152079,225.61192805490984
1.3619999999999608,125.75714874267578,125.66370391845703,0.7946613928320881,264.3750767638155,236.37519864165805
1.3629999999999607,125.76497650146484,125.66370391845703,0.806579328127539,277.7964318266312,251.9789616574162
1.3639999999999606,125.76240539550781,125.66370391845703,0.804383900194707,248.72904538539572,225.83750107002479
1.3649999999999605,125.7564697265625,125.66370391845703,0.7925998706219616,240.80270253061744,217.35169904344014
1.3659999999999604,125.75470733642578,125.66370391845703,0.788271293699723,254.4092642311897,227.8513898887167
1.3669999999999602,125.7594223022461,125.66370391845703,0.7975091512503477,268.8200805260906,244.1358807170942
1.3679999999999601,125.75396728515625,125.66370391845703,0.7945217731459455,240.201417525462,218.56058644805884
1.36899999999996,125.74545288085938,125.66370391845703,0.7814623537037224,232.96559835697985,210.8570091979245
1.36999999999996,125.74153900146484,125.66370391845703,0.7758292860503695,247.72030434821363,222.39251229626478
1.3709999999999598,125.74481201171875,125.66370391845703,0.784767971712745,264.32190985299945,240.48851590960794
1.3719999999999597,125.73851776123047,125.66370391845703,0.782528912595207,237.34778013456238,216.4254027447704
1.3729999999999596,125.72974395751953,125.66370391845703,0.770290935716266,231.717137225717,210.16077308092562
1.3739999999999595,125.72611236572266,125.66370391845703,0.7658790310023954,248.16002889465747,223.0851097429588
1.3749999999999594,125.73041534423828,125.66370391845703,0.776933980962552,266.8903945966444,243.05128291655805
1.3759999999999593,125.7256851196289,125.66370391845703,0.776613364598353,241.48037885776955,220.31766445865702
1.3769999999999591,125.7188491821289,125.66370391845703,0.7665951151821223,237.05378504167686,215.01922302704693
1.377999999999959,125.71742248535156,125.66370391845703,0.7646994688696976,254.44543565517523,228.60446587177157
1.378999999999959,125.72429656982422,125.66370391845703,0.7786237523097524,274.15414594645654,249.50262911578866
1.3799999999999588,125.72223663330078,125.66370391845703,0.7802093815467395,249.1392235859447,227.03040080799545
1.3809999999999587,125.7179946899414,125.66370391845703,0.7721492990317493,244.60414828227638,221.53184852472353
1.3819999999999586,125.71893310546875,125.66370391845703,0.7719797662585578,261.54831202492596,234.56878169978893
1.3829999999999585,125.72807312011719,125.66370391845703,0.7874300229643311,280.8794997950146,255.19462430684965
1.3839999999999584,125.72792053222656,125.66370391845703,0.7898327949783256,254.89594135371388,231.8358660058399
1.3849999999999583,125.72509765625,125.66370391845703,0.7821577773373938,248.99897787889043,225.12659716148983
1.3859999999999582,125.72691345214844,125.66370391845703,0.7816352699080362,264.4378626761702,236.7789405282302
1.386999999999958,125.73655700683594,125.66370391845703,0.7963683800394837,282.7574879237786,256.49024482014397
1.387999999999958,125.73638153076172,125.66370391845703,0.798332743765664,255.17827082257628,231.78955611145625
1.3889999999999578,125.73297119140625,125.66370391845703,0.789435017923845,247.55549863052366,223.67004106147692
1.3899999999999577,125.73367309570312,125.66370391845703,0.7867971322774239,261.4365968606581,233.99020248805923
1.3909999999999576,125.74195098876953,125.66370391845703,0.7992996579848926,279.1776627165669,253.073761607528
1.3919999999999575,125.74006652832031,125.66370391845703,0.8002602031535762,250.45393604947702,227.49964550940922
1.3929999999999574,125.73465728759766,125.66370391845703,0.7895498832923926,241.77965911900353,218.629283823532
1.3939999999999573,125.73313903808594,125.66370391845703,0.7844300306979234,254.98334505255426,228.42940887719593
1.3949999999999572,125.73933410644531,125.66370391845703,0.7947736612391572,273.2394627268541,247.8108187999968
1.395999999999957,125.73539733886719,125.66370391845703,0.795102918897647,244.4859997544163,222.34757480991863
1.396999999999957,125.72803497314453,125.66370391845703,0.7832300150570387,235.91295058976152,213.7150110211591
1.3979999999999568,125.72474670410156,125.66370391845703,0.776704632490907,249.56799656706644,223.9446974397199
1.3989999999999567,125.72962951660156,125.66370391845703,0.7863321725404124,269.2895305265232,244.5014780588755
1.3999999999999566,125.72474670410156,125.66370391845703,0.7869993002245848,241.47228422814453,219.93879346742193
1.4009999999999565,125.71678161621094,125.66370391845703,0.7753172707696804,233.81300979148884,212.16746871884
1.4019999999999564,125.7132339477539,125.66370391845703,0.7690933427805108,248.52039236419478,223.26470184473192
1.4029999999999563,125.71842193603516,125.66370391845703,0.7797899161876473,269.8936895321243,245.24394645167757
1.4039999999999562,125.7142333984375,125.66370391845703,0.7816868018894839,243.2028573454655,221.6711824074109
1.404999999999956,125.70726013183594,125.66370391845703,0.7713144618103619,236.4243934705773,214.64237216126054
1.405999999999956,125.70492553710938,125.66370391845703,0.7665489167397553,251.91298648955635,226.2955187787387
1.4069999999999558,125.71170043945312,125.66370391845703,0.7792044147921063,274.31634626456497,249.2151592519011
1.4079999999999557,125.7092514038086,125.66370391845703,0.7825387655846001,248.12187109644503,226.0372653788302
1.4089999999999556,125.70403289794922,125.66370391845703,0.7736031730929577,241.45646215271998,219.04874771040906
1.4099999999999555,125.70336151123047,125.66370391845703,0.7701355494683443,256.8532665452845,230.48392068551072
1.4109999999999554,125.71185302734375,125.66370391845703,0.7841796531310155,279.35724702236234,253.53090683457398
1.4119999999999553,125.7109603881836,125.66370391845703,0.7883845342229955,252.71580178741942,229.93837278816397
1.4129999999999552,125.7070083618164,125.66370391845703,0.7800222081748737,245.2501633291708,222.23428443120247
1.413999999999955,125.70724487304688,125.66370391845703,0.7766200946148338,259.7225822799171,232.77919654924693
1.414999999999955,125.71646881103516,125.66370391845703,0.7905715876082201,281.74309537640477,255.38496044952785
1.4159999999999549,125.71595764160156,125.66370391845703,0.7947921971047053,254.06153753625995,230.91613867638904
1.4169999999999547,125.71198272705078,125.66370391845703,0.7858695073209705,245.36203479198284,222.19591969070697
1.4179999999999546,125.71179962158203,125.66370391845703,0.7812103554848215,258.66666301114566,231.71608234947482
1.4189999999999545,125.72042846679688,125.66370391845703,0.7937941855450115,280.31745718656055,253.90806551747605
1.4199999999999544,125.71904754638672,125.66370391845703,0.7975021918625086,251.71296055580828,228.7210543256536
1.4209999999999543,125.71391296386719,125.66370391845703,0.7874065744301784,242.0648800517664,219.29212381646195
1.4219999999999542,125.71234130859375,125.66370391845703,0.7809573988649657,254.64676664419278,228.2234363374356
1.422999999999954,125.71963500976562,125.66370391845703,0.7919059531582244,276.5869717383326,250.54271383690104
1.423999999999954,125.71686553955078,125.66370391845703,0.7951929779162489,247.73487584133093,225.2460211745205
1.4249999999999539,125.71033477783203,125.66370391845703,0.7841542757512352,237.87655772804436,215.7554927978313
1.4259999999999537,125.70738220214844,125.66370391845703,0.7764101368068242,250.50033066501027,224.7533243996212
1.4269999999999536,125.71360778808594,125.66370391845703,0.7865220624664715,273.4337283786378,247.83797807623722
1.4279999999999535,125.70996856689453,125.66370391845703,0.7899658810538743,245.05932712961516,223.0383353047833
1.4289999999999534,125.70274353027344,125.66370391845703,0.7788147496837863,235.6425437066349,214.0059592187543
1.4299999999999533,125.69929504394531,125.66370391845703,0.7708760901072161,248.85049209929926,223.48451394290936
1.4309999999999532,125.7054443359375,125.66370391845703,0.7814071339379116,273.04917025853433,247.63202112224567
1.431999999999953,125.7020034790039,125.66370391845703,0.7856514872817795,245.44015067711774,223.5306672003744
1.432999999999953,125.6951904296875,125.66370391845703,0.7752240177198942,236.60533902922046,215.01616712682244
1.4339999999999529,125.69230651855469,125.66370391845703,0.7680204735539156,250.3802168372932,224.89764747581503
1.4349999999999528,125.6993637084961,125.66370391845703,0.7798074344090796,275.54777870664367,249.9013937095034
1.4359999999999526,125.6969985961914,125.66370391845703,0.7851231594247658,248.40956740169983,226.2039692886921
1.4369999999999525,125.69129943847656,125.66370391845703,0.7756945835218513,239.7464007006742,217.81663860507996
1.4379999999999524,125.68950653076172,125.66370391845703,0.7693645970254692,253.5808967822601,227.63542676314034
1.4389999999999523,125.69779205322266,125.66370391845703,0.7822787906974982,279.10996587881607,252.9750625869481
1.4399999999999522,125.69658660888672,125.66370391845703,0.7884084686312864,251.824378626284,229.14129711004412
1.440999999999952,125.69189453125,125.66370391845703,0.7795545837220013,242.70371410625728,220.34866885877403
1.441999999999952,125.69088745117188,125.66370391845703,0.773426773785404,255.98831553670186,229.60249243593884
1.4429999999999519,125.69990539550781,125.66370391845703,0.786555204653633,281.3984968276113,254.82278498006372
1.4439999999999518,125.69922637939453,125.66370391845703,0.7929482307900458,253.47135417959134,230.45340276838394
1.4449999999999517,125.69477081298828,125.66370391845703,0.7839167246615828,243.48859846293146,220.95124906879397
1.4459999999999515,125.69369506835938,125.66370391845703,0.7770641629988388,255.92710179434047,229.43924166634505
1.4469999999999514,125.70255279541016,125.66370391845703,0.7894189597900994,281.1713265727677,254.4451567244803
1.4479999999999513,125.70150756835938,125.66370391845703,0.7956406085061183,252.55040733163497,229.53390086538863
1.4489999999999512,125.69644165039062,125.66370391845703,0.7858979871397186,241.77248227321735,219.42530250374867
1.449999999999951,125.69453430175781,125.66370391845703,0.7777872674654308,253.5456256749107,227.3498077668235
1.450999999999951,125.70259857177734,125.66370391845703,0.7889664363961473,278.99371508336094,252.4304565604251
1.4519999999999509,125.70067596435547,125.66370391845703,0.7949670631753232,250.05813807444264,227.32803146304914
1.4529999999999508,125.69464874267578,125.66370391845703,0.7845184987102847,238.92965891300298,217.0123494047275
1.4539999999999507,125.69172668457031,125.66370391845703,0.7753070782567503,250.46180036604065,224.80135573021715
1.4549999999999506,125.6988525390625,125.66370391845703,0.7853858791973097,281.0106844439653,250.06613787944124
1.4559999999999504,125.71477508544922,125.66370391845703,0.810566958099141,301.22787195555054,272.2191137324208
1.4569999999999503,125.72404479980469,125.66370391845703,0.8158440999185812,283.89310312869173,255.50809787184423
1.4579999999999502,125.73304748535156,125.66370391845703,0.8185467265742978,286.4448939462813,254.87951475337957
1.4589999999999501,125.74825286865234,125.66370391845703,0.8340472020658221,300.770904509568,270.49944820768656
1.45999999999995,125.74954986572266,125.66370391845703,0.8398217790078856,260.8443876247067,235.53628749914176
1.46099999999995,125.7427978515625,125.66370391845703,0.8257883726237424,238.14526043490304,215.2722035089236
1.4619999999999498,125.73542785644531,125.66370391845703,0.8081025811844614,238.37851806030852,213.70967962913937
1.4629999999999497,125.73486328125,125.66370391845703,0.8045281954924732,259.1365891464208,230.8028031335265
1.4639999999999496,125.74085998535156,125.66370391845703,0.8152133000326396,273.3151781225943,247.33271639533746
1.4649999999999495,125.73820495605469,125.66370391845703,0.8109320648255355,249.44215405306528,225.5758378845698
1.4659999999999493,125.73401641845703,125.66370391845703,0.8010729011737883,247.23623357059907,221.68697448136265
1.4669999999999492,125.73552703857422,125.66370391845703,0.8024910964348387,264.92075098696233,236.04562010256961
1.4679999999999491,125.74269104003906,125.66370391845703,0.8155164399322318,276.3933629849912,250.26854628727168
1.468999999999949,125.74008178710938,125.66370391845703,0.8118765796249727,249.36622389537342,225.6884019135573
1.469999999999949,125.73487854003906,125.66370391845703,0.8011741463591062,244.02781829469612,219.14936111334777
1.4709999999999488,125.7344970703125,125.66370391845703,0.8001480355257836,259.0834177514323,231.26563545353997
1.4719999999999487,125.73929595947266,125.66370391845703,0.8103277515647613,269.3576297360833,244.32085347221943
1.4729999999999486,125.7338638305664,125.66370391845703,0.8049081256634417,240.85007328951608,218.57567560613714
1.4739999999999485,125.72557067871094,125.66370391845703,0.7915669000205919,234.5162956652479,211.36999596718002
1.4749999999999484,125.7220687866211,125.66370391845703,0.7874199464798327,249.40573304104885,223.4052454933928
1.4759999999999482,125.72417449951172,125.66370391845703,0.7953574721150856,261.05211789517256,237.50811928426444
1.4769999999999481,125.7164535522461,125.66370391845703,0.7892642245518838,233.56205904225064,212.77791571758266
1.477999999999948,125.70639038085938,125.66370391845703,0.7751748547923105,228.5814389306444,206.86976661313741
1.478999999999948,125.70174407958984,125.66370391845703,0.7707316629305009,245.32129580699464,220.4876797294137
1.4799999999999478,125.70364379882812,125.66370391845703,0.7796311655795588,259.7412511069614,236.95776874702432
1.4809999999999477,125.69651794433594,125.66370391845703,0.7750302766032917,234.54103582322927,214.22443236635803
1.4819999999999476,125.68775939941406,125.66370391845703,0.7629875614417598,231.71690809707275,210.1324219600325
1.4829999999999475,125.6850814819336,125.66370391845703,0.7613891167082205,250.51991998753022,225.39028542871662
1.4839999999999474,125.68974304199219,125.66370391845703,0.7739292206847189,267.15515373391156,243.85955882808105
1.4849999999999473,125.68588256835938,125.66370391845703,0.7720810966913957,243.5811873277026,222.42137052420398
1.4859999999999471,125.68069458007812,125.66370391845703,0.7633509234752144,241.84067495808995,219.091176492389
1.486999999999947,125.68170166015625,125.66370391845703,0.7653771038850841,261.23540182167505,234.64883222876645
1.487999999999947,125.69022369384766,125.66370391845703,0.7814595153731668,278.2535783499241,253.56585962851764
1.4889999999999468,125.69007873535156,125.66370391845703,0.7817317725207613,254.42275537925622,231.76800297160509
1.4899999999999467,125.68824005126953,125.66370391845703,0.7750740898599978,251.8019765669719,227.52397239699602
1.4909999999999466,125.69207000732422,125.66370391845703,0.7786203139613472,269.86412721362575,241.76145724874098
1.4919999999999465,125.70298767089844,125.66370391845703,0.7956110571902796,285.60807259046896,259.61992807399514
1.4929999999999464,125.70455932617188,125.66370391845703,0.7961625555648392,259.8652162666388,236.12052809924407
1.4939999999999463,125.70365905761719,125.66370391845703,0.7890365544081454,254.9710169652187,229.903651092171
1.4949999999999461,125.70759582519531,125.66370391845703,0.7910116860413087,270.70513651370004,242.07878974510422
1.495999999999946,125.71804809570312,125.66370391845703,0.8059646440986621,284.8396821469254,258.4597458194587
1.496999999999946,125.71841430664062,125.66370391845703,0.8052580995379273,256.88049125121205,233.1299135411426
1.4979999999999458,125.71562194824219,125.66370391845703,0.7957902459833931,249.79618842696487,225.1725460057589
1.4989999999999457,125.71707153320312,125.66370391845703,0.794342694602933,263.7312491537104,235.85251809279063
1.4999999999999456,125.72479248046875,125.66370391845703,0.8059640782292138,277.35562999611994,251.61520775912163
1.5009999999999455,125.72212982177734,125.66370391845703,0.8037093000405515,248.31034528411732,225.52218564509292
1.5019999999999454,125.71611785888672,125.66370391845703,0.7917599479746258,240.402789281627,217.07811917665333
1.5029999999999453,125.71430969238281,125.66370391845703,0.7872194795125412,254.09472171957626,227.64024405780614
1.5039999999999452,125.7190933227539,125.66370391845703,0.7964290169499901,268.86638997622816,244.22790124789316
1.504999999999945,125.7137680053711,125.66370391845703,0.7935745202636673,240.40647828935838,218.8104959172826
1.505999999999945,125.70543670654297,125.66370391845703,0.7805918081851888,233.28858375167633,211.22054128498326
1.5069999999999448,125.70172882080078,125.66370391845703,0.7750251951199911,248.18591638657745,222.8541712490986
1.5079999999999447,125.70535278320312,125.66370391845703,0.7842084260946764,265.1584420663931,241.27281954285266
1.5089999999999446,125.69945526123047,125.66370391845703,0.7822500858417734,238.33260773218188,217.34681468110685
1.5099999999999445,125.69110107421875,125.66370391845703,0.77025056028191,232.76782052941616,211.13767929759283
1.5109999999999444,125.68789672851562,125.66370391845703,0.7660450420725182,249.26464824998817,224.07176840908554
1.5119999999999443,125.69271850585938,125.66370391845703,0.7774351295549801,268.249792491851,244.26533528016182
1.5129999999999442,125.6884994506836,125.66370391845703,0.7774077834533873,242.85366869672555,221.54728935337133
1.513999999999944,125.6821517944336,125.66370391845703,0.7676008777234937,238.33755150999687,216.16776332631827
1.514999999999944,125.68115997314453,125.66370391845703,0.7658141163058215,255.6212152721367,229.62032530962736
1.5159999999999438,125.68851470947266,125.66370391845703,0.7799258947557857,275.44479975125955,250.62065865821853
1.5169999999999437,125.68688201904297,125.66370391845703,0.7816910998572004,250.28803617325678,228.0343980845855
1.5179999999999436,125.68299102783203,125.66370391845703,0.7736620307102434,245.5155874312249,222.3368775476001
1.5189999999999435,125.68418884277344,125.66370391845703,0.7733531998574783,262.2291127367486,235.14188692895254
1.5199999999999434,125.693603515625,125.66370391845703,0.7887360476158014,281.6173617143327,255.80861836438234
1.5209999999999433,125.69365692138672,125.66370391845703,0.7911843517437693,255.4198359291002,232.2849148940589
1.5219999999999432,125.69095611572266,125.66370391845703,0.7833560214096263,249.23825157767877,225.3506228262491
1.522999999999943,125.69279479980469,125.66370391845703,0.7824839496786472,264.43648799467877,236.77199646523863
1.523999999999943,125.70249938964844,125.66370391845703,0.7969766984441377,282.8758430635841,256.567059823505
1.5249999999999428,125.70233917236328,125.66370391845703,0.7989344174296722,255.1313831252363,231.75385675938773
1.5259999999999427,125.69888305664062,125.66370391845703,0.7898190668873009,247.2928132552872,223.47903176403545
1.5269999999999426,125.69947814941406,125.66370391845703,0.7867838200019522,261.02606364691496,233.65357429954454
1.5279999999999425,125.70773315429688,125.66370391845703,0.7990509058041636,279.0232103087755,252.93425572937196
1.5289999999999424,125.70581817626953,125.66370391845703,0.800060207118529,250.25650506052745,227.35686804059202
1.5299999999999423,125.70036315917969,125.66370391845703,0.7892084202743662,241.48803094427632,218.43686645320457
1.5309999999999422,125.69878387451172,125.66370391845703,0.7838041892730336,254.66287465790842,228.19125907749856
1.531999999999942,125.70503234863281,125.66370391845703,0.7940665904795571,273.2945044260231,247.87682460186423
1.532999999999942,125.70118713378906,125.66370391845703,0.7945641198677016,244.60350973796255,222.4975664397312
1.5339999999999419,125.69391632080078,125.66370391845703,0.7827008758437263,236.0200119108648,213.8802387316474
1.5349999999999417,125.69071960449219,125.66370391845703,0.7760703581947916,249.70672794390657,224.10718233550963
1.5359999999999416,125.69583129882812,125.66370391845703,0.7858085066205077,269.83743527578497,245.00487048351323
1.5369999999999415,125.69121551513672,125.66370391845703,0.7867523678754593,242.10284134040006,220.53638009664178
1.5379999999999414,125.68350982666016,125.66370391845703,0.7752034400460617,234.4242405409405,212.7637475999403
1.5389999999999413,125.68020629882812,125.66370391845703,0.768993043389135,249.12921818518944,223.81914107781932
1.5399999999999412,125.6857681274414,125.66370391845703,0.7798995817581467,270.8554956439903,246.09577089298443
1.540999999999941,125.68196105957031,125.66370391845703,0.78210585996242,244.17825299920776,222.55299967589966
1.541999999999941,125.67533111572266,125.66370391845703,0.7718816398321462,237.29191366870032,215.44317164752582
1.5429999999999409,125.67328643798828,125.66370391845703,0.7671054006698045,252.67985983125337,226.9655381619547
1.5439999999999408,125.6804428100586,125.66370391845703,0.7799141908671562,275.3458388929349,250.10292637780557
1.5449999999999406,125.67835235595703,125.66370391845703,0.7835046163123502,249.062213257417,226.86800424534587
1.5459999999999405,125.67342376708984,125.66370391845703,0.7746229779128339,242.18496393093398,219.71348916719234
1.5469999999999404,125.67295837402344,125.66370391845703,0.7710025779452269,257.3878918660361,230.94045569109363
1.5479999999999403,125.68172454833984,125.66370391845703,0.7850416253932776,280.1015367561719,254.1519899523073
1.5489999999999402,125.68106079101562,125.66370391845703,0.789416977986586,253.30604730474846,230.4531407709404
1.54999999999994,125.67725372314453,125.66370391845703,0.7809846654813472,245.57633330454408,222.54733448144864
1.55099999999994,125.67755126953125,125.66370391845703,0.7772780945640525,259.8245080614859,232.8646149008016
1.5519999999999399,125.6869125366211,125.66370391845703,0.7910851657860105,282.0772023676427,255.6455689166987
1.5529999999999398,125.68649291992188,125.66370391845703,0.7954275805766163,254.25276450362117,231.08743708840097
1.5539999999999397,125.68254089355469,125.66370391845703,0.7863695275024682,245.31383171340704,222.19473273574383
1.5549999999999395,125.68230438232422,125.66370391845703,0.7813417003322607,258.4362907644431,231.5286095895945
1.5559999999999394,125.69098663330078,125.66370391845703,0.793747856176474,280.4003707017204,253.9608547445345
1.5569999999999393,125.68963623046875,125.66370391845703,0.7975974004869218,251.7236028981928,228.7493041788885
1.5579999999999392,125.68450164794922,125.66370391845703,0.787392982213415,241.90896388462014,219.2130774757119
1.558999999999939,125.68286895751953,125.66370391845703,0.7806214685393286,254.38385258965755,228.02257097454265
1.559999999999939,125.69023895263672,125.66370391845703,0.7914708001459121,276.72294235361,250.6570666038293
1.5609999999999389,125.68755340576172,125.66370391845703,0.7949703852255365,247.87467253530536,225.40043729500115
1.5619999999999388,125.68108367919922,125.66370391845703,0.7839123212210881,237.91379553729837,215.85435362418704
1.5629999999999387,125.67816162109375,125.66370391845703,0.775954906101719,250.4823865335657,224.7694076825899
1.5639999999999386,125.68456268310547,125.66370391845703,0.78609493478445,273.8538779298456,248.20797128285287
1.5649999999999384,125.68111419677734,125.66370391845703,0.7898277878388392,245.51374654146625,223.47058112696513
1.5659999999999383,125.67406463623047,125.66370391845703,0.7787459950227765,236.00514607179977,214.38635694343975
1.5669999999999382,125.6707534790039,125.66370391845703,0.770684734131348,249.15204176376884,223.769786727171
1.567999999999938,125.67717742919922,125.66370391845703,0.7813316039201668,273.76732860072417,248.256764905834
1.568999999999938,125.67402648925781,125.66370391845703,0.7859014047956396,246.16249173665364,224.18836554166043
1.569999999999938,125.6674575805664,125.66370391845703,0.7755729345709484,237.1894800264301,215.5790258472148
1.5709999999999378,125.66476440429688,125.66370391845703,0.7682554612902378,250.84747847104308,225.3128919371235
1.5719999999999377,125.67212677001953,125.66370391845703,0.7801489334396781,276.37687193532537,250.60869971823095
1.5729999999999376,125.67005157470703,125.66370391845703,0.7857704679694685,249.17918492033346,226.88949997896714
1.5739999999999374,125.66458892822266,125.66370391845703,0.7763971423383991,240.30878355992107,218.3498376007182
1.5749999999999373,125.66294860839844,125.66370391845703,0.7698774740654631,253.96039994295285,227.9648730857908
1.5759999999999372,125.6714859008789,125.66370391845703,0.7828065733667146,279.80928132977016,253.5555732942353
1.5769999999999371,125.67051696777344,125.66370391845703,0.789191177396641,252.4131177906993,229.65980086517388
1.577999999999937,125.66597747802734,125.66370391845703,0.780314323713342,243.03911593834997,220.68082949411706
1.578999999999937,125.66503143310547,125.66370391845703,0.7738944132472034,256.1065672373592,229.7057573986504
1.5799999999999368,125.67420959472656,125.66370391845703,0.7869350555084393,281.8392571228773,255.17282846468783
1.5809999999999367,125.67366790771484,125.66370391845703,0.7935446056985301,253.79552568504522,230.7412694166389
1.5819999999999366,125.66927337646484,125.66370391845703,0.7844354045598076,243.56146517661057,221.0603485392266
1.5829999999999365,125.66818237304688,125.66370391845703,0.7772297804466436,255.79638664596348,229.33545133050637
1.5839999999999363,125.67713928222656,125.66370391845703,0.7894513020340245,281.40879446222357,254.62286164392688
1.5849999999999362,125.6761703491211,125.66370391845703,0.7958917339572726,252.70928765252668,229.68556224383087
1.5859999999999361,125.67113494873047,125.66370391845703,0.7860730884163135,241.72069321125727,219.43594886655583
1.586999999999936,125.66918182373047,125.66370391845703,0.7776196924299699,253.2781851020546,227.18651520762182
1.587999999999936,125.67721557617188,125.66370391845703,0.7884268257435635,278.8814960372844,252.30669490573993
1.5889999999999358,125.67530059814453,125.66370391845703,0.7946532739066688,249.98826159325537,227.28960763388693
1.5899999999999357,125.66926574707031,125.66370391845703,0.7841576218619568,238.77216349235619,216.94212743169936
1.5909999999999356,125.66631317138672,125.66370391845703,0.7746729685959288,250.1755508509767,224.65968592759367
1.5919999999999355,125.67338562011719,125.66370391845703,0.784339382951154,280.742097724408,249.8861704711576
1.5929999999999354,125.68946838378906,125.66370391845703,0.8095458862308987,301.5897922315259,272.5584183079259
1.5939999999999352,125.69894409179688,125.66370391845703,0.8151617241981522,284.35887044514584,255.97407680009363
1.5949999999999351,125.70816802978516,125.66370391845703,0.8179848852204314,286.90859126577203,255.37120379666413
1.595999999999935,125.72359466552734,125.66370391845703,0.8334560838938586,301.3702778283918,270.994648509702
1.596999999999935,125.7251968383789,125.66370391845703,0.8397354698500021,261.6446051446004,236.2472519005103
1.5979999999999348,125.71875762939453,125.66370391845703,0.8259703065910258,238.9416636777536,216.01240602737207
1.5989999999999347,125.71167755126953,125.66370391845703,0.808338202580547,239.0581197683567,214.3745538005735
1.5999999999999346,125.71134948730469,125.66370391845703,0.804631205878733,259.7656846323255,231.36802924367723
1.6009999999999345,125.71776580810547,125.66370391845703,0.8154655913217956,274.4760724719925,248.33082357565848
1.6019999999999344,125.75159454345703,125.66370391845703,0.8116168650761866,250.55690975621837,226.6270252644896
1.6029999999999343,125.7838134765625,125.66370391845703,0.8019184732215368,248.1508995908758,222.65092234017123
1.6039999999999341,125.82151794433594,125.66370391845703,0.8029561283075214,265.34835191828375,236.53948682591678
1.604999999999934,125.86476135253906,125.66370391845703,0.8157514092207885,276.69395116999425,250.56248261150813
1.605999999999934,125.8978271484375,125.66370391845703,0.8124347423178221,248.69852835695835,225.0157790648835
1.6069999999999338,125.92774200439453,125.66370391845703,0.8019723435437186,241.974111069923,217.14793573214823
1.6079999999999337,125.96179962158203,125.66370391845703,0.8009258897180314,255.43320226462328,227.65251682346604
1.6089999999999336,126.00049591064453,125.66370391845703,0.811442658084658,264.6822341436363,239.41156732810066
1.6099999999999335,126.02800750732422,125.66370391845703,0.8079927873069118,233.79523055868157,211.29818004319847
1.6109999999999334,126.05152130126953,125.66370391845703,0.7959382584852378,224.37580823588067,201.24836219014625
1.6119999999999333,126.0784912109375,125.66370391845703,0.7917226140999761,235.83186004765807,210.0363697685447
1.6129999999999332,126.10989379882812,125.66370391845703,0.7993705514750932,245.08679163269886,221.27117698536628
1.613999999999933,126.1297607421875,125.66370391845703,0.7963820547019793,212.9537062264998,192.20208372326184
1.614999999999933,126.14537811279297,125.66370391845703,0.7829972748897321,202.4569068566686,181.52579191936044
1.6159999999999328,126.16438293457031,125.66370391845703,0.7758905234544754,213.5293020729251,190.0984358831191
1.6169999999999327,126.18822479248047,125.66370391845703,0.7812067839398064,224.52819921923876,202.35471710051846
1.6179999999999326,126.20072174072266,125.66370391845703,0.7794815516960499,192.6722107910808,173.7289701843383
1.6189999999999325,126.20922088623047,125.66370391845703,0.7656762355458143,182.50746636042564,163.67500323543214
1.6199999999999324,126.22146606445312,125.66370391845703,0.7568801150477058,194.4330191898971,173.1279884829246
1.6209999999999323,126.2393569946289,125.66370391845703,0.7611855595260221,208.23255229644468,187.4384539640605
1.6219999999999322,126.24642181396484,125.66370391845703,0.7615821978980182,177.63105777849512,160.08946747414177
1.622999999999932,126.2499771118164,125.66370391845703,0.7485693930638203,168.55659172529792,151.24823487151923
1.623999999999932,126.25775909423828,125.66370391845703,0.7396315268108096,181.80325532442447,161.94199758237684
1.6249999999999318,126.27210998535156,125.66370391845703,0.7444131993081584,198.52389846558827,178.53420787996092
1.6259999999999317,126.27613830566406,125.66370391845703,0.7475514584716632,169.2884067418254,152.48913876342385
1.6269999999999316,126.27706909179688,125.66370391845703,0.7362674930542984,161.18592049739507,144.65231603637415
1.6279999999999315,126.28255462646484,125.66370391845703,0.7282764404323375,175.3706964364276,156.18011344017495
1.6289999999999314,126.2953109741211,125.66370391845703,0.7343668588387755,194.34689420150485,174.54880015523568
1.6299999999999313,126.29801940917969,125.66370391845703,0.7403025767570978,165.83758969176958,149.18333514315938
1.6309999999999312,126.2977294921875,125.66370391845703,0.7308943168598243,157.9380685564176,141.6076196505624
1.631999999999931,126.30200958251953,125.66370391845703,0.7238804338096956,172.1787044726354,153.15491384863049
1.632999999999931,126.31393432617188,125.66370391845703,0.7309725505342516,195.96671319515113,172.50304163768115
1.6339999999999308,126.33216094970703,125.66370391845703,0.7539319355870763,210.0222324964389,188.43084419202782
1.6349999999999307,126.3441162109375,125.66370391845703,0.7592066025337407,193.92668849190838,172.60585091112168
1.6359999999999306,126.3568115234375,125.66370391845703,0.7626599777103937,197.93989292847994,174.5068835126554
1.6369999999999305,126.37353515625,125.66370391845703,0.774403752727409,208.04868335887483,184.71808179680198
1.6379999999999304,126.3760757446289,125.66370391845703,0.7836797733120836,168.12500292473746,148.87259019149954
1.6389999999999303,126.37142181396484,125.66370391845703,0.7730806143773583,148.0742484607704,130.69195457158054
1.6399999999999302,126.36743927001953,125.66370391845703,0.7586216779390755,150.86332357304022,132.36171882838255
1.64099999999993,126.36861419677734,125.66370391845703,0.7540366576950563,167.038601167618,145.4261163893667
1.64199999999993,126.37413787841797,125.66370391845703,0.7637533630407983,176.0620101135777,156.39354368118026
1.6429999999999298,126.3712158203125,125.66370391845703,0.7614230935958061,152.8412866201498,135.07240583643397
1.6439999999999297,126.36756896972656,125.66370391845703,0.7522934048923748,151.84284681732612,133.23211140845805
1.6449999999999296,126.36821746826172,125.66370391845703,0.7503254472539788,165.4147653829951,144.07494208442682
1.6459999999999295,126.37237548828125,125.66370391845703,0.760387651263117,172.32390246264958,152.94706983159807
1.6469999999999294,126.36695098876953,125.66370391845703,0.7587012404121891,145.78350858599188,128.73841279246685
1.6479999999999293,126.35983276367188,125.66370391845703,0.7479485606539302,141.89072498770847,124.44204504928618
1.6489999999999292,126.35678100585938,125.66370391845703,0.7430151014009811,154.5587036961981,134.71078850819646
1.649999999999929,126.35723114013672,125.66370391845703,0.749766251873497,161.71962831307812,143.56196099019695
1.650999999999929,126.34788513183594,125.66370391845703,0.7470697113936968,134.29792708940147,118.80952842273584
1.6519999999999289,126.33683013916016,125.66370391845703,0.7338062891075291,130.1243549006063,114.46698915509675
1.6529999999999287,126.33055114746094,125.66370391845703,0.7260946872582849,144.5359544597352,126.52803222322669
1.6539999999999286,126.32864379882812,125.66370391845703,0.7307743088960333,154.3785313562866,137.5641521055563
1.6549999999999285,126.31751251220703,125.66370391845703,0.7284102375523281,128.3596513035228,114.23972911421032
1.6559999999999284,126.30525970458984,125.66370391845703,0.7148942777463432,125.81300056542655,111.41850786787096
1.6569999999999283,126.2989501953125,125.66370391845703,0.7075205360123231,143.37780299083937,126.40527093575139
1.6579999999999282,126.29814910888672,125.66370391845703,0.7134242914770089,156.5699473541084,140.3083728680505
1.658999999999928,126.28878784179688,125.66370391845703,0.7134861138503473,132.47064589720028,118.68197965500053
1.659999999999928,126.27881622314453,125.66370391845703,0.7024753629166569,131.53879606622905,117.1471193361286
1.6609999999999279,126.27567291259766,125.66370391845703,0.6984897757748894,151.64518889754171,134.36595932503403
1.6619999999999278,126.27873992919922,125.66370391845703,0.7080082564016521,166.90305468888926,150.0584101939186
1.6629999999999276,126.27338409423828,125.66370391845703,0.7114742867092593,143.37014053016833,128.77865170398366
1.6639999999999275,126.26728820800781,125.66370391845703,0.7038894775009682,142.3511686413831,126.91725791493772
1.6649999999999274,126.26803588867188,125.66370391845703,0.7034786061391175,162.65106857083543,144.18637326942968
1.6659999999999273,126.2750015258789,125.66370391845703,0.7159521383214222,177.99051451842044,159.891948321952
1.6669999999999272,126.27298736572266,125.66370391845703,0.7218732565520769,153.04837903873934,137.2137367984358
1.667999999999927,126.26946258544922,125.66370391845703,0.7161082850909638,149.94858866133472,133.39512094695317
1.668999999999927,126.27189636230469,125.66370391845703,0.716342649514223,167.90630565966026,148.44941934833463
1.6699999999999269,126.28013610839844,125.66370391845703,0.7287224519963305,182.2696995983315,163.1376164442705
1.6709999999999268,126.27854919433594,125.66370391845703,0.735207705575443,154.89336814678205,138.30358277940005
1.6719999999999267,126.2745132446289,125.66370391845703,0.7287070245698342,149.027416152541,132.1196376550925
1.6729999999999265,126.27554321289062,125.66370391845703,0.7265738806193993,164.4280981339578,144.90201913109553
1.6739999999999264,126.28208923339844,125.66370391845703,0.7362113181087532,178.23904807623188,158.85369537812065
1.6749999999999263,126.2781753540039,125.66370391845703,0.7420507880162622,148.87257811425224,132.42252064117602
1.6759999999999262,126.27120971679688,125.66370391845703,0.7333325625123036,141.00692303288133,124.72504837420283
1.676999999999926,126.26885223388672,125.66370391845703,0.727435501199882,154.9584990070634,136.33260559338976
1.677999999999926,126.27223205566406,125.66370391845703,0.7334737011905479,169.71456276993732,150.8470397376471
1.6789999999999259,126.26507568359375,125.66370391845703,0.7386424734529333,139.8564628230883,124.23105952752567
1.6799999999999258,126.2548599243164,125.66370391845703,0.7278928928070734,131.58433850403858,116.47889093146881
1.6809999999999257,126.24934387207031,125.66370391845703,0.718920518845909,145.68930019445278,128.3550622330146
1.6819999999999256,126.25035858154297,125.66370391845703,0.7225181829032569,166.13128534107145,144.8244499541201
1.6829999999999254,126.25675964355469,125.66370391845703,0.7418941499089421,177.4776367226952,158.44798867603603
1.6839999999999253,126.25731658935547,125.66370391845703,0.7432725091424006,162.24864247508503,143.68365887195407
1.6849999999999252,126.25946044921875,125.66370391845703,0.7430062215243118,168.04030137473717,147.69856140425733
1.6859999999999251,126.26544189453125,125.66370391845703,0.7507537238938663,181.07883714697132,157.41376856560453
1.686999999999925,126.2741470336914,125.66370391845703,0.7700415253938453,184.98470818973973,164.2865364102641
1.687999999999925,126.27400970458984,125.66370391845703,0.7700408254828862,161.32262709691787,141.95696805555718
1.6889999999999248,126.27273559570312,125.66370391845703,0.7651355773058363,159.31973311430207,139.0885872062869
1.6899999999999247,126.27351379394531,125.66370391845703,0.7660167675292827,167.0113230838293,144.27177338098906
1.6909999999999246,126.275634765625,125.66370391845703,0.777382237319869,167.27431301569007,147.66657047741776
1.6919999999999245,126.26753234863281,125.66370391845703,0.7722733133099102,139.15678740681707,121.82891579562052
1.6929999999999243,126.25740814208984,125.66370391845703,0.7595457785436618,134.2001896542316,116.73191359692186
1.6939999999999242,126.24954223632812,125.66370391845703,0.7519433303070073,141.93316789732373,122.40683790536305
1.6949999999999241,126.24368286132812,125.66370391845703,0.755702002503807,144.3669941004197,127.46496001625356
1.695999999999924,126.22818756103516,125.66370391845703,0.7471809984547985,117.32675850566221,103.12636660167405
1.696999999999924,126.21162414550781,125.66370391845703,0.7296245957750105,114.62101052529778,100.41635464299935
1.6979999999999238,126.19912719726562,125.66370391845703,0.7178783547640266,127.07149539125774,110.67267304908046
1.6989999999999237,126.19065856933594,125.66370391845703,0.7193671269948206,135.4191466778047,120.80551914323468
1.6999999999999236,126.1741943359375,125.66370391845703,0.7117901584699032,112.80266528165949,100.62801174317964
1.7009999999999235,126.15827941894531,125.66370391845703,0.6955139270963473,114.64317010396846,101.9915215875357
1.7019999999999234,126.1485366821289,125.66370391845703,0.6868119017731515,132.96899545871955,117.55401706668319
1.7029999999999232,126.1447525024414,125.66370391845703,0.6929786846765661,146.87922431960996,132.56402134297085
1.7039999999999231,126.13422393798828,125.66370391845703,0.6906294255262492,128.071292905498,115.56714284107561
1.704999999999923,126.12513732910156,125.66370391845703,0.6808648743784237,132.8468013297978,119.16164863776164
1.705999999999923,126.12329864501953,125.66370391845703,0.6802210141152474,154.4662341254083,137.4543372294332
1.7069999999999228,126.12809753417969,125.66370391845703,0.694303808891811,170.34171718474673,154.21531340232565
1.7079999999999227,126.12606048583984,125.66370391845703,0.6979812518002723,151.70721157885063,136.95522701908126
1.7089999999999226,126.1248779296875,125.66370391845703,0.6947198519849905,155.45357587985305,139.11473528892563
1.7099999999999225,126.13054656982422,125.66370391845703,0.70053271747439,176.21027880752928,156.40043573577915
1.7109999999999224,126.1421127319336,125.66370391845703,0.7192009008841204,190.01677870292826,171.2921953328295
1.7119999999999223,126.1454086303711,125.66370391845703,0.7257092765321995,167.65502761861194,150.429579498138
1.7129999999999221,126.1478500366211,125.66370391845703,0.7241224416844538,166.91387953516917,148.28715810622575
1.713999999999922,126.15582275390625,125.66370391845703,0.7301703548315577,184.00039404997727,162.2565338366488
1.714999999999922,126.16828155517578,125.66370391845703,0.7471680239052978,194.01233898073775,173.59564629515407
1.7159999999999218,126.1706314086914,125.66370391845703,0.7526584686195431,166.36658015663082,148.07551714443233
1.7169999999999217,126.1703109741211,125.66370391845703,0.7477667888161702,160.39247939768163,141.3554674771417
1.7179999999999216,126.17440795898438,125.66370391845703,0.748633621815139,174.0639041957218,152.49362371788123
1.7189999999999215,126.18203735351562,125.66370391845703,0.759645480786351,181.7649959440283,161.44102545091238
1.7199999999999214,126.17839050292969,125.66370391845703,0.7622910982006963,150.40772617084122,132.9653125938112
1.7209999999999213,126.17115783691406,125.66370391845703,0.7520416390487205,141.3124244674255,123.91313193043159
1.7219999999999211,126.16805267333984,125.66370391845703,0.7457127408083801,153.80253019156106,134.32128336969245
1.722999999999921,126.16877746582031,125.66370391845703,0.75004936020259,162.72786635960614,143.98796343172137
1.723999999999921,126.15834045410156,125.66370391845703,0.7503717741309088,131.1732998921105,115.79852430160363
1.7249999999999208,126.14466094970703,125.66370391845703,0.7359396444081416,122.4616007344644,107.6252959819169
1.7259999999999207,126.13575744628906,125.66370391845703,0.7243398669971558,136.4808635969412,119.64658135667354
1.7269999999999206,126.13214874267578,125.66370391845703,0.7248489434603775,149.831467443886,132.99968034040774
1.7279999999999205,126.1185302734375,125.66370391845703,0.7251540214542321,121.19975972769562,107.73688946469818
1.7289999999999204,126.10285186767578,125.66370391845703,0.7100919566613626,115.50899260226676,102.52733774755967
1.7299999999999203,126.09317016601562,125.66370391845703,0.6981585824891396,132.92930888280938,117.63075141312666
1.7309999999999202,126.09058380126953,125.66370391845703,0.7000281652964232,154.8744369424666,135.53337499163712
1.73199999999992,126.09415435791016,125.66370391845703,0.7190072712331915,168.0943758099163,151.05432849084335
1.73299999999992,126.09346771240234,125.66370391845703,0.7192104338511719,157.34499277979023,140.30503804648325
1.7339999999999198,126.09606170654297,125.66370391845703,0.7202148679210709,167.8199346416371,148.60127946318258
1.7349999999999197,126.10334777832031,125.66370391845703,0.7304638983838365,179.43039728066825,160.42974252404574
1.7359999999999196,126.098876953125,125.66370391845703,0.7370571225758376,146.46449187126723,130.78123980145946
1.7369999999999195,126.09022521972656,125.66370391845703,0.7269491889496393,135.17626295323413,120.2339181058077
1.7379999999999194,126.0853500366211,125.66370391845703,0.7174033123918703,146.65698784156638,129.75259058840405
1.7389999999999193,126.08653259277344,125.66370391845703,0.7195493131681826,165.66415862883474,145.02496548368072
1.7399999999999192,126.09284210205078,125.66370391845703,0.7370180639683647,176.28839780852934,157.95904244520395
1.740999999999919,126.09298706054688,125.66370391845703,0.7370610881878372,160.09141739515485,142.4068604376112
1.741999999999919,126.0945816040039,125.66370391845703,0.7350672009231999,165.44291032051396,146.0672691134226
1.7429999999999188,126.10033416748047,125.66370391845703,0.7413727084249921,179.23397041253418,156.5676273813289
1.7439999999999187,126.1092529296875,125.66370391845703,0.7596231166572815,184.46453678645625,164.5636239271438
1.7449999999999186,126.10961151123047,125.66370391845703,0.7595005263804046,161.57346290062765,142.97869146995333
1.7459999999999185,126.10916900634766,125.66370391845703,0.7545677425295851,160.54714905683426,140.96006623584768
1.7469999999999184,126.11146545410156,125.66370391845703,0.7559979512727765,170.10047297453497,147.86218506036454
1.7479999999999183,126.11577606201172,125.66370391845703,0.7683017499195612,172.3289738803659,152.95780587280083
1.7489999999999182,126.11022186279297,125.66370391845703,0.7645896793682442,145.32051784675733,128.05438277609673
1.749999999999918,126.1029052734375,125.66370391845703,0.7535614419452601,141.25030235082926,123.62323419632973
1.750999999999918,126.09835815429688,125.66370391845703,0.748118277025871,150.4468197704872,130.5774009602735
1.7519999999999178,126.09619903564453,125.66370391845703,0.7540744196314654,154.03731464883037,136.61638563754184
1.7529999999999177,126.08438110351562,125.66370391845703,0.7476942848579725,127.10948941925653,112.23607087750631
1.7539999999999176,126.07129669189453,125.66370391845703,0.7324260484938131,124.06194803215189,109.03819603454959
1.7549999999999175,126.06232452392578,125.66370391845703,0.7230319202031575,136.6824222311432,119.38143902558913
1.7559999999999174,126.0572738647461,125.66370391845703,0.7264289171231303,144.82313329208804,129.26139687550156
1.7569999999999173,126.04370880126953,125.66370391845703,0.7205624587690305,120.89117470951345,107.79073556369597
1.7579999999999172,126.03004455566406,125.66370391845703,0.7055712507052412,121.04000724445343,107.5092871576207
1.758999999999917,126.02220916748047,125.66370391845703,0.6976496148476853,138.42180761409492,122.2134648693683
1.759999999999917,126.01993560791016,125.66370391845703,0.7038286547493732,151.30248058049762,136.20672680722612
1.7609999999999169,126.01016235351562,125.66370391845703,0.7018075389915176,130.36120278611247,117.30992393477811
1.7619999999999167,126.00102996826172,125.66370391845703,0.6912802364583451,132.91224215665326,118.90783868180847
1.7629999999999166,125.99880981445312,125.66370391845703,0.6890723366610243,153.45197631021938,136.31975342217123
1.7639999999999165,126.0029296875,125.66370391845703,0.701064081411562,168.58918768441728,152.28986383931056
1.7649999999999164,125.99959564208984,125.66370391845703,0.7039132140491053,148.11612005956528,133.5253454267152
1.7659999999999163,125.99657440185547,125.66370391845703,0.6985014938765026,150.20452049937765,134.30081737085442
1.7669999999999162,126.00041198730469,125.66370391845703,0.70162772265674,170.7708115326354,151.5736273038951
1.767999999999916,126.0102310180664,125.66370391845703,0.7176696963689613,184.99126817790165,166.68212751646513
1.768999999999916,126.0115966796875,125.66370391845703,0.7233955885276551,161.89962884502276,145.36154264055864
1.7699999999999159,126.0119857788086,125.66370391845703,0.7199401376191886,160.6845394678653,142.91170039988094
1.7709999999999158,126.01835632324219,125.66370391845703,0.7240562683138385,178.84287891039966,158.00403631482152
1.7719999999999156,126.02973937988281,125.66370391845703,0.739519097486426,190.46744664830481,170.64298105664312
1.7729999999999155,126.03118896484375,125.66370391845703,0.7451629814704179,163.19909003693752,145.61588918724718
1.7739999999999154,126.03015899658203,125.66370391845703,0.7397266014873399,157.65263204112617,139.37060593766404
1.7749999999999153,126.03407287597656,125.66370391845703,0.7400582748842791,172.718827111432,151.82947834908242
1.7759999999999152,126.04227447509766,125.66370391845703,0.7510186228262683,182.63559910023724,162.64941727567276
1.776999999999915,126.03952026367188,125.66370391845703,0.7548116499271643,152.14715053820882,135.0205082662691
1.777999999999915,126.03340148925781,125.66370391845703,0.7453330726577849,143.6401234048152,126.54799113853028
1.7789999999999149,126.03160858154297,125.66370391845703,0.7395620201099995,156.7379517097214,137.44534294394015
1.7799999999999148,126.03435516357422,125.66370391845703,0.7448464569645451,167.73969012164324,148.88133254779302
1.7809999999999147,126.02613830566406,125.66370391845703,0.7469066781341918,136.81074608088483,121.24826154494937
1.7819999999999145,126.01473236083984,125.66370391845703,0.7339631721453079,128.24240927090875,113.17866196887776
1.7829999999999144,126.0080337524414,125.66370391845703,0.7235886148204773,142.21786114194666,125.0645763023347
1.7839999999999143,126.007080078125,125.66370391845703,0.7254124680209939,156.89873926887788,139.51527744032714
1.7849999999999142,125.99602508544922,125.66370391845703,0.7275591960616059,128.07618989518306,114.04844937467381
1.785999999999914,125.98262786865234,125.66370391845703,0.7139272604172238,121.63783882096877,108.13774072527815
1.786999999999914,125.974853515625,125.66370391845703,0.7028079585620679,138.11263107550693,122.30176035268244
1.7879999999999139,125.9743423461914,125.66370391845703,0.705288898223116,160.48154592492884,140.59146605557171
1.7889999999999138,125.98007202148438,125.66370391845703,0.7246236024063578,174.07680105387445,156.31318001042186
1.7899999999999137,125.9810562133789,125.66370391845703,0.7259666220044909,161.9952947123362,144.3750954773236
1.7909999999999136,125.98477172851562,125.66370391845703,0.7271029876196795,170.98586169493075,151.25689898116335
1.7919999999999134,125.99317932128906,125.66370391845703,0.737204562989541,182.7763236007173,163.09826220455662
1.7929999999999133,125.98934173583984,125.66370391845703,0.7446582082068763,148.37640327807196,132.22738977664994
1.7939999999999132,125.98072052001953,125.66370391845703,0.7343014807974853,135.25283747502712,120.15818205614194
1.794999999999913,125.97527313232422,125.66370391845703,0.7231833467913161,145.01670526278392,128.16189815107117
1.795999999999913,125.97596740722656,125.66370391845703,0.7234536840231952,164.09573687869045,143.62429001025197
1.796999999999913,125.98189544677734,125.66370391845703,0.7390169454837612,175.20809370231183,156.83303113614474
1.7979999999999128,125.98128509521484,125.66370391845703,0.7388610202488813,157.78107308099607,140.34120592138126
1.7989999999999127,125.98175811767578,125.66370391845703,0.7353960115657056,162.07589951333335,143.08684484218543
1.7999999999999126,125.98674011230469,125.66370391845703,0.7401813120588034,176.64777985572795,154.44217373262808
1.8009999999999124,125.99525451660156,125.66370391845703,0.757012025440059,183.10775421916992,163.36395787238575
1.8019999999999123,125.99505615234375,125.66370391845703,0.7572355148652529,159.63588817228813,141.41392997920357
1.8029999999999122,125.993896484375,125.66370391845703,0.7515299892987186,158.13018169572118,138.98556096525843
1.8039999999999121,125.99600982666016,125.66370391845703,0.7521991285846039,169.01352181791913,147.2315716692676
1.804999999999912,126.00066375732422,125.66370391845703,0.7638404395433813,172.93482963122634,153.65425449881207
1.805999999999912,125.99540710449219,125.66370391845703,0.7611497372961583,145.69847124162098,128.65606792792278
1.8069999999999118,125.98828887939453,125.66370391845703,0.7501727744593842,141.34027129692757,123.95654484408334
1.8079999999999117,125.98448944091797,125.66370391845703,0.7447360010012278,151.98813870312804,132.33413058178107
1.8089999999999116,125.98360443115234,125.66370391845703,0.7507165670235738,157.24273451164507,139.66843864358012
1.8099999999999115,125.97295379638672,125.66370391845703,0.7458793294551269,129.97232542182905,115.03695580923109
1.8109999999999113,125.96082305908203,125.66370391845703,0.7312414513427027,126.37294331922412,111.30007640308777
1.8119999999999112,125.95323944091797,125.66370391845703,0.7223193450074223,140.13762189011376,122.75857457316405
1.8129999999999111,125.949951171875,125.66370391845703,0.7260613387286481,149.52356152973096,133.560328091285
1.813999999999911,125.93787384033203,125.66370391845703,0.7218857193016261,124.79428287059255,111.40570780211746
1.814999999999911,125.92528533935547,125.66370391845703,0.7075686228938926,123.8830648131927,110.11419614902437
1.8159999999999108,125.91881561279297,125.66370391845703,0.7000148415857328,141.93425849753268,125.49793570644545
1.8169999999999107,125.91809844970703,125.66370391845703,0.7062680015055897,155.58443036319622,139.99237017077368
1.8179999999999106,125.9094467163086,125.66370391845703,0.7056199379748548,133.37664181500045,120.01047703477857
1.8189999999999105,125.90089416503906,125.66370391845703,0.6952228224369528,134.45281795620542,120.24031087654818
1.8199999999999104,125.89942932128906,125.66370391845703,0.6927375709977106,155.35515831841064,138.0765006328936
1.8209999999999102,125.90442657470703,125.66370391845703,0.7041077690204419,171.0587560487259,154.36680399404455
1.8219999999999101,125.90149688720703,125.66370391845703,0.7078052915076968,149.1342544422273,134.39781312437276
1.82299999999991,125.8983154296875,125.66370391845703,0.701825399999576,149.6665924445699,133.76251082145353
1.82399999999991,125.90219116210938,125.66370391845703,0.7040156720588495,170.6458059160617,151.53726976873858
1.8249999999999098,125.9122543334961,125.66370391845703,0.7188942580077134,185.61556697899928,167.12100356044735
1.8259999999999097,125.91344451904297,125.66370391845703,0.7251910899450326,161.25416255366338,144.79814195550645
1.8269999999999096,125.9132080078125,125.66370391845703,0.7208730843258229,158.62541706725025,141.186465254832
1.8279999999999095,125.91891479492188,125.66370391845703,0.7233061764067037,176.5855603460155,156.17249455799788
1.8289999999999094,125.9300537109375,125.66370391845703,0.7372880965810086,189.62892795930165,169.863497189374
1.8299999999999093,125.93108367919922,125.66370391845703,0.7435464602254283,161.715367889683,144.42124143715873
1.8309999999999091,125.92940521240234,125.66370391845703,0.7374255901101658,155.2729661165015,137.58041486707455
1.831999999999909,125.93248748779297,125.66370391845703,0.7359309379661716,169.84041100166226,149.5884696992269
1.832999999999909,125.9405746459961,125.66370391845703,0.7456213882545701,182.0065641399598,162.1896942524538
1.8339999999999088,125.93778991699219,125.66370391845703,0.750432810927049,151.62067535961094,134.80971603596547
1.8349999999999087,125.93162536621094,125.66370391845703,0.7408887194342191,142.86659192349964,126.29092376863059
1.8359999999999086,125.92977142333984,125.66370391845703,0.7341465633012682,155.95450245171952,137.15934511231129
1.8369999999999085,125.93330383300781,125.66370391845703,0.7389941659211161,169.5776393227334,150.72006607392285
1.8379999999999084,125.92605590820312,125.66370391845703,0.7427051884341568,139.04508578358576,123.54901298852488
1.8389999999999083,125.91560363769531,125.66370391845703,0.7305103320594563,130.3547796508557,115.47938021901275
1.8399999999999082,125.90982055664062,125.66370391845703,0.7200780750716063,144.24059199351592,127.22876079432805
1.840999999999908,125.9105453491211,125.66370391845703,0.7222214842629859,164.51571198176103,143.61102827044348
1.841999999999908,125.91673278808594,125.66370391845703,0.7402682327160022,175.9607186274054,157.38078316985175
1.8429999999999078,125.91722106933594,125.66370391845703,0.740490929630412,161.10448544604756,143.02527744116793
1.8439999999999077,125.9195327758789,125.66370391845703,0.7392732352157942,167.4797647288181,147.61739489869413
1.8449999999999076,125.92599487304688,125.66370391845703,0.7463915997308104,181.28124349174064,158.07388242921863
1.8459999999999075,125.9355239868164,125.66370391845703,0.7653408123288045,186.1233250047782,165.83165919758963
1.8469999999999074,125.9365463256836,125.66370391845703,0.765097765176998,163.4313608395457,144.39668042961833
1.8479999999999073,125.93678283691406,125.66370391845703,0.7603545170809209,162.4338236465969,142.4197735628685
1.8489999999999072,125.93949127197266,125.66370391845703,0.7618156972360509,171.27685895542245,148.653461701799
1.849999999999907,125.9439468383789,125.66370391845703,0.7739433595169926,172.61859705676787,153.06203848253529
1.850999999999907,125.93843841552734,125.66370391845703,0.7693999363493965,145.36857386152874,127.95165993869298
1.8519999999999068,125.93112182617188,125.66370391845703,0.7577156782673814,141.09853335393822,123.38585308110477
1.8529999999999067,125.92633056640625,125.66370391845703,0.751518824141317,149.63127039649422,129.74990094537057
1.8539999999999066,125.92375946044922,125.66370391845703,0.7566458688458529,152.5981262689119,135.3225668001446
1.8549999999999065,125.9115219116211,125.66370391845703,0.7490729002161377,125.67799943882522,110.9936679294182
1.8559999999999064,125.89811706542969,125.66370391845703,0.7327988947229715,122.80586391641711,108.01242591443932
1.8569999999999063,125.88878631591797,125.66370391845703,0.7224798148413034,135.3058359997923,118.27006016131318
1.8579999999999062,125.88341522216797,125.66370391845703,0.7250835859810422,143.43901077490273,128.22255763344234
1.858999999999906,125.8697280883789,125.66370391845703,0.7182237872594641,120.05095700510726,107.27559664544499
1.859999999999906,125.85619354248047,125.66370391845703,0.7026070238688769,120.89572224382148,107.65052092723303
1.8609999999999058,125.84866333007812,125.66370391845703,0.6943904969911747,138.7057288691102,122.74192392944937
1.8619999999999057,125.84687805175781,125.66370391845703,0.7005529028513744,152.0303977908727,137.20967296323593
1.8629999999999056,125.83789825439453,125.66370391845703,0.6981885251625565,131.9731455314039,119.09205394410829
1.8639999999999055,125.82987976074219,125.66370391845703,0.6879121128434459,135.44433388343327,121.4869984762716
1.8649999999999054,125.82897186279297,125.66370391845703,0.6864426576946444,156.57505037516728,139.39257624901063
1.8659999999999053,125.8345947265625,125.66370391845703,0.6993572385827975,172.14062914539033,155.83171719888398
1.8669999999999052,125.8330078125,125.66370391845703,0.7024531860142765,152.427154175728,137.6824314064945
1.867999999999905,125.83193969726562,125.66370391845703,0.6979345494502958,155.1888639385032,138.97871585200474
1.868999999999905,125.83780670166016,125.66370391845703,0.7023681181301163,176.04722789174082,156.45033702483445
1.8699999999999048,125.8497085571289,125.66370391845703,0.7196360095088913,190.27375309553824,171.65746744756967
1.8709999999999047,125.85319519042969,125.66370391845703,0.7256909248540307,167.4303505566337,150.47456392060585
1.8719999999999046,125.85570526123047,125.66370391845703,0.7230550977539336,166.3290190876439,148.02809712105042
1.8729999999999045,125.86409759521484,125.66370391845703,0.7282101272951031,184.26145043283424,162.85900912221084
1.8739999999999044,125.87737274169922,125.66370391845703,0.744449517037321,195.39489088893603,175.1406326769139
1.8749999999999043,125.88055419921875,125.66370391845703,0.7500945237648604,167.8056594777468,149.76311386374044
1.8759999999999042,125.88108825683594,125.66370391845703,0.7449099545545463,161.85369878619565,143.08101566994452
1.876999999999904,125.8863525390625,125.66370391845703,0.7455534988077887,176.3718255611339,155.02340489228905
1.877999999999904,125.89568328857422,125.66370391845703,0.7565407219349556,185.56361955050232,165.2448465184167
1.8789999999999039,125.89380645751953,125.66370391845703,0.7599403169235401,154.45353386747885,137.04199386345115
1.8799999999999037,125.88834381103516,125.66370391845703,0.750097101269281,145.3272694450963,128.0023128817921
1.8809999999999036,125.88699340820312,125.66370391845703,0.7438595634732434,157.81153280825893,138.3570747053382
1.8819999999999035,125.89000701904297,125.66370391845703,0.74850303654367,168.28757060995167,149.3365703744791
1.8829999999999034,125.88187408447266,125.66370391845703,0.7499226697655277,136.86434307754325,121.2906459101835
1.8839999999999033,125.87041473388672,125.66370391845703,0.7362387252166128,127.88107031559592,112.88660318854772
1.8849999999999032,125.86358642578125,125.66370391845703,0.7249896986068513,141.55233655029838,124.53124966342293
1.885999999999903,125.86248779296875,125.66370391845703,0.7259262298171831,159.68504672738382,138.95086061652785
1.886999999999903,125.86620330810547,125.66370391845703,0.7425146822401081,169.0207937720759,151.0757832904912
1.8879999999999029,125.8643569946289,125.66370391845703,0.7399034552041756,154.52596711224905,137.07537986199438
1.8889999999999028,125.86466217041016,125.66370391845703,0.7367676637433598,161.64311723790712,142.49412775366932
1.8899999999999026,125.86878967285156,125.66370391845703,0.7421036473772405,170.97748718928844,152.11601629402023
1.8909999999999025,125.86040496826172,125.66370391845703,0.7455921034647724,135.6484843147081,120.60200134420927
1.8919999999999024,125.84733581542969,125.66370391845703,0.7311417036911919,122.60068621903436,108.82053511038225
1.8929999999999023,125.83783721923828,125.66370391845703,0.7161044791397687,133.1559128569121,117.78276416294025
1.8939999999999022,125.83458709716797,125.66370391845703,0.7128258653290517,152.3721427591264,133.49355263938102
1.894999999999902,125.83689880371094,125.66370391845703,0.7257210978167944,164.2398297923893,147.50455088598846
1.895999999999902,125.83354949951172,125.66370391845703,0.7231731718646387,149.15080245280902,133.24843002095335
1.8969999999999019,125.83235931396484,125.66370391845703,0.7184161199837922,156.27702148792142,138.68237916982739
1.8979999999999018,125.83638763427734,125.66370391845703,0.7228981960049639,172.80114502063728,151.8082599321692
1.8989999999999017,125.84473419189453,125.66370391845703,0.740476148002826,181.32208967263364,162.71389461948192
1.8999999999999015,125.8455581665039,125.66370391845703,0.7407963464407361,161.25923936784636,143.756799764571
1.9009999999999014,125.84659576416016,125.66370391845703,0.7369346203559811,163.13458623734192,144.3134162289774
1.9019999999999013,125.85157775878906,125.66370391845703,0.7405220461447186,176.03934705127608,154.24028325260116
1.9029999999999012,125.85968780517578,125.66370391845703,0.7556068189963885,181.3772282017616,162.13377148435322
1.903999999999901,125.85869598388672,125.66370391845703,0.7544424771293661,156.73497987672232,139.20961366276958
1.904999999999901,125.85651397705078,125.66370391845703,0.7468829127595952,154.5182003639337,136.21215736200057
1.9059999999999009,125.85771942138672,125.66370391845703,0.7456946082259904,165.60749395564494,144.74798517353784
1.9069999999999008,125.86173248291016,125.66370391845703,0.7557550491085872,170.3046807339185,151.8191912925929
1.9079999999999007,125.85603332519531,125.66370391845703,0.7523499426439751,143.5885513942514,127.37122169840299
1.9089999999999006,125.84877014160156,125.66370391845703,0.7406269749268884,140.02824053086644,123.41650363800815
1.9099999999999004,125.84539794921875,125.66370391845703,0.734902340182465,152.19442325950448,133.2127392372812
1.9109999999999003,125.84554290771484,125.66370391845703,0.7410932937145976,159.16218992074573,142.05162365869302
1.9119999999999002,125.83633422851562,125.66370391845703,0.7369481488930486,133.12599970672454,118.51229574874674
1.9129999999999001,125.8260269165039,125.66370391845703,0.7233421318367426,130.6869552597339,115.72926466945688
1.9139999999999,125.82081604003906,125.66370391845703,0.7160986101107828,146.01614428364357,128.56138521684187
1.9149999999999,125.82037353515625,125.66370391845703,0.7217800794513486,156.72064041672823,140.5420280451247
1.9159999999998998,125.81133270263672,125.66370391845703,0.7193032662587957,132.67773465381677,118.89014020485656
1.9169999999998997,125.80183410644531,125.66370391845703,0.7070631453619893,132.11989252566016,117.73698768679779
1.9179999999998996,125.79862213134766,125.66370391845703,0.7020231310475923,150.74881570894803,133.56133928663363
1.9189999999998995,125.80123138427734,125.66370391845703,0.7105084510167186,164.54205632649663,148.1894854424655
1.9199999999998993,125.79564666748047,125.66370391845703,0.7114399807417383,141.77390787100074,127.58171993040877
1.9209999999998992,125.7897720336914,125.66370391845703,0.702592151410151,141.93512249470317,126.82303815526299
1.9219999999998991,125.7907485961914,125.66370391845703,0.7015663192291001,162.24171952280568,144.07927296912598
1.922999999999899,125.79788208007812,125.66370391845703,0.7137099288001596,177.0903928810433,159.58036660664274
1.923999999999899,125.79650115966797,125.66370391845703,0.7179039385859349,153.58529290747873,138.15473505137592
1.9249999999998988,125.79422760009766,125.66370391845703,0.7118320925089542,152.34217826306408,135.8887309187641
1.9259999999998987,125.79853820800781,125.66370391845703,0.7132758032780767,171.97021899518748,152.4707602595688
1.9269999999998986,125.80867767333984,125.66370391845703,0.7268924156413734,186.02823836062413,167.15427849263367
1.9279999999998985,125.80938720703125,125.66370391845703,0.7326194783460799,160.00894846368942,143.42487343009748
1.9289999999998984,125.80812072753906,125.66370391845703,0.7268289787600226,155.7116931423654,138.4546934524457
1.9299999999998982,125.81234741210938,125.66370391845703,0.726816291383428,172.33237942598248,152.29400387153964
1.9309999999998981,125.82198333740234,125.66370391845703,0.7383993900157694,185.4352325373192,165.900418380413
1.931999999999898,125.82130432128906,125.66370391845703,0.7438082132651797,156.7838842474931,139.95845467128348
1.932999999999898,125.8177719116211,125.66370391845703,0.7359817100025924,149.71536227771188,132.75607037380303
1.9339999999998978,125.81896209716797,125.66370391845703,0.7321033152687352,164.08458909053766,144.66604958419833
1.9349999999998977,125.82557678222656,125.66370391845703,0.7398426518077152,177.5609518352533,158.3018298464794
1.9359999999998976,125.82152557373047,125.66370391845703,0.7443989639059495,147.61524967976385,131.47018400991564
1.9369999999998975,125.81432342529297,125.66370391845703,0.7340448169366707,139.32780936760136,123.52440816106683
1.9379999999998974,125.81171417236328,125.66370391845703,0.726218486696199,153.1531756103972,135.09042171906034
1.9389999999998973,125.815185546875,125.66370391845703,0.7305839395346917,168.81493786499166,150.3842175605534
1.9399999999998971,125.80828094482422,125.66370391845703,0.7350150602021407,139.3809453752784,124.2729362014716
1.940999999999897,125.79851531982422,125.66370391845703,0.723342872370474,131.59138067628479,117.0565627255899
1.941999999999897,125.7937240600586,125.66370391845703,0.7134528993106236,146.37248089777555,129.56024078287277
1.9429999999998968,125.79608917236328,125.66370391845703,0.7166789918902745,168.45465702618836,147.57990096680368
1.9439999999998967,125.80450439453125,125.66370391845703,0.7361224751908446,181.64223695470724,162.81559077417845
1.9449999999998966,125.8073959350586,125.66370391845703,0.7382120545052662,167.3406492576676,148.90251548200132
1.9459999999998965,125.81214141845703,125.66370391845703,0.7387838539295953,173.9816870423961,153.60093273285023
1.9469999999998964,125.82138061523438,125.66370391845703,0.7478465652501571,185.3933874815616,164.91121153694505
1.9479999999998963,125.81764221191406,125.66370391845703,0.7556320787788929,148.8641761935976,132.24312447905044
1.9489999999998961,125.80831146240234,125.66370391845703,0.7441942368640517,133.27026198982637,118.15520533989248
1.949999999999896,125.80140686035156,125.66370391845703,0.7303362898597213,140.82285504778335,124.26439800692334
1.950999999999896,125.80070495605469,125.66370391845703,0.7274247643793791,159.85529152778705,139.8744291012331
1.9519999999998958,125.80540466308594,125.66370391845703,0.7398727013420533,171.59811275891983,153.4535312390944
1.9529999999998957,125.80319213867188,125.66370391845703,0.7389010379063415,152.91975275057766,136.0823721715988
1.9539999999998956,125.8017807006836,125.66370391845703,0.733145641396868,156.2761603078433,138.07641240864848
1.9549999999998955,125.805419921875,125.66370391845703,0.7356641919927751,172.12855274683844,150.78888915712986
1.9559999999998954,125.81320190429688,125.66370391845703,0.7505662862632636,180.50651042813232,161.2243357235216
1.9569999999998953,125.81229400634766,125.66370391845703,0.7510980893956715,156.92126009830773,139.37235917511097
1.9579999999998952,125.8104476928711,125.66370391845703,0.7445627247574319,155.44083594301262,136.9985547973977
1.958999999999895,125.81269836425781,125.66370391845703,0.7446210522180727,168.4429705204254,147.31656800535026
1.959999999999895,125.81831359863281,125.66370391845703,0.7559375659306365,174.8577065028694,155.7730732495828
1.9609999999998948,125.81414031982422,125.66370391845703,0.7547521153880754,147.9201076834941,131.14472591329832
1.9619999999998947,125.8081283569336,125.66370391845703,0.7444092502487135,143.7104951548857,126.52318215847234
1.9629999999998946,125.80622863769531,125.66370391845703,0.7398029836520089,156.41781849333606,136.85579402697797
1.9639999999998945,125.80792236328125,125.66370391845703,0.7466603244957581,163.80273618929374,145.9076103172363
1.9649999999998944,125.79977416992188,125.66370391845703,0.744070504570446,136.34816345506144,121.12458291496544
1.9659999999998943,125.7898941040039,125.66370391845703,0.7308471498217047,132.19447519237679,116.76921119217087
1.9669999999998942,125.7850570678711,125.66370391845703,0.7233283598530424,147.23498429457328,129.43553787994068
1.967999999999894,125.78486633300781,125.66370391845703,0.7281790575268489,157.82839941731606,141.12744520573884
1.968999999999894,125.77545166015625,125.66370391845703,0.7262291885552982,131.93994463984492,117.9263049288577
1.9699999999998938,125.76493072509766,125.66370391845703,0.713035366049064,129.4656632213714,115.11069442961993
1.9709999999998937,125.76068878173828,125.66370391845703,0.7062460216561155,147.89002329796986,130.90251157397788
1.9719999999998936,125.76226806640625,125.66370391845703,0.7126822752332524,161.9533271660378,145.56143177413637
1.9729999999998935,125.75523376464844,125.66370391845703,0.713505658666718,137.78919023507459,123.87598497561883
1.9739999999998934,125.74748229980469,125.66370391845703,0.7030436757357318,136.61683872746454,122.05272977342348
1.9749999999998933,125.74675750732422,125.66370391845703,0.6997227063720697,157.2226968126729,139.73224996361446
1.9759999999998932,125.75253295898438,125.66370391845703,0.7097479512653775,173.26730925448976,156.09489999734396
1.976999999999893,125.74971008300781,125.66370391845703,0.7140077529432189,149.31686650739354,134.45439654637522
1.977999999999893,125.74589538574219,125.66370391845703,0.7067874114400728,147.5610083110493,131.95228485870192
1.9789999999998928,125.74866485595703,125.66370391845703,0.70615901794781,167.14558936219493,148.52237145354897
1.9799999999998927,125.75799560546875,125.66370391845703,0.7184531026825234,183.4625557796965,165.03889376333703
1.9809999999998926,125.75816345214844,125.66370391845703,0.7249297656106987,158.03608076987422,141.99114261203442
1.9819999999998925,125.75654602050781,125.66370391845703,0.7190969792031288,154.11976561982954,137.51327794365375
1.9829999999998924,125.7606430053711,125.66370391845703,0.7185478810021815,171.36588099869206,151.87833845464274
1.9839999999998923,125.7710189819336,125.66370391845703,0.73036941197005,187.08242851179276,167.68087213815087
1.9849999999998922,125.77143096923828,125.66370391845703,0.7374343382425513,159.3350446931742,142.61648356972668
1.985999999999892,125.76915740966797,125.66370391845703,0.7307579212870728,152.72322470668055,135.87264661431755
1.986999999999892,125.771728515625,125.66370391845703,0.7276559065348588,167.51185954719045,148.05937146450435
1.9879999999998919,125.78042602539062,125.66370391845703,0.7366588860107283,183.1013287358772,163.47375020422675
1.9889999999998917,125.7785873413086,125.66370391845703,0.7433081746543969,153.52669074362572,136.97563918450126
1.9899999999998916,125.77349853515625,125.66370391845703,0.7345617943289794,144.9972800311444,128.8054083820002
1.9909999999998915,125.77281188964844,125.66370391845703,0.7277809722205358,158.39157286497115,139.8637062398083
1.9919999999998914,125.77857971191406,125.66370391845703,0.7332981841823942,178.65615485582634,156.10663158363334
1.9929999999998913,125.7895736694336,125.66370391845703,0.7538511840088759,189.47532828903474,169.26442358693083
1.9939999999998912,125.79411315917969,125.66370391845703,0.7559918774507262,172.71487656941832,153.0444195585166
1.994999999999891,125.799560546875,125.66370391845703,0.7560120169695265,176.7096105768487,155.33279498800115
1.995999999999891,125.8085708618164,125.66370391845703,0.7636589622655994,188.8968783267914,164.3129730105857
1.9969999999998909,125.81999206542969,125.66370391845703,0.7821822596153762,191.9399207160374,170.3924640260811
1.9979999999998908,125.82183074951172,125.66370391845703,0.781817465635784,166.23534441283573,146.28099207902
1.9989999999998906,125.82179260253906,125.66370391845703,0.7756750778248284,162.19208044638296,141.56905988686646
1.9999999999998905,125.82365417480469,125.66370391845703,0.7749446657549093,169.28167267112653,146.34192557245328
