t,omega,omega_ref,i_rms,p_el,p_mech
0.001,-0.025762490928173065,125.66370614359174,0.0,0.6759807133761924,-0.0
0.002,-0.051521893590688705,125.66370614359174,0.005104279865205946,0.6909522252677548,-0.0
0.003,-0.07727821171283722,125.66370614359174,0.014691020071001018,0.2625351422197116,2.6950893055076082e-09
0.004,-0.10303404182195663,125.66370614359174,0.08835619053561988,3.188213540721764,5.345609074906279e-06
0.005,-0.1287912279367447,125.66370614359174,0.1624696153419354,-5.895840905418229,1.8145244063824275e-05
0.006,-0.15452885627746582,125.66370614359174,0.01827305541907976,1.626640265186475,-2.915737547243015e-05
0.007,-0.18024638295173645,125.66370614359174,0.1622169342611279,-2.6358050613331767,-9.538485027472806e-05
0.008,-0.20598076283931732,125.66370614359174,0.04786666017169597,-0.01604009278460783,-2.6843932031542426e-05
0.009000000000000001,-0.23172315955162048,125.66370614359174,0.03743721699015469,1.8335424815474197,2.1276130734300207e-05
0.010000000000000002,-0.25747033953666687,125.66370614359174,0.0975850080625814,-3.5723854650291162,6.416621679787326e-05
0.011000000000000003,-0.2832193970680237,125.66370614359174,0.10089269374239274,6.2707477778454574,9.861703078898877e-05
0.012000000000000004,-0.3089918792247772,125.66370614359174,0.25336813584748774,-2.1497440660071607,0.00027143530065548265
0.013000000000000005,-0.33471372723579407,125.66370614359174,0.15104902136221385,-0.36624971276808105,-2.4247560034087274e-05
0.014000000000000005,-0.36034947633743286,125.66370614359174,0.09301539240958813,1.2094919992055329,-0.0006244127210992409
0.015000000000000006,-0.3858839273452759,125.66370614359174,0.09414488245779137,-0.5056823564961868,-0.00142691501953935
0.016000000000000007,-0.411581426858902,125.66370614359174,0.013205271940050733,1.019409338565718,-0.00015429935228548417
0.017000000000000008,-0.4375743567943573,125.66370614359174,0.13660448837364822,2.261784535061999,0.0024482282601166363
0.01800000000000001,-0.46363741159439087,125.66370614359174,0.14108847427704085,-1.6805127768110988,0.0032733089231926113
0.01900000000000001,-0.4894140660762787,125.66370614359174,0.04225402518501634,0.8477759245868202,0.0006821058097165174
0.02000000000000001,-0.5146871209144592,125.66370614359174,0.15994235502875337,3.811085555396053,-0.004434512946864443
0.02100000000000001,-0.5397781729698181,125.66370614359174,0.18689015978294143,-0.34445602755241467,-0.006582626433109952
0.022000000000000013,-0.5651372075080872,125.66370614359174,0.11756433572947599,0.5536172743952836,-0.0038292126854950733
0.023000000000000013,-0.5910306572914124,125.66370614359174,0.15372527461547847,1.3312128835729673,0.002347951670372085
0.024000000000000014,-0.6169845461845398,125.66370614359174,0.12592397094758875,0.5840291005490046,0.0032358388596868525
0.025000000000000015,-0.6423390507698059,125.66370614359174,0.12691519645375743,3.9411391999908716,-0.00429161105948666
0.026000000000000016,-0.6671616435050964,125.66370614359174,0.18880248827069845,1.2893343718487387,-0.011514940630658457
0.027000000000000017,-0.6922217607498169,125.66370614359174,0.1492981102607399,1.3145697580511584,-0.00861718560405313
0.028000000000000018,-0.7180610299110413,125.66370614359174,0.1756745890036602,5.842937540936786,0.002293916904844383
0.02900000000000002,-0.7445175647735596,125.66370614359174,0.24336105182536913,1.8942843864760381,0.011615898730276986
0.03000000000000002,-0.7706947326660156,125.66370614359174,0.19922755871061176,2.221967392064399,0.007766330798091452
0.03100000000000002,-0.7955383658409119,125.66370614359174,0.2185021826818867,2.9682444620174664,-0.013151026245203085
0.03200000000000002,-0.8203182220458984,125.66370614359174,0.1994134358704976,3.0834322711737467,-0.014557574619580682
0.03300000000000002,-0.8449777364730835,125.66370614359174,0.1900492331487191,3.3539298056487263,-0.016979134495786977
0.03400000000000002,-0.8694546818733215,125.66370614359174,0.18976886889121816,3.7533278117450326,-0.020593289374962038
0.035000000000000024,-0.8936979174613953,125.66370614359174,0.19694361487328668,4.292484942931964,-0.025293502105979294
0.036000000000000025,-0.9176647067070007,125.66370614359174,0.21004715934162227,3.6746948810169866,-0.03099162443985247
0.037000000000000026,-0.9426724314689636,125.66370614359174,0.2309323920932516,6.513381740010946,-0.012157305084416594
0.03800000000000003,-0.9684487581253052,125.66370614359174,0.27119042929666864,4.343496068657904,0.0024555755379091146
0.03900000000000003,-0.9931702613830566,125.66370614359174,0.260283525613273,5.653321329067866,-0.01837365411284164
0.04000000000000003,-1.0168880224227905,125.66370614359174,0.270021404896535,7.217151212767296,-0.03916542873900232
0.04100000000000003,-1.0396648645401,125.66370614359174,0.29294290890983826,6.796798974975858,-0.059546818409367465
0.04200000000000003,-1.063492774963379,125.66370614359174,0.30739272980503707,8.589689870003447,-0.03849898840897288
0.04300000000000003,-1.0880556106567383,125.66370614359174,0.33040320288978337,8.18062918950399,-0.023334876972945295
0.04400000000000003,-1.1108181476593018,125.66370614359174,0.34227728704523724,10.912902194091924,-0.06375084938606898
0.04500000000000003,-1.131922721862793,125.66370614359174,0.37258227496050533,9.830997580720592,-0.10243445475963349
0.046000000000000034,-1.1540648937225342,125.66370614359174,0.37854860828399517,10.957233050560795,-0.08043122589665032
0.047000000000000035,-1.1768827438354492,125.66370614359174,0.3902669222841882,11.791109454199923,-0.06605535483746042
0.048000000000000036,-1.2000285387039185,125.66370614359174,0.40303682082925935,12.407906092604192,-0.059418613383217855
0.04900000000000004,-1.2232022285461426,125.66370614359174,0.4150381658425379,12.909303053299217,-0.05981718146677188
0.05000000000000004,-1.2461439371109009,125.66370614359174,0.42598203113156585,13.370244436328935,-0.06664827030255936
0.05100000000000004,-1.2686281204223633,125.66370614359174,0.436185852326548,13.845244746463951,-0.07939262318918962
0.05200000000000004,-1.2904572486877441,125.66370614359174,0.44614384176145666,14.373669439288213,-0.09759372707070657
0.05300000000000004,-1.311457872390747,125.66370614359174,0.4563406759553967,14.983801570512695,-0.12084355653933575
0.05400000000000004,-1.3314764499664307,125.66370614359174,0.46717933397180506,15.695917512325101,-0.14877249007920917
0.05500000000000004,-1.350376009941101,125.66370614359174,0.4789617585408541,16.524578117983907,-0.18104188934260643
0.05600000000000004,-1.3680332899093628,125.66370614359174,0.4918933285300282,17.48031199860919,-0.21733832301892453
0.057000000000000044,-1.3843361139297485,125.66370614359174,0.5060971279422353,18.570835769710975,-0.25736877007104597
0.058000000000000045,-1.399181604385376,125.66370614359174,0.5216310782505768,19.801926495489255,-0.3008565140360132
0.059000000000000045,-1.4124740362167358,125.66370614359174,0.5385045004111559,21.178036169559377,-0.34753730381288384
0.060000000000000046,-1.4241234064102173,125.66370614359174,0.5566925186120097,22.702717040677086,-0.3971558037437005
0.06100000000000005,-1.4340442419052124,125.66370614359174,0.5761477390529528,24.378909837347987,-0.44946219814345334
0.06200000000000005,-1.442153811454773,125.66370614359174,0.5968092088917358,26.20913375501863,-0.5042086135335816
0.06300000000000004,-1.4483718872070312,125.66370614359174,0.6186089554656448,28.195606963118994,-0.5611459479344484
0.06400000000000004,-1.4526194334030151,125.66370614359174,0.6414765296378083,30.34031862378222,-0.6200203155911074
0.06500000000000004,-1.4548176527023315,125.66370614359174,0.6653419929245771,32.64506766016344,-0.6805694226900519
0.06600000000000004,-1.4548877477645874,125.66370614359174,0.6901377482913198,35.11147912604025,-0.7425190800672233
0.06700000000000005,-1.4527499675750732,125.66370614359174,0.7157995466011718,37.741005909855545,-0.8055792097080697
0.06800000000000005,-1.4483230113983154,125.66370614359174,0.7422669306512754,38.525882028514374,-0.8694397115809879
0.06900000000000005,-1.4467540979385376,125.66370614359174,0.7673967158835244,41.579476101843994,-0.7858144750519896
0.07000000000000005,-1.4470024108886719,125.66370614359174,0.7936111790198638,41.617827620785924,-0.733363773800665
0.07100000000000005,-1.4421908855438232,125.66370614359174,0.8084189673647474,45.3792195293077,-0.8768730652814278
0.07200000000000005,-1.432596206665039,125.66370614359174,0.8316542019135067,45.63613810139589,-1.008099814078161
0.07300000000000005,-1.4251394271850586,125.66370614359174,0.8469712195210529,47.19564100863524,-0.941949405246397
0.07400000000000005,-1.4187904596328735,125.66370614359174,0.8621572640726008,48.340385877075754,-0.9063420955370185
0.07500000000000005,-1.4125906229019165,125.66370614359174,0.8758225111489522,49.218065960834686,-0.8981913371962879
0.07600000000000005,-1.4057338237762451,125.66370614359174,0.887792284465103,49.966829161384034,-0.9123254667004931
0.07700000000000005,-1.3975434303283691,125.66370614359174,0.8984068108016724,50.68405360915825,-0.9443031839727468
0.07800000000000006,-1.3874523639678955,125.66370614359174,0.9081518383776102,51.437257052834184,-0.990256875749325
0.07900000000000006,-1.3749843835830688,125.66370614359174,0.917497094162605,52.27246792558998,-1.0467534350708285
0.08000000000000006,-1.359739899635315,125.66370614359174,0.9268351292604134,53.220474885708846,-1.1106962047491478
0.08100000000000006,-1.3413828611373901,125.66370614359174,0.9364672019321416,54.301426272992636,-1.1792532800579232
0.08200000000000006,-1.3196303844451904,125.66370614359174,0.9466097177082731,55.52816918193085,-1.2498047971515505
0.08300000000000006,-1.2942434549331665,125.66370614359174,0.9574082430805662,56.90864090897474,-1.319902322700941
0.08400000000000006,-1.2650202512741089,125.66370614359174,0.9689529155725911,58.447557437254,-1.3872381984838444
0.08500000000000006,-1.2317891120910645,125.66370614359174,0.9812925168791407,60.14758683691264,-1.4496197134856794
0.08600000000000006,-1.1944040060043335,125.66370614359174,0.9944462076755821,62.01014934885896,-1.5049494117338897
0.08700000000000006,-1.1527398824691772,125.66370614359174,1.0084127669384775,64.03595023103222,-1.5512079267429868
0.08800000000000006,-1.106689214706421,125.66370614359174,1.0231775631400377,66.22532346991034,-1.5864400588105205
0.08900000000000007,-1.0561590194702148,125.66370614359174,1.0387176266605338,68.57844333059346,-1.6087428845002725
0.09000000000000007,-1.0010684728622437,125.66370614359174,1.0550052143822743,71.09544493367436,-1.6162557354919889
0.09100000000000007,-0.9413465857505798,125.66370614359174,1.0720102229189692,73.7764833332627,-1.6071509857265152
0.09200000000000007,-0.8769306540489197,125.66370614359174,1.089701750701639,76.62175173284463,-1.57962654352482
0.09300000000000007,-0.8077647089958191,125.66370614359174,1.1080490481175351,79.6314733169404,-1.531898733204979
0.09400000000000007,-0.7337984442710876,125.66370614359174,1.1270220402276943,82.8058766173221,-1.4621962299922686
0.09500000000000007,-0.6549857258796692,125.66370614359174,1.1465915597802923,86.14516099391781,-1.3687532654461456
0.09600000000000007,-0.5712841749191284,125.66370614359174,1.1667293902224116,89.64945663827356,-1.2498048922940295
0.09700000000000007,-0.48265403509140015,125.66370614359174,1.1874081897324091,93.31878180860036,-1.1035808099618023
0.09800000000000007,-0.38905757665634155,125.66370614359174,1.208601344991967,97.15299895954475,-0.9283001422974303
0.09900000000000007,-0.2904585897922516,125.66370614359174,1.2302827875341618,97.20518337017026,-0.722166357935327
0.10000000000000007,-0.19675882160663605,125.66370614359174,1.2459578982478714,98.60610420899619,-0.4699681518517879
0.10100000000000008,-0.10608576983213425,125.66370614359174,1.2599444180142083,99.27937234476289,-0.24699307623710415
0.10200000000000008,-0.016741111874580383,125.66370614359174,1.2708652971093017,99.50523366587926,-0.03853617840617161
0.10300000000000008,0.07268474996089935,125.66370614359174,1.2787284904634957,99.50478446091277,0.16744581535775926
0.10400000000000008,0.16335122287273407,125.66370614359174,1.2840703154838378,99.43082551704053,0.38040472131084124
0.10500000000000008,0.25620412826538086,125.66370614359174,1.2875567529065224,99.38694915002681,0.6078953189137943
0.10600000000000008,0.35200807452201843,125.66370614359174,1.2898123358140028,99.4417675671106,0.856063615836833
0.10700000000000008,0.45137497782707214,125.66370614359174,1.2913583071570343,99.63946694996402,1.1299862255257602
0.10800000000000008,0.5547884106636047,125.66370614359174,1.292601622089143,100.0075227184566,1.4339061546155978
0.10900000000000008,0.6626248359680176,125.66370614359174,1.293845734589522,100.56225770163654,1.7713996556618326
0.11000000000000008,0.7751713991165161,125.66370614359174,1.295308951171004,101.31278622911684,2.145495189805262
0.11100000000000008,0.8926413059234619,125.66370614359174,1.297143653512477,102.26376693695204,2.5587616767078294
0.11200000000000009,1.0151866674423218,125.66370614359174,1.2994534969224216,103.41728690033726,3.0133752726688194
0.11300000000000009,1.1429094076156616,125.66370614359174,1.3023075896082432,104.77411973739272,3.511172351194518
0.11400000000000009,1.2758698463439941,125.66370614359174,1.3057515704166012,106.33453780319454,4.053691196106463
0.11500000000000009,1.414095163345337,125.66370614359174,1.309815904236474,108.09881085375832,4.642211391798154
0.11600000000000009,1.55758535861969,125.66370614359174,1.3145218550977378,110.06748700255,5.27778505145889
0.11700000000000009,1.7063182592391968,125.66370614359174,1.319885607597829,112.24152508071896,5.961264980918088
0.11800000000000009,1.8602551221847534,125.66370614359174,1.325920961772781,114.62232707557732,6.69333565741098
0.11900000000000009,2.019343137741089,125.66370614359174,1.3326409578473104,117.2117052135005,7.474534418136034
0.12000000000000009,2.1835196018218994,125.66370614359174,1.3400587193422948,120.0118072658433,8.305279139268885
0.1210000000000001,2.3527145385742188,125.66370614359174,1.3481877390867008,123.0250162349329,9.185891252935075
0.1220000000000001,2.5268523693084717,125.66370614359174,1.3570417801863028,126.25383507765203,10.11661546357936
0.1230000000000001,2.7058544158935547,125.66370614359174,1.366634520857151,129.70076366732312,11.097642833680178
0.1240000000000001,2.8896403312683105,125.66370614359174,1.3769790395984691,133.3681723131416,12.129129737983185
0.12500000000000008,3.078129768371582,125.66370614359174,1.3880872109196725,137.25817444746386,13.211217457206981
0.12600000000000008,3.271243095397949,125.66370614359174,1.399969062750576,136.97317166597173,14.344047186456457
0.12700000000000009,3.4579811096191406,125.66370614359174,1.4055875763962697,135.4626419214292,14.72354662885767
0.12800000000000009,3.63999080657959,125.66370614359174,1.4072866015225531,133.45750270302938,15.155939123027665
0.1290000000000001,3.8188302516937256,125.66370614359174,1.4047700118985196,131.28492591585314,15.660108560434363
0.1300000000000001,3.9958159923553467,125.66370614359174,1.3986744153888553,129.16607682161396,16.239464716071936
0.1310000000000001,4.172041416168213,125.66370614359174,1.389910510366264,127.24806548855025,16.893991996498496
0.1320000000000001,4.348400115966797,125.66370614359174,1.379388128164451,125.62651876756361,17.62154079949708
0.1330000000000001,4.525610446929932,125.66370614359174,1.3679093079844276,124.36169150565823,18.418662142097336
0.1340000000000001,4.704239845275879,125.66370614359174,1.3561394453002091,123.49012323748354,19.281197330884275
0.1350000000000001,4.884728908538818,125.66370614359174,1.3446130129311826,123.03292837951483,20.204690878399255
0.1360000000000001,5.067409515380859,125.66370614359174,1.3337524867580888,123.00157632263605,21.184655310121492
0.1370000000000001,5.25252628326416,125.66370614359174,1.3238902463967657,123.40182701597419,22.216765188413028
0.1380000000000001,5.440251350402832,125.66370614359174,1.3152888413193848,124.23633024440633,23.29696774422963
0.1390000000000001,5.630697727203369,125.66370614359174,1.3081578366305768,125.50626964263854,24.421551471547186
0.1400000000000001,5.8239336013793945,125.66370614359174,1.3026668400117993,127.2123340734269,25.58719710478973
0.1410000000000001,6.019989967346191,125.66370614359174,1.2989549641931644,129.35522308036315,26.790987365349494
0.1420000000000001,6.2188720703125,125.66370614359174,1.2971372518739077,131.93583570683023,28.030426718161998
0.1430000000000001,6.4205641746521,125.66370614359174,1.2973086712652586,134.9552496807508,29.303429005832943
0.1440000000000001,6.625037670135498,125.66370614359174,1.2995462791516867,138.4145665376336,30.60831920215702
0.1450000000000001,6.832253456115723,125.66370614359174,1.3039100925828557,142.31467527448478,31.943809754555353
0.1460000000000001,7.042169094085693,125.66370614359174,1.3104431358505901,146.65597084176858,33.30899969570817
0.1470000000000001,7.254740238189697,125.66370614359174,1.3191710492289441,151.43805194851345,34.703348490197435
0.1480000000000001,7.4699225425720215,125.66370614359174,1.3301015642537628,150.1892453256918,36.126652438076704
0.1490000000000001,7.679444789886475,125.66370614359174,1.3295407202810887,147.2085872910356,36.2745940984873
0.1500000000000001,7.883988380432129,125.66370614359174,1.324586691591496,144.04638156547387,36.459645985349404
0.1510000000000001,8.084372520446777,125.66370614359174,1.315542806750906,141.06521797098765,36.717840461075
0.1520000000000001,8.281390190124512,125.66370614359174,1.303489238721842,138.50262145087248,37.05899453758318
0.1530000000000001,8.475769996643066,125.66370614359174,1.2897115610141168,136.51303361893963,37.485760321127124
0.1540000000000001,8.668164253234863,125.66370614359174,1.2754422988479421,135.19357112516573,37.99632574597102
0.1550000000000001,8.859139442443848,125.66370614359174,1.2617622509194342,134.6021997748144,38.58621617714165
0.1560000000000001,9.04918384552002,125.66370614359174,1.2495744527586852,134.7706719797594,39.24961661327393
0.1570000000000001,9.238710403442383,125.66370614359174,1.2396091485996032,135.71355760209707,39.980254841378745
0.1580000000000001,9.428068161010742,125.66370614359174,1.2324399452110426,137.434399110333,40.772013122946035
0.1590000000000001,9.617547988891602,125.66370614359174,1.2285021891762442,139.92978176513486,41.619291411253144
0.16000000000000011,9.807394027709961,125.66370614359174,1.228110021049888,143.19191542102809,42.51723701874703
0.16100000000000012,9.99781322479248,125.66370614359174,1.2314711857896867,147.2101717808519,43.46185665963828
0.16200000000000012,10.188981056213379,125.66370614359174,1.2386998417828148,151.9719027591571,44.45003861701306
0.16300000000000012,10.381048202514648,125.66370614359174,1.249827989782902,157.46277614895783,45.479531539406075
0.16400000000000012,10.574149131774902,125.66370614359174,1.2648161151203847,163.66679810552,46.54890256385616
0.16500000000000012,10.768404006958008,125.66370614359174,1.2835634267440517,164.407425443617,47.657449955175125
0.16600000000000012,10.96030330657959,125.66370614359174,1.2919417225191427,162.92399110154997,47.995645046374044
0.16700000000000012,11.149335861206055,125.66370614359174,1.294802809850176,161.02588346159763,48.18916802978088
0.16800000000000012,11.335390090942383,125.66370614359174,1.2930269156747138,159.20047977342867,48.32341372149216
0.16900000000000012,11.518592834472656,125.66370614359174,1.2881892450180503,157.77791771453172,48.45253880884192
0.17000000000000012,11.69920825958252,125.66370614359174,1.2819602121755649,156.97906344762202,48.61207746693743
0.17100000000000012,11.87757682800293,125.66370614359174,1.2758581622340004,156.94760916564107,48.82454110236127
0.17200000000000013,12.054071426391602,125.66370614359174,1.271161050373173,157.7730211266024,49.103485844285274
0.17300000000000013,12.229073524475098,125.66370614359174,1.2688882835085424,159.5070145849149,49.45648964429027
0.17400000000000013,12.402956008911133,125.66370614359174,1.2698123545056836,162.17519499759365,49.88727569844578
0.17500000000000013,12.57607650756836,125.66370614359174,1.2744820438120745,165.78513301858797,50.39722205403337
0.17600000000000013,12.748773574829102,125.66370614359174,1.2832493812361234,170.3318436347716,50.98639808531863
0.17700000000000013,12.92136287689209,125.66370614359174,1.296297259095851,175.8014019718763,51.654247377736674
0.17800000000000013,13.094141960144043,125.66370614359174,1.3136664900166943,182.17324153849637,52.40004997209882
0.17900000000000013,13.267389297485352,125.66370614359174,1.3352817032641016,189.42153708594157,53.22318041510263
0.18000000000000013,13.44136905670166,125.66370614359174,1.3609755702258548,192.93854483029915,54.123261921248066
0.18100000000000013,13.615193367004395,125.66370614359174,1.3814739297788092,193.31715410373675,54.786798749272805
0.18200000000000013,13.787788391113281,125.66370614359174,1.394461941099433,192.73396596652213,55.14819656602563
0.18300000000000013,13.958624839782715,125.66370614359174,1.40133543953966,191.8450729885796,55.346109987103745
0.18400000000000014,14.127545356750488,125.66370614359174,1.404065193197263,191.10404149837873,55.48046069407102
0.18500000000000014,14.294639587402344,125.66370614359174,1.4045684010511954,190.82303884682594,55.620099472645066
0.18600000000000014,14.460148811340332,125.66370614359174,1.4045109548062227,191.21264308493738,55.811605722766274
0.18700000000000014,14.624407768249512,125.66370614359174,1.4052528458372457,192.41060066331167,56.08582959020045
0.18800000000000014,14.787802696228027,125.66370614359174,1.4078532131367587,194.50269406419918,56.46265644935304
0.18900000000000014,14.9507417678833,125.66370614359174,1.4130986367943348,197.53769166329965,56.95444724421354
0.19000000000000014,15.113640785217285,125.66370614359174,1.4215385652784387,201.5379059248436,57.56851751981387
0.19100000000000014,15.276906967163086,125.66370614359174,1.4335210940248946,206.50653049424974,58.30885533142752
0.19200000000000014,15.440938949584961,125.66370614359174,1.4492264969912174,212.43264284975152,59.17734749808459
0.19300000000000014,15.606118202209473,125.66370614359174,1.4686976698198069,219.2945369308719,60.174570186580645
0.19400000000000014,15.772809028625488,125.66370614359174,1.4918672912369788,227.06187824087144,61.30032142061697
0.19500000000000015,15.941356658935547,125.66370614359174,1.518581701416175,235.69704364268705,62.55393846176078
0.19600000000000015,16.112089157104492,125.66370614359174,1.548621546435976,236.60320899015613,63.93448307909143
0.19700000000000015,16.28120994567871,125.66370614359174,1.5656313869443144,235.7858656035449,64.08729786902097
0.19800000000000015,16.448368072509766,125.66370614359174,1.5755517906975058,234.1365977370647,64.106210562842
0.19900000000000015,16.613664627075195,125.66370614359174,1.579866886204949,232.32157134068996,64.1383492795479
0.20000000000000015,16.777456283569336,125.66370614359174,1.5804279056269812,230.8039062510113,64.27289544421853
0.20100000000000015,16.940256118774414,125.66370614359174,1.5790028501161337,229.8961827198571,64.56642139995463
0.20200000000000015,17.10264778137207,125.66370614359174,1.577111542681973,229.80321576577654,65.05294805056904
0.20300000000000015,17.26525115966797,125.66370614359174,1.5759835260357653,230.6528536911318,65.75116719481092
0.20400000000000015,17.428682327270508,125.66370614359174,1.576567805147926,232.51816161580732,66.66951298464517
0.20500000000000015,17.593544006347656,125.66370614359174,1.5795624070919205,235.4331900051506,67.80978533584789
0.20600000000000016,17.760404586791992,125.66370614359174,1.585449289044376,239.40401766420123,69.16958623775156
0.20700000000000016,17.929794311523438,125.66370614359174,1.5945284314290895,244.4163561844895,70.74399208163561
0.20800000000000016,18.102209091186523,125.66370614359174,1.6069488195386465,250.44068446381948,72.52666091631963
0.20900000000000016,18.27810287475586,125.66370614359174,1.6227357278160548,257.4356342976368,74.51047235789801
0.21000000000000016,18.457887649536133,125.66370614359174,1.6418144006194726,265.35015859087855,76.68789967587688
0.21100000000000016,18.641939163208008,125.66370614359174,1.6640304343634154,265.0725960458298,79.05120026703551
0.21200000000000016,18.82206153869629,125.66370614359174,1.673435086249889,260.9597962204919,78.34417620247119
0.21300000000000016,18.99884796142578,125.66370614359174,1.6746288255625228,256.27202612237534,77.82104266437118
0.21400000000000016,19.173202514648438,125.66370614359174,1.6694663924734274,251.72291115647093,77.61078269541825
0.21500000000000016,19.34611701965332,125.66370614359174,1.6600458928427968,247.77909973314237,77.76094762619302
0.21600000000000016,19.518592834472656,125.66370614359174,1.6483138232785342,244.74963325169213,78.2914776257214
0.21700000000000016,19.691604614257812,125.66370614359174,1.6359391641913612,242.83127987089472,79.20472356492543
0.21800000000000017,19.866069793701172,125.66370614359174,1.6242885114937253,242.14064765504077,80.49203278786038
0.21900000000000017,20.04283332824707,125.66370614359174,1.614441575649022,242.73715923841942,82.138259797264
0.22000000000000017,20.222665786743164,125.66370614359174,1.6072204432029682,244.63926980662626,84.12479404358679
0.22100000000000017,20.40625762939453,125.66370614359174,1.6032211389552027,247.83574097575396,86.43147524796898
0.22200000000000017,20.594223022460938,125.66370614359174,1.6028431868713096,252.2933435938867,89.03777427837552
0.22300000000000017,20.787099838256836,125.66370614359174,1.6063161307544358,257.9620172034906,91.92342099300788
0.22400000000000017,20.98535919189453,125.66370614359174,1.6137232826989096,264.77824769572885,95.06870715924815
0.22500000000000017,21.189401626586914,125.66370614359174,1.6250233070608886,264.402843483369,98.4544871896682
0.22600000000000017,21.387603759765625,125.66370614359174,1.6252276049894816,257.06091815986315,96.88689762187472
0.22700000000000017,21.581117630004883,125.66370614359174,1.6160772188431203,249.6098395592831,95.75080883536533
0.22800000000000017,21.771339416503906,125.66370614359174,1.5999469038350242,242.8221130955374,95.17166897889105
0.22900000000000018,21.959657669067383,125.66370614359174,1.5793962799292531,237.16730764779416,95.16818372885851
0.23000000000000018,22.14739227294922,125.66370614359174,1.5567771760124602,232.94892182850649,95.73342889840666
0.23100000000000018,22.335771560668945,125.66370614359174,1.5341279607524247,230.35202583863787,96.84535230543482
0.23200000000000018,22.525911331176758,125.66370614359174,1.5131539072362488,229.476528854543,98.473304497001
0.23300000000000018,22.718812942504883,125.66370614359174,1.4952381910395802,230.36089590340538,100.5823998412374
0.23400000000000018,22.91536521911621,125.66370614359174,1.4814610188662833,232.99883547231263,103.13629678219358
0.23500000000000018,23.11634635925293,125.66370614359174,1.4726189028705636,237.35086677759998,106.09885402170457
0.23600000000000018,23.32242774963379,125.66370614359174,1.4692429804226166,243.35220869114823,109.43501552132317
0.23700000000000018,23.534183502197266,125.66370614359174,1.4716181036940923,250.91806751020664,113.11119226004138
0.23800000000000018,23.75209617614746,125.66370614359174,1.479804876382656,250.36496390983183,117.09527656228916
0.23900000000000018,23.963613510131836,125.66370614359174,1.473342719440281,242.23539516886004,115.08553141418874
0.24000000000000019,24.16986846923828,125.66370614359174,1.4580995517877038,234.61455289819048,113.54463315359594
0.2410000000000002,24.372282028198242,125.66370614359174,1.4369414900500672,228.29220215611113,112.63479783464508
0.2420000000000002,24.572290420532227,125.66370614359174,1.4128864320451566,223.73154304146493,112.38924559418241
0.2430000000000002,24.771284103393555,125.66370614359174,1.3887390068288592,221.21876923035967,112.80787340415175
0.2440000000000002,24.970561981201172,125.66370614359174,1.3669547889285607,220.9127422315809,113.87006183394699
0.2450000000000002,25.17131996154785,125.66370614359174,1.3495846823717448,222.87965345187115,115.54288245122942
0.2460000000000002,25.374637603759766,125.66370614359174,1.338247207756758,227.1177266977299,117.78656007071882
0.2470000000000002,25.581470489501953,125.66370614359174,1.3341129301937473,233.57461506347516,120.5580069866647
0.2480000000000002,25.792659759521484,125.66370614359174,1.3379018317272091,242.15950005200713,123.813050489443
0.2490000000000002,26.008928298950195,125.66370614359174,1.3498999756222896,244.45854465927886,127.50762849337227
0.25000000000000017,26.220787048339844,125.66370614359174,1.350087706149829,238.74265608540802,126.24605250211542
0.25100000000000017,26.428525924682617,125.66370614359174,1.3412614923189667,233.36963831700484,125.08251823700185
0.25200000000000017,26.632919311523438,125.66370614359174,1.3268592543052928,229.2782299370375,124.2808284974902
0.25300000000000017,26.83494758605957,125.66370614359174,1.3104807183548612,227.04320431405344,123.96770137322243
0.25400000000000017,27.035690307617188,125.66370614359174,1.2954306883680617,227.02859248544505,124.21321928038583
0.25500000000000017,27.236251831054688,125.66370614359174,1.2845401592965806,229.44374455430508,125.04865322735955
0.25600000000000017,27.43770980834961,125.66370614359174,1.2800718238102855,234.38307359842355,126.47869026534768
0.2570000000000002,27.64108657836914,125.66370614359174,1.2836644618463342,241.85472321892047,128.49006862940436
0.2580000000000002,27.847326278686523,125.66370614359174,1.2963123619562333,251.80107111419406,131.0575391233028
0.2590000000000002,28.057289123535156,125.66370614359174,1.3183883473225044,257.0962072789307,134.1479416553032
0.2600000000000002,28.265859603881836,125.66370614359174,1.3324517225061094,255.11597902454596,134.37253739946834
0.2610000000000002,28.472227096557617,125.66370614359174,1.3366763784955953,252.7302181322929,134.11368189842494
0.2620000000000002,28.67629051208496,125.66370614359174,1.3348109098408802,251.0831237070858,133.7674737981468
0.2630000000000002,28.878393173217773,125.66370614359174,1.3307290483428986,250.92779588373264,133.592043226653
0.2640000000000002,29.079160690307617,125.66370614359174,1.327891358185792,252.76429739906015,133.75876682862054
0.2650000000000002,29.279386520385742,125.66370614359174,1.329165100733219,256.903283807815,134.37613336417934
0.2660000000000002,29.47994613647461,125.66370614359174,1.3367434171013346,263.5120833211331,135.50701899493163
0.2670000000000002,29.681737899780273,125.66370614359174,1.352117640810425,272.64842488097935,137.18124214864164
0.2680000000000002,29.885650634765625,125.66370614359174,1.3760954590441021,284.2849827290862,139.40465339762721
0.2690000000000002,30.09252166748047,125.66370614359174,1.4088648513138262,291.0245159002022,142.16552701286733
0.2700000000000002,30.2997989654541,125.66370614359174,1.433858082656354,291.66291754824863,143.4062862501708
0.2710000000000002,30.50604820251465,125.66370614359174,1.448108629652888,291.12976878243353,143.7696962095913
0.2720000000000002,30.71067237854004,125.66370614359174,1.4553499643231438,290.73428078345523,143.75222681955495
0.2730000000000002,30.913663864135742,125.66370614359174,1.459366653098535,291.3783024255313,143.70673328673993
0.2740000000000002,31.11539649963379,125.66370614359174,1.463474612555338,293.6766950401662,143.87672625331172
0.2750000000000002,31.31649398803711,125.66370614359174,1.470380206893932,298.02687538341195,144.42488193823755
0.2760000000000002,31.517728805541992,125.66370614359174,1.4821385420531727,304.6598873494042,145.45407641825093
0.2770000000000002,31.719942092895508,125.66370614359174,1.5001595801363374,313.6781400678678,147.02279169331993
0.2780000000000002,31.923992156982422,125.66370614359174,1.52524719732921,325.0831769028043,149.15639504433415
0.2790000000000002,32.130714416503906,125.66370614359174,1.557665880825422,338.79608478929083,151.8553057072342
0.2800000000000002,32.34089279174805,125.66370614359174,1.5972288614642494,341.8922835809426,155.10086795486154
0.2810000000000002,32.550148010253906,125.66370614359174,1.6183350812890278,340.9676905844814,155.52010170238268
0.2820000000000002,32.75751495361328,125.66370614359174,1.6296337462033494,339.043886938427,155.28885566956313
0.2830000000000002,32.962806701660156,125.66370614359174,1.6345643425407905,337.402785878951,154.9119288912706
0.2840000000000002,33.16634750366211,125.66370614359174,1.6364778077061393,336.9275150847035,154.72440191534568
0.2850000000000002,33.36878967285156,125.66370614359174,1.6382968335799633,338.20620723368285,154.94930262951667
0.2860000000000002,33.57096862792969,125.66370614359174,1.642394771159653,341.6031189208924,155.72730171311693
0.2870000000000002,33.7738151550293,125.66370614359174,1.6505668541636964,347.3109114901065,157.13834777071497
0.2880000000000002,33.978302001953125,125.66370614359174,1.6640447301310395,355.3892782041476,159.21746071014329
0.2890000000000002,34.185359954833984,125.66370614359174,1.683536504696228,365.7934365627148,161.96595295625903
0.2900000000000002,34.39588165283203,125.66370614359174,1.709285132093295,368.3300402548281,165.35979683592052
0.2910000000000002,34.603511810302734,125.66370614359174,1.723653646509272,362.9097883127315,164.37616950817676
0.2920000000000002,34.807830810546875,125.66370614359174,1.7257299725434647,356.4076666305223,163.0587612737048
0.2930000000000002,35.00913619995117,125.66370614359174,1.7193185612676152,350.27498224407395,161.9109070021515
0.2940000000000002,35.20816421508789,125.66370614359174,1.7081635498297132,345.4814521490588,161.24190244902744
0.2950000000000002,35.40589904785156,125.66370614359174,1.6955519286016647,342.6781516808933,161.24975585170608
0.2960000000000002,35.60347366333008,125.66370614359174,1.684229769878949,342.27323523435734,162.05110557239908
0.2970000000000002,35.802066802978516,125.66370614359174,1.676384385677727,344.4871149136249,163.70243889819812
0.2980000000000002,36.00284957885742,125.66370614359174,1.6736497560540646,349.3933380490644,166.21555779375723
0.2990000000000002,36.206939697265625,125.66370614359174,1.6771242352752656,356.9489091313764,169.56869943904283
0.3000000000000002,36.41535949707031,125.66370614359174,1.6874009312586506,359.0494176657458,173.71447315446693
0.3010000000000002,36.618980407714844,125.66370614359174,1.6907866793081827,349.0170860766914,171.19097000754678
0.3020000000000002,36.81804275512695,125.66370614359174,1.6804143543454775,338.5421403057743,168.784608743814
0.3030000000000002,37.01344680786133,125.66370614359174,1.6606943839359223,329.17520347083786,166.9876271703319
0.3040000000000002,37.2064208984375,125.66370614359174,1.6359675417462625,321.90327921609196,166.06643215031224
0.3050000000000002,37.398372650146484,125.66370614359174,1.6100814543519795,317.37555925190287,166.17843546662027
0.3060000000000002,37.59079360961914,125.66370614359174,1.5863214770576473,315.98180881230684,167.4015330858553
0.3070000000000002,37.785160064697266,125.66370614359174,1.567379405886144,317.9091825016723,169.75467263366608
0.3080000000000002,37.98288345336914,125.66370614359174,1.5553261024293419,323.18461941060593,173.2128484926773
0.3090000000000002,38.18527603149414,125.66370614359174,1.5515883402472102,331.7066670982634,177.71794470796522
0.3100000000000002,38.39350128173828,125.66370614359174,1.5569435916118028,332.60603004655957,183.18643448519896
0.3110000000000002,38.596012115478516,125.66370614359174,1.549590534435068,321.13443991629396,179.7600877414956
0.3120000000000002,38.79361343383789,125.66370614359174,1.5302014392861574,310.5544230629185,176.88839965387302
0.3130000000000002,38.98770523071289,125.66370614359174,1.5037571111382855,302.3319676108094,175.05785204268466
0.3140000000000002,39.179954528808594,125.66370614359174,1.4751102745709894,297.34316960103155,174.49261082449692
0.3150000000000002,39.37212371826172,125.66370614359174,1.4486066493627456,296.1158878146136,175.30482053549815
0.3160000000000002,39.56598663330078,125.66370614359174,1.4279370005007002,298.90908755445633,177.52530095526183
0.3170000000000002,39.76323699951172,125.66370614359174,1.4160128260794227,305.77069471138645,181.12475161976516
0.3180000000000002,39.96544647216797,125.66370614359174,1.4148559023434568,316.5812547478999,186.02925867748448
0.31900000000000023,40.17401885986328,125.66370614359174,1.4255327709590389,318.57388489862274,192.1314702046906
0.32000000000000023,40.37765121459961,125.66370614359174,1.418789891981297,309.39027853615664,189.13274022093242
0.32100000000000023,40.577064514160156,125.66370614359174,1.4021586185745645,301.7196911609933,186.66615661014106
0.32200000000000023,40.77364730834961,125.66370614359174,1.3811410989038835,297.0204272842444,185.2805492859335
0.32300000000000023,40.96907043457031,125.66370614359174,1.3610322002833288,296.1453211233352,185.23944130008798
0.32400000000000023,41.16514205932617,125.66370614359174,1.3464965091011891,299.57390277970507,186.6757322020683
0.32500000000000023,41.36366271972656,125.66370614359174,1.3412916717719376,307.4955348058173,189.62622726335977
0.32600000000000023,41.566375732421875,125.66370614359174,1.3480499925176066,319.87084714104043,194.05627521370283
0.32700000000000023,41.774864196777344,125.66370614359174,1.3681513948047719,324.4279681728293,199.87754394517572
0.32800000000000024,41.9803581237793,125.66370614359174,1.3720140243055199,319.00234258008584,198.36717065469335
0.32900000000000024,42.182899475097656,125.66370614359174,1.3663061734718793,314.5963936291378,196.85283920274318
0.33000000000000024,42.38333511352539,125.66370614359174,1.3567797189360469,312.84265013428285,196.02415071971325
0.33100000000000024,42.58296203613281,125.66370614359174,1.34891834285361,314.7448191273986,196.27835725216067
0.33200000000000024,42.78331756591797,125.66370614359174,1.347424102534862,320.88978157340887,197.8491781876093
0.33300000000000024,42.98604965209961,125.66370614359174,1.3559046440012348,331.5369171776839,200.84738280321295
0.33400000000000024,43.192779541015625,125.66370614359174,1.3766712258757656,346.685094283878,205.2901321300078
0.33500000000000024,43.40504455566406,125.66370614359174,1.4106805383020262,352.4113575173873,211.12306096138616
0.33600000000000024,43.615989685058594,125.66370614359174,1.425246334528595,350.3095054042307,211.02077801000564
0.33700000000000024,43.825042724609375,125.66370614359174,1.4304081438295824,348.545666687131,210.39462587114272
0.33800000000000024,44.032554626464844,125.66370614359174,1.431690280961125,348.8822638980623,210.0592535153449
0.33900000000000025,44.23945999145508,125.66370614359174,1.4342386979776047,352.45290846579843,210.5290934520185
0.34000000000000025,44.447025299072266,125.66370614359174,1.4423595553967188,359.9407986457735,212.12690548855187
0.34100000000000025,44.65669631958008,125.66370614359174,1.459259445716939,371.67200665302516,215.0290626661241
0.34200000000000025,44.869956970214844,125.66370614359174,1.4869188920513114,387.6864048676962,219.29895655704365
0.34300000000000025,45.08823013305664,125.66370614359174,1.5260997643387604,392.88512874010024,224.91218121108912
0.34400000000000025,45.30540084838867,125.66370614359174,1.5447285919897196,391.014388806294,225.01852743833294
0.34500000000000025,45.5206298828125,125.66370614359174,1.552852288847634,388.8339081346512,224.34282159721647
0.34600000000000025,45.73406982421875,125.66370614359174,1.5557584981518746,388.24828137347004,223.78323698737128
0.34700000000000025,45.94650650024414,125.66370614359174,1.5583632433122425,390.51549322348455,223.92427301686544
0.34800000000000025,46.159114837646484,125.66370614359174,1.5648022509829733,396.413832496682,225.1404060212348
0.34900000000000025,46.37327194213867,125.66370614359174,1.5782236264473999,406.3385881586594,227.64408827064608
0.35000000000000026,46.590415954589844,125.66370614359174,1.6006908180048662,420.37614487401726,231.5215156563169
0.35100000000000026,46.811954498291016,125.66370614359174,1.6331831845257343,424.1174761147565,236.7598008765107
0.35200000000000026,47.03120040893555,125.66370614359174,1.648024559575742,419.02133896807277,235.7356590737439
0.35300000000000026,47.247459411621094,125.66370614359174,1.6504250921690367,413.33911065311776,234.020070282802
0.35400000000000026,47.461029052734375,125.66370614359174,1.645801566661017,409.14134491689964,232.5528124041147
0.35500000000000026,47.6728401184082,125.66370614359174,1.6392499776267873,407.79708140851005,231.93827630254765
0.35600000000000026,47.88420486450195,125.66370614359174,1.6351346668431408,410.1665381595479,232.56161412755176
0.35700000000000026,48.09662628173828,125.66370614359174,1.6369107640213176,416.7010212067032,234.6375813330218
0.35800000000000026,48.311676025390625,125.66370614359174,1.6470210427798317,427.5197076868737,238.24706605925942
0.35900000000000026,48.53085708618164,125.66370614359174,1.666859203262851,429.7209098341382,243.3647436758336
0.36000000000000026,48.746055603027344,125.66370614359174,1.6728026812008956,420.0396251640275,240.58656103527383
0.36100000000000027,48.95701599121094,125.66370614359174,1.664828618741726,410.1644751415257,237.50233145150233
0.36200000000000027,49.16444778442383,125.66370614359174,1.648804285823174,402.30101444921934,235.06673300712538
0.36300000000000027,49.36964797973633,125.66370614359174,1.630314337790911,397.874729618986,233.8674429754023
0.36400000000000027,49.574249267578125,125.66370614359174,1.6142207320025859,397.77108182642496,234.26684936212345
0.36500000000000027,49.78004455566406,125.66370614359174,1.6044820266625672,402.43869409953106,236.4511214443916
0.36600000000000027,49.98883819580078,125.66370614359174,1.6040118166414599,411.96899703533387,240.46676626995747
0.36700000000000027,50.20234298706055,125.66370614359174,1.614584551902868,413.23534483725155,246.24889698849938
0.36800000000000027,50.41075897216797,125.66370614359174,1.6110807056119998,400.8004214584135,242.16771222654555
0.36900000000000027,50.614383697509766,125.66370614359174,1.594034973944768,389.2492420973049,238.31617201278192
0.3700000000000003,50.81442642211914,125.66370614359174,1.5699182054079373,380.79677092584996,235.64645325463033
0.3710000000000003,51.01261901855469,125.66370614359174,1.544897632253795,376.81080116568523,234.7035042049141
0.3720000000000003,51.210968017578125,125.66370614359174,1.5243716898779192,378.0893112712686,235.79859534592447
0.3730000000000003,51.41156768798828,125.66370614359174,1.5127171441614746,384.9674922127149,239.05961877246514
0.3740000000000003,51.616455078125,125.66370614359174,1.513058647483795,397.401296874411,244.46878591171233
0.3750000000000003,51.827518463134766,125.66370614359174,1.5271078102062057,398.18594289416853,251.89222892831535
0.3760000000000003,52.03337478637695,125.66370614359174,1.5183275775646767,386.50129751525714,247.49791247939186
0.3770000000000003,52.23481369018555,125.66370614359174,1.4992308747044636,377.1330330948396,243.86922603820858
0.3780000000000003,52.43349838256836,125.66370614359174,1.4767457257532204,372.11296577800084,241.9337720247388
0.3790000000000003,52.63151168823242,125.66370614359174,1.4572875695735374,372.60380838400073,242.16749186068748
0.3800000000000003,52.83112716674805,125.66370614359174,1.4462954749261334,379.1796248076794,244.80217917875046
0.3810000000000003,53.03461837768555,125.66370614359174,1.4478395631200978,391.9372688001014,249.87887274341722
0.3820000000000003,53.24411392211914,125.66370614359174,1.4643267562181377,394.52601490951486,257.2880236128735
0.3830000000000003,53.449188232421875,125.66370614359174,1.4595148228569297,384.83118092080116,253.57996087371103
0.3840000000000003,53.65044403076172,125.66370614359174,1.4448474175260224,377.4775111861729,250.46384525321898
0.3850000000000003,53.84942626953125,125.66370614359174,1.4276693381159524,374.6377238930626,248.97159668831807
0.3860000000000003,54.04817581176758,125.66370614359174,1.4147839522695425,377.56742075589534,249.66260022445985
0.3870000000000003,54.248958587646484,125.66370614359174,1.411861435455909,386.88516913722987,252.82233421935075
0.3880000000000003,54.454071044921875,125.66370614359174,1.4229619894085597,393.8910056511838,258.52061478953215
0.3890000000000003,54.65654373168945,125.66370614359174,1.4296008367837154,386.5418944710049,256.6208292683433
0.3900000000000003,54.85601806640625,125.66370614359174,1.4222015379056376,379.86826700147805,254.29619579198544
0.3910000000000003,55.05331039428711,125.66370614359174,1.4087118335252828,376.6009567726449,252.83365275610646
0.3920000000000003,55.24996566772461,125.66370614359174,1.39682074269022,378.47621426810593,253.06032074825495
0.3930000000000003,55.44796371459961,125.66370614359174,1.3931350628622943,386.51733855589964,255.48375061201804
0.3940000000000003,55.64948272705078,125.66370614359174,1.4026857856795218,401.15638571033577,260.3540165292551
0.3950000000000003,55.856693267822266,125.66370614359174,1.4285285068352749,410.8621634798487,267.7121661908066
0.3960000000000003,56.0629997253418,125.66370614359174,1.4444437450611163,407.7724654073518,267.7118540297589
0.3970000000000003,56.2677116394043,125.66370614359174,1.4475794762768543,405.0936766782829,266.92572144315477
0.3980000000000003,56.47135925292969,125.66370614359174,1.4458108652824924,405.547937571869,266.71638787781484
0.3990000000000003,56.67524337768555,125.66370614359174,1.4464222138813565,410.87367656419434,267.9746694313107
0.4000000000000003,56.88113021850586,125.66370614359174,1.4553916858684635,422.0780051978279,271.25238316142884
0.4010000000000003,57.06523513793945,125.66370614359174,1.4769794596494543,439.5580321285862,276.7010408693341
0.4020000000000003,57.25531005859375,125.66370614359174,1.5134791250294555,448.13005247452196,284.4907492283643
0.4030000000000003,57.44453811645508,125.66370614359174,1.532579211458147,445.6422154874146,284.47931182527293
0.4040000000000003,57.63216781616211,125.66370614359174,1.539521543550758,443.37594923756353,283.5927447458146
0.4050000000000003,57.81867980957031,125.66370614359174,1.5416972061968985,444.0592525618598,283.24153127632377
0.4060000000000003,58.00532150268555,125.66370614359174,1.5458135863407148,449.4318680698136,284.3379683319415
0.4070000000000003,58.19381332397461,125.66370614359174,1.5573054289018415,460.4791325074088,287.4377577415134
0.4080000000000003,58.38606643676758,125.66370614359174,1.5799933594535918,477.5568867384454,292.8068308934012
0.4090000000000003,58.5839958190918,125.66370614359174,1.615908103166409,482.9518206098133,300.4746695836281
0.4100000000000003,58.779720306396484,125.66370614359174,1.6299982864803109,477.1958122343998,298.9151239058447
0.4110000000000003,58.972686767578125,125.66370614359174,1.631419122483027,471.71973640401933,296.67426213878946
0.4120000000000003,59.16356658935547,125.66370614359174,1.6273835735007296,469.3042996564199,295.18918577030837
0.4130000000000003,59.3537712097168,125.66370614359174,1.6244428635231956,471.70657592124456,295.36443002957776
0.4140000000000003,59.545143127441406,125.66370614359174,1.6279776281584448,479.9030890290162,297.7364981937313
0.4150000000000003,59.73970031738281,125.66370614359174,1.6418757104028412,494.21831768140544,302.54227412520555
0.4160000000000003,59.939422607421875,125.66370614359174,1.6683429593182022,495.5679364085817,309.7735670878058
0.4170000000000003,60.1348876953125,125.66370614359174,1.6712007602776453,484.5202017101669,305.69061540508045
0.4180000000000003,60.32608413696289,125.66370614359174,1.6612846962366996,474.58614129829766,301.5392592257616
0.4190000000000003,60.51416778564453,125.66370614359174,1.6460170539685328,468.5613074030065,298.742145559212
0.4200000000000003,60.70097732543945,125.66370614359174,1.6321880195778844,468.15202812314374,298.14419679552003
0.4210000000000003,60.88870620727539,125.66370614359174,1.6254561835384609,474.25228160835957,300.21311497372125
0.4220000000000003,61.07965087890625,125.66370614359174,1.62998351983225,476.372219835455,305.10929051806403
0.4230000000000003,61.26544189453125,125.66370614359174,1.62749059274176,461.2053096291947,299.75369080641485
0.4240000000000003,61.446014404296875,125.66370614359174,1.6081558830167522,446.8053743761958,294.24940833675424
0.4250000000000003,61.622581481933594,125.66370614359174,1.5803721907485238,436.49252043645544,290.1864630063119
0.4260000000000003,61.797149658203125,125.66370614359174,1.5522931228063712,432.361815492152,288.5633766664479
0.4270000000000003,61.972171783447266,125.66370614359174,1.5310901021436387,435.61424855096357,289.9689350658723
0.4280000000000003,62.150272369384766,125.66370614359174,1.5224879192052916,446.6936564205221,294.6525797843817
0.4290000000000003,62.33401107788086,125.66370614359174,1.5302973944164604,450.78773269759847,302.5819557305686
0.4300000000000003,62.51331329345703,125.66370614359174,1.523910449403831,438.28482884297927,297.9319298786514
0.4310000000000003,62.688697814941406,125.66370614359174,1.50477892096478,428.4350682423604,293.8843129445389
0.43200000000000033,62.86186981201172,125.66370614359174,1.4820050793145465,424.2202621071104,291.94032091450174
0.43300000000000033,63.03519058227539,125.66370614359174,1.4640448537992914,427.3649411807223,292.9580231896496
0.43400000000000033,63.211334228515625,125.66370614359174,1.4579113522177176,438.68267672858644,297.3755772632556
0.43500000000000033,63.39302444458008,125.66370614359174,1.468534730139893,445.3566092646362,305.2855865075767
0.43600000000000033,63.57139205932617,125.66370614359174,1.4685057344456667,435.5992936784307,301.94490926405575
0.43700000000000033,63.74662780761719,125.66370614359174,1.4553920135263057,428.14341730984324,298.8149911205424
0.43800000000000033,63.92021942138672,125.66370614359174,1.4387977526347462,426.2131884998432,297.5528354287426
0.43900000000000033,64.09440612792969,125.66370614359174,1.4276779511665685,431.7221262143581,299.1553670051756
0.44000000000000034,64.27182006835938,125.66370614359174,1.429375862157794,445.61073815536656,304.16129139118925
0.44100000000000034,64.45519256591797,125.66370614359174,1.4488930750561801,455.1083019014966,312.72956538598606
0.44200000000000034,64.63674926757812,125.66370614359174,1.458046705251287,449.19828115653803,311.2921380641862
0.44300000000000034,64.81624603271484,125.66370614359174,1.454291879713203,444.9893583764934,309.52624194212086
0.44400000000000034,64.99483489990234,125.66370614359174,1.4472758127431358,445.85080139394665,309.21946840540204
0.44500000000000034,65.17449188232422,125.66370614359174,1.4458434189741691,453.82904448486016,311.49325927645236
0.44600000000000034,65.35765838623047,125.66370614359174,1.4570601675021706,469.9591300879094,316.98135463047817
0.44700000000000034,65.54691314697266,125.66370614359174,1.4855389068270273,480.69485878719547,325.91011201011077
0.44800000000000034,65.73522186279297,125.66370614359174,1.501990916985446,476.98911136529944,325.6329634617715
0.44900000000000034,65.92194366455078,125.66370614359174,1.5049819036176166,474.1791258073957,324.49762116800713
0.45000000000000034,66.1078872680664,125.66370614359174,1.5038799959386318,475.78609143271785,324.4124821360298
0.45100000000000035,66.2947769165039,125.66370614359174,1.5071975733368403,484.0027256628488,326.6130229811651
0.45200000000000035,66.48485565185547,125.66370614359174,1.5216940592277761,499.9787520871522,331.8224772887585
0.45300000000000035,66.68055725097656,125.66370614359174,1.5518010383246206,510.0124590475796,340.3330468600297
0.45400000000000035,66.87510681152344,125.66370614359174,1.5696573385990902,505.4328799058142,339.80926735674547
0.45500000000000035,67.06764221191406,125.66370614359174,1.5726675344212595,501.0836104010576,338.11359320408565
0.45600000000000035,67.25879669189453,125.66370614359174,1.5700280549525818,500.67939337258576,337.2601213506527
0.45700000000000035,67.4501953125,125.66370614359174,1.5701659604845317,506.5796007999261,338.5770330504807
0.45800000000000035,67.6440200805664,125.66370614359174,1.5798944707281624,520.065798866051,342.85952175314213
0.45900000000000035,67.8426742553711,125.66370614359174,1.6038808950125627,528.3181798334541,350.4508004525117
0.46000000000000035,68.03919219970703,125.66370614359174,1.6176433109432373,520.5559709183425,348.59374890772153
0.46100000000000035,68.23274993896484,125.66370614359174,1.615055489333099,512.8480883265809,345.57316717341433
0.46200000000000035,68.4240493774414,125.66370614359174,1.6054662011805527,509.1173872892883,343.4890271444898
0.46300000000000036,68.61480712890625,125.66370614359174,1.5975823506684992,511.87282430959095,343.73198781866614
0.46400000000000036,68.80731201171875,125.66370614359174,1.5986140066288865,522.5012717824308,347.1393626844906
0.46500000000000036,69.00410461425781,125.66370614359174,1.6137221261105328,529.2540726603357,354.07576246064207
0.46600000000000036,69.1977767944336,125.66370614359174,1.621137509806735,518.2947256835685,350.77784510646654
0.46700000000000036,69.3877182006836,125.66370614359174,1.6114685833294542,507.833947761768,346.6088156279682
0.46800000000000036,69.57490539550781,125.66370614359174,1.5945020165566868,501.94554037542764,343.7293046674697
0.46900000000000036,69.76127624511719,125.66370614359174,1.5794638419438927,503.2099662260467,343.55511426101276
0.47000000000000036,69.94937896728516,125.66370614359174,1.5741017087137168,513.0324414217356,346.9254250544479
0.47100000000000036,70.14195251464844,125.66370614359174,1.584051549307331,519.5226523014575,354.18376293606474
0.47200000000000036,70.33102416992188,125.66370614359174,1.5866977286624304,507.4780670632248,350.24562670274355
0.47300000000000036,70.51630401611328,125.66370614359174,1.5729332070752022,496.81662528004773,345.86352720720373
0.47400000000000037,70.6990737915039,125.66370614359174,1.5530930953485362,491.6372717546498,343.2271252826642
0.47500000000000037,70.88154602050781,125.66370614359174,1.536902865964201,494.4685087197932,343.73630437562076
0.47600000000000037,71.0665054321289,125.66370614359174,1.5324631768951142,506.6096461973566,348.1874127242482
0.47700000000000037,71.25686645507812,125.66370614359174,1.5454907177558244,513.8736589630224,356.8574569994262
0.47800000000000037,71.44400024414062,125.66370614359174,1.547270890285561,503.21170961077775,353.21712060644455
0.47900000000000037,71.62791442871094,125.66370614359174,1.5347440085440014,494.90087241911226,349.5375718101178
0.48000000000000037,71.81011962890625,125.66370614359174,1.5186049458639082,492.9231064302151,348.0049374880278
0.48100000000000037,71.9930419921875,125.66370614359174,1.508685502344943,499.63479096397566,349.96552613679245
0.4820000000000004,72.17959594726562,125.66370614359174,1.5128665676156174,516.118643843123,356.1349181954339
0.4830000000000004,72.37275695800781,125.66370614359174,1.5362438104313747,523.8372501952159,366.68808312774377
0.4840000000000004,72.56304931640625,125.66370614359174,1.5398189367109023,515.3408471746884,363.52894906249907
0.4850000000000004,72.7507095336914,125.66370614359174,1.531847916229593,509.99910453959245,360.6689997597492
0.4860000000000004,72.93743896484375,125.66370614359174,1.5229068568685298,511.5781875627477,360.2638691081724
0.4870000000000004,73.12577056884766,125.66370614359174,1.5223223971093236,522.1881345589345,363.57644132832223
0.4880000000000004,73.31863403320312,125.66370614359174,1.5371408293734234,530.0865300752516,371.2149776558384
0.4890000000000004,73.50874328613281,125.66370614359174,1.5442484363509452,520.2596853092666,368.1541350036112
0.4900000000000004,73.69564819335938,125.66370614359174,1.5352720335575207,511.90321674403236,364.40507629862003
0.4910000000000004,73.88059997558594,125.66370614359174,1.5213081312613295,509.5224957405286,362.46507825223887
0.4920000000000004,74.06591796875,125.66370614359174,1.5127599530298923,515.89660894022,363.9510548816314
0.4930000000000004,74.25450897216797,125.66370614359174,1.5180958438395276,532.4082533679878,369.77592859412374
0.4940000000000004,74.44945526123047,125.66370614359174,1.5429190112340494,541.7328919653031,380.2418452424238
0.4950000000000004,74.64219665527344,125.66370614359174,1.5510650944889661,534.5780013633027,377.963206987496
0.4960000000000004,74.8326416015625,125.66370614359174,1.5466916539724518,530.02769823409,375.5261878493541
0.4970000000000004,75.02227783203125,125.66370614359174,1.5406706312316805,532.1836676230151,375.30463030777446
0.4980000000000004,75.21354675292969,125.66370614359174,1.5426203134395375,543.4085917099856,378.7448126829778
0.4990000000000004,75.40933227539062,125.66370614359174,1.559803982737748,552.2853932360297,386.57948718842084
0.5000000000000003,75.60275268554688,125.66370614359174,1.5701527914793691,543.1040204451203,384.0424586462719
0.5010000000000003,75.79313659667969,125.66370614359174,1.5635053577636033,534.8906570251205,380.4259012140866
0.5020000000000003,75.98155975341797,125.66370614359174,1.5511705004099416,532.4552915320788,378.42986460431985
0.5030000000000003,76.1702651977539,125.66370614359174,1.5437383000332496,538.8035324066075,379.83541894455743
0.5040000000000003,76.36213684082031,125.66370614359174,1.5498186886670327,555.4531452759117,385.66520258348265
0.5050000000000003,76.56026458740234,125.66370614359174,1.5751121046176182,564.3987635362291,396.27622878115545
0.5060000000000003,76.75596618652344,125.66370614359174,1.5829323433269156,556.3887689569848,393.60847115464964
0.5070000000000003,76.94913482666016,125.66370614359174,1.577709745141498,550.957618007404,390.724176577482
0.5080000000000003,77.14126586914062,125.66370614359174,1.5705291629783098,552.4202406140805,390.14995103944085
0.5090000000000003,77.33486938476562,125.66370614359174,1.571188819201291,563.2538772773918,393.4258816231083
0.5100000000000003,77.53288269042969,125.66370614359174,1.587083329096365,570.7805372600501,401.32260441150294
0.5110000000000003,77.72789001464844,125.66370614359174,1.594043964334138,559.6624903104913,397.6916538573037
0.5120000000000003,77.91937255859375,125.66370614359174,1.5840551229036606,549.963154078189,393.2043536572249
0.5130000000000003,78.10860443115234,125.66370614359174,1.568746183190296,546.6628509786183,390.6931326942714
0.5140000000000003,78.29804992675781,125.66370614359174,1.5589732420997573,552.8198978122485,391.99679339972687
0.5150000000000003,78.49076080322266,125.66370614359174,1.5635183940683584,569.9003801001819,398.1364424945924
0.5160000000000003,78.68997192382812,125.66370614359174,1.5880929629982319,577.3736483665235,409.41251645004786
0.5170000000000003,78.88605499267578,125.66370614359174,1.5910234831306853,567.6793282248915,405.5261739702208
0.5180000000000003,79.07926177978516,125.66370614359174,1.5821999723768818,561.6421935514832,402.0134885819511
0.5190000000000003,79.27147674560547,125.66370614359174,1.5730423960094768,563.5611421027439,401.45034294919407
0.5200000000000004,79.46549224853516,125.66370614359174,1.5734748910876455,575.7674746386879,405.3303611135461
0.5210000000000004,79.66448211669922,125.66370614359174,1.5907640110131926,581.5783483976589,414.31838191286636
0.5220000000000004,79.8597183227539,125.66370614359174,1.5922237227339435,569.1246562799203,409.368314075896
0.5230000000000004,80.05120849609375,125.66370614359174,1.5791287767981044,559.6404451843918,404.3911600420256
0.5240000000000004,80.24073791503906,125.66370614359174,1.5634516360759583,557.9823368498257,402.2353587859624
0.5250000000000004,80.43114471435547,125.66370614359174,1.5560830347943557,566.9444134674122,404.641466823698
0.5260000000000004,80.62577056884766,125.66370614359174,1.565467928442314,573.5483984521619,412.4675195617931
0.5270000000000004,80.81680297851562,125.66370614359174,1.566451902019343,560.6527645449343,407.65873623412296
0.5280000000000004,81.00409698486328,125.66370614359174,1.5514346613747911,550.5010619417668,402.5984905685443
0.5290000000000004,81.18939971923828,125.66370614359174,1.5330586874612888,548.3063904526734,400.31207017402625
0.5300000000000004,81.37557983398438,125.66370614359174,1.5230738868369726,557.1490775185441,402.7078689285572
0.5310000000000004,81.56610870361328,125.66370614359174,1.530773967873053,578.3333064298091,410.7728145818375
0.5320000000000004,81.76451110839844,125.66370614359174,1.5617476609829217,587.4913623343851,424.6772730626269
0.5330000000000004,81.9601821899414,125.66370614359174,1.5647225203743518,580.0239595561972,421.2680532611611
0.5340000000000004,82.15383911132812,125.66370614359174,1.5592708427513235,577.793936553925,418.9782189152416
0.5350000000000004,82.34774017333984,125.66370614359174,1.557210304525987,584.9325568972164,420.4181009271868
0.5360000000000004,82.54498291015625,125.66370614359174,1.5682271533510272,591.488325380774,426.9763462020394
0.5370000000000004,82.73881530761719,125.66370614359174,1.5738918948450824,578.3706888965405,422.38461089490033
0.5380000000000004,82.92860412597656,125.66370614359174,1.5607503839599608,566.7112049009141,416.6787967897165
0.5390000000000004,83.11576843261719,125.66370614359174,1.5418419609877159,562.4284161485372,413.29271609669553
0.5400000000000004,83.3030776977539,125.66370614359174,1.529628030195,569.1944756569203,414.4979996930611
0.5410000000000004,83.4940185546875,125.66370614359174,1.5342976576642415,588.7562107984212,421.5571806916416
0.5420000000000004,83.69226837158203,125.66370614359174,1.5623785726424757,598.7856861217634,434.8264430817398
0.5430000000000004,83.8880615234375,125.66370614359174,1.5671648811366357,591.4702454772968,431.7672269777536
0.5440000000000004,84.0818862915039,125.66370614359174,1.562282149328794,589.0211366649536,429.48329613707944
0.5450000000000004,84.27589416503906,125.66370614359174,1.5600635294802438,595.9745758225858,430.8327300061096
0.5460000000000004,84.47317504882812,125.66370614359174,1.5707815928658306,614.6037479964845,437.40534312826895
0.5470000000000004,84.6771240234375,125.66370614359174,1.6012964763814554,622.1400609150409,449.79492541973747
0.5480000000000004,84.87789916992188,125.66370614359174,1.6057285724941563,612.501926390538,445.51317472865134
0.5490000000000004,85.0758056640625,125.66370614359174,1.598884718974299,607.1653748436606,441.71640695719515
0.5500000000000004,85.27293395996094,125.66370614359174,1.5930614458774937,610.9836788408986,441.4562008421538
0.5510000000000004,85.47236633300781,125.66370614359174,1.5987359168870758,626.4731153661197,446.46499240446946
0.5520000000000004,85.67755126953125,125.66370614359174,1.623202022761802,631.2411248648546,457.429359112886
0.5530000000000004,85.8785400390625,125.66370614359174,1.6224538053412272,618.237772984146,451.34394402936664
0.5540000000000004,86.07577514648438,125.66370614359174,1.609729607067622,609.8229616530786,445.94980822953937
0.5550000000000004,86.27149963378906,125.66370614359174,1.5976312911462713,611.0403319663706,444.40372489623485
0.5560000000000004,86.46897888183594,125.66370614359174,1.5970901133522535,624.509186224778,448.49547044500883
0.5570000000000004,86.67184448242188,125.66370614359174,1.6158992915908936,628.0822063681068,458.9265452085425
0.5580000000000004,86.86995697021484,125.66370614359174,1.610510325966432,613.276091942128,451.76166967578223
0.5590000000000004,87.06400299072266,125.66370614359174,1.593507256697584,603.8449688243363,445.7401646313573
0.5600000000000004,87.25650787353516,125.66370614359174,1.5779787496319615,604.8869427865034,444.0612982318876
0.5610000000000004,87.45095825195312,125.66370614359174,1.5753050594111282,618.9781766877458,448.5014533817927
0.5620000000000004,87.65119171142578,125.66370614359174,1.5935449265063248,623.140415130106,459.7064170381331
0.5630000000000004,87.84675598144531,125.66370614359174,1.5865972384135174,608.8988707767929,452.56398751323593
0.5640000000000004,88.0385971069336,125.66370614359174,1.569486767622381,600.9447361512264,447.05021914641327
0.5650000000000004,88.22947692871094,125.66370614359174,1.5556653212155749,604.2783430763728,446.35012110047415
0.5660000000000004,88.42305755615234,125.66370614359174,1.5566104101388352,608.3505066493595,452.1649223346605
0.5670000000000004,88.61207580566406,125.66370614359174,1.552433375394322,591.4417366765119,445.0638509708539
0.5680000000000004,88.7964859008789,125.66370614359174,1.5306250973738902,578.2082258898714,437.8616564962513
0.5690000000000004,88.97846221923828,125.66370614359174,1.5060750255131743,575.1501822933167,434.46112346922814
0.5700000000000004,89.1615219116211,125.66370614359174,1.4929259253538247,586.0718350276035,437.3390309626167
0.5710000000000004,89.34986114501953,125.66370614359174,1.5023294906603257,597.0075214846836,447.72019369547075
0.5720000000000004,89.5358657836914,125.66370614359174,1.5048664287405327,587.9806016806622,444.5132462130691
0.5730000000000004,89.71977233886719,125.66370614359174,1.494552915313042,583.8930405773067,441.7112003913531
0.5740000000000004,89.90386199951172,125.66370614359174,1.4863654755361104,590.6390051580729,442.9828924873106
0.5750000000000004,90.09161376953125,125.66370614359174,1.4935023000144305,611.4043820144639,450.5422571735621
0.5760000000000004,90.28699493408203,125.66370614359174,1.5251244256236647,626.3683566501692,465.34321033128754
0.5770000000000004,90.48146057128906,125.66370614359174,1.5384439297208394,623.0241746711853,464.7265240023703
0.5780000000000004,90.67514038085938,125.66370614359174,1.5411577665256657,624.4024257668422,464.32800369790505
0.5790000000000004,90.87010192871094,125.66370614359174,1.5471551632862668,636.0114396525886,467.71927248373066
0.5800000000000004,91.06956481933594,125.66370614359174,1.5678987854219752,660.6524088665949,476.96592703274285
0.5810000000000004,91.27710723876953,125.66370614359174,1.6106620206838378,672.9574917355947,492.85616811055246
0.5820000000000004,91.48289489746094,125.66370614359174,1.6237794030420698,667.8268984631974,490.80792654636736
0.5830000000000004,91.68707275390625,125.66370614359174,1.6264544395294775,667.2018385913647,488.98560350017175
0.5840000000000004,91.89168548583984,125.66370614359174,1.6316243249920044,676.4192569582661,490.9368431832787
0.5850000000000004,92.099853515625,125.66370614359174,1.6497786656609594,681.6768037541557,498.6321138808615
0.5860000000000004,92.30408477783203,125.66370614359174,1.6554334026228235,666.213447596787,492.5119582584922
0.5870000000000004,92.50366973876953,125.66370614359174,1.6417755989090883,652.5370709931417,485.0270290963945
0.5880000000000004,92.70024871826172,125.66370614359174,1.623083723289877,647.7175864096163,480.534769868712
0.5890000000000004,92.89696502685547,125.66370614359174,1.6127153323897894,655.9841434580027,481.86117285472335
0.5900000000000004,93.09771728515625,125.66370614359174,1.621163164060779,660.8317083925957,490.4472739347371
0.5910000000000004,93.29400634765625,125.66370614359174,1.6168411119673811,644.4566034305091,483.2017020529227
0.5920000000000004,93.48607635498047,125.66370614359174,1.5973083482712271,632.8807020217693,476.35070535738595
0.5930000000000004,93.67633056640625,125.66370614359174,1.5775458949894579,632.5653171477014,473.9606442864279
0.5940000000000004,93.86843872070312,125.66370614359174,1.571050043546299,646.9952043030892,478.46878791864964
0.5950000000000004,94.06659698486328,125.66370614359174,1.587670764519864,654.3917676841422,490.89253976782413
0.5960000000000004,94.26091003417969,125.66370614359174,1.5833870560061587,641.5623797815108,484.70169584816665
0.5970000000000004,94.45223999023438,125.66370614359174,1.56853997891872,635.5851935881283,480.1025240350079
0.5980000000000004,94.64344787597656,125.66370614359174,1.5581193269168083,642.2260553224921,480.8819107614422
0.5990000000000004,94.83843231201172,125.66370614359174,1.5647151090095939,648.5371722836762,489.0772482054964
0.6000000000000004,95.02947235107422,125.66370614359174,1.5627715818865329,633.2550704365061,482.6086933687907
0.6010000000000004,95.2166519165039,125.66370614359174,1.5444064296252513,622.6600021328271,476.2578096270524
0.6020000000000004,95.40239715576172,125.66370614359174,1.5257818125822735,623.8482921716052,474.4883383434559
0.6030000000000004,95.59053802490234,125.66370614359174,1.5216987488905318,640.7476197628727,480.04519426672124
0.6040000000000004,95.78549194335938,125.66370614359174,1.5429988843197853,652.5708010633847,494.12859604407015
0.6050000000000004,95.97806549072266,125.66370614359174,1.5458061637877134,644.5765427538735,490.58483034013886
0.6060000000000004,96.16898345947266,125.66370614359174,1.5390696559354229,643.4782405872041,488.42260519919523
0.6070000000000004,96.36102294921875,125.66370614359174,1.5382169267464896,655.221037653338,491.6066602921935
0.6080000000000004,96.55804443359375,125.66370614359174,1.5558636263112877,665.8066324792576,502.2864895228891
0.6090000000000004,96.7526626586914,125.66370614359174,1.5633019783732183,655.6500131468947,498.67522962362443
0.6100000000000004,96.94463348388672,125.66370614359174,1.5549564478191433,649.5525596460094,494.6004374418814
0.6110000000000004,97.13613891601562,125.66370614359174,1.5468686815744934,654.7399012064574,494.6934710679425
0.6120000000000004,97.33076477050781,125.66370614359174,1.5533304096790097,675.1998134128452,501.8184003526569
0.6130000000000004,97.53273010253906,125.66370614359174,1.584359225427564,687.9956405974625,517.2226969723881
0.6140000000000004,97.73267364501953,125.66370614359174,1.5925199638245053,681.2926476089079,514.3710144920923
0.6150000000000004,97.93103790283203,125.66370614359174,1.5904931028584113,680.6985840564313,512.3719157769184
0.6160000000000004,98.13037109375,125.66370614359174,1.5932291187942924,692.3148581332712,515.3579770766927
0.6170000000000004,98.3343276977539,125.66370614359174,1.612809774318438,700.4330250131652,525.5801733582143
0.6180000000000004,98.53501892089844,125.66370614359174,1.618334243132207,687.2895812626082,520.2522978322706
0.6190000000000004,98.73214721679688,125.66370614359174,1.6070536124651276,677.9279258639119,514.3123464563096
0.6200000000000004,98.92787170410156,125.66370614359174,1.594875012364898,679.8482208550924,512.6026116382194
0.6210000000000004,99.1258316040039,125.66370614359174,1.5960547338513682,697.1811596872186,518.1071982732755
0.6220000000000004,99.33027648925781,125.66370614359174,1.620767775136303,705.653012800475,532.1072383088344
0.6230000000000004,99.53117370605469,125.66370614359174,1.6204869747963286,693.8401320584917,526.164071147661
0.6240000000000004,99.72929382324219,125.66370614359174,1.6099331319687118,689.1159749458523,521.7254810119291
0.6250000000000004,99.92752838134766,125.66370614359174,1.6045019825969946,697.7066420217903,523.0407499276668
0.6260000000000004,100.1298599243164,125.66370614359174,1.6167449617105858,702.3439463060054,532.3424636516951
0.6270000000000004,100.32758331298828,125.66370614359174,1.6129021839249251,685.1345645635098,524.1989990796599
0.6280000000000004,100.5210189819336,125.66370614359174,1.593739809781771,673.6848647623835,516.6464572436964
0.6290000000000004,100.71292114257812,125.66370614359174,1.5759260274674065,675.4668968242742,514.5792757248291
0.6300000000000004,100.90741729736328,125.66370614359174,1.574278181013084,680.2199776469749,520.8633115220648
0.6310000000000004,101.09748077392578,125.66370614359174,1.5688169379354078,662.0653158925718,512.9256960190172
0.6320000000000005,101.28319549560547,125.66370614359174,1.5455130414801876,649.2157000014846,505.09689014766593
0.6330000000000005,101.46723175048828,125.66370614359174,1.522349066578367,649.9314628518231,502.6668559056046
0.6340000000000005,101.65387725830078,125.66370614359174,1.5160265555065384,668.774924018615,508.92476190867734
0.6350000000000005,101.8480453491211,125.66370614359174,1.5387117774849217,683.0531032865478,525.2695724059902
0.6360000000000005,102.04027557373047,125.66370614359174,1.541836206234715,676.9739608529812,522.3617716090697
0.6370000000000005,102.2316665649414,125.66370614359174,1.5378707884239726,679.6327716903311,521.6751599512402
0.6380000000000005,102.42542266845703,125.66370614359174,1.5433355882889142,697.2379661611654,527.5543121849221
0.6390000000000005,102.62577819824219,125.66370614359174,1.570982592837519,710.0503816980738,542.1757936645598
0.6400000000000005,102.82404327392578,125.66370614359174,1.5795236072352623,702.1466717903323,538.9703193333537
0.6410000000000005,103.02047729492188,125.66370614359174,1.5758287211396096,700.3484864920432,536.2850918040128
0.6420000000000005,103.21774291992188,125.66370614359174,1.5765563538034413,711.9203642741469,539.0622007649777
0.6430000000000005,103.4197998046875,125.66370614359174,1.5955038260299725,721.5457156260057,550.0841203669679
0.6440000000000005,103.61894989013672,125.66370614359174,1.6015900665990992,709.4097057030968,545.1816320543101
0.6450000000000005,103.8150405883789,125.66370614359174,1.5915278609418309,702.0106027280247,539.8891941485177
0.6460000000000005,104.0104751586914,125.66370614359174,1.5825794124749681,707.5088098484382,539.6150997625648
0.6470000000000005,104.2092514038086,125.66370614359174,1.5899423443254606,715.5599267965274,547.6323645744117
0.6480000000000005,104.40473937988281,125.66370614359174,1.5929361289377921,700.7564669398721,541.854784653551
0.6490000000000005,104.59656524658203,125.66370614359174,1.5772389167918437,690.1471688473988,535.2394289252106
0.6500000000000005,104.7870864868164,125.66370614359174,1.5609799304040797,692.5811231012134,533.540734813271
0.6510000000000005,104.98039245605469,125.66370614359174,1.5607818649917915,713.0102662936551,540.4022174061171
0.6520000000000005,105.18125915527344,125.66370614359174,1.5885152937409128,726.9842115869121,557.4058114717579
0.6530000000000005,105.38002014160156,125.66370614359174,1.5934488997041683,720.0952841866401,554.0456713804739
0.6540000000000005,105.57756805419922,125.66370614359174,1.5901978636596663,721.5872696265119,552.5980007056186
0.6550000000000005,105.77703857421875,125.66370614359174,1.595309075453763,738.0471017778591,557.7490487241226
0.6560000000000005,105.98262023925781,125.66370614359174,1.621520081699578,747.6536515738457,571.83729031743
0.6570000000000005,106.1849136352539,125.66370614359174,1.624882772000744,735.5328941550514,566.000245461204
0.6580000000000005,106.38435363769531,125.66370614359174,1.6155653299268287,730.1638534120689,561.0429365121153
0.6590000000000005,106.58383178710938,125.66370614359174,1.6106628654487896,739.154948731059,562.2291291939662
0.6600000000000005,106.78755950927734,125.66370614359174,1.6243308951034965,744.5022916998314,572.4322565799307
0.6610000000000005,106.9867935180664,125.66370614359174,1.6208374403393082,727.202804883257,563.9367337134446
0.6620000000000005,107.18196868896484,125.66370614359174,1.6024808726165252,716.7303729111146,556.2991702910024
0.6630000000000005,107.37611389160156,125.66370614359174,1.587388358444366,721.3933089711567,555.1592554776826
0.6640000000000005,107.57373809814453,125.66370614359174,1.5913047964635019,726.5685279083127,563.7251915683091
0.6650000000000005,107.76687622070312,125.66370614359174,1.5847087886482327,708.73160062077,555.1085983020895
0.6660000000000005,107.95606994628906,125.66370614359174,1.5631082226783355,698.3866295640919,547.6175379143659
0.6670000000000005,108.1445541381836,125.66370614359174,1.5457054904286978,704.1798042284233,547.082730773035
0.6680000000000005,108.33707427978516,125.66370614359174,1.5494101453172644,713.1471505133173,556.8669014311189
0.6690000000000005,108.52632904052734,125.66370614359174,1.5468956464029515,699.463129692093,550.7833878574439
0.6700000000000005,108.71281433105469,125.66370614359174,1.53036450712552,693.4727187241768,545.7723129549205
0.6710000000000005,108.89974975585938,125.66370614359174,1.5195444449200224,703.8917243205998,547.7350954704048
0.6720000000000005,109.09188842773438,125.66370614359174,1.5315252234556205,717.6844760773687,560.0884394181377
0.6730000000000005,109.28227233886719,125.66370614359174,1.5377652780106805,709.3907518001638,557.2924053312096
0.6740000000000005,109.47113037109375,125.66370614359174,1.5304498185065638,708.0637967375952,554.980122190378
0.6750000000000005,109.66142272949219,125.66370614359174,1.5290429846659777,722.4391124948803,559.1111745890976
0.6760000000000005,109.85762023925781,125.66370614359174,1.5500116639235728,738.744778508724,573.1647802026033
0.6770000000000005,110.05286407470703,125.66370614359174,1.5631874648578523,733.0499604559503,572.1097436346533
0.6780000000000005,110.2469711303711,125.66370614359174,1.5617880846043308,733.0324308917424,570.6823661598314
0.6790000000000005,110.44254302978516,125.66370614359174,1.5647247152824413,747.5913344265808,574.972876080873
0.6800000000000005,110.6437759399414,125.66370614359174,1.587931194966673,762.7220474921203,588.5990927493591
0.6810000000000005,110.84366607666016,125.66370614359174,1.6016324134949738,755.2379969938439,586.741832361056
0.6820000000000005,111.04177856445312,125.66370614359174,1.5989024550466615,752.4391463861757,583.9009912326902
0.6830000000000005,111.24050903320312,125.66370614359174,1.598447701283242,763.5629512311119,586.3768305162898
0.6840000000000005,111.4439468383789,125.66370614359174,1.616315475584129,775.2343580190246,597.9823712646237
0.6850000000000005,111.64495849609375,125.66370614359174,1.6249209662459894,763.3772972342471,593.6997754425782
0.6860000000000005,111.8431167602539,125.66370614359174,1.6157069609190609,756.1908872738617,588.432590102024
0.6870000000000005,112.04090881347656,125.66370614359174,1.6077172254599257,763.2808286300689,588.6995531245008
0.6880000000000005,112.24256134033203,125.66370614359174,1.6176654077011459,772.1317312540052,598.4781458419174
0.6890000000000005,112.44090270996094,125.66370614359174,1.6199707468805262,756.8794001656305,592.1364777238598
0.6900000000000005,112.63575744628906,125.66370614359174,1.6044556608394402,747.2612974279377,585.3797995821762
0.6910000000000005,112.82991790771484,125.66370614359174,1.5908547752843085,753.0794198540208,584.859421053005
0.6920000000000005,113.02790832519531,125.66370614359174,1.596662965601303,761.8736558266654,594.597004788543
0.6930000000000005,113.2225112915039,125.66370614359174,1.5959949444559225,746.6504573205079,588.0159741787247
0.6940000000000005,113.41390228271484,125.66370614359174,1.578980256075355,738.365700832345,581.7693420185284
0.6950000000000005,113.60516357421875,125.66370614359174,1.5659845127900698,746.7440985563262,582.5096120207128
0.6960000000000005,113.80107879638672,125.66370614359174,1.5748330190777087,757.9675160100184,594.1587437329397
0.6970000000000005,113.99425506591797,125.66370614359174,1.5760913685904845,745.6937527798892,588.9679025934093
0.6980000000000005,114.18506622314453,125.66370614359174,1.563104406856597,741.2664958617698,584.6221950922015
0.6990000000000005,114.37677001953125,125.66370614359174,1.5563726537625306,754.1324170711398,587.6826689720482
0.7000000000000005,114.57420349121094,125.66370614359174,1.5732594075913189,767.9327756520136,601.8864387360802
0.7010000000000005,114.76953125,125.66370614359174,1.578612276623329,758.6807702174964,598.1361995974837
0.7020000000000005,114.96321105957031,125.66370614359174,1.5712613101309738,757.5484423918074,595.3943257650167
0.7030000000000005,115.15847778320312,125.66370614359174,1.5712994944858811,773.6801914555272,600.1238862923157
0.7040000000000005,115.36009216308594,125.66370614359174,1.5951520267013353,787.7912151722724,615.8806244844161
0.7050000000000005,115.5595474243164,125.66370614359174,1.602035636537587,778.7627064153875,612.0169287484704
0.7060000000000005,115.75727844238281,125.66370614359174,1.5965336441479414,777.796942065237,609.1137018657566
0.7070000000000005,115.95645904541016,125.66370614359174,1.5984259248010173,793.8661763109384,613.5822840412203
0.7080000000000005,116.16172790527344,125.66370614359174,1.6235740285986453,805.0165392368613,628.8538519304224
0.7090000000000005,116.3636703491211,125.66370614359174,1.6269783403009876,792.5685098250533,622.2841129302683
0.7100000000000005,116.56282806396484,125.66370614359174,1.618659976815598,788.1066241858128,616.9015672574586
0.7110000000000005,116.76237487792969,125.66370614359174,1.617247708840034,799.9379690359623,618.932418454674
0.7120000000000005,116.96678924560547,125.66370614359174,1.6371305777182823,804.8484828120183,631.4534844146873
0.7130000000000005,117.16560363769531,125.66370614359174,1.6321310144643197,784.2908607972635,619.4543859805472
0.7140000000000005,117.3594741821289,125.66370614359174,1.6141013921351426,771.5605148764413,608.949413280065
0.7150000000000005,117.55172729492188,125.66370614359174,1.6010815783788759,774.9207259142269,606.176800565634
0.7160000000000005,117.74691009521484,125.66370614359174,1.6074813305890663,772.361119324886,614.1532194176833
0.7170000000000005,117.9337387084961,125.66370614359174,1.5896456236546872,742.298958662341,595.4675647979648
0.7180000000000005,118.11341857910156,125.66370614359174,1.5580517475105722,721.386174390555,579.557158995149
0.7190000000000005,118.28983306884766,125.66370614359174,1.5310593403840695,717.9539723360648,572.7356638690275
0.7200000000000005,118.46806335449219,125.66370614359174,1.5239836838098315,712.2312142998381,577.9512140870702
0.7210000000000005,118.63639068603516,125.66370614359174,1.4961254679627831,677.5809000412123,555.3252424821634
0.7220000000000005,118.796875,125.66370614359174,1.4555200083398439,654.4340242585313,537.4829732823938
0.7230000000000005,118.95415496826172,125.66370614359174,1.4213038708737564,650.9030112265763,530.6299331958351
0.7240000000000005,119.11397552490234,125.66370614359174,1.409827764896534,648.688148816357,537.4362007884072
0.7250000000000005,119.26435852050781,125.66370614359174,1.3805548908897107,616.7665669394893,515.6448764829224
0.7260000000000005,119.40806579589844,125.66370614359174,1.341077928408919,598.2831020660427,500.36679502532644
0.7270000000000005,119.55029296875,125.66370614359174,1.3111605310346715,600.8057366930475,497.47987982179313
0.7280000000000005,119.69715118408203,125.66370614359174,1.307461377338161,605.8779768653291,509.19338782175754
0.7290000000000005,119.83622741699219,125.66370614359174,1.2854423366002017,580.6772842673436,491.1859503142698
0.7300000000000005,119.97054290771484,125.66370614359174,1.2559045193724685,569.3902264475253,480.3637379901035
0.7310000000000005,120.10539245605469,125.66370614359174,1.2383687576507505,578.9687058334937,482.2242160842016
0.7320000000000005,120.24677276611328,125.66370614359174,1.248533307404021,589.7400321439042,498.5290814874365
0.7330000000000005,120.38158416748047,125.66370614359174,1.2360701808237458,569.4002971205393,483.31964090928534
0.7340000000000005,120.5127182006836,125.66370614359174,1.2171231008134715,562.136832308483,475.00115147292996
0.7350000000000005,120.64520263671875,125.66370614359174,1.2100916817231846,574.5129076786865,478.8371870227276
0.7360000000000005,120.78468322753906,125.66370614359174,1.2292336085727291,585.9663041653611,496.3325592687908
0.7370000000000005,120.91726684570312,125.66370614359174,1.2211643536793213,564.9961391672855,480.22707255152824
0.7380000000000005,121.04561614990234,125.66370614359174,1.2056837898160455,556.0164221732803,470.5472464565848
0.7390000000000005,121.17457580566406,125.66370614359174,1.2001046667130564,565.538781746213,472.5354022040338
0.7400000000000005,121.30952453613281,125.66370614359174,1.2179991521500841,573.5135021827331,487.64940647930973
0.7410000000000005,121.4359359741211,125.66370614359174,1.2075606558182523,547.4219839637946,467.4473256627754
0.7420000000000005,121.55653381347656,125.66370614359174,1.1879643376092501,533.0389685962178,453.8336658614301
0.7430000000000005,121.6762466430664,125.66370614359174,1.176097644780272,537.0264115358735,452.1434054267747
0.7440000000000005,121.8005599975586,125.66370614359174,1.185856190336447,541.2644184050364,463.8679117611782
0.7450000000000006,121.91462707519531,125.66370614359174,1.1701701947152297,509.77613659980256,439.3312730995316
0.7460000000000006,122.02156829833984,125.66370614359174,1.1438635764522804,490.77788227378176,422.3686811885858
0.7470000000000006,122.12670135498047,125.66370614359174,1.1240557662860782,491.0440475775561,418.3560655217631
0.7480000000000006,122.23591613769531,125.66370614359174,1.125604853876193,494.87851985031546,428.7365421244644
0.7490000000000006,122.33426666259766,125.66370614359174,1.1065973211423923,461.5629879512716,402.53461996439887
0.7500000000000006,122.4254150390625,125.66370614359174,1.0763608711104944,441.9883164981426,385.2258760555906
0.7510000000000006,122.5151596069336,125.66370614359174,1.0526345207798258,442.8517673256025,382.0766253020676
0.7520000000000006,122.6097640991211,125.66370614359174,1.0513762219347058,450.28646223960203,394.332679212804
0.7530000000000006,122.69424438476562,125.66370614359174,1.033710385859462,419.4501158679427,369.78838354958725
0.7540000000000006,122.77262115478516,125.66370614359174,1.0051183392433929,403.2012897860635,355.06457344496926
0.7550000000000006,122.8509521484375,125.66370614359174,0.9839354214848467,407.99891908222156,355.20582201021494
0.7560000000000006,122.93567657470703,125.66370614359174,0.9867807521659813,420.7344876415367,371.1821787277563
0.7570000000000006,123.01160430908203,125.66370614359174,0.9746932260760549,394.2665515897923,349.7936702028396
0.7580000000000006,123.08280181884766,125.66370614359174,0.9523173264481215,382.35058932494337,338.38039461678784
0.7590000000000006,123.15528869628906,125.66370614359174,0.9380868210446172,391.20190925605516,341.7832108476474
0.7600000000000006,123.2353744506836,125.66370614359174,0.9484720803895619,407.76781262327927,360.75351797446706
0.7610000000000006,123.3075180053711,125.66370614359174,0.9429379020590284,384.204160019211,341.3989472020702
0.7620000000000006,123.3756103515625,125.66370614359174,0.9271389213017245,374.47235886025305,331.60619311578637
0.7630000000000006,123.4454574584961,125.66370614359174,0.9190095768472432,384.68976177916977,336.1390060940241
0.7640000000000006,123.52310943603516,125.66370614359174,0.9344262253674451,401.97192161813194,355.67488365511497
0.7650000000000006,123.59265899658203,125.66370614359174,0.9328851683019749,378.09203667483,335.85283309326434
0.7660000000000006,123.65780639648438,125.66370614359174,0.9200463760697464,367.2673779457645,325.16458882010426
0.7670000000000006,123.72418975830078,125.66370614359174,0.9132037945692473,375.7009667849727,328.43319638590447
0.7680000000000006,123.79774475097656,125.66370614359174,0.9279337850227524,391.3966826360537,346.38959816370647
0.7690000000000006,123.86228942871094,125.66370614359174,0.9269533367274657,364.81466290602515,324.27687266883464
0.7700000000000006,123.9215316772461,125.66370614359174,0.9129360655180133,350.9991560576742,311.30570285403445
0.7710000000000006,123.98115539550781,125.66370614359174,0.9028532973813229,356.3370523933926,312.4151041978888
0.7720000000000006,124.04714965820312,125.66370614359174,0.9125902702421677,370.43570317323605,328.423249630569
0.7730000000000006,124.10330200195312,125.66370614359174,0.9104597307480221,341.1812360094026,304.140189802701
0.7740000000000006,124.15348815917969,125.66370614359174,0.8934791321488215,324.9822473916445,289.48332318305813
0.7750000000000006,124.20362091064453,125.66370614359174,0.8787354661620498,328.3790787118273,289.46523720116346
0.7760000000000006,124.2599105834961,125.66370614359174,0.88290219683628,342.77272314738167,304.93335499260854
0.7770000000000006,124.30621337890625,125.66370614359174,0.8802357086463548,312.9080756493933,280.2247745015193
0.7780000000000006,124.34666442871094,125.66370614359174,0.8613542031594736,296.6152982520831,265.76719874188217
0.7790000000000006,124.38739013671875,125.66370614359174,0.8437768274992123,300.4826712164136,266.55915682972864
0.7800000000000006,124.4348373413086,125.66370614359174,0.8451277469317157,325.81092115812095,283.39391468027236
0.7810000000000006,124.49442291259766,125.66370614359174,0.8778397256618923,352.31421112311403,313.77474343444806
0.7820000000000006,124.54621124267578,125.66370614359174,0.8779680615338356,331.3169104038055,294.49948945876105
0.7830000000000006,124.59514617919922,125.66370614359174,0.8739755398495104,326.47880103578933,287.53308846822756
0.7840000000000006,124.64710998535156,125.66370614359174,0.8810419885547739,332.08460617106323,295.18848080452364
0.7850000000000006,124.68558502197266,125.66370614359174,0.8803720258812856,292.3518040755131,261.67582462293217
0.7860000000000006,124.71485900878906,125.66370614359174,0.8587654334405502,265.82918225407514,238.80344530316
0.7870000000000006,124.74143981933594,125.66370614359174,0.8323590741889281,259.91176142863446,232.14367488968236
0.7880000000000006,124.7723159790039,125.66370614359174,0.8191527087791445,276.60786860547404,242.9154471078569
0.7890000000000006,124.81356811523438,125.66370614359174,0.8342966891444688,299.65874353627765,268.91540385937947
0.7900000000000006,124.84569549560547,125.66370614359174,0.8279680280342576,274.0504456244709,246.21484411753963
0.7910000000000006,124.8744125366211,125.66370614359174,0.8142764202202679,266.4005709274683,237.75476773967253
0.7920000000000006,124.90636444091797,125.66370614359174,0.8100453689044198,280.05269444227906,245.90080904652538
0.7930000000000006,124.94744110107422,125.66370614359174,0.8298737634060503,299.4846763900304,268.81606325906233
0.7940000000000006,124.97799682617188,125.66370614359174,0.8259371276261633,269.9867268710565,242.5721459558079
0.7950000000000006,125.00373077392578,125.66370614359174,0.8124724113220754,258.1482645816185,230.59352237331052
0.7960000000000006,125.03141784667969,125.66370614359174,0.8058101593878629,267.7083849989193,235.5249318710792
0.7970000000000006,125.06715393066406,125.66370614359174,0.8209471939818292,284.5971422750534,255.7412146056006
0.7980000000000006,125.09143829345703,125.66370614359174,0.8155489662981416,252.27091677564025,227.15825368348763
0.7990000000000006,125.1102523803711,125.66370614359174,0.7987920880202308,238.11820934617438,213.49201304355933
0.8000000000000006,125.13064575195312,125.66370614359174,0.7872459227540402,246.0890624954452,217.49837955918719
0.8010000000000006,125.15904998779297,125.66370614359174,0.7969162297269731,263.6652475223453,237.60594989786358
0.8020000000000006,125.17620086669922,125.66370614359174,0.790862116113042,231.6426067477738,209.46747906333064
0.8030000000000006,125.18829345703125,125.66370614359174,0.7723351798231961,218.3492780948369,196.83107806403947
0.8040000000000006,125.2026138305664,125.66370614359174,0.7585673092801918,227.78411969818197,202.43584308429084
0.8050000000000006,125.22578430175781,125.66370614359174,0.7666424921864274,248.43392736371806,224.66000094395773
0.8060000000000006,125.23868560791016,125.66370614359174,0.7624447283942133,219.0966904832751,198.93706917791815
0.8070000000000006,125.24751281738281,125.66370614359174,0.7455520660066582,208.55081655097132,188.78017663926218
0.8080000000000006,125.25957489013672,125.66370614359174,0.7338015914648183,220.7737509114713,196.88288412008936
0.8090000000000006,125.2814712524414,125.66370614359174,0.7448484996211262,244.56126967666526,221.57301264606082
0.8100000000000006,125.2940444946289,125.66370614359174,0.7445068138037121,218.0323949754904,198.23140389735482
0.8110000000000006,125.3033218383789,125.66370614359174,0.731681079795434,209.78150568368582,189.98646944298443
0.8120000000000006,125.31640625,125.66370614359174,0.7243207868072483,223.8097253036794,199.55486594443613
0.8130000000000006,125.33973693847656,125.66370614359174,0.7399145818583176,248.89965648079553,225.2996627831994
0.8140000000000006,125.35405731201172,125.66370614359174,0.7433961202234183,223.38881381719585,202.72493608520713
0.8150000000000006,125.36512756347656,125.66370614359174,0.7342380404591788,215.3879436042134,194.58890724208015
0.8160000000000006,125.37982940673828,125.66370614359174,0.7300114781977235,229.0332960162902,203.7349939222703
0.8170000000000006,125.40444946289062,125.66370614359174,0.7477310917065059,253.31423311189522,228.66280543319115
0.8180000000000006,125.41966247558594,125.66370614359174,0.753212528642982,226.70715205747337,205.08291921379114
0.8190000000000006,125.43103790283203,125.66370614359174,0.7451425777417539,217.01929062839113,195.49645257689966
0.8200000000000006,125.44537353515625,125.66370614359174,0.7406435800116551,228.6156818755437,202.93922058229086
0.8210000000000006,125.46891784667969,125.66370614359174,0.7565417790807377,251.20868642332792,226.09729741940868
0.8220000000000006,125.4823989868164,125.66370614359174,0.7620720152746528,222.60009869951875,200.85788720505738
0.8230000000000006,125.49136352539062,125.66370614359174,0.7526120680172842,210.72668215915226,189.55599555705317
0.8240000000000006,125.50265502929688,125.66370614359174,0.7451194964646931,220.20003734044587,195.41295055396472
0.8250000000000006,125.52264404296875,125.66370614359174,0.756722940805739,241.8505343677877,217.2788235235456
0.8260000000000006,125.53221130371094,125.66370614359174,0.7615177751275796,211.98454432262722,191.13410164137653
0.8270000000000006,125.53699493408203,125.66370614359174,0.7498640969986027,198.9817450996403,179.13052263875684
0.8280000000000006,125.54395294189453,125.66370614359174,0.7389107735644106,207.6454501627641,184.61530131183952
0.8290000000000006,125.55963134765625,125.66370614359174,0.7464409686832256,237.46016043565933,206.53837342270776
0.8300000000000006,125.58890533447266,125.66370614359174,0.7850001493091708,268.30405206697765,240.73416684447687
0.8310000000000006,125.60952758789062,125.66370614359174,0.7897834342836868,245.49797297182803,219.04697388756975
0.8320000000000006,125.62749481201172,125.66370614359174,0.7900967636231546,241.04130394867272,212.4089724328759
0.8330000000000006,125.64909362792969,125.66370614359174,0.8007565508319088,248.56708908079588,221.5805800050718
0.8340000000000006,125.65542602539062,125.66370614359174,0.8037854576559736,204.98765568621354,183.2298129097745
0.8350000000000006,125.65248107910156,125.66370614359174,0.7853610434925898,178.56252013157564,159.9166310700153
0.8360000000000006,125.64787292480469,125.66370614359174,0.7609521498953381,175.10199535810008,155.741003668264
0.8370000000000006,125.64904022216797,125.66370614359174,0.7486307248590713,194.94331022537276,170.2351487623344
0.8380000000000006,125.66189575195312,125.66370614359174,0.7641742054124931,221.79561603423744,199.631433507472
0.8390000000000006,125.66505432128906,125.66370614359174,0.7592480369512196,194.9327736576237,175.27688341967436
0.8400000000000006,125.66544342041016,125.66370614359174,0.7463439988545613,188.7935561114083,168.32153417500984
0.8410000000000006,125.67031860351562,125.66370614359174,0.7424641556594975,205.17347886936665,179.6006658841175
0.8420000000000006,125.68558502197266,125.66370614359174,0.762823447339137,228.23744874285708,205.7270095531763
0.8430000000000006,125.68985748291016,125.66370614359174,0.7599526653791078,197.92126970300293,178.1286373441339
0.8440000000000006,125.69012451171875,125.66370614359174,0.7475774893266175,188.2411083417925,168.05293752495174
0.8450000000000006,125.69380187988281,125.66370614359174,0.7422532052169696,201.3596704280348,176.61506779385562
0.8460000000000006,125.70701599121094,125.66370614359174,0.7594540861894424,222.3785868138008,200.6369564089753
0.8470000000000006,125.70864868164062,125.66370614359174,0.7554546356306214,190.1995648914926,171.4948528489681
0.8480000000000006,125.7058334350586,125.66370614359174,0.7407374715533054,179.0581930876588,160.3417500190304
0.8490000000000006,125.70623779296875,125.66370614359174,0.7320600623872783,191.31702955922296,168.42239565730972
0.8500000000000006,125.71627044677734,125.66370614359174,0.7456569242898189,213.04259633366254,192.6366221063091
0.8510000000000006,125.71500396728516,125.66370614359174,0.7412345604148046,181.5239391561106,164.23791442618827
0.8520000000000006,125.70970916748047,125.66370614359174,0.7254823344141134,171.32322643564916,154.09522821144935
0.8530000000000006,125.7081527709961,125.66370614359174,0.7156799518904481,184.8889399653645,163.49705112644546
0.8540000000000006,125.71688079833984,125.66370614359174,0.7287943924410148,208.85352719044107,189.3595943578923
0.8550000000000006,125.71507263183594,125.66370614359174,0.7258559781118911,179.4219979856794,162.86711119537918
0.8560000000000006,125.70991516113281,125.66370614359174,0.7116238401881886,171.14940151713245,154.44661927934683
0.8570000000000007,125.7091293334961,125.66370614359174,0.7037696067362835,186.54264572302577,165.4327253783779
0.8580000000000007,125.7192153930664,125.66370614359174,0.7195114074274422,212.36230628918503,192.78145252813164
0.8590000000000007,125.7193374633789,125.66370614359174,0.7193340877506206,184.63642178575074,167.74207939580918
0.8600000000000007,125.71648406982422,125.66370614359174,0.7080830177491645,177.5208436560282,160.24076801351566
0.8610000000000007,125.71819305419922,125.66370614359174,0.7033979085090272,193.63474586546832,171.7245176153776
0.8620000000000007,125.73085021972656,125.66370614359174,0.7222275560040069,219.74029129678917,199.26374677464696
0.8630000000000007,125.73356628417969,125.66370614359174,0.724515856234344,192.18179975298435,174.29324956958345
0.8640000000000007,125.73310852050781,125.66370614359174,0.7155334685933332,184.59342710918912,166.28681290819728
0.8650000000000007,125.73685455322266,125.66370614359174,0.712571625075256,199.79136553474981,176.87722441762782
0.8660000000000007,125.75110626220703,125.66370614359174,0.732210786353284,224.78715036787239,203.3167108764484
0.8670000000000007,125.75499725341797,125.66370614359174,0.7355665749066398,196.0029992328028,177.2636225600372
0.8680000000000007,125.75513458251953,125.66370614359174,0.7268331315204841,186.75754743960854,167.83378944047894
0.8690000000000007,125.75886535644531,125.66370614359174,0.722985714640648,200.1185684803017,176.87683274768952
0.8700000000000007,125.77251434326172,125.66370614359174,0.7405468219548195,223.75013835616707,201.84496414509624
0.8710000000000007,125.77532196044922,125.66370614359174,0.7437067720702243,193.45646996071767,174.57560050172646
0.8720000000000007,125.77388000488281,125.66370614359174,0.7335851826021343,182.57913595921585,163.88332027046542
0.8730000000000007,125.77558898925781,125.66370614359174,0.7271087953842382,194.4314389442287,171.81074060418925
0.8740000000000007,125.78689575195312,125.66370614359174,0.7411394099341354,217.58962458055274,195.97680495746746
0.8750000000000007,125.7872085571289,125.66370614359174,0.743780207050172,186.64903243052387,168.32714964933845
0.8760000000000007,125.78315734863281,125.66370614359174,0.7319945797992881,175.17901520561202,157.34759519140553
0.8770000000000007,125.78224182128906,125.66370614359174,0.7229389504886161,186.68712067345297,165.22126391868827
0.8780000000000007,125.79104614257812,125.66370614359174,0.7340498395946935,210.62213172451254,189.6816045471594
0.8790000000000007,125.78913879394531,125.66370614359174,0.7367988102817419,180.28950407005453,162.74978844589577
0.8800000000000007,125.78315734863281,125.66370614359174,0.724347147505602,169.4225105772663,152.48939242451794
0.8810000000000007,125.7806396484375,125.66370614359174,0.7142123004837089,181.66935979648346,161.18410282502396
0.8820000000000007,125.78823852539062,125.66370614359174,0.7243756195988121,207.0867558167333,186.65077617083205
0.8830000000000007,125.78564453125,125.66370614359174,0.7282713649910666,178.10732051302625,161.0192299256598
0.8840000000000007,125.77941131591797,125.66370614359174,0.7166109372552509,168.36685317153757,151.83233930971303
0.8850000000000007,125.7770004272461,125.66370614359174,0.7071940238041279,181.6354990547688,161.47296673558475
0.8860000000000007,125.78507995605469,125.66370614359174,0.7182858262724852,208.3059298536805,187.85057625854643
0.8870000000000007,125.78339385986328,125.66370614359174,0.7240402601645919,180.49948861160416,163.28012606081396
0.8880000000000007,125.77830505371094,125.66370614359174,0.7140587136204585,171.49233859855988,154.7354137662277
0.8890000000000007,125.7771987915039,125.66370614359174,0.706199131884871,185.20030959394757,164.73106332389312
0.8900000000000007,125.78665161132812,125.66370614359174,0.7187098198017327,212.26114050412824,191.30688865896747
0.8910000000000007,125.78645324707031,125.66370614359174,0.7262412731726168,184.79557576593942,167.03435585827592
0.8920000000000007,125.78279113769531,125.66370614359174,0.7177033807095546,175.6235643453616,158.33235567653819
0.8930000000000007,125.7829360961914,125.66370614359174,0.7108186614929968,188.8504915900813,167.88668936537127
0.8940000000000007,125.79341125488281,125.66370614359174,0.723700766832966,223.1965129673298,193.90496156004758
0.8950000000000007,125.8188247680664,125.66370614359174,0.7685212924864225,257.7215266594069,231.53301760563627
0.8960000000000007,125.8358383178711,125.66370614359174,0.7774765254763629,236.02146887523529,210.41686075117113
0.8970000000000007,125.85063934326172,125.66370614359174,0.782597910543801,233.145079651808,204.8911847027361
0.8980000000000007,125.86951446533203,125.66370614359174,0.7983589361411159,241.64063782642197,215.17375660849737
0.8990000000000007,125.8724136352539,125.66370614359174,0.8041381337970446,196.6031413011402,174.9761790648126
0.9000000000000007,125.8657455444336,125.66370614359174,0.7889505936500244,169.7063782813921,150.8945614944678
0.9010000000000007,125.85739135742188,125.66370614359174,0.7678869724651706,166.29961871813157,146.6130152373912
0.9020000000000007,125.85481262207031,125.66370614359174,0.7584623328448367,186.20057993528164,161.15525399473245
0.9030000000000007,125.8637924194336,125.66370614359174,0.7758219917173643,212.3816849611861,190.27081961066727
0.9040000000000007,125.8620376586914,125.66370614359174,0.7714054984789158,182.77157976980428,163.24903305984117
0.9050000000000007,125.85689544677734,125.66370614359174,0.7584496589053495,174.83920932765196,154.69570640442032
0.9060000000000007,125.8558578491211,125.66370614359174,0.7535516142220865,189.97677361675488,165.0382093471258
0.9070000000000007,125.86489868164062,125.66370614359174,0.7717833026018824,212.08521105231048,190.43097558571833
0.9080000000000007,125.8619155883789,125.66370614359174,0.76756325877288,178.84475306670035,160.14773467758573
0.9090000000000007,125.8544692993164,125.66370614359174,0.7530112365183445,167.6803336703699,148.8946490013494
0.9100000000000007,125.85037994384766,125.66370614359174,0.7446657949508508,180.3337519908747,157.3458877337458
0.9110000000000007,125.85600280761719,125.66370614359174,0.7583423835740921,201.87588462732322,181.81484987353696
0.9120000000000007,125.84955596923828,125.66370614359174,0.7526990849368694,168.27251208247725,151.3987579074115
0.9130000000000007,125.83881378173828,125.66370614359174,0.7357590929774047,157.3338198516746,140.60090874973108
0.9140000000000007,125.83187866210938,125.66370614359174,0.7246303051214269,170.93289725485306,150.16268588690667
0.9150000000000007,125.83538055419922,125.66370614359174,0.736131650422162,194.93458448099483,176.4127245834414
0.9160000000000007,125.82769775390625,125.66370614359174,0.7310471702460569,163.7537882197029,148.2697152385625
0.9170000000000007,125.81664276123047,125.66370614359174,0.7147172044528662,155.33455176301018,139.7788963802992
0.9180000000000007,125.81033325195312,125.66370614359174,0.7049088586855785,171.5841940122749,151.69844643790577
0.9190000000000007,125.8154067993164,125.66370614359174,0.7190061203210443,198.5082249064994,180.35726955718314
0.9200000000000007,125.81027221679688,125.66370614359174,0.7168375391900204,170.1407529553927,154.64963058698953
0.9210000000000007,125.80250549316406,125.66370614359174,0.7040975784183489,164.00183000285787,148.02735671625393
0.9220000000000007,125.80003356933594,125.66370614359174,0.6987255883726672,182.0679806789423,161.33145169819798
0.9230000000000007,125.80933380126953,125.66370614359174,0.7178433840490538,210.1047753727924,190.97718029368409
0.9240000000000007,125.80872344970703,125.66370614359174,0.7191542307872928,182.7724768288235,166.02509709328078
0.9250000000000007,125.80545806884766,125.66370614359174,0.7102656054391269,176.82849304573375,159.35912860952402
0.9260000000000007,125.8072280883789,125.66370614359174,0.7086910052495472,194.43163978933228,172.01256791406905
0.9270000000000007,125.82034301757812,125.66370614359174,0.7308673272044975,221.26930059950953,200.59483384302422
0.9280000000000007,125.82305908203125,125.66370614359174,0.7341248068090862,192.68698998778748,174.43471584564236
0.9290000000000007,125.82241821289062,125.66370614359174,0.7266625515535358,184.81411107554126,165.97944800724272
0.9300000000000007,125.82596588134766,125.66370614359174,0.7254256091355112,200.09320948180752,176.5254320837295
0.9310000000000007,125.83999633789062,125.66370614359174,0.7464597484955118,224.6723733018228,202.93075255537215
0.9320000000000007,125.84283447265625,125.66370614359174,0.7496228944054895,193.75079067076567,174.76328224448028
0.9330000000000007,125.8414535522461,125.66370614359174,0.7408065356254747,183.29271018393598,164.15569145614478
0.9340000000000007,125.84345245361328,125.66370614359174,0.7366923877288512,196.04882793135673,172.65962942866054
0.9350000000000007,125.85525512695312,125.66370614359174,0.7535157636750647,219.1309056395362,197.35704931842056
0.9360000000000007,125.85537719726562,125.66370614359174,0.7555694075147913,186.56715183529806,167.94855745149667
0.9370000000000007,125.85086059570312,125.66370614359174,0.7441937651424944,174.5797549823164,156.27224831724513
0.9380000000000007,125.84944152832031,125.66370614359174,0.7362274094475548,186.1726420015441,164.06697277464988
0.9390000000000007,125.85774993896484,125.66370614359174,0.7485386430259021,209.55703572281348,188.5651456786651
0.9400000000000007,125.8545150756836,125.66370614359174,0.7498825503168619,177.10800604725577,159.51341995929172
0.9410000000000007,125.84686279296875,125.66370614359174,0.7366978118499821,165.39640769118574,148.36214515470132
0.9420000000000007,125.84262084960938,125.66370614359174,0.7262653240114756,177.5960702931565,156.965158245049
0.9430000000000007,125.84858703613281,125.66370614359174,0.7362074304327861,202.75534380326962,182.64187511105195
0.9440000000000007,125.84364318847656,125.66370614359174,0.7381741980046709,171.90694455835862,155.1857455816295
0.9450000000000007,125.8348617553711,125.66370614359174,0.7251202811769067,161.70651891945295,145.5210721697298
0.9460000000000007,125.83008575439453,125.66370614359174,0.7147880644256377,175.4470823258401,155.590551394316
0.9470000000000007,125.83611297607422,125.66370614359174,0.7253134843654243,202.59935984518353,182.7897141006527
0.9480000000000007,125.83191680908203,125.66370614359174,0.7292337188031137,173.62502404622379,157.04396188870163
0.9490000000000007,125.82438659667969,125.66370614359174,0.7180730298864487,164.8701616445946,148.65653381585662
0.9500000000000007,125.82125091552734,125.66370614359174,0.7097841521656173,179.75812741193303,159.68949373038637
0.9510000000000007,125.82921600341797,125.66370614359174,0.7225733062588041,207.92616645261566,187.65611744703057
0.9520000000000007,125.82727813720703,125.66370614359174,0.7288604718426526,179.9039637955168,162.72272405029176
0.9530000000000007,125.82209777832031,125.66370614359174,0.7199703770881636,171.4815744174587,154.5645678183893
0.9540000000000007,125.82123565673828,125.66370614359174,0.7137381693015055,186.2689106833346,165.42075601715555
0.9550000000000007,125.8313217163086,125.66370614359174,0.7281387487297558,214.12541934396694,192.9808078930502
0.9560000000000007,125.83136749267578,125.66370614359174,0.7360952049945997,185.75168619069004,167.71847794066449
0.9570000000000007,125.82784271240234,125.66370614359174,0.728380781060283,176.4149997029604,158.7402614914899
0.9580000000000007,125.82820129394531,125.66370614359174,0.7225651685312618,189.96851392617694,168.50461940978818
0.9590000000000007,125.83904266357422,125.66370614359174,0.7364343460273659,216.77501695426614,194.91190691580812
0.9600000000000007,125.83949279785156,125.66370614359174,0.7449378448553672,187.30344097364812,168.7418383867206
0.9610000000000007,125.83590698242188,125.66370614359174,0.7368736971130536,176.52902420162638,158.59406651286454
0.9620000000000007,125.8357162475586,125.66370614359174,0.729640288068596,188.56734671552584,167.14810013232108
0.9630000000000007,125.8456039428711,125.66370614359174,0.7411006879726275,222.05672406341202,192.50781312580742
0.9640000000000007,125.87023162841797,125.66370614359174,0.7835838532591818,256.0556593486241,229.66902363634296
0.9650000000000007,125.88569641113281,125.66370614359174,0.7918415442003862,232.1583703631538,206.61354336443878
0.9660000000000007,125.89845275878906,125.66370614359174,0.7953853223336785,227.77184546605594,199.84715057105728
0.9670000000000007,125.91504669189453,125.66370614359174,0.8088273182628606,235.91905092201898,209.5193845445535
0.9680000000000007,125.9149398803711,125.66370614359174,0.8144785081571331,188.80909629167226,167.49203332934158
0.9690000000000007,125.90492248535156,125.66370614359174,0.7982489072883517,160.7430071253648,142.49870147344689
0.9700000000000008,125.89319610595703,125.66370614359174,0.7753465679649366,157.07600453687144,138.18976819119735
0.9710000000000008,125.88753509521484,125.66370614359174,0.7635312745688192,177.50788529930307,153.4391480994941
0.9720000000000008,125.89391326904297,125.66370614359174,0.7784340910295844,205.27396866637466,183.7830681570302
0.9730000000000008,125.8895492553711,125.66370614359174,0.7739831850287407,175.52643245865804,156.71380839841925
0.9740000000000008,125.88206481933594,125.66370614359174,0.7604900329631271,168.232185543903,148.85029340545367
0.9750000000000008,125.87920379638672,125.66370614359174,0.7548883110457411,184.67784866015202,160.48779629780327
0.9760000000000008,125.88709259033203,125.66370614359174,0.7726458127052626,208.84067220416756,187.56186052024773
0.9770000000000008,125.8830795288086,125.66370614359174,0.7695191672686942,175.94039259254643,157.57501355290282
0.9780000000000008,125.87491607666016,125.66370614359174,0.7558204455780851,165.67936492414313,147.14416295585275
0.9790000000000008,125.87061309814453,125.66370614359174,0.7483292354867892,179.7024597189136,156.83266783894192
0.9800000000000008,125.87660217285156,125.66370614359174,0.76301813359316,202.95853146794028,182.76127292357032
0.9810000000000008,125.8705062866211,125.66370614359174,0.7590609274708645,169.40373578339506,152.32103225877214
0.9820000000000008,125.8602523803711,125.66370614359174,0.7436514450314874,158.89322250863924,141.86071545614445
0.9830000000000008,125.85406494140625,125.66370614359174,0.7339420494166257,173.24536207706507,152.05799140248004
0.9840000000000008,125.85860443115234,125.66370614359174,0.7466733983501662,198.15714687476168,179.09651543468087
0.9850000000000008,125.85169982910156,125.66370614359174,0.743167673939809,166.26701150724298,150.2500199951936
0.9860000000000008,125.84127044677734,125.66370614359174,0.7280682871178757,157.46700677137414,141.3907983546547
0.9870000000000008,125.8355712890625,125.66370614359174,0.71901764706559,173.6651354688839,153.26235451663288
0.9880000000000008,125.84131622314453,125.66370614359174,0.7332453011141368,200.83769650020062,182.09232160144322
0.9890000000000008,125.83636474609375,125.66370614359174,0.7320125126733149,171.11361678884234,155.15413868317717
0.9900000000000008,125.8284683227539,125.66370614359174,0.7195111840643452,164.026757477284,147.72896925889586
0.9910000000000008,125.82571411132812,125.66370614359174,0.7135522908603477,181.5959579395803,160.67187389982593
0.9920000000000008,125.83473205566406,125.66370614359174,0.7312710568122235,209.78049721770748,190.31760984528324
0.9930000000000008,125.83333587646484,125.66370614359174,0.7328965677481992,180.97341059170262,164.09260714662835
0.9940000000000008,125.8290023803711,125.66370614359174,0.7233922742324914,174.0830285797462,156.69532330127774
0.9950000000000008,125.82962799072266,125.66370614359174,0.7203030904781228,191.32456310059655,169.17688795664955
0.9960000000000008,125.84172058105469,125.66370614359174,0.7403266795340381,218.74507241774282,198.06396200265107
0.9970000000000008,125.84307098388672,125.66370614359174,0.7438097313630324,189.09526395556782,171.02749220175832
0.9980000000000008,125.84095001220703,125.66370614359174,0.7356514300287756,180.73700898735888,162.27597349514878
0.9990000000000008,125.84312438964844,125.66370614359174,0.7329863602122869,196.16310716608288,173.1152465506311
1.0000000000000007,125.8561019897461,125.66370614359174,0.7522360642596004,221.91323908250857,200.31082219895953
1.0010000000000006,125.83197784423828,125.66370614359174,0.7560423138437699,190.49769841867555,171.73442668269777
1.0020000000000004,125.80369567871094,125.66370614359174,0.7471055947639805,180.07642774204695,161.2346523874873
1.0030000000000003,125.7791748046875,125.66370614359174,0.7425288666986206,193.74214159598267,170.65928167615996
1.0040000000000002,125.7651138305664,125.66370614359174,0.7588370948900104,218.8304454060215,196.92938026933393
1.0050000000000001,125.7396240234375,125.66370614359174,0.7622186435762173,186.82749267499372,168.14752862805196
1.006,125.70997619628906,125.66370614359174,0.7514815924398499,176.00090943291,157.65116093931593
1.007,125.68413543701172,125.66370614359174,0.7438163701409648,189.42659726451694,167.18707106256767
1.0079999999999998,125.6689453125,125.66370614359174,0.7564783379659463,215.28938498120436,193.92071372692638
1.0089999999999997,125.64273834228516,125.66370614359174,0.7585738484597437,184.09325474462122,166.17852559381325
1.0099999999999996,125.61280059814453,125.66370614359174,0.7458304877613041,174.20748213212883,156.77234025099582
1.0109999999999995,125.58718872070312,125.66370614359174,0.7360707693907699,188.90896834558058,167.60962761531718
1.0119999999999993,125.57289123535156,125.66370614359174,0.7472970322726578,216.75816203126072,195.97949805264886
1.0129999999999992,125.54841613769531,125.66370614359174,0.7492109664579963,187.803707146325,170.38782693834986
1.0139999999999991,125.52099609375,125.66370614359174,0.7366201402066096,180.09513597536028,162.93919576224027
1.014999999999999,125.49864196777344,125.66370614359174,0.7279114700129126,197.0039310997669,175.63656418356103
1.015999999999999,125.48834228515625,125.66370614359174,0.7414213114276428,226.89179437986888,205.85013975513363
1.0169999999999988,125.46868133544922,125.66370614359174,0.7448409589784027,200.31829670519363,182.33398490008236
1.0179999999999987,125.44666290283203,125.66370614359174,0.7346870961772219,194.5255449291968,176.39621630090264
1.0189999999999986,125.4301528930664,125.66370614359174,0.7294921337403952,212.9729426007936,190.1563558464184
1.0199999999999985,125.42597961425781,125.66370614359174,0.7472662459427925,243.51055601776304,221.1031354968858
1.0209999999999984,125.41273498535156,125.66370614359174,0.7527192688205135,217.94107932283612,198.34184729675212
1.0219999999999982,125.39715576171875,125.66370614359174,0.7453388467435571,212.45188997183942,192.4296548302669
1.0229999999999981,125.38685607910156,125.66370614359174,0.7433205365637794,230.65662411889943,205.66727138507102
1.023999999999998,125.38854217529297,125.66370614359174,0.7639867883081054,260.0232048921647,235.72847906119742
1.024999999999998,125.38082122802734,125.66370614359174,0.7703958976045296,233.59101532843457,212.11776236518656
1.0259999999999978,125.37018585205078,125.66370614359174,0.7640150139234156,226.63653188990466,204.78165505097468
1.0269999999999977,125.36412811279297,125.66370614359174,0.762552371254482,243.00098549685376,216.25035545979415
1.0279999999999976,125.36930084228516,125.66370614359174,0.7828308473105067,270.21246423967443,244.4203768470307
1.0289999999999975,125.3644027709961,125.66370614359174,0.7885951524945565,241.85309119347622,219.15286916766294
1.0299999999999974,125.35582733154297,125.66370614359174,0.7809957133872599,232.69956777791464,209.9268257900336
1.0309999999999973,125.35107421875,125.66370614359174,0.7774612184760552,246.84404318947233,219.49690531143568
1.0319999999999971,125.35687255859375,125.66370614359174,0.7947706513958647,272.31083702910263,245.96427596745278
1.032999999999997,125.35209655761719,125.66370614359174,0.7990295973321214,242.3548753460559,219.4468140973906
1.033999999999997,125.34317016601562,125.66370614359174,0.7891516746685937,231.64530398753283,209.02121193399017
1.0349999999999968,125.33767700195312,125.66370614359174,0.7826124369180278,244.48630934254484,217.61395310228718
1.0359999999999967,125.34249877929688,125.66370614359174,0.7965237932161191,269.56160425926083,243.472367700564
1.0369999999999966,125.33671569824219,125.66370614359174,0.7995981299209404,239.31149462815424,216.88144095649506
1.0379999999999965,125.32678985595703,125.66370614359174,0.7879780759910614,228.4383286520788,206.4852384086293
1.0389999999999964,125.32038879394531,125.66370614359174,0.7794182352177559,241.3901722082594,215.3196055243273
1.0399999999999963,125.32453155517578,125.66370614359174,0.7914865740130965,267.3582247018791,241.72040884331997
1.0409999999999962,125.31845092773438,125.66370614359174,0.7945177113671423,238.08112323354413,216.11213028211492
1.041999999999996,125.30859375,125.66370614359174,0.7826976702432427,228.15426919926242,206.62865391454696
1.042999999999996,125.30264282226562,125.66370614359174,0.7740863636921894,242.00495971084385,216.3827454884166
1.0439999999999958,125.30736541748047,125.66370614359174,0.7859859104916256,268.6823252404693,243.14956790574098
1.0449999999999957,125.30242156982422,125.66370614359174,0.7900589702125778,240.9311593121049,218.92968880323508
1.0459999999999956,125.29414367675781,125.66370614359174,0.7794223452144763,232.26800668773458,210.5393438751033
1.0469999999999955,125.29010009765625,125.66370614359174,0.7723002014900014,246.9836197451441,221.16124454410576
1.0479999999999954,125.29658508300781,125.66370614359174,0.7849862853690531,273.5276962634717,247.5464894675644
1.0489999999999953,125.29383850097656,125.66370614359174,0.7905898089646757,246.99336357736382,224.3936753470632
1.0499999999999952,125.28799438476562,125.66370614359174,0.781626683028779,239.11130373702125,216.630703665879
1.050999999999995,125.2864990234375,125.66370614359174,0.776286616595769,254.03645169278695,227.53094102773397
1.051999999999995,125.29511260986328,125.66370614359174,0.7896018135647331,279.50408354186834,252.87882792276733
1.0529999999999948,125.29429626464844,125.66370614359174,0.7957504170582052,252.40084905253892,229.24299352220135
1.0539999999999947,125.29002380371094,125.66370614359174,0.7869350683417734,243.36219480255306,220.5789721761293
1.0549999999999946,125.28943634033203,125.66370614359174,0.7806315266668311,256.4741680396339,229.80817668543577
1.0559999999999945,125.29863739013672,125.66370614359174,0.7928179809389916,281.0528731065838,254.34752588829497
1.0569999999999944,125.29796600341797,125.66370614359174,0.7981624473522655,252.64841172675594,229.61375846046738
1.0579999999999943,125.29341888427734,125.66370614359174,0.7880499089705838,242.33710979867257,219.91013240933725
1.0589999999999942,125.29222869873047,125.66370614359174,0.7799333253303049,254.50497708427463,228.29170787746494
1.059999999999994,125.30087280273438,125.66370614359174,0.7906618773304436,279.35590146187,252.96721966106475
1.060999999999994,125.29959106445312,125.66370614359174,0.7955571752163977,250.70539056825555,228.09620622676115
1.0619999999999938,125.29440307617188,125.66370614359174,0.7846342060156228,240.16494487151877,218.27552283507396
1.0629999999999937,125.29254913330078,125.66370614359174,0.7754747911831822,252.37253968608707,226.65611988522107
1.0639999999999936,125.30089569091797,125.66370614359174,0.7858366512693941,278.31412226839984,252.2032646131615
1.0649999999999935,125.29950714111328,125.66370614359174,0.7911198114075423,250.1792659222578,227.8354069075025
1.0659999999999934,125.29435729980469,125.66370614359174,0.7804071767168517,240.02252674739438,218.38758712510702
1.0669999999999933,125.29268646240234,125.66370614359174,0.7713988870883525,252.6403108458334,227.0958277361487
1.0679999999999932,125.30146789550781,125.66370614359174,0.7822912675717437,279.4426821822589,253.29975518486563
1.068999999999993,125.30076599121094,125.66370614359174,0.7885554787753761,251.99854671363647,229.5561650129341
1.069999999999993,125.29644012451172,125.66370614359174,0.7787220760524607,242.24373208436418,220.4591636092677
1.0709999999999928,125.29566192626953,125.66370614359174,0.7705123294841272,255.08168931779232,229.33938142980577
1.0719999999999927,125.30536651611328,125.66370614359174,0.7821338615853106,287.009063136095,255.63120791737478
1.0729999999999926,125.32460021972656,125.66370614359174,0.8096220117270948,309.20769685787604,279.56257781749184
1.0739999999999925,125.33757781982422,125.66370614359174,0.8166823413462192,293.1385884180351,263.8979638662487
1.0749999999999924,125.35054016113281,125.66370614359174,0.8214611646091952,296.5179803880686,263.8994792912351
1.0759999999999923,125.36983489990234,125.66370614359174,0.8390066232427186,311.1570994696046,279.8383484009721
1.0769999999999922,125.37541198730469,125.66370614359174,0.8460392150899223,271.87780203090335,245.44722867528887
1.077999999999992,125.37289428710938,125.66370614359174,0.8333902505003766,249.1570639561332,225.14983594754426
1.078999999999992,125.36956787109375,125.66370614359174,0.8168664905061358,248.90566656140587,223.1003660435587
1.0799999999999919,125.37275695800781,125.66370614359174,0.8140514545835422,269.02612548827415,239.45988886859195
1.0809999999999917,125.38264465332031,125.66370614359174,0.8255783139020407,283.4413758971399,256.2621062524148
1.0819999999999916,125.3835678100586,125.66370614359174,0.8218246478234369,258.7531079562812,233.80075690411067
1.0829999999999915,125.38250732421875,125.66370614359174,0.8120738802266912,255.29010564556614,228.8286085062762
1.0839999999999914,125.38668060302734,125.66370614359174,0.8128347859190883,271.7234978598539,241.9537075204718
1.0849999999999913,125.39653778076172,125.66370614359174,0.8253938342758397,283.221671565454,256.22055900164423
1.0859999999999912,125.3962173461914,125.66370614359174,0.8215895168308807,255.0194672185412,230.69770745764407
1.086999999999991,125.39280700683594,125.66370614359174,0.8100133179108426,248.18279556700898,222.95741997426168
1.087999999999991,125.39375305175781,125.66370614359174,0.8071918221408018,261.9706594863582,233.86676999591873
1.0889999999999909,125.40003967285156,125.66370614359174,0.8160323910482687,272.7115605699646,247.2860546081985
1.0899999999999908,125.39581298828125,125.66370614359174,0.8102178828051033,243.324547885609,220.91142366600465
1.0909999999999906,125.38839721679688,125.66370614359174,0.7956794228810391,235.88275542587863,212.89724420208765
1.0919999999999905,125.38549041748047,125.66370614359174,0.7894779499030518,250.0365615965389,224.1978627918857
1.0929999999999904,125.38862609863281,125.66370614359174,0.7961540906984409,262.9797276661829,239.34809035223805
1.0939999999999903,125.38188171386719,125.66370614359174,0.7900662073994776,235.28616136541785,214.5846689668302
1.0949999999999902,125.37269592285156,125.66370614359174,0.7752805387871096,229.8428111467165,208.42059217349714
1.09599999999999,125.36885070800781,125.66370614359174,0.7694744514040536,246.47255446609694,221.80858764266188
1.09699999999999,125.37222290039062,125.66370614359174,0.7780915122199588,262.8683855739354,239.92016677538737
1.0979999999999899,125.36669158935547,125.66370614359174,0.7743244483015495,237.97541890647588,217.56566180051445
1.0989999999999898,125.35952758789062,125.66370614359174,0.7625432173405846,235.04308579493153,213.47990453623575
1.0999999999999897,125.35841369628906,125.66370614359174,0.7606191469285519,253.95823967289758,228.63449778196878
1.1009999999999895,125.3653793334961,125.66370614359174,0.7739847020255448,272.71545013324584,248.89621837812712
1.1019999999999894,125.3639144897461,125.66370614359174,0.7736780147367033,249.43254965820043,227.77317636667524
1.1029999999999893,125.36103820800781,125.66370614359174,0.7659315013546614,247.38769495813497,224.22155263049402
1.1039999999999892,125.36418151855469,125.66370614359174,0.7682503344534681,266.5534015805918,239.31067416157694
1.104999999999989,125.37543487548828,125.66370614359174,0.7856600592475227,285.2956946768154,259.6909400306575
1.105999999999989,125.3779067993164,125.66370614359174,0.7877007728860004,261.10596208633876,237.65886108153904
1.1069999999999889,125.37833404541016,125.66370614359174,0.781800242315321,257.4009328823507,232.5431803170406
1.1079999999999888,125.38397979736328,125.66370614359174,0.78494637676615,274.44676211451053,245.6366069974217
1.1089999999999887,125.3971176147461,125.66370614359174,0.8023616856719608,291.3725252938199,264.4603553053255
1.1099999999999886,125.40056610107422,125.66370614359174,0.8041082195413504,264.5535575849892,240.16125642179315
1.1109999999999884,125.40098571777344,125.66370614359174,0.7967513092963701,257.9064743598053,232.57455534836959
1.1119999999999883,125.40564727783203,125.66370614359174,0.7969926359468579,272.12827906893324,243.22500862447635
1.1129999999999882,125.41718292236328,125.66370614359174,0.8110731788303425,287.42252949389376,260.48561281002355
1.113999999999988,125.41827392578125,125.66370614359174,0.8109759499790028,258.2306464292107,234.29315308664482
1.114999999999988,125.4156723022461,125.66370614359174,0.8004624019717006,249.3690537988695,225.02646790955222
1.115999999999988,125.41680145263672,125.66370614359174,0.7963902507603133,261.96669943327464,234.3826481955621
1.1169999999999878,125.42475128173828,125.66370614359174,0.8064768670387938,277.37559654626267,251.50960945829823
1.1179999999999877,125.42214965820312,125.66370614359174,0.804764173340615,247.60505089037505,225.03913187057296
1.1189999999999876,125.41587829589844,125.66370614359174,0.7917174810322146,238.4951907795108,215.81614671113874
1.1199999999999875,125.41352081298828,125.66370614359174,0.7846587538629208,251.50206993263683,225.62489025483836
1.1209999999999873,125.4186019897461,125.66370614359174,0.7927543732526029,268.9200703307769,244.31395938795401
1.1219999999999872,125.41366577148438,125.66370614359174,0.7909858137751125,240.48241746527697,219.16078609221788
1.1229999999999871,125.4056167602539,125.66370614359174,0.7776370116600693,232.83143170627875,211.3406484928188
1.123999999999987,125.40208435058594,125.66370614359174,0.7705172025735284,247.6274806225001,222.6744677183901
1.124999999999987,125.40693664550781,125.66370614359174,0.7797983094249561,267.77369104857513,243.68674612888475
1.1259999999999868,125.40247344970703,125.66370614359174,0.7797477412200683,241.37967572500713,220.33639447182304
1.1269999999999867,125.39550018310547,125.66370614359174,0.7683642067251882,235.50222326366526,214.02730121118455
1.1279999999999866,125.39356231689453,125.66370614359174,0.7636557289598619,251.95310861057277,226.63097692116486
1.1289999999999865,125.40068054199219,125.66370614359174,0.7762193529864478,274.01587593481366,249.38015943679977
1.1299999999999863,125.39888763427734,125.66370614359174,0.7786189753365387,248.83345110453374,227.0106228177238
1.1309999999999862,125.3947525024414,125.66370614359174,0.7698887307979413,243.60127561519207,221.1465225304649
1.1319999999999861,125.39566040039062,125.66370614359174,0.7678427752799808,260.3248754586027,233.76992918402476
1.132999999999986,125.40576934814453,125.66370614359174,0.7832081394784429,282.69451999330647,256.88000618575364
1.133999999999986,125.40678405761719,125.66370614359174,0.7872735100930247,257.0973218774733,234.07834254168813
1.1349999999999858,125.40509033203125,125.66370614359174,0.7799227997327028,250.87723169594608,227.28476898471447
1.1359999999999857,125.40792846679688,125.66370614359174,0.7785999090776567,266.32494896661564,238.65093944590618
1.1369999999999856,125.41966247558594,125.66370614359174,0.7943343159838144,287.78456106189464,260.9821480736946
1.1379999999999855,125.42173767089844,125.66370614359174,0.7985312592337881,260.55473960862923,236.77534774564234
1.1389999999999854,125.42045593261719,125.66370614359174,0.7905213887688799,252.3817926010108,228.3397394580019
1.1399999999999852,125.42302703857422,125.66370614359174,0.7875083814682826,265.9077328769128,238.01446603619866
1.1409999999999851,125.43411254882812,125.66370614359174,0.8012333804008857,286.413771186152,259.40596697526144
1.141999999999985,125.43502044677734,125.66370614359174,0.804472075093077,257.5258215380952,233.87153078137524
1.142999999999985,125.43206024169922,125.66370614359174,0.7945272371538585,247.68357899671582,224.1504206954826
1.1439999999999848,125.4325180053711,125.66370614359174,0.7886377171465273,259.8761637991005,232.73812262036566
1.1449999999999847,125.44144439697266,125.66370614359174,0.7995861010077497,280.44305185400145,253.9988046163912
1.1459999999999846,125.4400405883789,125.66370614359174,0.801849970374513,250.94232253236783,228.09106456810488
1.1469999999999845,125.43468475341797,125.66370614359174,0.7901486278107231,240.62362269797674,218.14376249100448
1.1479999999999844,125.43275451660156,125.66370614359174,0.7819834774945071,252.7608276458962,226.7546330598142
1.1489999999999843,125.43968963623047,125.66370614359174,0.7912662713437915,274.6367456858741,248.99453468227878
1.1499999999999841,125.43657684326172,125.66370614359174,0.7934619625258791,245.80315834693488,223.79376563590588
1.150999999999984,125.42980194091797,125.66370614359174,0.7813265816650193,236.19229649465643,214.5795727027882
1.151999999999984,125.42678833007812,125.66370614359174,0.7726786597702874,249.29444151653996,224.013971874575
1.1529999999999838,125.43327331542969,125.66370614359174,0.7823896031854091,273.0778411405949,247.84837955145835
1.1539999999999837,125.43017578125,125.66370614359174,0.7856646728679442,245.52949267756603,223.81144694862914
1.1549999999999836,125.42378234863281,125.66370614359174,0.7745898471936753,236.99922900733839,215.54932726940567
1.1559999999999835,125.4214859008789,125.66370614359174,0.7671536175881895,251.1682454894816,225.789941665524
1.1569999999999834,125.42921447753906,125.66370614359174,0.7788748629064586,276.474405460244,250.97594771742376
1.1579999999999833,125.42767333984375,125.66370614359174,0.7838116499795333,249.82713893345988,227.7011367617797
1.1589999999999832,125.42298126220703,125.66370614359174,0.7744165020063697,241.78225671526997,219.81056845956869
1.159999999999983,125.42241668701172,125.66370614359174,0.7686072153223159,256.24016630727266,230.1326764779288
1.160999999999983,125.43208312988281,125.66370614359174,0.7823130564998175,282.07833306698427,255.83462255509897
1.1619999999999828,125.43241882324219,125.66370614359174,0.7885572262388021,255.32718466414252,232.43905920286176
1.1629999999999827,125.42941284179688,125.66370614359174,0.7802215978181362,246.7251544948761,224.0316488737769
1.1639999999999826,125.43020629882812,125.66370614359174,0.7750063294336385,260.4443299875844,233.58079670487103
1.1649999999999825,125.44113159179688,125.66370614359174,0.7892447756831054,285.963476510536,259.00656757246367
1.1659999999999824,125.44239807128906,125.66370614359174,0.7958699369099932,258.24241607358783,234.78516777343003
1.1669999999999823,125.43988800048828,125.66370614359174,0.7873345037654051,248.3579951242371,225.30614342900054
1.1679999999999822,125.44071960449219,125.66370614359174,0.7811592371148101,260.787479822143,233.69445731073776
1.168999999999982,125.45148468017578,125.66370614359174,0.7942601087814573,285.8374806787841,258.62585725826256
1.169999999999982,125.45223236083984,125.66370614359174,0.8004968399402476,256.9953761046191,233.51118536380523
1.1709999999999818,125.4488296508789,125.66370614359174,0.7908281499548201,245.87916261553974,223.07838502736794
1.1719999999999817,125.44841766357422,125.66370614359174,0.7827550811773711,257.2492968003953,230.59336212816925
1.1729999999999816,125.4578857421875,125.66370614359174,0.7939203799402317,282.33321107294046,255.3963045637157
1.1739999999999815,125.45721435546875,125.66370614359174,0.7996343327134234,252.97026363870813,229.9464678367016
1.1749999999999814,125.45226287841797,125.66370614359174,0.7887865302238087,241.3420227275797,219.2086524696032
1.1759999999999813,125.45024108886719,125.66370614359174,0.7790197996176926,252.34784061858858,226.55472986282663
1.1769999999999812,125.45812225341797,125.66370614359174,0.7883202927230482,282.47028975859615,251.41636983992854
1.177999999999981,125.47484588623047,125.66370614359174,0.8128959321217794,302.7492960157293,273.6398481100842
1.178999999999981,125.4848403930664,125.66370614359174,0.8177474037843729,285.16975396143096,256.7684362683121
1.1799999999999808,125.49449920654297,125.66370614359174,0.8198440722012995,287.47789596521307,255.97170892170232
1.1809999999999807,125.51033020019531,125.66370614359174,0.8346283745320756,301.77030954915733,271.48695722426464
1.1819999999999806,125.51231384277344,125.66370614359174,0.840206883217774,261.981760161336,236.7305488470729
1.1829999999999805,125.50627136230469,125.66370614359174,0.8257892778853475,239.34871167664258,216.5856691258066
1.1839999999999804,125.4996566772461,125.66370614359174,0.8076264035146266,239.64140902454673,215.12073396077568
1.1849999999999803,125.49990844726562,125.66370614359174,0.8035552688572821,260.62629856651864,232.36200661443004
1.1859999999999802,125.50707244873047,125.66370614359174,0.8142250232842946,275.75230890323616,249.72604682118015
1.18699999999998,125.50572967529297,125.66370614359174,0.8101625188272916,252.30094619894595,228.37939054100195
1.18799999999998,125.5029525756836,125.66370614359174,0.800499220632574,250.41022751203772,224.77244532983804
1.1889999999999799,125.50598907470703,125.66370614359174,0.802170526876213,268.47527827670274,239.37139423782216
1.1899999999999797,125.51506042480469,125.66370614359174,0.8159066660217584,280.98230441536487,254.53112143930045
1.1909999999999796,125.51448059082031,125.66370614359174,0.8129267086239128,254.34074881312796,230.30396900570892
1.1919999999999795,125.51133728027344,125.66370614359174,0.8028491339032151,249.14877839213105,223.87235210948327
1.1929999999999794,125.51301574707031,125.66370614359174,0.8023973510966478,264.3096992005172,235.96448239443
1.1939999999999793,125.5201644897461,125.66370614359174,0.8134690612752145,275.3375712753705,249.72122691778324
1.1949999999999792,125.51705932617188,125.66370614359174,0.8087776427535891,246.81518054957797,223.9719193859503
1.195999999999979,125.5109634399414,125.66370614359174,0.7959916789451711,240.15532993782074,216.46174832757188
1.196999999999979,125.50949096679688,125.66370614359174,0.7921409435424807,254.65890638998718,228.04122280513576
1.1979999999999789,125.5137710571289,125.66370614359174,0.8005846949730445,266.7000678883521,242.51176881449325
1.1989999999999787,125.50804901123047,125.66370614359174,0.7949867012672838,238.73144183160107,217.3890113646921
1.1999999999999786,125.49971008300781,125.66370614359174,0.7810050128815902,232.970855605104,210.81046615758828
1.2009999999999785,125.49649810791016,125.66370614359174,0.7761818700406167,248.94835448655803,223.65662851687063
1.2019999999999784,125.49992370605469,125.66370614359174,0.7849241855084432,263.6237204522416,240.3338668755156
1.2029999999999783,125.49407958984375,125.66370614359174,0.7805026051566435,237.7084811301268,217.035430065453
1.2039999999999782,125.48628997802734,125.66370614359174,0.7680433755198334,233.921776842332,212.1594921684899
1.204999999999978,125.48426055908203,125.66370614359174,0.765393343418989,251.89942514072308,226.60518953359392
1.205999999999978,125.48971557617188,125.66370614359174,0.7772718363505509,268.9764403367877,245.40856446859723
1.2069999999999779,125.48645782470703,125.66370614359174,0.7754583054735666,244.77696546866952,223.51809076928976
1.2079999999999778,125.48162078857422,125.66370614359174,0.766053086539558,242.20559127765662,219.55774304600533
1.2089999999999776,125.48274230957031,125.66370614359174,0.7667571075925644,261.00113786849494,234.50314782274026
1.2099999999999775,125.49165344238281,125.66370614359174,0.7821470782135445,278.8667881388003,254.09033908179282
1.2109999999999774,125.4918212890625,125.66370614359174,0.7826037432981104,254.71810194774133,232.1290137330892
1.2119999999999773,125.49015808105469,125.66370614359174,0.775413114910765,251.568182213266,227.53457543952288
1.2129999999999772,125.49402618408203,125.66370614359174,0.7778423102150376,269.3615917458445,241.43491803871686
1.213999999999977,125.50541687011719,125.66370614359174,0.7945144018561222,286.3661821766235,260.3263450358278
1.214999999999977,125.50749206542969,125.66370614359174,0.7955848567077134,260.62245400754733,236.94243952973684
1.2159999999999769,125.50702667236328,125.66370614359174,0.7882997356263995,255.4601426623228,230.5972840272437
1.2169999999999768,125.5113525390625,125.66370614359174,0.7895806302880005,271.15115739712996,242.61060142657308
1.2179999999999767,125.52269744873047,125.66370614359174,0.8046797010717863,286.78834544894494,260.2495583492257
1.2189999999999765,125.52404022216797,125.66370614359174,0.8048119305289391,258.97993192296707,235.15811035252625
1.2199999999999764,125.52218627929688,125.66370614359174,0.7955346314451718,251.69853611928707,227.1176547784167
1.2209999999999763,125.52450561523438,125.66370614359174,0.7937394692780197,265.59630435058597,237.62026241243993
1.2219999999999762,125.53361511230469,125.66370614359174,0.8058090200730131,280.7366035501292,254.66373043413057
1.222999999999976,125.53239440917969,125.66370614359174,0.8045772416720267,251.7725750789302,228.7365478249823
1.223999999999976,125.52772521972656,125.66370614359174,0.7929905387853906,243.52574166020122,220.07044991222844
1.2249999999999759,125.5271224975586,125.66370614359174,0.7882125025269988,256.98603420549745,230.27145868115363
1.2259999999999758,125.53357696533203,125.66370614359174,0.7979101710632961,273.1260504266253,248.0090692091893
1.2269999999999757,125.52989196777344,125.66370614359174,0.7961035046851037,244.52282463503755,222.5562654374887
1.2279999999999756,125.52301788330078,125.66370614359174,0.7834364426564686,236.79817475432907,214.5088153692732
1.2289999999999754,125.5205307006836,125.66370614359174,0.7774686041568233,251.18595423164874,225.53337515470017
1.2299999999999753,125.52576446533203,125.66370614359174,0.7869319876930425,269.3533524555751,244.9349635807498
1.2309999999999752,125.52137756347656,125.66370614359174,0.7859197327348112,242.13621732543405,220.76477327598073
1.2319999999999751,125.5142593383789,125.66370614359174,0.77400927647682,235.7072712489834,213.88888540722272
1.232999999999975,125.51197052001953,125.66370614359174,0.7690358242027983,251.4721636019803,226.0224320681582
1.233999999999975,125.51808166503906,125.66370614359174,0.7803615701529105,271.5794805051745,247.11329020260297
1.2349999999999748,125.51500701904297,125.66370614359174,0.78113268807248,245.64551084740808,224.0428859205317
1.2359999999999747,125.50949096679688,125.66370614359174,0.7711323520853512,240.130894252079,217.90700744605783
1.2369999999999746,125.50899505615234,125.66370614359174,0.7681883010338915,256.60944432868973,230.50124722642357
1.2379999999999745,125.5172348022461,125.66370614359174,0.7819438958900966,277.64468693194857,252.45595286340279
1.2389999999999743,125.516357421875,125.66370614359174,0.7844261522117175,251.96694893519128,229.55559579671367
1.2399999999999742,125.51293182373047,125.66370614359174,0.776030150088933,246.22635449136843,223.15566559439353
1.2409999999999741,125.51428985595703,125.66370614359174,0.7743518984815829,262.22106078661005,235.18085704530696
1.241999999999974,125.52433013916016,125.66370614359174,0.7892945909242886,283.0463194885263,256.9845105766705
1.242999999999974,125.52493286132812,125.66370614359174,0.7925154030801416,256.48343900002345,233.29978348236196
1.2439999999999738,125.52255249023438,125.66370614359174,0.7843464972149035,249.48446668257375,225.8103024990181
1.2449999999999737,125.52447509765625,125.66370614359174,0.7821464273237857,264.13798883059366,236.5999928547192
1.2459999999999736,125.5348129272461,125.66370614359174,0.7963395489731149,284.27908277453906,257.7584431641575
1.2469999999999735,125.53527069091797,125.66370614359174,0.7992434407765443,256.3684288690498,232.9632180246933
1.2479999999999734,125.53227233886719,125.66370614359174,0.7899779893885177,247.87866113825802,224.2778337241834
1.2489999999999732,125.53312683105469,125.66370614359174,0.7858360875285123,261.21522331651704,233.93844632093484
1.2499999999999731,125.5422592163086,125.66370614359174,0.7980695343629248,281.10304572702427,254.7504303128791
1.250999999999973,125.54125213623047,125.66370614359174,0.8002409250096976,252.2977446857798,229.29636608400014
1.251999999999973,125.53655242919922,125.66370614359174,0.7894819923301112,242.94974247308966,220.01640045062572
1.2529999999999728,125.5355453491211,125.66370614359174,0.783223107332073,255.7542018880357,229.26354869273692
1.2539999999999727,125.5429916381836,125.66370614359174,0.7937011125189426,276.31802693696324,250.5209970344978
1.2549999999999726,125.54036712646484,125.66370614359174,0.7955330636258198,247.5714393922434,225.23996709870244
1.2559999999999725,125.53414916992188,125.66370614359174,0.7839316150997313,238.33032485942257,216.18222808327536
1.2569999999999724,125.53174591064453,125.66370614359174,0.7765721304910235,251.52523636137704,225.7808329543066
1.2579999999999723,125.53826141357422,125.66370614359174,0.7866205997756761,273.4945432533423,248.16752429257193
1.2589999999999721,125.53501892089844,125.66370614359174,0.7889589827517279,245.55307604687803,223.66077154777395
1.259999999999972,125.52843475341797,125.66370614359174,0.7776701355266007,237.02059938735863,215.2756840930425
1.260999999999972,125.52593994140625,125.66370614359174,0.7706272403389217,251.02346530542263,225.51226892512358
1.2619999999999718,125.53284454345703,125.66370614359174,0.7817102135703023,274.4504850615472,249.14720359206297
1.2629999999999717,125.53030395507812,125.66370614359174,0.7852420894048586,247.37084859108435,225.40367236841556
1.2639999999999716,125.52461242675781,125.66370614359174,0.7750978390523495,239.41897641672168,217.51236020766922
1.2649999999999715,125.52313232421875,125.66370614359174,0.7691847049538084,253.91747909221016,228.05634255059928
1.2659999999999714,125.5313720703125,125.66370614359174,0.7818714875188094,278.21954180884364,252.47730180200088
1.2669999999999713,125.53023529052734,125.66370614359174,0.7866567488303973,251.41248987526882,228.95498570581256
1.2679999999999712,125.52591705322266,125.66370614359174,0.7776109098463118,243.35713472738075,220.9466163669028
1.268999999999971,125.52566528320312,125.66370614359174,0.7725201586889551,257.60577801453496,231.14883088113874
1.269999999999971,125.5351791381836,125.66370614359174,0.7861609610745064,282.03641157661053,255.69400419238744
1.2709999999999708,125.53515625,125.66370614359174,0.7916546306760073,254.7457559279683,231.75317398084098
1.2719999999999707,125.53167724609375,125.66370614359174,0.782914339795349,245.8794146512531,223.05269036656674
1.2729999999999706,125.53192138671875,125.66370614359174,0.777569552283204,259.25591004479514,232.424827678731
1.2739999999999705,125.54183197021484,125.66370614359174,0.7908967785363579,283.4319113909133,256.70475710760155
1.2749999999999704,125.54193115234375,125.66370614359174,0.7964107497095329,255.27154340503103,232.05615688235014
1.2759999999999703,125.53822326660156,125.66370614359174,0.7870915712647879,245.3497564575136,222.51220603389305
1.2769999999999702,125.53791809082031,125.66370614359174,0.7804993353191644,257.762973532231,231.04010066248838
1.27799999999997,125.54721069335938,125.66370614359174,0.7925788062067107,281.88015102435423,255.16822696018775
1.27899999999997,125.54649353027344,125.66370614359174,0.7977698013746063,253.05558683424724,230.03023153829218
1.2799999999999698,125.5417709350586,125.66370614359174,0.7875066510049425,242.4103748007838,219.96934108630336
1.2809999999999697,125.54027557373047,125.66370614359174,0.7794104581373072,254.29962206856538,228.06673361202098
1.2819999999999696,125.54851531982422,125.66370614359174,0.7902195160946025,278.9266268177381,252.5202360769489
1.2829999999999695,125.5467529296875,125.66370614359174,0.7952650156676391,250.0267868284234,227.41188144245
1.2839999999999694,125.5409927368164,125.66370614359174,0.7843807470550231,239.27345372946277,217.36062268906352
1.2849999999999693,125.53849792480469,125.66370614359174,0.7753333833572428,251.24751913122464,225.53684383875608
1.2859999999999692,125.5460433959961,125.66370614359174,0.7856703193553982,276.8895314976927,250.78553201504806
1.286999999999969,125.54377746582031,125.66370614359174,0.7910847963155752,248.44159331785866,226.1384514604721
1.287999999999969,125.53765869140625,125.66370614359174,0.7802945416504666,238.02695197756128,216.44168018285154
1.2889999999999688,125.53492736816406,125.66370614359174,0.7712011578520077,250.39582207135638,224.94302011104392
1.2899999999999687,125.54254150390625,125.66370614359174,0.7818989845170535,276.98407979109874,250.94465874958183
1.2909999999999686,125.54056549072266,125.66370614359174,0.7881301036223521,249.14597372321018,226.86158511547177
1.2919999999999685,125.53487396240234,125.66370614359174,0.7780050842147127,239.11314096955826,217.51414870524783
1.2929999999999684,125.53265380859375,125.66370614359174,0.7694781219452633,251.7307529793214,226.23199997529477
1.2939999999999683,125.54084777832031,125.66370614359174,0.7806993823203039,283.4241493417044,252.3974841189302
1.2949999999999682,125.55838012695312,125.66370614359174,0.8075740862583207,305.1346926766832,275.8749138232114
1.295999999999968,125.56959533691406,125.66370614359174,0.8142271850510946,288.83664815721704,260.035133412319
1.296999999999968,125.5807876586914,125.66370614359174,0.8184942447619549,292.1689200272025,260.0104090648343
1.2979999999999678,125.59833526611328,125.66370614359174,0.8356770462746769,306.90244773043514,276.0252536714619
1.2989999999999677,125.60215759277344,125.66370614359174,0.842521576659057,267.5365371323254,241.54409205986232
1.2999999999999676,125.59794616699219,125.66370614359174,0.8296299370560826,244.99324928157762,221.36385626317465
1.3009999999999675,125.59302520751953,125.66370614359174,0.8131051545822984,245.05340557585083,219.58072896793416
1.3019999999999674,125.59474182128906,125.66370614359174,0.8104888280641632,265.4461214204653,236.24952180153718
1.3029999999999673,125.6030502319336,125.66370614359174,0.8220149119968821,279.5958533833453,252.80816866771346
1.3039999999999672,125.60247802734375,125.66370614359174,0.8181816042614422,255.11235610894434,230.5128862505348
1.304999999999967,125.60004425048828,125.66370614359174,0.8084586684684574,252.03639517404142,225.8471092800055
1.305999999999967,125.60298156738281,125.66370614359174,0.8095753155123611,268.80111024618634,239.32872531786856
1.3069999999999669,125.6114730834961,125.66370614359174,0.8222592682674015,279.9586977640876,253.29414192431986
1.3079999999999667,125.60987091064453,125.66370614359174,0.8183811626288712,252.00187153131503,227.95268366930944
1.3089999999999666,125.60533142089844,125.66370614359174,0.8069413956959297,245.60283646528913,220.53942833975074
1.3099999999999665,125.60527038574219,125.66370614359174,0.8046601550697672,259.7353609214537,231.81252826124754
1.3109999999999664,125.61038970947266,125.66370614359174,0.8137532632281849,269.9904131377975,244.8205512539059
1.3119999999999663,125.60505676269531,125.66370614359174,0.8078376198763471,240.80610215439503,218.57712669984247
1.3129999999999662,125.59666442871094,125.66370614359174,0.7934626582019235,233.7649436775066,210.84530245307678
1.313999999999966,125.59288787841797,125.66370614359174,0.787858400513455,248.20008642927434,222.45798551619336
1.314999999999966,125.59492492675781,125.66370614359174,0.7947647189796376,260.46177956630095,237.04109249481652
1.3159999999999659,125.58712005615234,125.66370614359174,0.7884499697132571,232.87138366662404,212.3192639096555
1.3169999999999658,125.57695770263672,125.66370614359174,0.7737222488978421,227.753411831823,206.3720147379492
1.3179999999999656,125.57222747802734,125.66370614359174,0.7684165541492533,244.58696402890948,220.0199052514484
1.3189999999999655,125.57443237304688,125.66370614359174,0.7770768618226569,260.1416345395042,237.4301637510959
1.3199999999999654,125.56773376464844,125.66370614359174,0.7728924711594469,235.2834490247761,215.06071291663403
1.3209999999999653,125.55950164794922,125.66370614359174,0.761000825526167,232.65305170359304,211.1760982433553
1.3219999999999652,125.55741119384766,125.66370614359174,0.7594407256943546,251.75998805413604,226.60223459604535
1.322999999999965,125.56307983398438,125.66370614359174,0.7726439100622281,269.6068616652665,246.10471400358122
1.323999999999965,125.56034088134766,125.66370614359174,0.771744772695684,246.36520486292417,224.98897637636566
1.3249999999999649,125.5562973022461,125.66370614359174,0.763699894248908,244.67296957646064,221.70712859463146
1.3259999999999648,125.55841827392578,125.66370614359174,0.7661804080303397,264.1151898910118,237.17831836107453
1.3269999999999647,125.56836700439453,125.66370614359174,0.7831762853043323,282.0144719131125,256.85890173291654
1.3279999999999645,125.56961822509766,125.66370614359174,0.7844301053881598,258.1065878958737,235.02182499518088
1.3289999999999644,125.56903839111328,125.66370614359174,0.7783168419270766,255.05771237858417,230.41853298308533
1.3299999999999643,125.57392120361328,125.66370614359174,0.7819292868701451,272.68011405367724,244.14784044833536
1.3309999999999642,125.5860595703125,125.66370614359174,0.799308016264183,288.9095621062042,262.41631104072934
1.331999999999964,125.58868408203125,125.66370614359174,0.8004581620152146,262.6355722071658,238.51021083493575
1.332999999999964,125.58856201171875,125.66370614359174,0.7932797885285562,256.8942478160119,231.61112747306905
1.3339999999999639,125.59297943115234,125.66370614359174,0.7945373654657235,271.86300125462657,243.0238510269087
1.3349999999999638,125.6040267944336,125.66370614359174,0.8090984015846376,286.3838030765336,259.6962079019338
1.3359999999999637,125.60478973388672,125.66370614359174,0.8085819431572933,257.7558979157638,233.8804414641915
1.3369999999999636,125.60211944580078,125.66370614359174,0.798530633551492,249.77634973893237,225.24456617984805
1.3379999999999634,125.60343170166016,125.66370614359174,0.7958007094702589,263.0182370656803,235.25447163934484
1.3389999999999633,125.61122131347656,125.66370614359174,0.8065924758618758,277.32542860663705,251.53601501922756
1.3399999999999632,125.60853576660156,125.66370614359174,0.8044152513421189,247.87893358189078,225.21505731646081
1.340999999999963,125.60234069824219,125.66370614359174,0.791792532193154,239.4016568157612,216.39325894224388
1.341999999999963,125.6002197265625,125.66370614359174,0.7859914166429173,252.78064285898154,226.62006139913754
1.342999999999963,125.60506439208984,125.66370614359174,0.7945740830325466,268.7074815650346,244.1305556650074
1.3439999999999628,125.59986114501953,125.66370614359174,0.792069152075873,240.28559752708347,218.86130537973287
1.3449999999999627,125.59161376953125,125.66370614359174,0.7788158318092514,233.0079894921901,211.22980382121364
1.3459999999999626,125.5879898071289,125.66370614359174,0.7725538949869556,247.95573841719792,222.81579538995229
1.3469999999999624,125.59217834472656,125.66370614359174,0.7818069795446739,266.3839914562961,242.4363811133747
1.3479999999999623,125.58697509765625,125.66370614359174,0.780675115558886,239.85161498008543,218.85150838073972
1.3489999999999622,125.5793228149414,125.66370614359174,0.7689983216017475,234.28073749178682,212.69576027562135
1.3499999999999621,125.57681274414062,125.66370614359174,0.7647515874119313,250.87780073584398,225.5839449920186
1.350999999999962,125.58279418945312,125.66370614359174,0.7768505643726804,271.2487320905838,246.9426529774841
1.351999999999962,125.57981872558594,125.66370614359174,0.777971566508628,246.020417098147,224.43077043675055
1.3529999999999618,125.57463836669922,125.66370614359174,0.7687869140366436,241.2679788606616,218.88177370408943
1.3539999999999617,125.5746841430664,125.66370614359174,0.7671358455089307,258.3459512325667,231.99785205888807
1.3549999999999616,125.58342742919922,125.66370614359174,0.7819980800556078,279.2111383676477,253.87164837999654
1.3559999999999615,125.58312225341797,125.66370614359174,0.7848374223150119,253.82056017900533,231.14294491765824
1.3569999999999613,125.58033752441406,125.66370614359174,0.7771941729818402,248.37147625368434,224.9066615093282
1.3579999999999612,125.58236694335938,125.66370614359174,0.776568293320808,264.45031325517266,237.0106104401897
1.3589999999999611,125.59284973144531,125.66370614359174,0.7921351427086705,284.56502336987836,258.2573280828695
1.359999999999961,125.59379577636719,125.66370614359174,0.7953007424472956,257.7692061848763,234.30210721635595
1.360999999999961,125.59166717529297,125.66370614359174,0.7873143931572328,250.5888766164296,226.58982715635182
1.3619999999999608,125.59374237060547,125.66370614359174,0.7854251280496953,264.9179974962246,237.13787289358785
1.3629999999999607,125.60389709472656,125.66370614359174,0.7994055789629182,284.0660445352837,257.4618210062465
1.3639999999999606,125.60399627685547,125.66370614359174,0.8017627180525462,255.66896682172953,232.2056637617748
1.3649999999999605,125.60051727294922,125.66370614359174,0.7920725990617874,246.85377238813123,223.21180946284352
1.3659999999999604,125.60079193115234,125.66370614359174,0.787585949480401,259.83621231711345,232.64431816587086
1.3669999999999602,125.60904693603516,125.66370614359174,0.7990208965655954,278.8524716925823,252.69652427002092
1.3679999999999601,125.60704803466797,125.66370614359174,0.8003941835007984,249.7172981886785,226.94352242462324
1.36899999999996,125.60133361816406,125.66370614359174,0.7889620751220485,240.29663305288972,217.59922429167446
1.36999999999996,125.59933471679688,125.66370614359174,0.7822060577872016,253.07914852046912,226.92537216307744
1.3709999999999598,125.60562133789062,125.66370614359174,0.7918972801938604,273.15005556628074,247.74646885632256
1.3719999999999597,125.60187530517578,125.66370614359174,0.7930363867457638,244.4872256774765,222.52958695237828
1.3729999999999596,125.59464263916016,125.66370614359174,0.780986783637445,235.61251599541131,213.781863219933
1.3739999999999595,125.59141540527344,125.66370614359174,0.773536115461,249.21890565732022,223.8238077021429
1.3749999999999594,125.59705352783203,125.66370614359174,0.7833507189337642,271.0267622523231,246.08508924150186
1.3759999999999593,125.59307098388672,125.66370614359174,0.785344265229428,243.52935448641514,221.93508328081012
1.3769999999999591,125.58597564697266,125.66370614359174,0.7741150368415143,235.67549551088902,214.09894030677722
1.377999999999959,125.58320617675781,125.66370614359174,0.7676382316988665,250.32520188404607,224.95228020840813
1.378999999999959,125.5898208618164,125.66370614359174,0.7791664213573736,273.63944335537695,248.53854828100881
1.3799999999999588,125.5871353149414,125.66370614359174,0.7826727045580921,247.07242014361202,225.18201772848386
1.3809999999999587,125.5815200805664,125.66370614359174,0.7730012194878666,239.79359782560576,217.80075903126618
1.3819999999999586,125.58030700683594,125.66370614359174,0.768089345035997,254.84550249759357,228.85514097497418
1.3829999999999585,125.58871459960938,125.66370614359174,0.7815327104336757,278.78622149758166,253.0346117475494
1.3839999999999584,125.58782196044922,125.66370614359174,0.7863444231527799,252.25611432318183,229.67643341621593
1.3849999999999583,125.58384704589844,125.66370614359174,0.7778023256907227,244.5977210238928,221.9247199588126
1.3859999999999582,125.58402252197266,125.66370614359174,0.7736488369538322,259.0848740533515,232.36294116819687
1.386999999999958,125.59375,125.66370614359174,0.7878091593103992,282.7991556846721,256.3569318435404
1.387999999999958,125.59388732910156,125.66370614359174,0.7930986132959865,255.44179638957456,232.28429203553455
1.3889999999999578,125.59056091308594,125.66370614359174,0.7845381601077138,246.65192580640775,223.5740375259223
1.3899999999999577,125.59097290039062,125.66370614359174,0.7796908907746766,259.9761449051564,232.95247073911185
1.3909999999999576,125.6007308959961,125.66370614359174,0.7929931230274442,283.2160877620454,256.4692927856499
1.3919999999999575,125.6005630493164,125.66370614359174,0.7979796596411883,254.78457411668938,231.52866788013708
1.3929999999999574,125.59656524658203,125.66370614359174,0.7884349097227861,244.8045089063492,221.8823589444839
1.3939999999999573,125.595947265625,125.66370614359174,0.7818866611552345,257.0997119218625,230.38903155411023
1.3949999999999572,125.60462951660156,125.66370614359174,0.7934985144088448,280.31772911632834,253.76367202747954
1.395999999999957,125.60321044921875,125.66370614359174,0.7979641863539921,251.28023462901788,228.40154463620962
1.396999999999957,125.59780883789062,125.66370614359174,0.7872666969137699,240.70429656374748,218.36640912682515
1.3979999999999568,125.59569549560547,125.66370614359174,0.7790550695377354,252.6595778903744,226.61900306052038
1.3989999999999567,125.60308074951172,125.66370614359174,0.7893360163224421,276.6130306380519,250.50901453309524
1.3999999999999566,125.60047149658203,125.66370614359174,0.7936862988882161,247.75101477361056,225.39870589082955
1.4009999999999565,125.5939712524414,125.66370614359174,0.7824664869558335,237.34546496065917,215.6129232409812
1.4019999999999564,125.59088897705078,125.66370614359174,0.773517664596196,249.671580167999,224.18690723892374
1.4029999999999563,125.59771728515625,125.66370614359174,0.7836533391348619,274.8661422558408,249.08338662190982
1.4039999999999562,125.59481048583984,125.66370614359174,0.7885769322229084,246.70602672918753,224.6400744401014
1.404999999999956,125.58822631835938,125.66370614359174,0.7777596336054593,236.86716764209189,215.38728134027573
1.405999999999956,125.58525085449219,125.66370614359174,0.7691812429964491,249.81073160697377,224.4281378294752
1.4069999999999558,125.59257507324219,125.66370614359174,0.7803084775224074,276.18228515020155,250.3377413533611
1.4079999999999557,125.59040069580078,125.66370614359174,0.7862822699443403,248.66756088092285,226.466589063495
1.4089999999999556,125.58467864990234,125.66370614359174,0.776428268201219,239.1954575103645,217.52483799888668
1.4099999999999555,125.58260345458984,125.66370614359174,0.7687307625988609,252.42493508404243,226.6995007292592
1.4109999999999554,125.59107208251953,125.66370614359174,0.7811467130501215,279.4487473251818,253.19517104475847
1.4119999999999553,125.59007263183594,125.66370614359174,0.788120926781343,252.04787151826636,229.41718052757076
1.4129999999999552,125.58543395996094,125.66370614359174,0.779069455990508,242.3531254033584,220.2705841046094
1.413999999999955,125.58429718017578,125.66370614359174,0.7718682321139085,255.15292998065019,229.05102547670847
1.414999999999955,125.59352111816406,125.66370614359174,0.7844250683493236,281.78613104270255,255.107842578836
1.4159999999999549,125.59317016601562,125.66370614359174,0.7918614049378049,254.0315643720534,231.04710309720673
1.4169999999999547,125.58898162841797,125.66370614359174,0.7828950645080344,243.71838780241916,221.39596890829804
1.4179999999999546,125.58804321289062,125.66370614359174,0.77530594061814,255.77078564614595,229.56572491018278
1.4189999999999545,125.59722900390625,125.66370614359174,0.7870017933829191,286.7207713713134,255.01832159992216
1.4199999999999544,125.61553955078125,125.66370614359174,0.8140361814108443,307.82598925963293,277.98131146405046
1.4209999999999543,125.627197265625,125.66370614359174,0.82068789625649,290.5477674828945,261.29096381370624
1.4219999999999542,125.6384506225586,125.66370614359174,0.8244791669181804,292.7508333770667,260.3058104341315
1.422999999999954,125.65567779541016,125.66370614359174,0.8406545204663082,306.506032474957,275.3447942143974
1.423999999999954,125.6588363647461,125.66370614359174,0.8471810833337732,266.11697302379133,240.01717498982356
1.4249999999999539,125.65363311767578,125.66370614359174,0.8334604293391422,242.5118008179192,218.98863438661695
1.4259999999999537,125.64742279052734,125.66370614359174,0.8155614006643639,241.57064971501168,216.43950915777543
1.4269999999999536,125.64759826660156,125.66370614359174,0.8110749750648245,261.21103813460974,232.4941504775214
1.4279999999999535,125.65428924560547,125.66370614359174,0.8209156621089034,275.2507739711009,248.8761217259092
1.4289999999999534,125.65201568603516,125.66370614359174,0.8162908913519317,250.38032672848965,226.34223252753006
1.4299999999999533,125.6478500366211,125.66370614359174,0.8053707085556749,247.0670710069185,221.5831431891847
1.4309999999999532,125.64908599853516,125.66370614359174,0.8051041444156083,263.89527861213884,235.15409243882695
1.431999999999953,125.65607452392578,125.66370614359174,0.8168447190752158,275.7236235516979,249.6243005082577
1.432999999999953,125.65315246582031,125.66370614359174,0.8128155990852045,248.1784795719716,224.71355831093638
1.4339999999999529,125.6474838256836,125.66370614359174,0.801076413737168,242.2833365264431,217.80578082958846
1.4349999999999528,125.64653778076172,125.66370614359174,0.7985752760764012,257.09569380735826,229.6699325258732
1.4359999999999526,125.65111541748047,125.66370614359174,0.8079003814342496,268.4027841519541,243.5541460893169
1.4369999999999525,125.6455307006836,125.66370614359174,0.8025607643425371,240.012139768736,218.02048074462292
1.4379999999999524,125.63713836669922,125.66370614359174,0.7888238352810267,233.70987035609528,210.93031196829307
1.4389999999999523,125.63359832763672,125.66370614359174,0.7840472105368506,248.8619313339451,223.12539268799162
1.4399999999999522,125.63613891601562,125.66370614359174,0.7920559147481239,261.93815467726296,238.4222406874704
1.440999999999952,125.62903594970703,125.66370614359174,0.786698842253214,234.90692132766927,214.15966347144953
1.441999999999952,125.61968231201172,125.66370614359174,0.773029248946181,230.1693619850719,208.49692896310606
1.4429999999999519,125.6158218383789,125.66370614359174,0.7688570466115926,247.22987364825372,222.28207355690157
1.4439999999999518,125.61896514892578,125.66370614359174,0.7786440460064481,262.96868518511474,239.87592376083202
1.4449999999999517,125.61317443847656,125.66370614359174,0.7752189276658803,238.0572108408884,217.42309340809965
1.4459999999999515,125.6057357788086,125.66370614359174,0.7640268049907636,235.17775031079623,213.28085345252876
1.4469999999999514,125.60429382324219,125.66370614359174,0.7629827155660008,253.89353249129752,228.32391887790217
1.4479999999999513,125.6104736328125,125.66370614359174,0.7764943005744409,271.3654996130419,247.5077224286452
1.4489999999999512,125.6080551147461,125.66370614359174,0.7757342582943287,247.5448939518534,225.87988853141798
1.449999999999951,125.60409545898438,125.66370614359174,0.7675584767059218,245.16984300974664,222.0082284247129
1.450999999999951,125.60604858398438,125.66370614359174,0.7695540382681474,263.91198128474645,236.86740473634833
1.4519999999999509,125.61564636230469,125.66370614359174,0.785892016457238,281.3079616794119,256.08198519655195
1.4529999999999508,125.61632537841797,125.66370614359174,0.7867497447495635,256.732554074526,233.6959736154681
1.4539999999999507,125.61497497558594,125.66370614359174,0.7798900462429139,253.04098080593002,228.58404963534255
1.4549999999999506,125.6189193725586,125.66370614359174,0.7824442242586832,270.13992690315433,241.8876822712601
1.4559999999999504,125.63003540039062,125.66370614359174,0.798783948058113,286.19061624796217,259.94441274165996
1.4569999999999503,125.63155364990234,125.66370614359174,0.7994517369075377,259.6085557463649,235.82363814786868
1.4579999999999502,125.63027954101562,125.66370614359174,0.7915231343655973,253.660663325575,228.8099243602298
1.4589999999999501,125.633544921875,125.66370614359174,0.7918965085340339,268.59415957048117,240.22687006753273
1.45999999999995,125.64352416992188,125.66370614359174,0.8057674602197068,283.4240197611472,257.11294813082526
1.46099999999995,125.64331817626953,125.66370614359174,0.8050859837694238,254.99960825527546,231.51821961832724
1.4619999999999498,125.6397933959961,125.66370614359174,0.794769941094279,247.3070599242559,223.17384726893215
1.4629999999999497,125.64039611816406,125.66370614359174,0.7918289744807494,260.9488647304636,233.5447722042241
1.4639999999999496,125.64766693115234,125.66370614359174,0.802666579918026,275.8509517179374,250.31730907587124
1.4649999999999495,125.64463806152344,125.66370614359174,0.8007665516626707,246.90775222087885,224.44708877261738
1.4659999999999493,125.6382827758789,125.66370614359174,0.7884734211021831,238.93165234040038,216.06091294947197
1.4669999999999492,125.63616943359375,125.66370614359174,0.7831549259581836,252.80806065388927,226.70233168732096
1.4679999999999491,125.64118957519531,125.66370614359174,0.7924066545701927,269.2317517232691,244.65219994566846
1.468999999999949,125.63629150390625,125.66370614359174,0.7904500865574153,241.22524988868108,219.72626924747885
1.469999999999949,125.62847137451172,125.66370614359174,0.7778465251156503,234.27723719248948,212.34926310254951
1.4709999999999488,125.62532806396484,125.66370614359174,0.7723438161330222,249.46022449102878,224.10430531832552
1.4719999999999487,125.63003540039062,125.66370614359174,0.7823725740271966,268.0057232290262,243.84961459145842
1.4729999999999486,125.62537384033203,125.66370614359174,0.7817129015587739,241.52138335792688,220.2781008634756
1.4739999999999485,125.61822509765625,125.66370614359174,0.7705317276621076,235.8908158471058,214.03660737226298
1.4749999999999484,125.61614990234375,125.66370614359174,0.7667414727729243,252.3247812659998,226.75662367744187
1.4759999999999482,125.62248229980469,125.66370614359174,0.7791517206468416,272.43350727909615,247.89993931769715
1.4769999999999481,125.61973571777344,125.66370614359174,0.7803860224556808,246.89136207126487,225.10089067051186
1.477999999999948,125.61466217041016,125.66370614359174,0.7712088778437751,241.76796541465475,219.2207269533319
1.478999999999948,125.61466217041016,125.66370614359174,0.7694024395797351,258.43745152704355,231.98382983984092
1.4799999999999478,125.62322235107422,125.66370614359174,0.7839274217867506,278.90886826178064,253.50224983328727
1.4809999999999477,125.62259674072266,125.66370614359174,0.7865213545442318,253.09539719858302,230.41632396030158
1.4819999999999476,125.61935424804688,125.66370614359174,0.7784576620904831,247.2496539423826,223.85644834413807
1.4829999999999475,125.6208267211914,125.66370614359174,0.7772464036562227,262.9790530531747,235.68575242080922
1.4839999999999474,125.63065338134766,125.66370614359174,0.7921363429847038,282.86528115663714,256.6997618416738
1.4849999999999473,125.63087463378906,125.66370614359174,0.7949468127494389,255.83612368431076,232.56804517675548
1.4859999999999471,125.62799072265625,125.66370614359174,0.7864647963610422,248.50735734001606,224.7604510894228
1.486999999999947,125.6292953491211,125.66370614359174,0.7840170235113536,262.7776627129899,235.2943711958544
1.487999999999947,125.63870239257812,125.66370614359174,0.7974725517329516,281.999969764929,255.6481180825532
1.4889999999999468,125.63809204101562,125.66370614359174,0.7996358393439528,253.6945258944801,230.49491948183106
1.4899999999999467,125.63397216796875,125.66370614359174,0.7897149406612679,245.05606697833622,221.6765066516639
1.4909999999999466,125.63370513916016,125.66370614359174,0.7850636329937979,258.2806317418182,231.34278569789632
1.4919999999999465,125.6415023803711,125.66370614359174,0.7964430871357633,277.5779177882642,251.6241445709445
1.4929999999999464,125.63916015625,125.66370614359174,0.7978984761930036,248.75890020956388,226.1509153940767
1.4939999999999463,125.63322448730469,125.66370614359174,0.7866171476502034,239.69134596848065,217.10917704274326
1.4949999999999461,125.6311264038086,125.66370614359174,0.7801594873984159,252.8255620717664,226.74098392641227
1.495999999999946,125.63740539550781,125.66370614359174,0.7902438485494117,273.149411366983,247.7918222582078
1.496999999999946,125.63374328613281,125.66370614359174,0.7916580399241919,244.78764164023272,222.82110091449803
1.4979999999999458,125.62669372558594,125.66370614359174,0.7799985596738842,236.19617485831927,214.29306709645186
1.4989999999999457,125.62371063232422,125.66370614359174,0.7730768443344365,250.0245418193843,224.51255888572493
1.4999999999999456,125.62960815429688,125.66370614359174,0.7834175947772967,271.8609874268397,246.82179913119523
1.5009999999999455,125.62591552734375,125.66370614359174,0.7856689101603473,244.45024551918448,222.72242440422892
1.5019999999999454,125.61911010742188,125.66370614359174,0.7747782177296625,236.6449634802525,214.89774103681316
1.5029999999999453,125.61661529541016,125.66370614359174,0.7686959184938711,251.26724632422554,225.71561292053784
1.5039999999999452,125.6234359741211,125.66370614359174,0.7804968610704792,274.35728261620443,249.12473315262415
1.504999999999945,125.62089538574219,125.66370614359174,0.7840548009728795,247.6340443558757,225.6141359851647
1.505999999999945,125.6153564453125,125.66370614359174,0.7744390942737706,240.18791240270303,218.0703018584622
1.5069999999999448,125.61415100097656,125.66370614359174,0.769555326267247,255.02967044082115,228.9499535742454
1.5079999999999447,125.62245178222656,125.66370614359174,0.782847029706097,278.6319919674774,252.83545287689392
1.5089999999999446,125.6213607788086,125.66370614359174,0.7874751583822652,251.84405034370997,229.24965691121153
1.5099999999999445,125.61711120605469,125.66370614359174,0.7787018643880574,243.97008259287978,221.3122283392818
1.5109999999999444,125.61695861816406,125.66370614359174,0.7742726262007458,258.25014667754255,231.59933520560602
1.5119999999999443,125.62625122070312,125.66370614359174,0.788008961878132,281.70291921981317,255.350564181981
1.5129999999999442,125.62590789794922,125.66370614359174,0.7930140507435762,254.18065310910632,231.1421217169517
1.513999999999944,125.62207794189453,125.66370614359174,0.7841326681452033,245.31143311895784,222.37403348038865
1.514999999999944,125.62198638916016,125.66370614359174,0.7789755765061293,258.59637268025176,231.75562076012423
1.5159999999999438,125.63121032714844,125.66370614359174,0.7918999661470655,281.75868006285185,255.18763554901673
1.5169999999999437,125.63052368164062,125.66370614359174,0.79667676872404,253.36403425840354,230.2862216583563
1.5179999999999436,125.62604522705078,125.66370614359174,0.786947565729414,243.5143914735627,220.7585036687976
1.5189999999999435,125.62503051757812,125.66370614359174,0.7803112774103786,255.97256057805765,229.4362058825402
1.5199999999999434,125.6333236694336,125.66370614359174,0.7918347788259645,279.2572060556267,252.86437859646244
1.5209999999999433,125.63159942626953,125.66370614359174,0.7962583261064895,250.41757071196443,227.67068156946746
1.5219999999999432,125.62596130371094,125.66370614359174,0.7856153888227221,240.10756885351248,217.85577151821346
1.522999999999943,125.62371826171875,125.66370614359174,0.7776176607265288,252.32441292308852,226.34838754711936
1.523999999999943,125.6310043334961,125.66370614359174,0.7881246184893357,276.34785541065395,250.31305262418869
1.5249999999999428,125.62835693359375,125.66370614359174,0.7925659777877193,247.69997770089606,225.37195956126158
1.5259999999999427,125.62190246582031,125.66370614359174,0.781572805356575,237.54203724834818,215.7754221794256
1.5269999999999426,125.61893463134766,125.66370614359174,0.7730173051445878,250.07333214915198,224.52782892850306
1.5279999999999425,125.62586212158203,125.66370614359174,0.7835071025484331,275.2078462240487,249.3970032865449
1.5289999999999424,125.62307739257812,125.66370614359174,0.7885296585626053,247.14036572975922,225.01005383216483
1.5299999999999423,125.61664581298828,125.66370614359174,0.7779351481124607,237.4114493366162,215.8222416908184
1.5309999999999422,125.61383056640625,125.66370614359174,0.7697023269316942,250.40855291439752,224.91027439906358
1.531999999999942,125.62126159667969,125.66370614359174,0.7810539561484655,276.55438992581526,250.6465706968851
1.532999999999942,125.61914825439453,125.66370614359174,0.7870098771601043,248.97274234532284,226.6955463521791
1.5339999999999419,125.61347198486328,125.66370614359174,0.7772179949474138,239.46500055405465,217.69925249123148
1.5349999999999417,125.61141967773438,125.66370614359174,0.7696515618350279,252.61821083937843,226.8211024938042
1.5359999999999416,125.61980438232422,125.66370614359174,0.7820205120252183,279.3253814999851,253.0528951480572
1.5369999999999415,125.61866760253906,125.66370614359174,0.7888249259362229,251.773596709283,229.13062407960032
1.5379999999999414,125.61386108398438,125.66370614359174,0.779647877604929,241.99311510651802,219.89748026922115
1.5389999999999413,125.6125259399414,125.66370614359174,0.7723712567728677,254.73548858151753,228.62360390228903
1.5399999999999412,125.62153625488281,125.66370614359174,0.7848635005864173,281.26540330229204,254.6287898386081
1.540999999999941,125.62091064453125,125.66370614359174,0.7920695183916892,253.35330902936295,230.42118984428663
1.541999999999941,125.61642456054688,125.66370614359174,0.7829092867086043,242.9730835477635,220.70402676028786
1.5429999999999409,125.61518096923828,125.66370614359174,0.7751862099910753,255.0093592204434,228.86016997348418
1.5439999999999408,125.62406158447266,125.66370614359174,0.7867906732368121,285.92260643487316,254.31776762105437
1.5449999999999406,125.64198303222656,125.66370614359174,0.8135924036681165,306.7792856887825,277.06733206447365
1.5459999999999405,125.65325164794922,125.66370614359174,0.8199944942898084,289.48752488970297,260.3616581538568
1.5469999999999404,125.66413116455078,125.66370614359174,0.8236243406310966,291.76412884543254,259.43714982312093
1.5479999999999403,125.68102264404297,125.66370614359174,0.8397556053950357,305.584556753412,274.57369055203816
1.5489999999999402,125.6838607788086,125.66370614359174,0.8460842612206244,265.2267401850256,239.25910004137077
1.54999999999994,125.67838287353516,125.66370614359174,0.8322750658946446,241.76798630450565,218.3399299939384
1.55099999999994,125.67195892333984,125.66370614359174,0.8144423708969368,241.03129894703554,215.95421044985486
1.5519999999999399,125.67198944091797,125.66370614359174,0.8101671302456905,260.8410217860149,232.1796857991571
1.5529999999999398,125.67849731445312,125.66370614359174,0.8201210957517625,274.7596569942263,248.47160965405632
1.5539999999999397,125.67608642578125,125.66370614359174,0.8154399650151566,250.02900271749672,226.04062383021306
1.5549999999999395,125.67183685302734,125.66370614359174,0.8046203068136124,246.9137677487022,221.4309193743898
1.5559999999999394,125.67304992675781,125.66370614359174,0.8046201339927445,263.89227624561886,235.15265939084318
1.5569999999999393,125.67996215820312,125.66370614359174,0.8165101118084452,275.55143329180635,249.4940023298896
1.5579999999999392,125.67699432373047,125.66370614359174,0.8124221596255236,248.11053066316046,224.6504969663558
1.558999999999939,125.67132568359375,125.66370614359174,0.8007915010505459,242.37289944582983,217.85202129249782
1.559999999999939,125.67041778564453,125.66370614359174,0.7985617543338432,257.28586518816627,229.82190890115234
1.5609999999999389,125.67495727539062,125.66370614359174,0.8080210089071354,268.35119390291317,243.5167290493299
1.5619999999999388,125.66934967041016,125.66370614359174,0.802583615054162,240.00367280942834,217.9962875658913
1.5629999999999387,125.66094970703125,125.66370614359174,0.7889082017837993,233.80052167553987,210.96516402521289
1.5639999999999386,125.65742492675781,125.66370614359174,0.7843414538551275,248.99815302994298,223.21981762727444
1.5649999999999384,125.65989685058594,125.66370614359174,0.7924066781432111,261.77297074695724,238.2748168002458
1.5659999999999383,125.65270233154297,125.66370614359174,0.7868852216490968,234.73626249967086,213.98596880915122
1.5669999999999382,125.64327239990234,125.66370614359174,0.7731969571500291,230.06153697823444,208.35513455633748
1.567999999999938,125.63935852050781,125.66370614359174,0.7691441704075587,247.14388098059845,222.18414656998203
1.568999999999938,125.642333984375,125.66370614359174,0.7788907038238178,262.56669139979067,239.52019960212732
1.569999999999938,125.63636779785156,125.66370614359174,0.7752435599265944,237.64487482492015,217.04053432494902
1.5709999999999378,125.6287841796875,125.66370614359174,0.7639723758582456,234.83865300451794,212.94340850313063
1.5719999999999377,125.62721252441406,125.66370614359174,0.7629956188683497,253.59801797193188,228.05451609362686
1.5729999999999376,125.63317108154297,125.66370614359174,0.7764196814998698,270.78347502612877,247.00303646422972
1.5739999999999374,125.63053894042969,125.66370614359174,0.7754261124299866,246.99007109542436,225.38228121594062
1.5749999999999373,125.62639617919922,125.66370614359174,0.7671746431197902,244.73542798731506,221.59700994542663
1.5759999999999372,125.62821197509766,125.66370614359174,0.7692648859832044,263.5699546638753,236.56918684823975
1.5769999999999371,125.63758850097656,125.66370614359174,0.7855493375690743,280.72134846206177,255.58456332451516
1.577999999999937,125.63806915283203,125.66370614359174,0.7862074754480778,256.2221743986854,233.2459665350666
1.578999999999937,125.6365737915039,125.66370614359174,0.7793285494421303,252.7001734792393,228.25926503890724
1.5799999999999368,125.64042663574219,125.66370614359174,0.7820562578527516,269.93209513727135,241.7100718195489
1.5809999999999367,125.65138244628906,125.66370614359174,0.7984198741914874,285.75568798357386,259.5859175612785
1.5819999999999366,125.65276336669922,125.66370614359174,0.798930026935797,259.27468918772803,235.52993278379026
1.5829999999999365,125.65140533447266,125.66370614359174,0.791040691511895,253.51513897156113,228.65238972019577
1.5839999999999363,125.65465545654297,125.66370614359174,0.7916559426396973,268.58857907104806,240.21953280817328
1.5849999999999362,125.6645278930664,125.66370614359174,0.8056108074961738,283.169270190418,256.9101668991486
1.5859999999999361,125.66424560546875,125.66370614359174,0.8047869549611559,254.83203298982122,231.36474001415863
1.586999999999936,125.66069030761719,125.66370614359174,0.7945300432846599,247.3090271501111,223.13675776658474
1.587999999999936,125.66130828857422,125.66370614359174,0.791848341626397,261.065514762304,233.6336668009422
1.5889999999999358,125.66850280761719,125.66370614359174,0.8027764873734702,275.6718663731803,250.17354161855124
1.5899999999999357,125.6654052734375,125.66370614359174,0.8007131956994227,246.77790574071173,224.31880732168264
1.5909999999999356,125.65901947021484,125.66370614359174,0.788452848661575,238.93532177065788,216.0178079255602
1.5919999999999355,125.65690612792969,125.66370614359174,0.7833586957056821,252.89304283151873,226.75673947987138
1.5929999999999354,125.66182708740234,125.66370614359174,0.7926559710171014,268.9810343467049,244.43951260067365
1.5939999999999352,125.65682220458984,125.66370614359174,0.7904930760333445,240.99190356552822,219.50299832875237
1.5949999999999351,125.64891815185547,125.66370614359174,0.7778714155306146,234.1544293804354,212.1938469117325
1.595999999999935,125.64573669433594,125.66370614359174,0.7725372016842935,249.40437360405727,224.0371176168437
1.596999999999935,125.6502914428711,125.66370614359174,0.7825500110473436,267.6038975154621,243.50452400735634
1.5979999999999348,125.64546966552734,125.66370614359174,0.7816464945942587,241.13351779524203,219.92168343191594
1.5989999999999347,125.63819122314453,125.66370614359174,0.7704092350311065,235.62110020417077,213.75714105031992
1.5999999999999346,125.63603210449219,125.66370614359174,0.766756245827271,252.13720954647206,226.58227555798476
1.6009999999999345,125.64216613769531,125.66370614359174,0.7791201236578666,271.91882317205585,247.4622184385662
1.6019999999999344,125.67530822753906,125.66370614359174,0.7801024798758255,246.4152225589544,224.73836777802867
1.6029999999999343,125.70614624023438,125.66370614359174,0.7708718195133043,241.44145909023155,219.02392525423477
1.6039999999999341,125.74198150634766,125.66370614359174,0.7689297838823386,257.8839434643784,231.64791468383174
1.604999999999934,125.78602600097656,125.66370614359174,0.782985301099018,277.489726629626,252.403583820553
1.605999999999934,125.820556640625,125.66370614359174,0.7851039807405865,250.93474636312607,228.53447338363586
1.6069999999999338,125.85209655761719,125.66370614359174,0.7769026705499545,244.22227322785147,221.08794912235678
1.6079999999999337,125.88789367675781,125.66370614359174,0.7757266337520036,258.8045828958807,231.8655500263109
1.6089999999999336,125.93135070800781,125.66370614359174,0.7904015525081063,277.1348839967931,251.2696529476287
1.6099999999999335,125.96446990966797,125.66370614359174,0.79398134915548,248.29964967214892,225.28240369221308
1.6109999999999334,125.99365234375,125.66370614359174,0.7861930489952346,238.8336772664833,215.44724187426553
1.6119999999999333,126.02609252929688,125.66370614359174,0.7838139805760186,250.54245937685573,223.7018825176928
1.6129999999999332,126.0654525756836,125.66370614359174,0.7964603993358563,267.2220727159771,241.24515995266862
1.613999999999933,126.09347534179688,125.66370614359174,0.8004730783463451,235.39704439239648,212.6943467780499
1.614999999999933,126.11656951904297,125.66370614359174,0.7911352858179131,222.74748910393095,200.32861016144446
1.6159999999999328,126.14199829101562,125.66370614359174,0.7849570085403706,231.5885957685974,206.26996141832436
1.6169999999999327,126.17388153076172,125.66370614359174,0.7930577046939574,247.56122356959253,222.60789589372413
1.6179999999999326,126.19377899169922,125.66370614359174,0.7967142784964164,213.59022586472753,192.40138944984508
1.6189999999999325,126.208251953125,125.66370614359174,0.7847280001710142,199.00515568428173,178.74360272724815
1.6199999999999324,126.22476196289062,125.66370614359174,0.7738762102129354,206.58696545573127,183.90786623477797
1.6209999999999323,126.24797058105469,125.66370614359174,0.7770919185965741,227.62590445365282,200.87806252548876
1.6219999999999322,126.27662658691406,125.66370614359174,0.7948416957425599,239.0581098173928,214.66772362888338
1.622999999999932,126.29718017578125,125.66370614359174,0.7956313520300718,217.58162137727592,194.251305004025
1.623999999999932,126.31666564941406,125.66370614359174,0.793104265415851,216.68672655138656,191.58159468433485
1.6249999999999318,126.33995819091797,125.66370614359174,0.7995503504293883,229.43124254890753,201.2486107965247
1.6259999999999317,126.36576843261719,125.66370614359174,0.8158836415304201,232.76200918746866,207.66342455901724
1.6269999999999316,126.38036346435547,125.66370614359174,0.8148079508396813,202.25832876575015,179.3464696381431
1.6279999999999315,126.39111328125,125.66370614359174,0.8064202822827393,193.09997716742,169.65607405876628
1.6289999999999314,126.4037857055664,125.66370614359174,0.8039691036145536,199.99300448559012,174.51174919985507
1.6299999999999313,126.41758728027344,125.66370614359174,0.8106225054527562,199.90914875957608,177.40830928762384
1.6309999999999312,126.41898345947266,125.66370614359174,0.8042487976978455,165.31279137240315,146.04038567080664
1.631999999999931,126.41597747802734,125.66370614359174,0.787366497459882,153.8054237953254,134.92117949285122
1.632999999999931,126.41539764404297,125.66370614359174,0.7750850190851075,161.53667400103825,141.03994072995062
1.6339999999999308,126.41702270507812,125.66370614359174,0.7733838895718935,165.0203100312401,146.6139025692065
1.6349999999999307,126.40740966796875,125.66370614359174,0.7641433373145187,133.07455108334105,118.19269104786996
1.6359999999999306,126.39498138427734,125.66370614359174,0.7428683027336512,125.49802757172166,111.07743620122805
1.6369999999999305,126.3873519897461,125.66370614359174,0.7268201678859313,139.57325801806869,123.1770050088597
1.6379999999999304,126.38449096679688,125.66370614359174,0.7239466237436964,150.64523936747827,135.23584656092237
1.6389999999999303,126.37267303466797,125.66370614359174,0.7170713797376996,124.9897061549025,112.58738257644771
1.6399999999999302,126.36024475097656,125.66370614359174,0.6987859379643083,123.69867637426387,111.0308331351964
1.64099999999993,126.35511016845703,125.66370614359174,0.6881128824992692,144.9159801200196,129.44459092250656
1.64199999999993,126.35698699951172,125.66370614359174,0.6926369490413135,162.36822880669837,147.16678690287011
1.6429999999999298,126.35147857666016,125.66370614359174,0.69279573652548,141.5289263606939,128.49723302918477
1.6439999999999297,126.34644317626953,125.66370614359174,0.683136872326197,143.87512602501752,129.68308641671692
1.6449999999999296,126.34956359863281,125.66370614359174,0.6829063124273368,167.95681005439917,150.30200868168927
1.6459999999999295,126.36029815673828,125.66370614359174,0.6974405113658939,187.03679810951644,169.56895592791588
1.6469999999999294,126.36347198486328,125.66370614359174,0.7044766951893783,166.21268524456715,150.44218507584566
1.6479999999999293,126.36637878417969,125.66370614359174,0.7020986157708093,167.04875312940334,149.79869218525215
1.6489999999999292,126.37630462646484,125.66370614359174,0.708265596141915,188.29668186821985,167.53314188371775
1.649999999999929,126.39283752441406,125.66370614359174,0.7271015168232215,204.53157895324435,184.26056661058544
1.650999999999929,126.4001693725586,125.66370614359174,0.7364960597121477,179.3586711473614,161.02364446968127
1.6519999999999289,126.40534973144531,125.66370614359174,0.735006571171418,174.94802348063504,155.5943882012054
1.6529999999999287,126.4155502319336,125.66370614359174,0.7395074252506881,190.63615604139864,168.28527408536957
1.6539999999999286,126.43081665039062,125.66370614359174,0.7549677169128522,202.80758805289625,181.142815203292
1.6549999999999285,126.43505096435547,125.66370614359174,0.762512610686108,172.21651060293743,153.2324646861991
1.6559999999999284,126.43538665771484,125.66370614359174,0.7566589985851883,162.45227596088475,143.38526289045765
1.6569999999999283,126.4392318725586,125.66370614359174,0.7539866169817082,173.62919002742768,152.27144812354462
1.6579999999999282,126.44742584228516,125.66370614359174,0.7618125188538805,184.21393973484058,163.27233210751763
1.658999999999928,126.4437484741211,125.66370614359174,0.7660564127280073,150.76069225018566,133.25955428698705
1.659999999999928,126.43566131591797,125.66370614359174,0.7544194048648645,138.81562793624846,122.07402336567786
1.6609999999999279,126.4309310913086,125.66370614359174,0.7439376312460527,149.16083157041194,130.58420008432708
1.6619999999999278,126.43126678466797,125.66370614359174,0.7446828043364276,165.50170109052317,143.36949070950902
1.6629999999999276,126.43565368652344,125.66370614359174,0.7602180225860914,172.94488408687587,153.63852229061916
1.6639999999999275,126.4332504272461,125.66370614359174,0.757482607851425,154.83164927592927,136.45124995063554
1.6649999999999274,126.43172454833984,125.66370614359174,0.752404345787516,158.39717998066294,138.6796451727372
1.6659999999999273,126.43334197998047,125.66370614359174,0.7549776415907649,169.31324532257406,146.6277587878593
1.6669999999999272,126.43724822998047,125.66370614359174,0.7693977601167011,171.91107862723337,152.4103641691468
1.667999999999927,126.432373046875,125.66370614359174,0.7653572059293947,148.08667849068686,130.20737630113334
1.668999999999927,126.42671203613281,125.66370614359174,0.7563035448034903,146.78000752081962,128.2178157551526
1.6699999999999269,126.42341613769531,125.66370614359174,0.7534938106362059,155.17841221755083,134.18067486074315
1.6709999999999268,126.42198944091797,125.66370614359174,0.7621468577981257,156.84094669726323,138.91375611403294
1.6719999999999267,126.41130065917969,125.66370614359174,0.7549146456817891,131.234527771755,115.488325283848
1.6729999999999265,126.39971923828125,125.66370614359174,0.7408940127835764,129.292956684083,113.20614605011629
1.6739999999999264,126.39125061035156,125.66370614359174,0.7331309532658343,139.45878457577788,121.07507372296794
1.6749999999999263,126.38569641113281,125.66370614359174,0.7378607442036148,144.31091684223904,128.43280947324905
1.6759999999999262,126.3717041015625,125.66370614359174,0.7297513423772528,120.71825752025647,107.09101754386762
1.676999999999926,126.35778045654297,125.66370614359174,0.7143594901340485,121.35692410767358,107.24661442515634
1.677999999999926,126.34857177734375,125.66370614359174,0.7062264931021927,135.8200249702321,119.12905141950361
1.6789999999999259,126.3438720703125,125.66370614359174,0.7119859170500378,145.39149682220904,130.5339783664981
1.6799999999999258,126.33184814453125,125.66370614359174,0.7066453560150338,124.9910073423638,112.02945214669008
1.6809999999999257,126.32085418701172,125.66370614359174,0.6945853853658099,128.5027383780579,114.59466717160251
1.6819999999999256,126.31586456298828,125.66370614359174,0.6910119054454436,146.69704698052226,129.7573635359702
1.6829999999999254,126.31645202636719,125.66370614359174,0.7018931967337106,159.38207411129468,143.85198412810047
1.6839999999999253,126.31011199951172,125.66370614359174,0.7014210690980934,140.39498137226045,126.35312518360456
1.6849999999999252,126.30484771728516,125.66370614359174,0.694738461525826,144.44385912671748,129.04781024769756
1.6859999999999251,126.30585479736328,125.66370614359174,0.6969184158790546,163.59015621688988,144.89707895938554
1.686999999999925,126.31240844726562,125.66370614359174,0.7126776659799632,176.2565499011776,158.92049922182318
1.687999999999925,126.31134033203125,125.66370614359174,0.71592502509382,155.59355859288164,139.66408588998402
1.6889999999999248,126.31034851074219,125.66370614359174,0.7124020638571641,157.16867517236764,139.84935904529297
1.6899999999999247,126.31494140625,125.66370614359174,0.7169509016870053,174.48446215867403,153.97635405253658
1.6909999999999246,126.32423400878906,125.66370614359174,0.7335563803610983,184.85918237931278,165.85064635964497
1.6919999999999245,126.32454681396484,125.66370614359174,0.7375046700860913,160.40850266912955,143.15854733811443
1.6929999999999243,126.32347869873047,125.66370614359174,0.7330420865312176,157.95373762425774,139.6874261647458
1.6939999999999242,126.32708740234375,125.66370614359174,0.7352836688722365,172.56716573923887,151.4982499777456
1.6949999999999241,126.33451843261719,125.66370614359174,0.7485513023773681,180.71031306865353,161.1718266169932
1.695999999999924,126.331787109375,125.66370614359174,0.7508997799264397,152.67138455437694,135.47772609518964
1.696999999999924,126.32660675048828,125.66370614359174,0.7427490582091112,146.9711340163696,129.31111258877118
1.6979999999999238,126.32575988769531,125.66370614359174,0.7400449674929876,160.30535094037504,140.2360192514857
1.6989999999999237,126.32857513427734,125.66370614359174,0.7482868782316497,168.30629986714422,149.5033150530415
1.6999999999999236,126.32084655761719,125.66370614359174,0.7486761265517599,138.80258790063803,122.84214876564194
1.7009999999999235,126.31047821044922,125.66370614359174,0.7367492369985313,132.1975590379535,116.17805431848842
1.7019999999999234,126.30499267578125,125.66370614359174,0.7296227756399482,146.76390267776293,128.49344437738588
1.7029999999999232,126.30390167236328,125.66370614359174,0.7341734466136968,157.10007681833167,139.59128199912638
1.7039999999999231,126.29270935058594,125.66370614359174,0.7339988069030049,128.5496430507093,114.06862814182135
1.704999999999923,126.27941131591797,125.66370614359174,0.7204712274016984,123.16883445387688,108.73692979400276
1.705999999999923,126.27194213867188,125.66370614359174,0.711715028924354,140.23898088788323,123.43310008441406
1.7069999999999228,126.27008819580078,125.66370614359174,0.7157384954396376,154.2135999362692,137.61790036808674
1.7079999999999227,126.2589340209961,125.66370614359174,0.7171123143140385,127.82934017597145,114.13398946236725
1.7089999999999226,126.24637603759766,125.66370614359174,0.7049289770245483,124.34237511852635,110.55104666200998
1.7099999999999225,126.24026489257812,125.66370614359174,0.697763460378399,143.2775138962754,126.84093253073861
1.7109999999999224,126.24087524414062,125.66370614359174,0.7042301250093169,160.44669993386665,143.80569412084913
1.7119999999999223,126.23274993896484,125.66370614359174,0.7086522329645425,135.71908797008206,121.73099051338846
1.7129999999999221,126.22350311279297,125.66370614359174,0.699647564932294,133.20944104085945,118.89804488417647
1.713999999999922,126.22083282470703,125.66370614359174,0.6957796462935377,152.6747399704053,135.47758147636443
1.714999999999922,126.22537231445312,125.66370614359174,0.705658814529435,171.2961312558979,153.69933893476184
1.7159999999999218,126.22108459472656,125.66370614359174,0.7131151652854164,146.4726044991231,131.40453209863193
1.7169999999999217,126.21530151367188,125.66370614359174,0.7069037331814928,143.07129097919147,127.63640336857078
1.7179999999999216,126.21554565429688,125.66370614359174,0.7051745828021728,161.19582105569637,142.84251177586975
1.7189999999999215,126.22288513183594,125.66370614359174,0.7166643215508174,179.5662591685187,160.74959748698882
1.7199999999999214,126.22074127197266,125.66370614359174,0.7257117560752564,152.97725083018685,136.82456223596887
1.7209999999999213,126.21627807617188,125.66370614359174,0.7201579878376843,147.22957548055857,130.96327292339728
1.7219999999999211,126.21695709228516,125.66370614359174,0.7177054082439848,162.91194517650024,143.92872336315523
1.722999999999921,126.22437286376953,125.66370614359174,0.7278502179394358,180.5203336817135,160.96157774493872
1.723999999999921,126.22156524658203,125.66370614359174,0.7368766168170043,151.69869917645386,135.14308554807732
1.7249999999999208,126.21564483642578,125.66370614359174,0.7298788040277836,143.49549323465325,127.27597437883784
1.7259999999999207,126.2141342163086,125.66370614359174,0.724373899033519,157.0463741510362,138.41739327366355
1.7269999999999206,126.21930694580078,125.66370614359174,0.7312052040056986,178.02781386773597,155.28892535647742
1.7279999999999205,126.22982025146484,125.66370614359174,0.7530282778025719,189.38929902686093,168.78428271142766
1.7289999999999204,126.23372650146484,125.66370614359174,0.7569136205199744,172.15190093906884,152.10840456425643
1.7299999999999203,126.23826599121094,125.66370614359174,0.7579852739356527,175.44502787773314,153.70423666555686
1.7309999999999202,126.2462158203125,125.66370614359174,0.7663521242243458,187.2755155411668,162.34901412080293
1.73199999999992,126.25635528564453,125.66370614359174,0.7852696425436346,189.85277381701934,167.88240034601097
1.73299999999992,126.25653076171875,125.66370614359174,0.7857266923054252,162.96606464879545,142.7240829146134
1.7339999999999198,126.25440216064453,125.66370614359174,0.7795290728354269,157.68193647813376,136.91090805311612
1.7349999999999197,126.25386810302734,125.66370614359174,0.7782010560726939,163.88203041532702,140.916026991509
1.7359999999999196,126.2542495727539,125.66370614359174,0.7866965700896014,163.206867323928,143.25423100004824
1.7369999999999195,126.24353790283203,125.66370614359174,0.780696888835053,132.3550644341074,115.20601516732194
1.7379999999999194,126.23001861572266,125.66370614359174,0.7650801332988165,125.00389445336194,108.13310985578123
1.7389999999999193,126.21880340576172,125.66370614359174,0.7537044078149497,132.55580181067558,113.911814305576
1.7399999999999192,126.20977020263672,125.66370614359174,0.753593200999907,135.78008453408955,119.41501134894901
1.740999999999919,126.19086456298828,125.66370614359174,0.744037036309277,107.7447455499742,94.48935745858238
1.741999999999919,126.1707763671875,125.66370614359174,0.7237110246799877,104.45767959156521,91.46912104304062
1.7429999999999188,126.15545654296875,125.66370614359174,0.7087768953753864,118.5867046009003,103.4837861155986
1.7439999999999187,126.14494323730469,125.66370614359174,0.707643012945543,129.4464633645886,115.61163947449667
1.7449999999999186,126.12676239013672,125.66370614359174,0.70032478928597,107.4829024016991,96.22902101547828
1.7459999999999185,126.10943603515625,125.66370614359174,0.6832879587707202,110.11641865372906,98.38254017987562
1.7469999999999184,126.09930419921875,125.66370614359174,0.6741632930061321,131.1567875676923,116.51162572137943
1.7479999999999183,126.09611511230469,125.66370614359174,0.6807126233199697,148.05862621383076,133.99984616676122
1.7489999999999182,126.08656311035156,125.66370614359174,0.6806033846413487,130.28509804783087,117.97045288321172
1.749999999999918,126.07868194580078,125.66370614359174,0.672596070157204,135.8401260569895,122.14887795664941
1.750999999999918,126.078857421875,125.66370614359174,0.6743104807102338,159.71445344171707,142.4764255111442
1.7519999999999178,126.08633422851562,125.66370614359174,0.6908944195271611,177.5925616455332,160.89381913832315
1.7529999999999177,126.0869369506836,125.66370614359174,0.6976285797466583,158.94655344964968,143.5605588391213
1.7539999999999176,126.088134765625,125.66370614359174,0.6967643348615541,162.1993420419427,145.06173234138535
1.7549999999999175,126.0964584350586,125.66370614359174,0.7051090528514252,183.72646443269545,163.02825285257472
1.7559999999999174,126.11077117919922,125.66370614359174,0.7256457718834297,197.94716380030818,178.17170506992164
1.7569999999999173,126.11622619628906,125.66370614359174,0.7343129060401162,173.99540623428007,155.84926225415265
1.7579999999999172,126.12006378173828,125.66370614359174,0.7336765785712462,171.2577795993119,151.75858228800092
1.758999999999917,126.12925720214844,125.66370614359174,0.7402172531382007,187.78510898267137,165.29342287110688
1.759999999999917,126.1426773071289,125.66370614359174,0.7568454087109187,197.25439972813658,175.97359749698703
1.7609999999999169,126.14512634277344,125.66370614359174,0.7630477505532821,167.11550154106865,148.30473703739978
1.7619999999999167,126.14398956298828,125.66370614359174,0.7571998903948892,158.41158408414685,139.240184963448
1.7629999999999166,126.14668273925781,125.66370614359174,0.7557317933584312,170.35669009635822,148.92498044064848
1.7639999999999165,126.15283203125,125.66370614359174,0.7640692312048984,178.09955357475553,157.64939897301085
1.7649999999999164,126.14712524414062,125.66370614359174,0.7663742354494633,144.87622802804262,127.72821961312466
1.7659999999999163,126.13728332519531,125.66370614359174,0.7540017264011081,133.88760550593014,117.28495855562336
1.7669999999999162,126.13117218017578,125.66370614359174,0.7439365744209576,145.12021154085784,126.68771675799901
1.767999999999916,126.12938690185547,125.66370614359174,0.7447750616035881,155.77294646284253,137.60474151853663
1.768999999999916,126.11648559570312,125.66370614359174,0.7447554770607152,124.0388861416449,109.53041673770552
1.7699999999999159,126.10040283203125,125.66370614359174,0.7285376489037904,115.16025131256272,101.50601907219806
1.7709999999999158,126.08927154541016,125.66370614359174,0.7141504568573211,129.55894063609574,113.97148595191774
1.7719999999999156,126.08445739746094,125.66370614359174,0.7125957734696128,149.1982446025736,129.90028918412636
1.7729999999999155,126.08514404296875,125.66370614359174,0.727681549845188,160.59897011828747,143.78162827440826
1.7739999999999154,126.0809555053711,125.66370614359174,0.7249842421924264,147.83464212077158,131.45918783917125
1.7749999999999153,126.0796127319336,125.66370614359174,0.7219331388214772,156.8997589456488,138.65664824225956
1.7759999999999152,126.0828857421875,125.66370614359174,0.7281213863451763,168.51547605565602,150.28427240308278
1.776999999999915,126.0743637084961,125.66370614359174,0.7329944151515746,135.16505419161203,120.5351342912398
1.777999999999915,126.0617904663086,125.66370614359174,0.7201865531338232,123.93252236279372,110.30988937631332
1.7789999999999149,126.05330657958984,125.66370614359174,0.7074145289049637,136.0716087823486,120.59792858970856
1.7799999999999148,126.05150604248047,125.66370614359174,0.7069108955462896,156.65750119080056,137.45478055074946
1.7809999999999147,126.05558013916016,125.66370614359174,0.7227115465951679,169.46238147440724,152.2649446008691
1.7819999999999145,126.05416107177734,125.66370614359174,0.722535954208265,155.01359409851477,138.4179348510693
1.7829999999999144,126.0549087524414,125.66370614359174,0.7204924722663159,162.3384130181245,143.880525002601
1.7839999999999143,126.06072998046875,125.66370614359174,0.7275820721667563,178.61038963870487,156.66077444629283
1.7849999999999142,126.0705795288086,125.66370614359174,0.7472618325848404,186.35341098445824,166.86030188179447
1.785999999999914,126.07254028320312,125.66370614359174,0.7488893839385162,165.3793412722657,146.95244330186418
1.786999999999914,126.0742416381836,125.66370614359174,0.7461626835917986,166.02457508176494,146.31972281830565
1.7879999999999139,126.07929229736328,125.66370614359174,0.7503469362154822,177.34351625570494,154.7575195979856
1.7889999999999138,126.08682250976562,125.66370614359174,0.7654153863254487,180.8871623977003,161.0304393716349
1.7899999999999137,126.08465576171875,125.66370614359174,0.7639330562207439,154.54747006342183,136.577044881573
1.7909999999999136,126.08073425292969,125.66370614359174,0.7554688583625605,150.67057006353292,132.13689367448805
1.7919999999999134,126.07958984375,125.66370614359174,0.7527198283814037,160.01908595715213,139.1385226308642
1.7929999999999133,126.08070373535156,125.66370614359174,0.7608953390420449,163.23190927443648,144.84523866471307
1.7939999999999132,126.0717544555664,125.66370614359174,0.7560174055882185,135.34023370726416,119.4622173678895
1.794999999999913,126.0610122680664,125.66370614359174,0.7421558286022337,130.958150526244,114.92699925800585
1.795999999999913,126.05393981933594,125.66370614359174,0.7338402836538555,142.39420977826597,124.15873444828243
1.796999999999913,126.05027770996094,125.66370614359174,0.7376119657825888,149.1359248159765,132.75510230046962
1.7979999999999128,126.03742218017578,125.66370614359174,0.731897774527022,123.30980510397967,109.55747726439125
1.7989999999999127,126.02375030517578,125.66370614359174,0.7164175189097822,121.49562998880302,107.49883438593653
1.7999999999999126,126.01541900634766,125.66370614359174,0.7073439393123445,137.42156136592644,120.93724729337883
1.8009999999999124,126.01216888427734,125.66370614359174,0.7118277875789979,149.0795076953177,133.7557675804993
1.8019999999999123,126.0008773803711,125.66370614359174,0.7088000691467506,126.46766412857555,113.4593849849982
1.8029999999999122,125.98973846435547,125.66370614359174,0.6963257901259078,127.55208900849054,113.84295179811856
1.8039999999999121,125.98532104492188,125.66370614359174,0.6915864657797617,147.41922125520122,130.7621269446759
1.804999999999912,125.98713684082031,125.66370614359174,0.7010443428546709,162.39389129326156,146.47590470659523
1.805999999999912,125.98135375976562,125.66370614359174,0.7027566477597894,141.29233484321378,127.30547238379106
1.8069999999999118,125.9758071899414,125.66370614359174,0.6954212033140337,143.04151956805984,127.91001312245389
1.8079999999999117,125.97734069824219,125.66370614359174,0.6964827447718949,164.12140118520065,145.7605769258709
1.8089999999999116,125.98518371582031,125.66370614359174,0.7109085727776467,179.32450845320025,161.64559593582078
1.8099999999999115,125.98477172851562,125.66370614359174,0.7163567577412098,156.6931129537067,140.8653830413271
1.8109999999999113,125.98365020751953,125.66370614359174,0.7122087566210105,156.11301864335027,139.05770483861073
1.8119999999999112,125.989013671875,125.66370614359174,0.715887406033073,175.5935293975794,155.40718127352045
1.8129999999999111,125.99989318847656,125.66370614359174,0.7313641070288552,188.72697258762958,169.33820094069716
1.813999999999911,126.0011978149414,125.66370614359174,0.7377105474020638,162.39470938450887,145.199700896209
1.814999999999911,126.00033569335938,125.66370614359174,0.7328540353075822,157.69824351929344,139.73911076519192
1.8159999999999108,126.00469970703125,125.66370614359174,0.7338847479635688,173.6142693923685,152.93121683649667
1.8169999999999107,126.01383209228516,125.66370614359174,0.7458557134401449,184.88242257147814,164.9464405773369
1.8179999999999106,126.01226806640625,125.66370614359174,0.7507850631629658,155.14965141289724,137.98153566264313
1.8189999999999105,126.00749969482422,125.66370614359174,0.7424473360591689,147.15862543624652,129.92324169345252
1.8199999999999104,126.00715637207031,125.66370614359174,0.7379192144575254,160.60053003568254,141.06398093901382
1.8209999999999102,126.01160430908203,125.66370614359174,0.7444986353597507,172.29759511143126,153.12502465856593
1.8219999999999101,126.00509643554688,125.66370614359174,0.747667643584405,141.4727793521885,125.54082649394923
1.82299999999991,125.99530792236328,125.66370614359174,0.7357842417720266,132.72054046280368,117.23778108553068
1.82399999999991,125.99007415771484,125.66370614359174,0.7263937231140343,146.31737614968387,128.71574842286557
1.8249999999999098,125.9905776977539,125.66370614359174,0.729041317299724,161.01798537658743,143.16504758475872
1.8259999999999097,125.98076629638672,125.66370614359174,0.7319036223040198,131.63663595856127,117.16835285263983
1.8269999999999096,125.96832275390625,125.66370614359174,0.7187380044107238,124.41290511720806,110.52134611899723
1.8279999999999095,125.96117401123047,125.66370614359174,0.7077450867896681,140.0128640599384,123.86485129704572
1.8289999999999094,125.96116638183594,125.66370614359174,0.7100891708805563,162.02529285340637,141.84234110375039
1.8299999999999093,125.9672622680664,125.66370614359174,0.7290348411934438,175.27987290672237,157.2122338040515
1.8309999999999091,125.9682846069336,125.66370614359174,0.7303345640064332,162.26326027612535,144.4629899660027
1.831999999999909,125.97171783447266,125.66370614359174,0.7308784164248536,170.34696298936018,150.5208701561271
1.832999999999909,125.9797592163086,125.66370614359174,0.7402490264353334,181.9850369048723,162.13275767965692
1.8339999999999088,125.97529602050781,125.66370614359174,0.7476957749850088,146.831909122558,130.64904547155214
1.8349999999999087,125.96580505371094,125.66370614359174,0.736720037582284,132.9099209230323,117.94689161442628
1.8359999999999086,125.95927429199219,125.66370614359174,0.7244155755868038,142.01388057429966,125.41075687277666
1.8369999999999085,125.95893859863281,125.66370614359174,0.723377769101611,161.16791327291432,141.02269758212017
1.8379999999999084,125.96395111083984,125.66370614359174,0.7377195729304001,172.63307097795544,154.48028141190582
1.8389999999999083,125.96236419677734,125.66370614359174,0.7372126990496929,154.96391889630652,137.8691727504532
1.8399999999999082,125.96185302734375,125.66370614359174,0.7329137372610153,159.16653864519407,140.5678196408289
1.840999999999908,125.96609497070312,125.66370614359174,0.7369747826287094,174.35263194503804,152.5490158612983
1.841999999999908,125.97413635253906,125.66370614359174,0.7532630707084215,181.64366522172807,162.14891330095807
1.8429999999999078,125.97357177734375,125.66370614359174,0.7536817336079934,158.36739629416374,140.44148093529245
1.8439999999999077,125.97212219238281,125.66370614359174,0.7478482021431097,157.10848683805997,138.23873881177687
1.8449999999999076,125.97428131103516,125.66370614359174,0.7485447736291683,168.84359274353812,147.30226955492196
1.8459999999999075,125.97928619384766,125.66370614359174,0.7603207899444643,173.6968906906842,154.50577688637114
1.8469999999999074,125.97447967529297,125.66370614359174,0.7582500101129769,146.72708963635452,129.7707046303002
1.8479999999999073,125.9678726196289,125.66370614359174,0.7476768938535833,142.5727531296736,125.22133407786592
1.8489999999999072,125.96485137939453,125.66370614359174,0.7427758736616183,153.93184163321345,134.26192882071845
1.849999999999907,125.9649658203125,125.66370614359174,0.7492891796016778,159.85895941147464,142.15323825854458
1.850999999999907,125.95530700683594,125.66370614359174,0.7452617436687446,132.59197235343268,117.51284255171352
1.8519999999999068,125.944091796875,125.66370614359174,0.7312464878124122,128.86532013240324,113.60168153626341
1.8529999999999067,125.93756103515625,125.66370614359174,0.7230094460136889,142.96470144450603,125.36427805555275
1.8539999999999066,125.93537902832031,125.66370614359174,0.7273147098966444,152.6042810530948,136.3444061160322
1.8549999999999065,125.92426300048828,125.66370614359174,0.7238971458747517,127.4668757605243,113.801792532651
1.8559999999999064,125.91241455078125,125.66370614359174,0.7100575557337688,126.01489390016181,111.964233757576
1.8569999999999063,125.90666198730469,125.66370614359174,0.7029097553448285,144.01177685033682,127.30418542465041
1.8579999999999062,125.9066162109375,125.66370614359174,0.7093440997292387,157.57602702511338,141.65995027130322
1.858999999999906,125.89836883544922,125.66370614359174,0.7091749398153896,134.62240711540866,121.00974972529433
1.859999999999906,125.8899154663086,125.66370614359174,0.6987861920244277,134.87288438365647,120.46740730427155
1.8609999999999058,125.88845825195312,125.66370614359174,0.6960918821304624,155.51950652914454,138.10299242606632
1.8619999999999057,125.89338684082031,125.66370614359174,0.7070243085516931,171.05007883849632,154.1593241692398
1.8629999999999056,125.89009857177734,125.66370614359174,0.7108532374107206,148.28554621656892,133.47864833812224
1.8639999999999055,125.88626098632812,125.66370614359174,0.704369358180152,147.95894872637487,132.09760375063917
1.8649999999999054,125.88939666748047,125.66370614359174,0.7057046667240665,168.6326318046873,149.64701171786984
1.8659999999999053,125.89869689941406,125.66370614359174,0.7196539406210164,183.6718392929229,165.19775361014374
1.8669999999999052,125.89895629882812,125.66370614359174,0.7258935779197652,158.7016845290124,142.4089845430893
1.867999999999905,125.89759063720703,125.66370614359174,0.7208441576878786,155.45414069454787,138.34541260792923
1.868999999999905,125.90205383300781,125.66370614359174,0.7220038850695727,173.0158006799403,153.00497847077466
1.8699999999999048,125.91212463378906,125.66370614359174,0.734907360420851,186.67149957208096,167.1422716675151
1.8709999999999047,125.91210174560547,125.66370614359174,0.7411591205507368,158.678982840483,141.73014180269388
1.8719999999999046,125.90937042236328,125.66370614359174,0.7344599665928102,152.15807910299873,134.92576783408734
1.8729999999999045,125.91146850585938,125.66370614359174,0.7320358787730894,166.8470762399614,147.07322853449386
1.8739999999999044,125.9189224243164,125.66370614359174,0.7410947845918149,180.10224876496707,160.56547325346364
1.8749999999999043,125.91567993164062,125.66370614359174,0.7462220793153415,150.10840443645301,133.6183949091538
1.8759999999999042,125.90919494628906,125.66370614359174,0.7366092996800987,141.680706136342,125.45832366699716
1.876999999999904,125.90717315673828,125.66370614359174,0.7296488952048663,155.18385751394413,136.70095982167481
1.877999999999904,125.91095733642578,125.66370614359174,0.7345834893374786,170.03681826765433,151.30806806022994
1.8789999999999039,125.9041519165039,125.66370614359174,0.7390016526981807,140.03923036467754,124.65200501369894
1.8799999999999037,125.89427947998047,125.66370614359174,0.7273097360497071,131.71308786583415,116.91516829253602
1.8809999999999036,125.88917541503906,125.66370614359174,0.7173537491001261,145.9177270959869,128.91042140496296
1.8819999999999035,125.89091491699219,125.66370614359174,0.7202020299591149,167.10993302350758,146.12529365167853
1.8829999999999034,125.89839172363281,125.66370614359174,0.739034208162171,179.41655188647178,160.6015057884479
1.8839999999999033,125.90017700195312,125.66370614359174,0.7403545720311389,164.62705130259445,146.27499364548012
1.8849999999999032,125.90372467041016,125.66370614359174,0.7400617019591931,170.9054457357276,150.6984594852173
1.885999999999903,125.91155242919922,125.66370614359174,0.7481491214887267,185.09891093608445,161.5025216025498
1.886999999999903,125.92252349853516,125.66370614359174,0.7678497241067787,190.1887325418699,169.43320869561418
1.8879999999999029,125.92477416992188,125.66370614359174,0.7684984304901334,166.94549562802692,147.47753927863042
1.8889999999999028,125.92596435546875,125.66370614359174,0.7642673985414427,165.23230533637502,144.79461734916035
1.8899999999999026,125.92955780029297,125.66370614359174,0.7660733154973478,173.89117666679016,150.88241965150445
1.8909999999999025,125.93480682373047,125.66370614359174,0.7782175482488568,175.00950422237676,155.03660286788661
1.8919999999999024,125.92974853515625,125.66370614359174,0.7740083009381109,146.77811200036766,129.06559621662632
1.8929999999999023,125.92250061035156,125.66370614359174,0.7620802622554683,141.4792126920246,123.56623412376514
1.8939999999999022,125.91768646240234,125.66370614359174,0.755347063548399,149.6656758726082,129.67635272961485
1.894999999999902,125.91499328613281,125.66370614359174,0.7596820052149272,152.44388510175696,135.0050181649405
1.895999999999902,125.90234375,125.66370614359174,0.7519762293555079,124.62407454632928,109.9365166105614
1.8969999999999019,125.88824462890625,125.66370614359174,0.7349071525344427,120.92502110751892,106.2483033271229
1.8979999999999018,125.87824249267578,125.66370614359174,0.723524779644262,133.4066159505849,116.56735174338006
1.8989999999999017,125.87225341796875,125.66370614359174,0.7250133343049542,141.7955331429128,126.65644639811936
1.8999999999999015,125.85781860351562,125.66370614359174,0.7179766996670641,117.96141252318836,105.39044498907431
1.9009999999999014,125.84343719482422,125.66370614359174,0.7016009561193105,118.45694045805246,105.48930032926219
1.9019999999999013,125.83524322509766,125.66370614359174,0.6925448980269402,136.7331821041693,121.0663335790718
1.9029999999999012,125.8330078125,125.66370614359174,0.6980241233323035,150.7519345472632,136.06157035167882
1.903999999999901,125.82359313964844,125.66370614359174,0.6959150441291999,130.6535202552797,117.96379203894706
1.904999999999901,125.81512451171875,125.66370614359174,0.6854690389185966,134.10517311358367,120.34096412680992
1.9059999999999009,125.81403350830078,125.66370614359174,0.683938511104711,155.9362575032177,138.914110928763
1.9069999999999008,125.8197250366211,125.66370614359174,0.696945878982455,172.28600548561226,155.97416604692057
1.9079999999999007,125.8182144165039,125.66370614359174,0.7007884834215266,152.57462063540498,137.85074381220252
1.9089999999999006,125.81716918945312,125.66370614359174,0.6966371153476832,155.26343101249512,139.04164224856018
1.9099999999999004,125.82328033447266,125.66370614359174,0.7015398872815775,176.66881558256603,157.02690160384068
1.9109999999999003,125.83557891845703,125.66370614359174,0.7192282300167393,191.42318966371673,172.63887115064117
1.9119999999999002,125.83937072753906,125.66370614359174,0.7261142091018871,168.29888816270673,151.21875480546856
1.9129999999999001,125.84202575683594,125.66370614359174,0.7238324837873742,166.80443044425456,148.3733336455318
1.9139999999999,125.85065460205078,125.66370614359174,0.7292971988463697,184.94902891668127,163.42814469204612
1.9149999999999,125.86421203613281,125.66370614359174,0.7456413225219576,196.3002533637582,175.83744727334067
1.9159999999998998,125.86748504638672,125.66370614359174,0.7518293976106702,168.12711154863138,149.97176115790285
1.9169999999998997,125.86786651611328,125.66370614359174,0.7465877884644739,161.44121183819928,142.68592540423674
1.9179999999998996,125.87276458740234,125.66370614359174,0.7466050016403014,175.3165265050435,154.05307840895253
1.9189999999998995,125.88179779052734,125.66370614359174,0.7569435138589435,184.84064420672996,164.48687653838414
1.9199999999998993,125.87950134277344,125.66370614359174,0.760481309089004,153.28249418329057,135.96127225234437
1.9209999999998992,125.87346649169922,125.66370614359174,0.7501548208136022,143.64373968058493,126.55253031524792
1.9219999999998991,125.8714370727539,125.66370614359174,0.7429330226147607,155.7809856599129,136.6243237288095
1.922999999999899,125.87399291992188,125.66370614359174,0.7466839699058446,166.97699084738503,148.15672334939194
1.923999999999899,125.86542510986328,125.66370614359174,0.748193934864282,135.51272847909345,120.16254397959193
1.9249999999998988,125.85352325439453,125.66370614359174,0.7340932412061739,126.44051853557706,111.76086478940393
1.9259999999998987,125.84628295898438,125.66370614359174,0.7221132219678355,140.16467896771954,123.4724318808217
1.9269999999998986,125.8451156616211,125.66370614359174,0.7225417226378263,159.19453140532866,138.76181833713048
1.9279999999998985,125.84911346435547,125.66370614359174,0.738886146491085,169.6017699243511,151.76441766632243
1.9289999999998984,125.84765625,125.66370614359174,0.7368171317107626,155.35070493702037,138.0139982306021
1.9299999999998982,125.8484115600586,125.66370614359174,0.7340093653376946,162.69833146602232,143.60032968236203
1.9309999999998981,125.85331726074219,125.66370614359174,0.7398854355014299,173.02843949013368,154.06557080635625
1.931999999999898,125.84579467773438,125.66370614359174,0.7443236519331774,137.91254999666975,122.75135571898011
1.932999999999898,125.83357238769531,125.66370614359174,0.7305688176963167,124.82165362853911,110.9205327070186
1.9339999999998978,125.82484436035156,125.66370614359174,0.716048910710632,135.2341927884402,119.70951891112523
1.9349999999998977,125.82254791259766,125.66370614359174,0.7133210212306995,154.96849576688953,135.89513816879142
1.9359999999998976,125.82596588134766,125.66370614359174,0.7267110707766298,167.30980613034652,150.2549425438924
1.9369999999998975,125.82357025146484,125.66370614359174,0.7250537783026838,151.8273654886791,135.63177446224367
1.9379999999998974,125.8231201171875,125.66370614359174,0.7208026962809864,158.43339252517345,140.5347938418839
1.9389999999998973,125.82792663574219,125.66370614359174,0.7257244715692673,175.06740767950822,153.77064724309284
1.9399999999998971,125.8370590209961,125.66370614359174,0.7435168591877044,183.65299628164294,164.66546750781433
1.940999999999897,125.83837890625,125.66370614359174,0.744431140095247,162.7931651376329,145.00325730351915
1.941999999999897,125.83959197998047,125.66370614359174,0.7405827861870222,163.79067793988904,144.73479909080555
1.9429999999998968,125.84469604492188,125.66370614359174,0.7439895577273902,176.51582022225796,154.5429668054469
1.9439999999998967,125.85286712646484,125.66370614359174,0.7586363432826382,181.75211427661407,162.26840520557906
1.9449999999998966,125.85161590576172,125.66370614359174,0.7576318122763278,156.16937128029804,138.55761216073873
1.9459999999998965,125.8488540649414,125.66370614359174,0.7495075392264533,153.03220153240596,134.74602635008557
1.9469999999998964,125.84947967529297,125.66370614359174,0.7475030185401271,164.02243217674186,143.27200039292728
1.9479999999998963,125.85292053222656,125.66370614359174,0.756594938372938,168.85265355957955,150.37068279805897
1.9489999999998961,125.84645080566406,125.66370614359174,0.7530946861778709,141.45634484575834,125.40511780516773
1.949999999999896,125.83821105957031,125.66370614359174,0.7405495437752115,137.30845964192707,120.96772883763771
1.950999999999896,125.83402252197266,125.66370614359174,0.7338145691916809,149.7858950853073,131.1362498285539
1.9519999999998958,125.8335189819336,125.66370614359174,0.7390211055179028,157.3528651386729,140.41322954312122
1.9529999999998957,125.8236312866211,125.66370614359174,0.7349029744667754,131.10984368622073,116.7775170713674
1.9539999999998956,125.81260681152344,125.66370614359174,0.7207433882224294,128.53858655160752,113.90852131402127
1.9549999999998955,125.80697631835938,125.66370614359174,0.7129335805768798,144.60187179973013,127.47190865243017
1.9559999999998954,125.80640411376953,125.66370614359174,0.7182120473153734,156.23804653049848,140.19532597712708
1.9569999999998953,125.79728698730469,125.66370614359174,0.716219323388639,132.30536292461014,118.69227483665993
1.9579999999998952,125.7877426147461,125.66370614359174,0.704070753489362,131.83661619607068,117.60295776126466
1.958999999999895,125.78479766845703,125.66370614359174,0.6992678553851829,151.30414916668042,134.2148273285825
1.959999999999895,125.78795623779297,125.66370614359174,0.708109863405838,165.97083603188662,149.54915369001847
1.9609999999998948,125.7829360961914,125.66370614359174,0.7099623672848049,143.2306316820024,128.974463026144
1.9619999999998947,125.77755737304688,125.66370614359174,0.7017020464129157,143.29879691719864,128.07052707420385
1.9629999999998946,125.77923583984375,125.66370614359174,0.7013905367578086,164.155068637825,145.83254804780506
1.9639999999998945,125.78722381591797,125.66370614359174,0.7141554204308311,179.4864899610797,161.70035737360436
1.9649999999998944,125.78656005859375,125.66370614359174,0.7193027627253973,155.60431282203982,139.9334075767515
1.9659999999998943,125.78477478027344,125.66370614359174,0.7137308409946753,153.75150759289494,137.12551317850793
1.9669999999998942,125.78934478759766,125.66370614359174,0.715193987860989,172.7565841302716,153.1102478893237
1.967999999999894,125.79981231689453,125.66370614359174,0.7287734169669494,187.08645330792754,167.95669334543808
1.968999999999894,125.80064392089844,125.66370614359174,0.7350360989097635,160.47344379268267,143.73131805451095
1.9699999999998938,125.79925537109375,125.66370614359174,0.7291773310711445,155.40838129741587,138.12466270619998
1.9709999999998937,125.80310821533203,125.66370614359174,0.7285110004617131,171.33763264024896,151.33769591301373
1.9719999999998936,125.81245422363281,125.66370614359174,0.7394380770562429,184.78627634884623,165.15355272547683
1.9729999999998935,125.81133270263672,125.66370614359174,0.7450722915743632,155.61936128586385,138.82612035294503
1.9739999999998934,125.80716705322266,125.66370614359174,0.736797771203372,147.93252925784387,131.16026775304778
1.9749999999998933,125.80757904052734,125.66370614359174,0.731900635425283,161.83400381966572,142.6730708001256
1.9759999999998932,125.8135986328125,125.66370614359174,0.7387133526526538,175.98257612346734,156.80096372506858
1.976999999999893,125.80892944335938,125.66370614359174,0.7434296379388323,145.85991243568355,129.90503248183296
1.977999999999893,125.80106353759766,125.66370614359174,0.7326207755333288,137.32086622308495,121.82982465978917
1.9789999999998928,125.79776000976562,125.66370614359174,0.7239028151903615,151.04687675933337,133.33139312965588
1.9799999999998927,125.80086517333984,125.66370614359174,0.7275800985293162,171.0879602161079,149.4416663557822
1.9809999999998926,125.80925750732422,125.66370614359174,0.7466904545771601,182.0052591250553,162.76001040923728
1.9819999999998925,125.8116455078125,125.66370614359174,0.7474366604454774,166.3967419993183,147.65160934058622
1.9829999999998924,125.81549835205078,125.66370614359174,0.7466309573239204,171.84468934137732,151.34574077262008
1.9839999999998923,125.82320404052734,125.66370614359174,0.7538922072327602,181.45145308906703,161.05308934254296
1.9849999999998922,125.81761169433594,125.66370614359174,0.7598448449593401,143.96459409131572,127.57986853187147
1.985999999999892,125.80628204345703,125.66370614359174,0.7465242393572,127.89671184421255,113.12938807421814
1.986999999999892,125.79736328125,125.66370614359174,0.7308444496378479,135.26729187339294,119.1984888577854
1.9879999999998919,125.79443359375,125.66370614359174,0.7259813506063044,153.61740327187596,134.25247928345283
1.9889999999998917,125.79679870605469,125.66370614359174,0.7366514438534014,164.9798577388316,147.57038088719585
1.9899999999998916,125.79251098632812,125.66370614359174,0.733924299414756,146.91365425874338,130.83508529909713
1.9909999999998915,125.7894058227539,125.66370614359174,0.7267865620738484,151.2280910095643,133.7965298793339
1.9919999999998914,125.79151916503906,125.66370614359174,0.7282741948065526,167.52555288090943,146.93270112975918
1.9929999999998913,125.79802703857422,125.66370614359174,0.7426816159621047,176.52608277411184,158.00073111221806
1.9939999999998912,125.79640197753906,125.66370614359174,0.7425439346383009,154.48137252816147,137.54365460763597
1.994999999999891,125.79444885253906,125.66370614359174,0.7361178125431398,154.69386905910827,136.7122189125464
1.995999999999891,125.79692077636719,125.66370614359174,0.736869944853656,168.6403550043886,147.83284889537478
1.9969999999998909,125.80306243896484,125.66370614359174,0.7493141904958867,175.829529495313,157.09469174027365
1.9979999999998908,125.79996490478516,125.66370614359174,0.748421275810346,150.51551321678306,133.83701550203486
1.9989999999998906,125.7955551147461,125.66370614359174,0.7393741686839977,147.8488653725144,130.5206281998134
1.9999999999998905,125.79539489746094,125.66370614359174,0.7366786475423667,161.09608443256204,141.2266402483285
