t,omega,omega_ref,i_rms,p_el,p_mech
0.001,-0.05152498185634613,0.0,0.0,0.0,-0.0
0.002,-0.10304378718137741,0.13089969389957473,0.0036092709057610815,0.20391141517591993,-0.0
0.003,-0.15455640852451324,0.26179938779914946,0.010408572145280999,-0.0940801071655207,-3.476132211757934e-08
0.004,-0.206062451004982,0.39269908169872414,0.09555521311280477,3.126405734386128,-1.7670141187527842e-06
0.005,-0.25756222009658813,0.5235987755982989,0.17519123988524432,-6.385542985291762,-2.766158865149975e-06
0.006,-0.30906379222869873,0.6544984694978736,0.007307379834199407,0.17637999765923862,4.6177193395051155e-05
0.007,-0.3605703115463257,0.7853981633974483,0.13161812269499926,3.1348101921098865,0.00013389945810442986
0.008,-0.4120197594165802,0.9162978572970231,0.19885500965264824,-4.666443728512243,-0.00026651279655065497
0.009000000000000001,-0.463500052690506,1.0471975511965979,0.0750744143303028,-0.9031459057939175,4.316850523848327e-05
0.010000000000000002,-0.5150275230407715,1.1780972450961726,0.0756339266584755,-0.1765564433995901,0.0005977222209303351
0.011000000000000003,-0.5665457248687744,1.3089969389957474,0.11594701678517644,0.99050634198942,0.000622611010276748
0.012000000000000004,-0.6180391907691956,1.4398966328953224,0.1723985889128571,-3.5009147227639605,0.0004490677883941678
0.013000000000000005,-0.6695375442504883,1.5707963267948972,0.10551735183308592,-1.5172116112280032,0.0006348188599654275
0.014000000000000005,-0.7210236191749573,1.701696020694472,0.06817718596431864,-0.8112144534949971,0.0005957762824811153
0.015000000000000006,-0.7724544405937195,1.832595714594047,0.06273149595862466,0.13234463264461493,-0.00011956460666062517
0.016000000000000007,-0.8238500952720642,1.9634954084936218,0.12267368704139743,-2.0160866691968966,-0.0006062714303603033
0.017000000000000008,-0.8753509521484375,2.0943951023931966,0.12951852136728234,0.6445139956522243,0.001305978678216056
0.01800000000000001,-0.9269497990608215,2.2252947962927716,0.15650328606797298,-0.48331845623964753,0.0033129564059042084
0.01900000000000001,-0.9785487055778503,2.356194490192346,0.12428926054643157,-2.3005943888570153,0.0036208339742501957
0.02000000000000001,-1.0300016403198242,2.487094184091921,0.039528367109219295,-0.6840973931328507,0.000930106641957274
0.02100000000000001,-1.0812476873397827,2.617993877991496,0.10675636505247271,3.5746380772813615,-0.0033634165003143457
0.022000000000000013,-1.1324588060379028,2.748893571891071,0.21925000094443736,-1.6526014649126828,-0.004173755049194933
0.023000000000000013,-1.1839869022369385,2.8797932657906453,0.171337632018102,-2.094472586774474,0.003285774556166018
0.024000000000000014,-1.2355577945709229,3.0106929596902203,0.08702102149617519,-0.0926230074419978,0.0046398793381988625
0.025000000000000015,-1.2871721982955933,3.1415926535897953,0.06894118768719651,-0.9680538661201878,0.006112327396350089
0.026000000000000016,-1.338438630104065,3.27249234748937,0.048335497943970705,1.098382265669186,-0.0027913910694542525
0.027000000000000017,-1.3893210887908936,3.403392041388945,0.1598310338928531,0.17970726411873794,-0.013397269028203717
0.028000000000000018,-1.44062077999115,3.53429173528852,0.19518441459110733,1.2613432961101894,-0.0016972989239364463
0.02900000000000002,-1.4923793077468872,3.6651914291880945,0.19220025725312034,-1.464538542769706,0.012122137571327673
0.03000000000000002,-1.544098973274231,3.7960911230876695,0.11325197365470892,-1.6078242836018197,0.011533538766924421
0.03100000000000002,-1.5951776504516602,3.9269908169872445,0.07184122880465575,2.0785437920692966,-0.008335687611510972
0.03200000000000002,-1.6457240581512451,4.057890510886819,0.14410811491419462,0.35940974665277814,-0.025919907581398095
0.03300000000000002,-1.6964435577392578,4.188790204786394,0.10636279250488477,-1.9536826624055201,-0.02063640628076836
0.03400000000000002,-1.7478158473968506,4.319689898685969,0.02914133692247532,1.2610110899103013,0.001767201099306984
0.035000000000000024,-1.799669861793518,4.450589592585543,0.10592768736085767,0.014350994053848654,0.019378270565435427
0.036000000000000025,-1.8513240814208984,4.581489286485119,0.059297281350761,-1.1688862794491586,0.012770590402111344
0.037000000000000026,-1.90217125415802,4.712388980384693,0.07943098977965503,3.86301506995639,-0.01735004848403107
0.03800000000000003,-1.9523802995681763,4.843288674284268,0.1891045670658395,-2.4565857801518627,-0.04248443549423691
0.03900000000000003,-2.0032827854156494,4.974188368183843,0.10097152172874947,0.20713639896965796,-0.015566489124801058
0.04000000000000003,-2.0547220706939697,5.105088062083418,0.09482626337440585,2.185351620436997,0.006341871736028247
0.04100000000000003,-2.106555461883545,5.235987755982993,0.13380795970469855,-0.6049651347038341,0.023358646661533883
0.04200000000000003,-2.1579623222351074,5.366887449882568,0.0673722186771246,0.9267704832266122,0.0058006756603474745
0.04300000000000003,-2.2082581520080566,5.497787143782142,0.16016447655753047,2.663282737615797,-0.04287495660437727
0.04400000000000003,-2.258371591567993,5.628686837681718,0.16486761135332545,-0.33657182010537323,-0.05179861646029527
0.04500000000000003,-2.309129238128662,5.759586531581292,0.11659721011436054,1.1601972227266732,-0.022946769521426946
0.046000000000000034,-2.3603596687316895,5.890486225480866,0.11457712869872722,2.1646797814853986,-0.0008486812537989093
0.047000000000000035,-2.4119105339050293,6.021385919380442,0.1324872084521586,0.2705560326932578,0.014900791029980355
0.048000000000000036,-2.4626760482788086,6.152285613280016,0.11175416372179577,2.3491259479145787,-0.023181475900138797
0.04900000000000004,-2.5127413272857666,6.283185307179591,0.1477164606968638,1.3159879709534372,-0.058531833610214766
0.05000000000000004,-2.563261032104492,6.414085001079166,0.1321800414817453,2.0166856882151736,-0.036099177714515415
0.05100000000000004,-2.6140825748443604,6.544984694978741,0.13585661300481708,2.4879489400025787,-0.020717581023498976
0.05200000000000004,-2.6650633811950684,6.675884388878315,0.1460232569403134,2.7718559720512057,-0.012316895229134147
0.05300000000000004,-2.716083288192749,6.806784082777891,0.15631410207043486,2.4471392917498047,-0.010087874290935061
0.05400000000000004,-2.7657344341278076,6.937683776677465,0.1908788620131477,6.7527359391089075,-0.08564975892498465
0.05500000000000004,-2.8141939640045166,7.06858347057704,0.26197330811258923,4.00647659843853,-0.15388287021024766
0.05600000000000004,-2.8630781173706055,7.199483164476615,0.2452211573537191,4.298509252673567,-0.13192197914030898
0.057000000000000044,-2.912221670150757,7.33038285837619,0.23881814311689276,4.617007683178651,-0.11872780850088087
0.058000000000000045,-2.9614648818969727,7.461282552275764,0.23945963588045782,4.944613452733287,-0.1144712202854423
0.059000000000000045,-3.0106728076934814,7.59218224617534,0.24458783038810472,5.32602475105586,-0.1181638180676387
0.060000000000000046,-3.0597290992736816,7.723081940074914,0.253000466845713,5.793301742954749,-0.1289914689346254
0.06100000000000005,-3.108534336090088,7.853981633974489,0.26419001177762763,6.368644957414049,-0.14629779345738664
0.06200000000000005,-3.157001495361328,7.9848813278740645,0.27792671576305716,7.067149983441532,-0.169559747397083
0.06300000000000004,-3.2050535678863525,8.115781021773639,0.29405041349861594,7.8988963462224255,-0.19837038809885382
0.06400000000000004,-3.252621650695801,8.246680715673213,0.3123898886036544,8.870492833251964,-0.2324263139403447
0.06500000000000004,-3.299642562866211,8.377580409572788,0.3327471859050889,9.986198203717894,-0.2715180083257545
0.06600000000000004,-3.346057415008545,8.508480103472362,0.35490797663490115,11.248718176907017,-0.31552210705966904
0.06700000000000005,-3.3918097019195557,8.639379797371937,0.3786574943009638,11.767835740947733,-0.3643948358934146
0.06800000000000005,-3.438962697982788,8.770279491271513,0.40949592532156776,15.204797501746144,-0.27275462108751963
0.06900000000000005,-3.487095594406128,8.901179185171086,0.4475608459117603,13.354913274917633,-0.20784039540995636
0.07000000000000005,-3.533308267593384,9.032078879070662,0.4512881126095388,15.330827390767022,-0.34587337515787175
0.07100000000000005,-3.577674388885498,9.162978572970237,0.46812260182975496,17.599033326757027,-0.48195314835172515
0.07200000000000005,-3.620286226272583,9.293878266869811,0.4932162251278878,17.52948627069923,-0.6143395334484902
0.07300000000000005,-3.6643362045288086,9.424777960769386,0.5110719451433215,19.633593456765112,-0.5160181576339031
0.07400000000000005,-3.7093029022216797,9.555677654668962,0.5324404819272367,21.177559059605702,-0.4539702724563754
0.07500000000000005,-3.7546870708465576,9.686577348568536,0.5526954366427471,20.67803283968294,-0.42777195041716626
0.07600000000000005,-3.7962255477905273,9.817477042468111,0.567166114627609,24.70840566533172,-0.724053151035933
0.07700000000000005,-3.8342556953430176,9.948376736367686,0.5978437930149505,23.60384809056615,-0.9999712420106883
0.07800000000000006,-3.873426675796509,10.079276430267262,0.6068629951421536,24.764380667184433,-0.921472336905978
0.07900000000000006,-3.913161277770996,10.210176124166836,0.6181321880209011,25.73583872497877,-0.8864272689915228
0.08000000000000006,-3.9529061317443848,10.341075818066411,0.6299571525262861,26.57628441658679,-0.8942530170724182
0.08100000000000006,-3.9921882152557373,10.471975511965987,0.641718594109595,27.37350922060106,-0.9397115977627405
0.08200000000000006,-4.030602931976318,10.60287520586556,0.653419060164118,28.189540207737178,-1.0182712221435435
0.08300000000000006,-4.067804336547852,10.733774899765136,0.6652860435574133,29.067220398633527,-1.1260467195119086
0.08400000000000006,-4.103492736816406,10.864674593664711,0.6775866724783982,30.035589773795376,-1.2596917524006872
0.08500000000000006,-4.1374101638793945,10.995574287564285,0.6905504905050284,31.113913366302572,-1.4163124161360399
0.08600000000000006,-4.169331073760986,11.12647398146386,0.7043449072961868,32.31464754078771,-1.5933943300370284
0.08700000000000006,-4.199057102203369,11.257373675363436,0.7190748977358781,33.6455923238801,-1.788741855310289
0.08800000000000006,-4.226413249969482,11.38827336926301,0.7347925670468439,35.11143062700103,-2.0004266009655525
0.08900000000000007,-4.251242637634277,11.519173063162585,0.7515094769276028,36.714812343059414,-2.22674235092256
0.09000000000000007,-4.273403644561768,11.65007275706216,0.7692084211361645,38.457105063389015,-2.466166731107803
0.09100000000000007,-4.292766571044922,11.780972450961732,0.7878533148446913,40.33890371085092,-2.717327573906571
0.09200000000000007,-4.309211730957031,11.91187214486131,0.8073968667914282,42.360367933550734,-2.978974244631461
0.09300000000000007,-4.322628021240234,12.042771838760885,0.8277861793669544,44.521438255524274,-3.2499530419598166
0.09400000000000007,-4.332910060882568,12.173671532660457,0.8489666151310274,46.82196806802145,-3.5291846916967082
0.09500000000000007,-4.339956283569336,12.304571226560032,0.8708843097556374,49.26179814153712,-3.8156448172923
0.09600000000000007,-4.34367036819458,12.43547092045961,0.8934876815939651,51.84079286755906,-4.108349512185917
0.09700000000000007,-4.34395694732666,12.566370614359181,0.9167282315239893,54.558851565668434,-4.406337935084361
0.09800000000000007,-4.340723037719727,12.697270308258757,0.9405608616368637,57.415904116448864,-4.708661202756406
0.09900000000000007,-4.333877086639404,12.828170002158332,0.9649438833070785,60.41189730210374,-5.014370593285404
0.10000000000000007,-4.32332706451416,12.959069696057906,0.9898388373188948,63.54677597943421,-5.3225053450701125
0.10100000000000008,-4.308981418609619,13.089969389957481,1.0152102099892886,66.82046189415392,-5.632084236592832
0.10200000000000008,-4.290747165679932,13.220869083857057,1.041025101857554,67.89039664981446,-5.942094286042798
0.10300000000000008,-4.276159286499023,13.35176877775663,1.0647551333225018,71.22777289312019,-5.610188537408184
0.10400000000000008,-4.263630390167236,13.482668471656206,1.0884180833250534,72.18561847201151,-5.41835457334913
0.10500000000000008,-4.2432475090026855,13.613568165555781,1.1052555729896487,76.55210474827088,-6.059123727502102
0.10600000000000008,-4.215477466583252,13.744467859455355,1.1285484184001977,76.47764450956647,-6.642461185770285
0.10700000000000008,-4.190145969390869,13.87536755335493,1.1434289919938863,78.28412546292644,-6.398474950671982
0.10800000000000008,-4.165769577026367,14.006267247254506,1.1579356449578717,79.68834580741203,-6.281914170977879
0.10900000000000008,-4.140990734100342,14.13716694115408,1.171277961312097,80.83349073445297,-6.278134619127436
0.11000000000000008,-4.114686489105225,14.268066635053655,1.1834240919391348,81.85577761614682,-6.364041771727353
0.11100000000000008,-4.08593225479126,14.39896632895323,1.1946568632374817,82.8485961146307,-6.520033222736666
0.11200000000000009,-4.053969383239746,14.529866022852804,1.2053291059837383,83.87433428817499,-6.729452196275561
0.11300000000000009,-4.018177509307861,14.66076571675238,1.215759526394121,84.97339392536558,-6.978039189698447
0.11400000000000009,-3.9780521392822266,14.791665410651955,1.2261970701233549,86.17085462813823,-7.253504975039304
0.11500000000000009,-3.933183431625366,14.922565104551529,1.2368171135254526,87.48133110040047,-7.5451889351601285
0.11600000000000009,-3.883241891860962,15.053464798451104,1.2477309249036,88.91246511828172,-7.843791383293573
0.11700000000000009,-3.8279638290405273,15.18436449235068,1.2589992560110392,90.46740079879228,-8.14115254096929
0.11800000000000009,-3.7671406269073486,15.315264186250253,1.270645808266381,92.1465126400631,-8.430074875816695
0.11900000000000009,-3.7006094455718994,15.446163880149829,1.2826688251436884,93.94859088804691,-8.704176928394983
0.12000000000000009,-3.6282460689544678,15.577063574049404,1.2950503127606983,95.8716375681929,-8.957774581641445
0.1210000000000001,-3.549957752227783,15.707963267948978,1.3077629779621371,97.91338646395539,-9.185780528842386
0.1220000000000001,-3.4656779766082764,15.838862961848553,1.320775211909789,100.07162974689044,-9.38362275800066
0.1230000000000001,-3.375363349914551,15.969762655748129,1.3340545095818948,102.34441156057912,-9.547180786752895
0.1240000000000001,-3.2789883613586426,16.100662349647703,1.3475696967202329,104.73013117937661,-9.672725920351121
0.12500000000000008,-3.1765434741973877,16.231562043547278,1.3612922796744586,107.22758610415804,-9.756878155092565
0.12600000000000008,-3.0680325031280518,16.36246173744685,1.375197171496141,109.83597627600093,-9.796567631371435
0.12700000000000009,-2.9534695148468018,16.493361431346425,1.3892629886836905,112.55488388975908,-9.788999169929527
0.12800000000000009,-2.832878351211548,16.624261125246,1.403472062479428,115.38423857626351,-9.731628770966724
0.1290000000000001,-2.7062904834747314,16.755160819145576,1.4178102682565896,118.32427439235082,-9.62213792026414
0.1300000000000001,-2.5737431049346924,16.88606051304515,1.4322667454711262,121.37548260486501,-9.45841039410404
0.1310000000000001,-2.43527889251709,17.016960206944724,1.4468335570888362,124.53856290369086,-9.238516472836965
0.1320000000000001,-2.2909443378448486,17.1478599008443,1.4615053212644913,127.81437423137773,-8.960693260488329
0.1330000000000001,-2.14078950881958,17.278759594743875,1.476278835201235,131.20388609064216,-8.623331011962222
0.1340000000000001,-1.9848662614822388,17.40965928864345,1.491152703885185,134.70813034083656,-8.224953970565558
0.1350000000000001,-1.8232287168502808,17.540558982543025,1.506126979948143,138.32815363431257,-7.7642104744887215
0.1360000000000001,-1.6559315919876099,17.6714586764426,1.5212028183945714,139.80835881317162,-7.239854726088419
0.1370000000000001,-1.4946166276931763,17.802358370342173,1.5351381208787132,140.68455458886993,-6.356350435525515
0.1380000000000001,-1.337171196937561,17.93325806424175,1.5458448267750446,140.73709659879634,-5.583796101738917
0.1390000000000001,-1.1816792488098145,18.064157758141324,1.5527086372641246,139.93584564879106,-4.888767200911248
0.1400000000000001,-1.013096570968628,18.1950574520409,1.5563045903600206,146.09225459731692,-4.456937689225114
0.1410000000000001,-0.8327230215072632,18.325957145940475,1.5675783107992942,144.30388740104596,-3.860122723873725
0.1420000000000001,-0.6565619707107544,18.45685683984005,1.5667735875985445,143.1397319236128,-2.9884900489804935
0.1430000000000001,-0.4828301668167114,18.587756533739622,1.5642702399007777,141.91388722920277,-2.1744558074411744
0.1440000000000001,-0.30988791584968567,18.718656227639197,1.560281654750665,140.73867298476816,-1.3908351013937206
0.1450000000000001,-0.1364189088344574,18.849555921538773,1.5551668379740897,139.70474144265327,-0.6137674014170488
0.1460000000000001,0.038617093116045,18.98045561543835,1.5493239767844278,138.86686457992747,0.17496991030404827
0.1470000000000001,0.2160286158323288,19.111355309337924,1.5431058243777787,138.2557823645591,0.9891567401560706
0.1480000000000001,0.39643117785453796,19.2422550032375,1.5367933172699726,137.88666418484266,1.8390714457768522
0.1490000000000001,0.580280601978302,19.37315469713707,1.5305960655195865,137.76508974037728,2.7322152965215447
0.1500000000000001,0.7679014801979065,19.504054391036647,1.524663732660293,137.8911914374388,3.6738770371613723
0.1510000000000001,0.959511399269104,19.634954084936222,1.5191003903238822,138.26245078249394,4.667579102831896
0.1520000000000001,1.1552411317825317,19.765853778835798,1.5139781699440171,138.87552405070502,5.715433566001319
0.1530000000000001,1.3551522493362427,19.896753472735373,1.5093487330727093,139.7273781104007,6.818433822678145
0.1540000000000001,1.559250831604004,20.027653166634945,1.5052521841839874,140.81594375184974,7.976688739381353
0.1550000000000001,1.7675000429153442,20.158552860534524,1.5017235664204187,142.14043716387087,9.189622163973956
0.1560000000000001,1.9798299074172974,20.289452554434096,1.4987972874213682,143.70145807940003,10.456136123535968
0.1570000000000001,2.1961452960968018,20.42035224833367,1.4965098736507303,145.50094145896077,11.774747215040948
0.1580000000000001,2.4163334369659424,20.551251942233247,1.4949014280228716,147.54201619940886,13.143706507012483
0.1590000000000001,2.6402692794799805,20.682151636132822,1.4940161119815754,149.82880791356365,14.561096587344453
0.16000000000000011,2.8678197860717773,20.813051330032394,1.4939019142339138,152.36621070787308,16.02491292372404
0.16100000000000012,3.098848819732666,20.943951023931973,1.4946099128682784,155.15964413660856,17.533140195541677
0.16200000000000012,3.333219528198242,21.074850717831545,1.4961931903785823,158.21480610225038,19.083807459247243
0.16300000000000012,3.5707969665527344,21.20575041173112,1.4987055254382062,161.5374279046975,20.67503782925008
0.16400000000000012,3.811450481414795,21.336650105630696,1.502199956041063,161.93331592145532,22.305090787178468
0.16500000000000012,4.044467449188232,21.46754979953027,1.5027018520695348,158.941167924629,23.053368823850388
0.16600000000000012,4.271183490753174,21.598449493429843,1.4980263737482526,155.50755713496676,23.80975459000722
0.16700000000000012,4.492930889129639,21.729349187329422,1.488408691013094,152.011235901089,24.60183848324906
0.16800000000000012,4.710869312286377,21.860248881228994,1.4748449017289598,148.68806742499834,25.43888738059317
0.16900000000000012,4.925984859466553,21.99114857512857,1.458478267635707,145.69410392760904,26.324910940313913
0.17000000000000012,5.13909387588501,22.122048269028145,1.440382901564063,143.130538931944,27.26027595860309
0.17100000000000012,5.350863456726074,22.25294796292772,1.4214889507095587,141.06117701679477,28.242921257542303
0.17200000000000013,5.56182336807251,22.383847656827292,1.4025710414799624,139.5249735777851,29.26923481634133
0.17300000000000013,5.7723894119262695,22.51474735072687,1.3842631087776684,138.54487340995942,30.33475934600009
0.17400000000000013,5.9828782081604,22.645647044626443,1.3670817745578936,138.13390347651742,31.434672771379752
0.17500000000000013,6.193525314331055,22.77654673852602,1.3514499493887207,138.29925809448468,32.56415126189234
0.17600000000000013,6.404499530792236,22.907446432425594,1.3377171001641777,139.0449372086735,33.71861270755898
0.17700000000000013,6.61591911315918,23.03834612632517,1.3261750070785208,140.37335707330928,34.8938983741183
0.17800000000000013,6.827859878540039,23.16924582022474,1.317068999664697,142.2862428581485,36.086360842713454
0.17900000000000013,7.040367603302002,23.30014551412432,1.3106052112763529,144.7850295110712,37.29293880183182
0.18000000000000013,7.253466606140137,23.431045208023892,1.3069546281806346,147.87093413646616,38.51118728573507
0.18100000000000013,7.467165946960449,23.561944901923464,1.306254781210956,151.5448164256917,39.73927882531974
0.18200000000000013,7.681466102600098,23.692844595823043,1.3086099101137099,155.80690918756642,40.975996374972325
0.18300000000000013,7.896363735198975,23.82374428972262,1.3140903550036993,160.6564763990001,42.22070938885734
0.18400000000000014,8.111854553222656,23.95464398362219,1.3227318146845528,162.39725957150506,43.473335741407645
0.18500000000000014,8.323360443115234,24.08554367752177,1.3273106281931528,159.91725437398543,43.94788930135559
0.18600000000000014,8.530540466308594,24.21644337142134,1.3256116463136651,157.06047532292047,44.30795266801245
0.18700000000000014,8.733405113220215,24.347343065320914,1.3185689703727868,154.29793294899048,44.612323494500224
0.18800000000000014,8.932154655456543,24.478242759220493,1.3078245049240476,151.9291145331798,44.89668976524805
0.18900000000000014,9.12708854675293,24.609142453120064,1.295087592316957,150.1542341183974,45.1843721856395
0.19000000000000014,9.31855297088623,24.74004214701964,1.2819146615330812,149.10408683763129,45.489946953517325
0.19100000000000014,9.506904602050781,24.87094184091922,1.2696358362420606,148.86108951315867,45.821934999259035
0.19200000000000014,9.692490577697754,25.00184153481879,1.2593439355931588,149.47436605611037,46.184821971134554
0.19300000000000014,9.875639915466309,25.132741228718363,1.2519079405032063,150.9703837786266,46.58055150674083
0.19400000000000014,10.056655883789062,25.26364092261794,1.2479939752082312,153.36030436848364,47.00957712363598
0.19500000000000015,10.23581600189209,25.394540616517514,1.2480869728929689,156.64494282316616,47.47161377598714
0.19600000000000015,10.413374900817871,25.52544031041709,1.2525109796335065,160.81800934293778,47.966151860122906
0.19700000000000015,10.589567184448242,25.656340004316665,1.2614480975559341,165.86813782645362,48.49278749549549
0.19800000000000015,10.764610290527344,25.78723969821624,1.2749566803456196,171.78007241741648,49.05142080737422
0.19900000000000015,10.938706398010254,25.918139392115812,1.292989286694846,178.53528280977054,49.642356822216904
0.20000000000000015,11.112051010131836,26.04903908601539,1.3154105113504586,186.1122035241934,50.26637250692707
0.20100000000000015,11.284828186035156,26.179938779914963,1.3420144261760492,186.8623927067563,50.924680168171214
0.20200000000000015,11.456865310668945,26.310838473814538,1.3553092546522707,186.72128407310197,51.53637774144601
0.20300000000000015,11.626875877380371,26.441738167714114,1.3635414820796048,186.05393556171822,51.83447968935114
0.20400000000000015,11.794147491455078,26.57263786161369,1.3677298038231513,185.3827264899226,51.9388894727963
0.20500000000000015,11.958377838134766,26.70353755551326,1.3694644050228277,185.0773582113776,51.93961510345632
0.20600000000000016,12.119536399841309,26.83443724941284,1.3703776966256762,185.3858583804222,51.899812182640396
0.20700000000000016,12.277767181396484,26.965336943312412,1.3719102484288477,186.46953073504417,51.8631972643012
0.20800000000000016,12.433321952819824,27.096236637211987,1.3752314535402739,188.4282797350253,51.85962162486334
0.20900000000000016,12.586517333984375,27.227136331111563,1.38122997343278,191.31888094810054,51.90919037471847
0.21000000000000016,12.737701416015625,27.35803602501114,1.3905345710099108,195.16797378024853,52.025252922343526
0.21100000000000016,12.88724136352539,27.48893571891071,1.4035469015743185,199.98115291093595,52.21660493342074
0.21200000000000016,13.035503387451172,27.61983541281029,1.4204776634858507,205.74921292086947,52.48900659077804
0.21300000000000016,13.182851791381836,27.75073510670986,1.4413820585065544,212.4523428119838,52.846296478978985
0.21400000000000016,13.329644203186035,27.881634800609437,1.4661925929886996,220.06286517104115,53.291135771225505
0.21500000000000016,13.476227760314941,28.012534494509012,1.4947482348720114,228.5469591373879,53.8254996906006
0.21600000000000016,13.622939109802246,28.143434188408587,1.5268194704391096,231.84553007698312,54.45099986852038
0.21700000000000016,13.769851684570312,28.27433388230816,1.5512762216803342,233.12543226390585,55.09875667684649
0.21800000000000017,13.91579532623291,28.40523357620774,1.5684198672767145,233.26375294308696,55.41770590215159
0.21900000000000017,14.060190200805664,28.53613327010731,1.5796636083962659,232.94949299368471,55.562164615675485
0.22000000000000017,14.202875137329102,28.667032964006886,1.5868621298801338,232.66876919752994,55.645242199895215
0.22100000000000017,14.343963623046875,28.79793265790646,1.5917764578222817,232.75521884377002,55.74494886213516
0.22200000000000017,14.483743667602539,28.928832351806037,1.595906269012423,233.432869084069,55.91413812694486
0.22300000000000017,14.622610092163086,29.05973204570561,1.6004513121835369,234.84725916549587,56.18786936840805
0.22400000000000017,14.761015892028809,29.190631739605188,1.6063264943286193,237.08803737220637,56.58876423729129
0.22500000000000017,14.899444580078125,29.32153143350476,1.6141969790434338,240.2051689157401,57.1308973297357
0.22600000000000017,15.038384437561035,29.452431127404335,1.6245180111906778,244.22040545135494,57.822547654288165
0.22700000000000017,15.17832088470459,29.58333082130391,1.6375728659862865,249.135280466046,58.66817388455354
0.22800000000000017,15.319725036621094,29.714230515203486,1.6535064179034582,254.93658660566498,59.6697553143027
0.22900000000000018,15.463051795959473,29.845130209103058,1.6723537123529093,261.6000504091086,60.82771904499426
0.23000000000000018,15.608734130859375,29.976029903002637,1.6940637450258864,269.092734491638,62.141527650816975
0.23100000000000018,15.757184028625488,30.10692959690221,1.718518966968343,277.37455619526116,63.61006080283877
0.23200000000000018,15.90878963470459,30.237829290801784,1.745551112890158,279.57080021178814,65.2318176341898
0.23300000000000018,16.05803108215332,30.36872898470136,1.7644697724508716,277.9232590950771,65.09054576054217
0.23400000000000018,16.205047607421875,30.499628678600935,1.7748029826836018,275.2142524436846,64.97104401482706
0.23500000000000018,16.350360870361328,30.630528372500507,1.778301775846422,272.1862809551389,65.0025280143678
0.23600000000000018,16.494672775268555,30.761428066400086,1.776980558264272,269.33673204632476,65.25105380608208
0.23700000000000018,16.638763427734375,30.892327760299658,1.772675868282611,267.00237638070587,65.75409210662396
0.23800000000000018,16.783447265625,31.023227454199233,1.7669342433164543,265.4054802772433,66.53008234060982
0.23900000000000018,16.92951774597168,31.15412714809881,1.7609996021727479,264.6867126352675,67.58490496321929
0.24000000000000019,17.07773780822754,31.285026841998384,1.7558393336606914,264.92884382812616,68.91651810457651
0.2410000000000002,17.228818893432617,31.415926535897956,1.7521826011874406,266.17360317707767,70.51807956963671
0.2420000000000002,17.3834171295166,31.546826229797535,1.7505592114255533,268.43350244220994,72.38007389833732
0.2430000000000002,17.542131423950195,31.677725923697107,1.7513344359148473,271.69999784665237,74.49168653719411
0.2440000000000002,17.705503463745117,31.808625617596682,1.754738474211966,275.94902100138296,76.841647781482
0.2450000000000002,17.874019622802734,31.939525311496258,1.7608907151401916,281.1446437833017,79.41870942591912
0.2460000000000002,18.048110961914062,32.07042500539583,1.7698195164992265,287.24144047600146,82.21185502919101
0.2470000000000002,18.22815704345703,32.201324699295405,1.7814783536553764,294.18595810880515,85.21035274583278
0.2480000000000002,18.414485931396484,32.332224393194984,1.7957591181053973,292.62080353864224,88.4036763294547
0.2490000000000002,18.594783782958984,32.463124087094556,1.797589657579391,285.45349501996765,87.03432860903375
0.25000000000000017,18.7705020904541,32.59402378099413,1.7906828479660353,278.03154716059356,86.14595919200626
0.25100000000000017,18.94326400756836,32.7249234748937,1.777076603350112,271.0573652131282,85.82666864292628
0.25200000000000017,19.114614486694336,32.85582316879328,1.758952008206919,264.9611782882339,86.07115942682015
0.25300000000000017,19.285980224609375,32.98672286269285,1.7382933563829237,260.0200345720249,86.85642355468305
0.25400000000000017,19.458650588989258,33.11762255659243,1.7167955703273712,256.4031464241361,88.15008843565853
0.25500000000000017,19.63377571105957,33.248522250492,1.6958551535592965,254.2035349606742,89.91545030090084
0.25600000000000017,19.812366485595703,33.37942194439158,1.6765926356784604,253.46052778730146,92.11469011486822
0.2570000000000002,19.99530029296875,33.51032163829115,1.659883939076141,254.17552856295774,94.71083599379139
0.2580000000000002,20.183334350585938,33.641221332190725,1.6463911246262342,256.322885527512,97.66887552485595
0.2590000000000002,20.377111434936523,33.7721210260903,1.636589235755256,259.857236384752,100.9562322227349
0.2600000000000002,20.577171325683594,33.903020719989875,1.6307888897092941,264.7183553042799,104.54287184712419
0.2610000000000002,20.78396224975586,34.03392041388945,1.629155482572693,270.83425867998614,108.40115717922724
0.2620000000000002,20.997844696044922,34.164820107789026,1.6317261897400528,269.8016423703283,112.50551107759394
0.2630000000000002,21.203990936279297,34.2957198016886,1.62315219769278,260.0899633601922,110.34056503464606
0.2640000000000002,21.40407943725586,34.42661949558818,1.605149965350151,250.78031031825438,108.79839791957565
0.2650000000000002,21.599952697753906,34.55751918948775,1.5803436647577607,242.62509085882354,107.98343259426133
0.2660000000000002,21.79334831237793,34.68841888338733,1.5514902511138269,236.050429082276,107.88079474005306
0.2670000000000002,21.98586082458496,34.8193185772869,1.5211221424108545,231.32051222530762,108.4554209787449
0.2680000000000002,22.178922653198242,34.95021827118648,1.4914551728023224,228.5850635068323,109.66186791719595
0.2690000000000002,22.373804092407227,35.08111796508605,1.464370268501466,227.91208816548223,111.45015120229681
0.2700000000000002,22.571617126464844,35.21201765898562,1.4414179927128388,229.31108545796775,113.76946925361808
0.2710000000000002,22.773324966430664,35.3429173528852,1.423826319869639,232.74926883925906,116.57045860985866
0.2720000000000002,22.97974967956543,35.473817046784774,1.4125064006198607,238.16270955596337,119.80639981344113
0.2730000000000002,23.19158935546875,35.604716740684346,1.408058293834901,245.4638466732729,123.43376442553236
0.2740000000000002,23.409423828125,35.735616434583925,1.4107814666351144,247.61351932017396,127.41223415539065
0.2750000000000002,23.621118545532227,35.8665161284835,1.4049578698719516,239.94127158281987,125.67536301020631
0.2760000000000002,23.827472686767578,35.997415822383076,1.389528270021278,232.80536894090457,124.2412832582617
0.2770000000000002,24.029664993286133,36.12831551628265,1.3678640619573637,227.08010347384814,123.30691114525017
0.2780000000000002,24.22896385192871,36.25921521018223,1.3434991124915339,223.27228689481765,122.93883346568619
0.2790000000000002,24.42664337158203,36.3901149040818,1.3196917273731308,221.69846483083182,123.1627609099893
0.2800000000000002,24.623933792114258,36.52101459798138,1.2992882881656616,222.5378056609736,123.97794081457099
0.2810000000000002,24.821990966796875,36.65191429188095,1.2846539656229048,225.86903138942458,125.36669786989306
0.2820000000000002,25.02187156677246,36.78281398578052,1.2776231276437102,231.69684146438715,127.30098203561944
0.2830000000000002,25.224533081054688,36.9137136796801,1.279463333996256,239.97060785129213,129.74684872157528
0.2840000000000002,25.430824279785156,37.04461337357967,1.2908643056210263,250.59744545416166,132.66730825861336
0.2850000000000002,25.641494750976562,37.175513067479244,1.311965183418687,254.10618436351163,136.02414271882046
0.2860000000000002,25.849382400512695,37.30641276137882,1.3185727621372767,251.10299759136453,135.70072031426227
0.2870000000000002,26.05402374267578,37.437312455278395,1.3173713766862325,248.34254523001212,135.09762646271383
0.2880000000000002,26.255599975585938,37.568212149177974,1.3119524381362906,246.79355956994692,134.54544001916295
0.2890000000000002,26.45465087890625,37.699111843077546,1.305966867839148,247.07135375803128,134.24229190298138
0.2900000000000002,26.651935577392578,37.830011536977125,1.3026804781597494,249.5681111104251,134.31453047349268
0.2910000000000002,26.84832763671875,37.9609112308767,1.3047697251395294,254.51128257080907,134.83747987825916
0.2920000000000002,27.04474449157715,38.091810924776276,1.3142248623783532,262.0055134641185,135.85027984574785
0.2930000000000002,27.242101669311523,38.22271061867585,1.3323189664977766,272.06304693546275,137.3665935259766
0.2940000000000002,27.44127655029297,38.35361031257542,1.3596351234879958,284.6255976238396,139.38221418689403
0.2950000000000002,27.64309310913086,38.484510006475,1.396147323579707,290.0696046081401,141.88045324428572
0.2960000000000002,27.84531593322754,38.61540970037457,1.4192713343024297,291.3292675046598,143.15758744867117
0.2970000000000002,28.046375274658203,38.74630939427414,1.433850000408264,291.8025447682409,143.55317133186088
0.2980000000000002,28.24556541442871,38.87720908817372,1.4432877343088586,292.6547489290593,143.5300183536219
0.2990000000000002,28.44277572631836,39.00810878207329,1.4510183343119565,294.6899508330466,143.4199864265565
0.3000000000000002,28.6382999420166,39.139008475972865,1.4600432185614796,298.44689621388454,143.4524598944597
0.3010000000000002,28.83268165588379,39.269908169872444,1.472764806760847,304.2650918676002,143.7813616406889
0.3020000000000002,29.026620864868164,39.40080786377202,1.4909388877460192,312.33334392762595,144.50525845009832
0.3030000000000002,29.22089385986328,39.531707557671595,1.5156894707938218,322.72545030715503,145.68205343517695
0.3040000000000002,29.41630744934082,39.66260725157117,1.54756420703072,335.4262907291114,147.33976661439146
0.3050000000000002,29.613649368286133,39.793506945470746,1.5866179013163195,343.1917656572886,149.48425545989443
0.3060000000000002,29.812252044677734,39.924406639370325,1.619199883762249,345.5400005018854,151.25289674083123
0.3070000000000002,30.01026153564453,40.05530633326989,1.6402833467324767,346.00849485132505,151.91576003996542
0.3080000000000002,30.20674705505371,40.18620602716947,1.6533572841715687,345.9934424665414,152.00447468592898
0.3090000000000002,30.40144920349121,40.31710572106905,1.6619297409741614,346.4791193406001,151.91292877375255
0.3100000000000002,30.59455680847168,40.44800541496861,1.6690373645852965,348.14872420534584,151.91738176160814
0.3110000000000002,30.786563873291016,40.57890510886819,1.6771500948994638,351.4575849502995,152.20680403341657
0.3120000000000002,30.978145599365234,40.70980480276777,1.6881661124645646,356.68717411336587,152.9053873393161
0.3130000000000002,31.17008399963379,40.84070449666734,1.7034431060740116,363.9851017757223,154.089196488996
0.3140000000000002,31.363201141357422,40.971604190566914,1.7238467363980918,373.39457690848326,155.79830764966385
0.3150000000000002,31.558320999145508,41.10250388446649,1.7498091853790378,384.87605704378694,158.0456991109687
0.3160000000000002,31.7562313079834,41.233403578366065,1.7813942055406775,390.6504311575485,160.82362501558592
0.3170000000000002,31.952926635742188,41.364303272265644,1.8062677398895124,388.4423408831138,161.05827357279114
0.3180000000000002,32.14738464355469,41.49520296616522,1.8181038401441216,384.37975055050293,160.61542191000774
0.31900000000000023,32.33938980102539,41.62610266006479,1.8205725445776018,379.9439651435488,160.00263550342777
0.32000000000000023,32.52924728393555,41.75700235396437,1.8172736081537286,376.149526151987,159.56134439050768
0.32100000000000023,32.71760940551758,41.887902047863946,1.811313329445709,373.69784631104915,159.521728317381
0.32200000000000023,32.905338287353516,42.01880174176351,1.8052548010301233,373.0532226998977,160.03220178926517
0.32300000000000023,33.09339141845703,42.14970143566309,1.8011317051180822,374.4983154342056,161.18077015165423
0.32400000000000023,33.28279113769531,42.28060112956267,1.800481580814229,378.09664973368405,163.0108416561149
0.32500000000000023,33.47450256347656,42.41150082346224,1.804241541591475,384.00213607773964,165.51508282692714
0.32600000000000023,33.66947937011719,42.54240051736181,1.8132570907899441,392.1042335809707,168.69242512571262
0.32700000000000023,33.86859130859375,42.67330021126139,1.8277966465627586,394.3409607198817,172.50578216346838
0.32800000000000024,34.063114166259766,42.804199905160964,1.83556553967985,384.9661906050558,170.38620663761748
0.32900000000000024,34.25313949584961,42.93509959906054,1.8295634168306225,374.67417246276983,168.273684360145
0.33000000000000024,34.43941879272461,43.065999292960115,1.8138536376094423,364.9624732213787,166.62429137206382
0.33100000000000024,34.623043060302734,43.196898986859686,1.7923645677458806,356.78959469929845,165.6884752280889
0.33200000000000024,34.80529022216797,43.327798680759265,1.768504137215124,350.79404454797765,165.61691798157867
0.33300000000000024,34.987518310546875,43.458698374658844,1.7451316387856068,347.37352230089317,166.48834846668223
0.33400000000000024,35.171104431152344,43.58959806855841,1.7245731636271306,346.74143602774114,168.3290272628097
0.33500000000000024,35.35736083984375,43.72049776245799,1.70864296028569,348.9680895490858,171.1265063625476
0.33600000000000024,35.547523498535156,43.85139745635757,1.6986620000527926,354.0106748596974,174.83964982552087
0.33700000000000024,35.742706298828125,43.98229715025714,1.69547643493918,361.73526343110007,179.4055329069101
0.33800000000000024,35.94388961791992,44.11319684415671,1.6994826663096658,360.09695049578255,184.7443801541597
0.33900000000000025,36.13793182373047,44.24409653805629,1.688801343846864,346.4057165469362,180.59827747384077
0.34000000000000025,36.32598114013672,44.37499623195586,1.6663330710052249,333.6053742678933,177.20010847913764
0.34100000000000025,36.509700775146484,44.50589592585544,1.6365146731938671,323.02059524501163,174.95289957802055
0.34200000000000025,36.6909294128418,44.63679561975501,1.6035895664298834,315.420163930561,174.00878743332078
0.34300000000000025,36.871543884277344,44.767695313654585,1.571317668535688,311.26118645736415,174.42833976594088
0.34400000000000025,37.053375244140625,44.898595007554164,1.5428976483863241,310.7663690416057,176.2077883367171
0.34500000000000025,37.238155364990234,45.02949470145374,1.520919466057612,313.97848587572355,179.29735175285364
0.34600000000000025,37.42746353149414,45.16039439535331,1.5073196414391015,320.79999238988495,183.6141304302836
0.34700000000000025,37.62269973754883,45.29129408925289,1.5033452615163267,323.2098758048525,189.05122884000417
0.34800000000000025,37.811439514160156,45.422193783152466,1.4927756311490543,310.80191881055356,185.10311477713182
0.34900000000000025,37.994667053222656,45.55309347705204,1.469739691567197,299.5784072231312,181.82866026052966
0.35000000000000026,38.17396926879883,45.68399317095161,1.439470630753289,291.0113825766894,179.70892938498613
0.35100000000000026,38.3511848449707,45.81489286485119,1.4071333014033653,285.946119604912,178.95596166460848
0.35200000000000026,38.52823257446289,45.94579255875076,1.3773760149703078,284.88155244759525,179.6702338214146
0.35300000000000026,38.70702362060547,46.07669225265034,1.3541815262779715,288.0529831071124,181.8719447639926
0.35400000000000026,38.88938903808594,46.20759194654991,1.3407225330949788,295.49083074798955,185.52266059312444
0.35500000000000026,39.07700729370117,46.33849164044948,1.3392158538992596,307.0638501131735,190.54089375680792
0.35600000000000026,39.27138137817383,46.46939133434906,1.3508219051158314,311.9432926190605,196.8134822565105
0.35700000000000026,39.461605072021484,46.60029102824864,1.3488795323327967,304.7083129956828,194.50928919400215
0.35800000000000026,39.64811706542969,46.731190722148206,1.3371689874352843,298.8209288034347,192.5032891062262
0.35900000000000026,39.83208084106445,46.862090416047785,1.3213252730515033,295.74507512387805,191.38509755146623
0.36000000000000026,40.015018463134766,46.992990109947364,1.3067440744313734,296.3331014269092,191.46064806994403
0.36100000000000027,40.198631286621094,47.12388980384693,1.298100908773453,301.0675649222913,192.8972976509252
0.36200000000000027,40.38465881347656,47.25478949774651,1.2990720536100169,310.1466998588016,195.7603073085189
0.36300000000000027,40.57480239868164,47.38568919164609,1.3121322337092765,323.546521636679,200.0390289678582
0.36400000000000027,40.7706413269043,47.51658888554566,1.338463803383828,330.6985917279636,205.66604166979968
0.36500000000000027,40.964988708496094,47.64748857944524,1.3518702123767685,328.131589477433,205.44633921350623
0.36600000000000027,41.15726089477539,47.77838827334481,1.3553185359499238,325.8323880122654,204.721654728833
0.36700000000000027,41.347801208496094,47.90928796724438,1.3542202284230618,325.4674284575843,204.25200953341727
0.36800000000000027,41.53750228881836,48.04018766114396,1.3537329034368746,328.09151615635585,204.51653909001982
0.36900000000000027,41.727622985839844,48.17108735504354,1.3582256281607539,334.34771137742905,205.81863442409377
0.3700000000000003,41.919586181640625,48.301987048943104,1.3710259382165384,344.5587936059309,208.32864916523803
0.3710000000000003,42.1148681640625,48.43288674284268,1.3942881850314195,358.79528740716444,212.11562465631138
0.3720000000000003,42.314910888671875,48.56378643674226,1.428982507027208,367.4948767984489,217.1709795763502
0.3730000000000003,42.51508712768555,48.69468613064183,1.4536905121291888,367.4157451653248,218.3316353384212
0.3740000000000003,42.71403121948242,48.825585824541406,1.4665527875031856,366.2826015739927,218.32340376647372
0.3750000000000003,42.91144561767578,48.956485518440985,1.472636232298771,365.98024706715546,218.04011104512549
0.3760000000000003,43.10774612426758,49.08738521234056,1.4768124711161257,367.77321535613004,218.09717659131908
0.3770000000000003,43.30381774902344,49.21828490624013,1.4832235280893848,372.48190027524146,218.9076526486497
0.3780000000000003,43.50080871582031,49.34918460013971,1.4951034918374162,380.5781435417688,220.7289853044247
0.3790000000000003,43.70001983642578,49.48008429403928,1.5147028621872216,392.2573772477279,223.69832540699554
0.3800000000000003,43.90276336669922,49.61098398793886,1.5432896125110627,407.49377187588334,227.85884878598415
0.3810000000000003,44.110294342041016,49.74188368183844,1.5812250874616844,413.26217125667245,233.17982023039198
0.3820000000000003,44.31648254394531,49.872783375738,1.6025521854622289,410.7506478597034,233.10264133150778
0.3830000000000003,44.52022171020508,50.00368306963758,1.6120088139387445,407.0789988370964,232.01799909614846
0.3840000000000003,44.721435546875,50.13458276353716,1.6142404779298885,404.1126507963794,230.82520366087886
0.3850000000000003,44.92068862915039,50.265482457436725,1.6136460788341394,403.0965623576126,230.1186507930762
0.3860000000000003,45.11898422241211,50.396382151336304,1.6139806906814977,404.83070691614205,230.28857232030018
0.3870000000000003,45.31755065917969,50.52728184523588,1.618220426207121,409.7662897660246,231.5682572403299
0.3880000000000003,45.51771545410156,50.658181539135455,1.6285135339993615,418.0782895117606,234.06924970595944
0.3890000000000003,45.720802307128906,50.78908123303503,1.6461847706455686,429.7210057255344,237.807751455901
0.3900000000000003,45.928043365478516,50.919980926934606,1.6717872215069778,431.31550243912517,242.724506588193
0.3910000000000003,46.13056564331055,51.05088062083418,1.6809878676109857,422.10644337176717,239.46524051328674
0.3920000000000003,46.327999114990234,51.18178031473376,1.677518532799607,412.2309992763481,235.79321211704993
0.3930000000000003,46.52088928222656,51.31268000863333,1.6659962640362982,403.5652537472363,232.5738966099401
0.3940000000000003,46.71034240722656,51.4435797025329,1.6508404813352278,397.31701417089647,230.3300420386635
0.3950000000000003,46.89778137207031,51.57447939643248,1.6359000263866632,394.24806361773017,229.38641161868148
0.3960000000000003,47.08478927612305,51.70537909033206,1.6243340612840629,394.7713388095823,229.91625041897188
0.3970000000000003,47.272979736328125,51.836278784231624,1.618555174534286,399.02324411505816,231.9750266737144
0.3980000000000003,47.46390151977539,51.9671784781312,1.62020470410754,406.9188669708312,235.52573752607523
0.3990000000000003,47.658958435058594,52.09807817203078,1.6301615956022721,405.88134548969936,240.45804089657113
0.4000000000000003,47.84614181518555,52.228977865930354,1.6253141406507645,390.49146305675407,233.88768283149528
0.4010000000000003,48.02605056762695,52.359877559829926,1.6075391856537369,375.68400175317555,227.80561610151761
0.4020000000000003,48.20011901855469,52.490777253729505,1.5817509081153254,363.28917318295817,223.0196054850291
0.4030000000000003,48.370182037353516,52.621676947629076,1.5527217145345218,354.4067551821213,219.9485497856789
0.4040000000000003,48.53826904296875,52.752576641528655,1.5246998158001146,349.69090421680477,218.82030844956762
0.4050000000000003,48.70648193359375,52.88347633542823,1.5012743765422951,349.44677220059435,219.71703889701232
0.4060000000000003,48.87684631347656,53.0143760293278,1.485274665522869,353.70155549507217,222.60745401661106
0.4070000000000003,49.05123519897461,53.14527572322738,1.4786833327885827,362.25891355534173,227.3713421301737
0.4080000000000003,49.231300354003906,53.27617541712696,1.4825837010264031,360.8644273539825,233.81832741165286
0.4090000000000003,49.40227508544922,53.40707511102652,1.4669186328890318,343.8302509454602,225.66700303782488
0.4100000000000003,49.565711975097656,53.5379748049261,1.440271597065234,329.1317149173079,218.9616699100836
0.4110000000000003,49.7238655090332,53.66887449882568,1.4080107475131713,318.3998921687232,214.4270651065872
0.4120000000000003,49.879249572753906,53.79977419272525,1.3753661124984982,312.50591808793604,212.35086078186296
0.4130000000000003,50.0344352722168,53.930673886624824,1.3470534687145623,311.8802008799226,212.83316594886549
0.4140000000000003,50.19192123413086,54.0615735805244,1.3270246322869237,316.6076416217613,215.83251995089861
0.4150000000000003,50.354026794433594,54.192473274423975,1.3182361645182805,326.4977719528681,221.1986254165334
0.4160000000000003,50.52280044555664,54.323372968323554,1.3224592178878862,328.304553976162,228.69722981041042
0.4170000000000003,50.68360137939453,54.454272662223126,1.307839575949084,313.8169855007875,221.36506900322058
0.4180000000000003,50.83810043334961,54.5851723561227,1.2833090249339634,302.2593333820976,215.65298686145817
0.4190000000000003,50.98869323730469,54.71607205002228,1.2548855225071267,295.2780109729164,212.32233322193213
0.4200000000000003,51.13801956176758,54.846971743921856,1.228509644698387,293.72034864358795,211.6718777165748
0.4210000000000003,51.288787841796875,54.97787143782142,1.2095144054181721,297.96642193198005,213.7942165703002
0.4220000000000003,51.44361114501953,55.108771131721,1.2021933759266916,308.0277120641787,218.6258209256627
0.4230000000000003,51.60487747192383,55.23967082562058,1.2094118290307858,314.46747709840673,225.98319670365387
0.4240000000000003,51.7608757019043,55.37057051952014,1.206650142563888,304.49564268124044,221.23175413406716
0.4250000000000003,51.9124641418457,55.50147021341972,1.1926997731731108,296.54749680292724,217.31968684452556
0.4260000000000003,52.0614013671875,55.6323699073193,1.1741761472444525,292.5800072811925,215.2062698289154
0.4270000000000003,52.20991134643555,55.76326960121887,1.15772640509528,293.705974633269,215.38880504113044
0.4280000000000003,52.360416412353516,55.89416929511845,1.149258482796707,300.5131190556415,218.11581040019118
0.4290000000000003,52.515357971191406,56.025068989018024,1.1534050753421752,313.16923765577025,223.4432183089984
0.4300000000000003,52.67706298828125,56.155968682917596,1.1730715094023167,323.2999789665201,231.27631348000682
0.4310000000000003,52.83670425415039,56.286868376817175,1.1853257579386365,318.80346904228895,229.8158310293268
0.43200000000000033,52.994102478027344,56.417768070716754,1.1857367949940818,315.03729279777934,228.14266624463022
0.43300000000000033,53.150169372558594,56.54866776461632,1.1809892060507332,314.2108509960702,227.42007671538846
0.43400000000000033,53.30647277832031,56.6795674585159,1.1776938627798026,317.6885883351338,228.3581195322005
0.43500000000000033,53.464942932128906,56.81046715241548,1.181556594898022,326.26578021034146,231.3790472730748
0.43600000000000033,53.627681732177734,56.94136684631504,1.1968921424071386,340.2772131970022,236.678150606382
0.43700000000000033,53.79676055908203,57.07226654021462,1.226285661918051,352.11261688758196,244.26998464218192
0.43800000000000033,53.9657096862793,57.2031662341142,1.2501654868638195,350.85366398143657,244.915176901909
0.43900000000000033,54.13343811035156,57.33406592801377,1.2605929060184424,348.8427553991871,244.3811853992618
0.44000000000000034,54.300113677978516,57.46496562191335,1.263917127813995,348.5391608939983,244.00716241688073
0.44100000000000034,54.466705322265625,57.59586531581292,1.266410893547784,351.56142620124774,244.689869961028
0.44200000000000034,54.634708404541016,57.726765009712494,1.2734790780084746,358.92489056468565,247.0085403109542
0.44300000000000034,54.80589294433594,57.85766470361207,1.2892936697522703,371.1526053017981,251.28818271644457
0.44400000000000034,54.98210144042969,57.98856439751165,1.3165551351538671,388.3622968162817,257.6485895602688
0.44500000000000034,55.165122985839844,58.11946409141122,1.3564206538827013,397.7685601775174,266.0432944280243
0.44600000000000034,55.34706115722656,58.250363785310796,1.3787512826920647,395.4295232092307,265.74400723103196
0.44700000000000034,55.52695083618164,58.381263479210375,1.3889896178108734,392.3722996187018,264.3611892871864
0.44800000000000034,55.705039978027344,58.51216317310994,1.3928034692944715,390.9473456980588,263.22369343584467
0.44900000000000034,55.882328033447266,58.64306286700952,1.3956181996763057,392.67993159833884,263.1893946543557
0.45000000000000034,56.060279846191406,58.7739625609091,1.4020532340035483,398.4966293052986,264.79651479097373
0.45100000000000035,56.2405891418457,58.90486225480867,1.4156412924947672,408.83697551461455,268.3275302595581
0.45200000000000035,56.42500305175781,59.03576194870824,1.438674773237762,423.7415711837074,273.8584597863666
0.45300000000000035,56.61514663696289,59.16666164260782,1.472179489044337,427.8321638768884,281.2978282316165
0.45400000000000035,56.80085754394531,59.29756133650739,1.4836161365884506,419.1504998355121,277.2119057982594
0.45500000000000035,56.981773376464844,59.42846103040697,1.4830322716159654,410.3017160930612,272.65023987955124
0.45600000000000035,57.15864181518555,59.55936072430655,1.4757676582807417,403.57427999876455,268.8964343014583
0.45700000000000035,57.3328742980957,59.690260418206115,1.4669534215051536,400.4022571904268,266.7197665379931
0.45800000000000035,57.506256103515625,59.821160112105694,1.46104579097199,401.6228929562253,266.57338406074024
0.45900000000000035,57.68072509765625,59.95205980600527,1.4615690394800702,407.5903794052698,268.658409963981
0.46000000000000035,57.85818862915039,60.08295949990484,1.4709556265720753,418.2650751516393,272.97283905451394
0.46100000000000035,58.04038619995117,60.21385919380442,1.4904798477928918,417.91083640437455,279.35060118550996
0.46200000000000035,58.2144775390625,60.344758887703996,1.4878144211412827,401.9565770096279,270.7785919708501
0.46300000000000036,58.381072998046875,60.47565858160357,1.473112527850747,387.165146920882,262.8288910792824
0.46400000000000036,58.54179382324219,60.60655827550314,1.4518308108718778,375.7282878418013,256.6952905754324
0.46500000000000036,58.698768615722656,60.73745796940272,1.4292822563618495,368.9265761352784,253.00503774840033
0.46600000000000036,58.85436248779297,60.86835766330229,1.4101890986281838,367.4461839200446,252.07599192286833
0.46700000000000036,59.010982513427734,60.99925735720187,1.398404349584057,371.4933536333951,253.9805056784353
0.46800000000000036,59.170902252197266,61.13015705110144,1.3966937993996789,372.6605734617535,258.59387401551623
0.46900000000000036,59.321353912353516,61.261056745001014,1.3888543084691245,353.10043690675457,248.03765356472545
0.47000000000000036,59.46333694458008,61.39195643890059,1.3656174881661525,335.0915867672399,238.58660265669585
0.47100000000000036,59.598907470703125,61.52285613280017,1.3332211038004995,321.1078455860855,231.50617285077305
0.47200000000000036,59.73065185546875,61.65375582669974,1.29809134039239,312.5969936422501,227.4672841833562
0.47300000000000036,59.861419677734375,61.784655520599316,1.2661979094246136,310.36627504609777,226.81047766847922
0.47400000000000037,59.994083404541016,61.915555214498895,1.242741299734489,314.69971873250853,229.6111911094631
0.47500000000000037,60.13138198852539,62.046454908398466,1.2317896262279733,325.4492151921116,235.73028409096509
0.47600000000000037,60.2757682800293,62.17735460229804,1.2359105278521054,330.05222741952656,244.85545562206363
0.47700000000000037,60.41213607788086,62.30825429619762,1.223293189201982,314.08359239625935,235.74626842849793
0.47800000000000037,60.54230880737305,62.43915399009719,1.1994777000666514,301.69594993425517,228.77250617544087
0.47900000000000037,60.66899108886719,62.57005368399677,1.1715391378734687,294.9680321398052,225.0332319241644
0.48000000000000037,60.79522705078125,62.70095337789634,1.1465216870394392,294.94278476949114,224.98183191108848
0.48100000000000037,60.92414855957031,62.83185307179591,1.130728731728397,302.0303345905836,228.74544086917626
0.4820000000000004,61.05874252319336,62.96275276569549,1.1290858352638893,316.1260064829349,236.1936037542093
0.4830000000000004,61.20168685913086,63.09365245959507,1.1445515983943253,323.2082883613541,246.99145492472002
0.4840000000000004,61.338470458984375,63.224552153494635,1.137651219223427,311.4945219147513,240.00670797468055
0.4850000000000004,61.47079086303711,63.355451847394214,1.1219657892427075,303.60126509389534,235.05857198424425
0.4860000000000004,61.601261138916016,63.48635154129379,1.104918083366985,301.5943818307388,233.29780523133738
0.4870000000000004,61.73286056518555,63.617251235193365,1.0937342460595842,306.4895248028623,235.20738827005974
0.4880000000000004,61.8686408996582,63.74815092909294,1.0945476251095423,318.6363361002465,240.91865643841462
0.4890000000000004,62.01150894165039,63.879050622992516,1.1115889869739828,327.90661776449946,250.28568264238635
0.4900000000000004,62.1502571105957,64.00995031689209,1.1163987848632555,319.4507105132462,245.7416794513705
0.4910000000000004,62.28556823730469,64.14085001079167,1.1098227368501425,313.19991963694855,242.02323312503094
0.4920000000000004,62.41929626464844,64.27174970469125,1.0994763037365407,311.70059767636326,240.58078635557942
0.4930000000000004,62.55389404296875,64.40264939859081,1.0930201417410703,316.4140758576736,242.20934560128686
0.4940000000000004,62.692108154296875,64.53354909249039,1.0970809864348412,328.06379211341516,247.29917106322128
0.4950000000000004,62.83670425415039,64.66444878638997,1.1164336093637237,346.7632583295106,255.91435762985358
0.4960000000000004,62.99026870727539,64.79534848028953,1.1534316833139637,357.8631591952903,267.8553453810358
0.4970000000000004,63.141563415527344,64.92624817418911,1.166316500555417,353.64484959540823,265.65682275262725
0.4980000000000004,63.29088592529297,65.05714786808869,1.1702877892686654,351.2732444787764,263.8137138510486
0.4990000000000004,63.43970489501953,65.18804756198826,1.1723592551047317,353.19538077136497,263.81579632296115
0.5000000000000003,63.59011459350586,65.31894725588784,1.179118390519498,360.8064530225913,266.48644255445316
0.5010000000000003,63.744503021240234,65.4498469497874,1.1958940018214719,374.7598560166301,272.2314696445956
0.5020000000000003,63.90529251098633,65.58074664368698,1.2261601535029172,384.7566850293896,281.11924805481823
0.5030000000000003,64.06371307373047,65.71164633758656,1.24420559167845,379.26935312178034,278.8049059890481
0.5040000000000003,64.21919250488281,65.84254603148614,1.2487055844030766,373.69839569405553,275.7378340724089
0.5050000000000003,64.37255096435547,65.9734457253857,1.2465490642623145,371.0156421726743,273.6841104898868
0.5060000000000003,64.52545166015625,66.10434541928528,1.2446376069015026,373.105841350329,273.75880945901287
0.5070000000000003,64.6800308227539,66.23524511318486,1.2489766870144294,381.0558361767475,276.62118304745144
0.5080000000000003,64.8386459350586,66.36614480708444,1.2641319437078122,395.2849768107973,282.5554152410684
0.5090000000000003,65.00360107421875,66.497044500984,1.2928487788840741,404.0764777082632,291.53570657266283
0.5100000000000003,65.16500091552734,66.62794419488358,1.3072481997249843,396.1233529698506,287.65666078203816
0.5110000000000003,65.32249450683594,66.75884388878316,1.3079476912719283,388.3032831593942,283.26796557477536
0.5120000000000003,65.47704315185547,66.88974358268273,1.3017872164222728,383.549578035218,280.11655734646956
0.5130000000000003,65.63043975830078,67.0206432765823,1.2954840593347807,383.68707555663343,279.2738321755785
0.5140000000000003,65.78489685058594,67.15154297048188,1.2948640651542849,389.7409334326067,281.35419267874084
0.5150000000000003,65.94279479980469,67.28244266438145,1.3043941134946153,402.0671017640755,286.59476204224893
0.5160000000000003,66.10643768310547,67.41334235828103,1.3268391370696855,408.2034169342925,294.92020911228184
0.5170000000000003,66.26445770263672,67.5442420521806,1.3336980714650646,395.91133771332005,288.2124095535738
0.5180000000000003,66.41700744628906,67.67514174608017,1.3267108141817316,384.46537170752435,281.6185636080892
0.5190000000000003,66.56548309326172,67.80604143997975,1.3127825610321397,376.7714009368414,276.85626964026324
0.5200000000000004,66.71202850341797,67.93694113387933,1.2987184910010854,374.5765705897414,274.9232212233634
0.5210000000000004,66.85918426513672,68.0678408277789,1.2904942916236861,378.8148068066513,276.35379587341475
0.5220000000000004,67.0095443725586,68.19874052167847,1.2927782230874834,389.7406719572296,281.30003517984915
0.5230000000000004,67.16557312011719,68.32964021557805,1.3085415763670587,394.165924009748,289.59837506760977
0.5240000000000004,67.31436920166016,68.46053990947762,1.3071750959732984,378.53446973508653,280.5241078389576
0.5250000000000004,67.45674896240234,68.5914396033772,1.2926061509185696,364.99241422369965,272.4829849526185
0.5260000000000004,67.59473419189453,68.72233929727678,1.2720192554975285,356.33596300342145,267.11745642821177
0.5270000000000004,67.73095703125,68.85323899117635,1.2525175881952195,354.1470457087545,265.2985553372763
0.5280000000000004,67.86833190917969,68.98413868507593,1.2403753751961362,359.18053869372005,267.42748555510974
0.5290000000000004,68.009765625,69.1150383789755,1.2404701749699822,371.5022397435364,273.51999985628817
0.5300000000000004,68.15790557861328,69.24593807287508,1.255793754074889,375.83754730883305,283.2758159367231
0.5310000000000004,68.29830932617188,69.37683776677466,1.2484511815622021,359.58637480789827,273.31995101115433
0.5320000000000004,68.43248748779297,69.50773746067424,1.2300874182409605,346.9120670949995,265.37062192552025
0.5330000000000004,68.56306457519531,69.6386371545738,1.2082325514568497,340.374237666798,260.94340349643
0.5340000000000004,68.69309997558594,69.76953684847338,1.1902320363518406,341.27902560104013,260.7306149803724
0.5350000000000004,68.8258285522461,69.90043654237296,1.182439306665492,350.09730407310155,264.95102895111086
0.5360000000000004,68.96430206298828,70.03133623627252,1.189487368347907,355.8614741725938,273.43892025245964
0.5370000000000004,69.09547424316406,70.1622359301721,1.1839636001194622,339.91976232990436,263.89407985348276
0.5380000000000004,69.22071075439453,70.29313562407168,1.165265497200288,327.26396633890226,256.1640304791458
0.5390000000000004,69.3425521850586,70.42403531797125,1.1416055911193619,320.79541611688427,251.93907786500515
0.5400000000000004,69.46415710449219,70.55493501187082,1.121345520388656,322.08855611917255,252.07082877981037
0.5410000000000004,69.5888900756836,70.6858347057704,1.111941462642247,331.8161198077865,256.89624166016387
0.5420000000000004,69.72003173828125,70.81673439966997,1.1190218389267217,341.40114474664546,266.3302790285859
0.5430000000000004,69.84590148925781,70.94763409356955,1.1198780213307695,329.23372610816665,259.47267203701733
0.5440000000000004,69.96745300292969,71.07853378746913,1.1068077020532012,319.85904622785944,253.90955582419213
0.5450000000000004,70.08695983886719,71.20943348136869,1.0887438282019428,316.407256490665,251.485079183717
0.5460000000000004,70.20735931396484,71.34033317526827,1.0747752805896542,320.64811072213666,253.20317851968457
0.5470000000000004,70.33191680908203,71.47123286916785,1.0728893130643091,333.40019491624906,259.5196841159819
0.5480000000000004,70.4638671875,71.60213256306741,1.08889902183064,346.22153598273974,270.43610269076675
0.5490000000000004,70.59278106689453,71.733032256967,1.0989148530737605,338.6404734532507,266.6695366942416
0.5500000000000004,70.71903991699219,71.86393195086657,1.0952029302323874,333.05230879825035,263.4246652514744
0.5510000000000004,70.84445190429688,71.99483164476615,1.0868986928373805,332.75769630622796,262.6978623805829
0.5520000000000004,70.97158813476562,72.12573133866572,1.0830920277412324,339.693954931213,265.6487515785843
0.5530000000000004,71.10343170166016,72.2566310325653,1.0915020841664536,354.8090049924957,272.8592301878351
0.5540000000000004,71.24301147460938,72.38753072646487,1.117444937384507,368.89549541347236,284.4280781457064
0.5550000000000004,71.38085174560547,72.51843042036445,1.1350244869357087,364.0980758414362,282.53414534802437
0.5560000000000004,71.51679229736328,72.64933011426403,1.1386957488525133,360.30775877951623,280.36885668994427
0.5570000000000004,71.65213775634766,72.7802298081636,1.137273349788014,360.9903672152277,280.07395932835277
0.5580000000000004,71.78910827636719,72.91112950206318,1.1393940527713415,368.2547648542831,282.9582411021527
0.5590000000000004,71.93037414550781,73.04202919596275,1.1522879035858664,383.1911609619841,289.72822143834037
0.5600000000000004,72.07874298095703,73.17292888986232,1.1809085184044403,396.5591580555092,300.58286304298036
0.5610000000000004,72.2253189086914,73.3038285837619,1.201156939156504,391.4282139276991,298.63223801488647
0.5620000000000004,72.36953735351562,73.43472827766148,1.2062400249761986,386.4081728701091,295.8373380570824
0.5630000000000004,72.51239013671875,73.56562797156104,1.204643283686914,385.1616379466773,294.4709080270422
0.5640000000000004,72.6558609008789,73.69652766546062,1.2047221572869413,389.9858148488556,295.9718359415605
0.5650000000000004,72.80245971679688,73.8274273593602,1.213583983167994,402.13323861104163,301.15740594650845
0.5660000000000004,72.95488739013672,73.95832705325977,1.236338502199729,421.9576345488094,310.316656562641
0.5670000000000004,73.11570739746094,74.08922674715934,1.275582148886333,432.20102011431294,323.29203820542426
0.5680000000000004,73.27290344238281,74.22012644105892,1.2879551394709305,424.27921626329316,318.7079815549248
0.5690000000000004,73.4266586303711,74.35102613495849,1.2892066388012478,418.0288281204338,314.3565899186573
0.5700000000000004,73.57853698730469,74.48192582885807,1.2870727971007876,416.5954332885052,312.26531443266134
0.5710000000000004,73.73082733154297,74.61282552275765,1.288708493673232,421.7495826946214,313.5547696564281
0.5720000000000004,73.88616943359375,74.74372521665721,1.2998867118047064,434.24373919488534,318.737090617353
0.5730000000000004,74.04714965820312,74.87462491055679,1.3243921874505038,439.20623585487544,327.8156508889575
0.5740000000000004,74.20161437988281,75.00552460445637,1.3281025017897332,424.1917596187733,318.8630987759661
0.5750000000000004,74.3499755859375,75.13642429835595,1.3181563041805726,410.9073010257118,310.45794487823866
0.5760000000000004,74.49408721923828,75.26732399225551,1.3024157631363515,402.78491329083045,304.7476337690852
0.5770000000000004,74.63658142089844,75.39822368615509,1.2885736729153512,401.8011501607584,302.93374071781665
0.5780000000000004,74.78043365478516,75.52912338005467,1.2832671450614315,408.86556566311674,305.5809666295144
0.5790000000000004,74.92862701416016,75.66002307395425,1.2913852941117128,412.68056131286176,312.71935017157966
0.5800000000000004,75.06884765625,75.79092276785381,1.2876937454179214,393.65415768308424,301.3613766893972
0.5810000000000004,75.20196533203125,75.9218224617534,1.2685577477844674,377.14541254796353,291.2391922031962
0.5820000000000004,75.33029174804688,76.05272215565297,1.2425487041052365,366.7443196521342,284.5394959046984
0.5830000000000004,75.45691680908203,76.18362184955255,1.218328026362372,364.4968867784898,282.4665367048189
0.5840000000000004,75.58525085449219,76.31452154345212,1.2036353550305186,371.33721839150354,285.56378723336127
0.5850000000000004,75.71868896484375,76.4454212373517,1.2044426516048379,377.80611886297123,293.81754801601267
0.5860000000000004,75.84480285644531,76.57632093125127,1.1983131295190523,359.9132932545359,283.2154778175637
0.5870000000000004,75.9648208618164,76.70722062515084,1.1768312464826842,345.49459791718886,274.43803720664715
0.5880000000000004,76.08141326904297,76.83812031905042,1.1495430594160232,338.14743830306054,269.66152106250667
0.5890000000000004,76.1979751586914,76.96902001295,1.1261664875842545,339.8549728123225,270.04260152888634
0.5900000000000004,76.31817626953125,77.09991970684956,1.1153507378567666,351.44499887640677,276.05286531547284
0.5910000000000004,76.44560241699219,77.23081940074914,1.1235194823382346,362.0874845590758,287.5864670588021
0.5920000000000004,76.56769561767578,77.36171909464872,1.1212497121636997,349.0588630870902,279.89181779429333
0.5930000000000004,76.685791015625,77.49261878854828,1.1061189346373965,340.14720709649333,274.2204681092886
0.5940000000000004,76.80261993408203,77.62351848244786,1.08837141356895,338.8175133416068,272.7130706243679
0.5950000000000004,76.92160034179688,77.75441817634744,1.0780872849860597,346.88934188599063,276.45874933053636
0.5960000000000004,77.04635620117188,77.88531787024701,1.083668512170312,364.99491802426877,285.84098643967036
0.5970000000000004,77.18037414550781,78.01621756414659,1.1104738745393847,378.25789652039174,300.65128958944615
0.5980000000000004,77.31074523925781,78.14711725804617,1.115307990652829,369.99792658133197,295.55677501825306
0.5990000000000004,77.438720703125,78.27801695194573,1.1107393743968819,365.9961285836532,292.3415483735102
0.6000000000000004,77.56685638427734,78.40891664584531,1.1066524403646152,369.52108520412753,293.1116432948787
0.6010000000000004,77.69837951660156,78.53981633974489,1.1121536738940028,382.1996575836753,298.89361808457454
0.6020000000000004,77.83667755126953,78.67071603364447,1.134136996647022,394.0192402237055,309.99340870109916
0.6030000000000004,77.97159576416016,78.80161572754405,1.1456032535515266,385.26988820544324,305.29251671075144
0.6040000000000004,78.1033935546875,78.93251542144361,1.1427941832587947,378.5371362423514,300.94802991959176
0.6050000000000004,78.23394012451172,79.06341511534319,1.1355930194498987,377.8567852044496,299.5216442289613
0.6060000000000004,78.36605834960938,79.19431480924277,1.133788559719212,385.59639439458624,302.5215149574621
0.6070000000000004,78.50302124023438,79.32521450314233,1.1455518086530678,402.83696777116353,310.67622707976795
0.6080000000000004,78.64810180664062,79.45611419704191,1.1762313420886243,415.96866189632266,324.0482908152663
0.6090000000000004,78.790283203125,79.58701389094149,1.1890320205332425,408.76952774776845,320.096959224738
0.6100000000000004,78.92987823486328,79.71791358484107,1.1896283477144347,403.8849801302168,316.6018628836719
0.6110000000000004,79.06874084472656,79.84881327874065,1.1875472754414056,405.11100317023954,316.0310539700307
0.6120000000000004,79.20960235595703,79.97971297264021,1.1917520784911333,414.5802231490402,319.77851547571976
0.6130000000000004,79.35553741455078,80.11061266653978,1.2093466126648742,433.14768121320833,328.4603722999847
0.6140000000000004,79.50959777832031,80.24151236043936,1.2446101980340722,443.7212548519499,342.0300815566896
0.6150000000000004,79.65950775146484,80.37241205433894,1.2539049373572317,434.0293850249829,336.1090989603766
0.6160000000000004,79.80580139160156,80.50331174823852,1.2519350730229897,427.01991283084084,330.9652313092115
0.6170000000000004,79.95046997070312,80.6342114421381,1.247713603075112,426.34873186612043,329.012378617523
0.6180000000000004,80.0963363647461,80.76511113603767,1.2495787952000255,433.98207168629506,331.5425624785516
0.6190000000000004,80.24647521972656,80.89601082993723,1.2640899960567256,440.62674299895065,339.0608372698503
0.6200000000000004,80.3906478881836,81.0269105238368,1.2704322698788564,424.95308377524725,330.1083404643162
0.6210000000000004,80.52891540527344,81.15781021773638,1.2593004973246733,410.50402914092155,321.1865698822787
0.6220000000000004,80.6630859375,81.28870991163596,1.2402647472108377,401.78197343088806,315.13975108923836
0.6230000000000004,80.79602813720703,81.41960960553554,1.2230601928737899,401.516573450985,313.6979372963746
0.6240000000000004,80.9311294555664,81.55050929943512,1.2162971153086666,411.0576188563229,317.74783471788106
0.6250000000000004,81.07186126708984,81.68140899333468,1.2264105533274205,419.424019601456,327.4452855652901
0.6260000000000004,81.20663452148438,81.81230868723426,1.2267945996673242,403.89536094692795,318.34994666337474
0.6270000000000004,81.33621978759766,81.94320838113383,1.212004392784093,391.39218265151374,310.4479386460568
0.6280000000000004,81.46299743652344,82.07410807503341,1.192277473093332,386.06173840926084,306.3766992858044
0.6290000000000004,81.59021759033203,82.20500776893299,1.1777107484146077,390.2230744411394,307.60586597004396
0.6300000000000004,81.72149658203125,82.33590746283257,1.176879417098556,404.8076379509822,314.75847277499736
0.6310000000000004,81.86035919189453,82.46680715673213,1.195620470483391,414.8123972945281,327.72986184426003
0.6320000000000005,81.99372100830078,82.59770685063171,1.1946784374621315,401.21245726690495,319.27314371427707
0.6330000000000005,82.12288665771484,82.72860654453129,1.1821225783217015,392.0815847873247,312.9064622603566
0.6340000000000005,82.25061798095703,82.85950623843087,1.1683441191690316,391.16140135745,311.0661693498793
0.6350000000000005,82.3803939819336,82.99040593233045,1.1631132465552205,400.3203991517638,314.9523004982909
0.6360000000000005,82.51587677001953,83.12130562623001,1.1741334547360063,409.33259281491365,324.90947712459797
0.6370000000000005,82.6457748413086,83.25220532012958,1.1755976709462317,394.64994521003655,316.2127484623035
0.6380000000000005,82.77092742919922,83.38310501402916,1.1618553165803578,383.3319406868797,308.87120172520787
0.6390000000000005,82.89386749267578,83.51400470792873,1.1437961670354795,379.75550605145423,305.6852075298107
0.6400000000000005,83.0180435180664,83.64490440182831,1.1322764431692234,386.3599894143036,308.2143573858317
0.6410000000000005,83.14726257324219,83.77580409572789,1.1364547646569496,404.0915955833863,317.10223011911063
0.6420000000000005,83.28520965576172,83.90670378962747,1.162297799986146,416.714044844755,332.20439074946984
0.6430000000000005,83.41889190673828,84.03760348352702,1.1651841812304562,406.381963553013,325.64332795755416
0.6440000000000005,83.54962158203125,84.1685031774266,1.1582706628718358,400.8811903443967,321.2450175256023
0.6450000000000005,83.68018341064453,84.29940287132618,1.1522334423663338,403.93962031049404,321.49051717964494
0.6460000000000005,83.81404113769531,84.43030256522576,1.1567658086241934,417.3435349031436,327.56872932679084
0.6470000000000005,83.95482635498047,84.56120225912534,1.1790263308311377,427.91390822805687,339.7653347611516
0.6480000000000005,84.09095001220703,84.69210195302492,1.184388989413909,415.9292878500662,332.5092231207176
0.6490000000000005,84.22320556640625,84.82300164692448,1.1766317577613195,407.448104831251,326.5332192361629
0.6500000000000005,84.35403442382812,84.95390134082406,1.1665125654128528,406.79208437092,324.67726219753644
0.6510000000000005,84.48680877685547,85.08480103472363,1.164360974595037,416.2945251922243,328.4836468799207
0.6520000000000005,84.62517547607422,85.2157007286232,1.1784248025800528,426.69918261911175,338.5354588592502
0.6530000000000005,84.75899505615234,85.34660042252278,1.185393365443099,414.0036381944508,331.37951271951204
0.6540000000000005,84.88863372802734,85.47750011642236,1.1762155619105954,403.8014052406315,324.8045217924661
0.6550000000000005,85.01626586914062,85.60839981032193,1.1620722892592366,400.8945133866301,321.92414614376196
0.6560000000000005,85.14515686035156,85.7392995042215,1.154083190544348,408.066664354141,324.57055558730104
0.6570000000000005,85.27900695800781,85.87019919812109,1.1615680992806185,426.4924549003657,333.57935785260264
0.6580000000000005,85.42150115966797,86.00109889202066,1.1905500822406134,439.76274517938737,348.91666132405993
0.6590000000000005,85.56015014648438,86.13199858592023,1.1969624755621202,430.13465289427614,342.9369521989917
0.6600000000000005,85.69593811035156,86.26289827981981,1.1927747747667954,424.7668712685575,338.6158910616059
0.6610000000000005,85.83143615722656,86.39379797371937,1.1887592798785909,427.69249233851275,338.67360918751535
0.6620000000000005,85.96997833251953,86.52469766761895,1.1946478540965175,440.9100912533456,344.4786577538368
0.6630000000000005,86.11509704589844,86.65559736151853,1.2176138244765358,450.820643894533,356.42025134483885
0.6640000000000005,86.2552490234375,86.78649705541811,1.2232033843837637,437.6677084928513,348.4557055812127
0.6650000000000005,86.39106750488281,86.91739674931769,1.2148521974321382,427.7578147659083,341.5512841009759
0.6660000000000005,86.52494812011719,87.04829644321727,1.2034431859662102,425.6880169826697,338.7576681612247
0.6670000000000005,86.66023254394531,87.17919613711682,1.1994110089348051,433.9602569512758,341.7546269533617
0.6680000000000005,86.80062103271484,87.3100958310164,1.2111251413552637,442.80952680740546,351.18843582855266
0.6690000000000005,86.93555450439453,87.44099552491598,1.214868991579414,427.5256091446623,342.2769305649195
0.6700000000000005,87.0655288696289,87.57189521881556,1.2020130360223453,415.06728862407124,334.18047877701844
0.6710000000000005,87.19290924072266,87.70279491271513,1.1840079123743918,410.448557607223,330.1741732205114
0.6720000000000005,87.32112884521484,87.83369460661471,1.1722486290173555,416.53539286506293,332.1595848677766
0.6730000000000005,87.45408630371094,87.96459430051428,1.176324086508918,434.4730606179339,340.96557058353045
0.6740000000000005,87.59556579589844,88.09549399441384,1.2024547804732355,446.6241103970686,356.4811556839885
0.6750000000000005,87.7323226928711,88.22639368831342,1.2039353707074696,434.7597297425014,348.792769177425
0.6760000000000005,87.86575317382812,88.357293382213,1.1955175454870286,428.18958653884476,343.49494885918847
0.6770000000000005,87.99878692626953,88.48819307611258,1.1883934960941862,430.945344525079,343.33498540044627
0.6780000000000005,88.13504791259766,88.61909277001216,1.192570084707955,444.88005276092963,349.59643200539796
0.6790000000000005,88.27828216552734,88.74999246391172,1.2152582778418612,454.0974152423478,362.5128455440411
0.6800000000000005,88.41584014892578,88.8808921578113,1.2157165322063932,439.3807500922804,353.0494722698385
0.6810000000000005,88.54891204833984,89.01179185171088,1.2041043628442574,429.4195797550634,345.6771341874875
0.6820000000000005,88.6803970336914,89.14269154561046,1.1917442827220004,428.67715509435595,343.4058505461512
0.6830000000000005,88.81401824951172,89.27359123951003,1.1892368547046104,439.3682220880599,347.7451142493946
0.6840000000000005,88.95369720458984,89.4044909334096,1.2047216733377806,447.8709622374706,359.09897706114646
0.6850000000000005,89.08739471435547,89.53539062730917,1.2036137538864116,431.86477312363166,349.00700638406533
0.6860000000000005,89.2162857055664,89.66629032120875,1.1890400162977324,420.5462641394488,340.9665255370961
0.6870000000000005,89.34331512451172,89.79719001510833,1.1728120564192048,418.6562478134308,338.14620367953376
0.6880000000000005,89.4723129272461,89.9280897090079,1.1662688748790495,428.6294833341479,342.194267889784
0.6890000000000005,89.60738372802734,90.05898940290749,1.1783707324576982,438.5069540573004,353.6136115834238
0.6900000000000005,89.73701477050781,90.18988909680706,1.1782328951509673,423.51287831675614,344.399983332431
0.6910000000000005,89.8623275756836,90.32078879070662,1.1640640980810837,413.1773139478582,337.1496923614652
0.6920000000000005,89.98625946044922,90.4516884846062,1.1482194549460636,412.4173411846489,335.1412308661251
0.6930000000000005,90.1126708984375,90.58258817850577,1.142622487272802,423.7980597379802,340.1171534794579
0.6940000000000005,90.2457275390625,90.71348787240535,1.1566828408735264,435.8840398645198,352.6408553920233
0.6950000000000005,90.37432861328125,90.84438756630493,1.1599517163161366,423.25884403063475,345.119978645129
0.6960000000000005,90.49944305419922,90.97528726020451,1.1492957242881663,415.0982132754042,339.3146102705968
0.6970000000000005,90.62388610839844,91.10618695410407,1.1373849631639523,416.4266313780027,338.5902222630209
0.6980000000000005,90.75144958496094,91.23708664800364,1.1363239687307791,429.88624882831846,344.76321856163844
0.6990000000000005,90.88624572753906,91.36798634190322,1.155467561465726,443.63263332611206,358.4418593783052
0.7000000000000005,91.01739501953125,91.4988860358028,1.1627288414847694,433.10362539437074,352.34913880916935
0.7010000000000005,91.1456527709961,91.62978572970238,1.15628774021013,426.6656682800423,347.6114049190997
0.7020000000000005,91.27366638183594,91.76068542360196,1.1487911431728097,429.42549214096977,347.6767561431134
0.7030000000000005,91.40509033203125,91.89158511750152,1.1521503521213843,444.08763134428426,354.4306945149413
0.7040000000000005,91.54389190673828,92.0224848114011,1.1753876381707222,458.09435527268005,368.52508622876087
0.7050000000000005,91.67925262451172,92.15338450530068,1.184853187956182,448.0864319470818,362.77528683633324
0.7060000000000005,91.8117446899414,92.28428419920024,1.1804940675971365,441.78236362752773,358.06642062907264
0.7070000000000005,91.94386291503906,92.41518389309982,1.1747600108268903,444.3802959884398,357.9312900825799
0.7080000000000005,92.07915496826172,92.5460835869994,1.179299277554131,458.65396172758267,364.3216950998662
0.7090000000000005,92.22150421142578,92.67698328089897,1.2029050327476989,471.5847569953966,377.931319698017
0.7100000000000005,92.35995483398438,92.80788297479855,1.2116638756193197,460.3103764238233,371.3308645505396
0.7110000000000005,92.49503326416016,92.93878266869812,1.2061506185775397,452.57915531044677,365.672986136045
0.7120000000000005,92.62921905517578,93.0696823625977,1.1986998453591957,453.69107857742256,364.56910028396777
0.7130000000000005,92.76603698730469,93.20058205649728,1.2008904598474264,466.48487328526176,370.02157672581745
0.7140000000000005,92.90937042236328,93.33148175039686,1.22156120707419,477.85667245409303,382.7482062599054
0.7150000000000005,93.04806518554688,93.46238144429641,1.2274265711505865,464.4493797026861,374.704764935382
0.7160000000000005,93.18274688720703,93.59328113819599,1.2186277056339632,454.80719845114993,367.79795572442845
0.7170000000000005,93.31600189208984,93.72418083209557,1.207593521447904,454.3095657761082,365.6930518434597
0.7180000000000005,93.45147705078125,93.85508052599515,1.2060745243179887,465.8193205814224,370.4069813320295
0.7190000000000005,93.59317779541016,93.98598021989473,1.2231506971493245,476.1851049776207,382.64224186337333
0.7200000000000005,93.7296371459961,94.1168799137943,1.2256740020908463,461.12925788320524,373.4238856168267
0.7210000000000005,93.86173248291016,94.24777960769386,1.2136287170111988,450.4158270983257,365.7709066703254
0.7220000000000005,93.99225616455078,94.37867930159344,1.199716737408291,449.43749428020277,363.3597166906276
0.7230000000000005,94.12503814697266,94.50957899549302,1.195978341613094,461.00281462636224,368.16944004957526
0.7240000000000005,94.26424407958984,94.6404786893926,1.2117164744729254,471.4299756699776,380.8329367845233
0.7250000000000005,94.39805603027344,94.77137838329217,1.2120227849022354,456.03961377008426,371.2265304557346
0.7260000000000005,94.52759552001953,94.90227807719175,1.1985901609657896,445.74326989411304,363.7020098994257
0.7270000000000005,94.65591430664062,95.03317777109132,1.1844302539804819,445.85517023269074,361.8981353060839
0.7280000000000005,94.7870101928711,95.1640774649909,1.1817734966790263,459.0372957540875,367.7021522027047
0.7290000000000005,94.92514038085938,95.29497715889048,1.1998742273413012,470.25563789432186,381.62456497448306
0.7300000000000005,95.05804443359375,95.42587685279004,1.1995772086414311,455.6189115593993,372.2529886049952
0.7310000000000005,95.18708801269531,95.55677654668962,1.1870167917936616,446.8015057846436,365.43713182138265
0.7320000000000005,95.31549072265625,95.6876762405892,1.1753568883074037,448.95502745615426,364.7382326451511
0.7330000000000005,95.44737243652344,95.81857593448876,1.1767080793227391,464.5193681416883,371.9108730423044
0.7340000000000005,95.58700561523438,95.94947562838834,1.1998621127320364,476.333869623611,387.3068827957024
0.7350000000000005,95.7215347290039,96.08037532228792,1.1996295899471139,462.4909103245529,378.1059384246552
0.7360000000000005,95.8525161743164,96.2112750161875,1.188867307622017,455.08764510567386,371.86880547271284
0.7370000000000005,95.98332214355469,96.34217471008708,1.1806168799783692,459.0599888007829,372.05566262396957
0.7380000000000005,96.11811065673828,96.47307440398664,1.1865305304550477,476.58287939139353,380.2642630156564
0.7390000000000005,96.2611083984375,96.60397409788621,1.2146501844275133,487.9575587296119,396.6688882166646
0.7400000000000005,96.39871978759766,96.73487379178579,1.2134483227203066,473.8824162103476,386.89193268329825
0.7410000000000005,96.5327377319336,96.86577348568537,1.2033321817101275,466.85378476545304,380.5164652308237
0.7420000000000005,96.66665649414062,96.99667317958495,1.1970272321817792,471.5670710307649,380.8861626036787
0.7430000000000005,96.80469512939453,97.12757287348452,1.205590346553499,477.989119333295,389.4241786669988
0.7440000000000005,96.93614196777344,97.2584725673841,1.2040072098583345,458.53823024287095,377.22837496230363
0.7450000000000006,97.06195831298828,97.38937226128365,1.1854600303409446,443.7280869010907,366.8078180429086
0.7460000000000006,97.18526458740234,97.52027195518323,1.163764901727559,439.80817343425645,362.4178585965387
0.7470000000000006,97.31037139892578,97.65117164908281,1.152694330362238,450.1465278539437,366.426635651841
0.7480000000000006,97.4419937133789,97.78207134298239,1.1634050599549575,462.2365189544181,379.64653914468806
0.7490000000000006,97.56880950927734,97.91297103688197,1.1624778777929354,448.10646409405365,370.7898898764828
0.7500000000000006,97.6922378540039,98.04387073078155,1.1488205126005007,440.263272573408,364.6688085723649
0.7510000000000006,97.81566619873047,98.17477042468111,1.1368317580364746,444.30813466567366,365.162478094709
0.7520000000000006,97.94346618652344,98.3056701185807,1.139884866763626,462.9277270054595,374.2269218292811
0.7530000000000006,98.08018493652344,98.43656981248026,1.1675509801684947,478.95476302066066,392.2712790088009
0.7540000000000006,98.21334838867188,98.56746950637984,1.172530161128736,469.3074496280029,385.8696358644931
0.7550000000000006,98.34447479248047,98.69836920027942,1.1681929763025183,466.3646862372726,382.3943861416813
0.7560000000000006,98.47689056396484,98.829268894179,1.1682018773918594,475.2218365566605,385.47906311615424
0.7570000000000006,98.61473846435547,98.96016858807856,1.184302960049948,486.42426069041676,396.7787715976285
0.7580000000000006,98.74810028076172,99.09106828197814,1.1915494294668612,472.2827589016177,388.4758593109791
0.7590000000000006,98.8774185180664,99.22196797587772,1.1816858816438012,461.82819393755926,381.017170501215
0.7600000000000006,99.00542449951172,99.3528676697773,1.1689398413938248,461.6563104628592,378.942984348143
0.7610000000000006,99.13614654541016,99.48376736367688,1.1671824416433678,475.4032993085208,384.86706087149264
0.7620000000000006,99.27408599853516,99.61466705757644,1.187243669993237,489.65709837254917,399.7603775186773
0.7630000000000006,99.408203125,99.745566751476,1.1932366409226516,478.1057972332858,392.73467338732405
0.7640000000000006,99.5394515991211,99.87646644537558,1.1861361189535027,471.8438247202631,387.5775747223922
0.7650000000000006,99.67086029052734,100.00736613927516,1.1801069351540912,476.76755932500015,388.4296640567663
0.7660000000000006,99.80650329589844,100.13826583317474,1.188052771650375,495.7751624938796,397.4504392288224
0.7670000000000006,99.9507064819336,100.26916552707432,1.2190366610826233,510.5454545116245,415.16738829047017
0.7680000000000006,100.09088897705078,100.4000652209739,1.2248370410096545,499.36888527239813,407.7357871830764
0.7690000000000006,100.22830963134766,100.53096491487345,1.2202501485600519,494.334059731991,402.79811017261085
0.7700000000000006,100.36615753173828,100.66186460877303,1.2187069737934109,500.81482611172225,404.2220865242879
0.7710000000000006,100.50846099853516,100.79276430267261,1.231806258137732,508.9315488836739,413.8105077017253
0.7720000000000006,100.6449203491211,100.92366399657219,1.234892828826729,490.5882252310653,402.62159432776815
0.7730000000000006,100.77603149414062,101.05456369047177,1.2198381290464249,476.07578392640573,392.41207364797555
0.7740000000000006,100.90467071533203,101.18546338437135,1.2009593221123724,472.2959283275679,387.95350041968356
0.7750000000000006,101.0350341796875,101.31636307827091,1.1923585127101637,483.03450974972174,391.9793643884678
0.7760000000000006,101.17179870605469,101.44726277217049,1.205297671137303,494.51297654991134,405.47796642189115
0.7770000000000006,101.30335998535156,101.57816246607005,1.204038200847551,478.86096641527735,395.5074357664905
0.7780000000000006,101.43110656738281,101.70906215996963,1.1897110483396258,469.69521491309894,388.29881559412433
0.7790000000000006,101.5584945678711,101.83996185386921,1.1770713464446005,473.009173503931,388.0789862501334
0.7800000000000006,101.68997955322266,101.97086154776879,1.1796573638472676,491.59988806113586,396.9484154140994
0.7810000000000006,101.83016967773438,102.10176124166836,1.2069954171290833,505.9483392110181,415.26765739726505
0.7820000000000006,101.96575927734375,102.23266093556794,1.207348124818048,493.3149006380714,406.46856525957924
0.7830000000000006,102.09860229492188,102.36356062946751,1.1991275392587806,488.5784792470385,401.4189080570486
0.7840000000000006,102.23238372802734,102.4944603233671,1.1964021893103283,496.9180113267113,403.89471170106657
0.7850000000000006,102.37152099609375,102.62536001726666,1.2110126874224176,505.73984891256833,415.4478537049971
0.7860000000000006,102.50469207763672,102.75625971116624,1.2103892672049097,487.613983908329,403.77878664527964
0.7870000000000006,102.633056640625,102.8871594050658,1.1946189992010277,475.34604919704043,394.4632236739403
0.7880000000000006,102.76004028320312,103.01805909896538,1.1786299914926355,475.52593617575144,392.1382479849676
0.7890000000000006,102.89020538330078,103.14895879286496,1.1766053114270174,491.41192074727815,399.22110454116415
0.7900000000000006,103.02837371826172,103.27985848676454,1.1990492102535284,504.6698730612968,416.27755826330514
0.7910000000000006,103.16159057617188,103.41075818066412,1.1972682946583135,490.76210424927837,406.6390932946554
0.7920000000000006,103.29180908203125,103.5416578745637,1.1864864066138583,485.11425536036916,400.98056438096665
0.7930000000000006,103.42286682128906,103.67255756846325,1.1813672842558078,493.16401738790586,403.2581537548183
0.7940000000000006,103.55937957763672,103.80345726236283,1.1944371739848745,502.8321301735257,415.12411613171986
0.7950000000000006,103.69023895263672,103.9343569562624,1.1938232477797701,485.4573188908448,403.95882742051407
0.7960000000000006,103.81669616699219,104.06525665016198,1.178393981463223,474.3372972762254,395.34661321212616
0.7970000000000006,103.94227600097656,104.19615634406156,1.163612860372061,476.1892738429785,394.03324474481093
0.7980000000000006,104.07166290283203,104.32705603796114,1.1640859684110019,494.2896763543896,402.47361042170246
0.7990000000000006,104.20975494384766,104.45795573186071,1.1903957124386464,509.5658284580616,421.19516254723885
0.8000000000000006,104.34356689453125,104.58885542576027,1.1910866694208486,497.6956283077813,412.81619121050244
0.8010000000000006,104.47503662109375,104.71975511965985,1.1837843997609174,494.328236092922,408.5026809331012
0.8020000000000006,104.60803985595703,104.85065481355943,1.183251561036985,504.8726878365994,412.235641454966
0.8030000000000006,104.74714660644531,104.98155450745901,1.2017493716074754,515.6817412392975,425.61945871347416
0.8040000000000006,104.88094329833984,105.11245420135859,1.2030551974803798,499.4961291965743,415.06433524100567
0.8050000000000006,105.01068878173828,105.24335389525815,1.1905214170129268,489.7062580054616,407.09077911945457
0.8060000000000006,105.13988494873047,105.37425358915773,1.1795287578369464,493.00120958381405,406.4804816607318
0.8070000000000006,105.27317810058594,105.50515328305731,1.1842743646151328,512.5365858475084,415.6452680595912
0.8080000000000006,105.41536712646484,105.63605297695689,1.2146643563741732,527.2462364110326,435.007176391293
0.8090000000000006,105.55293273925781,105.76695267085645,1.2149763223414043,514.638592350228,425.8324875136499
0.8100000000000006,105.68789672851562,105.89785236475603,1.2079549116694066,510.8142612894931,420.92910932683947
0.8110000000000006,105.82416534423828,106.0287520586556,1.2080789977715154,521.0909385954787,424.266968703378
0.8120000000000006,105.96632385253906,106.15965175255518,1.2271457307684903,529.9108551109979,437.34913124729235
0.8130000000000006,106.10225677490234,106.29055144645476,1.2249058157793036,511.23336156197604,424.7237871231917
0.8140000000000006,106.23346710205078,106.42145114035434,1.2095851060262726,499.70975815507234,415.26220683590753
0.8150000000000006,106.36370086669922,106.55235083425391,1.1964919276580832,501.9438084988347,413.7333456253301
0.8160000000000006,106.49775695800781,106.6832505281535,1.1996202776454468,508.84300890542676,422.42108429613063
0.8170000000000006,106.62530517578125,106.81415022205304,1.1952345994122404,487.90877991870343,409.07970097683534
0.8180000000000006,106.74757385253906,106.94504991595262,1.1737300944656726,473.37676824628306,398.3167485818353
0.8190000000000006,106.86827087402344,107.0759496098522,1.1516857523736674,472.77152339009854,395.44252042377485
0.8200000000000006,106.99242401123047,107.20684930375178,1.1453131855563845,489.9001052445037,403.3092496969277
0.8210000000000006,107.12533569335938,107.33774899765136,1.166846629692514,506.8435922491212,422.6269172151624
0.8220000000000006,107.25440979003906,107.46864869155094,1.1668345513096503,495.9123403666401,414.93498943070847
0.8230000000000006,107.38179779052734,107.5995483854505,1.1594045511910076,494.42083505823285,411.8348200091955
0.8240000000000006,107.51158905029297,107.73044807935007,1.1604649058986285,508.04726057182967,417.5389420500374
0.8250000000000006,107.64862823486328,107.86134777324965,1.1830215354799944,522.2273964962285,433.6924410164921
0.8260000000000006,107.78136444091797,107.99224746714923,1.1870546200838419,509.02312858683723,425.0040525330673
0.8270000000000006,107.91118621826172,108.1231471610488,1.1788456801211584,502.9808566529794,419.2573258245171
0.8280000000000006,108.04174041748047,108.25404685494838,1.1744494165037938,510.87715259982457,421.38366173935106
0.8290000000000006,108.17774963378906,108.38494654884795,1.1880961495802667,522.5823569618867,433.75011296640395
0.8300000000000006,108.30904388427734,108.51584624274753,1.1919325784948651,506.96901299050694,424.0954014524148
0.8310000000000006,108.43653106689453,108.64674593664711,1.1796423636199214,497.14096164585357,416.3573474557511
0.8320000000000006,108.56360626220703,108.77764563054669,1.1678703776206187,500.7519241301282,416.0100432246368
0.8330000000000006,108.69503784179688,108.90854532444625,1.1723036989167739,521.6388478013926,425.99915124511955
0.8340000000000006,108.83586120605469,109.03944501834583,1.2040805793881477,539.6867322594309,447.0361307100003
0.8350000000000006,108.97317504882812,109.1703447122454,1.208926084989149,529.9034873062436,439.97586521050596
0.8360000000000006,109.10881042480469,109.30124440614497,1.2062459903345826,528.8501105243556,436.9165615722676
0.8370000000000006,109.24661254882812,109.43214410004455,1.2113050741143712,542.3087398402263,442.2209760881684
0.8380000000000006,109.39115142822266,109.56304379394413,1.236304223276066,553.8724908029646,457.58993849517594
0.8390000000000006,109.53031921386719,109.69394348784371,1.2383938771005958,537.3859699575146,446.4510159168834
0.8400000000000006,109.66545104980469,109.82484318174329,1.2276290208690444,527.9339097845418,438.1796705208915
0.8410000000000006,109.8001937866211,109.95574287564284,1.2197394836999103,532.4790220564712,437.8922982861801
0.8420000000000006,109.93927001953125,110.08664256954242,1.228704076376009,539.7956876769124,448.0136185761747
0.8430000000000006,110.07180786132812,110.217542263442,1.2252938952723413,518.5540573157683,434.196022943951
0.8440000000000006,110.19905090332031,110.34844195734158,1.2054480567153816,504.0728020267449,423.06607818408276
0.8450000000000006,110.32477569580078,110.47934165124116,1.186019257354687,504.15723010049146,420.2411261335564
0.8460000000000006,110.45407104492188,110.61024134514074,1.1830502487997203,522.5741118195675,428.6374218831486
0.8470000000000006,110.59222412109375,110.74114103904029,1.2081289057969675,538.0454864754281,448.80561835748443
0.8480000000000006,110.7256088256836,110.87204073293987,1.2047432213957232,524.6286526630364,438.830322136798
0.8490000000000006,110.85672760009766,111.00294042683944,1.195295075343783,521.9140477696028,434.3584921946503
0.8500000000000006,110.9899673461914,111.13384012073902,1.1956960003853945,535.4571013992793,439.6331318021675
0.8510000000000006,111.13033294677734,111.2647398146386,1.2184774450444569,546.7583388592053,456.0423518603851
0.8520000000000006,111.26482391357422,111.39563950853818,1.2148161896954375,529.2885643512617,443.5695121643735
0.8530000000000006,111.39555358886719,111.52653920243775,1.2012935909634086,521.2849078897553,435.7430457672779
0.8540000000000006,111.52679443359375,111.65743889633733,1.1942591161624083,529.2544580114552,437.4307152709168
0.8550000000000006,111.66366577148438,111.7883385902369,1.207655566675592,538.2012727625765,450.59468838749507
0.8560000000000006,111.79415130615234,111.91923828413647,1.2015586770628988,518.3496338560069,436.8624420709865
0.8570000000000007,111.92024230957031,112.05013797803605,1.1832882621223593,507.6920871663413,427.5490873128626
0.8580000000000007,112.0462646484375,112.18103767193563,1.170084472815483,513.3879418485619,427.9302208391468
0.8590000000000007,112.1775894165039,112.31193736583519,1.177393737040054,523.5109950486614,440.3523475340257
0.8600000000000007,112.30317687988281,112.44283705973477,1.1723048143933221,505.0275195619727,427.98601210141953
0.8610000000000007,112.42488861083984,112.57373675363435,1.1539907205640636,495.53146387687417,419.7737669716788
0.8620000000000007,112.54703521728516,112.70463644753393,1.1405952572578577,502.59745926631115,421.25082095719006
0.8630000000000007,112.6750717163086,112.83553614143351,1.1486562011982353,516.1936122187236,435.0245135774614
0.8640000000000007,112.79881286621094,112.96643583533309,1.148976816578039,501.73668251335255,425.83936427960026
0.8650000000000007,112.9197998046875,113.09733552923264,1.1357045575187583,495.5614242824692,420.13049139450567
0.8660000000000007,113.04212188720703,113.22823522313222,1.1274352637042906,505.526153780524,423.62743636306016
0.8670000000000007,113.17108154296875,113.3591349170318,1.1410190511580114,522.4768521059459,439.1584098318962
0.8680000000000007,113.29712677001953,113.49003461093137,1.1486620485762007,512.0006491259597,433.08461109623715
0.8690000000000007,113.42131805419922,113.62093430483095,1.1420190142497353,508.5138824770917,429.4023258721616
0.8700000000000007,113.5473403930664,113.75183399873053,1.139550517471164,520.1582157648709,434.0492407776232
0.8710000000000007,113.68017578125,113.88273369263008,1.1578580805745653,538.4255375265135,450.1050272476593
0.8720000000000007,113.81074523925781,114.01363338652966,1.170823186246853,529.5534447397978,445.4850809001937
0.8730000000000007,113.93958282470703,114.14453308042924,1.1679070869193864,526.1516241287554,442.07679340310574
0.8740000000000007,114.06993865966797,114.27543277432882,1.1672108231708604,536.7328379791203,446.07879760836795
0.8750000000000007,114.2065200805664,114.4063324682284,1.1851596878643242,565.5371810096705,460.87545981256187
0.8760000000000007,114.3543472290039,114.53723216212798,1.2324034718473014,589.5645996067046,487.23772406267284
0.8770000000000007,114.50028991699219,114.66813185602754,1.2472201369947151,585.0410779882513,483.5811471363217
0.8780000000000007,114.6458511352539,114.79903154992712,1.2553675970199558,588.8553033723691,483.3432132821403
0.8790000000000007,114.79456329345703,114.9299312438267,1.2719421069231287,595.7501002483424,491.25935209005917
0.8800000000000007,114.937255859375,115.06083093772627,1.2806548167693246,573.7126823890561,478.0763367794087
0.8810000000000007,115.07349395751953,115.19173063162584,1.2652067505155158,553.6207018490079,463.82612197100553
0.8820000000000007,115.2060317993164,115.32263032552542,1.24281370672484,545.733181810515,455.85875532587517
0.8830000000000007,115.33953857421875,115.45353001942499,1.2309390093177925,555.9618845715239,458.67414530358957
0.8840000000000007,115.47943115234375,115.58442971332457,1.2437313537424506,567.5142177422782,474.021384073564
0.8850000000000007,115.61359405517578,115.71532940722415,1.2378667293399988,549.1555517474847,461.34139673774877
0.8860000000000007,115.74406433105469,115.84622910112373,1.2212918578342589,540.7367806205908,453.35714798632023
0.8870000000000007,115.87519836425781,115.9771287950233,1.211653383350535,549.4115886608437,455.46488548816444
0.8880000000000007,116.01231384277344,116.10802848892287,1.2239804234058382,560.0398787104016,469.8967861943677
0.8890000000000007,116.1434097290039,116.23892818282243,1.218136462376587,540.5320598623749,456.4876541243352
0.8900000000000007,116.2705078125,116.36982787672201,1.200188433978444,530.8674050251695,447.73109237020435
0.8910000000000007,116.39806365966797,116.50072757062159,1.1883897219481865,538.6524922451903,449.3252415065573
0.8920000000000007,116.53156280517578,116.63162726452117,1.1987013191499178,549.9119274448111,463.7218676140808
0.8930000000000007,116.65933990478516,116.76252695842075,1.1929158449864723,531.2569107334249,450.9185409342849
0.8940000000000007,116.78350830078125,116.89342665232033,1.1752305143349386,522.8417857353804,443.00897404682854
0.8950000000000007,116.90865325927734,117.02432634621988,1.164513691836933,532.4224738217256,445.79679277275375
0.8960000000000007,117.04039764404297,117.15522604011946,1.1772722723131466,546.2035038434866,461.7818251091764
0.8970000000000007,117.16731262207031,117.28612573401904,1.174582079358514,530.4845278111028,451.0103450504447
0.8980000000000007,117.29149627685547,117.41702542791862,1.1609057173052488,525.0960716616217,445.10721675653593
0.8990000000000007,117.41749572753906,117.5479251218182,1.155328933068124,537.7821136000775,449.89076982371233
0.9000000000000007,117.55089569091797,117.67882481571777,1.1742015286600145,554.0539177430902,467.84266898590647
0.9010000000000007,117.68030548095703,117.80972450961734,1.1760653636176595,541.1460206807188,458.9984257925299
0.9020000000000007,117.80764770507812,117.94062420351692,1.1675383014361371,538.1577938842466,454.6430569174256
0.9030000000000007,117.93728637695312,118.07152389741648,1.1674131150746287,552.8124768422043,460.6168718500779
0.9040000000000007,118.07463836669922,118.20242359131606,1.1914242265718173,569.6757926796189,479.40486694160774
0.9050000000000007,118.20816802978516,118.33332328521564,1.1959229983065325,557.351034514592,470.93020989241046
0.9060000000000007,118.3395767211914,118.46422297911522,1.1898018363181586,554.3617391941455,466.4895012453742
0.9070000000000007,118.47307586669922,118.59512267301479,1.1914067993981599,568.4945213270839,472.00012496568957
0.9080000000000007,118.61390686035156,118.72602236691436,1.216001838724949,583.7308472671956,490.00085736141835
0.9090000000000007,118.75032043457031,118.85692206081394,1.2194188500852403,569.4315520568339,480.1059796949432
0.9100000000000007,118.88395690917969,118.98782175471352,1.2115135957546392,564.2240340619161,474.088089129249
0.9110000000000007,119.01898956298828,119.1187214486131,1.2104444132283654,576.027708325361,477.9757437758094
0.9120000000000007,119.16064453125,119.24962114251267,1.2314738819170383,588.7526658009733,494.3748339695071
0.9130000000000007,119.2969970703125,119.38052083641223,1.2311234323808136,571.4658924096543,482.3205279857093
0.9140000000000007,119.42981719970703,119.51142053031181,1.2189980864240997,563.6612932044698,474.4677364884675
0.9150000000000007,119.56343078613281,119.64232022421139,1.2134506519595554,573.3616166130744,476.9248217303566
0.9160000000000007,119.70321655273438,119.77321991811097,1.230110300744251,584.5460344974637,492.307947012055
0.9170000000000007,119.83712005615234,119.90411961201055,1.225894410753916,565.366550672599,478.7990294946339
0.9180000000000007,119.96719360351562,120.03501930591013,1.210245642667991,556.5672693398167,470.1738404273368
0.9190000000000007,120.0980224609375,120.16591899980968,1.201946618347155,566.1418813407807,472.5291478407088
0.9200000000000007,120.2352066040039,120.29681869370926,1.2170222537318989,577.7092521945946,488.3842042463641
0.9210000000000007,120.36653137207031,120.42771838760883,1.2110555596401522,558.7880440403153,474.8562847906183
0.9220000000000007,120.49434661865234,120.55861808150841,1.194874272197343,551.2359127512991,466.93551458297225
0.9230000000000007,120.62345123291016,120.68951777540799,1.1876240120972703,562.8534757305987,470.6047306730604
0.9240000000000007,120.75960540771484,120.82041746930757,1.2053624076783613,576.134335023203,488.18436385076546
0.9250000000000007,120.89031982421875,120.95131716320714,1.2001528317703205,558.9349968423172,475.6006315829864
0.9260000000000007,121.01814270019531,121.08221685710672,1.1863828437268498,553.8119666697233,469.1305718029474
0.9270000000000007,121.14798736572266,121.21311655100628,1.183204070481766,568.2644802256732,474.583572737977
0.9280000000000007,121.28561401367188,121.34401624490586,1.2061588062017723,583.0083785513567,494.0319203150785
0.9290000000000007,121.41809844970703,121.47491593880544,1.2025085401505233,567.23475189382,482.1380355763813
0.9300000000000007,121.548095703125,121.60581563270502,1.1917427730922425,563.9100681529437,476.6378621305501
0.9310000000000007,121.68054962158203,121.73671532660458,1.1926374179535582,580.2163296941259,483.16617232130307
0.9320000000000007,121.82112121582031,121.86761502050416,1.219905545154983,594.867004085586,503.55315997461935
0.9330000000000007,121.95635223388672,121.99851471440374,1.216226488466433,578.8175491730798,491.1211528192055
0.9340000000000007,122.0889892578125,122.12941440830332,1.2063950059903594,575.5344402860395,485.36180792709484
0.9350000000000007,122.22401428222656,122.26031410220288,1.208709584642517,579.0160161157803,491.76018933561005
0.9360000000000007,122.3515625,122.39121379610246,1.2022232941173867,552.4724370605361,474.0365277998759
0.9370000000000007,122.47301483154297,122.52211349000203,1.176262649873723,534.292664995241,459.61097071811037
0.9380000000000007,122.59293365478516,122.6530131839016,1.1517462074887324,535.0855039266821,456.3374429179489
0.9390000000000007,122.71753692626953,122.78391287780119,1.1491406362454728,546.7742801546373,468.3235231197236
0.9400000000000007,122.83722686767578,122.91481257170076,1.1428376133013218,529.3433316669144,456.74630083279476
0.9410000000000007,122.95416259765625,123.04571226560034,1.1237857327055722,523.3136258997306,450.4514630554721
0.9420000000000007,123.07333374023438,123.17661195949992,1.1140685101557666,537.9770201216434,456.4260859653181
0.9430000000000007,123.20100402832031,123.30751165339947,1.1332374815923119,560.5268374664864,477.85909213428613
0.9440000000000007,123.32677459716797,123.43841134729905,1.1411869048027903,554.1975962520916,473.71757132337973
0.9450000000000007,123.45262908935547,123.56931104119863,1.1408425369170707,558.9015463239456,474.44691631547164
0.9460000000000007,123.58312225341797,123.70021073509821,1.1526503812950395,582.933311434482,486.450160726414
0.9470000000000007,123.72383880615234,123.83111042899779,1.1926380757548338,608.2621202261832,512.3252334180194
0.9480000000000007,123.86299896240234,123.96201012289737,1.208469837378361,603.8172147619032,509.1060788573738
0.9490000000000007,124.00212860107422,124.09290981679693,1.2159538288181684,608.7785982211781,509.6263766469713
0.9500000000000007,124.14522552490234,124.2238095106965,1.2333543285828292,631.0495647389251,520.1146238405378
0.9510000000000007,124.2972412109375,124.35470920459608,1.2744869355806476,649.2517182586429,542.9706714215598
0.9520000000000007,124.44508361816406,124.48560889849566,1.2830937183170277,636.1581471768199,533.2638113906288
0.9530000000000007,124.59024810791016,124.61650859239523,1.2816749179417406,632.1594784862014,527.272029220165
0.9540000000000007,124.73677062988281,124.74740828629481,1.2877346727886219,632.5857730903072,531.2994121656197
0.9550000000000007,124.87486267089844,124.87830798019438,1.2843766264632723,601.2746871564129,510.9090596794504
0.9560000000000007,125.00494384765625,125.00920767409396,1.2566402844921425,575.2364720841939,491.4346721357461
0.9570000000000007,125.13094329833984,125.14010736799354,1.2247827862691292,566.4881348272213,481.7556693207018
0.9580000000000007,125.25879669189453,125.27100706189312,1.2093417627947447,581.3486184630071,486.93447718668557
0.9590000000000007,125.39494323730469,125.40190675579268,1.2261897849560612,596.809541202069,508.2873259745028
0.9600000000000007,125.52568054199219,125.53280644969226,1.2149264373229745,580.5453003156704,495.288176108802
0.9610000000000007,125.65457153320312,125.66370614359182,1.2013037295797586,580.232519424292,491.2059012093109
0.9620000000000007,125.78720092773438,125.7946058374914,1.2046034310500247,586.4505611822282,501.15779076396154
0.9630000000000007,125.91273498535156,125.92550553139098,1.1948859379744876,561.4473677988716,483.8132174348635
0.9640000000000007,126.0333251953125,126.05640522529056,1.1699622320870742,547.870291584162,471.87364219450194
0.9650000000000007,126.1541519165039,126.18730491919014,1.15183258374124,555.7570988182077,472.9639019141285
0.9660000000000007,126.28172302246094,126.31820461308972,1.1605342732134394,571.1449004383883,490.5050155295112
0.9670000000000007,126.40473175048828,126.44910430698927,1.1545681643301597,556.0433517487379,479.48723536849104
0.9680000000000007,126.52604675292969,126.58000400088885,1.141039146476124,555.0127914017739,475.6983877759673
0.9690000000000007,126.65110778808594,126.71090369478843,1.1418121460140593,576.4220854416876,485.6890401299058
0.9700000000000008,126.78621673583984,126.841803388688,1.1741941149546848,600.0372333174164,511.71874854645836
0.9710000000000008,126.91866302490234,126.97270308258759,1.1797685961464544,592.8094456008627,505.5639966004014
0.9720000000000008,127.05121612548828,127.10360277648716,1.181717338790384,599.2754091338672,506.3792050221947
0.9730000000000008,127.18888092041016,127.23450247038673,1.1993944241486227,611.3907197089337,519.9782886563663
0.9740000000000008,127.32164764404297,127.3654021642863,1.2042406615185166,593.2351220502119,508.0922369653907
0.9750000000000008,127.45059204101562,127.49630185818587,1.19187183326195,583.1675249662757,498.885000097149
0.9760000000000008,127.58000946044922,127.62720155208545,1.1836923085891449,592.1384771679534,500.6689789358328
0.9770000000000008,127.7158432006836,127.75810124598503,1.1991470484552118,607.4365521031488,517.6021969034052
0.9780000000000008,127.84732818603516,127.88900093988461,1.2001089133423137,592.2774781420586,507.08621121552255
0.9790000000000008,127.97643280029297,128.01990063378418,1.189733349214004,588.3482016386749,501.5340663732519
0.9800000000000008,128.1079559326172,128.15080032768375,1.1893080058413885,605.0786375034608,508.2761659119365
0.9810000000000008,128.2478485107422,128.28170002158333,1.2164379122437257,624.2550547380274,530.3574718597836
0.9820000000000008,128.38394165039062,128.4125997154829,1.21981514750939,612.0585024463331,521.18370817987
0.9830000000000008,128.51849365234375,128.5434994093825,1.2155147979162395,612.1338277358503,517.8332276224625
0.9840000000000008,128.65634155273438,128.67439910328207,1.2234891343257264,619.6211275876858,526.899357249387
0.9850000000000008,128.78805541992188,128.80529879718162,1.2237291794624565,596.0375575922923,511.6509597426894
0.9860000000000008,128.91448974609375,128.9361984910812,1.203374414612982,580.0063839500071,498.62103335772974
0.9870000000000008,129.04002380371094,129.06709818498078,1.1846397811510747,583.4985312603268,496.8212589556942
0.9880000000000008,129.1708526611328,129.19799787888036,1.18874237995239,596.7242134445144,511.02582883576736
0.9890000000000008,129.29690551757812,129.32889757277994,1.1848559328679573,579.3578578966005,499.23911209401996
0.9900000000000008,129.4203338623047,129.45979726667952,1.1687135547283432,574.0791652527892,492.9369495744047
0.9910000000000008,129.5462188720703,129.59069696057907,1.163089781775129,590.8853804354144,499.8463207373937
0.9920000000000008,129.68092346191406,129.72159665447865,1.1873052984915637,612.9779956285739,523.2606522508875
0.9930000000000008,129.81275939941406,129.85249634837822,1.1920663985951554,603.8718963575182,516.4003023144676
0.9940000000000008,129.9441680908203,129.9833960422778,1.19026934664047,607.8457830223741,515.8125383357078
0.9950000000000008,130.08009338378906,130.11429573617738,1.2027176769515593,619.9431077803969,528.1869958099286
0.9960000000000008,130.2113037109375,130.24519543007696,1.2079789896299362,601.2623038687067,516.4880693049668
0.9970000000000008,130.338623046875,130.3760951239765,1.1938060742785548,590.1600230268521,506.85691189823643
0.9980000000000008,130.46630859375,130.5069948178761,1.1828041665905682,598.6303443497268,508.379857612424
0.9990000000000008,130.6004638671875,130.63789451177567,1.195921885998458,615.4115669917927,525.7975662130895
1.0000000000000007,130.7307586669922,130.76879420567525,1.1979126918239311,601.3721149361867,516.2992688987812
1.0010000000000006,130.85910034179688,130.8996938995748,1.1882560268092004,598.8506306621803,511.7642927026193
1.0020000000000004,130.99038696289062,131.03059359347438,1.1892403375144358,617.8337850958657,519.9916177492598
1.0030000000000003,131.1306915283203,131.16149328737393,1.2191641520395864,639.6859895394564,544.2312548485489
1.0040000000000002,131.26779174804688,131.29239298127348,1.2250988088803507,629.5339892897518,536.4570156441421
1.0050000000000001,131.40396118164062,131.42329267517306,1.2239754397520723,632.0425520328735,534.6395790734277
1.006,131.54408264160156,131.5541923690726,1.236104591942677,640.9670440321738,545.5865838245301
1.007,131.67823791503906,131.68509206297216,1.237439222264276,617.9286509126525,530.5118326469137
1.0079999999999998,131.80738830566406,131.81599175687174,1.2189892721186915,602.9659979543173,517.8860412001904
1.0089999999999997,131.93600463867188,131.9468914507713,1.203370585726447,608.2806270365103,517.0135251105053
1.0099999999999996,132.07032775878906,132.07779114467087,1.2116183368795714,621.4998256157822,532.6363725904195
1.0109999999999995,132.19947814941406,132.20869083857042,1.2065019593088804,603.039868366256,519.5603259609234
1.0119999999999993,132.32589721679688,132.33959053246997,1.1905768109770025,597.8934068321205,512.8266742933592
1.0129999999999992,132.45489501953125,132.47049022636955,1.1867266020573954,615.9449914846064,520.229865578849
1.0139999999999991,132.59291076660156,132.6013899202691,1.2136444226358538,636.9186823069454,544.7379868047809
1.014999999999999,132.72720336914062,132.73228961416865,1.2143788168303538,625.4093938069511,535.4141800565208
1.015999999999999,132.86068725585938,132.86318930806823,1.210711090977198,628.895890159202,533.8440829177032
1.0169999999999988,132.99868774414062,132.99408900196778,1.2233624714539904,638.4930060748543,546.5081873541722
1.0179999999999987,133.13064575195312,133.12498869586733,1.221281981860095,615.8541434160252,530.933474182467
1.0189999999999986,133.2581787109375,133.2558883897669,1.2029874496317507,603.924987253283,519.7631718882983
1.0199999999999985,133.38633728027344,133.38678808366646,1.1916056242460256,614.2251473019172,521.933572165445
1.0209999999999984,133.5216064453125,133.517687777566,1.2076178636895756,630.2841449728803,541.4905806409612
1.0219999999999982,133.65208435058594,133.6485874714656,1.2031476882882035,614.220364928872,529.2574900078127
1.0229999999999981,133.78070068359375,133.77948716536514,1.1918769390558839,613.3571979600482,524.8390270321245
1.023999999999998,133.91307067871094,133.9103868592647,1.196170504077884,622.2980790224034,535.4502819411424
1.024999999999998,134.03961181640625,134.04128655316427,1.1925411458141004,599.86521556071,520.350668588156
1.0259999999999978,134.1620330810547,134.17218624706382,1.171944709460235,588.5751328182005,509.8304844290407
1.0269999999999977,134.28553771972656,134.30308594096337,1.1588829978187953,600.5652102463936,513.2455537967231
1.0279999999999976,134.41693115234375,134.43398563486295,1.1754710116360414,621.146105057139,534.9913054309643
1.0289999999999975,134.54510498046875,134.5648853287625,1.1763308778292052,610.4832234611862,526.878596949857
1.0299999999999974,134.6728515625,134.69578502266205,1.1712773391284086,614.9113118033919,526.3044781927515
1.0309999999999973,134.80572509765625,134.82668471656163,1.1831568333207572,629.4205384999069,540.637061413609
1.0319999999999971,134.93453979492188,134.95758441046118,1.1882488339339503,613.1482123925011,530.2818352386644
1.032999999999997,135.06057739257812,135.08848410436073,1.176485328077653,606.6220059367512,523.2894613560835
1.033999999999997,135.18858337402344,135.2193837982603,1.1721055769521238,622.1780134113537,529.1866089981306
1.0349999999999968,135.3250274658203,135.35028349215986,1.196494867305494,644.8661791439986,552.5716036316559
1.0359999999999967,135.45883178710938,135.4811831860594,1.2035716644072876,636.0041880369478,546.0145080102342
1.0369999999999966,135.5922393798828,135.612082879959,1.2030128496703363,640.3891979244229,545.5237509481314
1.0379999999999965,135.73033142089844,135.74298257385854,1.216992548316549,653.3500781913659,558.8027224876172
1.0389999999999964,135.8638458251953,135.8738822677581,1.2230569614614293,634.6641066511771,547.003693302421
1.0399999999999963,135.99363708496094,136.00478196165767,1.209831603668313,624.2266147927595,537.4145343740523
1.0409999999999962,136.12417602539062,136.13568165555722,1.2012080803594376,635.0223688541131,540.0381404556899
1.041999999999996,136.2617950439453,136.26658134945677,1.2188326208254237,653.2245322689919,559.9293454634891
1.042999999999996,136.39552307128906,136.39748104335635,1.2204992307439348,639.2563857182148,549.8551408360188
1.0439999999999958,136.527587890625,136.5283807372559,1.212722768486056,638.6825152397533,545.9382842262199
1.0449999999999957,136.66323852539062,136.65928043115545,1.218405746202449,648.3275860768123,556.2955709099821
1.0459999999999956,136.79342651367188,136.79018012505503,1.2188394402777911,626.0452572749325,541.9360234387746
1.0469999999999955,136.91925048828125,136.92107981895458,1.1994419788673043,613.0805016666329,530.5418275718206
1.0479999999999954,137.04556274414062,137.05197951285416,1.185074491869531,622.7811507821059,532.3844299230385
1.0489999999999953,137.17904663085938,137.1828792067537,1.198650962772813,641.9037963751057,552.6321656986718
1.0499999999999952,137.3089141845703,137.31377890065326,1.1986880446682395,629.121200809488,543.2930645441551
1.050999999999995,137.4377899169922,137.44467859455284,1.1908693477212282,631.109331704027,541.074513045085
1.051999999999995,137.57115173339844,137.5755782884524,1.1988558618955645,644.0596462214188,554.0269469418705
1.0529999999999948,137.6999969482422,137.70647798235194,1.201566518625083,625.4268303879599,542.1152989157133
1.0539999999999947,137.82557678222656,137.83737767625152,1.186385322506496,616.9201145891099,533.6839109510433
1.0549999999999946,137.95285034179688,137.96827737015107,1.1785061302038602,631.2990130896608,538.8616622941757
1.0559999999999945,138.08828735351562,138.09917706405062,1.1994474051164044,652.8320136203824,561.992199421194
1.0569999999999944,138.22044372558594,138.2300767579502,1.201999081889085,641.3543479097749,553.51420157714
1.0579999999999943,138.3517303466797,138.36097645184975,1.1969144214250773,643.7695725010147,551.6437685566835
1.0589999999999942,138.4872589111328,138.4918761457493,1.2066530367356536,654.3506601838743,564.0266499065958
1.059999999999994,138.6173553466797,138.62277583964888,1.2058314754814936,632.5405889649246,549.5053868416595
1.060999999999994,138.74330139160156,138.75367553354843,1.18726977546295,620.7743581504981,538.5318128271804
1.0619999999999938,138.86993408203125,138.88457522744798,1.1754852020063984,631.9141001448675,540.9984715049774
1.0629999999999937,139.00390625,139.01547492134756,1.1929030172756692,649.8765978256044,561.9635643730027
1.0639999999999936,139.1337127685547,139.1463746152471,1.1897320113000363,635.9555355780127,550.9274676796565
1.0649999999999935,139.26234436035156,139.27727430914666,1.1816802684830865,638.0786216646535,548.1844928050826
1.0659999999999934,139.39540100097656,139.40817400304624,1.1914596449652102,648.5292643324211,561.1007151804899
1.0669999999999933,139.52296447753906,139.5390736969458,1.188194081858594,627.4985663055962,546.374406453912
1.0679999999999932,139.6469268798828,139.66997339084534,1.170681784971398,618.6036047344251,536.7872198112257
1.068999999999993,139.77247619628906,139.80087308474492,1.1636160722595965,633.9894675183747,541.8032125659182
1.069999999999993,139.90643310546875,139.93177277864447,1.1886060244278482,654.5805329119172,565.8574011892613
1.0709999999999928,140.0367431640625,140.06267247254402,1.1878838606217974,643.4792444098415,556.2193542892785
1.0719999999999927,140.16664123535156,140.1935721664436,1.1852448716486632,649.2833099013766,555.619324692566
1.0729999999999926,140.3017578125,140.32447186034315,1.2023868790367116,660.7281540834034,570.8448215140762
1.0739999999999925,140.43136596679688,140.4553715542427,1.1998250537086173,640.3637787257356,555.9192731409801
1.0749999999999924,140.55752563476562,140.58627124814228,1.1854367748839851,632.8450930244509,546.7875275789878
1.0759999999999923,140.68548583984375,140.71717094204183,1.1829089472880914,636.2776573333178,552.4247068968474
1.0769999999999922,140.8066864013672,140.84807063594138,1.1746614370100152,609.1047187571363,533.895995988732
1.077999999999992,140.9226531982422,140.97897032984096,1.1473861868964834,593.0538454047062,519.5782487591445
1.078999999999992,141.0386505126953,141.1098700237405,1.1275525378307734,601.9983282416451,520.1665912875583
1.0799999999999919,141.16192626953125,141.24076971764006,1.1402010831988818,621.8941929147095,541.2446841363641
1.0809999999999917,141.28208923339844,141.37166941153964,1.1378075488301826,611.9977076114554,532.9207510428074
1.0819999999999916,141.40245056152344,141.5025691054392,1.1333979402461114,619.7973530200263,533.9384937795445
1.0829999999999915,141.52890014648438,141.63346879933874,1.1510251704818286,637.1342120625188,551.7180470576682
1.0839999999999914,141.65206909179688,141.76436849323832,1.1562542328149819,624.5774267556642,542.9918057260352
1.0849999999999913,141.77378845214844,141.89526818713787,1.1500562270421966,624.290481933139,539.3128925900054
1.0859999999999912,141.89906311035156,142.02616788103745,1.1572135040218539,648.0412053887716,549.9930739291361
1.086999999999991,142.034423828125,142.157067574937,1.1978484975293298,674.2563840020698,579.1423241597538
1.087999999999991,142.1675262451172,142.28796726883655,1.2071933299924509,668.642505741987,573.3768540400241
1.0889999999999909,142.3011474609375,142.41886696273613,1.21486328145056,678.3514770148339,575.3927710769085
1.0899999999999908,142.44033813476562,142.54976665663568,1.2411528603999997,689.3995552362145,591.8687047847244
1.0909999999999906,142.5736541748047,142.68066635053523,1.2408520332159876,667.435426943967,575.7287159709614
1.0919999999999905,142.70278930664062,142.8115660444348,1.2274416752641446,657.0149517091088,564.3740955516959
1.0929999999999904,142.83265686035156,142.94246573833436,1.2238798283761534,654.5540080199897,567.0080489744417
1.0939999999999903,142.9539031982422,143.0733654322339,1.208847806785699,620.1008558219077,542.8865438949224
1.0949999999999902,143.06820678710938,143.2042651261335,1.1737554983037017,597.5203802716002,523.5418682481996
1.09599999999999,143.18112182617188,143.33516482003304,1.145273331637912,601.0072516073368,519.9763060388028
1.09699999999999,143.3000946044922,143.4660645139326,1.149007373823073,615.1591113041272,537.7789687914702
1.0979999999999899,143.4142608642578,143.59696420783217,1.1349692153968802,599.4187253271041,524.5238753161171
1.0989999999999898,143.52777099609375,143.72786390173172,1.1211324536998484,604.5371782686933,523.0465062689378
1.0999999999999897,143.64718627929688,143.85876359563127,1.1329381439772814,620.1360017220346,540.5023091486167
1.1009999999999895,143.76271057128906,143.98966328953085,1.129754376770904,606.294821314099,529.8020219409692
1.1019999999999894,143.8772430419922,144.1205629834304,1.1203969758560637,609.0523997912542,527.4063478311463
1.1029999999999893,143.99667358398438,144.25146267732995,1.130893244883927,623.350934277254,541.9841697457653
1.1039999999999892,144.11256408691406,144.38236237122953,1.1327132293008924,609.1753042084403,532.2264400096503
1.104999999999989,144.22677612304688,144.51326206512908,1.122509965699374,608.1113033474871,527.8756316504863
1.105999999999989,144.3446502685547,144.64416175902863,1.127186197379852,632.8447138797573,538.9405798630235
1.1069999999999889,144.47308349609375,144.7750614529282,1.1688766824045678,662.5191072968623,569.9500943401349
1.1079999999999888,144.60057067871094,144.90596114682776,1.1817588522117342,662.1304924922382,567.7661946311717
1.1089999999999887,144.73004150390625,145.03686084072731,1.1957351926689512,678.2897852831917,574.0395356267315
1.1099999999999886,144.86666870117188,145.1677605346269,1.231547743540286,695.3683020261215,595.389094890203
1.1109999999999884,144.99925231933594,145.29866022852644,1.2384464029444582,680.5162817447307,584.2413354502536
1.1119999999999883,145.12937927246094,145.429559922426,1.2346718748123164,677.26268126285,577.699404240048
1.1129999999999882,145.26174926757812,145.56045961632557,1.2429278129501447,678.7900231076275,584.7650508331782
1.113999999999988,145.3865966796875,145.69135931022512,1.2336150638592027,648.4325686373301,563.4627349642236
1.114999999999988,145.50540161132812,145.82225900412467,1.2059941866626311,629.4401294483172,546.3665013496486
1.115999999999988,145.6233673095703,145.95315869802425,1.1862023472570062,635.7315232139492,544.3869371462939
1.1169999999999878,145.7474822998047,146.0840583919238,1.1980951936570117,648.065318742687,562.826159806897
1.1179999999999877,145.86614990234375,146.21495808582335,1.1835819292068481,630.048220092827,547.484927441181
1.1189999999999876,145.98342895507812,146.34585777972293,1.169491388525972,632.865828487853,543.8776272922304
1.1199999999999875,146.10572814941406,146.47675747362248,1.180280549878406,642.750029596623,559.0060016074448
1.1209999999999873,146.2223663330078,146.60765716752204,1.1685175297589685,622.5245941562767,542.9740313677902
1.1219999999999872,146.33668518066406,146.7385568614216,1.1516762065642563,620.78532011289,536.670692137038
1.1229999999999871,146.45492553710938,146.86945655532116,1.1559812891132637,629.2417006943673,548.5914502513572
1.123999999999987,146.56776428222656,147.00035624922072,1.1455374833799363,608.8980713862629,533.2835278675408
1.124999999999987,146.67813110351562,147.1312559431203,1.1266712088101205,605.7015439754241,526.3973874695268
1.1259999999999868,146.7921142578125,147.26215563701984,1.1274550376369137,616.0389539056148,537.5272939477811
1.1269999999999867,146.90194702148438,147.39305533091942,1.1220306195196308,599.4145450708612,525.7291315092101
1.1279999999999866,147.0099639892578,147.52395502481897,1.1062111127661043,598.3699236312225,520.851416205711
1.1289999999999865,147.12205505371094,147.65485471871852,1.1092642350387636,625.9424308762988,533.2437761701794
1.1299999999999863,147.2455596923828,147.7857544126181,1.1547544278549797,659.8017496180489,567.3741826101337
1.1309999999999862,147.369384765625,147.91665410651765,1.171091012310672,665.338961098114,568.8080777560946
1.1319999999999861,147.49684143066406,148.0475538004172,1.1932374233516723,689.4862961007902,580.0483789093015
1.132999999999986,147.63327026367188,148.17845349431678,1.2414846276122333,712.5046867124503,607.1676117478762
1.133999999999986,147.76718139648438,148.30935318821633,1.2546026318847132,704.3691113978606,600.2646235368547
1.1349999999999858,147.90025329589844,148.44025288211589,1.2608873782297787,708.6412719554495,598.4288257149258
1.1359999999999857,148.03704833984375,148.57115257601546,1.2820183519085757,712.7456832385543,610.0235848288933
1.1369999999999856,148.16680908203125,148.70205226991501,1.2753678933979358,684.6928609744629,589.789166345543
1.1379999999999855,148.2910919189453,148.83295196381457,1.253444723717655,668.5374995195748,574.04338699794
1.1389999999999854,148.4149169921875,148.96385165771414,1.241432594571531,660.7631387178869,573.2368079026421
1.1399999999999852,148.52951049804688,149.0947513516137,1.21655982593083,622.7782241171142,546.2647744808456
1.1409999999999851,148.6371307373047,149.22565104551325,1.1737564866674752,600.152536268368,526.034198459179
1.141999999999985,148.74398803710938,149.35655073941282,1.1429538306122424,607.6246531215407,524.1298765027832
1.142999999999985,148.8580322265625,149.48745043331238,1.1519163112063735,625.5479699047013,545.9871266782048
1.1439999999999848,148.9686279296875,149.61835012721193,1.138541819419229,616.3306899482124,536.1260237811767
1.1449999999999847,149.08059692382812,149.7492498211115,1.1340950790931874,632.034942551199,540.723872606377
1.1459999999999846,149.20089721679688,149.88014951501106,1.1638273186531587,654.21715314257,565.9898971037578
1.1469999999999845,149.31883239746094,150.0110492089106,1.1659837879078045,648.3564914056865,559.4609508168819
1.1479999999999844,149.43792724609375,150.14194890281019,1.170757111300743,662.3183198436708,563.4140386018125
1.1489999999999843,149.5641326904297,150.27284859670974,1.2022291458834693,680.0362763371189,585.2004565825044
1.1499999999999841,149.68702697753906,150.4037482906093,1.2053077996280637,668.8873313570218,575.8033130346239
1.150999999999984,149.8091583251953,150.53464798450887,1.2041387158945225,673.9967365674254,574.0467017933616
1.151999999999984,149.9359893798828,150.66554767840842,1.2234529942591241,683.6003660299617,588.6452070247406
1.1529999999999838,150.0577850341797,150.79644737230797,1.2192128639391853,664.2017280957663,574.0950703310111
1.1539999999999837,150.17677307128906,150.92734706620755,1.2055385399336795,659.9316170766658,566.1200307979291
1.1549999999999836,150.29843139648438,151.0582467601071,1.20918314788355,664.185980755496,574.7012049989061
1.1559999999999835,150.4142608642578,151.18914645400665,1.1979280048071517,640.5341954002963,557.6220881941911
1.1569999999999834,150.5265350341797,151.32004614790623,1.1750162667784605,632.6819492909837,547.3398652685487
1.1579999999999833,150.6410675048828,151.45094584180578,1.1697734322189308,638.2019738629602,554.6728190972893
1.1589999999999832,150.750732421875,151.58184553570533,1.1588962727772731,617.892791098848,540.3726075883559
1.159999999999983,150.85781860351562,151.7127452296049,1.136964422234336,614.0267046022874,533.0473827347345
1.160999999999983,150.9683380126953,151.84364492350446,1.13521847997356,626.2879488557074,543.8386471898118
1.1619999999999828,151.07620239257812,151.974544617404,1.134205083650968,614.7298778809139,536.2659082074995
1.1629999999999827,151.18338012695312,152.1054443113036,1.1232625753369159,618.5150312696089,534.5943022246178
1.1639999999999826,151.29551696777344,152.23634400520314,1.133636556626903,651.7598055704796,550.016657600128
1.1649999999999825,151.41989135742188,152.36724369910272,1.1896182879516495,691.1076290772984,587.6021545534555
1.1659999999999824,151.5463104248047,152.49814339300227,1.2165962537454986,704.165812424117,594.3353789041494
1.1669999999999823,151.67759704589844,152.62904308690182,1.2498612146448167,719.601240310531,609.6346531124055
1.1679999999999822,151.80657958984375,152.7599427808014,1.2700429425823034,705.8946592638935,603.1921539791008
1.168999999999982,151.93202209472656,152.89084247470095,1.2640580500126954,694.4378827336116,593.0230714533621
1.169999999999982,152.05712890625,153.0217421686005,1.2589581490403328,702.7744367523071,592.5210312399068
1.1709999999999818,152.18768310546875,153.15264186250008,1.2801097014114342,715.0140043569314,609.6541138934417
1.1719999999999817,152.31396484375,153.28354155639963,1.276883043897636,698.8421820453577,597.2109087606246
1.1729999999999816,152.4382781982422,153.41444125029918,1.2672245252679528,698.6467146018183,591.6996883542674
1.1739999999999815,152.56590270996094,153.54534094419876,1.2768932440661862,703.0487659189391,602.375582089512
1.1749999999999814,152.68751525878906,153.6762406380983,1.264982270894756,678.499000924311,584.5348393422554
1.1759999999999813,152.8053436279297,153.80714033199786,1.2423853630367896,669.9498804683969,573.4697987450049
1.1769999999999812,152.92501831054688,153.93804002589744,1.2374133788426698,670.7148212214556,579.6310568553813
1.177999999999981,153.0382843017578,154.068939719797,1.2184413205609965,644.1667031679247,560.4266451702623
1.178999999999981,153.14776611328125,154.19983941369654,1.1891119178183083,635.7767135362901,549.3442951410098
1.1799999999999808,153.25973510742188,154.33073910759612,1.1806781197361447,641.5273274794827,557.3498015083732
1.1809999999999807,153.3670196533203,154.46163880149567,1.165851131098954,622.5793758707526,543.4754913677205
1.1819999999999806,153.47254943847656,154.59253849539522,1.1443005530299792,623.1422346558966,538.4756672063252
1.1829999999999805,153.58273315429688,154.7234381892948,1.1486539785611518,639.1131919957724,553.1823397946503
1.1839999999999804,153.6910858154297,154.85433788319435,1.1493415914598917,632.1528447913666,548.0060474818802
1.1849999999999803,153.8000946044922,154.9852375770939,1.145789653958682,643.2189240532867,550.446002344619
1.1859999999999802,153.9156494140625,155.11613727099348,1.1690032789418399,666.7750599223574,571.0315718614996
1.18699999999998,154.03125,155.24703696489303,1.1851408328052713,667.1207714608016,571.6494061345443
1.18799999999998,154.14840698242188,155.37793665879258,1.1945145612813957,681.5416700147441,576.924232064403
1.1889999999999799,154.2720489501953,155.50883635269216,1.2255503666652767,704.1334153465915,597.4731811749201
1.1899999999999797,154.39535522460938,155.6397360465917,1.2451556981951641,701.5878174972967,596.9225768246797
1.1909999999999796,154.5188751220703,155.77063574049126,1.2520852761760055,709.163048231677,598.1095104163709
1.1919999999999795,154.64682006835938,155.90153543439084,1.273865275324423,723.0799702519867,612.3395644297548
1.1929999999999794,154.77224731445312,156.0324351282904,1.2842606414455486,710.0601024707333,605.1046096714379
1.1939999999999793,154.89537048339844,156.16333482218994,1.2766886803498272,705.7929450061442,598.5046467981472
1.1949999999999792,155.02037048339844,156.29423451608952,1.27981590730381,710.3516937261555,604.8357188056415
1.195999999999979,155.1408233642578,156.42513420998907,1.27669173404385,688.038628307983,591.2426353864169
1.196999999999979,155.25730895996094,156.55603390388862,1.2537636641176149,676.2841275427793,579.3912354980484
1.1979999999999789,155.3745574951172,156.6869335977882,1.242181257082079,691.8249941142222,582.2907580481709
1.1989999999999787,155.49952697753906,156.81783329168775,1.2693009996151654,713.1020338478305,606.7811397733005
1.1999999999999786,155.62252807617188,156.9487329855873,1.2704832306957081,708.8847668416104,601.2009931486562
1.2009999999999785,155.74688720703125,157.07963267948688,1.2762096264845992,725.5149676409076,605.9559457031039
1.2019999999999784,155.87828063964844,157.07963267948966,1.3107929892485517,741.5783720047533,628.4316134682268
1.2029999999999783,156.00619506835938,157.07963267948966,1.3109477364653421,729.7335191169058,618.1006300273406
1.2039999999999782,156.13316345214844,157.07963267948966,1.3090951673826268,735.6016036863024,615.7538833387231
1.204999999999978,156.26446533203125,157.07963267948966,1.3301731168500952,740.2125228827434,629.8361911992437
1.205999999999978,156.3894500732422,157.07963267948966,1.3176558244738759,715.7214794378835,610.6475707968932
1.2069999999999779,156.51068115234375,157.07963267948966,1.2992677203322645,708.67010484812,599.4241067777862
1.2079999999999778,156.63365173339844,157.07963267948966,1.301073540190973,703.96388832848,605.3621148305602
1.2089999999999776,156.74810791015625,157.07963267948966,1.274902953135928,670.0279635795954,579.2095431880998
1.2099999999999775,156.85719299316406,157.07963267948966,1.2414986031435336,655.659630860208,562.7613371212688
1.2109999999999774,156.9670867919922,157.07963267948966,1.229206494221021,649.7080466551866,565.7324417902014
1.2119999999999773,157.06832885742188,157.07963267948966,1.196963369816801,615.50300532659,538.979764152302
1.2129999999999772,157.16473388671875,157.07963267948966,1.159260737509856,603.5271482433905,524.1291003233341
1.213999999999977,157.26315307617188,157.07963267948966,1.1466299157040354,604.764727970548,530.8329580161213
1.214999999999977,157.35476684570312,157.07963267948966,1.1205160771736107,578.6844125412929,509.7726853874367
1.2159999999999769,157.44361877441406,157.07963267948966,1.0921278023757814,575.580735527901,501.42343615997584
1.2169999999999768,157.53668212890625,157.07963267948966,1.0924018047062551,586.5818086522195,514.9705893654531
1.2179999999999767,157.62521362304688,157.07963267948966,1.0805653389646783,569.9478838326642,501.0147596222225
1.2189999999999765,157.7128143310547,157.07963267948966,1.0672564221919192,574.1617881623922,498.4053407836893
1.2199999999999764,157.80587768554688,157.07963267948966,1.081571717095501,590.068867080329,515.9991286310434
1.2209999999999763,157.8953094482422,157.07963267948966,1.0808952824639888,576.5374855355415,504.80097418763955
1.2219999999999762,157.98385620117188,157.07963267948966,1.0752514778648086,580.1387760289127,502.35451613550407
1.222999999999976,158.07716369628906,157.07963267948966,1.0917802321549934,592.956474788295,517.7690573588064
1.223999999999976,158.1657257080078,157.07963267948966,1.091652743083714,574.0190156874222,503.0223660777661
1.2249999999999759,158.2516632080078,157.07963267948966,1.0809441441213592,569.3729577109071,495.0722930667654
1.2259999999999758,158.3402862548828,157.07963267948966,1.0864451624524536,574.5405665157965,503.84083275284377
1.2269999999999757,158.42210388183594,157.07963267948966,1.0786301358087933,546.5640001886987,482.57880941390187
1.2279999999999756,158.49923706054688,157.07963267948966,1.0555304670008854,532.5121733734986,468.05381846119155
1.2289999999999754,158.5772705078125,157.07963267948966,1.0451009057278031,532.4142463668879,471.0915408981535
1.2299999999999753,158.64735412597656,157.07963267948966,1.0291165694680884,499.4527794017373,446.1405615229613
1.2309999999999752,158.71209716796875,157.07963267948966,0.9957408798591574,482.0842395706486,429.38906526103256
1.2319999999999751,158.77764892578125,157.07963267948966,0.9751868052368557,494.1903270595874,432.1754015777474
1.232999999999975,158.85145568847656,157.07963267948966,0.9946742147423407,517.3257757138296,458.61340144971905
1.233999999999975,158.9213409423828,157.07963267948966,0.9889404959333996,505.3388128831422,446.4074965285842
1.2349999999999748,158.99183654785156,157.07963267948966,0.9883329778477403,515.6065873845553,448.53586168223006
1.2359999999999747,159.06900024414062,157.07963267948966,1.0161119390611362,531.3279834407607,470.01412959787734
1.2369999999999746,159.13980102539062,157.07963267948966,1.0113053530178855,508.7478219341939,449.98353191418283
1.2379999999999745,159.2078857421875,157.07963267948966,1.0025838221871468,504.63103886881197,441.59198555525063
1.2389999999999743,159.27902221679688,157.07963267948966,1.0133577409024404,506.94693085107036,451.50129417280516
1.2399999999999742,159.3403778076172,157.07963267948966,0.9956058912650534,470.11812273930195,420.54027693003184
1.2409999999999741,159.3959503173828,157.07963267948966,0.9677356940870784,452.6556586313728,402.253746857429
1.241999999999974,159.4522247314453,157.07963267948966,0.9555636999701325,448.5319636019049,404.7063110106894
1.242999999999974,159.49755859375,157.07963267948966,0.926028689550017,406.65951103800256,369.9269834554634
1.2439999999999738,159.5369110107422,157.07963267948966,0.8843359357043212,387.6963517280032,350.89480064260783
1.2449999999999737,159.57786560058594,157.07963267948966,0.8601835654754412,389.78065041944234,356.16028739596067
1.2459999999999736,159.6100616455078,157.07963267948966,0.8307625996935882,356.3912520074276,328.3136062235565
1.2469999999999735,159.63906860351562,157.07963267948966,0.7920096618945707,348.2641995875598,318.171245446357
1.2479999999999734,159.6729736328125,157.07963267948966,0.7773310778022651,364.3397574896475,333.88217016831646
1.2489999999999732,159.7020263671875,157.07963267948966,0.7637463922768927,346.24221044840147,318.46717599737735
1.2499999999999731,159.7313690185547,157.07963267948966,0.7455559368667412,351.8903323683538,319.45368865109674
1.250999999999973,159.76849365234375,157.07963267948966,0.7557839531083987,378.95583323121053,344.4455612328208
1.251999999999973,159.8034210205078,157.07963267948966,0.7636351880831448,371.10785534608925,337.4765472495288
1.2529999999999728,159.83999633789062,157.07963267948966,0.7663317582839222,382.08608251443223,342.86075805726915
1.2539999999999727,159.884521484375,157.07963267948966,0.7927024273201767,409.1851603147028,368.35506914147084
1.2549999999999726,159.92636108398438,157.07963267948966,0.810551537814564,399.14498153261854,359.8872178080388
1.2559999999999725,159.9680633544922,157.07963267948966,0.8166791571626587,402.5939732845923,359.5987788473339
1.2569999999999724,160.01495361328125,157.07963267948966,0.836829238682822,419.59648225386064,376.298443735185
1.2579999999999723,160.05624389648438,157.07963267948966,0.8497779835951648,397.4591997263138,358.4737066986489
1.2589999999999721,160.0939483642578,157.07963267948966,0.8428006410188547,386.407846139855,347.1011185787356
1.259999999999972,160.13333129882812,157.07963267948966,0.8416905400589378,399.2476196942612,352.56209314222275
1.260999999999972,160.18064880371094,157.07963267948966,0.8705983756769894,421.7832443074157,378.1158732446792
1.2619999999999718,160.2217559814453,157.07963267948966,0.873342795916783,400.1452959562588,358.3059019019319
1.2629999999999717,160.2606201171875,157.07963267948966,0.8704333987824433,396.81623983273926,351.27361544332234
1.2639999999999716,160.30294799804688,157.07963267948966,0.8845375907692362,402.9712743360079,362.46747472265656
1.2649999999999715,160.3347625732422,157.07963267948966,0.8757666833545156,363.9355252512422,328.7909929483619
1.2659999999999714,160.3603057861328,157.07963267948966,0.8522010673785178,343.68991693887955,308.783697970326
1.2669999999999713,160.38616943359375,157.07963267948966,0.8384706264424768,340.5602990952855,309.86518992223586
1.2679999999999712,160.39979553222656,157.07963267948966,0.8155101194823551,294.13422756719154,270.68579150928235
1.268999999999971,160.40667724609375,157.07963267948966,0.7727958346134584,270.7044518511136,248.99472892483783
1.269999999999971,160.41477966308594,157.07963267948966,0.7390321303646072,278.0022374886936,252.98185563069896
1.2709999999999708,160.42857360839844,157.07963267948966,0.7312456710187465,294.17577780612936,271.2547851517865
1.2719999999999707,160.43783569335938,157.07963267948966,0.7121732159167092,279.56953669361735,256.69658410454525
1.2729999999999706,160.44969177246094,157.07963267948966,0.7015609531774433,292.7013401944385,265.0842623870169
1.2739999999999705,160.46885681152344,157.07963267948966,0.7165353646957504,314.38428057108746,288.54288787335116
1.2749999999999704,160.48353576660156,157.07963267948966,0.7129541088755129,300.255341259971,274.2275327365467
1.2759999999999703,160.49993896484375,157.07963267948966,0.7136232589627006,310.61652284907143,279.76750862811366
1.2769999999999702,160.5230712890625,157.07963267948966,0.7365871531641714,329.6271329170406,301.4147957747051
1.27799999999997,160.5398712158203,157.07963267948966,0.7361461777457521,308.3460185444249,281.1517723172559
1.27899999999997,160.55596923828125,157.07963267948966,0.7334946870646644,309.8167379137504,278.87441281121727
1.2799999999999698,160.57717895507812,157.07963267948966,0.7499770348241611,322.956461822893,295.3858626312855
1.2809999999999697,160.58975219726562,157.07963267948966,0.7445787872935866,292.38874090101,267.64291389148
1.2819999999999696,160.5992889404297,157.07963267948966,0.7306201780157975,284.93647028995775,257.94624393315377
1.2829999999999695,160.61289978027344,157.07963267948966,0.7336359092601984,295.10734558042253,271.0338569337213
1.2839999999999694,160.61679077148438,157.07963267948966,0.7221239705124128,259.77404890106624,239.81524661398763
1.2849999999999693,160.61695861816406,157.07963267948966,0.6974683087150599,248.81297874635808,227.89123139226783
1.2859999999999692,160.62118530273438,157.07963267948966,0.6876744535114319,260.6803392839336,240.90609751762528
1.286999999999969,160.6167449951172,157.07963267948966,0.6743698983148482,228.61004600942175,213.05277844220342
1.287999999999969,160.6099090576172,157.07963267948966,0.6463725400446829,221.96304949310158,205.37313138039087
1.2889999999999688,160.60882568359375,157.07963267948966,0.634786941933482,245.72575742105525,223.83675674572643
1.2899999999999687,160.6164093017578,157.07963267948966,0.6521234726562619,273.3228507157397,251.67334088546042
1.2909999999999686,160.62228393554688,157.07963267948966,0.6554732780072876,269.99293790463145,246.22763418873697
1.2919999999999685,160.63290405273438,157.07963267948966,0.6699993355023668,284.88492643001575,261.47203378320677
1.2929999999999684,160.6354217529297,157.07963267948966,0.677661580959,255.00755245999932,235.47371057031938
1.2939999999999683,160.6343536376953,157.07963267948966,0.6651528591463447,243.63935163156083,223.9278854697274
1.2949999999999682,160.63670349121094,157.07963267948966,0.6596970505294664,259.4305914296413,234.89505148765164
1.295999999999968,160.6470184326172,157.07963267948966,0.6797298030942925,284.3043887163485,260.5314783955138
1.296999999999968,160.65286254882812,157.07963267948966,0.6840848511258212,269.8832445940224,246.1530132983177
1.2979999999999678,160.66000366210938,157.07963267948966,0.68854280473221,278.329579161653,250.38206712868256
1.2989999999999677,160.67340087890625,157.07963267948966,0.7121780998178739,296.38348135903317,270.47457682846687
1.2999999999999676,160.67926025390625,157.07963267948966,0.7161215347723942,270.23917609212435,246.24275041328292
1.3009999999999675,160.68295288085938,157.07963267948966,0.7116405912275859,265.7583175215839,239.33537969891006
1.3019999999999674,160.69070434570312,157.07963267948966,0.721623750761057,276.2716447571975,252.36527241345908
1.3029999999999673,160.68824768066406,157.07963267948966,0.7172407620101511,239.43005790574784,219.56714195038717
1.3039999999999672,160.681396484375,157.07963267948966,0.6970881000080003,225.63469027822086,205.41019757428109
1.304999999999967,160.67759704589844,157.07963267948966,0.687271687848582,238.41608512430037,215.241119410535
1.305999999999967,160.6775360107422,157.07963267948966,0.6939063563862207,247.54806203189054,227.2410181978804
1.3069999999999669,160.67181396484375,157.07963267948966,0.6830588001344863,229.11622507209344,209.0678996469665
1.3079999999999667,160.66754150390625,157.07963267948966,0.6764670002238365,236.14089734392704,213.69284083618004
1.3089999999999666,160.6665496826172,157.07963267948966,0.6836160765155047,243.75163580680595,224.20836031066304
1.3099999999999665,160.6584930419922,157.07963267948966,0.6734692876910873,219.8109744140135,201.52622729933788
1.3109999999999664,160.65048217773438,157.07963267948966,0.6622742890630843,221.8333693291342,201.67463437169718
1.3119999999999663,160.6458740234375,157.07963267948966,0.6645762172885905,230.28654527922882,212.55664193899204
1.3129999999999662,160.63365173339844,157.07963267948966,0.6532926679309107,203.84723754250402,188.12246658026515
1.313999999999966,160.62107849121094,157.07963267948966,0.6371417842861914,204.42808985784316,186.95112871899244
1.314999999999966,160.61305236816406,157.07963267948966,0.6361131413406591,217.61362437114704,201.54845187904093
1.3159999999999659,160.59791564941406,157.07963267948966,0.6263986984453473,192.53806203734962,178.68197687317831
1.3169999999999658,160.58285522460938,157.07963267948966,0.6096761130442933,194.88658193975408,178.91602447466698
1.3179999999999656,160.57412719726562,157.07963267948966,0.6108899116975356,214.88764761107743,199.2240447516382
1.3189999999999655,160.55917358398438,157.07963267948966,0.6067638105578549,192.82558509537424,179.20929150140705
1.3199999999999654,160.5447998046875,157.07963267948966,0.5943198991218749,197.34220237238787,181.0286512366477
1.3209999999999653,160.5382537841797,157.07963267948966,0.6023784809779822,222.9196984243598,206.19739201295357
1.3219999999999652,160.52589416503906,157.07963267948966,0.6055305731561668,202.2089649871184,187.4761029748123
1.322999999999965,160.51385498046875,157.07963267948966,0.5981842825183694,205.933288587266,188.52168579362194
1.323999999999965,160.50953674316406,157.07963267948966,0.609637563771722,231.39384678826266,213.2490074508975
1.3249999999999649,160.49900817871094,157.07963267948966,0.6173942226754405,209.09972270491323,193.3539225827753
1.3259999999999648,160.4878692626953,157.07963267948966,0.6109217630128088,209.0009454363464,191.32715260377452
1.3269999999999647,160.48324584960938,157.07963267948966,0.6186631083797424,235.20114415128558,212.27733396152314
1.3279999999999645,160.48667907714844,157.07963267948966,0.6490059408066976,260.48889727116034,238.09940351811684
1.3289999999999644,160.48684692382812,157.07963267948966,0.6612343138463593,251.29300153233447,227.6368319150838
1.3299999999999643,160.48953247070312,157.07963267948966,0.6770460927576473,263.2348452509185,235.7213141635997
1.3309999999999642,160.49676513671875,157.07963267948966,0.7056586658138575,275.3463321424382,250.33782624054004
1.331999999999964,160.49586486816406,157.07963267948966,0.712096126115496,247.8304228548033,224.2277729522316
1.332999999999964,160.4925079345703,157.07963267948966,0.7113246626407801,241.34875889376247,216.34699313869558
1.3339999999999639,160.4905548095703,157.07963267948966,0.7185717787265249,242.67181226979176,220.83556101499667
1.3349999999999638,160.47714233398438,157.07963267948966,0.7112445845206864,201.71873469437512,183.9921377137695
1.3359999999999637,160.45884704589844,157.07963267948966,0.6881207572417972,185.59567760307786,168.37167140676814
1.3369999999999636,160.44216918945312,157.07963267948966,0.6715248989996306,192.74901513616487,173.50084240841483
1.3379999999999634,160.4272918701172,157.07963267948966,0.6699889244360296,194.92237524344313,179.27402962216425
1.3389999999999633,160.40687561035156,157.07963267948966,0.650592274447794,176.52910762705446,161.42521538880936
1.3399999999999632,160.38877868652344,157.07963267948966,0.6362399295497831,185.94475000444916,168.8770714131275
1.340999999999963,160.3733673095703,157.07963267948966,0.6359671056636353,191.7860618120523,177.47032208574413
1.341999999999963,160.35231018066406,157.07963267948966,0.620467149497763,172.94148715015913,159.36696233129706
1.342999999999963,160.33360290527344,157.07963267948966,0.6075476242622444,182.55977414021547,166.81491976763468
1.3439999999999628,160.31898498535156,157.07963267948966,0.6099093828420539,193.8621057382688,179.9187823838292
1.3449999999999627,160.29905700683594,157.07963267948966,0.5998667526591407,176.10286904081994,162.88605324532963
1.3459999999999626,160.2815399169922,157.07963267948966,0.5906581681957063,186.3701186789543,170.61050625747293
1.3469999999999624,160.2694854736328,157.07963267948966,0.5981950989257467,202.7886152159226,188.07602672967826
1.3479999999999623,160.25225830078125,157.07963267948966,0.5947519530525249,185.42326858930346,171.45783652144004
1.3489999999999622,160.2371063232422,157.07963267948966,0.5898807250342184,194.85320454545317,178.0872743391823
1.3499999999999621,160.2281951904297,157.07963267948966,0.6022878711150492,214.15757836670988,198.04884443551208
1.350999999999962,160.21359252929688,157.07963267948966,0.6040247062646998,194.8591331959399,179.85022889459347
1.351999999999962,160.20005798339844,157.07963267948966,0.6006651103933931,200.96110004799343,183.23571865887294
1.3529999999999618,160.19290161132812,157.07963267948966,0.6140190936752011,220.86773634518974,203.62633523076158
1.3539999999999617,160.17906188964844,157.07963267948966,0.6178453324702631,197.60251770718793,182.21403561262673
1.3549999999999616,160.16490173339844,157.07963267948966,0.6117889874702936,198.81569720442727,181.14892358802402
1.3559999999999615,160.1570281982422,157.07963267948966,0.6213928493140108,218.78902914300068,201.3079120157226
1.3569999999999613,160.14151000976562,157.07963267948966,0.6249322190242218,191.46665559117938,176.7695995518624
1.3579999999999612,160.12448120117188,157.07963267948966,0.613612180375417,188.04707951843434,171.92944837929022
1.3589999999999611,160.11343383789062,157.07963267948966,0.6153572501709358,211.36181854888702,191.02877276978077
1.359999999999961,160.108642578125,157.07963267948966,0.6366540765344978,230.24363562418222,211.10137271120132
1.360999999999961,160.1001434326172,157.07963267948966,0.6411731661669448,219.1813110015247,199.17654378538117
1.3619999999999608,160.09442138671875,157.07963267948966,0.6501854937660397,231.28618361133198,208.0860077828377
1.3629999999999607,160.0927276611328,157.07963267948966,0.671655269795205,241.8277769432821,220.93389292354522
1.3639999999999606,160.08370971679688,157.07963267948966,0.6737372197347754,217.372033514695,197.541415695771
1.3649999999999605,160.07383728027344,157.07963267948966,0.6713686812805709,216.1339537352683,194.7280739091942
1.3659999999999604,160.06613159179688,157.07963267948966,0.6782914690082273,220.4668102332398,201.65001759727954
1.3669999999999602,160.0487518310547,157.07963267948966,0.6714311455418777,186.514723889673,170.72585703035892
1.3679999999999601,160.02874755859375,157.07963267948966,0.6528969349792104,178.40825440186399,162.23998260856905
1.36899999999996,160.01144409179688,157.07963267948966,0.6433972420511814,185.65114193752385,170.87473930848589
1.36999999999996,159.9848175048828,157.07963267948966,0.6303913613777447,151.93203661806655,141.02705399274092
1.3709999999999598,159.95645141601562,157.07963267948966,0.60178272371434,146.6378853997639,135.37316062449875
1.3719999999999597,159.93374633789062,157.07963267948966,0.5853603873548159,168.38966172602153,153.48463924878794
1.3729999999999596,159.91722106933594,157.07963267948966,0.5924023973274253,186.9697437417927,173.2292082086824
1.3739999999999595,159.8991241455078,157.07963267948966,0.5868566558432953,183.40929401928668,168.16742104646738
1.3749999999999594,159.88693237304688,157.07963267948966,0.5932588597709165,206.2256048217787,187.0617146534806
1.3759999999999593,159.880615234375,157.07963267948966,0.6167153492231874,223.5210430476482,205.78553963525655
1.3769999999999591,159.8704833984375,157.07963267948966,0.6214482488497706,212.2355513431342,193.59988372714903
1.377999999999959,159.86328125,157.07963267948966,0.6310044202032385,224.68129594210475,202.96022314705232
1.378999999999959,159.86007690429688,157.07963267948966,0.6526177615499459,235.15199344465816,215.72094124266897
1.3799999999999588,159.8499298095703,157.07963267948966,0.6543958337434819,212.14721848255436,193.51291720733371
1.3809999999999587,159.83949279785156,157.07963267948966,0.6530855742116802,212.99254552763995,192.5800927359402
1.3819999999999586,159.83163452148438,157.07963267948966,0.661747912190442,218.74627846641792,200.7862248379872
1.3829999999999585,159.8147735595703,157.07963267948966,0.6559082364382679,187.45219676822336,172.03029378388177
1.3839999999999584,159.7960205078125,157.07963267948966,0.6403169516567818,182.1329027509514,165.91161573120138
1.3849999999999583,159.7803955078125,157.07963267948966,0.6349142223799804,190.7224837999739,175.89397231307265
1.3859999999999582,159.75595092773438,157.07963267948966,0.6241660996500201,159.1457259541261,147.6910932732459
1.386999999999958,159.73016357421875,157.07963267948966,0.5997606962045144,155.57695224744097,143.36843169260464
1.387999999999958,159.71005249023438,157.07963267948966,0.5884405275695241,177.49010055438725,161.48944109404746
1.3889999999999578,159.69595336914062,157.07963267948966,0.5996942837252037,195.31014213820532,180.65151920817365
1.3899999999999577,159.6800994873047,157.07963267948966,0.5962066852687437,191.32650424868305,175.01271648089138
1.3909999999999576,159.6698455810547,157.07963267948966,0.6047001051240183,212.97889599541088,192.87476616146375
1.3919999999999575,159.664794921875,157.07963267948966,0.6285511152470644,227.80345163699317,209.5089694996279
1.3929999999999574,159.65538024902344,157.07963267948966,0.6322391179506365,214.54669207333862,195.51286776255264
1.3939999999999573,159.64833068847656,157.07963267948966,0.6402099946814921,224.91779736026643,203.10350821600085
1.3949999999999572,159.64459228515625,157.07963267948966,0.6592170068483834,232.8661794822941,213.6540236943188
1.395999999999957,159.63343811035156,157.07963267948966,0.6583315043859287,208.09113266911658,189.93434294987009
1.396999999999957,159.62168884277344,157.07963267948966,0.6539550218363349,207.70889507422675,188.03159029957942
1.3979999999999568,159.6122283935547,157.07963267948966,0.6593092483262057,212.50025957508294,195.33162252790189
1.3989999999999567,159.59375,157.07963267948966,0.6509974194897855,181.08808031804818,166.5603309072425
1.3999999999999566,159.57359313964844,157.07963267948966,0.6330695355770418,176.4005117845409,161.101299668937
1.4009999999999565,159.5568084716797,157.07963267948966,0.6258698697151972,185.9612266728501,171.89847314164487
1.4019999999999564,159.53167724609375,157.07963267948966,0.6141861614149964,156.039370318831,145.18539648497253
1.4029999999999563,159.50576782226562,157.07963267948966,0.5897819863896911,154.5583383839218,142.7101259954982
1.4039999999999562,159.48609924316406,157.07963267948966,0.5798052650234361,178.43803049286737,162.53051630268763
1.404999999999956,159.47296142578125,157.07963267948966,0.593455838384094,198.18154156065742,183.38321285372632
1.405999999999956,159.45860290527344,157.07963267948966,0.5922955667202088,196.27046553423017,179.45418763234244
1.4069999999999558,159.4502716064453,157.07963267948966,0.6043867035749848,215.22571381126934,198.7033362488051
1.4079999999999557,159.4335174560547,157.07963267948966,0.6096567065626806,185.1517689708796,171.78566173565625
1.4089999999999556,159.41448974609375,157.07963267948966,0.5969781588763114,178.61341311869793,164.50128337225166
1.4099999999999555,159.40090942382812,157.07963267948966,0.5942684073643348,199.96324036828327,181.87540803507176
1.4109999999999554,159.39430236816406,157.07963267948966,0.6124876167800216,221.4622378866724,204.06849845557824
1.4119999999999553,159.3842315673828,157.07963267948966,0.6167739345179076,211.02760468518244,192.9912287245592
1.4129999999999552,159.37734985351562,157.07963267948966,0.6246572758383897,224.73536661700334,203.16496342096116
1.413999999999955,159.3760528564453,157.07963267948966,0.6477955387810156,241.02630227522786,220.95699229921965
1.414999999999955,159.36831665039062,157.07963267948966,0.6534759035127287,219.6853142091307,200.45863237787796
1.4159999999999549,159.3604278564453,157.07963267948966,0.6544632016608711,221.36393043926435,199.9062286487045
1.4169999999999547,159.35633850097656,157.07963267948966,0.6670731131460883,231.58423532522366,212.03694319596693
1.4179999999999546,159.3432159423828,157.07963267948966,0.6662210406973561,200.02628218943687,183.23961380832003
1.4189999999999545,159.32757568359375,157.07963267948966,0.6530685143649638,192.86367761032815,175.19480101179235
1.4199999999999544,159.3155517578125,157.07963267948966,0.6500532657641224,203.26853152819163,186.69333774559198
1.4209999999999543,159.29393005371094,157.07963267948966,0.6429247740329075,168.65212417628427,156.07099639531086
1.4219999999999542,159.26966857910156,157.07963267948966,0.6182196763127903,160.4954883074689,147.60764747499937
1.422999999999954,159.25096130371094,157.07963267948966,0.6046581646357811,181.66067371724435,165.30313931416637
1.423999999999954,159.2382049560547,157.07963267948966,0.612193096584061,199.40760454191894,184.2473366966296
1.4249999999999539,159.22247314453125,157.07963267948966,0.6073506116693491,190.59260872134266,174.75667669537
1.4259999999999537,159.21109008789062,157.07963267948966,0.609432257293832,207.83180851634754,188.54122513235438
1.4269999999999536,159.2053680419922,157.07963267948966,0.628056950020797,224.47231187356584,206.60164777626304
1.4279999999999535,159.1947021484375,157.07963267948966,0.6302770344280407,208.56106538206453,190.79105335258365
1.4289999999999534,159.18580627441406,157.07963267948966,0.6328178425773991,216.96168483402508,196.4621237143533
1.4299999999999533,159.18142700195312,157.07963267948966,0.648610851419874,229.46344643651085,210.79860595145473
1.4309999999999532,159.16973876953125,157.07963267948966,0.6487188346875695,204.63702316806732,187.5310575928658
1.431999999999953,159.1574249267578,157.07963267948966,0.6422576228905802,204.35598437098864,185.52115131456267
1.432999999999953,159.14906311035156,157.07963267948966,0.647667685540199,215.3568501142906,198.07737468627715
1.4339999999999529,159.1321258544922,157.07963267948966,0.6431415087087067,185.1488071642144,170.74613868225333
1.4349999999999528,159.11349487304688,157.07963267948966,0.6263831250438232,180.83987976405044,165.37390810102863
1.4359999999999526,159.0998077392578,157.07963267948966,0.6219859495693455,200.1272709203461,181.05241184738276
1.4369999999999525,159.09095764160156,157.07963267948966,0.6362558319726666,213.41515108557147,196.44668157585176
1.4379999999999524,159.07876586914062,157.07963267948966,0.6322177971357854,203.83591029727796,185.77920729175267
1.4389999999999523,159.0704345703125,157.07963267948966,0.6368952154477808,219.1098601791937,198.03270043041073
1.4399999999999522,159.06576538085938,157.07963267948966,0.654231543871275,228.1492413245164,209.68115855571284
1.440999999999952,159.0551300048828,157.07963267948966,0.6512907946447257,208.9248991812819,190.69339110769081
1.441999999999952,159.0455780029297,157.07963267948966,0.649789733776419,214.4219205621179,194.1484011435271
1.4429999999999519,159.03871154785156,157.07963267948966,0.6591039957873046,220.1826283887161,202.6557199892145
1.4439999999999518,159.0240020751953,157.07963267948966,0.6514522863240512,193.50990147109718,177.6834930333154
1.4449999999999517,159.00875854492188,157.07963267948966,0.639099082365388,193.1127505487556,175.95862167576743
1.4459999999999515,158.9966583251953,157.07963267948966,0.6381993126205046,201.17727018310245,185.9634175697
1.4469999999999514,158.97653198242188,157.07963267948966,0.6272250892468351,173.06657112985093,160.3873647479874
1.4479999999999513,158.95591735839844,157.07963267948966,0.6075850007192,172.82373130042703,158.84782514718637
1.4489999999999512,158.94052124023438,157.07963267948966,0.6020977533147315,188.83386358628562,175.346528844721
1.449999999999951,158.9182891845703,157.07963267948966,0.5935464441362346,164.61557976160168,153.6432549788046
1.450999999999951,158.89663696289062,157.07963267948966,0.5749025707021327,168.40032674164894,155.46624099782153
1.4519999999999509,158.88278198242188,157.07963267948966,0.5747470979669895,198.00209627507346,180.17576683033664
1.4529999999999508,158.876708984375,157.07963267948966,0.5988161367142314,222.11438638412682,204.91096447625392
1.4539999999999507,158.86984252929688,157.07963267948966,0.6060563678667519,222.22930431920963,202.3986883013738
1.4549999999999506,158.86895751953125,157.07963267948966,0.6265806554095682,240.49410019142005,221.33950751118465
1.4559999999999504,158.85928344726562,157.07963267948966,0.6359404029185671,209.5125454774504,193.47584065500905
1.4569999999999503,158.846435546875,157.07963267948966,0.6269856975644332,199.9148825607883,183.31365911370978
1.4579999999999502,158.83773803710938,157.07963267948966,0.6256835506516379,216.79236500844715,196.52804158675397
1.4589999999999501,158.83511352539062,157.07963267948966,0.6428371162559363,234.7698455357167,215.77788940180625
1.45999999999995,158.82752990722656,157.07963267948966,0.6446843084445582,218.91150972020114,200.05373667386348
1.46099999999995,158.8216094970703,157.07963267948966,0.6468557621868127,227.0527710950865,205.2731726035176
1.4619999999999498,158.8204803466797,157.07963267948966,0.663213466842572,240.50290823772878,220.53176740531404
1.4629999999999497,158.81185913085938,157.07963267948966,0.6639230171835075,214.94315133781285,196.69295973124215
1.4639999999999496,158.8021697998047,157.07963267948966,0.6572717435874109,213.33026091727274,193.336017629537
1.4649999999999495,158.7964630126953,157.07963267948966,0.6626372303680776,224.3005622898202,205.92446900662262
1.4659999999999493,158.7816925048828,157.07963267948966,0.6581605403641648,192.28410206298668,177.13817543854472
1.4669999999999492,158.7645721435547,157.07963267948966,0.6399924053656293,185.68427739871427,169.66389311052103
1.4679999999999491,158.7522735595703,157.07963267948966,0.6337634262487489,204.3963038244325,184.94146189758467
1.468999999999949,158.74473571777344,157.07963267948966,0.6455983331435198,217.3087460727237,200.00405136191213
1.469999999999949,158.73329162597656,157.07963267948966,0.6400267764570327,205.59247254761272,187.62972732494953
1.4709999999999488,158.7251739501953,157.07963267948966,0.6414016546437646,219.03256152809533,198.18434387542348
1.4719999999999487,158.72096252441406,157.07963267948966,0.6560658995689934,228.91743584497834,210.5447666009808
1.4729999999999486,158.71060180664062,157.07963267948966,0.652003358602469,208.82014807270969,191.00877768558638
1.4739999999999485,158.70115661621094,157.07963267948966,0.6480950914539755,213.7925511173899,193.92063603146173
1.4749999999999484,158.6949920654297,157.07963267948966,0.6560455851754066,221.79524809924717,204.34880751297237
1.4759999999999482,158.68113708496094,157.07963267948966,0.6486780986429732,195.4986426809817,179.89662795574787
1.4769999999999481,158.6668243408203,157.07963267948966,0.6357607379661687,195.4908606945811,178.4023617063148
1.477999999999948,158.6564483642578,157.07963267948966,0.6354488653420983,206.41206301240737,190.89511131072746
1.478999999999948,158.63827514648438,157.07963267948966,0.626213060558429,179.06447090967959,166.1111243966377
1.4799999999999478,158.61964416503906,157.07963267948966,0.6076571772778996,179.12128653737335,164.6607623924796
1.4809999999999477,158.6068878173828,157.07963267948966,0.6043051314132146,197.47274100205945,183.2409635525829
1.4819999999999476,158.58734130859375,157.07963267948966,0.5981637890623965,173.3506271717568,161.69962006176826
1.4829999999999475,158.568115234375,157.07963267948966,0.5809680544903364,176.4620070752142,162.7060365013287
1.4839999999999474,158.55703735351562,157.07963267948966,0.5828642461239044,207.26851386102808,188.49814184688918
1.4849999999999473,158.5540008544922,157.07963267948966,0.6082905244858462,232.23263808416084,214.00045051944866
1.4859999999999471,158.5497283935547,157.07963267948966,0.6166969691003311,230.6521942172595,210.05559702497436
1.486999999999947,158.55079650878906,157.07963267948966,0.6363494277016111,246.99491848356465,227.00704277418782
1.487999999999947,158.54273986816406,157.07963267948966,0.6462877974031853,214.5604803815316,198.07976954086573
1.4889999999999468,158.5308837890625,157.07963267948966,0.6359186516070852,202.52578764298158,185.99080356072298
1.4899999999999467,158.5225372314453,157.07963267948966,0.6309767832198323,217.21294655176007,197.14371958760913
1.4909999999999466,158.52056884765625,157.07963267948966,0.6453495523025229,236.33732499209705,217.32374250195863
1.4919999999999465,158.513427734375,157.07963267948966,0.6462981297678132,219.41536177979572,200.92224064959106
1.4929999999999464,158.50767517089844,157.07963267948966,0.6458905843092657,226.74549970212792,205.2834078750913
1.4939999999999463,158.5074005126953,157.07963267948966,0.6610788236881461,242.68295568638482,222.66205988217482
1.4949999999999461,158.49972534179688,157.07963267948966,0.6623525818806159,217.3060128916644,199.22352260520458
1.495999999999946,158.490966796875,157.07963267948966,0.6549600497452378,215.78347358317683,195.77445351176698
1.496999999999946,158.48703002929688,157.07963267948966,0.6609876580241923,229.790048469632,211.00175926243068
1.4979999999999458,158.47421264648438,157.07963267948966,0.6583711756045545,198.32271534248835,182.88631222687368
1.4989999999999457,158.458984375,157.07963267948966,0.640880427696755,191.58871400475405,175.18096881934977
1.4999999999999456,158.44903564453125,157.07963267948966,0.6358273187755467,211.96967513132822,191.9287508821563
1.5009999999999455,158.4445037841797,157.07963267948966,0.6491669568470344,227.3208027940541,209.08933325254543
1.5019999999999454,158.43594360351562,157.07963267948966,0.6459679382324748,214.98837958052425,196.25472524051088
1.5029999999999453,158.43031311035156,157.07963267948966,0.6481067165499276,227.34180226986388,205.5986542903832
1.5039999999999452,158.4290771484375,157.07963267948966,0.6640361125353472,238.93249368528947,219.48187656299
1.504999999999945,158.42132568359375,157.07963267948966,0.6617429147215006,217.41610060131592,198.8380933325473
1.505999999999945,158.41387939453125,157.07963267948966,0.6575006697577455,220.41099059643284,199.79138466899488
1.5069999999999448,158.41000366210938,157.07963267948966,0.6653274612591114,229.4178043567248,211.09199576526575
1.5079999999999447,158.39791870117188,157.07963267948966,0.6588010173773727,201.0511887527588,185.03581208974302
1.5089999999999446,158.38461303710938,157.07963267948966,0.6442157789657321,198.5347931302021,181.19403511066184
1.5099999999999445,158.37548828125,157.07963267948966,0.6422071187623674,210.4093403242834,194.41936347745
1.5109999999999444,158.35809326171875,157.07963267948966,0.6331052849458111,181.08148519847086,168.17157510208608
1.5119999999999443,158.33958435058594,157.07963267948966,0.612005507109864,178.88532133193954,164.6648831007365
1.5129999999999442,158.32736206054688,157.07963267948966,0.6061895309799386,202.83259694310217,184.48461538886343
1.513999999999944,158.32150268554688,157.07963267948966,0.621890925341693,221.65682023433789,204.70350962451897
1.514999999999944,158.3135223388672,157.07963267948966,0.6209323650992463,216.57607473975213,197.90699262124255
1.5159999999999438,158.3105010986328,157.07963267948966,0.6310906386410452,231.59657944765829,213.62710834758488
1.5169999999999437,158.29820251464844,157.07963267948966,0.6340827396918218,198.45045223426442,184.25027959908877
1.5179999999999436,158.28262329101562,157.07963267948966,0.6174089739986915,188.14329701155626,173.82094527003068
1.5189999999999435,158.27159118652344,157.07963267948966,0.6085375997703507,206.26155438937076,188.18254452287414
1.5199999999999434,158.26776123046875,157.07963267948966,0.6215308047555057,228.4668783277645,211.0134734191319
1.5209999999999433,158.26022338867188,157.07963267948966,0.6223957326506387,216.9382847138892,199.24431001154178
1.5219999999999432,158.2557373046875,157.07963267948966,0.625933084292747,230.32739725289483,208.9035639838079
1.522999999999943,158.2579345703125,157.07963267948966,0.647461068498749,250.34020023564352,230.0624366422626
1.523999999999943,158.2541961669922,157.07963267948966,0.6527917231232983,230.6022269218121,211.22804720963748
1.5249999999999428,158.2506561279297,157.07963267948966,0.6533487521276897,234.0605312718222,211.88755315423776
1.5259999999999427,158.25244140625,157.07963267948966,0.6686880540375026,249.35461352504547,228.73310022429075
1.5269999999999426,158.24583435058594,157.07963267948966,0.6701905564010945,220.1525656601523,202.17635381526864
1.5279999999999425,158.23695373535156,157.07963267948966,0.6594964986566697,214.5164867829776,194.98458908418363
1.5289999999999424,158.23292541503906,157.07963267948966,0.6618145147984134,228.863462587069,210.30900198848275
1.5299999999999423,158.21945190429688,157.07963267948966,0.6581576157314559,194.9165447262156,180.37909541827017
1.5309999999999422,158.202880859375,157.07963267948966,0.6364855644609101,185.3312713467741,170.57566393070707
1.531999999999942,158.191162109375,157.07963267948966,0.6246624665278002,204.27438798217995,185.91002268064364
1.532999999999942,158.1859588623047,157.07963267948966,0.6340527991414961,223.78749204875663,206.48093212997344
1.5339999999999419,158.17710876464844,157.07963267948966,0.6309535756160181,212.62480211747462,194.98612004875665
1.5349999999999417,158.171630859375,157.07963267948966,0.6323184635657759,226.78624025626235,205.63014881062472
1.5359999999999416,158.17225646972656,157.07963267948966,0.6507781199045755,244.59522464987546,224.88270064897992
1.5369999999999415,158.16712951660156,157.07963267948966,0.6528975188368656,225.75095177473733,206.74263492715454
1.5379999999999414,158.16275024414062,157.07963267948966,0.6523846818906709,230.76569586793119,209.05580464749153
1.5389999999999413,158.16334533691406,157.07963267948966,0.6662008231840888,244.79072123042826,224.84913145828347
1.5399999999999412,158.15602111816406,157.07963267948966,0.6654710918986098,217.39898499505492,199.7214436821015
1.540999999999941,158.1471710205078,157.07963267948966,0.6551864792166443,214.26742057063782,194.90262391647312
1.541999999999941,158.14303588867188,157.07963267948966,0.6581750347587603,227.95783470686715,209.83328003122799
1.5429999999999409,158.1300048828125,157.07963267948966,0.6533124991460779,196.28932624817242,181.66103600474707
1.5439999999999408,158.1146697998047,157.07963267948966,0.6334764774957489,189.9117988673336,174.3525280696471
1.5449999999999406,158.1049346923828,157.07963267948966,0.6266709079464469,211.41401986709707,192.03973580789875
1.5459999999999405,158.10130310058594,157.07963267948966,0.6398411530688015,229.22928640475183,211.34061557040462
1.5469999999999404,158.09423828125,157.07963267948966,0.6373603404557213,219.16141556134627,200.47905125303572
1.5479999999999403,158.09075927734375,157.07963267948966,0.64154735272122,233.92310160101601,211.79609688963797
1.5489999999999402,158.09251403808594,157.07963267948966,0.660914124514269,248.4516510441388,228.36144090333315
1.54999999999994,158.08834838867188,157.07963267948966,0.661348965612664,229.22270212850748,209.6181849944018
1.55099999999994,158.0848846435547,157.07963267948966,0.6609413356392909,233.8959251913694,211.81842215169053
1.5519999999999399,158.08546447753906,157.07963267948966,0.6733348515862742,244.33643487343858,224.6057719616504
1.5529999999999398,158.077880859375,157.07963267948966,0.6694375697099312,216.4304016342805,198.83033585339436
1.5539999999999397,158.06887817382812,157.07963267948966,0.6578392631676551,213.4213063659703,194.3120941712147
1.5549999999999395,158.0639190673828,157.07963267948966,0.6587832674718476,224.49166583956367,207.0538593746721
1.5559999999999394,158.0501251220703,157.07963267948966,0.650593214756011,193.33923338261192,179.1593682604183
1.5569999999999393,158.0345001220703,157.07963267948966,0.6297236528680878,188.6200123073004,173.27839460036503
1.5579999999999392,158.0245819091797,157.07963267948966,0.6232783916951969,210.5555983800034,191.36026543480986
1.558999999999939,158.0205078125,157.07963267948966,0.6368030880114239,227.23459997199294,209.77244570374182
1.559999999999939,158.01348876953125,157.07963267948966,0.6333097653123967,219.20878399213964,200.48245093376408
1.5609999999999389,158.0106964111328,157.07963267948966,0.6393220430519644,236.11517220645408,213.86146278290335
1.5619999999999388,158.0128936767578,157.07963267948966,0.6598681757729161,249.54257980322492,229.5712162822555
1.5629999999999387,158.00958251953125,157.07963267948966,0.6597864487368117,232.21891398296296,212.22407927480856
1.5639999999999386,158.00755310058594,157.07963267948966,0.661662198102624,238.81144704910974,216.24247623269443
1.5649999999999384,158.0092010498047,157.07963267948966,0.6757065362051655,247.70935818638188,227.85484738922483
1.5659999999999383,158.0029754638672,157.07963267948966,0.671147816879285,221.13853426214018,202.95146173282095
1.5669999999999382,157.99571228027344,157.07963267948966,0.6615510706587315,219.504545950859,199.70907786644074
1.567999999999938,157.99195861816406,157.07963267948966,0.6640520637079554,228.36412564154702,210.7468368113113
1.568999999999938,157.9794464111328,157.07963267948966,0.6546474259187554,197.7941174787599,183.07632922896445
1.569999999999938,157.96531677246094,157.07963267948966,0.6350064799621017,193.87958439898136,177.93177345720426
1.5709999999999378,157.9562530517578,157.07963267948966,0.6294331493393291,209.13358537698045,193.92642517629918
1.5719999999999377,157.93931579589844,157.07963267948966,0.6200051027357802,181.03443064515653,169.02334221260165
1.5729999999999376,157.92161560058594,157.07963267948966,0.5977734584189965,180.226580059226,166.62286398291573
1.5739999999999374,157.91140747070312,157.07963267948966,0.5932055044264656,208.5638877656841,190.24158967119666
1.5749999999999373,157.90914916992188,157.07963267948966,0.6126361919727533,233.04685432372457,215.3219572158184
1.5759999999999372,157.9053955078125,157.07963267948966,0.6167785018202898,230.40336023993814,210.63983375925284
1.5769999999999371,157.90699768066406,157.07963267948966,0.6320037292089783,246.96175695292212,227.51941720720254
1.577999999999937,157.8999481201172,157.07963267948966,0.640059464158323,216.04830813146188,200.2038465493567
1.578999999999937,157.8896026611328,157.07963267948966,0.627933168233742,205.7585586999378,189.76357774126146
1.5799999999999368,157.88339233398438,157.07963267948966,0.6223609058721199,222.89853489689713,202.81970455452617
1.5809999999999367,157.88490295410156,157.07963267948966,0.6393060404010587,246.7648112491763,227.21543589231422
1.5819999999999366,157.88217163085938,157.07963267948966,0.6430980881191659,233.22948098620614,213.7672141485418
1.5829999999999365,157.88150024414062,157.07963267948966,0.6468306564113349,243.54758057500095,220.32766614895095
1.5839999999999363,157.88751220703125,157.07963267948966,0.6686086500047013,263.3596686147532,241.42139231733796
1.5849999999999362,157.88662719726562,157.07963267948966,0.6740397367266332,239.93566092540652,219.62150508707182
1.5859999999999361,157.88467407226562,157.07963267948966,0.6712332057733561,239.0968286807934,216.2715132979134
1.586999999999936,157.88792419433594,157.07963267948966,0.6831079372697733,253.9986995597491,232.69749940589324
1.587999999999936,157.8819122314453,157.07963267948966,0.683105764391048,221.21599983336023,203.42307951957233
1.5889999999999358,157.87257385253906,157.07963267948966,0.6673697191887239,211.41365965350258,192.9443162750875
1.5899999999999357,157.86740112304688,157.07963267948966,0.661949099369091,227.93711495642228,206.07926287786972
1.5909999999999356,157.86724853515625,157.07963267948966,0.6737649302888592,241.60676051111056,221.89872157467696
1.5919999999999355,157.86196899414062,157.07963267948966,0.668681266025729,225.314784218988,205.74087177531132
1.5929999999999354,157.85850524902344,157.07963267948966,0.6663928979976766,233.6851743443141,211.43610225930652
1.5939999999999352,157.85922241210938,157.07963267948966,0.6779010575944865,244.45645032137588,224.6420526247282
1.5949999999999351,157.8527069091797,157.07963267948966,0.6725137022856557,220.10564990355957,201.81870361326412
1.595999999999935,157.8458251953125,157.07963267948966,0.6630594250623187,220.7770155964029,200.64219086444447
1.596999999999935,157.84292602539062,157.07963267948966,0.6666719200793613,231.30733844127064,213.21792135954897
1.5979999999999348,157.83175659179688,157.07963267948966,0.6582549502208379,202.47485037374236,187.0762239833109
1.5989999999999347,157.81932067871094,157.07963267948966,0.6404853988841279,199.91571084121276,183.07617401810998
1.5999999999999346,157.8120880126953,157.07963267948966,0.6371885905828822,215.43814721937414,199.45298639227252
1.6009999999999345,157.79701232910156,157.07963267948966,0.6287410223841413,187.57093482649333,174.70927378028273
1.6019999999999344,157.78111267089844,157.07963267948966,0.6078602586451863,186.5682662353594,172.04963120515114
1.6029999999999343,157.77247619628906,157.07963267948966,0.6044429637872483,214.12997604654817,194.98493918610714
1.6039999999999341,157.77139282226562,157.07963267948966,0.6238027932700787,237.09880604234723,218.8269874234098
1.604999999999934,157.76844787597656,157.07963267948966,0.62691630180546,233.05846715188898,212.91024271254707
1.605999999999934,157.7704315185547,157.07963267948966,0.6404756364427504,248.13419471908392,228.5186933510087
1.6069999999999338,157.7633819580078,157.07963267948966,0.6467618112111583,215.7173779761645,199.9357842027647
1.6079999999999337,157.752685546875,157.07963267948966,0.6324356853418583,204.2135221425034,188.49297088040086
1.6089999999999336,157.7459259033203,157.07963267948966,0.6242642534626125,220.47782268372973,200.85328214327797
1.6099999999999335,157.7467498779297,157.07963267948966,0.6385421380631194,243.80308887910954,224.7471016720518
1.6109999999999334,157.74330139160156,157.07963267948966,0.6404231821876241,230.1922148724231,211.298656356313
1.6119999999999333,157.7420654296875,157.07963267948966,0.6425304273696805,240.93577843044292,218.28404443403525
1.6129999999999332,157.7477264404297,157.07963267948966,0.6633323309808782,261.54471252308423,240.05478181387826
1.613999999999933,157.746826171875,157.07963267948966,0.6682973920234471,239.33102219271342,219.33280781865292
1.614999999999933,157.74526977539062,157.07963267948966,0.6658056617905964,239.9985504209439,217.2792414453211
1.6159999999999328,157.74932861328125,157.07963267948966,0.678959518810826,256.3141123709942,235.0167613911828
1.6169999999999327,157.74456787109375,157.07963267948966,0.6797414651597424,225.18252006286806,207.140333475873
1.6179999999999326,157.73687744140625,157.07963267948966,0.6657583041437868,216.94003212249385,197.9109961856336
1.6189999999999325,157.73367309570312,157.07963267948966,0.6630785614184977,234.67498779957785,212.0308419032319
1.6199999999999324,157.7356719970703,157.07963267948966,0.6776279471657555,248.96876605382485,228.4822970203628
1.6209999999999323,157.73265075683594,157.07963267948966,0.6742022198578694,233.18026457884548,212.64624724566926
1.6219999999999322,157.73141479492188,157.07963267948966,0.6739453989942404,241.52485900880228,218.24212223213453
1.622999999999932,157.7342071533203,157.07963267948966,0.68701748977887,251.60004037227833,230.96182332368159
1.623999999999932,157.72950744628906,157.07963267948966,0.6819851362449296,226.4327087682041,207.35737497405768
1.6249999999999318,157.72410583496094,157.07963267948966,0.6727425919715063,225.93631954825526,205.11685491004513
1.6259999999999317,157.72232055664062,157.07963267948966,0.6759490764285692,234.99492805933914,216.4791139271249
1.6269999999999316,157.7118377685547,157.07963267948966,0.666499015701717,204.6949488409793,189.06186714021334
1.6279999999999315,157.69969177246094,157.07963267948966,0.6472436909474403,200.69707737803176,183.8194263089174
1.6289999999999314,157.6924285888672,157.07963267948966,0.641905862640004,215.0431265989611,199.1534643040871
1.6299999999999313,157.6770477294922,157.07963267948966,0.6316773686114281,186.14305525915756,173.56682133135868
1.6309999999999312,157.66065979003906,157.07963267948966,0.6086342324660073,184.43228545872853,170.34999965057207
1.631999999999931,157.65147399902344,157.07963267948966,0.6029000831734248,211.72697073213843,193.06774971800624
1.632999999999931,157.64993286132812,157.07963267948966,0.6205306239179891,234.9992265981573,217.1512703620302
1.6339999999999308,157.64666748046875,157.07963267948966,0.6226668317139377,231.48361918705868,211.73420001163666
1.6349999999999307,157.6486053466797,157.07963267948966,0.6357878438530297,247.44181586791942,228.1046219538466
1.6359999999999306,157.64181518554688,157.07963267948966,0.6419877243228771,216.1989177665531,200.57415693250837
1.6369999999999305,157.63174438476562,157.07963267948966,0.6281420393232828,205.98983078453853,190.23167241528628
1.6379999999999304,157.6259307861328,157.07963267948966,0.6213308449446396,223.5773912501123,203.66992171662199
1.6389999999999303,157.62808227539062,157.07963267948966,0.6377517469219417,248.16417514713592,228.71927575392863
1.6399999999999302,157.62623596191406,157.07963267948966,0.6411705322376381,235.66978300757376,216.17414508553145
1.64099999999993,157.62680053710938,157.07963267948966,0.645391024819576,247.22062779992936,223.74555650344485
1.64199999999993,157.63441467285156,157.07963267948966,0.6685360743188089,268.2048417843371,245.96719769643096
1.6429999999999298,157.6354522705078,157.07963267948966,0.6746074365518244,246.10018746701903,225.27654721062186
1.6439999999999297,157.63572692871094,157.07963267948966,0.6733161492373211,246.4626905255722,222.84448961961414
1.6449999999999296,157.64146423339844,157.07963267948966,0.6874952993109432,262.07610205350846,240.08338859688828
1.6459999999999295,157.63809204101562,157.07963267948966,0.688307425983655,229.97627201751737,211.3479529797237
1.6469999999999294,157.63143920898438,157.07963267948966,0.674037328866193,220.4744717724638,201.00747721436585
1.6479999999999293,157.62887573242188,157.07963267948966,0.6704077320145897,236.82794521007452,213.91108515220733
1.6489999999999292,157.63124084472656,157.07963267948966,0.6835266796891781,250.0188167619344,229.43019135525492
1.649999999999929,157.62826538085938,157.07963267948966,0.6786777030097145,233.01215707609873,212.58655954639073
1.650999999999929,157.6267852783203,157.07963267948966,0.676462297204525,240.35432010747041,217.32280340549212
1.6519999999999289,157.62924194335938,157.07963267948966,0.6876060860213588,250.07391316635992,229.7124866002188
1.6529999999999287,157.62413024902344,157.07963267948966,0.6812395042270933,224.52232582500585,205.85221912884074
1.6539999999999286,157.61830139160156,157.07963267948966,0.6704667456239622,223.98483788176887,203.59350476971946
1.6549999999999285,157.61627197265625,157.07963267948966,0.672572718830262,233.72088465209654,215.5184620493899
1.6559999999999284,157.605712890625,157.07963267948966,0.6626673884653502,204.03186823595846,188.68779424726077
1.6569999999999283,157.59373474121094,157.07963267948966,0.6431594788718831,200.84058236806212,184.12644521833477
1.6579999999999282,157.5869598388672,157.07963267948966,0.6383385072703455,216.42392814058513,200.559419619898
1.658999999999928,157.57237243652344,157.07963267948966,0.6287524731050828,188.57351257381634,175.88972863179947
1.659999999999928,157.55699157714844,157.07963267948966,0.6068279073778049,187.7694457888455,173.4147795264702
1.6609999999999279,157.5490264892578,157.07963267948966,0.6027859260758504,215.82217902817325,196.71616865842003
1.6619999999999278,157.5489501953125,157.07963267948966,0.6223690158652104,239.9839659584723,221.60218869372025
1.6629999999999276,157.54725646972656,157.07963267948966,0.6260014870517148,236.89619904867905,216.49707743324777
1.6639999999999275,157.55075073242188,157.07963267948966,0.6406358760856685,252.76405946728244,232.84201129801772
1.6649999999999274,157.5454864501953,157.07963267948966,0.6476044926380139,221.43711704468816,205.22655273419258
1.6659999999999273,157.5367889404297,157.07963267948966,0.6344620402830762,210.69782496853642,194.39099089816276
1.6669999999999272,157.5321044921875,157.07963267948966,0.6279464800866014,227.48089666775385,207.0602244743146
1.667999999999927,157.53521728515625,157.07963267948966,0.6442860266266696,251.44835631957224,231.61045550782197
1.668999999999927,157.53407287597656,157.07963267948966,0.6472733193394976,237.9348622823689,218.20095888287398
1.6699999999999269,157.53501892089844,157.07963267948966,0.6504316748342946,248.403324544635,224.7970440507956
1.6709999999999268,157.54286193847656,157.07963267948966,0.6723298190069356,268.8129285274386,246.5163388530945
1.6719999999999267,157.54391479492188,157.07963267948966,0.677450393161654,245.83544041998573,225.1349445293148
1.6729999999999265,157.5439910888672,157.07963267948966,0.6746787285237044,245.4621173375172,222.06472683087063
1.6739999999999264,157.54953002929688,157.07963267948966,0.6874612251309166,261.11023756849124,239.29507511784323
1.6749999999999263,157.54592895507812,157.07963267948966,0.6875368780118948,228.80238244021686,210.46062499706412
1.6759999999999262,157.53903198242188,157.07963267948966,0.6722294217539947,219.2010251582217,200.10203765001887
1.676999999999926,157.53628540039062,157.07963267948966,0.6675117314358462,235.77540596872578,213.16801162326055
1.677999999999926,157.53875732421875,157.07963267948966,0.6802527873737153,249.9940916964954,229.55925286257337
1.6789999999999259,157.53607177734375,157.07963267948966,0.6756030774490844,233.67709116267827,213.35213782412285
1.6799999999999258,157.5350799560547,157.07963267948966,0.6737797961765962,241.78644570888642,218.69658648637864
1.6809999999999257,157.5383758544922,157.07963267948966,0.6859583613252257,252.76401673085297,232.20566444059372
1.6819999999999256,157.53431701660156,157.07963267948966,0.6806346346807718,227.9784165086725,209.01210060178664
1.6829999999999254,157.5296630859375,157.07963267948966,0.6710646657168061,227.99004839426092,207.1417131181441
1.6839999999999253,157.52902221679688,157.07963267948966,0.6747752113589428,238.46361589849397,219.77421638482772
1.6849999999999252,157.5198974609375,157.07963267948966,0.6660100028741185,208.91375535944505,193.05059312546584
1.6859999999999251,157.50924682617188,157.07963267948966,0.6475497459619572,205.4955958015768,188.19427560077563
1.686999999999925,157.50381469726562,157.07963267948966,0.6438265312074671,220.9945685550154,204.612062157432
1.687999999999925,157.4903564453125,157.07963267948966,0.6347886601815149,192.45683152010199,179.35051372700624
1.6889999999999248,157.475830078125,157.07963267948966,0.6129110004102869,190.59108134700182,175.9543414488744
1.6899999999999247,157.46836853027344,157.07963267948966,0.6080763105172243,217.50167720201458,198.21441100138605
1.6909999999999246,157.46868896484375,157.07963267948966,0.6266223747308949,241.1736351244604,222.68012434717585
1.6919999999999245,157.46713256835938,157.07963267948966,0.629371340877313,237.09453256640546,216.76886198483413
1.6929999999999243,157.4705047607422,157.07963267948966,0.6424324156201623,252.22548248518373,232.33392900763536
1.6939999999999242,157.4650115966797,157.07963267948966,0.6487980267612863,220.3753508792438,204.3560273848744
1.6949999999999241,157.45594787597656,157.07963267948966,0.634446994756251,209.0939894725914,193.13833234428026
1.695999999999924,157.45083618164062,157.07963267948966,0.6262760087586355,225.6201901127737,205.56344760722297
1.696999999999924,157.45372009277344,157.07963267948966,0.6416000169596358,250.35009029849093,230.73158096270797
1.6979999999999238,157.45245361328125,157.07963267948966,0.6443892426383981,237.1831281012203,217.69464516998028
1.6989999999999237,157.4534149169922,157.07963267948966,0.6472775543922099,248.15533521212538,224.67392322366942
1.6999999999999236,157.46160888671875,157.07963267948966,0.6697252933854582,269.8264970244174,247.49394230751884
1.7009999999999235,157.46324157714844,157.07963267948966,0.6756056318936339,247.60472946852167,226.80870251738946
1.7019999999999234,157.46405029296875,157.07963267948966,0.6736024719866467,247.8860887613601,224.21155832865998
1.7029999999999232,157.4706268310547,157.07963267948966,0.6878265128473504,264.5931702521934,242.4212026279948
1.7039999999999231,157.4681854248047,157.07963267948966,0.6890014358448704,232.73503798458592,213.99504291283606
1.704999999999923,157.46246337890625,157.07963267948966,0.6746803937513249,223.1477795138004,203.6365800188391
1.705999999999923,157.46080017089844,157.07963267948966,0.670694879308892,239.53182735175469,216.44906543392167
1.7069999999999228,157.4644317626953,157.07963267948966,0.6842229831998513,254.06062200720044,233.13739882390692
1.7079999999999227,157.4628143310547,157.07963267948966,0.6801905168063924,237.29015474592666,216.547633840952
1.7089999999999226,157.46266174316406,157.07963267948966,0.6784454623825036,244.72511670175766,221.22880324531056
1.7099999999999225,157.466796875,157.07963267948966,0.6906458788752373,255.5912343305136,234.6646905397637
1.7109999999999224,157.4633331298828,157.07963267948966,0.6853383075889884,229.96983187314189,210.79226177511816
1.7119999999999223,157.45899963378906,157.07963267948966,0.6750704497248806,229.03124176848291,208.04960110053366
1.7129999999999221,157.45864868164062,157.07963267948966,0.6779892897692882,239.34754867606478,220.52794069963647
1.713999999999922,157.44960021972656,157.07963267948966,0.6688368218667002,208.98757701095363,193.17912139228918
1.714999999999922,157.4387969970703,157.07963267948966,0.6492332470818167,204.7701943495496,187.61503698514406
1.7159999999999218,157.43324279785156,157.07963267948966,0.6443369228687315,220.47855956529378,204.15998302288853
1.7169999999999217,157.4196014404297,157.07963267948966,0.6348999660106032,191.5617553164382,178.65895207998844
1.7179999999999216,157.40480041503906,157.07963267948966,0.6119983722963852,189.2714364191508,174.97524164935294
1.7189999999999215,157.39703369140625,157.07963267948966,0.6057324356573159,216.0697445424743,197.0885211654357
1.7199999999999214,157.3972930908203,157.07963267948966,0.6236830034959141,240.76298525751753,222.40449422682207
1.7209999999999213,157.39581298828125,157.07963267948966,0.6266220334440418,237.0801491569798,216.8972951585325
1.7219999999999211,157.39939880371094,157.07963267948966,0.6397945487831241,257.59155277830627,232.8270677214678
1.722999999999921,157.4097900390625,157.07963267948966,0.6700520158673693,277.31714415191226,254.31741947657852
1.723999999999921,157.41517639160156,157.07963267948966,0.6776168511802666,261.85758657803217,238.52579254783436
1.7249999999999208,157.4215850830078,157.07963267948966,0.6860224189266382,268.3212073869141,241.77375804034867
1.7259999999999207,157.43226623535156,157.07963267948966,0.7072202094779517,278.8780561518384,255.2709606399852
1.7269999999999206,157.43423461914062,157.07963267948966,0.7070248769837604,249.27927922046604,227.78982279882226
1.7279999999999205,157.43360900878906,157.07963267948966,0.6987361549485942,242.60851934858164,219.65216141049765
1.7289999999999204,157.43592834472656,157.07963267948966,0.701620316606807,249.26811499767823,228.9697928378873
1.7299999999999203,157.42776489257812,157.07963267948966,0.6919534657152591,212.126402657356,195.88309939219448
1.7309999999999202,157.41580200195312,157.07963267948966,0.6673300201771596,200.6139973833859,183.9530980970824
1.73199999999992,157.40811157226562,157.07963267948966,0.654545432398516,217.08415564827658,197.38915621781888
1.73299999999992,157.40504455566406,157.07963267948966,0.6594828646544445,229.20259548184532,211.90468071345927
1.7339999999999198,157.39764404296875,157.07963267948966,0.6482042709594373,215.8573590041765,198.2815038027846
1.7349999999999197,157.39344787597656,157.07963267948966,0.6439002668743796,228.9265629027162,208.30841961707623
1.7359999999999196,157.39422607421875,157.07963267948966,0.6555738211888362,242.46460605170307,224.02337491715588
1.7369999999999195,157.38951110839844,157.07963267948966,0.6499037190811233,224.73893993654596,206.6968915155083
1.7379999999999194,157.38641357421875,157.07963267948966,0.6459427859866179,232.61556418006754,211.78050958444553
1.7389999999999193,157.38836669921875,157.07963267948966,0.6574906229599343,246.53817646270673,227.72622506394882
1.7399999999999192,157.3836212158203,157.07963267948966,0.6529466748038767,224.035502444518,206.57983966891527
1.740999999999919,157.37904357910156,157.07963267948966,0.6448259452130519,227.0157751877657,207.10082997142723
1.741999999999919,157.37986755371094,157.07963267948966,0.6527559371738232,242.5162719303145,224.14760440452147
1.7429999999999188,157.37326049804688,157.07963267948966,0.6481990578571789,216.85581408983492,200.73069090182827
1.7439999999999187,157.36593627929688,157.07963267948966,0.6353318576272236,216.83666024587444,198.4508486640134
1.7449999999999186,157.36497497558594,157.07963267948966,0.639904885672041,236.142048831691,218.44896802226526
1.7459999999999185,157.3565216064453,157.07963267948966,0.6366665338791251,209.75203451845155,194.88930113245124
1.7469999999999184,157.3470458984375,157.07963267948966,0.6212698296119106,208.3678460835288,191.66229390652717
1.7479999999999183,157.34432983398438,157.07963267948966,0.6224334889240137,234.49641910067425,212.93430602893437
1.7489999999999182,157.34934997558594,157.07963267948966,0.6457370213246826,257.87809624756517,237.28530556884917
1.749999999999918,157.35177612304688,157.07963267948966,0.6510057856581127,251.29627679281964,229.10518818805187
1.750999999999918,157.35809326171875,157.07963267948966,0.6642513068840673,267.76918086994857,241.36226205939107
1.7519999999999178,157.3701934814453,157.07963267948966,0.6925606598699892,283.63249219578836,259.59302874867194
1.7529999999999177,157.3759307861328,157.07963267948966,0.6974872532938319,263.1992098010503,239.57039937029023
1.7539999999999176,157.38133239746094,157.07963267948966,0.7006529472083723,264.6846666980617,238.50694170128077
1.7549999999999175,157.39007568359375,157.07963267948966,0.7154837386055393,272.0475488190088,249.06613268161712
1.7559999999999174,157.3891143798828,157.07963267948966,0.710964868517315,238.66261671248876,218.5618491389081
1.7569999999999173,157.38485717773438,157.07963267948966,0.696179798859302,229.155861860488,208.13405666711725
1.7579999999999172,157.38348388671875,157.07963267948966,0.6922504684217851,235.89605779065315,217.18832838646753
1.758999999999917,157.37161254882812,157.07963267948966,0.6793717236068292,198.4951459979661,184.16760391192645
1.759999999999917,157.3562469482422,157.07963267948966,0.6504451295679676,187.66922115785636,173.12802273389673
1.7609999999999169,157.34573364257812,157.07963267948966,0.6335888509828748,206.26418823200052,188.39650344169797
1.7619999999999167,157.3410186767578,157.07963267948966,0.6374465259528054,222.82202795436044,206.60594919618097
1.7629999999999166,157.33303833007812,157.07963267948966,0.627796539603686,213.2585404885856,196.36184821437473
1.7639999999999165,157.32933044433594,157.07963267948966,0.6267258049377696,230.3788305130843,209.77126652998678
1.7649999999999164,157.3319854736328,157.07963267948966,0.6440068939319613,248.81012941939503,229.76728490560615
1.7659999999999163,157.330078125,157.07963267948966,0.6437783558122189,234.6888916687661,215.47741803044812
1.7669999999999162,157.3304443359375,157.07963267948966,0.64633793812824,245.20448520394694,222.59096848446944
1.767999999999916,157.3365478515625,157.07963267948966,0.6651097630942521,261.2989319149203,240.6396576715616
1.768999999999916,157.33602905273438,157.07963267948966,0.6654440121922673,239.31917702986345,219.8027962686744
1.7699999999999159,157.3353271484375,157.07963267948966,0.6618017969134715,241.3773591271014,219.2482642581776
1.7709999999999158,157.33969116210938,157.07963267948966,0.6733241801306985,255.38622949461433,235.1933276794749
1.7719999999999156,157.33575439453125,157.07963267948966,0.6702359579698892,226.66480363724614,209.08429966348493
1.7729999999999155,157.3299560546875,157.07963267948966,0.6568839816423189,222.62398155354683,203.19773205462786
1.7739999999999154,157.32957458496094,157.07963267948966,0.6589053901741212,238.57479988496746,220.2304776978859
1.7749999999999153,157.3205108642578,157.07963267948966,0.6533841610557111,207.66875001216707,192.9015845115872
1.7759999999999152,157.30923461914062,157.07963267948966,0.6328952756360109,201.64882775828875,185.90624832039654
1.776999999999915,157.30368041992188,157.07963267948966,0.625942478269928,223.99804999474966,203.95856509883473
1.777999999999915,157.3054962158203,157.07963267948966,0.6415282484742433,246.12224207956137,227.06702881124852
1.7789999999999149,157.30433654785156,157.07963267948966,0.6419600683927148,237.873030386447,217.76146413953722
1.7799999999999148,157.3070068359375,157.07963267948966,0.6494208790306338,254.02863673117002,229.79941172810808
1.7809999999999147,157.31607055664062,157.07963267948966,0.6741007774276253,272.31487797032287,249.93309908458943
1.7819999999999145,157.3193817138672,157.07963267948966,0.6782292656731703,253.83389953299508,231.83396528906823
1.7829999999999144,157.32310485839844,157.07963267948966,0.6809156464817911,258.110024313602,233.15481940108424
1.7839999999999143,157.33143615722656,157.07963267948966,0.6975786498915952,270.03741464726073,247.62215879867824
1.7849999999999142,157.33108520507812,157.07963267948966,0.695890337822429,240.33265562335743,220.3718361730019
1.785999999999914,157.3283233642578,157.07963267948966,0.6847691933369181,234.26316392322403,212.73472076719574
1.786999999999914,157.3295135498047,157.07963267948966,0.6864786282141272,244.75071481960768,225.20360803878037
1.7879999999999139,157.3208770751953,157.07963267948966,0.6781450166109365,209.7741991632559,194.21475765115449
1.7889999999999138,157.30899047851562,157.07963267948966,0.6543528681670097,200.08425989485815,184.0059954011207
1.7899999999999137,157.30189514160156,157.07963267948966,0.6426777067555434,218.7139071384021,199.1129837918021
1.7909999999999136,157.30067443847656,157.07963267948966,0.6509587626330027,235.37709611514677,217.50189523043085
1.7919999999999134,157.2957000732422,157.07963267948966,0.6441896664120069,224.1732469397519,205.75127486460102
1.7929999999999133,157.29421997070312,157.07963267948966,0.6442978749938572,238.67275363523265,216.73325209850674
1.7939999999999132,157.29852294921875,157.07963267948966,0.661313923044344,254.9426720030637,234.9187978235847
1.794999999999913,157.29733276367188,157.07963267948966,0.6601249033055862,237.25076742972087,217.60677224256563
1.795999999999913,157.29733276367188,157.07963267948966,0.6592797504232412,243.96792170735338,221.386006836668
1.796999999999913,157.3024139404297,157.07963267948966,0.6736317838579274,257.828442979564,237.39444695945988
1.7979999999999128,157.30006408691406,157.07963267948966,0.6709545263932883,232.6396597626813,213.99322386415977
1.7989999999999127,157.2968292236328,157.07963267948966,0.6621040137348216,232.02679101111036,211.20900384630977
1.7999999999999126,157.2985382080078,157.07963267948966,0.6682029080833898,245.88069153647456,226.77416906466775
1.8009999999999124,157.29180908203125,157.07963267948966,0.6625948872704019,216.30397358836066,200.18548461595
1.8019999999999123,157.28321838378906,157.07963267948966,0.6454203213615777,212.12487916808135,194.34032233933604
1.8029999999999122,157.28054809570312,157.07963267948966,0.6441734369386771,230.22559089435893,212.96949583289253
1.8039999999999121,157.269775390625,157.07963267948966,0.6384133904363446,201.15119239177403,187.42288744294714
1.804999999999912,157.25738525390625,157.07963267948966,0.6175683579139506,197.1774046023264,182.3361209241631
1.805999999999912,157.25140380859375,157.07963267948966,0.6111949313316538,222.11839612500992,202.5161128064337
1.8069999999999118,157.25389099121094,157.07963267948966,0.6298829888573083,248.34155792469005,229.12964516945465
1.8079999999999117,157.25421142578125,157.07963267948966,0.6341845175775903,242.97191833362294,222.3083027509263
1.8089999999999116,157.2589569091797,157.07963267948966,0.6462118119743003,261.54930045102725,236.2141054036935
1.8099999999999115,157.2708740234375,157.07963267948966,0.676514617481098,282.5615594566601,258.84941027617157
1.8109999999999113,157.27734375,157.07963267948966,0.6848008826482174,265.2347983451609,241.67659933477688
1.8119999999999112,157.28416442871094,157.07963267948966,0.691284651659988,269.5953886907747,242.80364548008762
1.8129999999999111,157.29562377929688,157.07963267948966,0.7116001331214321,281.4769056473557,257.41047605269
1.813999999999911,157.29794311523438,157.07963267948966,0.7119729700313223,250.09786676894183,228.68858584682044
1.814999999999911,157.29705810546875,157.07963267948966,0.7015358234651646,241.39816040282415,218.60378743608868
1.8159999999999108,157.29957580566406,157.07963267948966,0.7028442764770961,249.81689464084903,229.2901771707365
1.8169999999999107,157.29132080078125,157.07963267948966,0.6939548710507841,211.37926797794222,195.40775261204692
1.8179999999999106,157.27879333496094,157.07963267948966,0.6674164850536722,197.74629246586545,181.96031674094007
1.8189999999999105,157.27011108398438,157.07963267948966,0.6502857958857498,212.8652671822306,194.03064989096768
1.8199999999999104,157.2668914794922,157.07963267948966,0.6528212172919347,228.23331584608673,211.18291692891987
1.8209999999999102,157.25942993164062,157.07963267948966,0.6422700486013041,214.91685565172926,197.8687234186803
1.8219999999999101,157.25515747070312,157.07963267948966,0.6369992290450543,228.25101149577387,207.8705840891797
1.82299999999991,157.2570037841797,157.07963267948966,0.6499300010707623,245.94250985820437,227.11604079436412
1.82399999999991,157.25360107421875,157.07963267948966,0.647320257800157,228.9168684969756,210.61557244321887
1.8249999999999098,157.2517852783203,157.07963267948966,0.644714755978109,237.03365411530814,215.58938234088237
1.8259999999999097,157.2559814453125,157.07963267948966,0.6592533570680195,254.3456463439379,234.49999025658138
1.8269999999999096,157.2534637451172,157.07963267948966,0.658296207842126,231.6243967565153,213.35338237483467
1.8279999999999095,157.2506866455078,157.07963267948966,0.6514876433302081,233.46578094069886,212.5602197400397
1.8289999999999094,157.25381469726562,157.07963267948966,0.6614524625131278,250.72982044647688,231.15725016547876
1.8299999999999093,157.24908447265625,157.07963267948966,0.6593925289066769,223.26880090387104,206.40515240611953
1.8309999999999091,157.24278259277344,157.07963267948966,0.6459809150114812,220.25239369461536,201.49751713035727
1.831999999999909,157.2425079345703,157.07963267948966,0.6484037741031292,238.70373093574938,220.38850487182538
1.832999999999909,157.2341766357422,157.07963267948966,0.645664648563958,209.9172764664674,195.0892530509201
1.8339999999999088,157.22398376464844,157.07963267948966,0.6273002847183748,205.08066027830841,189.22224171489148
1.8349999999999087,157.21975708007812,157.07963267948966,0.62212665159474,228.53288869321588,207.9560356222093
1.8359999999999086,157.2238311767578,157.07963267948966,0.6413385334071172,254.09120769046615,234.03492870191602
1.8369999999999085,157.22515869140625,157.07963267948966,0.6456672878403206,246.5810730624598,225.423511868699
1.8379999999999084,157.23019409179688,157.07963267948966,0.6558173120686602,262.7302646300673,237.1186837956262
1.8389999999999083,157.24212646484375,157.07963267948966,0.6839226779712805,282.6393949376379,258.7748448470685
1.8399999999999082,157.2480010986328,157.07963267948966,0.6907372437640504,262.99791667461614,239.76144418369785
1.840999999999908,157.2536163330078,157.07963267948966,0.6939917981203487,265.2131818133153,239.0065674767038
1.841999999999908,157.2637939453125,157.07963267948966,0.7111525809650783,276.91663775262725,253.3223829526453
1.8429999999999078,157.2645721435547,157.07963267948966,0.7101442863509009,244.34437989417367,223.77863423606098
1.8439999999999077,157.26194763183594,157.07963267948966,0.6969522911560905,234.82899311658048,213.0258695332054
1.8449999999999076,157.26303100585938,157.07963267948966,0.6958492415988881,244.6405752095844,224.74321219578732
1.8459999999999075,157.25352478027344,157.07963267948966,0.6866563157790351,206.63563368550294,191.42323016973404
1.8469999999999074,157.2399444580078,157.07963267948966,0.6589900592687981,193.4615181448848,178.5386130962628
1.8479999999999073,157.23043823242188,157.07963267948966,0.6405022772899153,209.5894815524521,191.40716725758352
1.8489999999999072,157.2271728515625,157.07963267948966,0.6433792620226351,227.8524802286565,210.97806612783035
1.849999999999907,157.22015380859375,157.07963267948966,0.6346569190893041,216.19000102802502,199.1670461951125
1.850999999999907,157.21669006347656,157.07963267948966,0.6313911903244134,231.06812129336748,210.3545926692899
1.8519999999999068,157.22007751464844,157.07963267948966,0.6476131972643382,251.35306287737964,231.88408024033274
1.8529999999999067,157.21852111816406,157.07963267948966,0.6481194778348828,235.4294898123606,216.34117213259876
1.8539999999999066,157.21859741210938,157.07963267948966,0.6483077445050516,243.99550069839492,221.4983168193738
1.8549999999999065,157.22499084472656,157.07963267948966,0.6660286670276349,262.2751662890886,241.35228607320278
1.8559999999999064,157.2244873046875,157.07963267948966,0.6673159570905515,238.94532539091188,219.68850942400448
1.8569999999999063,157.2233123779297,157.07963267948966,0.6616357455203117,239.41739402860574,217.53245704174503
1.8579999999999062,157.22787475585938,157.07963267948966,0.6723063003313705,256.01239528519903,235.58959068610469
1.858999999999906,157.2239990234375,157.07963267948966,0.6706469191049368,226.42652630211668,209.08056530873597
1.859999999999906,157.2178497314453,157.07963267948966,0.6558593335562621,220.630653190309,201.88631770304957
1.8609999999999058,157.2169647216797,157.07963267948966,0.6547854503837646,241.26037881279726,218.45630003090474
1.8619999999999057,157.2220916748047,157.07963267948966,0.672300006364351,258.27493672971036,237.39045750655134
1.8629999999999056,157.22305297851562,157.07963267948966,0.6710290885775005,245.80450563254186,224.25213084507755
1.8639999999999055,157.22654724121094,157.07963267948966,0.6753108120378948,257.12810428050244,232.26828408707212
1.8649999999999054,157.23471069335938,157.07963267948966,0.6936930523970425,269.0696131524521,246.91275797028032
1.8659999999999053,157.23582458496094,157.07963267948966,0.6914109813215111,245.88720291086702,224.80118987298601
1.8669999999999052,157.2364501953125,157.07963267948966,0.6866394952531009,246.46140767104788,223.24194564430582
1.867999999999905,157.2406768798828,157.07963267948966,0.6945070703760206,254.98950928784853,234.5359658043946
1.868999999999905,157.23593139648438,157.07963267948966,0.6863641406609137,224.03891561224194,206.36491190385175
1.8699999999999048,157.22903442382812,157.07963267948966,0.66911997666472,218.52220508569272,199.55725365180197
1.8709999999999047,157.2263641357422,157.07963267948966,0.6653277043501833,230.22036337609563,212.87900085119816
1.8719999999999046,157.2147979736328,157.07963267948966,0.6538807988607913,198.59508119252052,184.8552563772464
1.8729999999999045,157.20132446289062,157.07963267948966,0.6292385423233764,193.8420519522609,178.8956406669657
1.8739999999999044,157.19422912597656,157.07963267948966,0.6206306360984238,218.00613878203555,198.84803751627183
1.8749999999999043,157.194091796875,157.07963267948966,0.6342036996558483,238.71950700767974,220.78453117793845
1.8759999999999042,157.19161987304688,157.07963267948966,0.6321565130294275,232.90241708088965,213.43099581516324
1.876999999999904,157.19390869140625,157.07963267948966,0.6405674950996724,252.06621567509572,228.3902089174262
1.877999999999904,157.20254516601562,157.07963267948966,0.6658643432052369,270.1065849674524,248.3541336942657
1.8789999999999039,157.2062530517578,157.07963267948966,0.6695701823321384,254.96880677658245,232.87473793470375
1.8799999999999037,157.21142578125,157.07963267948966,0.6755849333483898,262.83339372541036,237.52040567739598
1.8809999999999036,157.22119140625,157.07963267948966,0.6952546270821373,274.44886206428674,251.91287071465518
1.8819999999999035,157.2229766845703,157.07963267948966,0.6939886480011993,247.7202525488092,226.8686442381032
1.8829999999999034,157.22315979003906,157.07963267948966,0.6869619230235217,244.5497332000589,221.80807165833093
1.8839999999999033,157.22694396972656,157.07963267948966,0.6926062462659652,253.37364767969248,233.18573292098122
1.8849999999999032,157.2211456298828,157.07963267948966,0.6842714822458166,219.78684974135322,202.99923888450988
1.885999999999903,157.2124481201172,157.07963267948966,0.6637218132275098,211.73841872548718,193.88786568631386
1.886999999999903,157.2084503173828,157.07963267948966,0.6569153998573103,225.46635984249045,208.67909431067844
1.8879999999999029,157.19544982910156,157.07963267948966,0.645843687790698,193.08385801091814,180.30740469706495
1.8889999999999028,157.18031311035156,157.07963267948966,0.6189985719776148,187.1070197964186,173.6056597065671
1.8899999999999026,157.17141723632812,157.07963267948966,0.6063630248308773,211.12590131364271,193.20997560270402
1.8909999999999025,157.1707000732422,157.07963267948966,0.6191449554763186,236.3965670296808,218.9010961702733
1.8919999999999024,157.16812133789062,157.07963267948966,0.6194439172347378,232.03376129762802,213.03896256419458
1.8929999999999023,157.17063903808594,157.07963267948966,0.6293097891520052,252.81332175723696,229.04780195071328
1.8939999999999022,157.1808624267578,157.07963267948966,0.658927517821849,275.83442624400647,253.33819800458886
1.894999999999902,157.18663024902344,157.07963267948966,0.6674696701685305,262.1856088218389,239.29030867100212
1.895999999999902,157.19390869140625,157.07963267948966,0.6768352323606857,270.7250539779112,244.09142475832962
1.8969999999999019,157.20664978027344,157.07963267948966,0.7013335220729073,285.38368300270656,261.2398011611948
1.8979999999999018,157.2112579345703,157.07963267948966,0.7043896996962702,257.97334329304596,235.73889950457288
1.8989999999999017,157.21360778808594,157.07963267948966,0.6992208787408954,252.8495710654878,228.6175475865592
1.8999999999999015,157.21971130371094,157.07963267948966,0.7067707003467383,262.15114904217256,240.4239707268173
1.9009999999999014,157.2154083251953,157.07963267948966,0.7006822634924547,225.40020243522684,207.71535510358402
1.9019999999999013,157.20700073242188,157.07963267948966,0.6788815695289299,212.77104308274565,194.78686470174273
1.9029999999999012,157.20230102539062,157.07963267948966,0.6675048208935664,227.44725082482574,206.43920275221825
1.903999999999901,157.20225524902344,157.07963267948966,0.6734659516705208,239.63553917315193,221.05238950512086
1.904999999999901,157.1972198486328,157.07963267948966,0.6631205071922717,223.85620510974314,205.3957251381287
1.9059999999999009,157.1945343017578,157.07963267948966,0.6574439235437234,234.05346919414225,212.7371624230616
1.9069999999999008,157.19668579101562,157.07963267948966,0.6674675228034721,247.0180012379409,227.95568268954702
1.9079999999999007,157.19259643554688,157.07963267948966,0.6608398419022941,226.45774794347776,208.36972624386814
1.9089999999999006,157.18931579589844,157.07963267948966,0.65336692314583,231.51457053624262,210.88292264157474
1.9099999999999004,157.1911163330078,157.07963267948966,0.6615923012217205,245.57869187900664,226.85428958826887
1.9109999999999003,157.18576049804688,157.07963267948966,0.6555950538417561,221.18577631156293,204.34555887839434
1.9119999999999002,157.18011474609375,157.07963267948966,0.6437965373534019,222.56727909391446,203.40981913846971
1.9129999999999001,157.18031311035156,157.07963267948966,0.6488669637470864,239.77748786469513,221.7909142740991
1.9139999999999,157.173095703125,157.07963267948966,0.6438728717489367,213.89685707500314,198.4607658961146
1.9149999999999,157.16510009765625,157.07963267948966,0.629003470594241,213.75207561713728,196.05289598237565
1.9159999999998998,157.16412353515625,157.07963267948966,0.6325830338190395,235.56851406326538,218.04632297547076
1.9169999999998997,157.15603637695312,157.07963267948966,0.6305843880524463,210.3292705236386,195.7115686610179
1.9179999999998996,157.14712524414062,157.07963267948966,0.6154779421354484,209.50332746002144,193.1129803034731
1.9189999999998995,157.14515686035156,157.07963267948966,0.6165416053927423,236.55005505733482,214.9128930068602
1.9199999999998993,157.15194702148438,157.07963267948966,0.6421509261163872,263.643258275961,242.46311506304082
1.9209999999998992,157.15650939941406,157.07963267948966,0.6504713891052379,258.3379025199927,235.4782141354724
1.9219999999998991,157.16510009765625,157.07963267948966,0.6660357438775988,275.71584667323145,248.16438529554947
1.922999999999899,157.18031311035156,157.07963267948966,0.6981663855318397,294.38241965920855,268.96598893934305
1.923999999999899,157.18919372558594,157.07963267948966,0.7062391199193315,274.06436243084363,249.13032973309345
1.9249999999998988,157.1974334716797,157.07963267948966,0.7111121869292613,274.8103952096609,247.07751611543603
1.9259999999998987,157.2093048095703,157.07963267948966,0.7282395856207422,283.1070250952647,258.58489883933055
1.9269999999998986,157.21102905273438,157.07963267948966,0.7255882497960363,247.8951313180301,226.64415677558605
1.9279999999998985,157.20863342285156,157.07963267948966,0.7105212959159112,235.69764445353354,213.65661965534645
1.9289999999998984,157.208984375,157.07963267948966,0.7059618271691205,242.04020280778846,222.33111412341387
1.9299999999998982,157.1980743408203,157.07963267948966,0.6933052547568364,201.633568468342,186.94264515638957
1.9309999999998981,157.1826934814453,157.07963267948966,0.6618167086145283,186.93913549611761,172.8096461265125
1.931999999999898,157.17123413085938,157.07963267948966,0.6392428286037235,202.24265922782985,185.1174390929773
1.932999999999898,157.1656951904297,157.07963267948966,0.6379518182616233,219.46339417818473,203.74461786920835
1.9339999999998978,157.1565399169922,157.07963267948966,0.6259580627609184,208.2500127727417,192.38615895547233
1.9349999999998977,157.1513671875,157.07963267948966,0.6204710267699484,224.4520531477151,204.86035637322277
1.9359999999998976,157.15333557128906,157.07963267948966,0.6354686609000133,245.84097766863502,227.29373247783724
1.9369999999998975,157.1510009765625,157.07963267948966,0.6355591409355633,232.33650163451085,213.8142530801493
1.9379999999998974,157.15113830566406,157.07963267948966,0.6372993083106605,243.7748967567451,221.50977352298702
1.9389999999998973,157.15811157226562,157.07963267948966,0.6576884720931886,263.9546728905852,243.08582119943284
1.9399999999998971,157.15895080566406,157.07963267948966,0.6607891545230745,243.4983624985052,223.76239523029147
1.940999999999897,157.15982055664062,157.07963267948966,0.658952692373117,246.66187552426985,223.8604244106653
1.941999999999897,157.16671752929688,157.07963267948966,0.6741618074980991,264.0693797858981,242.84909790196926
1.9429999999998968,157.16554260253906,157.07963267948966,0.6746252813473945,235.9651229605636,217.4146217602567
1.9439999999998967,157.1622772216797,157.07963267948966,0.6634434366314974,231.22812204104503,210.87987983037434
1.9449999999998966,157.16427612304688,157.07963267948966,0.6666952219350322,246.936961078086,227.45017146348698
1.9459999999998965,157.1574249267578,157.07963267948966,0.6634968233914895,215.1999000008543,199.59651850298764
1.9469999999998964,157.14779663085938,157.07963267948966,0.6432916332504655,206.95474220738717,190.82959763361382
1.9479999999998963,157.1431884765625,157.07963267948966,0.6341562714517893,227.02021220919517,206.65987741817654
1.9489999999998961,157.14620971679688,157.07963267948966,0.6483109537309368,250.13606217996121,230.57593882573477
1.949999999999896,157.1458282470703,157.07963267948966,0.6486250827473836,240.05682284034813,219.91450179305508
1.950999999999896,157.14869689941406,157.07963267948966,0.6535427597487334,254.3981270131905,230.1322728227931
1.9519999999998958,157.15835571289062,157.07963267948966,0.6769558082521014,274.1777640203667,251.52327297584458
1.9529999999998957,157.16201782226562,157.07963267948966,0.6812576655107054,254.46086314523083,232.63088070020729
1.9539999999998956,157.16567993164062,157.07963267948966,0.6818731590057704,257.47538783546526,232.63769122393666
1.9549999999998955,157.1744842529297,157.07963267948966,0.6977306465724422,271.48284613033985,248.84456986360507
1.9559999999998954,157.17453002929688,157.07963267948966,0.696878653843831,241.14054632278538,221.33093528921222
1.9569999999998953,157.17185974121094,157.07963267948966,0.6844874562502569,234.17926943258232,212.76216426542646
1.9579999999998952,157.1737518310547,157.07963267948966,0.6857927406716481,246.96098271203766,227.10279219146912
1.958999999999895,157.16580200195312,157.07963267948966,0.6789153084647449,211.70345615356732,196.14435135777998
1.959999999999895,157.1543426513672,157.07963267948966,0.6545617752037299,200.79051852434154,185.1055243974584
1.9609999999998948,157.1473846435547,157.07963267948966,0.6405141725518562,218.6006476861574,199.27631539471176
1.9619999999998947,157.14707946777344,157.07963267948966,0.6482109343884935,238.2556361120125,220.14899605140263
1.9629999999998946,157.14309692382812,157.07963267948966,0.642928379005877,227.05163180856167,208.60434652731388
1.9639999999998945,157.1425018310547,157.07963267948966,0.6429566111850317,241.4817322044186,219.23670970980498
1.9649999999998944,157.1485595703125,157.07963267948966,0.6616656711298455,260.86372606206976,240.12043291093354
1.9659999999998943,157.14915466308594,157.07963267948966,0.663045799638302,243.1538974855357,222.9795529206307
1.9669999999998942,157.15069580078125,157.07963267948966,0.6629279854787254,249.327327156151,225.96955601399628
1.967999999999894,157.157958984375,157.07963267948966,0.6792028065822728,265.41929826974,243.9557830399641
1.968999999999894,157.15757751464844,157.07963267948966,0.6788695024317112,239.27734520474453,219.93048086787906
1.9699999999998938,157.15574645996094,157.07963267948966,0.6700328597825528,236.96673081846544,215.39881884660426
1.9709999999998937,157.15919494628906,157.07963267948966,0.6766183895079239,251.98427572177852,231.9528851947786
1.9719999999998936,157.15371704101562,157.07963267948966,0.6723916838435043,220.4787366173411,203.94382400351907
1.9729999999998935,157.1456298828125,157.07963267948966,0.6537811208589743,213.2044477659917,195.6645463305872
1.9739999999998934,157.1426544189453,157.07963267948966,0.6481567604131031,233.27583962472625,211.77651676133974
1.9749999999998933,157.14599609375,157.07963267948966,0.6624566008852084,251.41667941503073,231.58148421378016
1.9759999999998932,157.14544677734375,157.07963267948966,0.6598676602469996,239.91419143892793,219.4290860659304
1.976999999999893,157.14791870117188,157.07963267948966,0.6632263492654081,252.87853891872,228.8402417407484
1.977999999999893,157.15579223632812,157.07963267948966,0.6823451565580683,267.6468830251332,245.8944568816359
1.9789999999998928,157.1573028564453,157.07963267948966,0.6816181668088013,246.8468296262883,225.8863431574721
1.9799999999998927,157.158935546875,157.07963267948966,0.6791597613799317,249.77634752633975,226.25128001538965
1.9809999999998926,157.16490173339844,157.07963267948966,0.6906320376445574,260.9172154144564,239.90831631690327
1.9819999999998925,157.1623992919922,157.07963267948966,0.6854198252462302,231.802901413187,213.27633357808787
1.9829999999998924,157.15798950195312,157.07963267948966,0.671640476131147,227.45783523577418,207.29102416162166
1.9839999999998923,157.15809631347656,157.07963267948966,0.6719365320342267,239.94017342752323,221.46552906162682
1.9849999999998922,157.14923095703125,157.07963267948966,0.6629731515046311,208.15256637625234,193.23391897107695
1.985999999999892,157.1381378173828,157.07963267948966,0.6405764186566018,202.3029987976332,186.2351285298665
1.986999999999892,157.13287353515625,157.07963267948966,0.6331584974876978,224.71351111206084,204.57661150006555
1.9879999999998919,157.13421630859375,157.07963267948966,0.6467296495862349,243.92713512358077,225.26973616098616
1.9889999999998917,157.13255310058594,157.07963267948966,0.6439434025535816,235.75113437489784,215.90133529632686
1.9899999999998916,157.1349639892578,157.07963267948966,0.6500026850754362,252.4248542567936,228.65970853265654
1.9909999999998915,157.14328002929688,157.07963267948966,0.6724237930222267,268.88210876876025,247.23287232936462
1.9919999999998914,157.1461181640625,157.07963267948966,0.6738748486820394,251.6034696408009,230.03107625661406
1.9929999999998913,157.14996337890625,157.07963267948966,0.6763579912167867,257.731793405257,233.18945410633162
1.9939999999998912,157.1582794189453,157.07963267948966,0.6927081170472693,269.12251010711975,247.27795493294434
1.994999999999891,157.15850830078125,157.07963267948966,0.6896573271364461,241.77531481670349,221.86452049490316
1.995999999999891,157.15713500976562,157.07963267948966,0.6801554462206743,238.55195713316905,216.79588345782435
1.9969999999998909,157.15975952148438,157.07963267948966,0.6840592592064334,248.892841377671,229.37901369227725
1.9979999999998908,157.1531219482422,157.07963267948966,0.6754937551579414,216.39417771186808,200.25848279208012
1.9989999999998906,157.14395141601562,157.07963267948966,0.6546694743139283,209.7085171429606,192.30898939715868
1.9999999999998905,157.14015197753906,157.07963267948966,0.6488080550169267,230.25820376249268,209.1468559774553
