t,omega,omega_ref,i_rms,p_el,p_mech
0.001,-0.05152498185634613,0.0,0.0,0.0,-0.0
0.002,-0.10304378718137741,0.0,0.0036092709057610815,0.09993699332747646,-0.0
0.003,-0.15455642342567444,0.0,0.01038964381349442,-0.22061712783591758,-9.832353125085706e-09
0.004,-0.20606276392936707,0.0,0.09553661463738955,2.9778168738726305,-4.977477052502363e-07
0.005,-0.25756290555000305,0.0,0.17515062459865527,-6.558531490478731,-8.571256007157605e-07
0.006,-0.3090590834617615,0.0,0.004193388858425401,-0.019965026447980455,1.2714162764878182e-05
0.007,-0.36055225133895874,0.0,0.13136147136785842,5.4187111292553505,3.766667273788855e-05
0.008,-0.4120429456233978,0.0,0.23606315675369074,-6.277246332975962,7.331648853006498e-05
0.009000000000000001,-0.46352019906044006,0.0,0.0867699935891022,-2.2587280263454614,1.5231746655841805e-05
0.010000000000000002,-0.5149825811386108,0.0,0.029555339490504987,0.988209799800779,-7.269910588425325e-05
0.011000000000000003,-0.5664301514625549,0.0,0.1164157061227478,-4.502941931263266,-0.00017812420531576083
0.012000000000000004,-0.6178911328315735,0.0,0.0500165792773563,2.270825128005567,4.7537021141959476e-05
0.013000000000000005,-0.669365406036377,0.0,0.18045540936712284,-4.376542462084643,0.0003125486265955314
0.014000000000000005,-0.7208055853843689,0.0,0.05188457621454108,-1.1001589757634993,-6.672478664785544e-05
0.015000000000000006,-0.772212028503418,0.0,0.05154790712127491,1.5367817917918045,-0.0004966628365016898
0.016000000000000007,-0.8235876560211182,0.0,0.12645953930784073,-5.053629513672712,-0.0009360821857425453
0.017000000000000008,-0.875020444393158,0.0,0.0515317667638379,2.3982129336507256,0.0001127187649137202
0.01800000000000001,-0.9265052676200867,0.0,0.18719607544611622,-4.116669496795945,0.0011986557182240985
0.01900000000000001,-0.9779144525527954,0.0,0.06525045391077093,-1.2064683146906803,-9.362434108548114e-05
0.02000000000000001,-1.0292534828186035,0.0,0.04193491353687977,1.156387681469425,-0.00141517642275581
0.02100000000000001,-1.080531358718872,0.0,0.11066995994167408,-3.3403331125937257,-0.0026751961023297223
0.022000000000000013,-1.1320298910140991,0.0,0.07242008828784897,0.6379789935276037,0.0023325095688539444
0.023000000000000013,-1.1835572719573975,0.0,0.1697491345783162,-1.999165163038166,0.0032665172540057626
0.024000000000000014,-1.2348086833953857,0.0,0.13133764560685224,-1.8480982228129337,-0.0032559987455034667
0.025000000000000015,-1.2860113382339478,0.0,0.06934417398476408,-1.5346240839194665,-0.004483862635464498
0.026000000000000016,-1.3374649286270142,0.0,0.037122153463084125,1.2894260615856543,0.0022128291204334626
0.027000000000000017,-1.3891044855117798,0.0,0.11808168293954133,-4.1496304831539605,0.007633588718157448
0.028000000000000018,-1.440418004989624,0.0,0.08744039026062651,3.695921950552676,-0.001297427536059284
0.02900000000000002,-1.4914443492889404,0.0,0.21553379358132743,-2.38167231188265,-0.00972477900804372
0.03000000000000002,-1.5424283742904663,0.0,0.13406977136419293,-2.814648698179389,-0.01117792917056352
0.03100000000000002,-1.593793511390686,0.0,0.037951108165150044,0.04188948418867661,0.000795081283368858
0.03200000000000002,-1.645458459854126,0.0,0.08055711672733253,-0.42266549095632316,0.010893181685208997
0.03300000000000002,-1.6969020366668701,0.0,0.06531323880427434,-1.0021537040186639,0.003925007622962549
0.03400000000000002,-1.7478700876235962,0.0,0.09847389483731944,2.035906693496834,-0.012362745609548314
0.035000000000000024,-1.7986360788345337,0.0,0.20403276407424864,-1.438452683398478,-0.019769560858275432
0.036000000000000025,-1.85004460811615,0.0,0.18460053404430327,-1.3384878158517304,0.0036652482919273875
0.037000000000000026,-1.9017657041549683,0.0,0.13255048192419272,-2.1084303191486233,0.015890358518127673
0.03800000000000003,-1.9531302452087402,0.0,0.040315773740517896,-0.30772838125001845,0.002631488267195699
0.03900000000000003,-2.0042107105255127,0.0,0.04055396626558184,1.107218324347495,-0.00843869044404813
0.04000000000000003,-2.0550718307495117,0.0,0.09369348529794996,-3.332517122939471,-0.01741682909295908
0.04100000000000003,-2.1066319942474365,0.0,0.06479940445871746,3.0383882428487636,0.011855342517438526
0.04200000000000003,-2.1587142944335938,0.0,0.18870069327155392,-2.9663833898710545,0.03496346343078285
0.04300000000000003,-2.2103357315063477,0.0,0.08371686257410971,-1.187051862258072,0.015698018491535033
0.04400000000000003,-2.2611050605773926,0.0,0.11676621179716806,4.486601005194888,-0.022194924661871986
0.04500000000000003,-2.3111910820007324,0.0,0.21933618747099198,-3.462907883627706,-0.053997955967929195
0.046000000000000034,-2.3619563579559326,0.0,0.11141755294178284,-1.421148098034919,-0.022801922702279
0.047000000000000035,-2.4132516384124756,0.0,0.046522379324565044,0.24272790673601405,0.00257134946748262
0.048000000000000036,-2.4649455547332764,0.0,0.0657861514278065,-0.7556829838543445,0.022571468835993015
0.04900000000000004,-2.5161139965057373,0.0,0.01542720728111439,0.510977921914293,-0.0030757273732751034
0.05000000000000004,-2.56640362739563,0.0,0.14587149287397214,2.245197741733636,-0.04793930459488091
0.05100000000000004,-2.617264747619629,0.0,0.24278973092062384,4.79149208584294,-0.018656411745173657
0.05200000000000004,-2.669116973876953,0.0,0.27955644765438825,0.37159796078820756,0.03420867918403467
0.05300000000000004,-2.7212939262390137,0.0,0.22216690516485854,-2.5041385330020556,0.05289949086782246
0.05400000000000004,-2.7725651264190674,0.0,0.13629232504181188,-0.48515593739459695,0.003997952353922337
0.05500000000000004,-2.823087453842163,0.0,0.1072696142678626,1.2043535287516693,-0.03785598924767419
0.05600000000000004,-2.873004913330078,0.0,0.12750515607886004,-1.220057196338768,-0.0729349342318752
0.057000000000000044,-2.9237143993377686,0.0,0.05811240434482207,0.29449777870005717,-0.027548175068466667
0.058000000000000045,-2.9756393432617188,0.0,0.14406618261717657,1.1235216155858423,0.04464723565178959
0.059000000000000045,-3.0278656482696533,0.0,0.1343619869012297,-1.7595210140121351,0.06405090896032413
0.060000000000000046,-3.0789332389831543,0.0,0.06932564037229723,0.41799001810563463,-0.005817227611067855
0.06100000000000005,-3.1290740966796875,0.0,0.09520957834867229,-0.4319320079802912,-0.06353503548555767
0.06200000000000005,-3.1798815727233887,0.0,0.04865572597574962,0.1921464263171721,-0.02179479525147634
0.06300000000000004,-3.231184482574463,0.0,0.0376570896720744,0.6538204660826409,0.010265781518109356
0.06400000000000004,-3.282834053039551,0.0,0.05398383822614388,-0.5557790118630712,0.03359435453581464
0.06500000000000004,-3.333322763442993,0.0,0.05795958751208206,1.8174297065470477,-0.042862481121707006
0.06600000000000004,-3.3828957080841064,0.0,0.12993181513015178,-1.7869520344880432,-0.10504949626334639
0.06700000000000005,-3.433781862258911,0.0,0.13161180040502574,4.216660641286142,-0.016043255880378526
0.06800000000000005,-3.485687255859375,0.0,0.22323513026236935,1.5209092844195968,0.05520752534307366
0.06900000000000005,-3.537675619125366,0.0,0.19081075207077264,-1.2086424044527,0.06233267527545158
0.07000000000000005,-3.5880842208862305,0.0,0.14980602343703378,1.9341779065441624,-0.04969757159052531
0.07100000000000005,-3.637195587158203,0.0,0.17844961368967743,0.30270004995610483,-0.14430059292863487
0.07200000000000005,-3.6869637966156006,0.0,0.13992605193533308,0.5219848390508788,-0.09742287532745042
0.07300000000000005,-3.7372145652770996,0.0,0.11531510041186986,0.706911496723111,-0.06221084855276892
0.07400000000000005,-3.7877910137176514,0.0,0.10165442379476426,0.8241930095045806,-0.037943584250612734
0.07500000000000005,-3.8385701179504395,0.0,0.09501538283452839,0.8983811558286487,-0.022423135440403235
0.07600000000000005,-3.889456033706665,0.0,0.09241904476076797,0.9483719681430778,-0.013933261835160084
0.07700000000000005,-3.940373659133911,0.0,0.09206646982167482,0.9882128295026666,-0.011147355292899072
0.07800000000000006,-3.9912631511688232,0.0,0.09309084418316052,1.028277727910279,-0.01303796799027831
0.07900000000000006,-4.042077541351318,0.0,0.09517981572531459,1.0762150647699422,-0.018808375959377732
0.08000000000000006,-4.092777729034424,0.0,0.09828379394939617,1.1376852650884977,-0.02784073813730772
0.08100000000000006,-4.143333911895752,0.0,0.10244098330711304,1.2169219713800914,-0.039656687584251435
0.08200000000000006,-4.19372034072876,0.0,0.10768878549462176,1.3171514938287765,-0.0538872180696748
0.08300000000000006,-4.24391508102417,0.0,0.11402946796812571,1.440901769864595,-0.0702496447512123
0.08400000000000006,-4.293900489807129,0.0,0.12142634192804154,1.5902269204035417,-0.08852996740221525
0.08500000000000006,-4.343661308288574,0.0,0.12981387136687592,1.7668684127438192,-0.10856932435487533
0.08600000000000006,-4.393183708190918,0.0,0.13911119221631413,1.9723691979856137,-0.13025361427382723
0.08700000000000006,-4.4424543380737305,0.0,0.1492336424268396,2.208153420634786,-0.1535055571382028
0.08800000000000006,-4.491462707519531,0.0,0.1601005398796593,2.4755811672312307,-0.17827877678879725
0.08900000000000007,-4.540196895599365,0.0,0.1716394297506084,2.775985379385343,-0.20455315805747717
0.09000000000000007,-4.588646411895752,0.0,0.18378774666456446,3.110696189203808,-0.23233160868307
0.09100000000000007,-4.636800289154053,0.0,0.19649287160104648,3.481056556907079,-0.2616375763033023
0.09200000000000007,-4.684647560119629,0.0,0.2097113366920253,3.888432031951606,-0.29251338656961606
0.09300000000000007,-4.732177257537842,0.0,0.22340767162128441,4.334216642569964,-0.3250191490569419
0.09400000000000007,-4.779376983642578,0.0,0.23755317956754002,4.819836320604397,-0.35923201830861085
0.09500000000000007,-4.826234817504883,0.0,0.25212479059934884,5.346750798556795,-0.3952460341796491
0.09600000000000007,-4.87273645401001,0.0,0.2671040539600828,5.459354660050601,-0.43317189540350354
0.09700000000000007,-4.920670509338379,0.0,0.2975834165205241,9.100692293702126,-0.2959605961903383
0.09800000000000007,-4.969662666320801,0.0,0.3441038208321257,6.0646617826414575,-0.19312195789696074
0.09900000000000007,-5.017339706420898,0.0,0.3321504481212815,6.807861898418526,-0.3264236307100871
0.10000000000000007,-5.063809871673584,0.0,0.332968508872358,7.7054195135778,-0.4510280897048555
0.10100000000000008,-5.109190464019775,0.0,0.34240325532809085,8.655938255199118,-0.5658800393180515
0.10200000000000008,-5.153573036193848,0.0,0.35686505596832585,9.652071143079871,-0.6730842609021049
0.10300000000000008,-5.197028636932373,0.0,0.37412931154105983,9.253343561168917,-0.7745467526312546
0.10400000000000008,-5.2423176765441895,0.0,0.3911690584605357,12.01305601239488,-0.5885547282581832
0.10500000000000008,-5.28893518447876,0.0,0.419246178117922,10.342683884109054,-0.45265242024476626
0.10600000000000008,-5.333398342132568,0.0,0.4198246210823226,11.851901944125064,-0.6856939718075719
0.10700000000000008,-5.375922203063965,0.0,0.4322375110919823,13.450173827127387,-0.8990533447032871
0.10800000000000008,-5.416720867156982,0.0,0.45130297398882285,12.746493111218754,-1.0922637717471029
0.10900000000000008,-5.459493160247803,0.0,0.4622850655370298,14.817222013282725,-0.8848606268800521
0.11000000000000008,-5.503651142120361,0.0,0.48076006765107443,14.486045527979595,-0.7389072356827195
0.11100000000000008,-5.544754981994629,0.0,0.4905871894673077,16.754269351685217,-1.082525334124756
0.11200000000000009,-5.583147048950195,0.0,0.5114073729667131,15.903069793772435,-1.3922942355546408
0.11300000000000009,-5.623437881469727,0.0,0.5192480858027325,17.44543570398164,-1.1882314984808633
0.11400000000000009,-5.66500186920166,0.0,0.5322194150221113,18.667143298561868,-1.0522657023046933
0.11500000000000009,-5.707259178161621,0.0,0.5464177109084107,18.56741648687888,-0.9803883520542014
0.11600000000000009,-5.744823455810547,0.0,0.5608822892746815,21.994445230317652,-1.525455974554113
0.11700000000000009,-5.778306484222412,0.0,0.5888798274248623,19.987341504782847,-2.0055365668524443
0.11800000000000009,-5.813590049743652,0.0,0.5919594113641249,21.047306728106165,-1.807904739038706
0.11900000000000009,-5.849993705749512,0.0,0.599306765760482,21.96108651527505,-1.6876902001289438
0.12000000000000009,-5.886882781982422,0.0,0.6085945612958253,22.736594370073323,-1.6407106956336397
0.1210000000000001,-5.923731803894043,0.0,0.6185965728043662,23.43512576967781,-1.6551425118940903
0.1220000000000001,-5.96010684967041,0.0,0.628859908789031,24.101346783719556,-1.721323837090839
0.1230000000000001,-5.995644569396973,0.0,0.6392898444771209,24.76706827344761,-1.8314189371924836
0.1240000000000001,-6.030041694641113,0.0,0.6499356871449552,25.454677877015083,-1.9790479043200868
0.12500000000000008,-6.063039302825928,0.0,0.6608877254312102,26.179754276480878,-2.158991353038491
0.12600000000000008,-6.094419002532959,0.0,0.6722318837620974,26.953022434271976,-2.366958572098165
0.12700000000000009,-6.123990535736084,0.0,0.6840331594860916,27.781794718236185,-2.59939901466328
0.12800000000000009,-6.151589870452881,0.0,0.6963326239330939,28.671019156580016,-2.8533535922244724
0.1290000000000001,-6.177072048187256,0.0,0.7091501724731667,29.62403169730227,-3.1263326776031444
0.1300000000000001,-6.200308322906494,0.0,0.7224891435084708,30.643088749575703,-3.4162186122558795
0.1310000000000001,-6.221182823181152,0.0,0.7363410007286282,31.72973806572279,-3.721186425511176
0.1320000000000001,-6.239591598510742,0.0,0.7506893384331786,32.88507233254506,-4.03964076983158
0.1330000000000001,-6.255437850952148,0.0,0.7655130036335204,34.10989831004461,-4.370162606597679
0.1340000000000001,-6.268633842468262,0.0,0.7807883719992729,35.40484585900198,-4.711469768354869
0.1350000000000001,-6.279096603393555,0.0,0.7964909113585025,36.77043489612892,-5.062381524092109
0.1360000000000001,-6.28674840927124,0.0,0.8125961903468045,38.20711311129033,-5.421792704772865
0.1370000000000001,-6.291516304016113,0.0,0.8290804767447643,39.71527378319724,-5.788652651099594
0.1380000000000001,-6.293331623077393,0.0,0.8459210462815177,41.295260413290194,-6.161948508296766
0.1390000000000001,-6.2921271324157715,0.0,0.8630962966777197,42.94736275136274,-6.540689525648086
0.1400000000000001,-6.287840843200684,0.0,0.8805857366465353,44.671807549016535,-6.923900592589888
0.1410000000000001,-6.2804107666015625,0.0,0.8983699004692087,46.468746172643215,-7.310608982270395
0.1420000000000001,-6.269778728485107,0.0,0.9164302223855452,48.33824071118405,-7.699842114944006
0.1430000000000001,-6.25588846206665,0.0,0.9347488944651207,50.28024937397125,-8.090620840748711
0.1440000000000001,-6.238685131072998,0.0,0.9533087217029521,52.294612103783315,-8.481955081428138
0.1450000000000001,-6.218116283416748,0.0,0.9720929843542829,54.38103643500872,-8.87284220233474
0.1460000000000001,-6.194129467010498,0.0,0.9910853107173677,56.53908409451131,-9.26226144249144
0.1470000000000001,-6.166676044464111,0.0,1.0102695633622625,58.768158437286566,-9.64917755904313
0.1480000000000001,-6.135706901550293,0.0,1.029629739370035,61.06749261148188,-10.032533161582297
0.1490000000000001,-6.101175308227539,0.0,1.0491498832967663,63.436138638714354,-10.411251696232691
0.1500000000000001,-6.063035011291504,0.0,1.0688140123779162,65.87295743178048,-10.78423333033263
0.1510000000000001,-6.021241664886475,0.0,1.0886060530134272,68.37660948030026,-11.150356301489484
0.1520000000000001,-5.975751876831055,0.0,1.1085097861627935,69.65093573957463,-11.508474361751198
0.1530000000000001,-5.935153007507324,0.0,1.1295129630085052,73.11334160452958,-10.850453122996768
0.1540000000000001,-5.89758825302124,0.0,1.1514758390638076,72.39900967946221,-10.424372831261373
0.1550000000000001,-5.852012634277344,0.0,1.1620784304313414,75.57195627919096,-11.282025057847388
0.1560000000000001,-5.79905366897583,0.0,1.1781754951910295,78.92215465055838,-12.036821088873895
0.1570000000000001,-5.739358901977539,0.0,1.1975756028449012,77.9992914084043,-12.686832225247073
0.1580000000000001,-5.6840434074401855,0.0,1.2090250378889664,79.94954113784723,-12.067591151006901
0.1590000000000001,-5.631283760070801,0.0,1.2214271743522704,81.4304987535826,-11.668379838267311
0.16000000000000011,-5.579455375671387,0.0,1.2333454833633137,82.56923847456935,-11.457830331941036
0.16100000000000012,-5.52724027633667,0.0,1.2443288424355625,83.49824326305476,-11.394050563393327
0.16200000000000012,-5.47357702255249,0.0,1.2543941579085627,84.30898483766785,-11.442640612558488
0.16300000000000012,-5.4176154136657715,0.0,1.26372541829696,85.06301241508754,-11.575363770673729
0.16400000000000012,-5.358679294586182,0.0,1.272534365034264,85.80048327679835,-11.768924845662442
0.16500000000000012,-5.296236515045166,0.0,1.2810029196006854,86.54647904876954,-12.004020329261165
0.16600000000000012,-5.22987174987793,0.0,1.2892654707878692,87.31562333605538,-12.264588411686011
0.16700000000000012,-5.159268379211426,0.0,1.2974093144134102,88.11541705224715,-12.537225740832975
0.16800000000000012,-5.084189414978027,0.0,1.3054822627478408,88.9486181720625,-12.810714558783179
0.16900000000000012,-5.004465103149414,0.0,1.3135020838103197,89.81491841939982,-13.075652551273313
0.17000000000000012,-4.919981956481934,0.0,1.3214653690081248,90.7121077784292,-13.324154922119305
0.17100000000000012,-4.830671787261963,0.0,1.329354919769355,91.63686970092746,-13.54960989905441
0.17200000000000013,-4.73650598526001,0.0,1.3371454704386567,92.58531356573376,-13.746490554818406
0.17300000000000013,-4.637487888336182,0.0,1.344807891242487,93.55332137841523,-13.910195331694288
0.17400000000000013,-4.53364896774292,0.0,1.3523121296286387,94.53676581666217,-14.036925951534396
0.17500000000000013,-4.425044059753418,0.0,1.3596291679870833,95.53163983445113,-14.123583884075751
0.17600000000000013,-4.311747074127197,0.0,1.3667322458183135,96.53412717751114,-14.167684444411385
0.17700000000000013,-4.193850040435791,0.0,1.373597552656386,97.54063386099901,-14.167294525094048
0.17800000000000013,-4.071458339691162,0.0,1.3802045517321815,98.54779514376142,-14.120968104078699
0.17900000000000013,-3.944690704345703,0.0,1.386536055974564,99.55246779601418,-14.02770508195883
0.18000000000000013,-3.813675880432129,0.0,1.3925781449558032,100.55171406887341,-13.886904885285047
0.18100000000000013,-3.6785519123077393,0.0,1.3983199850444499,101.54278196269297,-13.69833342351768
0.18200000000000013,-3.5394649505615234,0.0,1.4037535966139223,102.52308437532847,-13.462091958986383
0.18300000000000013,-3.3965673446655273,0.0,1.4088735970272408,103.49017931089688,-13.178585746683678
0.18400000000000014,-3.2500171661376953,0.0,1.413676939501269,104.44175144191354,-12.84849987891642
0.18500000000000014,-3.099977493286133,0.0,1.4181626582038533,105.37559649526158,-12.472775882603818
0.18600000000000014,-2.946615219116211,0.0,1.4223316286468006,106.28960770303672,-12.052587622390021
0.18700000000000014,-2.7901008129119873,0.0,1.426186345371356,107.18176521567804,-11.58932200110394
0.18800000000000014,-2.6306071281433105,0.0,1.4297307203383518,108.05012781918387,-11.084556729409359
0.18900000000000014,-2.4683096408843994,0.0,1.4329699016876636,108.89282697320202,-10.540044864242947
0.19000000000000014,-2.3033854961395264,0.0,1.4359101127202893,109.70806313938951,-9.957695331902686
0.19100000000000014,-2.1360132694244385,0.0,1.4385585109019539,110.49410401434967,-9.339557312195312
0.19200000000000014,-1.9663728475570679,0.0,1.4409230657167083,111.24928458792468,-8.68780613253651
0.19300000000000014,-1.7946451902389526,0.0,1.4430124545869547,111.97200872068815,-8.004729653791015
0.19400000000000014,-1.6210118532180786,0.0,1.444835975632308,112.66075219865388,-7.292714578211049
0.19500000000000015,-1.4456552267074585,0.0,1.446403476524868,113.31406698927367,-6.554236946512211
0.19600000000000015,-1.2687581777572632,0.0,1.4477252982789326,113.93058671473014,-5.791851000664202
0.19700000000000015,-1.0905042886734009,0.0,1.4488122333613707,114.5090327622702,-5.008181709059829
0.19800000000000015,-0.9110776782035828,0.0,1.4496754961504426,115.0482215119895,-4.205916340576785
0.19900000000000015,-0.7306631207466125,0.0,1.450326705852566,115.54707185253346,-3.3877982481057
0.20000000000000015,-0.549446165561676,0.0,1.450777879533602,116.00461323780863,-2.5566214235561335
0.20100000000000015,-0.36761313676834106,125.66370614359174,1.4510414344703677,117.93293421837822,-1.7152251456411929
0.20200000000000015,-0.18443958461284637,125.66370614359174,1.4544504669755993,120.2247976496692,-0.8655915973294435
0.20300000000000015,0.0009090746170841157,125.66370614359174,1.4604336591986087,122.86075984806027,0.004306314428347291
0.20400000000000015,0.18934519588947296,125.66370614359174,1.4685034737228082,125.83914411763955,0.9087100502058145
0.20500000000000015,0.38183847069740295,125.66370614359174,1.4782760949161782,129.1642472827687,1.8636844353297046
0.20600000000000016,0.5793960690498352,125.66370614359174,1.489448470499553,132.7415305152585,2.8868792752955232
0.20700000000000016,0.7829731702804565,125.66370614359174,1.501549886557955,133.20245898645354,3.995849113736328
0.20800000000000016,0.9749773144721985,125.66370614359174,1.5116462442581018,132.51328937038528,4.7505360133783405
0.20900000000000016,1.1589925289154053,125.66370614359174,1.5174479071608242,130.90934424375618,5.462493713019013
0.21000000000000016,1.3381363153457642,125.66370614359174,1.5181329057529385,127.88429676307973,6.177042641342148
0.21100000000000016,1.534488558769226,125.66370614359174,1.512480576172571,133.29159129289025,7.612215919548229
0.21200000000000016,1.7461055517196655,125.66370614359174,1.5141445802033109,131.39106409894273,9.19589438256793
0.21300000000000016,1.9502707719802856,125.66370614359174,1.504839732961665,128.31082201559641,9.981462335330214
0.21400000000000016,2.1495306491851807,125.66370614359174,1.4928653883134708,125.2492103126303,10.791436927411949
0.21500000000000016,2.346160650253296,125.66370614359174,1.4785443438578143,122.35238363294914,11.656315667830375
0.21600000000000016,2.541935920715332,125.66370614359174,1.462386424286398,119.71402156258256,12.586710280487793
0.21700000000000016,2.738213062286377,125.66370614359174,1.4449378337383072,117.390386798938,13.5873905973602
0.21800000000000017,2.936006546020508,125.66370614359174,1.4266936015505287,115.413266805663,14.659269020870795
0.21900000000000017,3.1360487937927246,125.66370614359174,1.4080706480345584,113.79892236791521,15.800612239721561
0.22000000000000017,3.3388454914093018,125.66370614359174,1.3894088230298394,112.55439069907158,17.007890973224065
0.22100000000000017,3.544717311859131,125.66370614359174,1.3709834860887702,111.68181896563547,18.27635205862012
0.22200000000000017,3.7538397312164307,125.66370614359174,1.3530213709118801,111.18134775378698,19.600452290246402
0.22300000000000017,3.9662716388702393,125.66370614359174,1.3357157823624095,111.05294205305523,20.974157410517616
0.22400000000000017,4.181981563568115,125.66370614359174,1.3192394235713631,111.29747001814364,22.39118181477518
0.22500000000000017,4.400869846343994,125.66370614359174,1.3037543004092012,111.91725266635095,23.845179282793772
0.22600000000000017,4.622785568237305,125.66370614359174,1.2894187085433528,112.91624824105742,25.329888576035504
0.22700000000000017,4.847540378570557,125.66370614359174,1.2763915541534028,114.29999022690865,26.839250547624488
0.22800000000000017,5.074921607971191,125.66370614359174,1.2648343478947088,116.07536434140042,28.36751280916121
0.22900000000000018,5.304701805114746,125.66370614359174,1.2549112270248826,118.25028484971108,29.909307652487087
0.23000000000000018,5.536645889282227,125.66370614359174,1.2467873498089175,120.83331280294337,31.459709793829468
0.23100000000000018,5.770517349243164,125.66370614359174,1.2406259956133117,123.83324522040168,33.01428201664946
0.23200000000000018,6.006085395812988,125.66370614359174,1.236584699492172,127.25869549629698,34.56911983396983
0.23300000000000018,6.243125915527344,125.66370614359174,1.2348107580979206,125.30267259168143,36.120854301475504
0.23400000000000018,6.4703264236450195,125.66370614359174,1.2221093397086642,120.52541318621469,36.1656880665884
0.23500000000000018,6.68885612487793,125.66370614359174,1.2053109604744503,115.91417941695606,36.2308629454064
0.23600000000000018,6.899918556213379,125.66370614359174,1.184621523961209,111.77842902190984,36.34723326064252
0.23700000000000018,7.104574203491211,125.66370614359174,1.1611212356199905,108.30204954854301,36.51852588908223
0.23800000000000018,7.303730010986328,125.66370614359174,1.1361726909900898,105.59975662325684,36.7424549810916
0.23900000000000018,7.498145580291748,125.66370614359174,1.1111465011924728,103.73952594451644,37.01314906916351
0.24000000000000019,7.688442230224609,125.66370614359174,1.0873092026204403,102.7580851607684,37.32276881509181
0.2410000000000002,7.875120639801025,125.66370614359174,1.0657838645082367,102.67182324418633,37.66268719971657
0.2420000000000002,8.058576583862305,125.66370614359174,1.0475400061371523,103.48428499895027,38.02429308424112
0.2430000000000002,8.239117622375488,125.66370614359174,1.0333922657617594,105.19115882732007,38.39952596508082
0.2440000000000002,8.416980743408203,125.66370614359174,1.0239993454546898,107.78345791823921,38.78121581635586
0.2450000000000002,8.5923433303833,125.66370614359174,1.019861397004523,111.24942439160861,39.16325048721939
0.2460000000000002,8.765339851379395,125.66370614359174,1.02131755571773,115.57555039026472,39.54067234989159
0.2470000000000002,8.936071395874023,125.66370614359174,1.0285467126253462,120.74700553577325,39.90967687898636
0.2480000000000002,9.1046142578125,125.66370614359174,1.0415743048139572,126.74768002012904,40.267566345430765
0.2490000000000002,9.271028518676758,125.66370614359174,1.0602864121446698,127.73204584920934,40.6126797278457
0.25000000000000017,9.43660831451416,125.66370614359174,1.0672576118763513,126.92022557413692,41.184224216391705
0.25100000000000017,9.59960651397705,125.66370614359174,1.0700162951868357,125.87746973275927,41.40394546719633
0.25200000000000017,9.758879661560059,125.66370614359174,1.0692790326353594,125.0405152575877,41.36745355064888
0.25300000000000017,9.913740158081055,125.66370614359174,1.0666823491900792,124.71099150901489,41.15294875121512
0.25400000000000017,10.063819885253906,125.66370614359174,1.06406329906435,125.09023717865347,40.81721413262273
0.25500000000000017,10.208959579467773,125.66370614359174,1.0631187242282663,126.30812234584411,40.40114860093142
0.25600000000000017,10.349145889282227,125.66370614359174,1.0652625026880709,128.44387829203882,39.93411722554239
0.2570000000000002,10.484456062316895,125.66370614359174,1.0715754814987766,131.54114615095813,39.43716207679056
0.2580000000000002,10.615025520324707,125.66370614359174,1.0828019660501378,135.6186843108053,38.925418210370964
0.2590000000000002,10.741028785705566,125.66370614359174,1.0993725948972648,140.6778596291582,38.40990746370001
0.2600000000000002,10.862662315368652,125.66370614359174,1.1214437449780643,146.70779017051566,37.89883072916934
0.2610000000000002,10.980135917663574,125.66370614359174,1.1489467596336647,153.6887986253713,37.3985099252071
0.2620000000000002,11.093669891357422,125.66370614359174,1.1816409416309455,161.59466971878038,36.914064466967176
0.2630000000000002,11.20348834991455,125.66370614359174,1.2191648051919077,165.80552469613463,36.44986410509818
0.2640000000000002,11.31717586517334,125.66370614359174,1.2505827907724907,169.6130391631025,37.698562757104376
0.2650000000000002,11.431846618652344,125.66370614359174,1.2758790063797292,172.1723063683297,38.308618829300705
0.2660000000000002,11.54547119140625,125.66370614359174,1.2959703550954333,174.12009903682429,38.45068829722126
0.2670000000000002,11.656742095947266,125.66370614359174,1.31255628393683,175.93358567674304,38.27590427340142
0.2680000000000002,11.764874458312988,125.66370614359174,1.3273786462474273,177.94687041555565,37.895650305780585
0.2690000000000002,11.869452476501465,125.66370614359174,1.3419537776817665,180.3894709451954,37.39163366860425
0.2700000000000002,11.970317840576172,125.66370614359174,1.357489169855799,183.41498074036846,36.82367350933671
0.2710000000000002,12.067495346069336,125.66370614359174,1.3748810231240538,187.12222589951025,36.235516597101324
0.2720000000000002,12.16113567352295,125.66370614359174,1.3947459193776512,191.57070951454733,35.65915444554279
0.2730000000000002,12.25147533416748,125.66370614359174,1.4174646823651653,196.79175788079576,35.118034062344854
0.2740000000000002,12.338809967041016,125.66370614359174,1.4432280089045266,202.7964690291702,34.62943871602408
0.2750000000000002,12.423474311828613,125.66370614359174,1.4720789425704315,209.58130844377484,34.206235329362265
0.2760000000000002,12.505830764770508,125.66370614359174,1.5039499935013643,217.1319925050933,33.858157567315374
0.2770000000000002,12.586256980895996,125.66370614359174,1.5386941512104761,225.42614067855996,33.592722166225926
0.2780000000000002,12.665144920349121,125.66370614359174,1.576109845235078,234.43505409360822,33.415906480224386
0.2790000000000002,12.742891311645508,125.66370614359174,1.6159603626291248,244.12488342592746,33.33260383994178
0.2800000000000002,12.819899559020996,125.66370614359174,1.6579884620600025,246.18094633463056,33.34696391850736
0.2810000000000002,12.897448539733887,125.66370614359174,1.6880387530423917,249.09606240799258,33.690781954022995
0.2820000000000002,12.97452163696289,125.66370614359174,1.711605967456795,250.63418112219645,33.77080607067383
0.2830000000000002,13.050668716430664,125.66370614359174,1.7297256954922657,251.45524870825943,33.73005820791277
0.2840000000000002,13.12585163116455,125.66370614359174,1.743867918870425,252.05090944259382,33.67343781922445
0.2850000000000002,13.200298309326172,125.66370614359174,1.7554670808559614,252.75953417173292,33.672358528015835
0.2860000000000002,13.274408340454102,125.66370614359174,1.765750075221707,253.80915537948977,33.77444093728785
0.2870000000000002,13.348686218261719,125.66370614359174,1.7756932631628424,255.3489730334672,34.010623963203166
0.2880000000000002,13.423694610595703,125.66370614359174,1.786034334336771,257.4722687231826,34.400306437250705
0.2890000000000002,13.50002384185791,125.66370614359174,1.797304764520229,260.2328757577549,34.95503835269278
0.2900000000000002,13.578272819519043,125.66370614359174,1.8098669582688909,263.65686832296166,35.681143943891094
0.2910000000000002,13.659029960632324,125.66370614359174,1.8239490858857084,267.7507432510488,36.581541145097084
0.2920000000000002,13.742874145507812,125.66370614359174,1.839674972946444,272.5070574138697,37.65702938461137
0.2930000000000002,13.830361366271973,125.66370614359174,1.857088480560197,277.90824043840786,38.90711870484178
0.2940000000000002,13.92202377319336,125.66370614359174,1.876172752711595,283.92911570483983,40.330589699751584
0.2950000000000002,14.018369674682617,125.66370614359174,1.8968650715594382,290.5385203031354,41.92584285082324
0.2960000000000002,14.119880676269531,125.66370614359174,1.919068140647158,297.7003074784354,43.69108919954289
0.2970000000000002,14.227007865905762,125.66370614359174,1.9426585613540073,299.5706514387563,45.624431364456235
0.2980000000000002,14.330235481262207,125.66370614359174,1.9604459008865147,296.48925121532767,44.84115252854598
0.2990000000000002,14.430994033813477,125.66370614359174,1.969190735567697,292.30929085939806,44.44765439995602
0.3000000000000002,14.530854225158691,125.66370614359174,1.9705496064288066,287.7470401544184,44.49758316215117
0.3010000000000002,14.631312370300293,125.66370614359174,1.9664172554737402,283.2648610307674,44.98363108857807
0.3020000000000002,14.733755111694336,125.66370614359174,1.958497668807573,279.173521355882,45.886996118278574
0.3030000000000002,14.83944320678711,125.66370614359174,1.9482146574433108,275.676620909151,47.183144106627374
0.3040000000000002,14.949507713317871,125.66370614359174,1.9367095845759947,272.90198548981436,48.84524647365998
0.3050000000000002,15.064949035644531,125.66370614359174,1.9248719969859018,270.9242590731353,50.84634547779004
0.3060000000000002,15.186643600463867,125.66370614359174,1.9133797302163937,269.7809763792348,53.1606515763745
0.3070000000000002,15.315352439880371,125.66370614359174,1.9027381503625829,269.4838483514666,55.764235792021545
0.3080000000000002,15.451729774475098,125.66370614359174,1.8933144636629766,270.0265706269665,58.635313236434854
0.3090000000000002,15.596330642700195,125.66370614359174,1.8853659944186114,271.39013463066385,61.754257736945505
0.3100000000000002,15.749619483947754,125.66370614359174,1.8790626761282057,273.546365885333,65.10345515985765
0.3110000000000002,15.911978721618652,125.66370614359174,1.874504539757176,276.46022004052594,68.66706188579548
0.3120000000000002,16.083715438842773,125.66370614359174,1.871735128773224,280.09122182120296,72.43070690809704
0.3130000000000002,16.265064239501953,125.66370614359174,1.870751732094225,284.39432383830797,76.38115704558007
0.3140000000000002,16.45619773864746,125.66370614359174,1.871513209082812,283.6925081412595,80.50601565704828
0.3150000000000002,16.63875961303711,125.66370614359174,1.8665024335956517,273.4528670856734,78.55419226180277
0.3160000000000002,16.815500259399414,125.66370614359174,1.851383469450556,263.1299780869301,77.43826239589472
0.3170000000000002,16.989076614379883,125.66370614359174,1.8282690335091873,253.41271242751992,77.16970052043862
0.3180000000000002,17.161785125732422,125.66370614359174,1.7994258489121486,244.67954702598377,77.66370547540464
0.31900000000000023,17.33558464050293,125.66370614359174,1.7668865242408114,237.1699738768047,78.83557718939618
0.32000000000000023,17.512123107910156,125.66370614359174,1.7323883328143348,231.02732651676436,80.6053480007421
0.32100000000000023,17.69277572631836,125.66370614359174,1.697382784172387,226.32806802886125,82.89968697503794
0.32200000000000023,17.87866973876953,125.66370614359174,1.6630693225087307,223.1026001682061,85.65266264662002
0.32300000000000023,18.070720672607422,125.66370614359174,1.6304335109988284,221.34982556276975,88.80587138431639
0.32400000000000023,18.269657135009766,125.66370614359174,1.6002812356179312,221.04714182193536,92.30809195515924
0.32500000000000023,18.476049423217773,125.66370614359174,1.5732658748738304,222.15713453193084,96.11472070339579
0.32600000000000023,18.690330505371094,125.66370614359174,1.5499080513073078,224.63191380311827,100.18705435557806
0.32700000000000023,18.912811279296875,125.66370614359174,1.530608903338719,228.41579262592828,104.4915044933612
0.32800000000000024,19.143705368041992,125.66370614359174,1.515658452327778,233.44681916387177,108.99887509681129
0.32900000000000024,19.383142471313477,125.66370614359174,1.5052408795564023,232.53471635995444,113.68362191097856
0.33000000000000024,19.61193084716797,125.66370614359174,1.484886414368786,220.9758489413468,110.86061860892453
0.33100000000000024,19.832414627075195,125.66370614359174,1.4551609061138149,210.44585874542642,108.8240223540943
0.33200000000000024,20.046977996826172,125.66370614359174,1.418830472174348,201.6118592494206,107.63778909737519
0.33300000000000024,20.25774383544922,125.66370614359174,1.3788618280545053,194.8093768837938,107.24199692152838
0.33400000000000024,20.466577529907227,125.66370614359174,1.3380617165076623,190.2325259436469,107.56664527822754
0.33500000000000024,20.675090789794922,125.66370614359174,1.2989833495078749,187.9772459244332,108.53951662474672
0.33600000000000024,20.884654998779297,125.66370614359174,1.2638954440410828,188.07055040571208,110.0903453045607
0.33700000000000024,21.096439361572266,125.66370614359174,1.2347600354760762,190.49105884701098,112.15337391620244
0.33800000000000024,21.311418533325195,125.66370614359174,1.2131990550685268,195.18314374502796,114.66855171911861
0.33900000000000025,21.530399322509766,125.66370614359174,1.200449090106764,202.0664489101519,117.58202117900429
0.34000000000000025,21.754051208496094,125.66370614359174,1.197316920888232,211.0421027401723,120.84609413126982
0.34100000000000025,21.98291015625,125.66370614359174,1.204154702042598,212.63429555399117,124.4187479681302
0.34200000000000025,22.2052001953125,125.66370614359174,1.1940346827728172,206.66259173131004,122.7720164416806
0.34300000000000025,22.421409606933594,125.66370614359174,1.1776371885651107,201.8402842112967,121.25323385426637
0.34400000000000025,22.63245391845703,125.66370614359174,1.1585030850027451,198.89680653433015,120.06759957690964
0.34500000000000025,22.839387893676758,125.66370614359174,1.1403691545519752,198.24577327575489,119.29930700745035
0.34600000000000025,23.04331398010254,125.66370614359174,1.12672852997261,200.12918235984475,118.98986542181184
0.34700000000000025,23.24532127380371,125.66370614359174,1.1205479552418116,204.665649210832,119.15247519533018
0.34800000000000025,23.446449279785156,125.66370614359174,1.1240775709369255,211.88416441095256,119.7818099285494
0.34900000000000025,23.647659301757812,125.66370614359174,1.1387331246614198,221.74811848140604,120.86084008484983
0.35000000000000026,23.849834442138672,125.66370614359174,1.165071233198777,234.17217723969068,122.36560118413792
0.35100000000000026,24.05376625061035,125.66370614359174,1.2028710199175319,238.02641937261313,124.26828606954614
0.35200000000000026,24.25778579711914,125.66370614359174,1.2202111013418837,239.61134903480604,125.3770858054388
0.35300000000000026,24.460113525390625,125.66370614359174,1.2326449701690514,241.1533747546401,125.6072376819
0.35400000000000026,24.659828186035156,125.66370614359174,1.2432800599749603,243.5807649316288,125.35558601622381
0.35500000000000026,24.856618881225586,125.66370614359174,1.2553001576623979,247.53296932806222,124.91414297159871
0.35600000000000026,25.050586700439453,125.66370614359174,1.2714934570240652,253.42617626167322,124.4870296465448
0.35700000000000026,25.24210548400879,125.66370614359174,1.2939909345511014,261.5104442302225,124.21370187429649
0.35800000000000026,25.431711196899414,125.66370614359174,1.3241806915829664,271.9116736082689,124.18627696125444
0.35900000000000026,25.620040893554688,125.66370614359174,1.3627320987088698,284.66229027830934,124.46240527046761
0.36000000000000026,25.80776596069336,125.66370614359174,1.4096928697085507,299.72349536737823,125.07459440123469
0.36100000000000027,25.995569229125977,125.66370614359174,1.4646270642884938,306.0975015149418,126.03711368624549
0.36200000000000027,26.18704605102539,125.66370614359174,1.5032865592721658,312.84150657963147,128.9012529741731
0.36300000000000027,26.379369735717773,125.66370614359174,1.5343561209880163,317.9319282182778,130.30639421657972
0.36400000000000027,26.570768356323242,125.66370614359174,1.560475794669888,322.5343546636839,130.77355710696335
0.36500000000000027,26.76030731201172,125.66370614359174,1.5843900453202324,327.5172872565764,130.72197616653787
0.36600000000000027,26.9476261138916,125.66370614359174,1.6085019122525037,333.47984534780676,130.45371035756327
0.36700000000000027,27.13277244567871,125.66370614359174,1.6347093344993886,340.8179609398509,130.18321066985888
0.36800000000000027,27.316062927246094,125.66370614359174,1.6643778938804197,349.77409369922646,130.05977191908872
0.36900000000000027,27.49798011779785,125.66370614359174,1.6983767574305384,360.47411485707835,130.18421472828325
0.3700000000000003,27.67911720275879,125.66370614359174,1.7371439742359698,372.95447172325595,130.62133450438162
0.3710000000000003,27.8601131439209,125.66370614359174,1.7807633829212124,387.18208084140826,131.40895624757167
0.3720000000000003,28.041622161865234,125.66370614359174,1.8290425436208166,394.94918467065435,132.56463997880505
0.3730000000000003,28.22490692138672,125.66370614359174,1.869449251460171,399.26814876792736,134.44674000652319
0.3740000000000003,28.40792465209961,125.66370614359174,1.8981103237275216,400.9346654503689,135.17869120536653
0.3750000000000003,28.58955955505371,125.66370614359174,1.9179558080447292,401.32351865161803,135.2648409221906
0.3760000000000003,28.76938819885254,125.66370614359174,1.931945681167886,401.4312060224982,135.08883508452803
0.3770000000000003,28.94746208190918,125.66370614359174,1.9426306476513129,401.9602357232099,134.92150279467978
0.3780000000000003,29.124149322509766,125.66370614359174,1.9520844243515718,403.39219389320596,134.95017420499752
0.3790000000000003,29.300024032592773,125.66370614359174,1.9619198420102724,406.041829059748,135.30060511007906
0.3800000000000003,29.47577667236328,125.66370614359174,1.9733344337433125,410.0970492214357,136.05304401835113
0.3810000000000003,29.65216064453125,125.66370614359174,1.9871639415385367,415.6482942854763,137.25402664597965
0.3820000000000003,29.829944610595703,125.66370614359174,2.0039350636120044,422.7099922723131,138.92489242652243
0.3830000000000003,30.0098819732666,125.66370614359174,2.023914368384598,431.2361990324693,141.06793060814078
0.3840000000000003,30.192684173583984,125.66370614359174,2.0471525773556247,441.13203174696383,143.67073786929888
0.3850000000000003,30.37900733947754,125.66370614359174,2.073524205052958,439.35700177988195,146.70931732650865
0.3860000000000003,30.560718536376953,125.66370614359174,2.084834789405509,430.9725716493108,144.7825905718882
0.3870000000000003,30.738069534301758,125.66370614359174,2.084134931112694,421.31653150544287,142.95451001395392
0.3880000000000003,30.9118709564209,125.66370614359174,2.0745323434429186,411.65843234779567,141.58175442485657
0.3890000000000003,31.083208084106445,125.66370614359174,2.0590074246301286,402.8431450981809,140.8482869961784
0.3900000000000003,31.253311157226562,125.66370614359174,2.0401418964547124,395.441059889249,140.85948450283752
0.3910000000000003,31.4234561920166,125.66370614359174,2.0200828997991933,389.8183563846637,141.6656504833826
0.3920000000000003,31.594907760620117,125.66370614359174,2.0005633887042484,386.1874398030403,143.27821777642143
0.3930000000000003,31.76888084411621,125.66370614359174,1.9829389795930428,384.6437127200691,145.68118256559416
0.3940000000000003,31.946500778198242,125.66370614359174,1.9682262219889166,385.1922940877352,148.83901884034253
0.3950000000000003,32.128787994384766,125.66370614359174,1.9571374533889214,387.7674343014099,152.70217736015704
0.3960000000000003,32.316650390625,125.66370614359174,1.9501119390416741,392.24670988360043,157.2108202438148
0.3970000000000003,32.51085662841797,125.66370614359174,1.947344689951877,385.5444022575154,162.29719547840432
0.3980000000000003,32.695804595947266,125.66370614359174,1.9289595927825776,367.2705006747649,157.18106048333914
0.3990000000000003,32.8735237121582,125.66370614359174,1.8984866078578642,349.87880774382563,153.2955147666139
0.4000000000000003,33.04634094238281,125.66370614359174,1.859601438856314,334.54114318131207,150.87662956412913
0.4010000000000003,33.216552734375,125.66370614359174,1.8158447811285,321.92813351763544,149.9367540185566
0.4020000000000003,33.3863410949707,125.66370614359174,1.7703808211086252,312.4462202938349,150.435225402576
0.4030000000000003,33.557735443115234,125.66370614359174,1.7259596444922292,306.30515653139634,152.2978872787006
0.4040000000000003,33.732574462890625,125.66370614359174,1.6849159353578254,303.56552752620536,155.42913943449855
0.4050000000000003,33.912498474121094,125.66370614359174,1.6491690244220893,304.17349519295794,159.7201293600102
0.4060000000000003,34.09893035888672,125.66370614359174,1.6202144846423872,307.9862665660947,165.05407641758538
0.4070000000000003,34.293094635009766,125.66370614359174,1.599109955492151,307.0470486288261,171.3098015942991
0.4080000000000003,34.4779167175293,125.66370614359174,1.5711723907250537,289.3502564802771,165.809404103131
0.4090000000000003,34.65566635131836,125.66370614359174,1.5305271461883798,273.7643115052708,161.77594005902986
0.4100000000000003,34.82892990112305,125.66370614359174,1.4820710500426744,261.540634986659,159.4734722691128
0.4110000000000003,35.000247955322266,125.66370614359174,1.43072561738882,253.32771797489173,158.91267890050847
0.4120000000000003,35.17204284667969,125.66370614359174,1.381070295828173,249.48177433371737,160.04204002774557
0.4130000000000003,35.34654998779297,125.66370614359174,1.3372506686111587,250.1392544525227,162.76985452553996
0.4140000000000003,35.52580261230469,125.66370614359174,1.3028599926785924,255.2680941112573,166.97838944210886
0.4150000000000003,35.711585998535156,125.66370614359174,1.2807639368149837,264.7056967066992,172.53346822076213
0.4160000000000003,35.905452728271484,125.66370614359174,1.2729001135729991,269.8588395779783,179.2911578253019
0.4170000000000003,36.093544006347656,125.66370614359174,1.2565612926534178,260.2308881153929,176.07638603446782
0.4180000000000003,36.27709197998047,125.66370614359174,1.230623416005015,252.9795482672538,173.69371464593985
0.4190000000000003,36.457881927490234,125.66370614359174,1.2013815599193804,249.4065767784054,172.56365893515814
0.4200000000000003,36.637874603271484,125.66370614359174,1.1750835756758278,250.20564258156438,172.8451178304319
0.4210000000000003,36.819061279296875,125.66370614359174,1.157348427304244,255.74106093874596,174.59730211293135
0.4220000000000003,37.00338363647461,125.66370614359174,1.1527313255780731,266.1261922799302,177.80928164559813
0.4230000000000003,37.192665100097656,125.66370614359174,1.1643035560744404,281.2801395688436,182.420334262812
0.4240000000000003,37.388545989990234,125.66370614359174,1.1933889192106653,289.62479154437676,188.33452995293746
0.4250000000000003,37.58365249633789,125.66370614359174,1.2057275580551279,289.46769925136584,188.7547749474265
0.4260000000000003,37.777435302734375,125.66370614359174,1.2115866105483257,290.50960112985035,188.74407344280613
0.4270000000000003,37.97022247314453,125.66370614359174,1.2169142550256922,294.2202088546639,188.96729302421957
0.4280000000000003,38.16286849975586,125.66370614359174,1.227170116490584,301.5079520355275,189.83936684448102
0.4290000000000003,38.35655975341797,125.66370614359174,1.246732149670163,312.902194951302,191.62091936328952
0.4300000000000003,38.55263900756836,125.66370614359174,1.2785423003436354,328.6383758159703,194.45743479474987
0.4310000000000003,38.75248718261719,125.66370614359174,1.3239920798917237,341.03072143044744,198.40813596951722
0.43200000000000033,38.95619201660156,125.66370614359174,1.363636890781955,347.7413861130179,202.47118785433116
0.43300000000000033,39.1612548828125,125.66370614359174,1.3924055892789122,352.909188315385,204.6215222306442
0.43400000000000033,39.36640548706055,125.66370614359174,1.415506069605222,358.4580000607893,205.78149297994227
0.43500000000000033,39.5712776184082,125.66370614359174,1.4379308347670403,365.7466310335728,206.65298546455065
0.43600000000000033,39.77613830566406,125.66370614359174,1.4638129950417975,375.6908480341432,207.7314479821593
0.43700000000000033,39.981658935546875,125.66370614359174,1.4962280520024318,388.8567732940732,209.35341566050806
0.43800000000000033,40.18876647949219,125.66370614359174,1.537143323969605,405.53197012248205,211.7329645018312
0.43900000000000033,40.39851379394531,125.66370614359174,1.5874765207336246,425.77984329968774,214.98914313162348
0.44000000000000034,40.611976623535156,125.66370614359174,1.647241102563779,436.9375918191664,219.16667801710398
0.44100000000000034,40.82881164550781,125.66370614359174,1.6919151675628912,444.2893965903117,223.10985232124804
0.44200000000000034,41.04653549194336,125.66370614359174,1.724550492827084,449.13407489773044,225.05029534307533
0.44300000000000034,41.26386260986328,125.66370614359174,1.7496100652382542,453.43031929742386,225.9363813295237
0.44400000000000034,41.48039627075195,125.66370614359174,1.771253648429697,458.5909264636052,226.4832121387741
0.44500000000000034,41.69634246826172,125.66370614359174,1.7929440349614953,465.5784084101226,227.19470393928427
0.44600000000000034,41.91230773925781,125.66370614359174,1.8173501548027797,474.9987626808761,228.41184376867724
0.44700000000000034,42.129146575927734,125.66370614359174,1.8463441921255959,487.1731625520307,230.34937161814548
0.44800000000000034,42.34782409667969,125.66370614359174,1.8810494616501123,502.19302374579763,233.12329430600445
0.44900000000000034,42.5693244934082,125.66370614359174,1.921922128738341,508.7112498287329,236.77173098780585
0.45000000000000034,42.790042877197266,125.66370614359174,1.9519777120303903,506.6600388559367,237.3519609205203
0.45100000000000035,43.00836181640625,125.66370614359174,1.9668331214138102,501.7971515928365,236.51861634635358
0.45200000000000035,43.22373580932617,125.66370614359174,1.9710958813916755,496.2714421687857,235.18081729524962
0.45300000000000035,43.43636703491211,125.66370614359174,1.969127716989165,491.5946777820057,233.98053368344767
0.45400000000000035,43.64696502685547,125.66370614359174,1.9646520915196057,488.8101488352482,233.35983148393413
0.45500000000000035,43.85654067993164,125.66370614359174,1.9607063637949969,488.5899129996252,233.60666372484377
0.45600000000000035,44.066280364990234,125.66370614359174,1.959645318817354,491.30807828777085,234.88913094895642
0.45700000000000035,44.27742385864258,125.66370614359174,1.9631629581850838,497.0970542419386,237.28101513672877
0.45800000000000035,44.491188049316406,125.66370614359174,1.9723264569987087,505.8912780572431,240.7811258669702
0.45900000000000035,44.70869445800781,125.66370614359174,1.9876240399482916,501.5952987287194,245.327953892113
0.46000000000000035,44.91947555541992,125.66370614359174,1.9847598593528164,485.5580703645205,240.46513666756275
0.46100000000000035,45.12384033203125,125.66370614359174,1.9675609614275325,469.2182980272455,235.78942076883482
0.46200000000000035,45.322914123535156,125.66370614359174,1.94097419343225,454.55823730899255,232.05890646287483
0.46300000000000036,45.51826477050781,125.66370614359174,1.9096182990236443,442.8493392474128,229.69106256981203
0.46400000000000036,45.711692810058594,125.66370614359174,1.8775223452814984,434.8973203674469,228.92871061924205
0.46500000000000036,45.90507888793945,125.66370614359174,1.848065184751747,431.13844676622875,229.8816643400721
0.46600000000000036,46.100284576416016,125.66370614359174,1.8239394691030952,431.7117796609478,232.55674851375213
0.46700000000000036,46.299049377441406,125.66370614359174,1.8071203584589255,436.5155051044444,236.88022484293015
0.46800000000000036,46.50294494628906,125.66370614359174,1.7988457126658293,429.8401208089465,242.71503929871932
0.46900000000000036,46.6975212097168,125.66370614359174,1.772385125675726,407.97651793589574,235.0489662662706
0.47000000000000036,46.884464263916016,125.66370614359174,1.7328228241519321,388.47320813176816,228.85333780268107
0.47100000000000036,47.06612014770508,125.66370614359174,1.6860276289457519,373.1801055547542,224.78705702765694
0.47200000000000036,47.24507522583008,125.66370614359174,1.637609544870026,363.13912734053696,223.1082269624816
0.47300000000000036,47.42395782470703,125.66370614359174,1.5926270438417842,358.90570826365627,223.9066361472412
0.47400000000000037,47.605323791503906,125.66370614359174,1.5554236118919338,360.6487133610008,227.14550483171217
0.47500000000000037,47.79153823852539,125.66370614359174,1.5294403497447107,368.2262443617249,232.69108865461604
0.47600000000000037,47.98471450805664,125.66370614359174,1.5170184601223955,367.01526789504476,240.33536875689165
0.47700000000000037,48.16991424560547,125.66370614359174,1.4873657765119093,349.5676373898115,233.59684262118998
0.47800000000000037,48.34912109375,125.66370614359174,1.4473853704221085,336.0458900690413,228.6951179249247
0.47900000000000037,48.52499008178711,125.66370614359174,1.4043784469940013,328.2192660079356,226.3050791344962
0.48000000000000037,48.70036315917969,125.66370614359174,1.365392212776439,326.9853710949372,226.66598788513153
0.48100000000000037,48.878108978271484,125.66370614359174,1.3367106006883347,332.7195509390143,229.8303742384274
0.4820000000000004,49.060951232910156,125.66370614359174,1.3233531621704369,345.38184534242436,235.71029742444995
0.4830000000000004,49.25136947631836,125.66370614359174,1.3285620085099783,350.98768912588025,244.11099421633764
0.4840000000000004,49.437355041503906,125.66370614359174,1.3171609773033595,342.35604338811424,240.67114077827114
0.4850000000000004,49.62002944946289,125.66370614359174,1.298204980497214,337.29781694787863,238.29655610087156
0.4860000000000004,49.801353454589844,125.66370614359174,1.2798720501354957,337.72210294445136,237.84723699372898
0.4870000000000004,49.983680725097656,125.66370614359174,1.269711853182062,344.6473848297239,239.7414217636815
0.4880000000000004,50.16950988769531,125.66370614359174,1.2738428810296762,358.5156405465821,244.16472254191186
0.4890000000000004,50.361297607421875,125.66370614359174,1.296277529619628,369.69933185605464,251.1243229630695
0.4900000000000004,50.552886962890625,125.66370614359174,1.3122030712670272,368.9294729605975,251.90660350922929
0.4910000000000004,50.743621826171875,125.66370614359174,1.3178565466756402,369.22655084713296,252.0072104983222
0.4920000000000004,50.93400955200195,125.66370614359174,1.3212217937155841,373.02850918629224,252.62429613182107
0.4930000000000004,51.12532043457031,125.66370614359174,1.3296733926505266,381.87216545654076,254.5422752070924
0.4940000000000004,51.31928253173828,125.66370614359174,1.3491049208263781,396.6431623295102,258.24993273103655
0.4950000000000004,51.5178337097168,125.66370614359174,1.3834396799026112,417.6955115223547,264.00232443969384
0.4960000000000004,51.72294616699219,125.66370614359174,1.434419327034566,431.4821565311964,271.8686999906066
0.4970000000000004,51.93060302734375,125.66370614359174,1.4701068724876603,437.1991337694609,275.6248484574717
0.4980000000000004,52.139137268066406,125.66370614359174,1.4950253155850415,442.29137664564246,277.6734362900322
0.4990000000000004,52.34819793701172,125.66370614359174,1.515965575810737,449.2992722767801,279.36390460791097
0.5000000000000003,52.55833435058594,125.66370614359174,1.5389634080582666,459.9208411476372,281.6416783209291
0.5010000000000003,52.77067184448242,125.66370614359174,1.5687474818286495,475.18832219073397,285.12991776931807
0.5020000000000003,52.986663818359375,125.66370614359174,1.6085007116512084,495.58526961663574,290.19383491817314
0.5030000000000003,53.2078742980957,125.66370614359174,1.6598120340357716,507.64773561304827,296.9907938699072
0.5040000000000003,53.43081283569336,125.66370614359174,1.697079687255122,511.1069278967087,300.10984302936595
0.5050000000000003,53.65345001220703,125.66370614359174,1.7199951783332923,512.3305827888533,301.0627045584683
0.5060000000000003,53.8751220703125,125.66370614359174,1.7348663689901425,514.1336108836688,301.2959494233571
0.5070000000000003,54.096134185791016,125.66370614359174,1.7474860881711638,518.468038928509,301.84851087960595
0.5080000000000003,54.31743621826172,125.66370614359174,1.7626328024558078,526.5946083178372,303.4244955917759
0.5090000000000003,54.540348052978516,125.66370614359174,1.7838963432173873,539.2001109461767,306.4573249483649
0.5100000000000003,54.7663688659668,125.66370614359174,1.8136031081154456,556.4919697732782,311.1600437805509
0.5110000000000003,54.99699401855469,125.66370614359174,1.8528367136543074,560.039890783726,317.56511252167206
0.5120000000000003,55.22500991821289,125.66370614359174,1.8706205479276043,553.2275677046723,316.02952805675494
0.5130000000000003,55.449378967285156,125.66370614359174,1.8738586745202144,545.1608745612565,313.30399992199506
0.5140000000000003,55.67031478881836,125.66370614359174,1.8687548145537212,538.5855508493462,310.75255389500927
0.5150000000000003,55.8888053894043,125.66370614359174,1.8609596950438845,535.3289518880468,309.27278975581396
0.5160000000000003,56.10634231567383,125.66370614359174,1.855219361119707,536.517188046467,309.43680718587996
0.5170000000000003,56.32466506958008,125.66370614359174,1.855216654311912,542.6947554477662,311.5535698950211
0.5180000000000003,56.545562744140625,125.66370614359174,1.863474278176158,542.148885449977,315.7174141899886
0.5190000000000003,56.76031494140625,125.66370614359174,1.8624270922721067,524.6248190158988,309.9719727858513
0.5200000000000004,56.9686164855957,125.66370614359174,1.8435632614022557,506.6035526432469,303.7866740847798
0.5210000000000004,57.171382904052734,125.66370614359174,1.8139223296603115,491.1970564913236,298.5689143481537
0.5220000000000004,57.37030029296875,125.66370614359174,1.7802569455657336,480.4346462316749,295.21548513157677
0.5230000000000004,57.567501068115234,125.66370614359174,1.7485252247603102,475.57858673722666,294.2849004155552
0.5240000000000004,57.76533889770508,125.66370614359174,1.7237007519916745,477.24915353374956,296.0592126549903
0.5250000000000004,57.9661750793457,125.66370614359174,1.7095656249459004,485.52652724805864,300.592422539116
0.5260000000000004,58.17222213745117,125.66370614359174,1.7085195894657865,482.39174539755646,307.75051447474993
0.5270000000000004,58.37075424194336,125.66370614359174,1.687446443839791,462.5814642973391,300.0540512441251
0.5280000000000004,58.56295394897461,125.66370614359174,1.6535556178560424,445.9537703417145,293.65562167632265
0.5290000000000004,58.75101852416992,125.66370614359174,1.6148300400274225,435.10701917625863,289.7704645363828
0.5300000000000004,58.937644958496094,125.66370614359174,1.5787255909630562,431.49463464312527,289.0154495138614
0.5310000000000004,59.125709533691406,125.66370614359174,1.5516772636048946,435.78771535547276,291.66960756983974
0.5320000000000004,59.31806945800781,125.66370614359174,1.5386572511230268,437.8175887675203,297.7400348628743
0.5330000000000004,59.50404357910156,125.66370614359174,1.520392467697354,420.30988899662975,291.1006653822294
0.5340000000000004,59.684566497802734,125.66370614359174,1.4875586223603678,405.95750934093724,285.5036742909497
0.5350000000000004,59.86173629760742,125.66370614359174,1.4495542296863275,397.7930498357332,282.3601930534236
0.5360000000000004,60.03827667236328,125.66370614359174,1.4155601180405806,397.57425770854917,282.4646499167273
0.5370000000000004,60.21721649169922,125.66370614359174,1.3936527561114926,406.1791571784957,286.2240767732796
0.5380000000000004,60.40162658691406,125.66370614359174,1.3900555130905694,423.75021004670026,293.72976359057833
0.5390000000000004,60.594383239746094,125.66370614359174,1.408394461578744,432.0784423077644,304.8151316329165
0.5400000000000004,60.78422927856445,125.66370614359174,1.405175700512412,425.6157709492902,302.2537429050408
0.5410000000000004,60.97205352783203,125.66370614359174,1.3949614090652773,423.3756981410202,300.7515023027321
0.5420000000000004,61.159854888916016,125.66370614359174,1.3872577873487448,427.91733464146057,301.6784955959998
0.5430000000000004,61.350189208984375,125.66370614359174,1.390259630785722,440.57664519546006,305.75391112974086
0.5440000000000004,61.545833587646484,125.66370614359174,1.4099791437398284,452.0671204750446,313.2922759719913
0.5450000000000004,61.74079895019531,125.66370614359174,1.4257755520267734,448.9628197509595,313.4780638582652
0.5460000000000004,61.93433380126953,125.66370614359174,1.427995069656022,446.7545645984018,312.71188402840244
0.5470000000000004,62.12714767456055,125.66370614359174,1.4262405890947685,448.92650114585996,312.82167932123593
0.5480000000000004,62.3209228515625,125.66370614359174,1.4294680134313837,457.69311954918373,315.02503755165105
0.5490000000000004,62.51791000366211,125.66370614359174,1.444905747687278,474.2900406252225,320.0662727772704
0.5500000000000004,62.72060775756836,125.66370614359174,1.4773827035747265,499.12090054119085,328.2966593914876
0.5510000000000004,62.93149948120117,125.66370614359174,1.5289613229759942,511.9721906608076,339.7408101591333
0.5520000000000004,63.14302444458008,125.66370614359174,1.5551249311632276,514.3496932416217,341.71682122480104
0.5530000000000004,63.35442352294922,125.66370614359174,1.5717472586939913,517.8209168745394,342.7367217831098
0.5540000000000004,63.56631851196289,125.66370614359174,1.5869662725520544,525.4043366328639,344.54104841835215
0.5550000000000004,63.78017044067383,125.66370614359174,1.6076370339270347,538.9304993358305,348.2320481391242
0.5560000000000004,63.997920989990234,125.66370614359174,1.6387927644777356,559.2837952023094,354.4410345467483
0.5570000000000004,64.22166442871094,125.66370614359174,1.683329155836077,567.9187767214285,363.4092800582992
0.5580000000000004,64.44444274902344,125.66370614359174,1.7061657842037408,565.0399570628493,363.4615979491669
0.5590000000000004,64.66510009765625,125.66370614359174,1.7152155648809335,561.6918607900473,362.00273513105657
0.5600000000000004,64.88398742675781,125.66370614359174,1.7184181060378323,561.3539854988159,360.9578429864701
0.5610000000000004,65.10240173339844,125.66370614359174,1.722901967490932,566.2669243614499,361.6013217754075
0.5620000000000004,65.3222427368164,125.66370614359174,1.7343919577957132,577.6727695592798,364.7102791636975
0.5630000000000004,65.54562377929688,125.66370614359174,1.7568541367304729,582.6055370983969,370.64508611063434
0.5640000000000004,65.7656021118164,125.66370614359174,1.7686317354295324,571.4076803183206,367.4375916479362
0.5650000000000004,65.98113250732422,125.66370614359174,1.7625810406553104,559.3200038781561,362.80664386199
0.5660000000000004,66.19273376464844,125.66370614359174,1.7472142037861507,550.2875997261116,358.80287306469154
0.5670000000000004,66.40194702148438,125.66370614359174,1.7305721875147075,546.9075030694106,356.81068553793506
0.5680000000000004,66.61096954345703,125.66370614359174,1.7195167659020083,550.7176162974978,357.6989384042725
0.5690000000000004,66.82225036621094,125.66370614359174,1.7193324410460624,562.3400948871746,361.89753346299074
0.5700000000000004,67.03828430175781,125.66370614359174,1.7333834785352584,562.8745051418897,369.4635466552371
0.5710000000000004,67.24877166748047,125.66370614359174,1.7275641379700282,546.735446266881,363.19798289586754
0.5720000000000004,67.45394134521484,125.66370614359174,1.7075179812024683,532.7092504705738,357.1729885102981
0.5730000000000004,67.65540313720703,125.66370614359174,1.6822788587621522,524.3080009226167,353.2556060867232
0.5740000000000004,67.85555267333984,125.66370614359174,1.6601198550486465,523.607791361721,352.55210000365577
0.5750000000000004,68.05718231201172,125.66370614359174,1.6478917023814774,531.5960500332726,355.6448378113908
0.5760000000000004,68.26314544677734,125.66370614359174,1.6504911629729597,531.988206830752,362.67509821748666
0.5770000000000004,68.46295928955078,125.66370614359174,1.637644958860175,514.015749110728,355.3432757027914
0.5780000000000004,68.65725708007812,125.66370614359174,1.610629128243624,499.2823688643984,348.8089449053424
0.5790000000000004,68.84806060791016,125.66370614359174,1.579474486498836,491.459922616026,345.01084595392183
0.5800000000000004,69.0382080078125,125.66370614359174,1.5535668059878116,492.65968246129097,345.071934146121
0.5810000000000004,69.23086547851562,125.66370614359174,1.5407433739566732,503.8197165536366,349.5513663778494
0.5820000000000004,69.42924499511719,125.66370614359174,1.5465119595595154,507.8715543721442,358.5334542511191
0.5830000000000004,69.62276458740234,125.66370614359174,1.5358992359665715,494.09850303516293,352.7973167263097
0.5840000000000004,69.81227111816406,125.66370614359174,1.513907519208804,484.63234721795004,348.19261448976266
0.5850000000000004,70.0,125.66370614359174,1.4913308783213672,483.02732482551767,346.6651862221491
0.5860000000000004,70.18891906738281,125.66370614359174,1.4779754757194474,491.21784299982596,349.3017864680341
0.5870000000000004,70.38231658935547,125.66370614359174,1.4815428747257713,509.9147032001684,356.5943191604931
0.5880000000000004,70.58341979980469,125.66370614359174,1.506697479763741,517.52928775587,368.53463181430647
0.5890000000000004,70.78142547607422,125.66370614359174,1.506179784184839,510.0079300674042,365.2091454227854
0.5900000000000004,70.97712707519531,125.66370614359174,1.4979330465622696,507.18890161997,362.98948010400375
0.5910000000000004,71.17268371582031,125.66370614359174,1.4924509514070714,512.3847824671385,363.81459213304163
0.5920000000000004,71.3709487915039,125.66370614359174,1.4986029333097879,527.2879521681521,368.726238031665
0.5930000000000004,71.57503509521484,125.66370614359174,1.5226362615125233,536.0311534871855,378.1458684639856
0.5940000000000004,71.77684783935547,125.66370614359174,1.531324514111545,529.2691156561351,375.9877386165347
0.5950000000000004,71.97622680664062,125.66370614359174,1.5276888985382997,524.9645543886171,373.55948764315457
0.5960000000000004,72.17460632324219,125.66370614359174,1.5224157005221475,527.1854480482599,373.1812561008235
0.5970000000000004,72.37439727783203,125.66370614359174,1.5251042236500847,538.3318146162856,376.29449056499993
0.5980000000000004,72.57850646972656,125.66370614359174,1.543111510694481,559.4669126900999,383.66523458850617
0.5990000000000004,72.78994750976562,125.66370614359174,1.5807447096401366,569.178817602538,395.4830278025289
0.6000000000000004,72.99967956542969,125.66370614359174,1.5935707785930753,564.8215344944738,394.1580199338485
0.6010000000000004,73.20757293701172,125.66370614359174,1.5960254500917868,563.1177802041176,392.6339380594873
0.6020000000000004,73.41504669189453,125.66370614359174,1.5981082644810365,567.8604628730234,393.16938822793867
0.6030000000000004,73.6244125366211,125.66370614359174,1.6083430779660137,581.1896631029365,397.1140587325689
0.6040000000000004,73.83840942382812,125.66370614359174,1.6329121695725841,589.0061341944273,405.1352584869813
0.6050000000000004,74.0499038696289,125.66370614359174,1.6453696483861335,580.1970853365937,402.6335661313174
0.6060000000000004,74.2580795288086,125.66370614359174,1.6414859236276877,571.9654719333553,398.87078310367593
0.6070000000000004,74.46387481689453,125.66370614359174,1.6317483788581484,568.9654041089557,396.4751685563721
0.6080000000000004,74.66938781738281,125.66370614359174,1.6258731832635018,574.1210370705032,397.18103965425115
0.6090000000000004,74.87734985351562,125.66370614359174,1.6317359461825258,588.9309387029267,401.9950358683663
0.6100000000000004,75.0907211303711,125.66370614359174,1.6546195316313894,595.2845614914072,411.28986209214014
0.6110000000000004,75.30073547363281,125.66370614359174,1.6599588591533245,584.5602486967687,407.4282697584717
0.6120000000000004,75.50716400146484,125.66370614359174,1.6511151313129377,575.9143011867098,403.1813746261629
0.6130000000000004,75.71145629882812,125.66370614359174,1.6387057086363688,573.7072322410131,401.0612753766269
0.6140000000000004,75.9160385131836,125.66370614359174,1.6322733772000912,580.5106403620206,402.6254325763298
0.6150000000000004,76.12385559082031,125.66370614359174,1.6392858284588137,597.4455558056761,408.69100264843956
0.6160000000000004,76.33793640136719,125.66370614359174,1.6643898382306959,601.1432423776723,419.4328070206873
0.6170000000000004,76.54759979248047,125.66370614359174,1.6624448454852596,588.4859649956694,413.8753129118209
0.6180000000000004,76.75331115722656,125.66370614359174,1.649119877564126,579.6336036630208,408.95448245557424
0.6190000000000004,76.95706939697266,125.66370614359174,1.6350683613951058,578.6050187613548,407.06307036419184
0.6200000000000004,77.16170501708984,125.66370614359174,1.6295433724831891,587.553265387898,409.5495776215158
0.6210000000000004,77.37041473388672,125.66370614359174,1.639450809060699,589.7264196305971,416.99753715846253
0.6220000000000004,77.5738754272461,125.66370614359174,1.6334744908814394,573.2236821654334,409.9839549562623
0.6230000000000004,77.77234649658203,125.66370614359174,1.6126812775788306,560.0292875032969,403.31315306602147
0.6240000000000004,77.96781921386719,125.66370614359174,1.5887074505442351,554.848440737553,399.6839893521573
0.6250000000000004,78.16329193115234,125.66370614359174,1.5723156248922896,560.3893742959954,400.7271523469037
0.6260000000000004,78.36225128173828,125.66370614359174,1.572120536529137,565.5144828374354,407.24747806498
0.6270000000000004,78.55680847167969,125.66370614359174,1.56733714628782,550.2305314772627,401.3694801624669
0.6280000000000004,78.74700164794922,125.66370614359174,1.5462075146985708,538.0299100666699,395.5215380061882
0.6290000000000004,78.93473052978516,125.66370614359174,1.521399679416278,534.0298906541292,392.60345184177953
0.6300000000000004,79.12300872802734,125.66370614359174,1.5049009041708956,541.271113572356,394.4471390584571
0.6310000000000004,79.31543731689453,125.66370614359174,1.5064392094240748,561.0953628253133,402.01575471996824
0.6320000000000005,79.51567840576172,125.66370614359174,1.532159639468866,571.777637335097,415.50624107582485
0.6330000000000005,79.71360778808594,125.66370614359174,1.5353664951418795,565.3022091671963,412.8773941558615
0.6340000000000005,79.90986633300781,125.66370614359174,1.5300726876061361,563.9977104426563,411.2684697640873
0.6350000000000005,80.106689453125,125.66370614359174,1.5282926617140014,571.9889522503069,413.2325129351456
0.6360000000000005,80.30716705322266,125.66370614359174,1.539985099935838,591.328816657842,420.17012048396214
0.6370000000000005,80.51467895507812,125.66370614359174,1.571774832724502,600.986666693559,432.6095809046738
0.6380000000000005,80.71986389160156,125.66370614359174,1.5802271924980904,594.1961298180358,430.0106973712579
0.6390000000000005,80.92286682128906,125.66370614359174,1.5777082774094944,591.1868911137373,427.59684733102375
0.6400000000000005,81.12555694580078,125.66370614359174,1.576032229614326,596.5480333386245,428.19538611660926
0.6410000000000005,81.33079528808594,125.66370614359174,1.585287296566642,612.7531871227492,433.4595740789454
0.6420000000000005,81.5418472290039,125.66370614359174,1.6125663579902203,620.6875898536653,444.12007375379267
0.6430000000000005,81.75003814697266,125.66370614359174,1.6201239045092315,611.4353342507095,440.60118895997454
0.6440000000000005,81.95520782470703,125.66370614359174,1.6143547091277848,605.1314204284683,436.8039550354282
0.6450000000000005,82.1590576171875,125.66370614359174,1.60720795586693,606.7706825248498,435.7614531103705
0.6460000000000005,82.3643798828125,125.66370614359174,1.6092296318834427,619.183057149191,439.3228688816168
0.6470000000000005,82.57449340820312,125.66370614359174,1.6282328923857592,625.861465454765,448.37857710650763
0.6480000000000005,82.78113555908203,125.66370614359174,1.6326403822189546,613.8807809465154,443.80801635993686
0.6490000000000005,82.98407745361328,125.66370614359174,1.621817979633955,604.5580636541879,438.79866842344165
0.6500000000000005,83.18501281738281,125.66370614359174,1.6081709384713796,603.2455364181461,436.55273635344736
0.6510000000000005,83.38679504394531,125.66370614359174,1.6029464950552728,613.0586161304179,439.0718548506034
0.6520000000000005,83.59285736083984,125.66370614359174,1.6147861927729783,619.7593332552324,447.362302462734
0.6530000000000005,83.7952880859375,125.66370614359174,1.6166758338122913,606.5279554626416,442.38685008046957
0.6540000000000005,83.9938735961914,125.66370614359174,1.6024382166641318,596.1088318045414,437.01056304015134
0.6550000000000005,84.19036865234375,125.66370614359174,1.585082670534757,594.1046350249592,434.563278347378
0.6560000000000005,84.38776397705078,125.66370614359174,1.5765675279289495,603.7995750114789,437.1480887626576
0.6570000000000005,84.58966064453125,125.66370614359174,1.5861945224347103,611.947696253461,445.83357327468053
0.6580000000000005,84.78831481933594,125.66370614359174,1.5883341233783188,599.6801761398227,441.44113455355756
0.6590000000000005,84.98357391357422,125.66370614359174,1.574552708026426,590.533804353184,436.7184010270078
0.6600000000000005,85.1772689819336,125.66370614359174,1.5583760874907049,590.2278082016891,435.0808894015387
0.6610000000000005,85.3724594116211,125.66370614359174,1.552200152286497,602.0908549857069,438.68454843650267
0.6620000000000005,85.57283020019531,125.66370614359174,1.5655377347331185,612.2823066994613,448.611649867748
0.6630000000000005,85.77068328857422,125.66370614359174,1.5707397029518038,602.3439879824235,445.37377644516664
0.6640000000000005,85.9658432006836,125.66370614359174,1.5608485788503812,595.7124186213465,441.7958205042414
0.6650000000000005,86.16014099121094,125.66370614359174,1.5496011004664898,598.1229998840053,441.3499426589381
0.6660000000000005,86.35665130615234,125.66370614359174,1.5493789085926377,612.8668057399597,446.21283161786386
0.6670000000000005,86.55902099609375,125.66370614359174,1.56940102120364,624.3361110565838,457.450801912213
0.6680000000000005,86.75936126708984,125.66370614359174,1.5780126034007531,616.2552367309024,455.03191177514054
0.6690000000000005,86.95745849609375,125.66370614359174,1.5722832756173455,611.4976771931134,452.2114302600245
0.6700000000000005,87.15511322021484,125.66370614359174,1.565840651002117,615.7801825104196,452.5072249437631
0.6710000000000005,87.35535430908203,125.66370614359174,1.5707333789084348,632.3311922498472,458.1012760305321
0.6720000000000005,87.561767578125,125.66370614359174,1.5956828269316397,643.3455348893986,470.0311839189873
0.6730000000000005,87.76599884033203,125.66370614359174,1.6049525488056127,635.1850287855119,467.35975304247336
0.6740000000000005,87.96788024902344,125.66370614359174,1.6002851998829535,630.4184182383157,464.32501591667756
0.6750000000000005,88.16921997070312,125.66370614359174,1.5951087410038358,634.7522773745106,464.4871486370639
0.6760000000000005,88.37306213378906,125.66370614359174,1.6011513758549336,651.3516840639509,470.0208346703249
0.6770000000000005,88.58296966552734,125.66370614359174,1.626781548065534,660.2941421844685,481.92147431594867
0.6780000000000005,88.7899398803711,125.66370614359174,1.6328307755125973,650.0802670528246,477.88871017455114
0.6790000000000005,88.99397277832031,125.66370614359174,1.6253286703250667,643.7031348491691,473.79601336086904
0.6800000000000005,89.19705963134766,125.66370614359174,1.6176481816152135,646.8527941036158,473.2315761626636
0.6810000000000005,89.4023666381836,125.66370614359174,1.6214032095243025,662.6002547457176,478.3335914048757
0.6820000000000005,89.61354064941406,125.66370614359174,1.6448249529979047,668.9515099345753,490.02177701120985
0.6830000000000005,89.82080078125,125.66370614359174,1.6452002170844746,656.0509779121891,484.17296387149975
0.6840000000000005,90.02449035644531,125.66370614359174,1.6329603187047055,647.9712460219723,478.89533175163217
0.6850000000000005,90.22694396972656,125.66370614359174,1.621621112266321,650.3149056766339,477.7649049401329
0.6860000000000005,90.43156433105469,125.66370614359174,1.6228283532090872,665.9633656260919,482.82692145030745
0.6870000000000005,90.64218139648438,125.66370614359174,1.644703919198408,670.4331808648914,494.8641344817796
0.6880000000000005,90.84813690185547,125.66370614359174,1.6395291032986872,655.8329048334997,487.5602734364246
0.6890000000000005,91.05025482177734,125.66370614359174,1.6236223570167345,647.4714118125551,481.70477573678744
0.6900000000000005,91.25126647949219,125.66370614359174,1.610705741521999,650.7237311168926,480.7957811677849
0.6910000000000005,91.45489501953125,125.66370614359174,1.6123627894225174,653.0372080839379,486.7081044721909
0.6920000000000005,91.6532211303711,125.66370614359174,1.6053403660309933,633.6042814932983,478.0778694256489
0.6930000000000005,91.8463363647461,125.66370614359174,1.5806852470259154,618.4170409126417,469.55469411264545
0.6940000000000005,92.03662109375,125.66370614359174,1.5537308092809032,614.3654772699076,465.3641066450479
0.6950000000000005,92.22786712646484,125.66370614359174,1.538909883341942,625.3848214700539,468.1428625491013
0.6960000000000005,92.42449188232422,125.66370614359174,1.547445684148438,634.2195231790027,479.1261598637082
0.6970000000000005,92.6177749633789,125.66370614359174,1.5438796487377766,622.521811083066,473.97916411411563
0.6980000000000005,92.80842590332031,125.66370614359174,1.5290014638786353,617.3586003172406,470.1107568927508
0.6990000000000005,92.99920654296875,125.66370614359174,1.51833369886395,624.7311535327325,471.36913222403695
0.7000000000000005,93.19403839111328,125.66370614359174,1.525242527557108,647.6311637270157,479.9438818423215
0.7010000000000005,93.39720153808594,125.66370614359174,1.558562394933694,661.194400978176,496.6083885041154
0.7020000000000005,93.59854125976562,125.66370614359174,1.5656252776738935,656.2514138621672,494.2970477374227
0.7030000000000005,93.79886627197266,125.66370614359174,1.5652763849868792,658.2768411872565,493.5080148354663
0.7040000000000005,94.00090789794922,125.66370614359174,1.5717051610043669,672.556589150279,497.8352738940493
0.7050000000000005,94.20833587646484,125.66370614359174,1.5959906033624167,682.1704802733021,509.13244065236444
0.7060000000000005,94.41307830810547,125.66370614359174,1.6042426280427622,671.9321133058837,505.2070446333054
0.7070000000000005,94.61489868164062,125.66370614359174,1.597391567674559,665.4939414671295,500.8145188473782
0.7080000000000005,94.81587982177734,125.66370614359174,1.5904284532256157,669.6669931116319,500.32345757764296
0.7090000000000005,95.01947021484375,125.66370614359174,1.59658395879457,688.1919766977824,506.40650989451717
0.7100000000000005,95.22970581054688,125.66370614359174,1.6251696341106399,697.7238992085632,520.2270033053381
0.7110000000000005,95.43694305419922,125.66370614359174,1.629595932536229,687.9187287018168,515.6820822948077
0.7120000000000005,95.64160919189453,125.66370614359174,1.6230046356263117,683.8803157114206,511.92926412507353
0.7130000000000005,95.84622955322266,125.66370614359174,1.6198539433422436,691.6136392560485,512.9743165289381
0.7140000000000005,96.05443572998047,125.66370614359174,1.6321042908217192,697.0740592872467,521.0321533254712
0.7150000000000005,96.25849914550781,125.66370614359174,1.6331067435458024,680.8650232227228,514.2006593620417
0.7160000000000005,96.45814514160156,125.66370614359174,1.6163190714087274,668.2953362026195,506.7958902149979
0.7170000000000005,96.65554809570312,125.66370614359174,1.597467263452516,666.8322108526256,503.54236332737395
0.7180000000000005,96.85438537597656,125.66370614359174,1.5910008718144055,680.7097641601886,507.4046404624211
0.7190000000000005,97.05899810791016,125.66370614359174,1.607710640211256,688.8273383864606,519.7406179332639
0.7200000000000005,97.25996398925781,125.66370614359174,1.6054316170044256,676.2533470522175,513.7710839244919
0.7210000000000005,97.45800018310547,125.66370614359174,1.59198772516588,670.5114030143891,509.1490032255552
0.7220000000000005,97.65596008300781,125.66370614359174,1.5829884679770359,677.9195788277892,510.07514071016624
0.7230000000000005,97.85784149169922,125.66370614359174,1.5915357052727404,684.9184001938158,518.856783281893
0.7240000000000005,98.05594635009766,125.66370614359174,1.590961874895449,669.918250216408,512.5400709259142
0.7250000000000005,98.25029754638672,125.66370614359174,1.5739941349191373,659.795387801786,506.22966513590353
0.7260000000000005,98.44337463378906,125.66370614359174,1.55730897066008,662.095375825591,504.76081510724833
0.7270000000000005,98.63912963867188,125.66370614359174,1.5559989563547894,680.9373114418188,511.0987227249172
0.7280000000000005,98.84211730957031,125.66370614359174,1.5808465010531776,692.9753418430331,526.4956846850264
0.7290000000000005,99.0425796508789,125.66370614359174,1.5835364712568647,684.8714876065694,522.6110717683509
0.7300000000000005,99.24139404296875,125.66370614359174,1.5775365217702229,684.4024444222318,520.4351411577248
0.7310000000000005,99.4415283203125,125.66370614359174,1.5784993997192422,697.663464326693,524.1515799780494
0.7320000000000005,99.64701080322266,125.66370614359174,1.5988754984474174,706.9809113126786,535.9362453746844
0.7330000000000005,99.84939575195312,125.66370614359174,1.6030571682786043,695.18203667176,530.9007731897963
0.7340000000000005,100.0488052368164,125.66370614359174,1.5929267128130862,688.702155804442,526.0583461244348
0.7350000000000005,100.24777221679688,125.66370614359174,1.5848568626453312,694.8798032539835,526.2542274439165
0.7360000000000005,100.45021057128906,125.66370614359174,1.5930344528091016,702.6810862606817,534.3403688451035
0.7370000000000005,100.6492691040039,125.66370614359174,1.5957388707170694,688.1135487152425,528.643258932941
0.7380000000000005,100.84461212158203,125.66370614359174,1.5802602746228338,677.5906845436541,522.224962096657
0.7390000000000005,101.03852844238281,125.66370614359174,1.563890696268787,679.3898322493244,520.3986928090117
0.7400000000000005,101.23495483398438,125.66370614359174,1.5625038400147757,698.1868474701171,526.5320189903468
0.7410000000000005,101.43852233886719,125.66370614359174,1.5876153034787763,711.3942108058817,542.1375292741998
0.7420000000000005,101.63990783691406,125.66370614359174,1.592553031102845,704.017482940838,538.826064258128
0.7430000000000005,101.83983612060547,125.66370614359174,1.5881631067446975,704.1099821207071,536.9586394334412
0.7440000000000005,102.04121398925781,125.66370614359174,1.5905658514579901,718.1796300966707,541.032737905603
0.7450000000000006,102.24809265136719,125.66370614359174,1.612583461789978,728.1751179373567,553.4252710939244
0.7460000000000006,102.45201873779297,125.66370614359174,1.6179535227098047,716.5576640900654,548.5326520484539
0.7470000000000006,102.6530532836914,125.66370614359174,1.6087146431960446,710.2781739020955,543.7075061297236
0.7480000000000006,102.85372161865234,125.66370614359174,1.6016219473092876,717.012511654393,544.0791489381946
0.7490000000000006,103.05799865722656,125.66370614359174,1.6110954512437015,724.3098427941807,552.6551407866144
0.7500000000000006,103.25862884521484,125.66370614359174,1.6126185570285012,708.8004788747868,546.2440499235503
0.7510000000000006,103.45539093017578,125.66370614359174,1.596260238820432,697.862569850629,539.3221907112887
0.7520000000000006,103.6507339477539,125.66370614359174,1.5797344695071422,700.0344400394589,537.4575698114279
0.7530000000000006,103.84876251220703,125.66370614359174,1.5791290004586176,720.0042534102712,544.1133269036751
0.7540000000000006,104.05424499511719,125.66370614359174,1.605845786349228,732.3169742370284,560.7420565554214
0.7550000000000006,104.25704956054688,125.66370614359174,1.6078502432777853,723.8171663192925,556.3160115269994
0.7560000000000006,104.45824432373047,125.66370614359174,1.6019739025369228,724.0112812359031,554.0717244859416
0.7570000000000006,104.66105651855469,125.66370614359174,1.6045655129865208,739.3201983395958,558.5766911836091
0.7580000000000006,104.8697509765625,125.66370614359174,1.6282286566275015,747.6412951655628,572.0750567719275
0.7590000000000006,105.07472229003906,125.66370614359174,1.6288007143102063,734.3330589246576,565.4391343842416
0.7600000000000006,105.27658081054688,125.66370614359174,1.6171675401356718,728.2181151045152,560.0031038195702
0.7610000000000006,105.47833251953125,125.66370614359174,1.6103682346566146,736.7591327865124,560.9181992849852
0.7620000000000006,105.6843032836914,125.66370614359174,1.6225320604367026,742.0566679644884,570.972983861059
0.7630000000000006,105.8857421875,125.66370614359174,1.6181559526994738,724.8954438717379,562.5143368739689
0.7640000000000006,106.08316040039062,125.66370614359174,1.5994396947627887,714.8344507529013,555.0960801209311
0.7650000000000006,106.27967834472656,125.66370614359174,1.584451066468569,720.0387317547465,554.2464591323993
0.7660000000000006,106.4798355102539,125.66370614359174,1.5888597892881071,726.1704520653993,563.103386364434
0.7670000000000006,106.67579650878906,125.66370614359174,1.5836486392804605,709.5223432534158,555.2400289919901
0.7680000000000006,106.86807250976562,125.66370614359174,1.5636873368819857,700.2200496183651,548.4026585622006
0.7690000000000006,107.05982971191406,125.66370614359174,1.5479928070605296,706.8057534296029,548.3316815464706
0.7700000000000006,107.25577545166016,125.66370614359174,1.5532740377620433,716.8751838713774,558.3619216427949
0.7710000000000006,107.44882202148438,125.66370614359174,1.553389349554688,704.4448338780337,553.2000883903071
0.7720000000000006,107.63931274414062,125.66370614359174,1.5390904490743254,699.0965004274785,548.71653464387
0.7730000000000006,107.83028411865234,125.66370614359174,1.5297882121323092,709.5391310201485,550.7712717218208
0.7740000000000006,108.02633666992188,125.66370614359174,1.5423566508117827,723.8678907872185,562.8229484522864
0.7750000000000006,108.22090148925781,125.66370614359174,1.550880366791251,716.0745043954778,560.643163366611
0.7760000000000006,108.41392517089844,125.66370614359174,1.5446846843480393,714.3269151714875,558.3633643213976
0.7770000000000006,108.60812377929688,125.66370614359174,1.5429451062898745,727.4836462400984,561.9630028599663
0.7780000000000006,108.80783081054688,125.66370614359174,1.5621269530651671,743.7270704592469,575.0411278984647
0.7790000000000006,109.00667572021484,125.66370614359174,1.576532748047463,737.7408708615047,574.2581980288696
0.7800000000000006,109.20419311523438,125.66370614359174,1.5747064089973428,736.4103970191215,572.4543391766332
0.7810000000000006,109.4027328491211,125.66370614359174,1.5754367036241148,748.8731987780228,575.7901545318008
0.7820000000000006,109.60636901855469,125.66370614359174,1.59494254790742,763.9242423218968,588.065903644863
0.7830000000000006,109.80876922607422,125.66370614359174,1.6094792589376734,756.0274027143798,586.5085335071356
0.7840000000000006,110.00920104980469,125.66370614359174,1.6057592558737983,751.7866849129061,583.2995621210134
0.7850000000000006,110.20982360839844,125.66370614359174,1.602515006012034,760.7488701384649,584.8373427552222
0.7860000000000006,110.41460418701172,125.66370614359174,1.6162616879806448,788.1265799620377,595.1571114564694
0.7870000000000006,110.62821960449219,125.66370614359174,1.6579245371076783,804.5496026675678,615.9028526451256
0.7880000000000006,110.84008026123047,125.66370614359174,1.668682588311686,799.3637322780519,613.2538856222621
0.7890000000000006,111.05094146728516,125.66370614359174,1.6712185703443405,802.4087251659031,612.2612826838077
0.7900000000000006,111.26383972167969,125.66370614359174,1.681815118422872,805.2329227431883,618.0186866657531
0.7910000000000006,111.47173309326172,125.66370614359174,1.6835059083408952,782.2126179465242,608.0745468797289
0.7920000000000006,111.67356872558594,125.66370614359174,1.660476604966436,761.4628079486088,595.7144681642585
0.7930000000000006,111.87158966064453,125.66370614359174,1.6321442365104646,754.1318086215197,588.267171969655
0.7940000000000006,112.07012939453125,125.66370614359174,1.6171179373205866,766.7450238231571,590.5376242859116
0.7950000000000006,112.27449035644531,125.66370614359174,1.6296613545840821,773.8635931321323,604.741121689779
0.7960000000000006,112.47438049316406,125.66370614359174,1.618995281873455,758.4887340116347,595.8125832690476
0.7970000000000006,112.67151641845703,125.66370614359174,1.601215390370428,754.9124535258039,590.7117897343429
0.7980000000000006,112.8699951171875,125.66370614359174,1.5951661400478856,770.4300738000871,594.8179707341011
0.7990000000000006,113.07492065429688,125.66370614359174,1.6152776187090967,778.6263537714007,610.5519268538177
0.8000000000000006,113.2756118774414,125.66370614359174,1.6078370162912432,764.5440808051316,602.0874831575758
0.8010000000000006,113.47378540039062,125.66370614359174,1.5935492986412254,762.3111308583888,597.4826508124881
0.8020000000000006,113.67355346679688,125.66370614359174,1.5913094532780632,764.0112225418785,602.2263508945219
0.8030000000000006,113.86802673339844,125.66370614359174,1.5833523520911985,741.2551013588268,591.23146644026
0.8040000000000006,114.05731201171875,125.66370614359174,1.55563269116895,725.3848879924191,580.4399634167679
0.8050000000000006,114.24475860595703,125.66370614359174,1.5299666984201092,727.3809606812417,577.2546578961113
0.8060000000000006,114.43567657470703,125.66370614359174,1.526628521275821,737.0576634048393,586.2047405826191
0.8070000000000006,114.62364196777344,125.66370614359174,1.52274654850112,724.2362414722218,580.4545092857306
0.8080000000000006,114.80941009521484,125.66370614359174,1.506125807846453,720.9731451587794,576.4067135616434
0.8090000000000006,114.9966812133789,125.66370614359174,1.498849632211741,737.0597985740076,580.8553847420343
0.8100000000000006,115.19081115722656,125.66370614359174,1.5196722664132878,757.1584825428893,597.6721960791263
0.8110000000000006,115.38480377197266,125.66370614359174,1.5333278142952353,755.7901044767164,598.4421312595247
0.8120000000000006,115.57917022705078,125.66370614359174,1.5371104457520308,763.1195235500621,600.3461119357971
0.8130000000000006,115.77715301513672,125.66370614359174,1.5512247957349348,788.1114433277065,609.8070795190972
0.8140000000000006,115.98348236083984,125.66370614359174,1.5913686594886451,810.185217452126,630.3135131210895
0.8150000000000006,116.18997955322266,125.66370614359174,1.6129265156824304,810.1894284043349,631.8788472029264
0.8160000000000006,116.39663696289062,125.66370614359174,1.6228387058983322,816.8648714735463,633.4381937627694
0.8170000000000006,116.60619354248047,125.66370614359174,1.6396660495917106,839.0342860102811,641.4067692194302
0.8180000000000006,116.8228530883789,125.66370614359174,1.6776882475177497,853.1526876068494,659.2350796185079
0.8190000000000006,117.03717803955078,125.66370614359174,1.6898065435221579,843.6658067886816,655.0560103502365
0.8200000000000006,117.24916076660156,125.66370614359174,1.687874574521189,840.4563575705864,650.8050111696609
0.8210000000000006,117.46160888671875,125.66370614359174,1.6903034561915653,852.6673328842252,653.1195140354224
0.8220000000000006,117.67879486083984,125.66370614359174,1.7118139547966238,855.9933758452785,665.5561681285469
0.8230000000000006,117.89047241210938,125.66370614359174,1.7057340389645659,834.7395594333212,653.8309176770207
0.8240000000000006,118.09735870361328,125.66370614359174,1.685699101297827,822.2151127389116,643.712841652691
0.8250000000000006,118.30300903320312,125.66370614359174,1.6711631191629504,827.7186254976541,641.9641788031769
0.8260000000000006,118.51240539550781,125.66370614359174,1.6781117849770368,826.2737375979798,652.0500423901707
0.8270000000000006,118.7148666381836,125.66370614359174,1.658049519125711,800.721038322425,636.747427908519
0.8280000000000006,118.91222381591797,125.66370614359174,1.627857956264908,788.0118528200753,625.7338375280989
0.8290000000000006,119.10903930664062,125.66370614359174,1.60837577102601,796.9071137859696,625.5222893752066
0.8300000000000006,119.3110580444336,125.66370614359174,1.6163040269273459,799.4975315578411,639.0720046303873
0.8310000000000006,119.50707244873047,125.66370614359174,1.5951341222881,779.3267359963362,625.8159631933006
0.8320000000000006,119.69974517822266,125.66370614359174,1.5701921503430087,775.3015314333828,618.8815827021826
0.8330000000000006,119.89419555664062,125.66370614359174,1.5629593847900456,775.1477757039926,624.2060565089062
0.8340000000000006,120.0823745727539,125.66370614359174,1.5456785234640973,750.9154462118825,610.1866144694253
0.8350000000000006,120.26561737060547,125.66370614359174,1.5154344684962606,738.2934856664871,599.2938450241567
0.8360000000000006,120.4483413696289,125.66370614359174,1.4953011261742863,747.3851737314487,598.9988986934981
0.8370000000000006,120.6364974975586,125.66370614359174,1.5044821692099342,759.1688712511237,613.1180146414645
0.8380000000000006,120.8211669921875,125.66370614359174,1.5004392176922092,747.1751510226276,605.6705560847803
0.8390000000000006,121.00392150878906,125.66370614359174,1.489573261358091,747.032411540193,601.9968861987537
0.8400000000000006,121.1889419555664,125.66370614359174,1.49211559734365,766.8721918656792,608.4698588048482
0.8410000000000006,121.38151550292969,125.66370614359174,1.5228914356070473,781.9177347638464,627.8342934471921
0.8420000000000006,121.5707015991211,125.66370614359174,1.527678994042399,770.889187838063,620.6331843949761
0.8430000000000006,121.75758361816406,125.66370614359174,1.5241032197975704,769.1243319803897,616.0117227227128
0.8440000000000006,121.94569396972656,125.66370614359174,1.529850745675873,769.5139580566769,620.0301170797936
0.8450000000000006,122.12657928466797,125.66370614359174,1.5274724014042758,740.0780481059604,603.3507873754993
0.8460000000000006,122.29953002929688,125.66370614359174,1.5008594189313793,713.4919905566928,584.8611355486952
0.8470000000000006,122.46732330322266,125.66370614359174,1.4696673500170354,701.4564761829963,573.0773084489606
0.8480000000000006,122.63480377197266,125.66370614359174,1.4524207023288997,710.1998274474445,573.1379553946963
0.8490000000000006,122.8074722290039,125.66370614359174,1.4627132743977478,714.2928454830446,586.7465203677076
0.8500000000000006,122.97209930419922,125.66370614359174,1.4454298671561439,687.7114382597683,567.7976186078863
0.8510000000000006,123.13097381591797,125.66370614359174,1.4203688248325905,673.2640574045212,554.4118050434057
0.8520000000000006,123.28863525390625,125.66370614359174,1.4051576134240777,664.4780626552994,552.1922965558523
0.8530000000000006,123.43474578857422,125.66370614359174,1.3833165757715704,622.4586383035615,524.3617034337859
0.8540000000000006,123.57040405273438,125.66370614359174,1.3389556242336935,588.2476713884689,499.1529416847832
0.8550000000000006,123.70001983642578,125.66370614359174,1.2920703985377882,572.7867805899932,484.7688603602673
0.8560000000000006,123.82974243164062,125.66370614359174,1.2623044212016286,581.2748130927405,485.58264134893847
0.8570000000000007,123.96598815917969,125.66370614359174,1.2646252600318229,590.1852333107413,502.3214185208699
0.8580000000000007,124.09416198730469,125.66370614359174,1.2416834754495452,565.2517696186311,482.85750819135353
0.8590000000000007,124.21809387207031,125.66370614359174,1.2156178459257219,556.4284064295634,472.8201270867067
0.8600000000000007,124.34342193603516,125.66370614359174,1.2047097131106284,556.0310266340248,476.8375831459766
0.8610000000000007,124.45846557617188,125.66370614359174,1.186374171407475,521.1220852732512,451.6912488548315
0.8620000000000007,124.56561279296875,125.66370614359174,1.150497608009411,497.3377167505405,432.4475572245994
0.8630000000000007,124.67015838623047,125.66370614359174,1.117309885446769,494.09283287259154,426.3647615015016
0.8640000000000007,124.77863311767578,125.66370614359174,1.1061546569228349,502.42696321704864,436.57051647932354
0.8650000000000007,124.87905883789062,125.66370614359174,1.0912617472158073,475.70135642199693,416.83774093280977
0.8660000000000007,124.97441101074219,125.66370614359174,1.0631443849704725,461.7724719136121,404.5042183650239
0.8670000000000007,125.07022094726562,125.66370614359174,1.0423274444572914,468.8843026535041,406.00944502871937
0.8680000000000007,125.17292785644531,125.66370614359174,1.0473876621194054,485.77260746925896,423.6267069264005
0.8690000000000007,125.26956939697266,125.66370614359174,1.0440142723034669,466.31696087408835,408.77982712954855
0.8700000000000007,125.3629379272461,125.66370614359174,1.0295180138912108,458.81887965944014,400.9220248337894
0.8710000000000007,125.45820617675781,125.66370614359174,1.023191561414484,470.81720425214064,406.01440321385144
0.8720000000000007,125.56123352050781,125.66370614359174,1.0415218573534628,489.1456359548681,425.86240337415967
0.8730000000000007,125.65784454345703,125.66370614359174,1.0444829606316923,469.19917278190513,410.09303347432547
0.8740000000000007,125.75054168701172,125.66370614359174,1.035526013131505,459.8568055313699,400.5735151230929
0.8750000000000007,125.84413146972656,125.66370614359174,1.0323991580018272,468.49567733802974,403.1678374833356
0.8760000000000007,125.94409942626953,125.66370614359174,1.0503345823886876,481.9112270893439,419.57488153633494
0.8770000000000007,126.03532409667969,125.66370614359174,1.050687336140963,454.8921019582837,397.85190534715485
0.8780000000000007,126.12040710449219,125.66370614359174,1.0370202852569033,438.32133131287196,382.66821205106277
0.8790000000000007,126.20430755615234,125.66370614359174,1.0263377799967375,439.70598827529926,379.9689806208055
0.8800000000000007,126.29264068603516,125.66370614359174,1.034028754758858,447.6184114028736,391.461930534923
0.8810000000000007,126.36984252929688,125.66370614359174,1.0277236193116643,413.1865136034464,363.5757147715366
0.8820000000000007,126.43914031982422,125.66370614359174,1.0054872711905627,390.62063363977256,343.8141073238822
0.8830000000000007,126.50609588623047,125.66370614359174,0.984463597452558,387.47236151252497,338.0971414679672
0.8840000000000007,126.57687377929688,125.66370614359174,0.9811360846780472,394.6025120488429,347.9868880712462
0.8850000000000007,126.63580322265625,125.66370614359174,0.9701106052668955,357.9575865893019,318.16787870293007
0.8860000000000007,126.68692779541016,125.66370614359174,0.9422665122856024,335.2376041641342,298.5202345201046
0.8870000000000007,126.73648071289062,125.66370614359174,0.9155150798896341,333.7382834167904,294.6836284511608
0.8880000000000007,126.79116821289062,125.66370614359174,0.9078088371158016,345.68270685536953,307.82767496479704
0.8890000000000007,126.835205078125,125.66370614359174,0.8974434836613254,312.8192920901007,280.9549265336788
0.8900000000000007,126.8731689453125,125.66370614359174,0.8707651992414437,295.2913861067005,265.62982342279196
0.8910000000000007,126.91165161132812,125.66370614359174,0.846635468596203,299.9031247952051,267.0411570505602
0.8920000000000007,126.9574966430664,125.66370614359174,0.8440612055288851,327.7504744470702,285.8529022788832
0.8930000000000007,127.01639556884766,125.66370614359174,0.8762409402786765,357.31393535664864,319.1511951914139
0.8940000000000007,127.06829833984375,125.66370614359174,0.8754895922454591,338.5232098844012,301.51057289893674
0.8950000000000007,127.11837768554688,125.66370614359174,0.8729781919511901,337.1069413957183,297.0363235222492
0.8960000000000007,127.17259979248047,125.66370614359174,0.884337881252987,345.06860189185596,307.6885717466897
0.8970000000000007,127.21383666992188,125.66370614359174,0.8831186253133074,306.53651847432707,274.77274670390597
0.8980000000000007,127.24658966064453,125.66370614359174,0.8636310380010584,282.36022501209874,253.2791650759053
0.8990000000000007,127.27745819091797,125.66370614359174,0.8425548642046033,279.5526054693188,248.54065973829242
0.9000000000000007,127.31328582763672,125.66370614359174,0.8375666519268934,299.4269650945781,261.254118895056
0.9010000000000007,127.35977935791016,125.66370614359174,0.8622449694107795,322.18457047099196,288.5196012625983
0.9020000000000007,127.39651489257812,125.66370614359174,0.8565484881527259,295.05879386650474,263.7550889732059
0.9030000000000007,127.4293212890625,125.66370614359174,0.8460209393531211,286.60746200847467,253.82403768443828
0.9040000000000007,127.4647445678711,125.66370614359174,0.8465992502608466,291.3857495345797,260.5834764337054
0.9050000000000007,127.48558044433594,125.66370614359174,0.8418757328997517,248.07316304081297,223.44265442325658
0.9060000000000007,127.4972915649414,125.66370614359174,0.8161973983287459,221.3717988397099,200.19893053337074
0.9070000000000007,127.50730895996094,125.66370614359174,0.7864980526244231,218.08736056344608,195.88234233028322
0.9080000000000007,127.52313995361328,125.66370614359174,0.7720472156082305,239.2274146446235,210.7643864456631
0.9090000000000007,127.5510025024414,125.66370614359174,0.7890466277752755,267.2654535669626,241.48563129359349
0.9100000000000007,127.57041931152344,125.66370614359174,0.7833751913442492,243.72080879438406,219.98799366664105
0.9110000000000007,127.5877914428711,125.66370614359174,0.7727860005551923,240.3084268291136,214.80428918547483
0.9120000000000007,127.61001586914062,125.66370614359174,0.7746165573300556,259.1761934841963,227.24035292671914
0.9130000000000007,127.64276885986328,125.66370614359174,0.8030429948207609,282.1588347287159,254.17960120373837
0.9140000000000007,127.6650619506836,125.66370614359174,0.8015396705907912,253.27600181421207,227.53517843031196
0.9150000000000007,127.68317413330078,125.66370614359174,0.7933403288975918,243.79900798122299,216.87410619860108
0.9160000000000007,127.70394897460938,125.66370614359174,0.7944165483817723,256.1950755431886,223.74738386781473
0.9170000000000007,127.73312377929688,125.66370614359174,0.8185262117362349,273.0176732034713,245.24564652775572
0.9180000000000007,127.74970245361328,125.66370614359174,0.8137832593922045,237.8174343519282,213.0870182489916
0.9190000000000007,127.76030731201172,125.66370614359174,0.8001452174205562,222.7772397139002,197.87142345535634
0.9200000000000007,127.77222442626953,125.66370614359174,0.7933835124081248,230.5538624404404,201.23774587511636
0.9210000000000007,127.79158782958984,125.66370614359174,0.8081235308195827,245.27597975309916,220.30284415258623
0.9220000000000007,127.79763793945312,125.66370614359174,0.7993029877142286,207.64908027074875,186.30134017714445
0.9230000000000007,127.79757690429688,125.66370614359174,0.7798398370994958,191.56179034558784,170.66201357226728
0.9240000000000007,127.79915618896484,125.66370614359174,0.7662107658617406,199.61698820014206,174.88147427452247
0.9250000000000007,127.80895233154297,125.66370614359174,0.774506592440916,217.2771693027393,195.8836304272465
0.9260000000000007,127.80638122558594,125.66370614359174,0.7643678918044057,182.0866884991457,164.2760367517535
0.9270000000000007,127.79899597167969,125.66370614359174,0.743127754508903,169.41527487574677,151.946546218537
0.9280000000000007,127.7947998046875,125.66370614359174,0.7283594542094481,181.61579238136292,160.10789506387277
0.9290000000000007,127.80049896240234,125.66370614359174,0.7374145069059976,204.49360713276604,185.3904008868096
0.9300000000000007,127.7954330444336,125.66370614359174,0.7298515802017778,173.97515753763992,157.88858132382643
0.9310000000000007,127.78714752197266,125.66370614359174,0.7121307412137707,166.00886751951296,149.63349300295846
0.9320000000000007,127.78353881835938,125.66370614359174,0.7025451190331613,182.67285443962217,161.58915126344917
0.9330000000000007,127.79110717773438,125.66370614359174,0.7186095902267078,209.1989277677235,190.1668857281567
0.9340000000000007,127.78892517089844,125.66370614359174,0.7158936285298613,181.87604184424217,165.22310761741028
0.9350000000000007,127.78424072265625,125.66370614359174,0.7042982144951854,176.39488575404613,158.8360567197832
0.9360000000000007,127.78466033935547,125.66370614359174,0.7018538599650888,194.6989514892014,171.88265325547047
0.9370000000000007,127.79635620117188,125.66370614359174,0.7251082133129237,221.23630237289953,200.72773974871637
0.9380000000000007,127.7980728149414,125.66370614359174,0.7260332252605779,193.61857179403322,175.22414756889896
0.9390000000000007,127.79682159423828,125.66370614359174,0.718395261790351,187.06823299459293,167.6137434270397
0.9400000000000007,127.7999496459961,125.66370614359174,0.7193528240912925,203.58028759514593,178.84521070490422
0.9410000000000007,127.81346130371094,125.66370614359174,0.7444705241926405,227.3415308621723,205.3764479400691
0.9420000000000007,127.81590270996094,125.66370614359174,0.7458165031146192,196.74162250036386,177.11083743042846
0.9430000000000007,127.81425476074219,125.66370614359174,0.7377294599279397,186.9698966531843,166.63558971997222
0.9440000000000007,127.81587982177734,125.66370614359174,0.7367215440550708,200.17295997984326,175.02473494462077
0.9450000000000007,127.82682800292969,125.66370614359174,0.7581511498730462,221.03752652545745,198.8516569722481
0.9460000000000007,127.82568359375,125.66370614359174,0.7575486654765593,187.33860686748244,167.95232098958786
0.9470000000000007,127.81961059570312,125.66370614359174,0.7460914306988821,174.87531638819874,155.34126385668975
0.9480000000000007,127.81620025634766,125.66370614359174,0.740242986889769,185.91088439195815,162.1530172730092
0.9490000000000007,127.82172393798828,125.66370614359174,0.755904585741904,206.0527877231783,184.99181234360515
0.9500000000000007,127.8149185180664,125.66370614359174,0.7530811694710375,171.36641465730563,153.4599917679555
0.9510000000000007,127.80320739746094,125.66370614359174,0.7382272803364697,158.60123125270286,140.91457730407126
0.9520000000000007,127.79444885253906,125.66370614359174,0.7282717543125224,170.02078832066735,148.4380286170074
0.9530000000000007,127.79512786865234,125.66370614359174,0.7400170636610736,191.98781038802875,172.55618615927608
0.9540000000000007,127.78407287597656,125.66370614359174,0.736445497477985,158.8092915312357,142.55969557121938
0.9550000000000007,127.76888275146484,125.66370614359174,0.7204735951198031,148.00805023270826,131.96014455431
0.9560000000000007,127.75751495361328,125.66370614359174,0.7096904113660288,161.75021417509828,141.72087041362803
0.9570000000000007,127.75652313232422,125.66370614359174,0.7216366816267485,186.6050676421638,168.24241934169123
0.9580000000000007,127.74471282958984,125.66370614359174,0.7193936060412176,156.00961357997124,140.56596223459448
0.9590000000000007,127.72962951660156,125.66370614359174,0.7051967038976327,147.74780511325642,132.19432592380116
0.9600000000000007,127.71917724609375,125.66370614359174,0.6970529263347865,163.87853234736772,143.99573709569995
0.9610000000000007,127.71979522705078,125.66370614359174,0.7126222278808176,190.6842726375998,172.28867806623606
0.9620000000000007,127.71013641357422,125.66370614359174,0.7129024719391609,161.80854119845628,146.0104952975949
0.9630000000000007,127.69757843017578,125.66370614359174,0.7018949209779449,154.83837620050087,138.6066334330579
0.9640000000000007,127.68985748291016,125.66370614359174,0.6975050717964676,171.80046109873246,150.9377369265935
0.9650000000000007,127.69325256347656,125.66370614359174,0.7169150680425999,198.5827470775135,179.33242235818938
0.9660000000000007,127.68624877929688,125.66370614359174,0.7191741637317031,169.538916256135,152.74598136265413
0.9670000000000007,127.67606353759766,125.66370614359174,0.710342874300509,161.945941932773,144.62931462985776
0.9680000000000007,127.67030334472656,125.66370614359174,0.7078820060391826,177.89640313141243,155.9194153915076
0.9690000000000007,127.67516326904297,125.66370614359174,0.7284276137478357,203.1708057799101,183.02810292148345
0.9700000000000008,127.66902160644531,125.66370614359174,0.7310450105474222,172.52294511308867,154.95353563148282
0.9710000000000008,127.65909576416016,125.66370614359174,0.7221107022757911,163.15640345546737,145.24886669860186
0.9720000000000008,127.65296936035156,125.66370614359174,0.7187119800297905,177.28282275165134,154.95479455393783
0.9730000000000008,127.65687561035156,125.66370614359174,0.7373203252146051,200.99154607624098,180.57711502827374
0.9740000000000008,127.64923858642578,125.66370614359174,0.7389854247386628,168.67451349243362,151.09114106539593
0.9750000000000008,127.63733673095703,125.66370614359174,0.7282836955618901,157.8113016861848,140.19561935839513
0.9760000000000008,127.62889862060547,125.66370614359174,0.7222457162498488,170.7154070948121,149.0003051488843
0.9770000000000008,127.6302719116211,125.66370614359174,0.7376171846105901,194.02024202237823,174.05987466281232
0.9780000000000008,127.61996459960938,125.66370614359174,0.7381151772863414,161.15619297791073,144.2372700735489
0.9790000000000008,127.60539245605469,125.66370614359174,0.7255395250633059,150.06622734530495,133.3315057765487
0.9800000000000008,127.59440612792969,125.66370614359174,0.7171655328214173,163.10561430101544,142.46232427946205
0.9810000000000008,127.59349822998047,125.66370614359174,0.7302395308106212,187.37335968506707,168.1760590129973
0.9820000000000008,127.58123016357422,125.66370614359174,0.7303586376207242,155.29882423081523,139.1820530406322
0.9830000000000008,127.56509399414062,125.66370614359174,0.7171280572397366,145.19770833776766,129.27842455926174
0.9840000000000008,127.55299377441406,125.66370614359174,0.7081821313319636,159.41617006158194,139.56008953037062
0.9850000000000008,127.55146789550781,125.66370614359174,0.721183315194909,185.23404557735142,166.54063248830457
0.9860000000000008,127.53907775878906,125.66370614359174,0.7220568342021414,154.5413597172832,138.80934361333934
0.9870000000000008,127.52327728271484,125.66370614359174,0.7097327424016532,145.75491096194804,130.07372401376205
0.9880000000000008,127.51192474365234,125.66370614359174,0.7020760275767459,161.20686042895355,141.4167709389527
0.9890000000000008,127.51152801513672,125.66370614359174,0.7168426103707134,188.1006982527044,169.3423349935717
0.9900000000000008,127.50056457519531,125.66370614359174,0.7191315701827543,158.35091704235228,142.39756369946917
0.9910000000000008,127.48638916015625,125.66370614359174,0.7084912068682153,150.23098428562258,134.16974921045212
0.9920000000000008,127.47676849365234,125.66370614359174,0.7027523650334438,166.09921559951283,145.77673852102382
0.9930000000000008,127.47811889648438,125.66370614359174,0.7194575628358959,193.03059803636765,173.76194301170452
0.9940000000000008,127.46886444091797,125.66370614359174,0.7229288067413273,163.2245077297387,146.69633731358502
0.9950000000000008,127.45623779296875,125.66370614359174,0.7135005425482778,154.75014436233698,138.07712038080038
0.9960000000000008,127.44793701171875,125.66370614359174,0.708785398195046,170.0452456986639,149.10265739866816
0.9970000000000008,127.4503402709961,125.66370614359174,0.7260570018420693,196.21599861978228,176.39597568079535
0.9980000000000008,127.44183349609375,125.66370614359174,0.7298952829864437,165.57421842341654,148.5671942293271
0.9990000000000008,127.42961120605469,125.66370614359174,0.7205059527626184,156.11141752776626,139.07246437069304
1.0000000000000007,127.42137145996094,125.66370614359174,0.7153022580317338,170.37529712832858,149.20697978130715
1.0010000000000006,127.42351531982422,125.66370614359174,0.7314730936331572,195.7341217995881,175.68088216664339
1.0020000000000004,127.4144515991211,125.66370614359174,0.7349703979304713,164.19784683411137,147.1110798071546
1.0030000000000003,127.40140533447266,125.66370614359174,0.7246996550940068,153.86825326479175,136.93352499320787
1.0040000000000002,127.39212036132812,125.66370614359174,0.7180357631215775,167.396523131951,146.52357174452766
1.0050000000000001,127.39309692382812,125.66370614359174,0.7323245410917893,192.54845937163267,172.6562058551372
1.006,127.38279724121094,125.66370614359174,0.7353378272116006,160.70248875585298,143.9102019510281
1.007,127.36848449707031,125.66370614359174,0.7240820254948604,150.17234046168673,133.67399648044722
1.0079999999999998,127.35799407958984,125.66370614359174,0.716060989875779,163.6826320545573,143.3729295405342
1.0089999999999997,127.35787963867188,125.66370614359174,0.7289139604591567,189.36365249979644,169.81728247717584
1.0099999999999996,127.34666442871094,125.66370614359174,0.7318577971415715,157.93075408416982,141.52814062679548
1.0109999999999995,127.33162689208984,125.66370614359174,0.720250963294097,147.86145549570358,131.7877254724496
1.0119999999999993,127.32063293457031,125.66370614359174,0.7117945247888318,161.9274256812238,142.05304917457136
1.0129999999999992,127.32028198242188,125.66370614359174,0.724386105286661,188.4774773664373,169.15684125285998
1.0139999999999991,127.30911254882812,125.66370614359174,0.7278769048164322,157.80183839609438,141.58247077915328
1.014999999999999,127.29435729980469,125.66370614359174,0.7167568941261042,148.39463100504122,132.4517242994394
1.015999999999999,127.28385925292969,125.66370614359174,0.7088625829951171,163.07194869355806,143.25992689260647
1.0169999999999988,127.28421020507812,125.66370614359174,0.7221872973638255,190.26719120838354,170.8743575176968
1.0179999999999987,127.27391815185547,125.66370614359174,0.726601096798272,160.1421475840042,143.78467155586688
1.0189999999999986,127.26016235351562,125.66370614359174,0.7164069643989424,151.07275553170348,134.92965568646454
1.0199999999999985,127.25070190429688,125.66370614359174,0.7094429234665454,165.94115460452412,145.86806190190467
1.0209999999999984,127.25211334228516,125.66370614359174,0.7236380294338204,193.24000146961643,173.52853755906483
1.0219999999999982,127.24288940429688,125.66370614359174,0.7288866865313187,163.14121240110225,146.4456850772568
1.0229999999999981,127.23011016845703,125.66370614359174,0.7194094907170834,153.86506001916453,137.38527122047572
1.023999999999998,127.22151184082031,125.66370614359174,0.7129462921431632,168.38935946585286,147.99513177102128
1.024999999999998,127.2236328125,125.66370614359174,0.7273213254876972,195.35524594091498,175.28811851597564
1.0259999999999978,127.21497344970703,125.66370614359174,0.7329958729615114,164.85328727012495,147.85641922730338
1.0269999999999977,127.20257568359375,125.66370614359174,0.7236341725146452,155.01170019970493,138.31400877545838
1.0279999999999976,127.19415283203125,125.66370614359174,0.7168774368864167,168.92248587450683,148.40845074664244
1.0289999999999975,127.19627380371094,125.66370614359174,0.7305308556792873,195.5049152078533,175.242934519697
1.0299999999999974,127.1874771118164,125.66370614359174,0.7362497252491246,164.5455773361171,147.45480545948922
1.0309999999999973,127.1747817993164,125.66370614359174,0.726497156719427,154.17853440104597,137.51279402597433
1.0319999999999971,127.1659164428711,125.66370614359174,0.7188944013788137,167.6089420115271,147.2572488727305
1.032999999999997,127.16751861572266,125.66370614359174,0.7313562041188322,194.11433635383705,173.8716761222583
1.033999999999997,127.1581802368164,125.66370614359174,0.7370251376254978,162.9968108436561,146.0191572393708
1.0349999999999968,127.14490509033203,125.66370614359174,0.7267955896092622,152.4487443672212,136.00342088144347
1.0359999999999967,127.13545989990234,125.66370614359174,0.7183588916160835,165.77413166788915,145.74268436451825
1.0369999999999966,127.13654327392578,125.66370614359174,0.7298201812451675,192.5982181296122,172.48607994179554
1.0379999999999965,127.12677764892578,125.66370614359174,0.735651338853116,161.71591385139882,144.9159847169362
1.0389999999999964,127.1131820678711,125.66370614359174,0.7252648865449487,151.34947569667145,135.13331208881732
1.0399999999999963,127.103515625,125.66370614359174,0.7164635663564931,164.888340677745,145.12466124227905
1.0409999999999962,127.10449981689453,125.66370614359174,0.7275332262898143,192.23233035239264,172.19818020484178
1.041999999999996,127.09481811523438,125.66370614359174,0.7338616602109359,161.79208963325706,145.07005564843104
1.042999999999996,127.0814208984375,125.66370614359174,0.7237673177456242,151.73650965104844,135.6016601742073
1.0439999999999958,127.07205963134766,125.66370614359174,0.7151373398397587,165.53916034179014,145.85148416899543
1.0449999999999957,127.07345581054688,125.66370614359174,0.7263583961423815,201.08080008890374,173.1932738457246
1.0459999999999956,127.09008026123047,125.66370614359174,0.7699086099551242,236.44044919405988,211.91054878236298
1.0469999999999955,127.09766387939453,125.66370614359174,0.7776344271711089,212.95559609803473,188.97154309290542
1.0479999999999954,127.10303497314453,125.66370614359174,0.7818594338312236,210.0508426448451,183.34150177462124
1.0489999999999953,127.11275482177734,125.66370614359174,0.7973060656234946,219.08295238162438,194.41119821931915
1.0499999999999952,127.10565948486328,125.66370614359174,0.801755317026698,171.6474223325582,151.65475877511042
1.050999999999995,127.089111328125,125.66370614359174,0.7858122892003856,145.03694433430516,127.60310360338546
1.051999999999995,127.07159423828125,125.66370614359174,0.7649058339509103,143.73826021331686,125.12514498296562
1.0529999999999948,127.06080627441406,125.66370614359174,0.7567881297810448,166.43451072801037,142.2201660139268
1.0539999999999947,127.06217193603516,125.66370614359174,0.7761529601453488,193.90237552408715,173.09057574003285
1.0549999999999946,127.05262756347656,125.66370614359174,0.7711895905233084,163.91050615115108,145.34814370143832
1.0559999999999945,127.0401382446289,125.66370614359174,0.7590314897310194,157.45832214525197,137.86217810963333
1.0569999999999944,127.0324478149414,125.66370614359174,0.7563487518111613,174.67908427728764,150.0505006916309
1.0579999999999943,127.03485870361328,125.66370614359174,0.7769239800493006,196.33048717377582,175.6861873263949
1.0589999999999942,127.02482604980469,125.66370614359174,0.7716462187740438,162.13181912220986,144.0919374890492
1.059999999999994,127.01062774658203,125.66370614359174,0.7576766820729607,152.04271062650696,133.47447571721852
1.060999999999994,127.00035858154297,125.66370614359174,0.7515169582183149,166.35015754553046,143.43025008853232
1.0619999999999938,126.99931335449219,125.66370614359174,0.7669626240012003,185.98936752958917,166.86953244172636
1.0629999999999937,126.98573303222656,125.66370614359174,0.7593829515262978,151.27085018317072,135.01247939722307
1.0639999999999936,126.96818542480469,125.66370614359174,0.7423675769021345,141.45904256554257,124.90912073333222
1.0649999999999935,126.95506286621094,125.66370614359174,0.7329890742926173,156.76587900771233,136.13347080262471
1.0659999999999934,126.95153045654297,125.66370614359174,0.7453628651931876,177.9137960340434,160.48532477733934
1.0669999999999933,126.93648529052734,125.66370614359174,0.7374901950425018,145.933986930694,131.2258086888084
1.0679999999999932,126.91856384277344,125.66370614359174,0.7205010544028375,139.13370463658188,123.89824368290554
1.068999999999993,126.90620422363281,125.66370614359174,0.712208281680649,157.52449326166828,137.9907889634454
1.069999999999993,126.9041748046875,125.66370614359174,0.7265210911847367,181.05459421728878,164.2197423717058
1.0709999999999928,126.89178466796875,125.66370614359174,0.7211092994042232,152.4513324276054,137.91053343925793
1.0719999999999927,126.87747955322266,125.66370614359174,0.7076492306187762,148.59088675941416,133.0252101550124
1.0729999999999926,126.86949157714844,125.66370614359174,0.7041989418051513,169.29039261607187,149.03803378716756
1.0739999999999925,126.87205505371094,125.66370614359174,0.7234814123624552,193.49673636014526,175.8082250253454
1.0749999999999924,126.86470031738281,125.66370614359174,0.7215763824256036,166.4015296172924,150.63497201799078
1.0759999999999923,126.85555267333984,125.66370614359174,0.7124394892963043,163.23787464734983,146.08210902638908
1.0769999999999922,126.85257720947266,125.66370614359174,0.7136826350096929,183.74557615859547,161.73903102273007
1.077999999999992,126.8594970703125,125.66370614359174,0.7364230342773773,206.11706343887494,186.84655018437223
1.078999999999992,126.8560562133789,125.66370614359174,0.736624020174428,177.949457606121,160.5525347148627
1.0799999999999919,126.85015106201172,125.66370614359174,0.7294323753191211,173.05426393511,154.29311430453578
1.0809999999999917,126.84959411621094,125.66370614359174,0.7318122561548713,191.23934180492793,167.86248618603318
1.0819999999999916,126.85774993896484,125.66370614359174,0.7537970617683444,210.43120730708597,189.97625700360356
1.0829999999999915,126.85470581054688,125.66370614359174,0.7538078636532732,179.85822871409758,161.55830478230777
1.0839999999999914,126.84832000732422,125.66370614359174,0.7454099645366182,172.37855959612097,153.07859393109726
1.0849999999999913,126.84645080566406,125.66370614359174,0.7452538029924431,187.94913993936638,164.53463308268962
1.0859999999999912,126.8522720336914,125.66370614359174,0.7631240580482288,204.59618798745893,184.0334238409505
1.086999999999991,126.84636688232422,125.66370614359174,0.7615952760165692,172.30205609572548,154.28805097088875
1.087999999999991,126.83670806884766,125.66370614359174,0.7503867982239268,163.34163179731584,144.76234163200706
1.0889999999999909,126.8313217163086,125.66370614359174,0.7463214844681353,177.79955154188335,155.58163435872936
1.0899999999999908,126.8332290649414,125.66370614359174,0.7594791577034143,193.82114982873853,174.0777625510198
1.0909999999999906,126.82360076904297,125.66370614359174,0.7566404350350859,161.76334466089597,144.8193337074275
1.0919999999999905,126.81053924560547,125.66370614359174,0.7432072670347901,153.35543865387663,136.0800713692677
1.0929999999999904,126.80218505859375,125.66370614359174,0.7365155316430914,168.71576614492798,148.02826229555768
1.0939999999999903,126.80136108398438,125.66370614359174,0.7469552459663789,185.8457335200207,167.10782458972076
1.0949999999999902,126.78977966308594,125.66370614359174,0.74422049035,155.7501923011743,139.79647788163615
1.09599999999999,126.7755126953125,125.66370614359174,0.73065038422877,149.34809260871288,132.99817596830604
1.09699999999999,126.76673889160156,125.66370614359174,0.7241288408997751,166.69354375707942,146.8916859116924
1.0979999999999899,126.76591491699219,125.66370614359174,0.734866715331433,185.36035607070886,167.05439250068443
1.0989999999999898,126.75516510009766,125.66370614359174,0.7338467151393538,157.59620865096403,141.86542297157033
1.0999999999999897,126.74242401123047,125.66370614359174,0.7222543861667763,153.17968516507597,136.80711078692704
1.1009999999999895,126.73572540283203,125.66370614359174,0.718232106095895,172.06445576160323,152.1045570760493
1.1019999999999894,126.73710632324219,125.66370614359174,0.7311624335229082,191.31656762897805,172.59955095307714
1.1029999999999893,126.72898864746094,125.66370614359174,0.7325393357674079,164.85424186441892,148.50541135823954
1.1039999999999892,126.7190933227539,125.66370614359174,0.723573656251159,161.1636279801598,143.97432736967804
1.104999999999989,126.71526336669922,125.66370614359174,0.7222743846815624,180.14534271909676,159.34872161669432
1.105999999999989,126.7191390991211,125.66370614359174,0.7369226556078025,198.5089437571219,178.87827599415675
1.1069999999999889,126.71340942382812,125.66370614359174,0.7400350092846508,171.82852602882377,154.52911846995198
1.1079999999999888,126.70560455322266,125.66370614359174,0.7325655730020726,167.4003331064864,149.27236825159946
1.1089999999999887,126.7034683227539,125.66370614359174,0.7322152937930368,185.16658858502245,163.6224128839646
1.1099999999999886,126.70830535888672,125.66370614359174,0.7464572659457726,201.7199025872663,181.30238868464835
1.1109999999999884,126.70315551757812,125.66370614359174,0.7499920283975575,173.91338021338714,155.98619760411722
1.1119999999999883,126.69547271728516,125.66370614359174,0.7422234921213408,168.0966832033518,149.55823879023302
1.1129999999999882,126.69298553466797,125.66370614359174,0.7406676028312829,184.33045547213928,162.71085602920064
1.113999999999988,126.69676971435547,125.66370614359174,0.7525257150457769,199.23940403835678,178.60459649676852
1.114999999999988,126.69029998779297,125.66370614359174,0.755553365721267,170.531531110333,152.63106689425263
1.115999999999988,126.6810531616211,125.66370614359174,0.7463772930058096,163.80036173911722,145.56854079048398
1.1169999999999878,126.67681121826172,125.66370614359174,0.7425882031316622,179.23826101947856,158.24975769085893
1.1179999999999877,126.678466796875,125.66370614359174,0.7514853663602296,193.4767975545443,173.18312543185212
1.1189999999999876,126.66999053955078,125.66370614359174,0.7539841795744062,164.90187391949965,147.5213452754039
1.1199999999999875,126.65888977050781,125.66370614359174,0.743554123841753,158.35582206980908,140.8299258633922
1.1209999999999873,126.65298461914062,125.66370614359174,0.7380429765909949,174.07636425354838,153.99546123585205
1.1219999999999872,126.65296173095703,125.66370614359174,0.7448533879195673,188.55201652428053,168.89510324288685
1.1229999999999871,126.64299011230469,125.66370614359174,0.7471194559606421,160.31087239893685,143.69649999249467
1.123999999999987,126.63052368164062,125.66370614359174,0.7357858677687655,153.89253815186524,137.33840354860405
1.124999999999987,126.62323760986328,125.66370614359174,0.7286548744610629,169.51650385057525,150.45469702086731
1.1259999999999868,126.6222915649414,125.66370614359174,0.7343206908640317,185.42679266190672,166.51186757346255
1.1269999999999867,126.61168670654297,125.66370614359174,0.7367907956737628,157.89460250643873,142.02131384901628
1.1279999999999866,126.5988540649414,125.66370614359174,0.7253961641939144,152.21358081530184,136.39303616879732
1.1289999999999865,126.59154510498047,125.66370614359174,0.7182228700317457,168.80929018625972,150.34033864581207
1.1299999999999863,126.59127807617188,125.66370614359174,0.72460423264754,186.79685541076495,168.18174659239648
1.1309999999999862,126.58177947998047,125.66370614359174,0.7284769222083057,160.49403765288528,144.77926851952304
1.1319999999999861,126.57037353515625,125.66370614359174,0.7185600534220317,155.7553891054684,139.95168596490666
1.132999999999986,126.5647201538086,125.66370614359174,0.7130494010483017,173.17123031901056,154.50926801672279
1.133999999999986,126.56664276123047,125.66370614359174,0.7215768911049133,192.66013467190197,173.67104187231928
1.1349999999999858,126.55949401855469,125.66370614359174,0.7274499489925325,166.92649187849187,150.70206414981536
1.1359999999999857,126.55043029785156,125.66370614359174,0.7195454588329389,162.25545724944539,145.8431625707493
1.1369999999999856,126.54698181152344,125.66370614359174,0.7158892583455966,179.44553243389439,160.0538992884626
1.1379999999999855,126.55121612548828,125.66370614359174,0.7262460978826608,199.29490326612935,179.51670448370675
1.1389999999999854,126.54615020751953,125.66370614359174,0.7336319008706476,172.9548174726854,155.9483554944052
1.1399999999999852,126.53876495361328,125.66370614359174,0.7268534695597575,167.19239617833185,150.07706607131675
1.1409999999999851,126.53651428222656,125.66370614359174,0.7236285389109355,183.10222537362966,163.05746955156474
1.141999999999985,126.5417709350586,125.66370614359174,0.7340828193186696,202.54029975734147,182.0758442008962
1.142999999999985,126.53723907470703,125.66370614359174,0.7419093663508299,174.82323143891387,157.30528406184322
1.1439999999999848,126.52983856201172,125.66370614359174,0.7347664349917918,167.39823910668025,150.02691845234122
1.1449999999999847,126.52701568603516,125.66370614359174,0.7301530972611283,181.7225818726087,161.60018461980223
1.1459999999999846,126.53154754638672,125.66370614359174,0.7389554861017105,200.87910128587987,180.21741400885227
1.1469999999999845,126.5259017944336,125.66370614359174,0.7464242732727562,171.92985492569773,154.46477062946798
1.1479999999999844,126.51699829101562,125.66370614359174,0.7379452326135092,163.20256117842806,146.19523877364378
1.1489999999999843,126.51234436035156,125.66370614359174,0.7310102137183824,176.52153488047557,156.94582392932904
1.1499999999999841,126.51517486572266,125.66370614359174,0.7375550212532361,199.78315048671405,175.89043660009636
1.150999999999984,126.524169921875,125.66370614359174,0.7594488539115171,213.3592440152249,191.51165576413834
1.151999999999984,126.52680206298828,125.66370614359174,0.7633611794615576,196.7947268999287,175.39768987241504
1.1529999999999838,126.5301513671875,125.66370614359174,0.7651475358501942,200.5808680363461,177.21715652307574
1.1539999999999837,126.53765106201172,125.66370614359174,0.7751201760773047,210.78547974208703,187.74245761074204
1.1549999999999836,126.53125762939453,125.66370614359174,0.7820751147229275,171.36958362166038,152.58041203171388
1.1559999999999835,126.51806640625,125.66370614359174,0.7692257806384571,152.20452155247972,135.36368594151426
1.1569999999999834,126.50605010986328,125.66370614359174,0.7528853840678241,156.30989412919106,138.3167482588998
1.1579999999999833,126.49978637695312,125.66370614359174,0.7470862800243195,174.02553008538422,152.84422112898753
1.1589999999999832,126.4985580444336,125.66370614359174,0.7561750010290942,184.70911620123294,165.59839996294303
1.159999999999983,126.4898452758789,125.66370614359174,0.7522489488694802,164.09901690634538,146.6384332858822
1.160999999999983,126.48138427734375,125.66370614359174,0.7431887944866044,165.91682189062948,147.28441216388077
1.1619999999999828,126.4780502319336,125.66370614359174,0.7426572875441608,181.87742529124523,160.2301687104833
1.1629999999999827,126.47907257080078,125.66370614359174,0.7547077827289418,190.68796788315984,171.24755915546444
1.1639999999999826,126.47158813476562,125.66370614359174,0.7525545363881694,167.3217964208901,149.72628729415922
1.1649999999999825,126.46338653564453,125.66370614359174,0.7438576276668298,166.43660799738382,147.90365830419452
1.1659999999999824,126.45982360839844,125.66370614359174,0.7426670589739712,180.9221054513365,159.62438210661102
1.1669999999999823,126.46024322509766,125.66370614359174,0.7532740076185213,188.7963761596851,169.69331944741106
1.1679999999999822,126.45158386230469,125.66370614359174,0.750455124968831,163.7264888511629,146.73990920697997
1.168999999999982,126.4417724609375,125.66370614359174,0.7400341945562073,161.51240663965126,143.79064053737085
1.169999999999982,126.43669128417969,125.66370614359174,0.7368427129206385,176.1187343825567,155.75238924942676
1.1709999999999818,126.4358139038086,125.66370614359174,0.7456084368519192,184.77695854426412,166.3819345251527
1.1719999999999817,126.42588806152344,125.66370614359174,0.7424005823183685,159.63015368522562,143.47884844088668
1.1729999999999816,126.41488647460938,125.66370614359174,0.7309963604519243,157.62314253598274,140.75379983214066
1.1739999999999815,126.4091796875,125.66370614359174,0.7271093841186553,173.71395687696105,154.13295546853956
1.1749999999999814,126.40828704833984,125.66370614359174,0.7356735865548442,184.20879063714113,166.28402169162845
1.1759999999999813,126.39864349365234,125.66370614359174,0.7333740260493172,159.89443109133273,144.16410428387957
1.1769999999999812,126.38819122314453,125.66370614359174,0.7226953187235298,158.69939900276526,142.0993718192361
1.177999999999981,126.38365173339844,125.66370614359174,0.7200724518181889,176.5291249391372,157.04708158508615
1.178999999999981,126.38448333740234,125.66370614359174,0.7301690439020461,188.67906027277422,170.60146018784542
1.1799999999999808,126.3767318725586,125.66370614359174,0.7297506550425167,164.91226183918508,148.92106434897644
1.1809999999999807,126.36820983886719,125.66370614359174,0.7208478313078345,163.97842175771487,146.93768973023117
1.1819999999999806,126.36591339111328,125.66370614359174,0.7203547325836319,182.7389196498298,162.68909350117937
1.1829999999999805,126.36917877197266,125.66370614359174,0.7323337645156263,195.50676736955637,176.74705393291183
1.1839999999999804,126.36366271972656,125.66370614359174,0.7336946080316773,171.22061086991968,154.5343005038099
1.1849999999999803,126.35700225830078,125.66370614359174,0.7261608441165609,169.44236295210357,151.63079386774405
1.1859999999999802,126.35649871826172,125.66370614359174,0.7270220479358361,188.03452171185953,167.20835221503503
1.18699999999998,126.36139678955078,125.66370614359174,0.7398257514447468,200.41296508843357,180.84581672090508
1.18799999999998,126.3569564819336,125.66370614359174,0.742160767887114,174.59073933813366,157.24624627522286
1.1889999999999799,126.35072326660156,125.66370614359174,0.7347315936907718,171.00333569291254,152.70459942297276
1.1899999999999797,126.35020446777344,125.66370614359174,0.7349123634736761,188.29009388568406,167.1445444477356
1.1909999999999796,126.35480499267578,125.66370614359174,0.7465398116434988,200.0393459035348,180.0996227960326
1.1919999999999795,126.34950256347656,125.66370614359174,0.7486636745574211,172.47936589920909,155.05433538876227
1.1929999999999794,126.34183502197266,125.66370614359174,0.7398253307254358,167.07150418117547,149.0606516857192
1.1939999999999793,126.33938598632812,125.66370614359174,0.7373736400693617,182.91979039025992,162.263411218641
1.1949999999999792,126.34209442138672,125.66370614359174,0.7464992157091487,194.94749570633908,175.29178559130006
1.195999999999979,126.3346939086914,125.66370614359174,0.7479517303796767,166.5933442604899,149.71972795872247
1.196999999999979,126.32475280761719,125.66370614359174,0.7373704835494582,160.4682842403425,143.31190383040396
1.1979999999999789,126.31999206542969,125.66370614359174,0.732339760411335,176.09337921417128,156.37952628188626
1.1989999999999787,126.32086181640625,125.66370614359174,0.7394765735681933,189.6609977248507,170.60702347825077
1.1999999999999786,126.31183624267578,125.66370614359174,0.7408858473639338,161.75766904545387,145.6000608367361
1.2009999999999785,126.30050659179688,125.66370614359174,0.7295809781504565,156.0780900720247,139.7571370219245
1.2019999999999784,126.29463195800781,125.66370614359174,0.7234818936079707,172.46708978103698,153.5179266030851
1.2029999999999783,126.29512023925781,125.66370614359174,0.730324748200668,188.26850998330048,169.61281141785147
1.2039999999999782,126.28614044189453,125.66370614359174,0.7327876715664018,161.47329720225522,145.66960629875393
1.204999999999978,126.27517700195312,125.66370614359174,0.722250914992305,156.66112738631563,140.6522505878809
1.205999999999978,126.26995086669922,125.66370614359174,0.7168577858817593,173.93383886421103,155.13052051629265
1.2069999999999779,126.27176666259766,125.66370614359174,0.7250153101128449,191.69871808306965,172.909189946241
1.2079999999999778,126.2643814086914,125.66370614359174,0.7292929559990107,165.71382593053693,149.67776638214022
1.2089999999999776,126.25513458251953,125.66370614359174,0.720409520312263,161.25762841526588,144.94470519562634
1.2099999999999775,126.25162506103516,125.66370614359174,0.7164887372087733,178.69147234558687,159.44477660795886
1.2109999999999774,126.25550842285156,125.66370614359174,0.7263305563734921,197.49378869086064,178.10464119876852
1.2119999999999773,126.25013732910156,125.66370614359174,0.7323307834527412,171.38858686632958,154.73069068303073
1.2129999999999772,126.24266052246094,125.66370614359174,0.7247985288881773,166.30291026014274,149.40465175195664
1.213999999999977,126.2406005859375,125.66370614359174,0.7216509809686226,182.91673196543945,163.06719729642637
1.214999999999977,126.24595642089844,125.66370614359174,0.7321441095889093,201.88642541352527,181.80508737225512
1.2159999999999769,126.24171447753906,125.66370614359174,0.7390882377343945,174.8055708385772,157.5724103277769
1.2169999999999768,126.23490142822266,125.66370614359174,0.7317798298471434,168.35254894443392,151.0717846227494
1.2179999999999767,126.23300170898438,125.66370614359174,0.7279242817280436,183.59133538415088,163.4689644156498
1.2189999999999765,126.23844909667969,125.66370614359174,0.7375300161065361,202.49761356134485,182.02134202164436
1.2199999999999764,126.2339096069336,125.66370614359174,0.7446017520718092,174.2319623939635,156.82002532094614
1.2209999999999763,126.22637176513672,125.66370614359174,0.7364684691450096,166.38824141559851,149.21395766527965
1.2219999999999762,126.22332763671875,125.66370614359174,0.7307652825636923,180.4396672972524,160.58174336117224
1.222999999999976,126.22772216796875,125.66370614359174,0.7385415886583954,199.76812600360697,179.3357550052667
1.223999999999976,126.2219467163086,125.66370614359174,0.7454352119267074,170.8213183327955,153.66687463898734
1.2249999999999759,126.21295928955078,125.66370614359174,0.7361824217787775,162.20757334880352,145.55086567924673
1.2259999999999758,126.20832824707031,125.66370614359174,0.7285169208837086,175.7841789357735,156.54790859684172
1.2269999999999757,126.21148681640625,125.66370614359174,0.7346462017388267,199.7802501756384,176.20141266468835
1.2279999999999756,126.22113800048828,125.66370614359174,0.7563325429406436,214.23791559229872,192.60657138458853
1.2289999999999754,126.22459411621094,125.66370614359174,0.7603416528134399,198.15465359500823,176.964947838913
1.2299999999999753,126.22893524169922,125.66370614359174,0.7622277565414176,202.47896527552905,179.22161405586232
1.2309999999999752,126.2378158569336,125.66370614359174,0.7727189285983953,213.71144897892532,190.6964204825276
1.2319999999999751,126.23298645019531,125.66370614359174,0.7801613084962307,174.86645704498747,156.06761644236587
1.232999999999975,126.22146606445312,125.66370614359174,0.767814045172022,156.09479026090412,139.16879453182608
1.233999999999975,126.21118927001953,125.66370614359174,0.7521577169361578,160.48782278080125,142.29369757185236
1.2349999999999748,126.20696258544922,125.66370614359174,0.7473652439983336,179.01610232460413,157.54928977488817
1.2359999999999747,126.20802307128906,125.66370614359174,0.7573790816960613,190.38046755956867,170.8965933818392
1.2369999999999746,126.2015151977539,125.66370614359174,0.7543789481344693,169.65011194181335,151.8072905783296
1.2379999999999745,126.19512939453125,125.66370614359174,0.7460506826146832,171.18138435355158,152.08874238222901
1.2389999999999743,126.19400024414062,125.66370614359174,0.7464058390852614,187.47785690460273,165.3441504769518
1.2399999999999742,126.19729614257812,125.66370614359174,0.7590344079059715,196.4934786065329,176.52963612020002
1.2409999999999741,126.19181823730469,125.66370614359174,0.7575119927805507,172.40550528346725,154.36349722403594
1.241999999999974,126.1852798461914,125.66370614359174,0.7489981797088362,170.66953801913877,151.6905756539211
1.242999999999974,126.18339538574219,125.66370614359174,0.747989719223459,185.13273375998534,163.43231063247583
1.2439999999999738,126.18547821044922,125.66370614359174,0.7584202523704394,192.98948860162096,173.44532698358844
1.2449999999999737,126.17811584472656,125.66370614359174,0.7558141490394317,166.85692468493454,149.5896938084237
1.2459999999999736,126.16917419433594,125.66370614359174,0.7449149077219175,163.54374347149155,145.6106746170029
1.2469999999999735,126.16500854492188,125.66370614359174,0.7411565458814574,178.13906100194652,157.6416930966863
1.2479999999999734,126.16508483886719,125.66370614359174,0.7490906490888949,186.96226757472436,168.3446643584723
1.2489999999999732,126.15576934814453,125.66370614359174,0.745849757386677,160.8136497599248,144.63872880686966
1.2499999999999731,126.14503479003906,125.66370614359174,0.7335747543929952,157.8466457824808,141.0414322204378
1.250999999999973,126.1397705078125,125.66370614359174,0.7287680117311418,174.29141077392148,154.84013179544647
1.251999999999973,126.13951110839844,125.66370614359174,0.7363173821042177,185.41240072714396,167.45427303401857
1.2529999999999728,126.13029479980469,125.66370614359174,0.7340699489535963,160.4301636727178,144.84912624998657
1.2539999999999727,126.12004089355469,125.66370614359174,0.722596315721188,158.6227957262513,142.22021310733882
1.2549999999999726,126.11605072021484,125.66370614359174,0.719298404788618,177.2846270482558,158.0141234441442
1.2559999999999725,126.11778259277344,125.66370614359174,0.7287580549358655,190.5107728022288,172.43133362407238
1.2569999999999724,126.11083221435547,125.66370614359174,0.7287700826316591,166.39678129199416,150.54112327913026
1.2579999999999723,126.10295867919922,125.66370614359174,0.7195219389547802,165.11653249410685,148.19252880443614
1.2589999999999721,126.10176086425781,125.66370614359174,0.7189922785153254,185.01222171542312,165.0432700104187
1.259999999999972,126.10655975341797,125.66370614359174,0.7309601484940486,199.0459002594663,180.14484521985506
1.260999999999972,126.10247039794922,125.66370614359174,0.7331753667552914,174.47517260747088,157.75316623401466
1.2619999999999718,126.0970687866211,125.66370614359174,0.7257550873835049,172.18519718391468,154.41519889474188
1.2629999999999717,126.0978775024414,125.66370614359174,0.7263844829289026,190.8905563793071,170.08713403203106
1.2639999999999716,126.10456085205078,125.66370614359174,0.7391216935717787,204.67940993228777,184.9027550701609
1.2649999999999715,126.10183715820312,125.66370614359174,0.7422915206134874,178.6208302049177,161.17715706514593
1.2659999999999714,126.09713745117188,125.66370614359174,0.7349633512463253,174.45849327840054,156.20878772331355
1.2669999999999713,126.0979995727539,125.66370614359174,0.7345479454448884,191.3347971327463,170.20556114957432
1.2679999999999712,126.10453033447266,125.66370614359174,0.7460133275452001,204.73006589258773,184.53573921824955
1.268999999999971,126.10113525390625,125.66370614359174,0.7490395840765203,177.06478738920856,159.48312763419796
1.269999999999971,126.09522247314453,125.66370614359174,0.7404180556597455,171.15683524953275,153.12343368541102
1.2709999999999708,126.09436798095703,125.66370614359174,0.7375192235305705,186.6236105184662,165.89517834945224
1.2719999999999707,126.09925842285156,125.66370614359174,0.7466536347113363,200.39558119530284,180.37328969677102
1.2729999999999706,126.093994140625,125.66370614359174,0.74922629959485,171.90813899812585,154.761321351212
1.2739999999999705,126.08600616455078,125.66370614359174,0.7390517069366979,165.17526360928153,147.88359597228762
1.2749999999999704,126.08296966552734,125.66370614359174,0.7336898524616131,180.25648547789228,160.36633996948103
1.2759999999999703,126.08611297607422,125.66370614359174,0.7408892910290974,195.49206870001947,175.9583867626569
1.2769999999999702,126.07926177978516,125.66370614359174,0.743532375543904,167.262462677225,150.73908472922074
1.27799999999997,126.06983184814453,125.66370614359174,0.7326381884950951,160.7283793167744,144.21294008976167
1.27899999999997,126.06553649902344,125.66370614359174,0.7260564634059966,176.31678377283706,157.16047313249294
1.2799999999999698,126.068115234375,125.66370614359174,0.7327568623050454,193.66925115218152,174.493509882183
1.2809999999999697,126.06104278564453,125.66370614359174,0.7363980721614366,166.334391239788,150.1632501688992
1.2819999999999696,126.05165100097656,125.66370614359174,0.7260565519031034,160.44247971542785,144.28713757793878
1.2829999999999695,126.04761505126953,125.66370614359174,0.7197941485508148,176.7316886453108,157.79778034387547
1.2839999999999694,126.05111694335938,125.66370614359174,0.7274472923645791,196.04625976406356,176.78972707949106
1.2849999999999693,126.04522705078125,125.66370614359174,0.7327734122866219,169.4404329850512,153.1250822500249
1.2859999999999692,126.03711700439453,125.66370614359174,0.7238112473453772,163.8346725141063,147.5042113923154
1.286999999999969,126.03438568115234,125.66370614359174,0.7186375010518115,180.2771747402735,161.03875053853855
1.287999999999969,126.0395736694336,125.66370614359174,0.7277019852089285,200.79972999065515,181.04377776608885
1.2889999999999688,126.03536987304688,125.66370614359174,0.7347061821062127,174.17047957836482,157.3466683264965
1.2899999999999687,126.02875518798828,125.66370614359174,0.7269743189223512,168.03327591511353,151.2452590485247
1.2909999999999686,126.0272216796875,125.66370614359174,0.7224283921784441,183.79145790748115,164.06487401369375
1.2919999999999685,126.03373718261719,125.66370614359174,0.732130321698467,204.75041587476096,184.37436738321446
1.2929999999999684,126.03059387207031,125.66370614359174,0.7401981584056363,177.33860649018595,160.00134165348868
1.2939999999999683,126.02462005615234,125.66370614359174,0.7327981272514379,169.99493660730568,152.87670115544205
1.2949999999999682,126.02328491210938,125.66370614359174,0.7276698026365559,184.52905005678736,164.5581549753751
1.295999999999968,126.03001403808594,125.66370614359174,0.7366866969256727,205.65476061436044,184.87982643490196
1.296999999999968,126.0267333984375,125.66370614359174,0.7451100746801934,177.20835282987647,159.6692292013613
1.2979999999999678,126.02022552490234,125.66370614359174,0.7371224206349027,168.5610762997099,151.5111202104446
1.2989999999999677,126.01795196533203,125.66370614359174,0.7303840779027275,181.9482585044845,162.1878493539158
1.2999999999999676,126.02384948730469,125.66370614359174,0.7378066201174817,207.00884453633026,182.7873883569792
1.3009999999999675,126.03653717041016,125.66370614359174,0.7605925537643728,222.36119457480993,199.9199154530958
1.3019999999999674,126.04275512695312,125.66370614359174,0.7660134356666431,205.5620456628194,183.62627051155587
1.3029999999999673,126.0494613647461,125.66370614359174,0.7686216631733829,208.9339678903132,184.86899393855904
1.3039999999999672,126.06082916259766,125.66370614359174,0.779916043647121,220.56154928531242,196.6458426407071
1.304999999999967,126.05809020996094,125.66370614359174,0.7884384039159147,180.61493536434983,161.07140626087505
1.305999999999967,126.04808807373047,125.66370614359174,0.7763750631573544,160.17436753259963,142.7548462953689
1.3069999999999669,126.03870391845703,125.66370614359174,0.7599554430002364,162.84528521900256,144.29981387620023
1.3079999999999667,126.03539276123047,125.66370614359174,0.754140347518986,181.29531488532558,159.5844061497988
1.3089999999999666,126.0373764038086,125.66370614359174,0.7628553500859743,192.84149051461705,172.9522650076124
1.3099999999999665,126.03129577636719,125.66370614359174,0.7598727575605893,170.57400088713925,152.61440927690606
1.3109999999999664,126.0248031616211,125.66370614359174,0.7503361803259512,170.60846129091254,151.5536945453869
1.3119999999999663,126.02373504638672,125.66370614359174,0.7492994949190503,187.21790918942128,165.22753200824422
1.3129999999999662,126.02728271484375,125.66370614359174,0.7604204777803837,196.93430178745083,176.87751632769215
1.313999999999966,126.02171325683594,125.66370614359174,0.7589953499777431,171.75281995577907,153.8859846735815
1.314999999999966,126.01473236083984,125.66370614359174,0.7493602135674715,168.99518391264291,150.30835711782535
1.3159999999999659,126.01277923583984,125.66370614359174,0.7471766530949512,184.3450269252077,162.99250372821876
1.3169999999999658,126.01519012451172,125.66370614359174,0.7564583079219626,193.48949761252572,173.97965823130076
1.3179999999999656,126.00798034667969,125.66370614359174,0.7543902878485711,166.75409581572274,149.724426603165
1.3189999999999655,125.99897766113281,125.66370614359174,0.7429181563454983,162.84229443018924,145.19619631409938
1.3199999999999654,125.99526977539062,125.66370614359174,0.7386558560158676,178.7490184528762,158.53128987926826
1.3209999999999653,125.99629974365234,125.66370614359174,0.746146382657341,189.17333742189146,170.49053987618495
1.3219999999999652,125.98783874511719,125.66370614359174,0.7439974203023133,162.6390368317559,146.54135471971162
1.322999999999965,125.97775268554688,125.66370614359174,0.7318019895434635,159.17157845616345,142.43676524670434
1.323999999999965,125.97367095947266,125.66370614359174,0.7272130608664306,176.97701335158138,157.55424369709388
1.3249999999999649,125.97505950927734,125.66370614359174,0.7349393210006385,189.60010292406756,171.34988144358545
1.3259999999999648,125.96731567382812,125.66370614359174,0.7341394441625372,164.05909275162543,148.3143466309346
1.3269999999999647,125.95821380615234,125.66370614359174,0.7230891610061526,161.39863056462676,144.90146114608984
1.3279999999999645,125.95551300048828,125.66370614359174,0.7198593707641455,180.3858455667201,161.00517715705772
1.3289999999999644,125.95894622802734,125.66370614359174,0.7293944486854864,194.9499416890672,176.4591735000878
1.3299999999999643,125.95344543457031,125.66370614359174,0.7307531406673732,170.05657318211294,153.95086400644368
1.3309999999999642,125.94661712646484,125.66370614359174,0.7217267361625802,167.55358496846887,150.61026820041306
1.331999999999964,125.94611358642578,125.66370614359174,0.7202939070244855,186.48639365184732,166.52095622226076
1.332999999999964,125.95205688476562,125.66370614359174,0.7317173153752018,202.0094568462891,182.7758815441459
1.3339999999999639,125.94891357421875,125.66370614359174,0.734993950043696,176.74825872985303,159.8865185200515
1.3349999999999638,125.94410705566406,125.66370614359174,0.727439246523474,173.33369876812495,155.6896457775662
1.3359999999999637,125.94518280029297,125.66370614359174,0.7267643947476312,191.16850572272497,170.50346474823738
1.3369999999999636,125.95269012451172,125.66370614359174,0.7387567871909738,206.742373098282,186.71929139126038
1.3379999999999634,125.95067596435547,125.66370614359174,0.7430032366601594,180.21520724890522,162.7162229237678
1.3389999999999633,125.94641876220703,125.66370614359174,0.7355419633495112,175.13187639970417,157.08822308880107
1.3399999999999632,125.94745635986328,125.66370614359174,0.7338557029704021,191.33969522206644,170.4077014271792
1.340999999999963,125.95482635498047,125.66370614359174,0.7446908497899599,206.7941256995721,186.37070459560348
1.341999999999963,125.95220947265625,125.66370614359174,0.7489918220704236,178.85675671275544,161.21832577454074
1.342999999999963,125.94686126708984,125.66370614359174,0.7404504710359454,172.17140061481837,154.32508421991577
1.3439999999999628,125.94635009765625,125.66370614359174,0.7365101740620579,187.0656463256954,166.50117882136325
1.3449999999999627,125.9522705078125,125.66370614359174,0.7452276405531877,203.03247313073635,182.7250496140816
1.3459999999999626,125.94800567626953,125.66370614359174,0.7492961747485062,174.33614018134114,157.0619281373943
1.3469999999999624,125.94080352783203,125.66370614359174,0.7394241586848602,166.8238212949739,149.63957806959988
1.3479999999999623,125.93829345703125,125.66370614359174,0.7332125280914406,181.27301589537285,161.46903255052692
1.3489999999999622,125.94265747070312,125.66370614359174,0.7401228843452159,198.68406561325082,178.78216735778514
1.3499999999999621,125.93696594238281,125.66370614359174,0.7443891725701057,170.16755840538656,153.43637244663492
1.350999999999962,125.92842102050781,125.66370614359174,0.7338842414997023,162.7248681904858,146.24728144533864
1.351999999999962,125.92469787597656,125.66370614359174,0.7264581927143012,177.52043415271217,158.39671941403495
1.3529999999999618,125.92850494384766,125.66370614359174,0.732819838437638,196.95420673099622,177.35775439981967
1.3539999999999617,125.92256164550781,125.66370614359174,0.7380772534893137,169.19678058105714,152.7841850584718
1.3549999999999616,125.91397094726562,125.66370614359174,0.7280386498949224,162.23721215335863,146.11274838862505
1.3559999999999615,125.9103775024414,125.66370614359174,0.7207429429368735,177.58132599454703,158.69242730792516
1.3569999999999613,125.91494750976562,125.66370614359174,0.7278650766081678,198.92093758671916,179.25117584430802
1.3579999999999612,125.91000366210938,125.66370614359174,0.7347155963205151,171.80788501866112,155.28120173432566
1.3589999999999611,125.9024887084961,125.66370614359174,0.7258807673449796,165.04775701177272,148.80590229842616
1.359999999999961,125.89996337890625,125.66370614359174,0.7194214807935903,180.4883901414438,161.36349293970403
1.360999999999961,125.90601348876953,125.66370614359174,0.7277588909545873,206.7199982325179,182.96717674213198
1.3619999999999608,125.91928100585938,125.66370614359174,0.751988685860777,223.15667163989056,201.15480728363423
1.3629999999999607,125.92676544189453,125.66370614359174,0.7580500364751668,208.46287116121056,186.62798084501347
1.3639999999999606,125.93543243408203,125.66370614359174,0.7625523160902921,213.8137012778,189.5891414594249
1.3649999999999605,125.94902038574219,125.66370614359174,0.7761368581825984,225.90912903797468,202.02827204848631
1.3659999999999604,125.94894409179688,125.66370614359174,0.7850451767512273,187.42399006935628,167.6080202040828
1.3669999999999602,125.9420166015625,125.66370614359174,0.7746029610425338,168.4232422218531,150.34428246140467
1.3679999999999601,125.9360122680664,125.66370614359174,0.7610182547337175,172.1457252403746,152.66277474916515
1.36899999999996,125.9359130859375,125.66370614359174,0.7582768062797138,190.3183200747141,167.5348588021168
1.36999999999996,125.94084930419922,125.66370614359174,0.7695906112350777,200.90698434868025,180.21769394328686
1.3709999999999598,125.93760681152344,125.66370614359174,0.7672954748493865,178.56196666828012,159.61918150041376
1.3719999999999597,125.93377685546875,125.66370614359174,0.7591872114233663,178.22086002812253,158.11453973522887
1.3729999999999596,125.9347915649414,125.66370614359174,0.7593649806263396,193.3355656829201,170.34148391651073
1.3739999999999595,125.9398193359375,125.66370614359174,0.7710908759913118,201.15769658337172,180.4433474947055
1.3749999999999594,125.93533325195312,125.66370614359174,0.7689446361508879,174.9833258343655,156.47918312952078
1.3759999999999593,125.92906951904297,125.66370614359174,0.7588981399488015,171.2051013647223,151.99397127600142
1.3769999999999591,125.92720031738281,125.66370614359174,0.7559012995571747,184.78235013205833,163.06326532021092
1.377999999999959,125.92910766601562,125.66370614359174,0.764009744457093,192.1682038654893,172.5710836975088
1.378999999999959,125.92109680175781,125.66370614359174,0.7602565058714408,164.581137218079,147.57766228003675
1.3799999999999588,125.9111099243164,125.66370614359174,0.7472047278100133,160.05093003544863,142.59832257869382
1.3809999999999587,125.90605926513672,125.66370614359174,0.7410605880218888,174.89735886560507,155.01160192680686
1.3819999999999586,125.90550231933594,125.66370614359174,0.7467374547877426,184.54045963868234,166.32582180111913
1.3829999999999585,125.89549255371094,125.66370614359174,0.7428229586839493,158.0892370273083,142.5190961087488
1.3839999999999584,125.8840560913086,125.66370614359174,0.7290965939903654,155.02752470197143,138.89703306766359
1.3849999999999583,125.87865447998047,125.66370614359174,0.7230388248924098,172.8869549313483,154.0860460638484
1.3859999999999582,125.87885284423828,125.66370614359174,0.7297448144504247,185.80192465547046,168.19397130213125
1.386999999999958,125.87030029296875,125.66370614359174,0.7279609673742858,161.33136311582018,146.14505719920942
1.387999999999958,125.86087036132812,125.66370614359174,0.7165170011150855,160.02066190257653,143.928317823197
1.3889999999999578,125.85833740234375,125.66370614359174,0.7137252919153351,180.37737541700238,161.27837390278512
1.3899999999999577,125.86219024658203,125.66370614359174,0.7240261268585829,195.53777538141324,177.35531826352124
1.3909999999999576,125.85753631591797,125.66370614359174,0.7255031393847705,171.92774462894906,155.9315546719483
1.3919999999999575,125.85198974609375,125.66370614359174,0.7174315609002082,170.77005477190949,153.6796275560149
1.3929999999999574,125.85314178466797,125.66370614359174,0.7178411551035142,190.8151330403179,170.54613207957723
1.3939999999999573,125.86083221435547,125.66370614359174,0.7310823125394352,206.44140533542463,187.0208573169223
1.3949999999999572,125.8596420288086,125.66370614359174,0.7349114006888522,181.90008688525816,164.65411234134103
1.395999999999957,125.85694885253906,125.66370614359174,0.7286905233014814,179.1262937193181,160.86969497949337
1.396999999999957,125.86022186279297,125.66370614359174,0.7299653758718627,197.25702863476138,175.89039562678195
1.3979999999999568,125.86972045898438,125.66370614359174,0.7435281283259193,212.09247305644408,191.57978873994742
1.3989999999999567,125.86957550048828,125.66370614359174,0.7479725601821381,185.39969258574666,167.31479077869614
1.3999999999999566,125.8670654296875,125.66370614359174,0.7412114894250722,180.0845755188476,161.35168937120008
1.4009999999999565,125.86965942382812,125.66370614359174,0.7404761815568601,195.80092381608193,174.20407014668834
1.4019999999999564,125.87816619873047,125.66370614359174,0.7517451139938034,209.94797799095292,189.09874642807847
1.4029999999999563,125.87639617919922,125.66370614359174,0.7555258610952322,181.24872684350584,163.20919230624597
1.4039999999999562,125.87161254882812,125.66370614359174,0.7466620616032229,173.87061110317057,155.6482741511875
1.404999999999956,125.87142181396484,125.66370614359174,0.7424080912984978,188.0149198953068,167.18031540315022
1.405999999999956,125.87724304199219,125.66370614359174,0.7503932024669037,202.74177852270122,182.34685712158137
1.4069999999999558,125.87262725830078,125.66370614359174,0.7533908707342178,173.32440052034198,156.04845493344823
1.4079999999999557,125.8648910522461,125.66370614359174,0.7424833261193913,165.30904273550422,148.19812505588496
1.4089999999999556,125.86174774169922,125.66370614359174,0.7352300788007188,179.37327779806125,159.74889355318976
1.4099999999999555,125.86526489257812,125.66370614359174,0.740931440706296,196.14385879458388,176.5100548214452
1.4109999999999554,125.85867309570312,125.66370614359174,0.7440723840881623,167.47014551968465,151.06375440714754
1.4119999999999553,125.84928894042969,125.66370614359174,0.7325283720259785,160.1460976553542,144.01950009795087
1.4129999999999552,125.84485626220703,125.66370614359174,0.7242519549691794,175.22082464204072,156.47945113842263
1.413999999999955,125.84798431396484,125.66370614359174,0.7298724893201327,194.7012646348608,175.50866840276902
1.414999999999955,125.8415298461914,125.66370614359174,0.7344543121125217,167.4285738804742,151.38933065119025
1.4159999999999549,125.83267974853516,125.66370614359174,0.7240266505908054,161.164433653969,145.338715483865
1.4169999999999547,125.82910919189453,125.66370614359174,0.7167824500106854,177.2705502259637,158.6149332841626
1.4179999999999546,125.8338623046875,125.66370614359174,0.7242095448561842,198.98492276278714,179.56809601793853
1.4189999999999545,125.829345703125,125.66370614359174,0.7310134521870031,172.63467375395464,156.25256424097105
1.4199999999999544,125.82254028320312,125.66370614359174,0.7225967149081018,166.712928147786,150.46555690380714
1.4209999999999543,125.82097625732422,125.66370614359174,0.7171025518730415,182.91377865165884,163.6639489912924
1.4219999999999542,125.8281021118164,125.66370614359174,0.7265842552992571,205.70208542405965,185.53169436582556
1.422999999999954,125.82586669921875,125.66370614359174,0.7353582839481856,179.12077186702535,161.97428989814074
1.423999999999954,125.8210220336914,125.66370614359174,0.7284284184127985,172.34734544673287,155.40251910630474
1.4249999999999539,125.82099151611328,125.66370614359174,0.72368184478877,187.4778234980241,167.51785350243006
1.4259999999999537,125.82964324951172,125.66370614359174,0.7337891980193563,214.04431890126364,189.37485664361992
1.4269999999999536,125.84550476074219,125.66370614359174,0.7592889527548483,230.49889804084296,207.54854706827294
1.4279999999999535,125.85519409179688,125.66370614359174,0.7664486139516916,214.725592223247,192.01836202301985
1.4289999999999534,125.86552429199219,125.66370614359174,0.7714007540307831,218.75704486380792,193.6768222281583
1.4299999999999533,125.88059997558594,125.66370614359174,0.7852320348765381,230.3678806404796,205.63169184145454
1.4309999999999532,125.88147735595703,125.66370614359174,0.7946046016602565,190.3935058711329,169.91246068601825
1.431999999999953,125.87489318847656,125.66370614359174,0.7838741685932059,169.5552214317433,151.08899365744264
1.432999999999953,125.86859130859375,125.66370614359174,0.7690121124336876,171.47416717684095,151.81485776336783
1.4339999999999529,125.86801147460938,125.66370614359174,0.7645703619746014,188.99658555173588,166.20928110027774
1.4349999999999528,125.872314453125,125.66370614359174,0.7739532421053003,199.28412516239584,178.51165884962276
1.4359999999999526,125.86801147460938,125.66370614359174,0.7709390283735142,175.57403571681442,156.8408835022
1.4369999999999525,125.86272430419922,125.66370614359174,0.761075580197861,174.0519093343204,154.351149018079
1.4379999999999524,125.8624038696289,125.66370614359174,0.7592760137526724,189.30937146282207,166.84194668529014
1.4389999999999523,125.86625671386719,125.66370614359174,0.7691257027605857,197.7592165923311,177.3658539706595
1.4399999999999522,125.86048126220703,125.66370614359174,0.7666022267195342,171.10620998565918,153.12936062248474
1.440999999999952,125.85285186767578,125.66370614359174,0.7553190893709771,167.0282928526372,148.4395116462773
1.441999999999952,125.85003662109375,125.66370614359174,0.7511106212448573,181.62915598373556,160.54516509142405
1.4429999999999519,125.8514404296875,125.66370614359174,0.7582870280090184,190.42204194443417,171.17376251082717
1.4439999999999518,125.8430404663086,125.66370614359174,0.7549510584724193,163.06609656420852,146.49196590902102
1.4449999999999517,125.832763671875,125.66370614359174,0.7417211812989025,158.79684661698036,141.74564309616008
1.4459999999999515,125.82795715332031,125.66370614359174,0.7356364964070086,175.08063979682373,155.51625431792962
1.4469999999999514,125.82816314697266,125.66370614359174,0.7416152000714219,186.2896200209914,168.12124397499088
1.4479999999999513,125.81904602050781,125.66370614359174,0.7388912110961522,160.16669185072004,144.64221322956777
1.4489999999999512,125.80851745605469,125.66370614359174,0.7259338643389832,157.27099609758181,141.09989820433304
1.449999999999951,125.80443572998047,125.66370614359174,0.7208831206386123,176.21636929751352,157.27754614811786
1.450999999999951,125.80631256103516,125.66370614359174,0.7286121820734596,190.2501715168534,172.30608160448702
1.4519999999999509,125.79938507080078,125.66370614359174,0.728291518427956,165.62928681118734,150.11796802845748
1.4529999999999508,125.79138946533203,125.66370614359174,0.7178340777066051,163.78995876363024,147.43043091723268
1.4539999999999507,125.79005432128906,125.66370614359174,0.7154592690173622,183.57917581647763,164.1883058037961
1.4549999999999506,125.79533386230469,125.66370614359174,0.7262367935415549,199.45633066491868,180.8232270151804
1.4559999999999504,125.79190063476562,125.66370614359174,0.7287403144799347,175.27766575737044,158.9167984482683
1.4569999999999503,125.78726959228516,125.66370614359174,0.7210332760418369,173.2012721138801,155.886818421519
1.4579999999999502,125.78900909423828,125.66370614359174,0.7210403070511572,192.37114857164164,171.90514083563266
1.4589999999999501,125.79743957519531,125.66370614359174,0.7339886386827885,208.54959084901722,188.77046862596973
1.45999999999995,125.79674530029297,125.66370614359174,0.7383880463172537,183.2613010864477,165.80688509702358
1.46099999999995,125.79421997070312,125.66370614359174,0.7319142672505062,179.46133269520206,161.2018875602791
1.4619999999999498,125.79734802246094,125.66370614359174,0.7320814448261064,196.7214006023128,175.40618823084068
1.4629999999999497,125.8069076538086,125.66370614359174,0.7447821183914013,212.2870403593741,191.61752303130666
1.4639999999999496,125.80665588378906,125.66370614359174,0.7495789490529996,185.00621258522614,166.9337502114613
1.4649999999999495,125.80379486083984,125.66370614359174,0.742300554533919,178.88059978847846,160.3780751309374
1.4659999999999493,125.80583190917969,125.66370614359174,0.7402355249843134,194.00758803357897,172.683817903979
1.4669999999999492,125.81411743164062,125.66370614359174,0.7505520013427623,209.2762081968714,188.43165446883157
1.4679999999999491,125.81208038330078,125.66370614359174,0.7547876629026319,180.3527799318076,162.45840056983567
1.468999999999949,125.80693817138672,125.66370614359174,0.7455683017980586,172.5258829076395,154.6294227824696
1.469999999999949,125.80628204345703,125.66370614359174,0.7402556896341635,186.42330860327513,165.91907632102686
1.4709999999999488,125.81211853027344,125.66370614359174,0.7476305397504577,202.6156952916563,182.24631196738278
1.4719999999999487,125.80756378173828,125.66370614359174,0.7513915341390822,173.28833604097375,156.12886775696919
1.4729999999999486,125.79987335205078,125.66370614359174,0.7405409004335525,165.07646588192188,148.20976960409305
1.4739999999999485,125.79673767089844,125.66370614359174,0.7327392842155894,179.06390588076187,159.65056678467127
1.4749999999999484,125.8007583618164,125.66370614359174,0.7383401995677414,197.3947062384074,177.67051835594538
1.4759999999999482,125.79474639892578,125.66370614359174,0.7425582010351458,168.88239840309348,152.4423975941641
1.4769999999999481,125.78590393066406,125.66370614359174,0.7314549835591356,161.35051007448922,145.28856085900694
1.477999999999948,125.78192901611328,125.66370614359174,0.7230293617732724,176.25169464020178,157.5292063170444
1.478999999999948,125.78596496582031,125.66370614359174,0.7288839570078888,197.12353407650545,177.67919692859894
1.4799999999999478,125.78042602539062,125.66370614359174,0.7346730238139966,169.83050232090045,153.59927255246865
1.4809999999999477,125.77235412597656,125.66370614359174,0.7247962066303577,163.12136796727404,147.21524776676097
1.4819999999999476,125.76937866210938,125.66370614359174,0.7174236097758668,178.7808741628871,160.01882402788004
1.4829999999999475,125.77507781982422,125.66370614359174,0.7250145268438521,205.23457412430065,181.84992985328512
1.4839999999999474,125.78813934326172,125.66370614359174,0.7487648222543842,222.05052953817147,200.39648608029128
1.4849999999999473,125.79564666748047,125.66370614359174,0.7544624118149313,207.9576549607867,186.42682552652522
1.4859999999999471,125.80457305908203,125.66370614359174,0.758906716754152,214.00535207170688,190.02055072930315
1.486999999999947,125.81866455078125,125.66370614359174,0.7727247544539624,226.69476617802837,203.0465867671614
1.487999999999947,125.81934356689453,125.66370614359174,0.7816167847601461,188.97325701613943,169.30315314160345
1.4889999999999468,125.81343078613281,125.66370614359174,0.7715035431612601,170.7537097008699,152.6928681800245
1.4899999999999467,125.80867004394531,125.66370614359174,0.7586815321782919,175.19344858363002,155.5964461033428
1.4909999999999466,125.81000518798828,125.66370614359174,0.7570171565266641,193.93160186884592,170.9342193257503
1.4919999999999465,125.8165283203125,125.66370614359174,0.7694256208557662,204.8906689160497,183.99107015650083
1.4929999999999464,125.81497192382812,125.66370614359174,0.7677399329910534,182.93436443327136,163.6724620344011
1.4939999999999463,125.81287384033203,125.66370614359174,0.760562652840849,182.832626026225,162.30100611691594
1.4949999999999461,125.81564331054688,125.66370614359174,0.7618281844377925,198.01972183284758,174.54865468344437
1.495999999999946,125.82238006591797,125.66370614359174,0.7744447830868347,205.6754517216819,184.55193436668273
1.496999999999946,125.81950378417969,125.66370614359174,0.772658518710243,179.2990313045445,160.34973920236584
1.4979999999999458,125.81470489501953,125.66370614359174,0.7631045063849786,175.1852000139404,155.4988271426331
1.4989999999999457,125.81414794921875,125.66370614359174,0.7605894052600157,188.36004612002154,166.18613618222497
1.4999999999999456,125.81719207763672,125.66370614359174,0.7689037365402447,195.20970122103188,175.248198414634
1.5009999999999455,125.81008911132812,125.66370614359174,0.7650546447569391,167.0132734079944,149.69343567556527
1.5019999999999454,125.80076599121094,125.66370614359174,0.7518250658490006,161.8344188061581,144.11340772192264
1.5029999999999453,125.79619598388672,125.66370614359174,0.7453660273595504,176.14494517906726,156.06042354021812
1.5039999999999452,125.79595184326172,125.66370614359174,0.7505094903288317,185.29288945768658,166.93695850160367
1.504999999999945,125.78604888916016,125.66370614359174,0.7461205304323218,158.2362112305858,142.61869860123042
1.505999999999945,125.77452850341797,125.66370614359174,0.7316993493579739,154.63077202062402,138.5333153494047
1.5069999999999448,125.76896667480469,125.66370614359174,0.7248059320302972,172.22904001033933,153.5278306594089
1.5079999999999447,125.76898193359375,125.66370614359174,0.7306311231453579,185.04619765581307,167.53175638170293
1.5089999999999446,125.7601547241211,125.66370614359174,0.728315090873497,160.32061634367335,145.30766830747697
1.5099999999999445,125.75041961669922,125.66370614359174,0.7161348452594536,158.8313782954181,142.98786167121474
1.5109999999999444,125.7475814819336,125.66370614359174,0.7124811078857433,179.16756166371573,160.33869728728249
1.5119999999999443,125.75128173828125,125.66370614359174,0.7221281447821657,194.76074945417784,176.7803537740787
1.5129999999999442,125.7465591430664,125.66370614359174,0.7233765731132233,171.36596195821346,155.59460274906868
1.513999999999944,125.74104309082031,125.66370614359174,0.7150124185422948,170.45644911991903,153.59933089591172
1.514999999999944,125.74236297607422,125.66370614359174,0.7151860265318688,190.84720491361622,170.76706782729408
1.5159999999999438,125.75048065185547,125.66370614359174,0.7284867133205783,207.21260859866055,187.89389359666563
1.5169999999999437,125.74987030029297,125.66370614359174,0.7325748805997955,183.1252812625313,165.94739720878465
1.5179999999999436,125.74789428710938,125.66370614359174,0.7266662176782028,180.73601741430178,162.50115218008867
1.5189999999999435,125.75200653076172,125.66370614359174,0.7283675976036308,199.23788926145357,177.81258394346125
1.5199999999999434,125.76258850097656,125.66370614359174,0.7425699930244751,214.7441063272208,194.11133374153354
1.5209999999999433,125.76362609863281,125.66370614359174,0.7475720922186878,188.37209392182405,170.1201367677055
1.5219999999999432,125.76234436035156,125.66370614359174,0.7414211804870443,183.21424387329736,164.26631422546942
1.522999999999943,125.76616668701172,125.66370614359174,0.7413193217085332,198.99672644608552,177.11929268028277
1.523999999999943,125.77603912353516,125.66370614359174,0.7532920419572524,213.4917961568695,192.3386802776984
1.5249999999999428,125.77558135986328,125.66370614359174,0.7576039147945647,184.7341025905913,166.38032942237456
1.5259999999999427,125.77202606201172,125.66370614359174,0.7492115760537565,177.1016878973889,158.5677429818074
1.5269999999999426,125.77291870117188,125.66370614359174,0.7452819800391289,190.9050848542002,169.74475649381074
1.5279999999999425,125.77984619140625,125.66370614359174,0.7535538809205526,205.67926097584188,184.94869721391305
1.5289999999999424,125.77617645263672,125.66370614359174,0.7568302459303354,175.8554318530087,158.29255269236475
1.5299999999999423,125.76919555664062,125.66370614359174,0.7459793314149662,167.27294055894765,149.94532259200187
1.5309999999999422,125.76658630371094,125.66370614359174,0.738470883377921,180.75794506893482,160.9549156947074
1.531999999999942,125.7706298828125,125.66370614359174,0.7438562007538807,197.5253703764873,177.6778604083191
1.532999999999942,125.76439666748047,125.66370614359174,0.7469957801160583,168.35470013111978,151.8262579030117
1.5339999999999419,125.75518035888672,125.66370614359174,0.7350984429905694,160.4358300943449,144.29964018676452
1.5349999999999417,125.750732421875,125.66370614359174,0.726079012335167,174.9914896284942,156.2978358246635
1.5359999999999416,125.75391387939453,125.66370614359174,0.7309804717771415,194.70132090447078,175.47285786813103
1.5369999999999415,125.74742126464844,125.66370614359174,0.7354534534673356,167.12918264981303,151.14810619467457
1.5379999999999414,125.7384262084961,125.66370614359174,0.7245347932109273,160.5042494490515,144.84404052396195
1.5389999999999413,125.73463439941406,125.66370614359174,0.7164560956109033,176.36868265409163,157.91123238872044
1.5399999999999412,125.73934936523438,125.66370614359174,0.7232322087784414,202.34207419231393,179.32146148823495
1.540999999999941,125.75133514404297,125.66370614359174,0.7463057787258313,218.79630045466556,197.60868473233717
1.541999999999941,125.75796508789062,125.66370614359174,0.7510875630153747,205.28578569951094,184.1630788548566
1.5429999999999409,125.76630401611328,125.66370614359174,0.7551628847605862,212.05724287580458,188.48055940782177
1.5439999999999408,125.77983856201172,125.66370614359174,0.7686937841050409,224.72199794860055,201.55522680056964
1.5449999999999406,125.78023529052734,125.66370614359174,0.7769266112053484,187.82310735062546,168.52265520199745
1.5459999999999405,125.77439880371094,125.66370614359174,0.7667711825996107,170.71103236325982,152.8381424233152
1.5469999999999404,125.77010345458984,125.66370614359174,0.7546647088088089,176.2428465609058,156.71111074666757
1.5479999999999403,125.77197265625,125.66370614359174,0.7539528534037312,195.22780171911342,172.20521157713426
1.5489999999999402,125.7790756225586,125.66370614359174,0.7674194199248837,206.2274045827635,185.39177034933846
1.54999999999994,125.77837371826172,125.66370614359174,0.765922047802325,185.146180987817,165.7630797984641
1.55099999999994,125.77739715576172,125.66370614359174,0.7596870373135786,185.83068503466038,165.06073251714534
1.5519999999999399,125.78121185302734,125.66370614359174,0.7620423015312803,200.91030858390107,177.12902809657535
1.5529999999999398,125.78890228271484,125.66370614359174,0.7757066821147098,208.17359916874395,186.88874921036327
1.5539999999999397,125.7870864868164,125.66370614359174,0.7739656121996827,182.22265702164063,162.96926657485542
1.5549999999999395,125.783447265625,125.66370614359174,0.7651144441513265,178.43975757295408,158.37636284667892
1.5559999999999394,125.7838363647461,125.66370614359174,0.763357828524828,191.07106002311306,168.4985936056134
1.5569999999999393,125.78758239746094,125.66370614359174,0.7723004695135078,197.1227289308966,176.9558860244849
1.5579999999999392,125.78114318847656,125.66370614359174,0.7681309965393948,168.94484677797146,151.3439918099104
1.558999999999939,125.77249145507812,125.66370614359174,0.7550902718431263,163.75977850671006,145.74393876596213
1.559999999999939,125.7682876586914,125.66370614359174,0.7487915969112747,177.28272759606173,156.93132943295933
1.5609999999999389,125.76811981201172,125.66370614359174,0.7539621723831577,185.50980966390378,167.0785897185049
1.5619999999999388,125.75823211669922,125.66370614359174,0.7488678504602194,158.34520460643307,142.62790412832183
1.5629999999999387,125.74671936035156,125.66370614359174,0.7341272370987849,154.7022856991634,138.53122583683177
1.5639999999999386,125.74092102050781,125.66370614359174,0.7268457873783817,171.59862755569236,152.86962910642663
1.5649999999999384,125.74046325683594,125.66370614359174,0.7322483570649012,183.70633024745516,166.31296307278063
1.5659999999999383,125.731201171875,125.66370614359174,0.7290450334194482,159.06540767026385,144.15542037409082
1.5669999999999382,125.72111511230469,125.66370614359174,0.7163469501632124,157.83671003589905,142.07313867779442
1.567999999999938,125.71794891357422,125.66370614359174,0.712415786278343,178.20413794774856,159.47047532797257
1.568999999999938,125.72119140625,125.66370614359174,0.7217811558039142,193.3524039301738,175.58019463640153
1.569999999999938,125.71611785888672,125.66370614359174,0.7223310664099377,170.2778795975014,154.66461306490126
1.5709999999999378,125.7104263305664,125.66370614359174,0.7137082321525196,169.88509728263125,153.09840889702008
1.5719999999999377,125.71174621582031,125.66370614359174,0.7141102021630144,190.7537606255414,170.72633719832638
1.5729999999999376,125.71977996826172,125.66370614359174,0.7275682849747569,206.79135003895487,187.6321934636105
1.5739999999999374,125.71922302246094,125.66370614359174,0.7312529782110399,183.11349768246362,166.01212009969916
1.5749999999999373,125.71746826171875,125.66370614359174,0.7254452819095422,181.28653649498958,163.00875143347636
1.5759999999999372,125.72196960449219,125.66370614359174,0.7277599400533362,200.2551224241492,178.75553863644387
1.5769999999999371,125.73284149169922,125.66370614359174,0.7424296509579746,215.36984170202675,194.78777135681236
1.577999999999937,125.73426818847656,125.66370614359174,0.7471774493740517,189.3210462988623,171.02799044720382
1.578999999999937,125.73348999023438,125.66370614359174,0.7412823200345953,184.60207586054713,165.4895145594375
1.5799999999999368,125.73793029785156,125.66370614359174,0.7419075660166186,200.69461021435941,178.62687159894293
1.5809999999999367,125.74825286865234,125.66370614359174,0.7544000555886881,214.6171414649727,193.42554802213778
1.5819999999999366,125.7482681274414,125.66370614359174,0.7584294417159468,185.98486226672787,167.51780627951482
1.5829999999999365,125.74523162841797,125.66370614359174,0.7502153124929729,178.58598501784783,159.83775932885862
1.5839999999999363,125.74668884277344,125.66370614359174,0.7468617734138757,192.50553487391304,171.12439422615424
1.5849999999999362,125.75395202636719,125.66370614359174,0.7554800267264601,206.5432986447361,185.75891574385628
1.5859999999999361,125.7505874633789,125.66370614359174,0.7583347067332894,176.66676650615912,159.00407352316992
1.586999999999936,125.74390411376953,125.66370614359174,0.7474492843576162,168.16401028040696,150.6675339933292
1.587999999999936,125.74161529541016,125.66370614359174,0.7402358434672731,181.65767842622787,161.69844204052774
1.5889999999999358,125.7457275390625,125.66370614359174,0.7457007140497423,197.65295969737534,177.8099787468566
1.5899999999999357,125.73950958251953,125.66370614359174,0.7482709253718249,168.37757958841095,151.82921590175977
1.5909999999999356,125.73030853271484,125.66370614359174,0.7361332474880804,160.52352584045607,144.31888575621844
1.5919999999999355,125.72591400146484,125.66370614359174,0.7271748108474854,175.12303316683017,156.38015239762524
1.5929999999999354,125.72893524169922,125.66370614359174,0.731966271747734,194.16871933904713,175.02988539512566
1.5939999999999352,125.7222671508789,125.66370614359174,0.7358109153870646,166.5794533434143,150.66555017686156
1.5949999999999351,125.71314239501953,125.66370614359174,0.7245822317394937,160.1311091618823,144.48726485185733
1.595999999999935,125.70929718017578,125.66370614359174,0.7165232459286445,176.1756647374895,157.74333178408207
1.596999999999935,125.71382141113281,125.66370614359174,0.7232072595830359,197.9805560783883,178.77751075184727
1.5979999999999348,125.70913696289062,125.66370614359174,0.729503769948197,171.78308729723923,155.63686567909573
1.5989999999999347,125.70225524902344,125.66370614359174,0.7206169888764834,166.12264912403847,150.10696376459805
1.5999999999999346,125.70075988769531,125.66370614359174,0.7148079088315655,182.67502438989192,163.62808628674213
1.6009999999999345,125.70812225341797,125.66370614359174,0.7242170185967024,205.9252506036347,185.92562878204552
1.6019999999999344,125.70629119873047,125.66370614359174,0.7329434231369008,179.81147355522012,162.79730598447458
1.6029999999999343,125.70201110839844,125.66370614359174,0.7261295075136629,173.52120523581354,156.6425967162149
1.6039999999999341,125.70271301269531,125.66370614359174,0.7217552576813394,189.13106592386566,169.1521029604494
1.604999999999934,125.71228790283203,125.66370614359174,0.732496354681565,216.24342799610054,191.48167736049012
1.605999999999934,125.729248046875,125.66370614359174,0.7586716200229929,233.16411180059004,210.08838412136612
1.6069999999999338,125.7401351928711,125.66370614359174,0.7662954096418926,217.73858525996917,194.83566379185535
1.6079999999999337,125.75173950195312,125.66370614359174,0.7718754881070087,222.03429380355828,196.66912083824826
1.6089999999999336,125.7681884765625,125.66370614359174,0.7864893233852474,233.84928942959067,208.86955133621203
1.6099999999999335,125.77045440673828,125.66370614359174,0.7961627868652635,193.9695256572772,173.20958600905237
1.6109999999999334,125.76520538330078,125.66370614359174,0.7858663459657482,173.08117372337,154.29701014526083
1.6119999999999333,125.76016235351562,125.66370614359174,0.7715210831990089,174.83729626559938,154.8172884632419
1.6129999999999332,125.76081848144531,125.66370614359174,0.7676278767699688,192.28456407594396,169.13009117630904
1.613999999999933,125.76628875732422,125.66370614359174,0.7773513868060781,202.3814202012556,181.2774329269541
1.614999999999933,125.76300048828125,125.66370614359174,0.7744947127842744,178.24893028683988,159.2143521278281
1.6159999999999328,125.75852966308594,125.66370614359174,0.7646742681122085,176.23964624050743,156.25336904003623
1.6169999999999327,125.7589340209961,125.66370614359174,0.7628530914603222,191.2146048575266,168.50205494252182
1.6179999999999326,125.76341247558594,125.66370614359174,0.772480561626824,199.37664932214562,178.767826700745
1.6189999999999325,125.75807189941406,125.66370614359174,0.7697963296064059,172.1687392694043,154.0546182222352
1.6199999999999324,125.75067138671875,125.66370614359174,0.7581170314374889,167.54433521535483,148.87347771800998
1.6209999999999323,125.74803161621094,125.66370614359174,0.753417019567858,181.94224675422225,160.83214201433398
1.6219999999999322,125.74957275390625,125.66370614359174,0.7599960750150531,190.63899038400132,171.35325800932048
1.622999999999932,125.74118041992188,125.66370614359174,0.7563730075629893,162.8768668717349,146.3527326907591
1.623999999999932,125.73078918457031,125.66370614359174,0.7425772256150118,158.25674080336233,141.30946148221608
1.6249999999999318,125.72592163085938,125.66370614359174,0.7358813395172481,174.63287461462727,155.20684673734218
1.6259999999999317,125.72614288330078,125.66370614359174,0.7412653096740699,186.08163756897792,167.99390154369937
1.6269999999999316,125.71701049804688,125.66370614359174,0.7383749409286335,159.83850846092585,144.45480796790235
1.6279999999999315,125.70645141601562,125.66370614359174,0.7250176207212325,156.82755114658576,140.85722206315359
1.6289999999999314,125.70233154296875,125.66370614359174,0.7194119894735583,175.78062397944893,157.04282092792363
1.6299999999999313,125.70439147949219,125.66370614359174,0.726794613099269,190.4184392253354,172.5782647971568
1.6309999999999312,125.69770812988281,125.66370614359174,0.7265673870579278,165.98518961473198,150.59508183061314
1.631999999999931,125.69001770019531,125.66370614359174,0.7160714993617908,164.28580652150183,148.05923129664427
1.632999999999931,125.6890640258789,125.66370614359174,0.7136164721715361,184.2769647841231,164.97449632652678
1.6339999999999308,125.69498443603516,125.66370614359174,0.7245682571493403,200.90133536833946,182.25581883035042
1.6349999999999307,125.6922836303711,125.66370614359174,0.7274991515252436,176.9967026482828,160.6091174811082
1.6359999999999306,125.68843841552734,125.66370614359174,0.7201458652890699,175.06603885530873,157.70907633572153
1.6369999999999305,125.69099426269531,125.66370614359174,0.7204684383636626,194.3678417935707,173.79803994547083
1.6379999999999304,125.70046997070312,125.66370614359174,0.7339193869496756,211.17376641190143,191.21391048331265
1.6389999999999303,125.70084381103516,125.66370614359174,0.7388930912724617,185.98849566417425,168.34370541261697
1.6399999999999302,125.69935607910156,125.66370614359174,0.7328805386958903,182.10410753541856,163.65337062918326
1.64099999999993,125.70345306396484,125.66370614359174,0.7333669276542654,199.23018535357795,177.68239797988338
1.64199999999993,125.714111328125,125.66370614359174,0.7464780473540323,215.18123565810455,194.22561109099743
1.6429999999999298,125.71489715576172,125.66370614359174,0.7517563187029811,187.71589213403027,169.38438788518926
1.6439999999999297,125.71293640136719,125.66370614359174,0.744736338045816,181.20887474535778,162.49299044756074
1.6449999999999296,125.71571350097656,125.66370614359174,0.7426506785464695,195.9284361221242,174.3906296703339
1.6459999999999295,125.72480773925781,125.66370614359174,0.7529832412055721,211.4219022532289,190.30806057018864
1.6469999999999294,125.72344970703125,125.66370614359174,0.7574948272007044,182.1120360481854,164.01862979095623
1.6479999999999293,125.71879577636719,125.66370614359174,0.7482078332090103,173.73392540585894,155.73188706266504
1.6489999999999292,125.71844482421875,125.66370614359174,0.7424443133165547,187.1142588928821,166.5376351680617
1.649999999999929,125.72465515136719,125.66370614359174,0.749412870141198,203.57616827950724,183.04928425614116
1.650999999999929,125.72036743164062,125.66370614359174,0.753290927437675,173.86913269635872,156.64571696646365
1.6519999999999289,125.71277618408203,125.66370614359174,0.7421368666597001,165.15190258382972,148.33609292412075
1.6529999999999287,125.7095947265625,125.66370614359174,0.7336163543721631,178.72138839604216,159.3985173178999
1.6539999999999286,125.71371459960938,125.66370614359174,0.7386126149726268,197.54317118622563,177.78398896279512
1.6549999999999285,125.707763671875,125.66370614359174,0.7429426715974115,168.83902166109107,152.4501511708594
1.6559999999999284,125.69889831542969,125.66370614359174,0.7315266126234395,161.00040268550177,145.0916105366253
1.6569999999999283,125.69481658935547,125.66370614359174,0.7224164862470932,175.695662091997,157.14245110896482
1.6579999999999282,125.6989974975586,125.66370614359174,0.7278073066599368,200.86690045452488,177.8845776203273
1.658999999999928,125.71021270751953,125.66370614359174,0.7493491136618703,216.7142276931112,195.6163135112821
1.659999999999928,125.71582794189453,125.66370614359174,0.7530861958964746,202.3895923662075,181.53505774680866
1.6609999999999279,125.72296142578125,125.66370614359174,0.7556706606161082,208.5527130314833,185.3700413318696
1.6619999999999278,125.73528289794922,125.66370614359174,0.767707017900454,221.29104792028772,198.42145842408698
1.6629999999999276,125.73442840576172,125.66370614359174,0.775379616515598,184.20470455178003,165.3136323052128
1.6639999999999275,125.72736358642578,125.66370614359174,0.7642861956366034,167.03057644047476,149.67637199331188
1.6649999999999274,125.721923828125,125.66370614359174,0.7510054583521834,172.71937194336496,153.75100597623134
1.6659999999999273,125.72290802001953,125.66370614359174,0.7493240689112913,192.37107105654252,169.9004303722201
1.6669999999999272,125.72943115234375,125.66370614359174,0.7621968479846539,204.27886739621735,183.85254862350337
1.667999999999927,125.72838592529297,125.66370614359174,0.7607119530028809,183.80028382193933,164.8127259556949
1.668999999999927,125.72730255126953,125.66370614359174,0.7544870276377256,185.16345355439728,164.71290134028106
1.6699999999999269,125.73139190673828,125.66370614359174,0.7572020162912104,201.2711844103261,177.715771472248
1.6709999999999268,125.73970794677734,125.66370614359174,0.771465362536501,209.5662368195092,188.37457502296536
1.6719999999999267,125.73873901367188,125.66370614359174,0.7704690247772346,184.27327661915803,165.0280542724097
1.6729999999999265,125.73612213134766,125.66370614359174,0.762469801817758,181.0484952875653,160.8664010196594
1.6739999999999264,125.73778533935547,125.66370614359174,0.7618601659589691,194.42537527607232,171.635335105938
1.6749999999999263,125.74300384521484,125.66370614359174,0.7719339887770847,201.03576213015774,180.59048975769616
1.6759999999999262,125.73807525634766,125.66370614359174,0.7687095051370039,173.0016191941857,155.05619726996693
1.676999999999926,125.73086547851562,125.66370614359174,0.7566518561312509,167.76895763971368,149.32241467398225
1.677999999999926,125.72813415527344,125.66370614359174,0.7514424011382691,181.3874796070444,160.5702874275039
1.6789999999999259,125.7293930053711,125.66370614359174,0.7574573689629163,189.50685790401724,170.6197508401812
1.6799999999999258,125.72074127197266,125.66370614359174,0.752990523453434,161.81273072993358,145.65900437699983
1.6809999999999257,125.71018981933594,125.66370614359174,0.7386929980209157,157.48736021400197,140.89171735104358
1.6819999999999256,125.70519256591797,125.66370614359174,0.731705961757174,173.94768481281028,154.84358090205222
1.6829999999999254,125.70536041259766,125.66370614359174,0.7370576769512268,185.56876820937384,167.8298746127155
1.6839999999999253,125.6964111328125,125.66370614359174,0.7338742864126353,160.0325253707946,144.88653419056914
1.6849999999999252,125.68630981445312,125.66370614359174,0.7207670625665942,157.86299372477913,141.9776585577115
1.6859999999999251,125.68291473388672,125.66370614359174,0.7160414967846509,177.59940188851724,158.8426242495031
1.686999999999925,125.68579864501953,125.66370614359174,0.7244304544092197,192.43253770487243,174.62080379466948
1.687999999999925,125.68013763427734,125.66370614359174,0.7245349248803211,168.64402533005853,153.13318225934162
1.6889999999999248,125.67365264892578,125.66370614359174,0.7149617831855292,167.57420458736442,151.05103934804313
1.6899999999999247,125.67402648925781,125.66370614359174,0.7139615531139241,187.98462356633462,168.298456753821
1.6909999999999246,125.68120574951172,125.66370614359174,0.7262041357539447,204.31303763561556,185.3964092736662
1.6919999999999245,125.67977142333984,125.66370614359174,0.729500626810068,180.51599757468225,163.7537205789976
1.6929999999999243,125.67715454101562,125.66370614359174,0.7229383678817851,178.6296877239544,160.7879177489849
1.6939999999999242,125.68087005615234,125.66370614359174,0.724302365196469,197.7546175641409,176.68954051464434
1.6949999999999241,125.69123077392578,125.66370614359174,0.7384158320553039,213.72903282943264,193.43106805868194
1.695999999999924,125.69231414794922,125.66370614359174,0.7432909740572246,188.1002384447022,170.1034351882673
1.696999999999924,125.69135284423828,125.66370614359174,0.7373602982705438,183.7763212806226,164.96418997510028
1.6979999999999238,125.6957778930664,125.66370614359174,0.7379439830143975,200.35775360928645,178.51632139393712
1.6989999999999237,125.70643615722656,125.66370614359174,0.7507735496031073,215.30666914037755,194.20042726985847
1.6999999999999236,125.70699310302734,125.66370614359174,0.755441363339229,187.22574955347838,168.79776030673386
1.7009999999999235,125.70463562011719,125.66370614359174,0.7478256293833209,180.22717232554905,161.46975039594102
1.7019999999999234,125.70686340332031,125.66370614359174,0.7450930822788909,194.49831825996696,173.01456344892893
1.7029999999999232,125.71517181396484,125.66370614359174,0.7545548112659818,209.27880199838347,188.30257875069418
1.7039999999999231,125.7129135131836,125.66370614359174,0.7582447204158406,179.64102132068842,161.74426851135885
1.704999999999923,125.70733642578125,125.66370614359174,0.7481350497189545,171.14350859103982,153.38391206269387
1.705999999999923,125.70608520507812,125.66370614359174,0.7415956977118896,184.5268362537047,164.25235565006082
1.7069999999999228,125.7113265991211,125.66370614359174,0.7477657124848932,200.78981857504118,180.59015011940275
1.7079999999999227,125.70613861083984,125.66370614359174,0.7509938022160692,171.26095326100722,154.3708764647276
1.7089999999999226,125.69779968261719,125.66370614359174,0.7393093949439935,162.9265042676499,146.42250142454216
1.7099999999999225,125.69404602050781,125.66370614359174,0.7304968639051924,176.9709926574947,157.94748421184818
1.7109999999999224,125.69767761230469,125.66370614359174,0.7353328139589587,195.97177892005132,176.51891112931355
1.7119999999999223,125.69142150878906,125.66370614359174,0.7394310466074943,167.80963441004678,151.6641158462598
1.7129999999999221,125.68247985839844,125.66370614359174,0.7280725710951436,160.6378497217455,144.87655531337168
1.713999999999922,125.67855834960938,125.66370614359174,0.7194189149510001,175.98974783368794,157.51134426262433
1.714999999999922,125.6829833984375,125.66370614359174,0.7254200718742002,201.44594792318125,178.4818459838888
1.7159999999999218,125.69453430175781,125.66370614359174,0.7476425116789287,217.4873442397712,196.416774011533
1.7169999999999217,125.70064544677734,125.66370614359174,0.7516901989045552,203.6957448377728,182.76140077458072
1.7179999999999216,125.70843505859375,125.66370614359174,0.7549577822534437,210.31498433525294,186.98502686867988
1.7189999999999215,125.72139739990234,125.66370614359174,0.7677054747697267,222.97341699893036,200.03569168574776
1.7199999999999214,125.72127532958984,125.66370614359174,0.7754709175142994,186.14376298651018,167.10437637093355
1.7209999999999213,125.7149887084961,125.66370614359174,0.7648214007263511,169.22833106944006,151.6269974240886
1.7219999999999211,125.71036529541016,125.66370614359174,0.7523005790730424,175.0569145121822,155.79029020825269
1.722999999999921,125.71204376220703,125.66370614359174,0.751330487251979,194.40560930094767,171.62547389339903
1.723999999999921,125.7191162109375,125.66370614359174,0.7647248795186645,205.8394424097857,185.2029474398462
1.7249999999999208,125.71854400634766,125.66370614359174,0.7632397659692796,185.22112469018023,165.99325546313364
1.7259999999999207,125.71786499023438,125.66370614359174,0.7571830743359892,186.3899954586107,165.71199376632256
1.7269999999999206,125.72215270996094,125.66370614359174,0.7599311759918944,201.95119532346592,178.20262821566723
1.7279999999999205,125.73046875,125.66370614359174,0.7740870691562388,209.6394662125068,188.35729543994967
1.7289999999999204,125.72940826416016,125.66370614359174,0.7726904430691318,184.09091167264634,164.7707783007949
1.7299999999999203,125.72661590576172,125.66370614359174,0.7643789218490418,180.6447562965995,160.43467598195812
1.7309999999999202,125.72794342041016,125.66370614359174,0.7633371393448923,193.54758318004494,170.77552651656046
1.73199999999992,125.7326889038086,125.66370614359174,0.7729552262895354,199.72688780404457,179.37141990851705
1.73299999999992,125.72725677490234,125.66370614359174,0.7691721988388727,171.61771637567202,153.78180985870824
1.7339999999999198,125.71957397460938,125.66370614359174,0.7566432540583778,166.40235965807562,148.10254879875887
1.7349999999999197,125.71629333496094,125.66370614359174,0.7509251388084859,179.83758204716224,159.18970171513658
1.7359999999999196,125.71698760986328,125.66370614359174,0.7565227380441156,187.8476677696553,169.1635000617712
1.7369999999999195,125.70784759521484,125.66370614359174,0.7515976031412348,160.3884691459523,144.42503512677666
1.7379999999999194,125.69694519042969,125.66370614359174,0.7370088432018482,156.38792330455925,139.9777892837044
1.7389999999999193,125.6916275024414,125.66370614359174,0.7298152768587487,172.9544778458124,154.0189544140089
1.7399999999999192,125.69153594970703,125.66370614359174,0.735118190205056,184.70284457352187,167.14669710711286
1.740999999999919,125.6824722290039,125.66370614359174,0.7317543027159372,159.61534720059547,144.59668812310204
1.741999999999919,125.67243957519531,125.66370614359174,0.7187443436932169,157.94891966203122,142.12640628220797
1.7429999999999188,125.66922760009766,125.66370614359174,0.7143729480989225,178.02162618764612,159.28017823670396
1.7439999999999187,125.67234802246094,125.66370614359174,0.7232003141853927,192.95470793906856,175.1871346506806
1.7449999999999186,125.66704559326172,125.66370614359174,0.7233962948935382,169.5658902153424,154.02261602131983
1.7459999999999185,125.66104888916016,125.66370614359174,0.7142373721415747,168.9069030252428,152.2563146719755
1.7469999999999184,125.66201782226562,125.66370614359174,0.7139626798941342,189.61502552925165,169.75771508135557
1.7479999999999183,125.66973876953125,125.66370614359174,0.7268378027625103,205.78248599338465,186.76020254477436
1.7489999999999182,125.66888427734375,125.66370614359174,0.7302586681356337,182.11261972098367,165.18501763867633
1.749999999999918,125.66686248779297,125.66370614359174,0.724082881294973,180.34243810415379,162.26683429230317
1.750999999999918,125.6711654663086,125.66370614359174,0.7260203008310803,199.46228171801857,178.15484698858495
1.7519999999999178,125.68197631835938,125.66370614359174,0.7405042418508065,214.99755706077434,194.54901792585636
1.7529999999999177,125.68344116210938,125.66370614359174,0.7452906163415914,189.21524037344057,171.04875945143752
1.7539999999999176,125.68280029296875,125.66370614359174,0.7394276174913826,184.75716603172702,165.75280866792772
1.7549999999999175,125.6874771118164,125.66370614359174,0.7401579829157178,201.13605363566325,179.1305833870867
1.7559999999999174,125.69821166992188,125.66370614359174,0.7529283455995105,215.53754008323833,194.3571731477306
1.7569999999999173,125.69873046875,125.66370614359174,0.7572616982347397,187.19568592858963,168.70775422368033
1.7579999999999172,125.69627380371094,125.66370614359174,0.7493893896898293,180.0118028673968,161.20391961170864
1.758999999999917,125.69834899902344,125.66370614359174,0.746442462253436,194.10067674373997,172.60901466373448
1.759999999999917,125.70635223388672,125.66370614359174,0.7555551930206985,208.445962687798,187.5267439463053
1.7609999999999169,125.70374298095703,125.66370614359174,0.7587945476267446,178.65823843715938,160.83814441089504
1.7619999999999167,125.69779968261719,125.66370614359174,0.7482974534656004,170.1285627454709,152.45436564254896
1.7629999999999166,125.69619750976562,125.66370614359174,0.7414509459084364,183.52515542909828,163.36373900810764
1.7639999999999165,125.7010269165039,125.66370614359174,0.7472751885706432,199.58487036223514,179.53574417085457
1.7649999999999164,125.6954574584961,125.66370614359174,0.750114365558014,170.13217816418762,153.39032629542348
1.7659999999999163,125.68680572509766,125.66370614359174,0.7381537134831586,161.9940015383865,145.61824415006063
1.7669999999999162,125.68283081054688,125.66370614359174,0.7292314715993233,176.27197398067287,157.3717945680408
1.767999999999916,125.68624114990234,125.66370614359174,0.7339959432832246,195.2547369852634,175.95165631675465
1.768999999999916,125.67985534667969,125.66370614359174,0.7378934948604845,167.34424314056213,151.31465262223097
1.7699999999999159,125.67089080810547,125.66370614359174,0.7265243673921155,160.51014818374182,144.81043385927245
1.7709999999999158,125.66706848144531,125.66370614359174,0.7181038604666188,176.19246038307082,157.74211621077214
1.7719999999999156,125.6716079711914,125.66370614359174,0.7243909040214646,198.00882917243456,178.7559723730895
1.7729999999999155,125.66686248779297,125.66370614359174,0.7305885489576536,171.55187288624506,155.41751634144075
1.7739999999999154,125.65983581542969,125.66370614359174,0.7213671343865828,165.60644144292746,149.67108665341624
1.7749999999999153,125.65811920166016,125.66370614359174,0.7150134015463337,181.9424985244014,163.00805409715463
1.7759999999999152,125.66533660888672,125.66370614359174,0.7239435369822012,209.14215738722297,185.46945864334643
1.776999999999915,125.68012237548828,125.66370614359174,0.7489894683846122,226.51032455810272,204.52201235809497
1.777999999999915,125.68942260742188,125.66370614359174,0.7556096571796918,212.70985496434392,190.74892019130908
1.7789999999999149,125.70014190673828,125.66370614359174,0.7611127831817586,218.87195760097904,194.3492710763057
1.7799999999999148,125.71607208251953,125.66370614359174,0.7760745652126511,231.5958747134059,207.47548190968877
1.7809999999999147,125.71849822998047,125.66370614359174,0.7854657516629574,193.68824405348602,173.5239537912396
1.7819999999999145,125.71415710449219,125.66370614359174,0.7759168915798099,175.06142304427578,156.49477218086315
1.7829999999999144,125.71074676513672,125.66370614359174,0.763609913697101,178.94181366635544,158.83272897738033
1.7839999999999143,125.71328735351562,125.66370614359174,0.7623379325216434,197.28216497746573,173.8074193233705
1.7849999999999142,125.72084045410156,125.66370614359174,0.774794430314409,207.74404164357435,186.427176418412
1.785999999999914,125.72003173828125,125.66370614359174,0.7730626037084104,184.96588487769338,165.3788788297867
1.786999999999914,125.7183609008789,125.66370614359174,0.765524416604252,184.01236972040155,163.22906900605363
1.7879999999999139,125.72139739990234,125.66370614359174,0.7662491726318518,198.69537437274633,175.05930298884215
1.7889999999999138,125.7282485961914,125.66370614359174,0.7781088764696288,205.94070313292815,184.67636227301355
1.7899999999999137,125.72523498535156,125.66370614359174,0.775876351845866,178.80674345469413,159.85127630715496
1.7909999999999136,125.72006225585938,125.66370614359174,0.7654709406398278,174.01724186751431,154.42321844634102
1.7919999999999134,125.71910858154297,125.66370614359174,0.7619702821297257,187.0290611633544,165.02585167051038
1.7929999999999133,125.72175598144531,125.66370614359174,0.7692699437461787,193.93770933453862,174.09667486825106
1.7939999999999132,125.71416473388672,125.66370614359174,0.7649919943361514,165.40672475387333,148.3178798291336
1.794999999999913,125.70428466796875,125.66370614359174,0.7509634728668668,160.00649777493774,142.57746649870418
1.795999999999913,125.6993179321289,125.66370614359174,0.7437003435873927,174.6766309078715,154.9073259490193
1.796999999999913,125.69886016845703,125.66370614359174,0.7481657013126961,184.3925695666465,166.2428423266597
1.7979999999999128,125.68880462646484,125.66370614359174,0.7437054849869619,157.45058838052626,142.08583671074047
1.7989999999999127,125.67718505859375,125.66370614359174,0.7289755435882288,154.01648073002187,138.1601160322087
1.7999999999999126,125.67180633544922,125.66370614359174,0.7219493874670191,172.33136413920073,153.83177444374275
1.8009999999999124,125.67227172851562,125.66370614359174,0.7278125521964667,185.94382861795214,168.51230392673463
1.8019999999999123,125.66400146484375,125.66370614359174,0.7259068227696285,161.50362128305744,146.5646536349146
1.8029999999999122,125.65489196777344,125.66370614359174,0.7140230163505074,160.20186679370508,144.41966552535212
1.8039999999999121,125.65274047851562,125.66370614359174,0.7106360315514765,180.743260072094,161.91600105027348
1.804999999999912,125.65740203857422,125.66370614359174,0.7207612670664831,197.11591661850352,179.03393776526445
1.805999999999912,125.6537094116211,125.66370614359174,0.7226561338908418,173.93975810567585,158.04454780755697
1.8069999999999118,125.64923858642578,125.66370614359174,0.7148476411394199,173.07339170885308,156.07310504229739
1.8079999999999117,125.65157318115234,125.66370614359174,0.7154919264010015,193.46116820498946,173.18027739519184
1.8089999999999116,125.66090393066406,125.66370614359174,0.7293844033330142,210.36711039458433,190.77782152962232
1.8099999999999115,125.6614761352539,125.66370614359174,0.734109495418679,186.21567204271375,168.77233040047807
1.8109999999999113,125.66057586669922,125.66370614359174,0.7286523449241058,183.55145139319868,165.07032342771708
1.8119999999999112,125.6656265258789,125.66370614359174,0.7305709004895181,201.73101230302282,180.03658706258938
1.8129999999999111,125.67725372314453,125.66370614359174,0.7450395641627602,217.52354358176638,196.5699042333547
1.813999999999911,125.67920684814453,125.66370614359174,0.7504583880355596,190.79462697599922,172.2768401918026
1.814999999999911,125.67864990234375,125.66370614359174,0.7443999737010125,185.08815969394803,165.95136204659136
1.8159999999999108,125.68299102783203,125.66370614359174,0.7440208765375685,200.3308141203031,178.28400397117127
1.8169999999999107,125.69344329833984,125.66370614359174,0.7557610373323218,215.04005648350343,193.6491948044335
1.8179999999999106,125.69342041015625,125.66370614359174,0.7602575759555656,185.81555727824127,167.31933022676063
1.8189999999999105,125.6900863647461,125.66370614359174,0.7516153000308562,177.57158613980081,159.01333357183037
1.8199999999999104,125.69100952148438,125.66370614359174,0.7469985562783262,190.84234431728174,169.70041353780658
1.8209999999999102,125.69808197021484,125.66370614359174,0.7546761746272465,205.99327354049913,185.17005230065712
1.8219999999999101,125.6944580078125,125.66370614359174,0.7580437557372268,175.8277050613985,158.27625337239184
1.82299999999991,125.68738555908203,125.66370614359174,0.74680746658968,166.79153992921906,149.59751350121613
1.82399999999991,125.68457794189453,125.66370614359174,0.7384886561444882,179.93939044866096,160.30434816075208
1.8249999999999098,125.6886215209961,125.66370614359174,0.7432389000283437,197.3715149217194,177.5384236760919
1.8259999999999097,125.68238067626953,125.66370614359174,0.7465628375551846,168.1130332070579,151.68067340138808
1.8269999999999096,125.67310333251953,125.66370614359174,0.7344049860056808,159.98518358362705,144.03879482432615
1.8279999999999095,125.66856384277344,125.66370614359174,0.7247715808616096,174.43438634393246,155.9321879391702
1.8289999999999094,125.67194366455078,125.66370614359174,0.7293260420706631,198.65970343892403,175.83231596561205
1.8299999999999093,125.68209075927734,125.66370614359174,0.749945183795213,213.6455610831655,192.86843025924213
1.8309999999999091,125.68666076660156,125.66370614359174,0.7524593790113252,199.38266884421478,178.8595377061768
1.831999999999909,125.69287109375,125.66370614359174,0.7541672329216645,205.78023920531632,182.99600116345928
1.832999999999909,125.70414733886719,125.66370614359174,0.7652874575507129,218.14472822758387,195.7531634008104
1.8339999999999088,125.7024154663086,125.66370614359174,0.771949417458853,181.4962422559892,163.04244667588137
1.8349999999999087,125.69474029541016,125.66370614359174,0.76027235370726,165.11432525075858,148.0922153748745
1.8359999999999086,125.68901824951172,125.66370614359174,0.7469998905650015,171.6782648398643,152.98422012962584
1.8369999999999085,125.68976593017578,125.66370614359174,0.7455127974963613,191.50181736208432,169.2571268708459
1.8379999999999084,125.69612884521484,125.66370614359174,0.7587840164085324,203.52709667159263,183.38964211318583
1.8389999999999083,125.69523620605469,125.66370614359174,0.7571392609436659,183.99137669170872,165.1412023217585
1.8399999999999082,125.69464111328125,125.66370614359174,0.7514494401117254,186.3034392951372,165.88890323065226
1.840999999999908,125.69924926757812,125.66370614359174,0.7549136666382197,202.58733702828115,178.98779824349268
1.841999999999908,125.7081298828125,125.66370614359174,0.7700451129869339,210.87289561422315,189.7274184176144
1.8429999999999078,125.70796966552734,125.66370614359174,0.7691199634613773,186.3603818939555,166.99571518038337
1.8439999999999077,125.70639038085938,125.66370614359174,0.7619030529969184,183.8482185803555,163.43833648945116
1.8449999999999076,125.70902252197266,125.66370614359174,0.7622510051996008,197.10180411715461,174.01776874673914
1.8459999999999075,125.7151107788086,125.66370614359174,0.7732644739567748,203.31952943324447,182.72620885454614
1.8469999999999074,125.71114349365234,125.66370614359174,0.770032171498789,175.66457769816924,157.4418018934347
1.8479999999999073,125.70499420166016,125.66370614359174,0.7585894597274832,170.73655425470182,151.9409980093659
1.8489999999999072,125.7031021118164,125.66370614359174,0.7540852276187433,183.83382591418493,162.64904415046456
1.849999999999907,125.7049789428711,125.66370614359174,0.760683683388086,191.19407723342633,172.12292635748258
1.850999999999907,125.69690704345703,125.66370614359174,0.755896717735337,163.5067353693147,147.10135065717944
1.8519999999999068,125.68693542480469,125.66370614359174,0.7417543542411734,159.17613183900596,142.314649195921
1.8529999999999067,125.68223571777344,125.66370614359174,0.7349017637347779,174.89325162433047,155.55282404927806
1.8539999999999066,125.68243408203125,125.66370614359174,0.7402506544502944,185.65371086570238,167.85550338218312
1.8549999999999065,125.67345428466797,125.66370614359174,0.7363893845747013,160.01504457619103,144.7889239152082
1.8559999999999064,125.66332244873047,125.66370614359174,0.7229595825326632,157.830969682833,141.8774625169115
1.8569999999999063,125.65972137451172,125.66370614359174,0.7179108575368292,177.0445058696742,158.26287675978688
1.8579999999999062,125.66217041015625,125.66370614359174,0.7259075566891471,191.19185369608607,173.49412005152806
1.858999999999906,125.65608978271484,125.66370614359174,0.7251918355191607,167.4588310472863,152.04598261012282
1.859999999999906,125.6492691040039,125.66370614359174,0.7151387675186419,166.64308114922224,150.16977342329204
1.8609999999999058,125.6494140625,125.66370614359174,0.71402679081662,187.2935563029902,167.67417487954455
1.8619999999999057,125.65620422363281,125.66370614359174,0.7260502953764786,203.12695253888342,184.39169278484533
1.8629999999999056,125.65445709228516,125.66370614359174,0.7287049368484543,179.5567057252745,162.93275237094429
1.8639999999999055,125.65167236328125,125.66370614359174,0.7218958755946298,178.09066844498537,160.3085312801697
1.8649999999999054,125.65535736083984,125.66370614359174,0.7234516240356834,197.60240872424723,176.59080926597127
1.8659999999999053,125.66560363769531,125.66370614359174,0.7376539587017411,213.209358871348,193.07160460604877
1.8669999999999052,125.66666412353516,125.66370614359174,0.7420989976919993,187.91499701700937,170.0073601348213
1.867999999999905,125.66583251953125,125.66370614359174,0.7361923182926623,184.0881682457996,165.257313039437
1.868999999999905,125.6705551147461,125.66370614359174,0.7372774794988576,201.09190665671827,179.20676307236135
1.8699999999999048,125.68140411376953,125.66370614359174,0.7504821875225376,215.65820168587362,194.62852123413913
1.8709999999999047,125.6822280883789,125.66370614359174,0.754860339749867,187.87772883711324,169.4435062285508
1.8719999999999046,125.68026733398438,125.66370614359174,0.7474267847833523,181.30778883905913,162.42727450298344
1.8729999999999045,125.68301391601562,125.66370614359174,0.7453394376179341,195.9017291699047,174.26688393826998
1.8739999999999044,125.69168090820312,125.66370614359174,0.7552870771879167,210.1650860928855,189.18120698966615
1.8749999999999043,125.68982696533203,125.66370614359174,0.7586988181899251,180.6764621678158,162.69979588168553
1.8759999999999042,125.68470764160156,125.66370614359174,0.748751423410534,172.44274508387926,154.50167759455752
1.876999999999904,125.68396759033203,125.66370614359174,0.7427827390349054,185.9862851102828,165.51552121536994
1.877999999999904,125.68952178955078,125.66370614359174,0.7493362889953438,201.58415348874246,181.34643344386993
1.8789999999999039,125.68463134765625,125.66370614359174,0.7521884822518758,172.0400825699529,155.06386279279172
1.8799999999999037,125.67658996582031,125.66370614359174,0.7405061577036711,163.82048937734214,147.1564256614873
1.8809999999999036,125.67316436767578,125.66370614359174,0.7320389511424589,177.90994025484184,158.73089057569206
1.8819999999999035,125.67689514160156,125.66370614359174,0.7370212331248776,196.19123237324874,176.73724259722513
1.8829999999999034,125.67069244384766,125.66370614359174,0.7406103872456594,167.9415230954595,151.76817347784865
1.8839999999999033,125.66181182861328,125.66370614359174,0.7290632912060583,160.84397255521492,145.0020641268986
1.8849999999999032,125.6579818725586,125.66370614359174,0.720528214900503,176.24258672105046,157.69966132452123
1.885999999999903,125.66228485107422,125.66370614359174,0.7264674241107305,197.40618871304915,178.1593053849194
1.886999999999903,125.6572036743164,125.66370614359174,0.7320994812714564,170.65071008186007,154.55352409149694
1.8879999999999029,125.64978790283203,125.66370614359174,0.7223787383731095,164.55148325709652,148.67243362690618
1.8889999999999028,125.64765930175781,125.66370614359174,0.7155962480008541,180.78392183890205,161.95733533775987
1.8899999999999026,125.65433502197266,125.66370614359174,0.7239699690728112,203.88183846109888,184.0966624448353
1.8909999999999025,125.65179443359375,125.66370614359174,0.7320581799902137,177.67905990150635,160.9391089040555
1.8919999999999024,125.6468505859375,125.66370614359174,0.7245123392077145,171.45018284142427,154.88401816544723
1.8929999999999023,125.64697265625,125.66370614359174,0.7194505155635385,187.25398780629473,167.6061895123604
1.8939999999999022,125.65608978271484,125.66370614359174,0.7296689982673155,214.6694922452735,190.23372855184118
1.894999999999902,125.6727523803711,125.66370614359174,0.7555599042009229,232.01787215645035,209.22011777530756
1.895999999999902,125.68350982666016,125.66370614359174,0.7630799935318058,217.06027197859152,194.4043018342514
1.8969999999999019,125.69517517089844,125.66370614359174,0.7687152401587702,221.88810957122374,196.71172735978138
1.8979999999999018,125.71188354492188,125.66370614359174,0.7836228022031573,234.24233626062767,209.41906060895965
1.8989999999999017,125.714599609375,125.66370614359174,0.7934767870439073,194.92170701675678,174.25394137260625
1.8999999999999015,125.70997619628906,125.66370614359174,0.78353638382219,174.57150409454437,155.7875106339905
1.9009999999999014,125.70571899414062,125.66370614359174,0.7698116084862061,176.80404553038304,156.6880431880003
1.9019999999999013,125.70728302001953,125.66370614359174,0.7667516577849027,194.66416218179435,171.3431436306226
1.9029999999999012,125.71377563476562,125.66370614359174,0.7772962989781966,205.0234974022271,183.74640990795814
1.903999999999901,125.7115478515625,125.66370614359174,0.7749553005450152,181.0861578242171,161.8131276400837
1.904999999999901,125.7081527709961,125.66370614359174,0.7657981476159879,179.16124486095117,158.86678017253934
1.9059999999999009,125.7096176147461,125.66370614359174,0.7647350887075243,194.1409124121052,171.09186098899772
1.9069999999999008,125.71511840820312,125.66370614359174,0.7749593230125478,202.14455279724996,181.24082509627678
1.9079999999999007,125.71068572998047,125.66370614359174,0.7725548389206252,174.69462216372503,156.27735141479832
1.9089999999999006,125.70406341552734,125.66370614359174,0.7611662095942809,169.74207736152496,150.75960932097306
1.9099999999999004,125.70207977294922,125.66370614359174,0.7567169311896781,183.8045959014915,162.40947098052538
1.9109999999999003,125.70413970947266,125.66370614359174,0.7633380552251119,192.0977095547851,172.5806824615046
1.9119999999999002,125.69608306884766,125.66370614359174,0.7596304453236715,163.8403511530207,147.1362205998918
1.9129999999999001,125.68584442138672,125.66370614359174,0.7456112617052599,158.71526666943078,141.63660448093702
1.9139999999999,125.6810073852539,125.66370614359174,0.7385564021972433,174.70378927928107,155.2051370365537
1.9149999999999,125.68113708496094,125.66370614359174,0.743435315967243,185.82845738110584,167.69372032722646
1.9159999999998998,125.6717758178711,125.66370614359174,0.7401841949020317,159.16092058722433,143.80697184858752
1.9169999999998997,125.6608657836914,125.66370614359174,0.7262525103193588,155.7741909023988,139.91285032212147
1.9179999999998996,125.65631103515625,125.66370614359174,0.7198830276918748,174.45904217160412,155.88141383546886
1.9189999999998995,125.65794372558594,125.66370614359174,0.7265393361158936,189.13121687629075,171.42561593473295
1.9199999999998993,125.65081787109375,125.66370614359174,0.7259393126791683,164.61425768591235,149.41314570073007
1.9209999999998992,125.6427001953125,125.66370614359174,0.7149145779881574,162.90057063790172,146.90821958788067
1.9219999999998991,125.641357421875,125.66370614359174,0.7118841594624715,182.9945365134112,163.93132470859248
1.922999999999899,125.64703369140625,125.66370614359174,0.7224510377212562,200.02172529984188,181.55377917532388
1.923999999999899,125.6441879272461,125.66370614359174,0.725309303210023,176.3747781148186,160.16811257171577
1.9249999999998988,125.64030456542969,125.66370614359174,0.7178562117948775,174.72455157661082,157.5362160264608
1.9259999999998987,125.64293670654297,125.66370614359174,0.7181703860494845,194.3575800977377,173.9124870515082
1.9269999999998986,125.6526870727539,125.66370614359174,0.7318285126757337,211.70699729083194,191.81099135807756
1.9279999999998985,125.6534652709961,125.66370614359174,0.7370834553459193,186.88905352568386,169.27214116947084
1.9289999999998984,125.65248107910156,125.66370614359174,0.7314079669430169,183.3155697145797,164.84401386590386
1.9299999999998982,125.65715789794922,125.66370614359174,0.7323458044317562,200.71637509788349,179.0851078744474
1.9309999999998981,125.66856384277344,125.66370614359174,0.7460341556553372,217.06596014767297,195.99634708262806
1.931999999999898,125.6701431274414,125.66370614359174,0.7517474401286273,189.79352264548197,171.311747570563
1.932999999999898,125.66899108886719,125.66370614359174,0.7452014812703663,183.36420438801377,164.45854447847142
1.9339999999998978,125.67255401611328,125.66370614359174,0.7436195473000167,198.0789406668928,176.31012048647796
1.9349999999998977,125.6824951171875,125.66370614359174,0.754465641804777,213.68173512008406,192.33718068881657
1.9359999999998976,125.68192291259766,125.66370614359174,0.7593174694930871,184.25090049182722,165.92613662389394
1.9369999999998975,125.67796325683594,125.66370614359174,0.7503136195719905,175.63192607949333,157.40425112226242
1.9379999999998974,125.67817687988281,125.66370614359174,0.7447326673205954,188.70927068321606,167.91028483399674
1.9389999999998973,125.68492889404297,125.66370614359174,0.7518152339204949,205.07061702399935,184.32708999882973
1.9399999999998971,125.68104553222656,125.66370614359174,0.7557983421837029,175.0134946957711,157.61800727652596
1.940999999999897,125.67372131347656,125.66370614359174,0.7445731669604755,165.86950691607174,148.93648747110643
1.941999999999897,125.67064666748047,125.66370614359174,0.7357738120463497,179.01568465156222,159.61632429564332
1.9429999999998968,125.67484283447266,125.66370614359174,0.7404168459217897,197.7519911264793,177.89802502379243
1.9439999999998967,125.6688461303711,125.66370614359174,0.7446404428317577,168.6984671210613,152.2844700648448
1.9449999999998966,125.65982055664062,125.66370614359174,0.7328669936789685,160.48721743014752,144.62960641345322
1.9459999999998965,125.65547943115234,125.66370614359174,0.7231683476394699,174.87540552606367,156.42036684323773
1.9469999999998964,125.659423828125,125.66370614359174,0.7279765294956791,200.0963031695422,177.24008445473774
1.9479999999998963,125.67046356201172,125.66370614359174,0.748992077820802,216.10641992795158,195.09527211651547
1.9489999999998961,125.67587280273438,125.66370614359174,0.7525435966664995,201.66249356243577,180.94901765370702
1.949999999999896,125.68278503417969,125.66370614359174,0.7547592413649372,207.77838607332504,184.7424632243283
1.950999999999896,125.69500732421875,125.66370614359174,0.7665538169207888,220.88930617649297,198.09377207545782
1.9519999999998958,125.694091796875,125.66370614359174,0.7743272842784767,183.88646392388503,165.09391967790273
1.9529999999998957,125.6869888305664,125.66370614359174,0.763167563505948,166.7546069690241,149.52066112063196
1.9539999999998956,125.68153381347656,125.66370614359174,0.7497310677026398,172.51955112091852,153.65822378087523
1.9549999999998955,125.68266296386719,125.66370614359174,0.7480257826017432,192.58825633593423,170.20006477033527
1.9559999999998954,125.68949127197266,125.66370614359174,0.7609586023269167,204.95147236093518,184.53283824045792
1.9569999999998953,125.68878173828125,125.66370614359174,0.7597613082790018,184.5752056754559,165.59596373851863
1.9579999999998952,125.68804931640625,125.66370614359174,0.75372409383154,186.01897167803088,165.53777097643658
1.958999999999895,125.692626953125,125.66370614359174,0.7567587244178895,202.49890790870936,178.88180219489988
1.959999999999895,125.70155334472656,125.66370614359174,0.7713264483304169,211.13608680325473,189.8280699140242
1.9609999999998948,125.701171875,125.66370614359174,0.7707342005700591,185.80609247436584,166.44649161459134
1.9619999999998947,125.69908905029297,125.66370614359174,0.7630151396805537,182.482596253654,162.15549217538904
1.9629999999998946,125.70135498046875,125.66370614359174,0.7627514657442923,196.0365671779433,173.0897533169147
1.9639999999998945,125.70721435546875,125.66370614359174,0.77307057975492,202.77917191622672,182.14417583690923
1.9649999999998944,125.70282745361328,125.66370614359174,0.7701828087490886,174.47976128301303,156.37330775823915
1.9659999999998943,125.69603729248047,125.66370614359174,0.7582625533320607,168.92015599569118,150.31502664262888
1.9669999999998942,125.6937255859375,125.66370614359174,0.7531646073201538,182.52453371445282,161.56640551724797
1.967999999999894,125.69538879394531,125.66370614359174,0.7591525308866387,190.63070171785705,171.5764475107453
1.968999999999894,125.6869888305664,125.66370614359174,0.7548482536008506,162.5174076803251,146.25768386632947
1.9699999999998938,125.6765365600586,125.66370614359174,0.7404228277664132,157.74527603175358,141.08010834454888
1.9709999999998937,125.67162322998047,125.66370614359174,0.7332125563630305,174.1424893467023,155.00547461528424
1.9719999999998936,125.67186737060547,125.66370614359174,0.7382284480749092,185.77142411771845,167.96112279963768
1.9729999999998935,125.66285705566406,125.66370614359174,0.7350436646640399,159.83434388381784,144.69463605719562
1.9739999999998934,125.6525650024414,125.66370614359174,0.7215926829670285,157.23309364380935,141.44505095951268
1.9749999999998933,125.64886474609375,125.66370614359174,0.7162085525505135,176.64615313630415,158.02586503001956
1.9759999999998932,125.65152740478516,125.66370614359174,0.7240231687566293,191.75281943624884,174.00157869317135
1.976999999999893,125.6456069946289,125.66370614359174,0.724068269374688,167.82073018900837,152.43509964370764
1.977999999999893,125.63883209228516,125.66370614359174,0.714137095167595,166.5929173338144,150.26322775408516
1.9789999999998928,125.63890075683594,125.66370614359174,0.7125755228200665,186.96422754993205,167.47471672709753
1.9799999999998927,125.64595794677734,125.66370614359174,0.7244790738046553,203.84530953121845,185.0224816828589
1.9809999999998926,125.64445495605469,125.66370614359174,0.7279233549172258,180.16685050895066,163.52675309245188
1.9819999999998925,125.64180755615234,125.66370614359174,0.721303388849669,178.34898577329992,160.65640214913054
1.9829999999998924,125.6455307006836,125.66370614359174,0.7225081682850678,197.61294863573764,176.66271670508507
1.9839999999998923,125.65613555908203,125.66370614359174,0.7367113942825146,214.2509476273628,193.96453698603577
1.9849999999998922,125.65753173828125,125.66370614359174,0.7419905227226721,188.83013571524705,170.8447306823727
1.985999999999892,125.65692901611328,125.66370614359174,0.736317761875965,184.6034889697267,165.8036006555778
1.986999999999892,125.66173553466797,125.66370614359174,0.7370747665612064,201.2866201304973,179.40977358266346
1.9879999999998919,125.67296600341797,125.66370614359174,0.7502581493540305,216.797326316508,195.57262510921845
1.9889999999998917,125.67411804199219,125.66370614359174,0.7554459399048793,188.8010729707848,170.25423587814322
1.9899999999998916,125.67233276367188,125.66370614359174,0.7481923614603821,181.73102599096467,162.86263125437398
1.9909999999998915,125.67508697509766,125.66370614359174,0.7456757343514778,195.89728770507398,174.2727852480449
1.9919999999998914,125.68403625488281,125.66370614359174,0.755438177196059,211.0294113705923,189.84961157190526
1.9929999999998913,125.68236541748047,125.66370614359174,0.7595844194154219,181.24858084320013,163.17385681325428
1.9939999999998912,125.6772689819336,125.66370614359174,0.7497029609247571,172.44697834759404,154.55053056587633
1.994999999999891,125.67637634277344,125.66370614359174,0.7431477340114481,185.50409577048777,165.0982090327943
1.995999999999891,125.6820297241211,125.66370614359174,0.7493163675724853,201.96590696162488,181.5744265735218
1.9969999999998909,125.67715454101562,125.66370614359174,0.7528286643004005,172.12973386292694,155.10634296698336
1.9979999999998908,125.66897583007812,125.66370614359174,0.7411120826457706,163.35785677271787,146.7974049497831
1.9989999999998906,125.66523742675781,125.66370614359174,0.7319418983696098,176.98842821680336,157.94264642726722
1.9999999999998905,125.66893768310547,125.66370614359174,0.7364260673298202,196.200335763316,176.64712851340897
